<gpx xmlns:onx="https://wwww.onxmaps.com/" xmlns="http://www.topografix.com/GPX/1/1" xmlns:xsi="http://www.w3.org/2001/XMLSchema-instance" xsi:schemaLocation="http://www.topografix.com/GPX/1/1 http://www.topografix.com/GPX/1/1/gpx.xsd" version="1.1" creator="onXmaps backcountry web"><metadata/><trk><name>Enchantments and Dragontail</name><desc>name=Enchantments and Dragontail
notes=
id=8aec87d2-2dd2-4da1-90a7-66e2b1d0ac1c
color=rgba(0,255,255,1)
style=dash
weight=4.0</desc><extensions><onx:color>rgba(0,255,255,1)</onx:color><onx:style>dash</onx:style><onx:weight>4.0</onx:weight></extensions><trkseg><trkpt lat="47.527882" lon="-120.820671"><ele>936.140381</ele><time>2026-07-29T12:07:28.636Z</time></trkpt><trkpt lat="47.52787" lon="-120.820786"><ele>1037.109253</ele><time>2026-07-29T12:07:44.065Z</time></trkpt><trkpt lat="47.527771" lon="-120.820862"><ele>1035.699219</ele><time>2026-07-29T12:07:54.076Z</time></trkpt><trkpt lat="47.527718" lon="-120.821014"><ele>1034.636597</ele><time>2026-07-29T12:08:00.080Z</time></trkpt><trkpt lat="47.527634" lon="-120.820999"><ele>1037.979004</ele><time>2026-07-29T12:08:15.076Z</time></trkpt><trkpt lat="47.527603" lon="-120.820953"><ele>1037.625244</ele><time>2026-07-29T12:08:26.079Z</time></trkpt><trkpt lat="47.527561" lon="-120.82093"><ele>1037.821533</ele><time>2026-07-29T12:08:30.080Z</time></trkpt><trkpt lat="47.527538" lon="-120.820885"><ele>1040.913696</ele><time>2026-07-29T12:08:34.083Z</time></trkpt><trkpt lat="47.527458" lon="-120.820877"><ele>1039.625</ele><time>2026-07-29T12:08:40.080Z</time></trkpt><trkpt lat="47.527359" lon="-120.820892"><ele>1043.185181</ele><time>2026-07-29T12:08:48.083Z</time></trkpt><trkpt lat="47.527313" lon="-120.820976"><ele>1044.044312</ele><time>2026-07-29T12:08:52.080Z</time></trkpt><trkpt lat="47.52718" lon="-120.821075"><ele>1045.890015</ele><time>2026-07-29T12:09:31.079Z</time></trkpt><trkpt lat="47.527153" lon="-120.821144"><ele>1046.100708</ele><time>2026-07-29T12:09:34.084Z</time></trkpt><trkpt lat="47.527035" lon="-120.821259"><ele>1047.512573</ele><time>2026-07-29T12:09:46.082Z</time></trkpt><trkpt lat="47.526863" lon="-120.82148"><ele>1049.290161</ele><time>2026-07-29T12:09:52.079Z</time></trkpt><trkpt lat="47.526783" lon="-120.821503"><ele>1052.40918</ele><time>2026-07-29T12:09:59.080Z</time></trkpt><trkpt lat="47.526691" lon="-120.821579"><ele>1054.483032</ele><time>2026-07-29T12:10:03.083Z</time></trkpt><trkpt lat="47.526657" lon="-120.821587"><ele>1054.95105</ele><time>2026-07-29T12:10:06.083Z</time></trkpt><trkpt lat="47.526485" lon="-120.821701"><ele>1053.460938</ele><time>2026-07-29T12:10:11.082Z</time></trkpt><trkpt lat="47.526344" lon="-120.821701"><ele>1056.11377</ele><time>2026-07-29T12:10:14.080Z</time></trkpt><trkpt lat="47.526104" lon="-120.821739"><ele>1058.710205</ele><time>2026-07-29T12:10:22.082Z</time></trkpt><trkpt lat="47.526066" lon="-120.821762"><ele>1059.98938</ele><time>2026-07-29T12:10:27.085Z</time></trkpt><trkpt lat="47.525898" lon="-120.8218"><ele>1057.212646</ele><time>2026-07-29T12:10:30.083Z</time></trkpt><trkpt lat="47.525837" lon="-120.821846"><ele>1056.827515</ele><time>2026-07-29T12:10:34.084Z</time></trkpt><trkpt lat="47.525761" lon="-120.821861"><ele>1057.384521</ele><time>2026-07-29T12:10:42.082Z</time></trkpt><trkpt lat="47.525734" lon="-120.821915"><ele>1059.17688</ele><time>2026-07-29T12:10:45.082Z</time></trkpt><trkpt lat="47.525581" lon="-120.822006"><ele>1059.94458</ele><time>2026-07-29T12:10:51.080Z</time></trkpt><trkpt lat="47.525505" lon="-120.822006"><ele>1060.884521</ele><time>2026-07-29T12:10:54.079Z</time></trkpt><trkpt lat="47.525417" lon="-120.822029"><ele>1061.690674</ele><time>2026-07-29T12:11:07.084Z</time></trkpt><trkpt lat="47.525387" lon="-120.822052"><ele>1061.268677</ele><time>2026-07-29T12:11:13.083Z</time></trkpt><trkpt lat="47.525272" lon="-120.822029"><ele>1061.921265</ele><time>2026-07-29T12:11:17.080Z</time></trkpt><trkpt lat="47.525181" lon="-120.822174"><ele>1059.52832</ele><time>2026-07-29T12:11:29.082Z</time></trkpt><trkpt lat="47.525063" lon="-120.822235"><ele>1061.549561</ele><time>2026-07-29T12:11:32.077Z</time></trkpt><trkpt lat="47.525051" lon="-120.822304"><ele>1061.18689</ele><time>2026-07-29T12:11:40.075Z</time></trkpt><trkpt lat="47.525009" lon="-120.822388"><ele>1063.295898</ele><time>2026-07-29T12:11:43.079Z</time></trkpt><trkpt lat="47.52494" lon="-120.822464"><ele>1061.725586</ele><time>2026-07-29T12:11:56.082Z</time></trkpt><trkpt lat="47.524895" lon="-120.822433"><ele>1060.090332</ele><time>2026-07-29T12:12:00.079Z</time></trkpt><trkpt lat="47.524807" lon="-120.822433"><ele>1061.028198</ele><time>2026-07-29T12:12:04.080Z</time></trkpt><trkpt lat="47.524574" lon="-120.822609"><ele>1064.863892</ele><time>2026-07-29T12:12:09.079Z</time></trkpt><trkpt lat="47.524208" lon="-120.822609"><ele>1068.106934</ele><time>2026-07-29T12:12:14.076Z</time></trkpt><trkpt lat="47.524078" lon="-120.82267"><ele>1067.884644</ele><time>2026-07-29T12:12:24.079Z</time></trkpt><trkpt lat="47.524036" lon="-120.82267"><ele>1069.445801</ele><time>2026-07-29T12:12:26.078Z</time></trkpt><trkpt lat="47.523731" lon="-120.822502"><ele>1079.038696</ele><time>2026-07-29T12:12:29.082Z</time></trkpt><trkpt lat="47.523689" lon="-120.822464"><ele>1076.611328</ele><time>2026-07-29T12:12:32.080Z</time></trkpt><trkpt lat="47.523613" lon="-120.82254"><ele>1079.291992</ele><time>2026-07-29T12:12:35.079Z</time></trkpt><trkpt lat="47.523567" lon="-120.822563"><ele>1077.910767</ele><time>2026-07-29T12:12:39.079Z</time></trkpt><trkpt lat="47.523319" lon="-120.822861"><ele>1085.938843</ele><time>2026-07-29T12:12:42.080Z</time></trkpt><trkpt lat="47.523228" lon="-120.822891"><ele>1085.272705</ele><time>2026-07-29T12:12:58.080Z</time></trkpt><trkpt lat="47.523197" lon="-120.822922"><ele>1081.584717</ele><time>2026-07-29T12:13:02.080Z</time></trkpt><trkpt lat="47.523102" lon="-120.823029"><ele>1083.577759</ele><time>2026-07-29T12:13:06.080Z</time></trkpt><trkpt lat="47.52306" lon="-120.823112"><ele>1078.555054</ele><time>2026-07-29T12:13:12.083Z</time></trkpt><trkpt lat="47.522976" lon="-120.823212"><ele>1082.485352</ele><time>2026-07-29T12:13:16.078Z</time></trkpt><trkpt lat="47.522911" lon="-120.823227"><ele>1083.598389</ele><time>2026-07-29T12:13:22.080Z</time></trkpt><trkpt lat="47.522915" lon="-120.823341"><ele>1081.891235</ele><time>2026-07-29T12:13:30.083Z</time></trkpt><trkpt lat="47.5228" lon="-120.82341"><ele>1086.776367</ele><time>2026-07-29T12:13:42.080Z</time></trkpt><trkpt lat="47.522751" lon="-120.823418"><ele>1085.496338</ele><time>2026-07-29T12:13:54.080Z</time></trkpt><trkpt lat="47.522526" lon="-120.823334"><ele>1087.853027</ele><time>2026-07-29T12:13:58.079Z</time></trkpt><trkpt lat="47.522404" lon="-120.823257"><ele>1094.648438</ele><time>2026-07-29T12:14:06.080Z</time></trkpt><trkpt lat="47.522343" lon="-120.823128"><ele>1094.110718</ele><time>2026-07-29T12:14:16.078Z</time></trkpt><trkpt lat="47.52227" lon="-120.823135"><ele>1093.795288</ele><time>2026-07-29T12:14:23.079Z</time></trkpt><trkpt lat="47.522205" lon="-120.823112"><ele>1094.494141</ele><time>2026-07-29T12:14:29.080Z</time></trkpt><trkpt lat="47.522076" lon="-120.82312"><ele>1098.691162</ele><time>2026-07-29T12:14:33.077Z</time></trkpt><trkpt lat="47.521915" lon="-120.823212"><ele>1099.609863</ele><time>2026-07-29T12:14:42.078Z</time></trkpt><trkpt lat="47.521851" lon="-120.823227"><ele>1102.347046</ele><time>2026-07-29T12:14:59.078Z</time></trkpt><trkpt lat="47.52182" lon="-120.823326"><ele>1100.826294</ele><time>2026-07-29T12:15:05.082Z</time></trkpt><trkpt lat="47.521751" lon="-120.823334"><ele>1102.559082</ele><time>2026-07-29T12:15:08.078Z</time></trkpt><trkpt lat="47.521721" lon="-120.823303"><ele>1101.917358</ele><time>2026-07-29T12:15:15.078Z</time></trkpt><trkpt lat="47.521469" lon="-120.823326"><ele>1109.928833</ele><time>2026-07-29T12:15:20.076Z</time></trkpt><trkpt lat="47.52142" lon="-120.82328"><ele>1106.306152</ele><time>2026-07-29T12:15:25.083Z</time></trkpt><trkpt lat="47.521294" lon="-120.82341"><ele>1109.861694</ele><time>2026-07-29T12:15:37.080Z</time></trkpt><trkpt lat="47.521217" lon="-120.82341"><ele>1111.521606</ele><time>2026-07-29T12:15:43.078Z</time></trkpt><trkpt lat="47.521126" lon="-120.823471"><ele>1110.480347</ele><time>2026-07-29T12:15:48.079Z</time></trkpt><trkpt lat="47.521065" lon="-120.823479"><ele>1112.697021</ele><time>2026-07-29T12:15:52.079Z</time></trkpt><trkpt lat="47.521" lon="-120.823448"><ele>1111.774658</ele><time>2026-07-29T12:15:57.080Z</time></trkpt><trkpt lat="47.520981" lon="-120.823486"><ele>1113.393188</ele><time>2026-07-29T12:16:00.080Z</time></trkpt><trkpt lat="47.52092" lon="-120.823517"><ele>1112.411377</ele><time>2026-07-29T12:16:16.085Z</time></trkpt><trkpt lat="47.520851" lon="-120.823479"><ele>1111.877808</ele><time>2026-07-29T12:16:28.080Z</time></trkpt><trkpt lat="47.520767" lon="-120.823357"><ele>1112.460815</ele><time>2026-07-29T12:16:33.080Z</time></trkpt><trkpt lat="47.520691" lon="-120.823372"><ele>1117.088257</ele><time>2026-07-29T12:16:38.080Z</time></trkpt><trkpt lat="47.520611" lon="-120.823273"><ele>1119.937744</ele><time>2026-07-29T12:16:56.080Z</time></trkpt><trkpt lat="47.52058" lon="-120.823257"><ele>1124.722412</ele><time>2026-07-29T12:17:06.080Z</time></trkpt><trkpt lat="47.520485" lon="-120.823303"><ele>1127.771729</ele><time>2026-07-29T12:17:25.083Z</time></trkpt><trkpt lat="47.520432" lon="-120.823387"><ele>1125.204102</ele><time>2026-07-29T12:17:31.085Z</time></trkpt><trkpt lat="47.520229" lon="-120.823486"><ele>1117.71167</ele><time>2026-07-29T12:17:46.080Z</time></trkpt><trkpt lat="47.520088" lon="-120.823509"><ele>1117.189209</ele><time>2026-07-29T12:17:49.086Z</time></trkpt><trkpt lat="47.52005" lon="-120.82354"><ele>1118.57959</ele><time>2026-07-29T12:17:52.080Z</time></trkpt><trkpt lat="47.519943" lon="-120.823555"><ele>1117.473999</ele><time>2026-07-29T12:17:59.082Z</time></trkpt><trkpt lat="47.519878" lon="-120.823586"><ele>1118.432983</ele><time>2026-07-29T12:18:03.080Z</time></trkpt><trkpt lat="47.519852" lon="-120.823616"><ele>1117.209595</ele><time>2026-07-29T12:18:10.080Z</time></trkpt><trkpt lat="47.51981" lon="-120.823631"><ele>1117.207275</ele><time>2026-07-29T12:18:14.078Z</time></trkpt><trkpt lat="47.519775" lon="-120.823624"><ele>1115.234253</ele><time>2026-07-29T12:18:21.080Z</time></trkpt><trkpt lat="47.519642" lon="-120.823708"><ele>1116.192261</ele><time>2026-07-29T12:18:33.080Z</time></trkpt><trkpt lat="47.519566" lon="-120.82373"><ele>1118.43335</ele><time>2026-07-29T12:18:38.079Z</time></trkpt><trkpt lat="47.519436" lon="-120.823914"><ele>1119.762329</ele><time>2026-07-29T12:18:42.080Z</time></trkpt><trkpt lat="47.51936" lon="-120.824181"><ele>1117.186768</ele><time>2026-07-29T12:18:52.079Z</time></trkpt><trkpt lat="47.519264" lon="-120.824341"><ele>1115.638062</ele><time>2026-07-29T12:18:55.078Z</time></trkpt><trkpt lat="47.519127" lon="-120.824524"><ele>1122.244385</ele><time>2026-07-29T12:19:03.085Z</time></trkpt><trkpt lat="47.518917" lon="-120.824913"><ele>1122.650879</ele><time>2026-07-29T12:19:06.079Z</time></trkpt><trkpt lat="47.518913" lon="-120.825027"><ele>1123.287354</ele><time>2026-07-29T12:19:10.080Z</time></trkpt><trkpt lat="47.518871" lon="-120.825119"><ele>1120.43042</ele><time>2026-07-29T12:19:16.079Z</time></trkpt><trkpt lat="47.518871" lon="-120.825279"><ele>1121.90979</ele><time>2026-07-29T12:19:19.083Z</time></trkpt><trkpt lat="47.518799" lon="-120.825333"><ele>1123.475708</ele><time>2026-07-29T12:19:31.078Z</time></trkpt><trkpt lat="47.518719" lon="-120.825333"><ele>1124.469604</ele><time>2026-07-29T12:19:37.080Z</time></trkpt><trkpt lat="47.518574" lon="-120.825241"><ele>1126.851807</ele><time>2026-07-29T12:19:51.079Z</time></trkpt><trkpt lat="47.518433" lon="-120.825188"><ele>1127.380371</ele><time>2026-07-29T12:19:56.077Z</time></trkpt><trkpt lat="47.518223" lon="-120.825188"><ele>1130.738037</ele><time>2026-07-29T12:20:00.078Z</time></trkpt><trkpt lat="47.518112" lon="-120.825226"><ele>1132.732422</ele><time>2026-07-29T12:20:04.078Z</time></trkpt><trkpt lat="47.518032" lon="-120.825218"><ele>1133.451172</ele><time>2026-07-29T12:20:15.079Z</time></trkpt><trkpt lat="47.517887" lon="-120.825241"><ele>1137.164795</ele><time>2026-07-29T12:20:18.080Z</time></trkpt><trkpt lat="47.517612" lon="-120.825447"><ele>1130.702148</ele><time>2026-07-29T12:20:21.085Z</time></trkpt><trkpt lat="47.517544" lon="-120.825523"><ele>1131.311279</ele><time>2026-07-29T12:20:37.079Z</time></trkpt><trkpt lat="47.517365" lon="-120.825569"><ele>1132.183472</ele><time>2026-07-29T12:20:40.080Z</time></trkpt><trkpt lat="47.5172" lon="-120.825691"><ele>1135.38208</ele><time>2026-07-29T12:20:51.080Z</time></trkpt><trkpt lat="47.517151" lon="-120.825668"><ele>1134.274292</ele><time>2026-07-29T12:20:56.082Z</time></trkpt><trkpt lat="47.517021" lon="-120.825668"><ele>1137.231812</ele><time>2026-07-29T12:21:02.085Z</time></trkpt><trkpt lat="47.516953" lon="-120.825722"><ele>1135.376953</ele><time>2026-07-29T12:21:13.083Z</time></trkpt><trkpt lat="47.516933" lon="-120.825775"><ele>1135.713135</ele><time>2026-07-29T12:21:17.082Z</time></trkpt><trkpt lat="47.516857" lon="-120.825851"><ele>1132.611206</ele><time>2026-07-29T12:21:27.080Z</time></trkpt><trkpt lat="47.516785" lon="-120.825897"><ele>1132.4646</ele><time>2026-07-29T12:21:33.082Z</time></trkpt><trkpt lat="47.516754" lon="-120.825958"><ele>1135.216064</ele><time>2026-07-29T12:21:37.085Z</time></trkpt><trkpt lat="47.516582" lon="-120.826157"><ele>1136.025391</ele><time>2026-07-29T12:21:41.080Z</time></trkpt><trkpt lat="47.516357" lon="-120.826317"><ele>1135.86438</ele><time>2026-07-29T12:21:45.083Z</time></trkpt><trkpt lat="47.516106" lon="-120.826385"><ele>1142.276001</ele><time>2026-07-29T12:22:06.080Z</time></trkpt><trkpt lat="47.51582" lon="-120.826393"><ele>1147.829834</ele><time>2026-07-29T12:23:04.080Z</time></trkpt><trkpt lat="47.515739" lon="-120.826431"><ele>1149.039307</ele><time>2026-07-29T12:23:16.079Z</time></trkpt><trkpt lat="47.51564" lon="-120.826523"><ele>1148.918823</ele><time>2026-07-29T12:23:28.080Z</time></trkpt><trkpt lat="47.515392" lon="-120.826599"><ele>1153.134155</ele><time>2026-07-29T12:23:37.082Z</time></trkpt><trkpt lat="47.515312" lon="-120.826668"><ele>1155.486328</ele><time>2026-07-29T12:23:46.083Z</time></trkpt><trkpt lat="47.515251" lon="-120.82682"><ele>1153.448608</ele><time>2026-07-29T12:23:53.080Z</time></trkpt><trkpt lat="47.515137" lon="-120.827019"><ele>1152.544922</ele><time>2026-07-29T12:23:56.084Z</time></trkpt><trkpt lat="47.515083" lon="-120.827034"><ele>1153.604248</ele><time>2026-07-29T12:23:59.082Z</time></trkpt><trkpt lat="47.515015" lon="-120.827118"><ele>1152.653931</ele><time>2026-07-29T12:24:03.083Z</time></trkpt><trkpt lat="47.514843" lon="-120.827217"><ele>1157.896606</ele><time>2026-07-29T12:24:07.080Z</time></trkpt><trkpt lat="47.514801" lon="-120.827194"><ele>1157.988403</ele><time>2026-07-29T12:24:10.080Z</time></trkpt><trkpt lat="47.514721" lon="-120.827248"><ele>1157.089233</ele><time>2026-07-29T12:24:16.077Z</time></trkpt><trkpt lat="47.514656" lon="-120.827332"><ele>1156.787476</ele><time>2026-07-29T12:24:26.082Z</time></trkpt><trkpt lat="47.514557" lon="-120.827393"><ele>1160.354736</ele><time>2026-07-29T12:25:09.084Z</time></trkpt><trkpt lat="47.514469" lon="-120.827408"><ele>1161.01416</ele><time>2026-07-29T12:25:18.084Z</time></trkpt><trkpt lat="47.514393" lon="-120.827545"><ele>1161.060669</ele><time>2026-07-29T12:25:30.084Z</time></trkpt><trkpt lat="47.514263" lon="-120.827583"><ele>1163.424927</ele><time>2026-07-29T12:25:38.082Z</time></trkpt><trkpt lat="47.514225" lon="-120.827576"><ele>1162.132202</ele><time>2026-07-29T12:25:52.080Z</time></trkpt><trkpt lat="47.514103" lon="-120.827621"><ele>1166.553833</ele><time>2026-07-29T12:26:01.080Z</time></trkpt><trkpt lat="47.514061" lon="-120.82766"><ele>1164.968994</ele><time>2026-07-29T12:26:07.086Z</time></trkpt><trkpt lat="47.513981" lon="-120.827698"><ele>1164.327148</ele><time>2026-07-29T12:26:22.079Z</time></trkpt><trkpt lat="47.513916" lon="-120.827766"><ele>1165.317017</ele><time>2026-07-29T12:26:28.083Z</time></trkpt><trkpt lat="47.513874" lon="-120.827766"><ele>1164.271851</ele><time>2026-07-29T12:26:34.086Z</time></trkpt><trkpt lat="47.51376" lon="-120.82785"><ele>1166.967285</ele><time>2026-07-29T12:26:38.086Z</time></trkpt><trkpt lat="47.513672" lon="-120.827888"><ele>1166.483765</ele><time>2026-07-29T12:26:48.080Z</time></trkpt><trkpt lat="47.513569" lon="-120.827873"><ele>1166.121216</ele><time>2026-07-29T12:26:56.083Z</time></trkpt><trkpt lat="47.513401" lon="-120.827927"><ele>1168.892944</ele><time>2026-07-29T12:26:59.084Z</time></trkpt><trkpt lat="47.513226" lon="-120.827911"><ele>1168.56543</ele><time>2026-07-29T12:27:02.082Z</time></trkpt><trkpt lat="47.513103" lon="-120.827934"><ele>1166.93811</ele><time>2026-07-29T12:27:05.084Z</time></trkpt><trkpt lat="47.512966" lon="-120.827911"><ele>1168.244629</ele><time>2026-07-29T12:27:16.079Z</time></trkpt><trkpt lat="47.512875" lon="-120.827927"><ele>1169.174316</ele><time>2026-07-29T12:27:23.080Z</time></trkpt><trkpt lat="47.512833" lon="-120.827904"><ele>1166.65979</ele><time>2026-07-29T12:27:29.087Z</time></trkpt><trkpt lat="47.512737" lon="-120.827896"><ele>1166.375732</ele><time>2026-07-29T12:27:38.085Z</time></trkpt><trkpt lat="47.512611" lon="-120.827927"><ele>1166.504517</ele><time>2026-07-29T12:27:43.084Z</time></trkpt><trkpt lat="47.512577" lon="-120.828033"><ele>1165.081421</ele><time>2026-07-29T12:27:48.083Z</time></trkpt><trkpt lat="47.512482" lon="-120.828156"><ele>1165.251953</ele><time>2026-07-29T12:27:53.082Z</time></trkpt><trkpt lat="47.51236" lon="-120.828163"><ele>1168.325073</ele><time>2026-07-29T12:28:06.086Z</time></trkpt><trkpt lat="47.512226" lon="-120.828209"><ele>1166.256836</ele><time>2026-07-29T12:28:11.082Z</time></trkpt><trkpt lat="47.512169" lon="-120.828285"><ele>1167.160645</ele><time>2026-07-29T12:28:18.082Z</time></trkpt><trkpt lat="47.512146" lon="-120.828392"><ele>1166.348267</ele><time>2026-07-29T12:28:41.083Z</time></trkpt><trkpt lat="47.512047" lon="-120.828453"><ele>1171.98645</ele><time>2026-07-29T12:28:57.085Z</time></trkpt><trkpt lat="47.512012" lon="-120.828423"><ele>1170.628174</ele><time>2026-07-29T12:29:18.085Z</time></trkpt><trkpt lat="47.511974" lon="-120.828545"><ele>1169.571411</ele><time>2026-07-29T12:29:23.088Z</time></trkpt><trkpt lat="47.511971" lon="-120.828651"><ele>1169.5354</ele><time>2026-07-29T12:29:32.085Z</time></trkpt><trkpt lat="47.511944" lon="-120.828758"><ele>1170.942749</ele><time>2026-07-29T12:29:37.082Z</time></trkpt><trkpt lat="47.511875" lon="-120.828796"><ele>1168.171631</ele><time>2026-07-29T12:29:42.083Z</time></trkpt><trkpt lat="47.511761" lon="-120.828903"><ele>1171.947266</ele><time>2026-07-29T12:29:56.089Z</time></trkpt><trkpt lat="47.511635" lon="-120.828918"><ele>1177.768311</ele><time>2026-07-29T12:30:00.084Z</time></trkpt><trkpt lat="47.511608" lon="-120.828949"><ele>1174.418579</ele><time>2026-07-29T12:30:11.080Z</time></trkpt><trkpt lat="47.511482" lon="-120.828964"><ele>1180.80542</ele><time>2026-07-29T12:30:16.079Z</time></trkpt><trkpt lat="47.511276" lon="-120.828957"><ele>1185.0896</ele><time>2026-07-29T12:30:19.080Z</time></trkpt><trkpt lat="47.5112" lon="-120.828888"><ele>1184.196899</ele><time>2026-07-29T12:30:24.082Z</time></trkpt><trkpt lat="47.511127" lon="-120.82888"><ele>1184.864136</ele><time>2026-07-29T12:30:39.087Z</time></trkpt><trkpt lat="47.510979" lon="-120.828789"><ele>1187.184204</ele><time>2026-07-29T12:30:50.080Z</time></trkpt><trkpt lat="47.510868" lon="-120.828644"><ele>1191.206665</ele><time>2026-07-29T12:30:54.080Z</time></trkpt><trkpt lat="47.510788" lon="-120.828606"><ele>1191.958618</ele><time>2026-07-29T12:31:05.089Z</time></trkpt><trkpt lat="47.510559" lon="-120.828796"><ele>1197.963623</ele><time>2026-07-29T12:31:11.083Z</time></trkpt><trkpt lat="47.510418" lon="-120.829002"><ele>1197.888794</ele><time>2026-07-29T12:31:16.080Z</time></trkpt><trkpt lat="47.510376" lon="-120.829094"><ele>1196.194214</ele><time>2026-07-29T12:31:22.087Z</time></trkpt><trkpt lat="47.510273" lon="-120.829178"><ele>1195.173462</ele><time>2026-07-29T12:31:37.083Z</time></trkpt><trkpt lat="47.51025" lon="-120.829224"><ele>1198.438354</ele><time>2026-07-29T12:31:45.085Z</time></trkpt><trkpt lat="47.510159" lon="-120.829269"><ele>1195.682495</ele><time>2026-07-29T12:31:52.084Z</time></trkpt><trkpt lat="47.510071" lon="-120.829338"><ele>1197.436279</ele><time>2026-07-29T12:32:03.083Z</time></trkpt><trkpt lat="47.509941" lon="-120.82946"><ele>1203.457642</ele><time>2026-07-29T12:32:07.080Z</time></trkpt><trkpt lat="47.509911" lon="-120.829514"><ele>1203.233032</ele><time>2026-07-29T12:32:16.083Z</time></trkpt><trkpt lat="47.509853" lon="-120.829521"><ele>1206.082275</ele><time>2026-07-29T12:32:41.082Z</time></trkpt><trkpt lat="47.509796" lon="-120.829407"><ele>1199.8125</ele><time>2026-07-29T12:32:46.083Z</time></trkpt><trkpt lat="47.509731" lon="-120.829468"><ele>1202.743774</ele><time>2026-07-29T12:32:50.080Z</time></trkpt><trkpt lat="47.509651" lon="-120.829613"><ele>1208.53064</ele><time>2026-07-29T12:33:00.080Z</time></trkpt><trkpt lat="47.509602" lon="-120.829613"><ele>1208.169189</ele><time>2026-07-29T12:33:13.083Z</time></trkpt><trkpt lat="47.509533" lon="-120.829689"><ele>1206.241821</ele><time>2026-07-29T12:33:24.083Z</time></trkpt><trkpt lat="47.50946" lon="-120.829834"><ele>1204.960938</ele><time>2026-07-29T12:33:37.084Z</time></trkpt><trkpt lat="47.509468" lon="-120.829887"><ele>1203.319702</ele><time>2026-07-29T12:33:42.083Z</time></trkpt><trkpt lat="47.50943" lon="-120.829903"><ele>1203.891479</ele><time>2026-07-29T12:33:59.082Z</time></trkpt><trkpt lat="47.509392" lon="-120.829948"><ele>1206.22168</ele><time>2026-07-29T12:34:10.083Z</time></trkpt><trkpt lat="47.509369" lon="-120.830017"><ele>1206.917603</ele><time>2026-07-29T12:34:15.087Z</time></trkpt><trkpt lat="47.509327" lon="-120.83004"><ele>1206.916626</ele><time>2026-07-29T12:34:24.080Z</time></trkpt><trkpt lat="47.509331" lon="-120.830101"><ele>1210.269043</ele><time>2026-07-29T12:34:29.084Z</time></trkpt><trkpt lat="47.509293" lon="-120.830261"><ele>1207.525879</ele><time>2026-07-29T12:34:33.083Z</time></trkpt><trkpt lat="47.509232" lon="-120.830421"><ele>1212.055542</ele><time>2026-07-29T12:34:38.086Z</time></trkpt><trkpt lat="47.50927" lon="-120.830513"><ele>1213.171631</ele><time>2026-07-29T12:34:46.087Z</time></trkpt><trkpt lat="47.509239" lon="-120.83062"><ele>1207.864258</ele><time>2026-07-29T12:35:00.080Z</time></trkpt><trkpt lat="47.50927" lon="-120.830597"><ele>1207.273193</ele><time>2026-07-29T12:35:04.090Z</time></trkpt><trkpt lat="47.509243" lon="-120.830551"><ele>1208.852417</ele><time>2026-07-29T12:35:09.085Z</time></trkpt><trkpt lat="47.509277" lon="-120.830582"><ele>1208.003784</ele><time>2026-07-29T12:35:18.082Z</time></trkpt><trkpt lat="47.509315" lon="-120.830582"><ele>1208.835815</ele><time>2026-07-29T12:35:25.085Z</time></trkpt><trkpt lat="47.509277" lon="-120.830612"><ele>1208.754028</ele><time>2026-07-29T12:35:30.085Z</time></trkpt><trkpt lat="47.509262" lon="-120.830666"><ele>1208.960571</ele><time>2026-07-29T12:35:54.084Z</time></trkpt><trkpt lat="47.509232" lon="-120.830704"><ele>1207.331787</ele><time>2026-07-29T12:36:01.085Z</time></trkpt><trkpt lat="47.5093" lon="-120.830795"><ele>1214.240845</ele><time>2026-07-29T12:36:28.084Z</time></trkpt><trkpt lat="47.509247" lon="-120.830856"><ele>1213.264282</ele><time>2026-07-29T12:36:33.082Z</time></trkpt><trkpt lat="47.509193" lon="-120.830986"><ele>1213.822998</ele><time>2026-07-29T12:36:45.084Z</time></trkpt><trkpt lat="47.509155" lon="-120.831306"><ele>1219.707031</ele><time>2026-07-29T12:36:49.082Z</time></trkpt><trkpt lat="47.509163" lon="-120.831352"><ele>1219.212524</ele><time>2026-07-29T12:37:00.080Z</time></trkpt><trkpt lat="47.509064" lon="-120.831589"><ele>1223.624878</ele><time>2026-07-29T12:37:04.085Z</time></trkpt><trkpt lat="47.509087" lon="-120.831833"><ele>1228.848267</ele><time>2026-07-29T12:37:16.080Z</time></trkpt><trkpt lat="47.509132" lon="-120.831932"><ele>1226.871338</ele><time>2026-07-29T12:37:23.084Z</time></trkpt><trkpt lat="47.509197" lon="-120.832001"><ele>1228.354126</ele><time>2026-07-29T12:37:28.080Z</time></trkpt><trkpt lat="47.509243" lon="-120.8321"><ele>1233.415039</ele><time>2026-07-29T12:37:32.090Z</time></trkpt><trkpt lat="47.509254" lon="-120.832207"><ele>1233.557617</ele><time>2026-07-29T12:37:37.083Z</time></trkpt><trkpt lat="47.509228" lon="-120.832245"><ele>1233.111328</ele><time>2026-07-29T12:37:46.089Z</time></trkpt><trkpt lat="47.509201" lon="-120.832352"><ele>1234.281616</ele><time>2026-07-29T12:37:50.080Z</time></trkpt><trkpt lat="47.509094" lon="-120.832497"><ele>1233.075562</ele><time>2026-07-29T12:37:59.083Z</time></trkpt><trkpt lat="47.508945" lon="-120.832535"><ele>1240.327271</ele><time>2026-07-29T12:38:05.085Z</time></trkpt><trkpt lat="47.50877" lon="-120.832466"><ele>1239.612183</ele><time>2026-07-29T12:38:09.080Z</time></trkpt><trkpt lat="47.50872" lon="-120.832375"><ele>1242.249512</ele><time>2026-07-29T12:38:13.080Z</time></trkpt><trkpt lat="47.508686" lon="-120.832458"><ele>1242.680908</ele><time>2026-07-29T12:38:17.082Z</time></trkpt><trkpt lat="47.508591" lon="-120.832588"><ele>1244.300537</ele><time>2026-07-29T12:38:23.080Z</time></trkpt><trkpt lat="47.508541" lon="-120.832603"><ele>1242.685059</ele><time>2026-07-29T12:38:43.085Z</time></trkpt><trkpt lat="47.508545" lon="-120.832672"><ele>1244.627197</ele><time>2026-07-29T12:38:46.084Z</time></trkpt><trkpt lat="47.508583" lon="-120.832687"><ele>1248.805298</ele><time>2026-07-29T12:38:54.082Z</time></trkpt><trkpt lat="47.508629" lon="-120.832764"><ele>1250.575928</ele><time>2026-07-29T12:38:59.080Z</time></trkpt><trkpt lat="47.508621" lon="-120.832848"><ele>1250.147339</ele><time>2026-07-29T12:39:04.086Z</time></trkpt><trkpt lat="47.508583" lon="-120.832932"><ele>1251.097168</ele><time>2026-07-29T12:39:18.082Z</time></trkpt><trkpt lat="47.508533" lon="-120.832985"><ele>1254.402588</ele><time>2026-07-29T12:39:28.086Z</time></trkpt><trkpt lat="47.508389" lon="-120.833069"><ele>1254.323975</ele><time>2026-07-29T12:39:34.082Z</time></trkpt><trkpt lat="47.508331" lon="-120.833138"><ele>1255.719849</ele><time>2026-07-29T12:39:45.088Z</time></trkpt><trkpt lat="47.508213" lon="-120.833168"><ele>1258.111084</ele><time>2026-07-29T12:39:58.082Z</time></trkpt><trkpt lat="47.50811" lon="-120.833282"><ele>1261.439087</ele><time>2026-07-29T12:40:02.085Z</time></trkpt><trkpt lat="47.508091" lon="-120.833321"><ele>1261.432495</ele><time>2026-07-29T12:40:17.089Z</time></trkpt><trkpt lat="47.508125" lon="-120.833328"><ele>1264.247681</ele><time>2026-07-29T12:40:22.085Z</time></trkpt><trkpt lat="47.508148" lon="-120.833382"><ele>1262.055176</ele><time>2026-07-29T12:40:30.084Z</time></trkpt><trkpt lat="47.50808" lon="-120.833481"><ele>1263.58313</ele><time>2026-07-29T12:40:39.087Z</time></trkpt><trkpt lat="47.508022" lon="-120.833603"><ele>1265.215698</ele><time>2026-07-29T12:40:43.082Z</time></trkpt><trkpt lat="47.507889" lon="-120.833992"><ele>1270.408569</ele><time>2026-07-29T12:40:54.082Z</time></trkpt><trkpt lat="47.507824" lon="-120.834091"><ele>1270.773804</ele><time>2026-07-29T12:41:04.084Z</time></trkpt><trkpt lat="47.507809" lon="-120.834198"><ele>1274.900757</ele><time>2026-07-29T12:41:09.084Z</time></trkpt><trkpt lat="47.507816" lon="-120.834267"><ele>1273.782227</ele><time>2026-07-29T12:41:14.086Z</time></trkpt><trkpt lat="47.507748" lon="-120.834404"><ele>1277.020386</ele><time>2026-07-29T12:41:24.083Z</time></trkpt><trkpt lat="47.507755" lon="-120.834541"><ele>1282.142822</ele><time>2026-07-29T12:41:28.084Z</time></trkpt><trkpt lat="47.507721" lon="-120.834641"><ele>1281.97998</ele><time>2026-07-29T12:41:32.083Z</time></trkpt><trkpt lat="47.50769" lon="-120.834633"><ele>1281.460571</ele><time>2026-07-29T12:41:36.085Z</time></trkpt><trkpt lat="47.507656" lon="-120.834717"><ele>1281.509766</ele><time>2026-07-29T12:41:39.083Z</time></trkpt><trkpt lat="47.507675" lon="-120.834785"><ele>1285.074219</ele><time>2026-07-29T12:41:48.083Z</time></trkpt><trkpt lat="47.507706" lon="-120.834816"><ele>1284.662842</ele><time>2026-07-29T12:41:52.080Z</time></trkpt><trkpt lat="47.507694" lon="-120.834915"><ele>1286.272095</ele><time>2026-07-29T12:42:02.086Z</time></trkpt><trkpt lat="47.507587" lon="-120.835114"><ele>1291.643066</ele><time>2026-07-29T12:42:15.088Z</time></trkpt><trkpt lat="47.507595" lon="-120.835159"><ele>1292.768677</ele><time>2026-07-29T12:42:19.087Z</time></trkpt><trkpt lat="47.507568" lon="-120.835197"><ele>1292.557129</ele><time>2026-07-29T12:42:22.082Z</time></trkpt><trkpt lat="47.507515" lon="-120.835228"><ele>1295.674683</ele><time>2026-07-29T12:42:27.087Z</time></trkpt><trkpt lat="47.507683" lon="-120.835403"><ele>1293.747192</ele><time>2026-07-29T12:42:31.080Z</time></trkpt><trkpt lat="47.507729" lon="-120.835495"><ele>1293.737671</ele><time>2026-07-29T12:42:35.087Z</time></trkpt><trkpt lat="47.507744" lon="-120.835922"><ele>1304.62793</ele><time>2026-07-29T12:42:43.084Z</time></trkpt><trkpt lat="47.507813" lon="-120.83596"><ele>1305.476807</ele><time>2026-07-29T12:42:47.078Z</time></trkpt><trkpt lat="47.507858" lon="-120.836121"><ele>1305.30481</ele><time>2026-07-29T12:42:51.083Z</time></trkpt><trkpt lat="47.507832" lon="-120.836159"><ele>1307.625977</ele><time>2026-07-29T12:42:55.083Z</time></trkpt><trkpt lat="47.50774" lon="-120.83622"><ele>1306.168823</ele><time>2026-07-29T12:43:03.085Z</time></trkpt><trkpt lat="47.507805" lon="-120.836357"><ele>1313.38916</ele><time>2026-07-29T12:43:07.083Z</time></trkpt><trkpt lat="47.507721" lon="-120.836418"><ele>1310.494873</ele><time>2026-07-29T12:43:19.082Z</time></trkpt><trkpt lat="47.507683" lon="-120.83651"><ele>1315.313843</ele><time>2026-07-29T12:43:34.084Z</time></trkpt><trkpt lat="47.50774" lon="-120.836586"><ele>1316.353516</ele><time>2026-07-29T12:43:44.086Z</time></trkpt><trkpt lat="47.507854" lon="-120.836617"><ele>1319.286865</ele><time>2026-07-29T12:43:49.080Z</time></trkpt><trkpt lat="47.507881" lon="-120.836639"><ele>1318.539673</ele><time>2026-07-29T12:43:55.080Z</time></trkpt><trkpt lat="47.507889" lon="-120.836685"><ele>1321.687988</ele><time>2026-07-29T12:44:08.083Z</time></trkpt><trkpt lat="47.50782" lon="-120.836845"><ele>1324.495728</ele><time>2026-07-29T12:44:12.080Z</time></trkpt><trkpt lat="47.507915" lon="-120.836884"><ele>1329.945557</ele><time>2026-07-29T12:44:28.080Z</time></trkpt><trkpt lat="47.507935" lon="-120.836945"><ele>1330.062378</ele><time>2026-07-29T12:44:32.090Z</time></trkpt><trkpt lat="47.507889" lon="-120.837044"><ele>1331.652344</ele><time>2026-07-29T12:44:36.083Z</time></trkpt><trkpt lat="47.507854" lon="-120.837036"><ele>1330.936768</ele><time>2026-07-29T12:44:43.085Z</time></trkpt><trkpt lat="47.507847" lon="-120.83709"><ele>1335.113037</ele><time>2026-07-29T12:44:46.089Z</time></trkpt><trkpt lat="47.507771" lon="-120.837189"><ele>1334.458252</ele><time>2026-07-29T12:44:50.085Z</time></trkpt><trkpt lat="47.507771" lon="-120.83741"><ele>1342.632202</ele><time>2026-07-29T12:45:14.085Z</time></trkpt><trkpt lat="47.507687" lon="-120.837509"><ele>1340.376343</ele><time>2026-07-29T12:45:22.083Z</time></trkpt><trkpt lat="47.507668" lon="-120.837814"><ele>1349.507202</ele><time>2026-07-29T12:45:37.083Z</time></trkpt><trkpt lat="47.507584" lon="-120.837891"><ele>1349.926636</ele><time>2026-07-29T12:45:47.082Z</time></trkpt><trkpt lat="47.507515" lon="-120.838058"><ele>1352.037354</ele><time>2026-07-29T12:46:01.086Z</time></trkpt><trkpt lat="47.507523" lon="-120.838104"><ele>1355.864624</ele><time>2026-07-29T12:46:06.086Z</time></trkpt><trkpt lat="47.507507" lon="-120.838188"><ele>1354.707764</ele><time>2026-07-29T12:46:24.083Z</time></trkpt><trkpt lat="47.507408" lon="-120.838318"><ele>1357.188965</ele><time>2026-07-29T12:46:34.086Z</time></trkpt><trkpt lat="47.50732" lon="-120.838547"><ele>1364.688721</ele><time>2026-07-29T12:46:44.082Z</time></trkpt><trkpt lat="47.50729" lon="-120.83857"><ele>1361.696411</ele><time>2026-07-29T12:46:47.087Z</time></trkpt><trkpt lat="47.507267" lon="-120.838623"><ele>1361.609497</ele><time>2026-07-29T12:46:53.084Z</time></trkpt><trkpt lat="47.50687" lon="-120.838936"><ele>1362.16333</ele><time>2026-07-29T12:46:56.080Z</time></trkpt><trkpt lat="47.506813" lon="-120.839012"><ele>1363.07019</ele><time>2026-07-29T12:47:01.080Z</time></trkpt><trkpt lat="47.506741" lon="-120.839035"><ele>1363.584961</ele><time>2026-07-29T12:47:10.079Z</time></trkpt><trkpt lat="47.50671" lon="-120.839066"><ele>1363.227539</ele><time>2026-07-29T12:47:17.084Z</time></trkpt><trkpt lat="47.506638" lon="-120.839073"><ele>1364.932983</ele><time>2026-07-29T12:47:21.084Z</time></trkpt><trkpt lat="47.506519" lon="-120.838966"><ele>1367.255981</ele><time>2026-07-29T12:47:28.084Z</time></trkpt><trkpt lat="47.506424" lon="-120.838905"><ele>1368.407837</ele><time>2026-07-29T12:47:32.080Z</time></trkpt><trkpt lat="47.506313" lon="-120.838875"><ele>1366.305542</ele><time>2026-07-29T12:47:52.084Z</time></trkpt><trkpt lat="47.506172" lon="-120.83905"><ele>1372.23584</ele><time>2026-07-29T12:47:56.082Z</time></trkpt><trkpt lat="47.506092" lon="-120.839066"><ele>1377.621948</ele><time>2026-07-29T12:48:06.080Z</time></trkpt><trkpt lat="47.506069" lon="-120.839104"><ele>1374.587891</ele><time>2026-07-29T12:48:10.080Z</time></trkpt><trkpt lat="47.50605" lon="-120.839203"><ele>1376.375244</ele><time>2026-07-29T12:48:23.085Z</time></trkpt><trkpt lat="47.505886" lon="-120.839279"><ele>1378.473389</ele><time>2026-07-29T12:48:28.080Z</time></trkpt><trkpt lat="47.50584" lon="-120.839363"><ele>1380.303955</ele><time>2026-07-29T12:48:32.083Z</time></trkpt><trkpt lat="47.505672" lon="-120.839561"><ele>1380.767212</ele><time>2026-07-29T12:48:36.084Z</time></trkpt><trkpt lat="47.505592" lon="-120.839821"><ele>1383.582031</ele><time>2026-07-29T12:48:48.083Z</time></trkpt><trkpt lat="47.505516" lon="-120.839951"><ele>1384.002075</ele><time>2026-07-29T12:48:56.080Z</time></trkpt><trkpt lat="47.505398" lon="-120.839958"><ele>1381.611206</ele><time>2026-07-29T12:49:06.082Z</time></trkpt><trkpt lat="47.505245" lon="-120.84024"><ele>1378.576294</ele><time>2026-07-29T12:49:18.083Z</time></trkpt><trkpt lat="47.505123" lon="-120.840363"><ele>1380.13855</ele><time>2026-07-29T12:49:39.084Z</time></trkpt><trkpt lat="47.505058" lon="-120.840309"><ele>1377.213379</ele><time>2026-07-29T12:49:45.080Z</time></trkpt><trkpt lat="47.504631" lon="-120.840302"><ele>1376.794189</ele><time>2026-07-29T12:49:53.086Z</time></trkpt><trkpt lat="47.504551" lon="-120.840317"><ele>1375.755981</ele><time>2026-07-29T12:50:07.082Z</time></trkpt><trkpt lat="47.504436" lon="-120.840408"><ele>1376.668701</ele><time>2026-07-29T12:50:13.085Z</time></trkpt><trkpt lat="47.504387" lon="-120.840401"><ele>1377.871094</ele><time>2026-07-29T12:50:19.084Z</time></trkpt><trkpt lat="47.504265" lon="-120.840286"><ele>1378.573364</ele><time>2026-07-29T12:50:40.085Z</time></trkpt><trkpt lat="47.504242" lon="-120.84024"><ele>1378.461304</ele><time>2026-07-29T12:50:43.084Z</time></trkpt><trkpt lat="47.504208" lon="-120.840256"><ele>1378.567505</ele><time>2026-07-29T12:50:49.082Z</time></trkpt><trkpt lat="47.504128" lon="-120.840233"><ele>1374.122925</ele><time>2026-07-29T12:50:54.085Z</time></trkpt><trkpt lat="47.50407" lon="-120.840111"><ele>1370.966431</ele><time>2026-07-29T12:50:59.086Z</time></trkpt><trkpt lat="47.504032" lon="-120.840149"><ele>1374.454834</ele><time>2026-07-29T12:51:04.082Z</time></trkpt><trkpt lat="47.503986" lon="-120.840271"><ele>1372.714233</ele><time>2026-07-29T12:51:08.084Z</time></trkpt><trkpt lat="47.503922" lon="-120.840302"><ele>1373.976807</ele><time>2026-07-29T12:51:12.082Z</time></trkpt><trkpt lat="47.503925" lon="-120.840355"><ele>1374.034668</ele><time>2026-07-29T12:51:18.086Z</time></trkpt><trkpt lat="47.503849" lon="-120.840469"><ele>1374.781982</ele><time>2026-07-29T12:51:23.084Z</time></trkpt><trkpt lat="47.503796" lon="-120.84053"><ele>1375.446777</ele><time>2026-07-29T12:51:28.090Z</time></trkpt><trkpt lat="47.503738" lon="-120.840561"><ele>1373.912354</ele><time>2026-07-29T12:51:35.085Z</time></trkpt><trkpt lat="47.503693" lon="-120.840622"><ele>1375.660278</ele><time>2026-07-29T12:51:40.083Z</time></trkpt><trkpt lat="47.503586" lon="-120.84082"><ele>1375.92334</ele><time>2026-07-29T12:51:53.089Z</time></trkpt><trkpt lat="47.503551" lon="-120.840851"><ele>1374.907349</ele><time>2026-07-29T12:51:59.084Z</time></trkpt><trkpt lat="47.503448" lon="-120.840881"><ele>1373.499878</ele><time>2026-07-29T12:52:03.083Z</time></trkpt><trkpt lat="47.503422" lon="-120.840927"><ele>1375.24707</ele><time>2026-07-29T12:52:08.082Z</time></trkpt><trkpt lat="47.503387" lon="-120.840912"><ele>1374.872681</ele><time>2026-07-29T12:52:31.082Z</time></trkpt><trkpt lat="47.503208" lon="-120.840942"><ele>1376.908081</ele><time>2026-07-29T12:52:55.089Z</time></trkpt><trkpt lat="47.503201" lon="-120.840996"><ele>1373.888794</ele><time>2026-07-29T12:53:41.087Z</time></trkpt><trkpt lat="47.503067" lon="-120.841125"><ele>1381.729858</ele><time>2026-07-29T12:54:09.098Z</time></trkpt><trkpt lat="47.502998" lon="-120.841171"><ele>1380.565308</ele><time>2026-07-29T12:54:31.084Z</time></trkpt><trkpt lat="47.502937" lon="-120.841408"><ele>1380.625732</ele><time>2026-07-29T12:54:37.088Z</time></trkpt><trkpt lat="47.502907" lon="-120.841438"><ele>1379.785522</ele><time>2026-07-29T12:54:59.088Z</time></trkpt><trkpt lat="47.502834" lon="-120.84169"><ele>1377.772339</ele><time>2026-07-29T12:55:05.082Z</time></trkpt><trkpt lat="47.502678" lon="-120.841896"><ele>1375.81604</ele><time>2026-07-29T12:55:10.086Z</time></trkpt><trkpt lat="47.502621" lon="-120.842003"><ele>1378.829712</ele><time>2026-07-29T12:55:28.092Z</time></trkpt><trkpt lat="47.502487" lon="-120.84201"><ele>1377.649658</ele><time>2026-07-29T12:55:32.082Z</time></trkpt><trkpt lat="47.502308" lon="-120.841858"><ele>1387.642334</ele><time>2026-07-29T12:55:35.086Z</time></trkpt><trkpt lat="47.502323" lon="-120.84169"><ele>1387.801514</ele><time>2026-07-29T12:55:42.087Z</time></trkpt><trkpt lat="47.50235" lon="-120.841591"><ele>1388.129272</ele><time>2026-07-29T12:55:45.080Z</time></trkpt><trkpt lat="47.502335" lon="-120.841553"><ele>1390.674438</ele><time>2026-07-29T12:56:15.085Z</time></trkpt><trkpt lat="47.502335" lon="-120.841438"><ele>1390.081909</ele><time>2026-07-29T12:56:20.086Z</time></trkpt><trkpt lat="47.502354" lon="-120.841339"><ele>1391.230469</ele><time>2026-07-29T12:56:24.088Z</time></trkpt><trkpt lat="47.502346" lon="-120.841286"><ele>1391.141846</ele><time>2026-07-29T12:56:28.090Z</time></trkpt><trkpt lat="47.502316" lon="-120.84124"><ele>1393.339966</ele><time>2026-07-29T12:56:32.083Z</time></trkpt><trkpt lat="47.502129" lon="-120.841347"><ele>1400.529785</ele><time>2026-07-29T12:56:53.087Z</time></trkpt><trkpt lat="47.502087" lon="-120.841354"><ele>1400.474854</ele><time>2026-07-29T12:57:19.087Z</time></trkpt><trkpt lat="47.502026" lon="-120.841446"><ele>1402.376587</ele><time>2026-07-29T12:57:43.087Z</time></trkpt><trkpt lat="47.50198" lon="-120.841461"><ele>1402.220947</ele><time>2026-07-29T12:57:50.083Z</time></trkpt><trkpt lat="47.501808" lon="-120.841576"><ele>1406.972046</ele><time>2026-07-29T12:58:02.084Z</time></trkpt><trkpt lat="47.50174" lon="-120.84166"><ele>1405.003296</ele><time>2026-07-29T12:58:08.082Z</time></trkpt><trkpt lat="47.501671" lon="-120.841904"><ele>1405.484131</ele><time>2026-07-29T12:58:16.082Z</time></trkpt><trkpt lat="47.501583" lon="-120.842056"><ele>1406.259766</ele><time>2026-07-29T12:58:21.080Z</time></trkpt><trkpt lat="47.501579" lon="-120.842186"><ele>1409.040771</ele><time>2026-07-29T12:58:29.078Z</time></trkpt><trkpt lat="47.501606" lon="-120.842232"><ele>1405.943359</ele><time>2026-07-29T12:58:43.080Z</time></trkpt><trkpt lat="47.501606" lon="-120.842293"><ele>1405.878052</ele><time>2026-07-29T12:58:56.084Z</time></trkpt><trkpt lat="47.501579" lon="-120.842468"><ele>1410.030884</ele><time>2026-07-29T12:59:11.087Z</time></trkpt><trkpt lat="47.501507" lon="-120.842651"><ele>1414.207031</ele><time>2026-07-29T12:59:15.083Z</time></trkpt><trkpt lat="47.501472" lon="-120.842537"><ele>1414.60022</ele><time>2026-07-29T12:59:22.082Z</time></trkpt><trkpt lat="47.501423" lon="-120.842468"><ele>1416.186279</ele><time>2026-07-29T12:59:34.085Z</time></trkpt><trkpt lat="47.501369" lon="-120.842506"><ele>1420.825806</ele><time>2026-07-29T12:59:40.082Z</time></trkpt><trkpt lat="47.50135" lon="-120.842552"><ele>1421.262695</ele><time>2026-07-29T12:59:46.084Z</time></trkpt><trkpt lat="47.501274" lon="-120.842552"><ele>1419.344116</ele><time>2026-07-29T12:59:57.080Z</time></trkpt><trkpt lat="47.501217" lon="-120.842705"><ele>1426.928223</ele><time>2026-07-29T13:00:03.082Z</time></trkpt><trkpt lat="47.501179" lon="-120.84272"><ele>1425.326904</ele><time>2026-07-29T13:00:07.084Z</time></trkpt><trkpt lat="47.50103" lon="-120.842911"><ele>1428.892334</ele><time>2026-07-29T13:00:10.082Z</time></trkpt><trkpt lat="47.500965" lon="-120.843109"><ele>1432.432129</ele><time>2026-07-29T13:00:22.084Z</time></trkpt><trkpt lat="47.500889" lon="-120.843094"><ele>1430.084473</ele><time>2026-07-29T13:00:56.083Z</time></trkpt><trkpt lat="47.50082" lon="-120.843185"><ele>1433.434692</ele><time>2026-07-29T13:01:04.086Z</time></trkpt><trkpt lat="47.500561" lon="-120.843819"><ele>1442.499878</ele><time>2026-07-29T13:01:10.084Z</time></trkpt><trkpt lat="47.500549" lon="-120.843948"><ele>1442.204468</ele><time>2026-07-29T13:01:20.082Z</time></trkpt><trkpt lat="47.500504" lon="-120.844025"><ele>1444.131836</ele><time>2026-07-29T13:01:27.082Z</time></trkpt><trkpt lat="47.50032" lon="-120.844048"><ele>1450.575684</ele><time>2026-07-29T13:01:34.080Z</time></trkpt><trkpt lat="47.500145" lon="-120.844009"><ele>1452.451782</ele><time>2026-07-29T13:01:41.080Z</time></trkpt><trkpt lat="47.500011" lon="-120.844055"><ele>1454.197266</ele><time>2026-07-29T13:01:45.084Z</time></trkpt><trkpt lat="47.499996" lon="-120.843948"><ele>1458.282349</ele><time>2026-07-29T13:01:52.082Z</time></trkpt><trkpt lat="47.500015" lon="-120.843674"><ele>1457.213501</ele><time>2026-07-29T13:01:56.084Z</time></trkpt><trkpt lat="47.500084" lon="-120.843445"><ele>1458.319824</ele><time>2026-07-29T13:02:05.082Z</time></trkpt><trkpt lat="47.500134" lon="-120.843361"><ele>1457.651978</ele><time>2026-07-29T13:02:13.084Z</time></trkpt><trkpt lat="47.500191" lon="-120.843124"><ele>1463.062622</ele><time>2026-07-29T13:02:17.086Z</time></trkpt><trkpt lat="47.500195" lon="-120.842972"><ele>1464.323975</ele><time>2026-07-29T13:02:26.078Z</time></trkpt><trkpt lat="47.500225" lon="-120.842888"><ele>1468.28479</ele><time>2026-07-29T13:02:29.085Z</time></trkpt><trkpt lat="47.500229" lon="-120.842743"><ele>1464.93811</ele><time>2026-07-29T13:02:34.080Z</time></trkpt><trkpt lat="47.500263" lon="-120.842651"><ele>1468.526367</ele><time>2026-07-29T13:02:38.083Z</time></trkpt><trkpt lat="47.500202" lon="-120.842651"><ele>1468.063354</ele><time>2026-07-29T13:02:50.083Z</time></trkpt><trkpt lat="47.500183" lon="-120.842621"><ele>1472.958496</ele><time>2026-07-29T13:02:57.082Z</time></trkpt><trkpt lat="47.500061" lon="-120.842621"><ele>1475.669922</ele><time>2026-07-29T13:03:10.080Z</time></trkpt><trkpt lat="47.500076" lon="-120.842575"><ele>1477.791626</ele><time>2026-07-29T13:03:15.088Z</time></trkpt><trkpt lat="47.500053" lon="-120.842545"><ele>1477.103394</ele><time>2026-07-29T13:03:25.084Z</time></trkpt><trkpt lat="47.500031" lon="-120.842384"><ele>1482.17981</ele><time>2026-07-29T13:03:40.085Z</time></trkpt><trkpt lat="47.500057" lon="-120.842262"><ele>1483.306152</ele><time>2026-07-29T13:03:50.079Z</time></trkpt><trkpt lat="47.500042" lon="-120.842216"><ele>1482.639893</ele><time>2026-07-29T13:03:54.083Z</time></trkpt><trkpt lat="47.499973" lon="-120.842125"><ele>1484.378296</ele><time>2026-07-29T13:03:58.082Z</time></trkpt><trkpt lat="47.499943" lon="-120.842117"><ele>1483.540771</ele><time>2026-07-29T13:04:05.080Z</time></trkpt><trkpt lat="47.499821" lon="-120.84227"><ele>1486.659546</ele><time>2026-07-29T13:04:08.087Z</time></trkpt><trkpt lat="47.499626" lon="-120.842583"><ele>1495.486938</ele><time>2026-07-29T13:04:13.084Z</time></trkpt><trkpt lat="47.499592" lon="-120.842522"><ele>1494.425781</ele><time>2026-07-29T13:04:23.084Z</time></trkpt><trkpt lat="47.499527" lon="-120.842476"><ele>1496.435059</ele><time>2026-07-29T13:04:29.083Z</time></trkpt><trkpt lat="47.499504" lon="-120.842346"><ele>1497.461914</ele><time>2026-07-29T13:04:47.085Z</time></trkpt><trkpt lat="47.499489" lon="-120.84198"><ele>1496.878052</ele><time>2026-07-29T13:05:02.080Z</time></trkpt><trkpt lat="47.499439" lon="-120.841919"><ele>1498.208984</ele><time>2026-07-29T13:05:07.086Z</time></trkpt><trkpt lat="47.499466" lon="-120.841835"><ele>1498.865112</ele><time>2026-07-29T13:05:14.082Z</time></trkpt><trkpt lat="47.499458" lon="-120.841728"><ele>1502.296631</ele><time>2026-07-29T13:05:17.082Z</time></trkpt><trkpt lat="47.499523" lon="-120.841148"><ele>1502.140625</ele><time>2026-07-29T13:05:21.083Z</time></trkpt><trkpt lat="47.49966" lon="-120.840744"><ele>1506.484009</ele><time>2026-07-29T13:05:25.080Z</time></trkpt><trkpt lat="47.499748" lon="-120.840767"><ele>1506.063721</ele><time>2026-07-29T13:05:40.085Z</time></trkpt><trkpt lat="47.499763" lon="-120.840668"><ele>1510.110474</ele><time>2026-07-29T13:05:45.083Z</time></trkpt><trkpt lat="47.499786" lon="-120.840652"><ele>1508.796997</ele><time>2026-07-29T13:05:55.080Z</time></trkpt><trkpt lat="47.499882" lon="-120.840401"><ele>1512.032104</ele><time>2026-07-29T13:06:00.084Z</time></trkpt><trkpt lat="47.499905" lon="-120.840157"><ele>1509.629272</ele><time>2026-07-29T13:06:16.083Z</time></trkpt><trkpt lat="47.499851" lon="-120.839996"><ele>1511.745728</ele><time>2026-07-29T13:06:20.091Z</time></trkpt><trkpt lat="47.499771" lon="-120.839874"><ele>1512.134888</ele><time>2026-07-29T13:06:23.083Z</time></trkpt><trkpt lat="47.499779" lon="-120.83979"><ele>1510.950073</ele><time>2026-07-29T13:06:27.084Z</time></trkpt><trkpt lat="47.499722" lon="-120.839577"><ele>1512.025269</ele><time>2026-07-29T13:06:34.084Z</time></trkpt><trkpt lat="47.499645" lon="-120.839462"><ele>1513.910034</ele><time>2026-07-29T13:06:47.083Z</time></trkpt><trkpt lat="47.499496" lon="-120.839386"><ele>1516.117432</ele><time>2026-07-29T13:07:04.085Z</time></trkpt><trkpt lat="47.499397" lon="-120.839417"><ele>1521.957764</ele><time>2026-07-29T13:07:08.085Z</time></trkpt><trkpt lat="47.499332" lon="-120.839394"><ele>1519.755615</ele><time>2026-07-29T13:07:13.086Z</time></trkpt><trkpt lat="47.499264" lon="-120.839409"><ele>1520.96875</ele><time>2026-07-29T13:07:39.083Z</time></trkpt><trkpt lat="47.499199" lon="-120.83934"><ele>1525.485474</ele><time>2026-07-29T13:07:43.087Z</time></trkpt><trkpt lat="47.499187" lon="-120.839294"><ele>1525.485352</ele><time>2026-07-29T13:07:48.087Z</time></trkpt><trkpt lat="47.499153" lon="-120.839287"><ele>1525.545532</ele><time>2026-07-29T13:07:58.091Z</time></trkpt><trkpt lat="47.499126" lon="-120.839249"><ele>1525.231445</ele><time>2026-07-29T13:08:06.082Z</time></trkpt><trkpt lat="47.49894" lon="-120.839111"><ele>1531.763916</ele><time>2026-07-29T13:08:10.088Z</time></trkpt><trkpt lat="47.498928" lon="-120.839073"><ele>1532.611572</ele><time>2026-07-29T13:08:20.087Z</time></trkpt><trkpt lat="47.498997" lon="-120.838989"><ele>1531.514893</ele><time>2026-07-29T13:08:26.086Z</time></trkpt><trkpt lat="47.498936" lon="-120.838997"><ele>1537.381714</ele><time>2026-07-29T13:08:41.089Z</time></trkpt><trkpt lat="47.498711" lon="-120.838905"><ele>1541.281616</ele><time>2026-07-29T13:09:14.083Z</time></trkpt><trkpt lat="47.498665" lon="-120.838936"><ele>1544.959473</ele><time>2026-07-29T13:09:27.085Z</time></trkpt><trkpt lat="47.498661" lon="-120.838852"><ele>1548.544434</ele><time>2026-07-29T13:09:44.084Z</time></trkpt><trkpt lat="47.498634" lon="-120.838852"><ele>1547.705566</ele><time>2026-07-29T13:09:55.088Z</time></trkpt><trkpt lat="47.4986" lon="-120.838913"><ele>1548.979614</ele><time>2026-07-29T13:10:11.083Z</time></trkpt><trkpt lat="47.49855" lon="-120.838867"><ele>1548.787109</ele><time>2026-07-29T13:10:14.085Z</time></trkpt><trkpt lat="47.498524" lon="-120.838768"><ele>1551.530884</ele><time>2026-07-29T13:10:19.085Z</time></trkpt><trkpt lat="47.498489" lon="-120.838776"><ele>1553.641235</ele><time>2026-07-29T13:10:24.089Z</time></trkpt><trkpt lat="47.498466" lon="-120.838745"><ele>1552.147705</ele><time>2026-07-29T13:10:41.084Z</time></trkpt><trkpt lat="47.498432" lon="-120.838745"><ele>1557.147583</ele><time>2026-07-29T13:11:00.089Z</time></trkpt><trkpt lat="47.498405" lon="-120.838722"><ele>1554.884399</ele><time>2026-07-29T13:11:05.088Z</time></trkpt><trkpt lat="47.498558" lon="-120.838509"><ele>1559.188232</ele><time>2026-07-29T13:11:19.088Z</time></trkpt><trkpt lat="47.498585" lon="-120.838379"><ele>1564.184814</ele><time>2026-07-29T13:11:23.086Z</time></trkpt><trkpt lat="47.498672" lon="-120.838326"><ele>1570.932251</ele><time>2026-07-29T13:11:31.087Z</time></trkpt><trkpt lat="47.498699" lon="-120.838196"><ele>1573.328979</ele><time>2026-07-29T13:11:37.088Z</time></trkpt><trkpt lat="47.49873" lon="-120.838188"><ele>1572.976196</ele><time>2026-07-29T13:11:44.087Z</time></trkpt><trkpt lat="47.498802" lon="-120.83812"><ele>1576.961426</ele><time>2026-07-29T13:11:48.087Z</time></trkpt><trkpt lat="47.498924" lon="-120.837975"><ele>1575.970947</ele><time>2026-07-29T13:12:13.088Z</time></trkpt><trkpt lat="47.499016" lon="-120.837814"><ele>1577.44397</ele><time>2026-07-29T13:12:19.084Z</time></trkpt><trkpt lat="47.499119" lon="-120.837708"><ele>1572.838013</ele><time>2026-07-29T13:12:24.087Z</time></trkpt><trkpt lat="47.499203" lon="-120.837563"><ele>1572.598877</ele><time>2026-07-29T13:12:35.088Z</time></trkpt><trkpt lat="47.499432" lon="-120.837418"><ele>1569.951782</ele><time>2026-07-29T13:13:02.080Z</time></trkpt><trkpt lat="47.499538" lon="-120.837234"><ele>1570.062378</ele><time>2026-07-29T13:13:07.087Z</time></trkpt><trkpt lat="47.499592" lon="-120.837181"><ele>1570.120605</ele><time>2026-07-29T13:13:10.088Z</time></trkpt><trkpt lat="47.499596" lon="-120.837128"><ele>1568.780029</ele><time>2026-07-29T13:13:14.088Z</time></trkpt><trkpt lat="47.499691" lon="-120.836945"><ele>1570.081421</ele><time>2026-07-29T13:13:17.088Z</time></trkpt><trkpt lat="47.499756" lon="-120.836769"><ele>1568.385864</ele><time>2026-07-29T13:13:21.085Z</time></trkpt><trkpt lat="47.499794" lon="-120.836761"><ele>1569.725342</ele><time>2026-07-29T13:13:36.090Z</time></trkpt><trkpt lat="47.499935" lon="-120.836647"><ele>1566.654297</ele><time>2026-07-29T13:13:40.087Z</time></trkpt><trkpt lat="47.49995" lon="-120.836601"><ele>1566.661743</ele><time>2026-07-29T13:13:45.085Z</time></trkpt><trkpt lat="47.49992" lon="-120.836563"><ele>1570.522705</ele><time>2026-07-29T13:13:52.084Z</time></trkpt><trkpt lat="47.499931" lon="-120.83651"><ele>1570.19873</ele><time>2026-07-29T13:14:00.088Z</time></trkpt><trkpt lat="47.500065" lon="-120.836349"><ele>1574.701416</ele><time>2026-07-29T13:14:04.088Z</time></trkpt><trkpt lat="47.500134" lon="-120.836235"><ele>1571.15625</ele><time>2026-07-29T13:14:08.085Z</time></trkpt><trkpt lat="47.500095" lon="-120.836235"><ele>1573.389893</ele><time>2026-07-29T13:14:19.090Z</time></trkpt><trkpt lat="47.500042" lon="-120.836082"><ele>1577.680786</ele><time>2026-07-29T13:14:30.090Z</time></trkpt><trkpt lat="47.500057" lon="-120.835899"><ele>1581.579468</ele><time>2026-07-29T13:14:34.089Z</time></trkpt><trkpt lat="47.499989" lon="-120.835922"><ele>1584.397705</ele><time>2026-07-29T13:14:38.086Z</time></trkpt><trkpt lat="47.499962" lon="-120.835953"><ele>1583.671021</ele><time>2026-07-29T13:14:46.086Z</time></trkpt><trkpt lat="47.49995" lon="-120.835999"><ele>1585.243042</ele><time>2026-07-29T13:14:50.086Z</time></trkpt><trkpt lat="47.499897" lon="-120.836037"><ele>1585.814209</ele><time>2026-07-29T13:14:59.089Z</time></trkpt><trkpt lat="47.499706" lon="-120.836288"><ele>1588.358887</ele><time>2026-07-29T13:15:03.089Z</time></trkpt><trkpt lat="47.499641" lon="-120.836334"><ele>1588.654297</ele><time>2026-07-29T13:15:07.091Z</time></trkpt><trkpt lat="47.499531" lon="-120.836456"><ele>1587.018433</ele><time>2026-07-29T13:15:10.084Z</time></trkpt><trkpt lat="47.499485" lon="-120.836533"><ele>1587.37793</ele><time>2026-07-29T13:15:14.089Z</time></trkpt><trkpt lat="47.499386" lon="-120.836632"><ele>1586.373413</ele><time>2026-07-29T13:15:26.090Z</time></trkpt><trkpt lat="47.499355" lon="-120.836624"><ele>1585.636719</ele><time>2026-07-29T13:15:30.087Z</time></trkpt><trkpt lat="47.499313" lon="-120.836685"><ele>1590.524292</ele><time>2026-07-29T13:15:34.087Z</time></trkpt><trkpt lat="47.499142" lon="-120.836838"><ele>1592.250488</ele><time>2026-07-29T13:15:38.092Z</time></trkpt><trkpt lat="47.499081" lon="-120.836929"><ele>1596.904175</ele><time>2026-07-29T13:15:41.085Z</time></trkpt><trkpt lat="47.499023" lon="-120.836929"><ele>1594.912598</ele><time>2026-07-29T13:15:46.092Z</time></trkpt><trkpt lat="47.498848" lon="-120.837059"><ele>1600.649902</ele><time>2026-07-29T13:15:54.089Z</time></trkpt><trkpt lat="47.49865" lon="-120.837357"><ele>1605.059326</ele><time>2026-07-29T13:16:02.086Z</time></trkpt><trkpt lat="47.498547" lon="-120.83744"><ele>1603.377808</ele><time>2026-07-29T13:16:09.086Z</time></trkpt><trkpt lat="47.49852" lon="-120.837456"><ele>1604.998169</ele><time>2026-07-29T13:16:18.086Z</time></trkpt><trkpt lat="47.498497" lon="-120.837448"><ele>1602.727295</ele><time>2026-07-29T13:16:34.084Z</time></trkpt><trkpt lat="47.498428" lon="-120.837532"><ele>1603.867432</ele><time>2026-07-29T13:17:02.088Z</time></trkpt><trkpt lat="47.498272" lon="-120.837486"><ele>1601.024048</ele><time>2026-07-29T13:17:10.085Z</time></trkpt><trkpt lat="47.498207" lon="-120.837547"><ele>1601.22583</ele><time>2026-07-29T13:17:27.088Z</time></trkpt><trkpt lat="47.498138" lon="-120.837547"><ele>1601.288696</ele><time>2026-07-29T13:17:32.085Z</time></trkpt><trkpt lat="47.497986" lon="-120.837341"><ele>1610.599121</ele><time>2026-07-29T13:17:37.085Z</time></trkpt><trkpt lat="47.497864" lon="-120.837234"><ele>1612.684326</ele><time>2026-07-29T13:17:55.086Z</time></trkpt><trkpt lat="47.497753" lon="-120.837242"><ele>1614.547852</ele><time>2026-07-29T13:17:59.091Z</time></trkpt><trkpt lat="47.497684" lon="-120.837204"><ele>1614.981812</ele><time>2026-07-29T13:18:05.090Z</time></trkpt><trkpt lat="47.49765" lon="-120.837128"><ele>1616.278931</ele><time>2026-07-29T13:18:08.086Z</time></trkpt><trkpt lat="47.497578" lon="-120.837097"><ele>1617.711426</ele><time>2026-07-29T13:18:19.087Z</time></trkpt><trkpt lat="47.497517" lon="-120.83709"><ele>1616.680176</ele><time>2026-07-29T13:18:32.085Z</time></trkpt><trkpt lat="47.497375" lon="-120.837006"><ele>1618.747437</ele><time>2026-07-29T13:18:40.086Z</time></trkpt><trkpt lat="47.497234" lon="-120.83683"><ele>1625.567017</ele><time>2026-07-29T13:18:44.087Z</time></trkpt><trkpt lat="47.497192" lon="-120.836815"><ele>1624.93457</ele><time>2026-07-29T13:18:51.088Z</time></trkpt><trkpt lat="47.497124" lon="-120.836472"><ele>1637.062988</ele><time>2026-07-29T13:18:54.085Z</time></trkpt><trkpt lat="47.497143" lon="-120.836426"><ele>1636.022339</ele><time>2026-07-29T13:19:02.086Z</time></trkpt><trkpt lat="47.497261" lon="-120.836349"><ele>1639.848022</ele><time>2026-07-29T13:19:06.088Z</time></trkpt><trkpt lat="47.497185" lon="-120.836235"><ele>1642.644287</ele><time>2026-07-29T13:19:13.088Z</time></trkpt><trkpt lat="47.497173" lon="-120.836189"><ele>1642.62793</ele><time>2026-07-29T13:19:19.089Z</time></trkpt><trkpt lat="47.497269" lon="-120.836136"><ele>1645.254761</ele><time>2026-07-29T13:19:22.086Z</time></trkpt><trkpt lat="47.497372" lon="-120.836182"><ele>1643.027222</ele><time>2026-07-29T13:19:31.089Z</time></trkpt><trkpt lat="47.497501" lon="-120.836182"><ele>1643.844604</ele><time>2026-07-29T13:19:35.089Z</time></trkpt><trkpt lat="47.497501" lon="-120.836136"><ele>1643.863892</ele><time>2026-07-29T13:19:40.091Z</time></trkpt><trkpt lat="47.497452" lon="-120.83609"><ele>1647.756348</ele><time>2026-07-29T13:19:52.087Z</time></trkpt><trkpt lat="47.49752" lon="-120.83596"><ele>1652.602661</ele><time>2026-07-29T13:20:01.085Z</time></trkpt><trkpt lat="47.497616" lon="-120.835915"><ele>1653.657715</ele><time>2026-07-29T13:20:13.089Z</time></trkpt><trkpt lat="47.497665" lon="-120.835869"><ele>1657.634888</ele><time>2026-07-29T13:20:23.088Z</time></trkpt><trkpt lat="47.497585" lon="-120.835793"><ele>1660.761963</ele><time>2026-07-29T13:20:40.090Z</time></trkpt><trkpt lat="47.497581" lon="-120.835701"><ele>1659.579712</ele><time>2026-07-29T13:22:26.085Z</time></trkpt><trkpt lat="47.497639" lon="-120.835625"><ele>1666.670776</ele><time>2026-07-29T13:22:37.084Z</time></trkpt><trkpt lat="47.497608" lon="-120.835602"><ele>1666.622681</ele><time>2026-07-29T13:22:46.088Z</time></trkpt><trkpt lat="47.49757" lon="-120.835602"><ele>1667.021606</ele><time>2026-07-29T13:22:50.086Z</time></trkpt><trkpt lat="47.497547" lon="-120.835564"><ele>1667.015869</ele><time>2026-07-29T13:22:56.084Z</time></trkpt><trkpt lat="47.497532" lon="-120.83548"><ele>1671.345337</ele><time>2026-07-29T13:23:00.090Z</time></trkpt><trkpt lat="47.497555" lon="-120.835381"><ele>1672.149536</ele><time>2026-07-29T13:23:05.086Z</time></trkpt><trkpt lat="47.497677" lon="-120.835152"><ele>1681.946289</ele><time>2026-07-29T13:23:08.086Z</time></trkpt><trkpt lat="47.497761" lon="-120.835045"><ele>1684.306274</ele><time>2026-07-29T13:23:11.084Z</time></trkpt><trkpt lat="47.497772" lon="-120.834938"><ele>1689.887329</ele><time>2026-07-29T13:23:16.086Z</time></trkpt><trkpt lat="47.497803" lon="-120.834892"><ele>1689.97583</ele><time>2026-07-29T13:23:28.088Z</time></trkpt><trkpt lat="47.497818" lon="-120.834587"><ele>1695.566895</ele><time>2026-07-29T13:23:41.085Z</time></trkpt><trkpt lat="47.497784" lon="-120.834503"><ele>1698.043091</ele><time>2026-07-29T13:23:55.088Z</time></trkpt><trkpt lat="47.497753" lon="-120.83448"><ele>1698.385986</ele><time>2026-07-29T13:24:10.087Z</time></trkpt><trkpt lat="47.497585" lon="-120.834457"><ele>1700.588745</ele><time>2026-07-29T13:24:15.084Z</time></trkpt><trkpt lat="47.497555" lon="-120.834465"><ele>1700.555054</ele><time>2026-07-29T13:24:19.086Z</time></trkpt><trkpt lat="47.497456" lon="-120.83461"><ele>1705.550171</ele><time>2026-07-29T13:24:26.089Z</time></trkpt><trkpt lat="47.497391" lon="-120.834625"><ele>1704.979004</ele><time>2026-07-29T13:24:30.084Z</time></trkpt><trkpt lat="47.497334" lon="-120.834595"><ele>1706.552734</ele><time>2026-07-29T13:24:40.086Z</time></trkpt><trkpt lat="47.497276" lon="-120.83448"><ele>1708.521606</ele><time>2026-07-29T13:24:43.086Z</time></trkpt><trkpt lat="47.497215" lon="-120.834427"><ele>1708.507446</ele><time>2026-07-29T13:24:47.086Z</time></trkpt><trkpt lat="47.497147" lon="-120.834442"><ele>1709.271606</ele><time>2026-07-29T13:24:54.084Z</time></trkpt><trkpt lat="47.49704" lon="-120.834412"><ele>1713.22229</ele><time>2026-07-29T13:25:04.080Z</time></trkpt><trkpt lat="47.496986" lon="-120.834229"><ele>1708.248657</ele><time>2026-07-29T13:25:08.087Z</time></trkpt><trkpt lat="47.496922" lon="-120.834221"><ele>1707.061035</ele><time>2026-07-29T13:25:27.088Z</time></trkpt><trkpt lat="47.496899" lon="-120.834251"><ele>1707.973389</ele><time>2026-07-29T13:25:30.086Z</time></trkpt><trkpt lat="47.496864" lon="-120.834183"><ele>1705.848511</ele><time>2026-07-29T13:25:34.086Z</time></trkpt><trkpt lat="47.496845" lon="-120.834221"><ele>1705.21228</ele><time>2026-07-29T13:25:37.082Z</time></trkpt><trkpt lat="47.496567" lon="-120.834259"><ele>1704.391479</ele><time>2026-07-29T13:25:44.086Z</time></trkpt><trkpt lat="47.496616" lon="-120.834419"><ele>1705.497314</ele><time>2026-07-29T13:25:47.085Z</time></trkpt><trkpt lat="47.496609" lon="-120.834541"><ele>1706.960449</ele><time>2026-07-29T13:25:49.086Z</time></trkpt><trkpt lat="47.496635" lon="-120.834702"><ele>1709.403809</ele><time>2026-07-29T13:25:57.082Z</time></trkpt><trkpt lat="47.496609" lon="-120.834717"><ele>1709.769287</ele><time>2026-07-29T13:26:01.084Z</time></trkpt><trkpt lat="47.496578" lon="-120.834702"><ele>1709.307129</ele><time>2026-07-29T13:26:05.089Z</time></trkpt><trkpt lat="47.496487" lon="-120.834709"><ele>1713.728882</ele><time>2026-07-29T13:26:11.085Z</time></trkpt><trkpt lat="47.496418" lon="-120.834747"><ele>1712.749756</ele><time>2026-07-29T13:26:14.085Z</time></trkpt><trkpt lat="47.496395" lon="-120.834793"><ele>1713.558105</ele><time>2026-07-29T13:26:33.085Z</time></trkpt><trkpt lat="47.496288" lon="-120.834808"><ele>1712.177979</ele><time>2026-07-29T13:26:37.090Z</time></trkpt><trkpt lat="47.496243" lon="-120.834785"><ele>1712.185181</ele><time>2026-07-29T13:26:41.085Z</time></trkpt><trkpt lat="47.496174" lon="-120.834778"><ele>1710.777466</ele><time>2026-07-29T13:26:45.090Z</time></trkpt><trkpt lat="47.496128" lon="-120.834869"><ele>1710.894897</ele><time>2026-07-29T13:26:49.085Z</time></trkpt><trkpt lat="47.495998" lon="-120.835037"><ele>1710.613892</ele><time>2026-07-29T13:26:58.087Z</time></trkpt><trkpt lat="47.496002" lon="-120.835091"><ele>1713.619263</ele><time>2026-07-29T13:27:02.088Z</time></trkpt><trkpt lat="47.495911" lon="-120.83519"><ele>1713.401733</ele><time>2026-07-29T13:27:10.089Z</time></trkpt><trkpt lat="47.495693" lon="-120.83535"><ele>1715.250122</ele><time>2026-07-29T13:27:14.088Z</time></trkpt><trkpt lat="47.495533" lon="-120.835403"><ele>1712.987427</ele><time>2026-07-29T13:27:19.085Z</time></trkpt><trkpt lat="47.495506" lon="-120.835426"><ele>1714.496704</ele><time>2026-07-29T13:27:23.084Z</time></trkpt><trkpt lat="47.495415" lon="-120.835541"><ele>1712.736938</ele><time>2026-07-29T13:27:38.082Z</time></trkpt><trkpt lat="47.495293" lon="-120.835838"><ele>1708.128906</ele><time>2026-07-29T13:27:43.082Z</time></trkpt><trkpt lat="47.495319" lon="-120.835861"><ele>1709.781128</ele><time>2026-07-29T13:27:49.088Z</time></trkpt><trkpt lat="47.495327" lon="-120.835991"><ele>1707.130493</ele><time>2026-07-29T13:27:52.087Z</time></trkpt><trkpt lat="47.495163" lon="-120.835999"><ele>1700.470581</ele><time>2026-07-29T13:28:02.084Z</time></trkpt><trkpt lat="47.495117" lon="-120.83606"><ele>1701.058105</ele><time>2026-07-29T13:28:30.082Z</time></trkpt><trkpt lat="47.495007" lon="-120.836098"><ele>1698.387207</ele><time>2026-07-29T13:28:34.084Z</time></trkpt><trkpt lat="47.494919" lon="-120.836411"><ele>1695.77063</ele><time>2026-07-29T13:28:39.085Z</time></trkpt><trkpt lat="47.494934" lon="-120.836456"><ele>1698.71814</ele><time>2026-07-29T13:28:43.084Z</time></trkpt><trkpt lat="47.49493" lon="-120.836647"><ele>1696.279785</ele><time>2026-07-29T13:28:50.083Z</time></trkpt><trkpt lat="47.494774" lon="-120.83683"><ele>1692.988892</ele><time>2026-07-29T13:28:56.085Z</time></trkpt><trkpt lat="47.49474" lon="-120.836845"><ele>1694.506104</ele><time>2026-07-29T13:29:00.085Z</time></trkpt><trkpt lat="47.494713" lon="-120.836807"><ele>1693.177856</ele><time>2026-07-29T13:29:04.086Z</time></trkpt><trkpt lat="47.494591" lon="-120.836876"><ele>1693.317749</ele><time>2026-07-29T13:29:08.082Z</time></trkpt><trkpt lat="47.494549" lon="-120.836983"><ele>1693.213135</ele><time>2026-07-29T13:29:13.084Z</time></trkpt><trkpt lat="47.494404" lon="-120.837059"><ele>1693.94812</ele><time>2026-07-29T13:29:17.090Z</time></trkpt><trkpt lat="47.49432" lon="-120.837173"><ele>1700.46875</ele><time>2026-07-29T13:29:23.084Z</time></trkpt><trkpt lat="47.494194" lon="-120.837212"><ele>1701.578369</ele><time>2026-07-29T13:29:51.082Z</time></trkpt><trkpt lat="47.494122" lon="-120.837173"><ele>1701.347778</ele><time>2026-07-29T13:29:56.084Z</time></trkpt><trkpt lat="47.49411" lon="-120.837112"><ele>1702.669678</ele><time>2026-07-29T13:30:01.086Z</time></trkpt><trkpt lat="47.494072" lon="-120.837082"><ele>1702.545044</ele><time>2026-07-29T13:30:06.086Z</time></trkpt><trkpt lat="47.493877" lon="-120.837082"><ele>1698.227051</ele><time>2026-07-29T13:30:13.082Z</time></trkpt><trkpt lat="47.493713" lon="-120.836899"><ele>1703.680908</ele><time>2026-07-29T13:30:18.080Z</time></trkpt><trkpt lat="47.493626" lon="-120.83683"><ele>1701.5979</ele><time>2026-07-29T13:30:23.085Z</time></trkpt><trkpt lat="47.493595" lon="-120.836761"><ele>1702.303101</ele><time>2026-07-29T13:30:31.084Z</time></trkpt><trkpt lat="47.493484" lon="-120.836647"><ele>1699.578369</ele><time>2026-07-29T13:30:51.085Z</time></trkpt><trkpt lat="47.493404" lon="-120.836617"><ele>1700.412109</ele><time>2026-07-29T13:31:02.083Z</time></trkpt><trkpt lat="47.493359" lon="-120.836617"><ele>1698.801147</ele><time>2026-07-29T13:31:07.084Z</time></trkpt><trkpt lat="47.493336" lon="-120.836662"><ele>1700.497559</ele><time>2026-07-29T13:31:26.083Z</time></trkpt><trkpt lat="47.493122" lon="-120.836761"><ele>1704.875</ele><time>2026-07-29T13:31:40.084Z</time></trkpt><trkpt lat="47.492912" lon="-120.836731"><ele>1704.598145</ele><time>2026-07-29T13:31:47.088Z</time></trkpt><trkpt lat="47.492847" lon="-120.836845"><ele>1706.024048</ele><time>2026-07-29T13:32:03.084Z</time></trkpt><trkpt lat="47.492668" lon="-120.836945"><ele>1701.597046</ele><time>2026-07-29T13:32:10.091Z</time></trkpt><trkpt lat="47.492638" lon="-120.836922"><ele>1702.074097</ele><time>2026-07-29T13:32:18.088Z</time></trkpt><trkpt lat="47.492599" lon="-120.836929"><ele>1701.099121</ele><time>2026-07-29T13:32:38.087Z</time></trkpt><trkpt lat="47.492542" lon="-120.836853"><ele>1700.474731</ele><time>2026-07-29T13:32:44.083Z</time></trkpt><trkpt lat="47.492455" lon="-120.836685"><ele>1700.325806</ele><time>2026-07-29T13:33:05.086Z</time></trkpt><trkpt lat="47.492393" lon="-120.836647"><ele>1703.14209</ele><time>2026-07-29T13:33:11.086Z</time></trkpt><trkpt lat="47.492386" lon="-120.836594"><ele>1700.4104</ele><time>2026-07-29T13:33:17.083Z</time></trkpt><trkpt lat="47.492321" lon="-120.836517"><ele>1699.157349</ele><time>2026-07-29T13:33:26.084Z</time></trkpt><trkpt lat="47.492294" lon="-120.836403"><ele>1702.001099</ele><time>2026-07-29T13:33:42.086Z</time></trkpt><trkpt lat="47.49218" lon="-120.836464"><ele>1700.244873</ele><time>2026-07-29T13:33:47.085Z</time></trkpt><trkpt lat="47.492104" lon="-120.836586"><ele>1701.121094</ele><time>2026-07-29T13:33:56.087Z</time></trkpt><trkpt lat="47.492043" lon="-120.836784"><ele>1703.831421</ele><time>2026-07-29T13:34:15.086Z</time></trkpt><trkpt lat="47.492004" lon="-120.836807"><ele>1704.456909</ele><time>2026-07-29T13:34:19.085Z</time></trkpt><trkpt lat="47.491951" lon="-120.836914"><ele>1703.649902</ele><time>2026-07-29T13:34:43.091Z</time></trkpt><trkpt lat="47.491909" lon="-120.836945"><ele>1705.873535</ele><time>2026-07-29T13:34:49.092Z</time></trkpt><trkpt lat="47.49181" lon="-120.836899"><ele>1705.98291</ele><time>2026-07-29T13:35:09.083Z</time></trkpt><trkpt lat="47.49176" lon="-120.836922"><ele>1704.462402</ele><time>2026-07-29T13:35:15.088Z</time></trkpt><trkpt lat="47.491642" lon="-120.837059"><ele>1706.672974</ele><time>2026-07-29T13:35:23.086Z</time></trkpt><trkpt lat="47.491592" lon="-120.837082"><ele>1705.928955</ele><time>2026-07-29T13:35:32.080Z</time></trkpt><trkpt lat="47.491543" lon="-120.837067"><ele>1707.292358</ele><time>2026-07-29T13:35:38.087Z</time></trkpt><trkpt lat="47.491493" lon="-120.83709"><ele>1706.148682</ele><time>2026-07-29T13:35:52.083Z</time></trkpt><trkpt lat="47.491432" lon="-120.837074"><ele>1706.338623</ele><time>2026-07-29T13:35:58.083Z</time></trkpt><trkpt lat="47.491386" lon="-120.837021"><ele>1705.363647</ele><time>2026-07-29T13:36:02.087Z</time></trkpt><trkpt lat="47.491341" lon="-120.837013"><ele>1705.996704</ele><time>2026-07-29T13:36:18.084Z</time></trkpt><trkpt lat="47.491257" lon="-120.837204"><ele>1703.75415</ele><time>2026-07-29T13:36:26.083Z</time></trkpt><trkpt lat="47.49115" lon="-120.837242"><ele>1702.227539</ele><time>2026-07-29T13:36:36.086Z</time></trkpt><trkpt lat="47.491013" lon="-120.837326"><ele>1702.646484</ele><time>2026-07-29T13:36:40.083Z</time></trkpt><trkpt lat="47.490936" lon="-120.837448"><ele>1704.077148</ele><time>2026-07-29T13:36:45.084Z</time></trkpt><trkpt lat="47.490852" lon="-120.837502"><ele>1702.681152</ele><time>2026-07-29T13:36:56.083Z</time></trkpt><trkpt lat="47.49081" lon="-120.83754"><ele>1705.443481</ele><time>2026-07-29T13:37:00.089Z</time></trkpt><trkpt lat="47.490784" lon="-120.837601"><ele>1702.683472</ele><time>2026-07-29T13:37:27.089Z</time></trkpt><trkpt lat="47.490738" lon="-120.837624"><ele>1705.970215</ele><time>2026-07-29T13:37:31.084Z</time></trkpt><trkpt lat="47.490635" lon="-120.837608"><ele>1703.241821</ele><time>2026-07-29T13:37:37.086Z</time></trkpt><trkpt lat="47.490585" lon="-120.837578"><ele>1707.74353</ele><time>2026-07-29T13:37:49.088Z</time></trkpt><trkpt lat="47.490486" lon="-120.837585"><ele>1705.738159</ele><time>2026-07-29T13:37:52.082Z</time></trkpt><trkpt lat="47.49025" lon="-120.837753"><ele>1712.13147</ele><time>2026-07-29T13:38:06.080Z</time></trkpt><trkpt lat="47.49017" lon="-120.837746"><ele>1710.716797</ele><time>2026-07-29T13:38:12.084Z</time></trkpt><trkpt lat="47.490116" lon="-120.837761"><ele>1705.43335</ele><time>2026-07-29T13:38:24.084Z</time></trkpt><trkpt lat="47.489952" lon="-120.837898"><ele>1714.614502</ele><time>2026-07-29T13:38:37.086Z</time></trkpt><trkpt lat="47.489838" lon="-120.837952"><ele>1721.145386</ele><time>2026-07-29T13:38:42.083Z</time></trkpt><trkpt lat="47.489723" lon="-120.837944"><ele>1716.627319</ele><time>2026-07-29T13:38:46.087Z</time></trkpt><trkpt lat="47.489685" lon="-120.837967"><ele>1717.868652</ele><time>2026-07-29T13:38:50.083Z</time></trkpt><trkpt lat="47.489639" lon="-120.837967"><ele>1716.83606</ele><time>2026-07-29T13:39:04.083Z</time></trkpt><trkpt lat="47.489605" lon="-120.837944"><ele>1714.349365</ele><time>2026-07-29T13:39:09.082Z</time></trkpt><trkpt lat="47.489609" lon="-120.837898"><ele>1716.234619</ele><time>2026-07-29T13:39:13.085Z</time></trkpt><trkpt lat="47.489586" lon="-120.837944"><ele>1713.493774</ele><time>2026-07-29T13:39:17.084Z</time></trkpt><trkpt lat="47.489483" lon="-120.837952"><ele>1712.331421</ele><time>2026-07-29T13:39:21.084Z</time></trkpt><trkpt lat="47.489429" lon="-120.838013"><ele>1712.1073</ele><time>2026-07-29T13:39:55.084Z</time></trkpt><trkpt lat="47.489372" lon="-120.83802"><ele>1713.050781</ele><time>2026-07-29T13:40:07.084Z</time></trkpt><trkpt lat="47.489349" lon="-120.838005"><ele>1711.778809</ele><time>2026-07-29T13:40:16.086Z</time></trkpt><trkpt lat="47.489307" lon="-120.838051"><ele>1712.327881</ele><time>2026-07-29T13:40:29.084Z</time></trkpt><trkpt lat="47.489265" lon="-120.837982"><ele>1710.157227</ele><time>2026-07-29T13:40:38.089Z</time></trkpt><trkpt lat="47.489174" lon="-120.838028"><ele>1706.410522</ele><time>2026-07-29T13:40:50.088Z</time></trkpt><trkpt lat="47.48909" lon="-120.837997"><ele>1703.158203</ele><time>2026-07-29T13:40:57.086Z</time></trkpt><trkpt lat="47.489044" lon="-120.837959"><ele>1703.635864</ele><time>2026-07-29T13:41:02.087Z</time></trkpt><trkpt lat="47.489033" lon="-120.837875"><ele>1703.241821</ele><time>2026-07-29T13:41:20.087Z</time></trkpt><trkpt lat="47.488956" lon="-120.837898"><ele>1701.45813</ele><time>2026-07-29T13:41:27.092Z</time></trkpt><trkpt lat="47.48885" lon="-120.837868"><ele>1704.514893</ele><time>2026-07-29T13:41:34.085Z</time></trkpt><trkpt lat="47.48885" lon="-120.837921"><ele>1703.088135</ele><time>2026-07-29T13:41:53.090Z</time></trkpt><trkpt lat="47.488731" lon="-120.837952"><ele>1702.781738</ele><time>2026-07-29T13:41:56.089Z</time></trkpt><trkpt lat="47.488693" lon="-120.838005"><ele>1710.060669</ele><time>2026-07-29T13:42:00.089Z</time></trkpt><trkpt lat="47.488667" lon="-120.83799"><ele>1707.788452</ele><time>2026-07-29T13:42:03.091Z</time></trkpt><trkpt lat="47.488564" lon="-120.837807"><ele>1707.031372</ele><time>2026-07-29T13:42:07.089Z</time></trkpt><trkpt lat="47.488583" lon="-120.83773"><ele>1707.755859</ele><time>2026-07-29T13:42:10.087Z</time></trkpt><trkpt lat="47.488564" lon="-120.837547"><ele>1708.216797</ele><time>2026-07-29T13:42:13.087Z</time></trkpt><trkpt lat="47.488537" lon="-120.837486"><ele>1705.076538</ele><time>2026-07-29T13:42:20.089Z</time></trkpt><trkpt lat="47.48848" lon="-120.837471"><ele>1709.53418</ele><time>2026-07-29T13:42:24.086Z</time></trkpt><trkpt lat="47.488491" lon="-120.837433"><ele>1709.108521</ele><time>2026-07-29T13:42:35.088Z</time></trkpt><trkpt lat="47.488457" lon="-120.837311"><ele>1709.523315</ele><time>2026-07-29T13:42:39.090Z</time></trkpt><trkpt lat="47.488476" lon="-120.837273"><ele>1710.989136</ele><time>2026-07-29T13:42:51.086Z</time></trkpt><trkpt lat="47.48843" lon="-120.837128"><ele>1708.402954</ele><time>2026-07-29T13:43:05.087Z</time></trkpt><trkpt lat="47.48848" lon="-120.837128"><ele>1706.866455</ele><time>2026-07-29T13:43:09.087Z</time></trkpt><trkpt lat="47.488503" lon="-120.836998"><ele>1702.077515</ele><time>2026-07-29T13:43:13.087Z</time></trkpt><trkpt lat="47.488441" lon="-120.836975"><ele>1706.707153</ele><time>2026-07-29T13:43:17.091Z</time></trkpt><trkpt lat="47.488411" lon="-120.836815"><ele>1703.24939</ele><time>2026-07-29T13:43:22.089Z</time></trkpt><trkpt lat="47.488327" lon="-120.836609"><ele>1705.177734</ele><time>2026-07-29T13:43:26.090Z</time></trkpt><trkpt lat="47.488342" lon="-120.836578"><ele>1705.400024</ele><time>2026-07-29T13:43:38.084Z</time></trkpt><trkpt lat="47.488335" lon="-120.83651"><ele>1702.976685</ele><time>2026-07-29T13:43:46.086Z</time></trkpt><trkpt lat="47.488308" lon="-120.836494"><ele>1703.667358</ele><time>2026-07-29T13:43:57.088Z</time></trkpt><trkpt lat="47.488316" lon="-120.836296"><ele>1700.534668</ele><time>2026-07-29T13:44:03.087Z</time></trkpt><trkpt lat="47.488297" lon="-120.836159"><ele>1700.119019</ele><time>2026-07-29T13:44:06.087Z</time></trkpt><trkpt lat="47.488247" lon="-120.836029"><ele>1701.988403</ele><time>2026-07-29T13:44:13.089Z</time></trkpt><trkpt lat="47.488247" lon="-120.835945"><ele>1702.560059</ele><time>2026-07-29T13:44:16.093Z</time></trkpt><trkpt lat="47.488201" lon="-120.835846"><ele>1700.52356</ele><time>2026-07-29T13:44:19.095Z</time></trkpt><trkpt lat="47.488148" lon="-120.835808"><ele>1702.415161</ele><time>2026-07-29T13:44:26.090Z</time></trkpt><trkpt lat="47.488144" lon="-120.835648"><ele>1698.81897</ele><time>2026-07-29T13:44:30.088Z</time></trkpt><trkpt lat="47.488125" lon="-120.835602"><ele>1698.611694</ele><time>2026-07-29T13:44:33.087Z</time></trkpt><trkpt lat="47.488102" lon="-120.835587"><ele>1695.72644</ele><time>2026-07-29T13:44:37.093Z</time></trkpt><trkpt lat="47.488071" lon="-120.835518"><ele>1696.835571</ele><time>2026-07-29T13:44:41.087Z</time></trkpt><trkpt lat="47.488014" lon="-120.835495"><ele>1701.240479</ele><time>2026-07-29T13:44:48.091Z</time></trkpt><trkpt lat="47.487949" lon="-120.835419"><ele>1700.900146</ele><time>2026-07-29T13:44:54.090Z</time></trkpt><trkpt lat="47.487919" lon="-120.835426"><ele>1702.321045</ele><time>2026-07-29T13:44:57.089Z</time></trkpt><trkpt lat="47.487778" lon="-120.83519"><ele>1703.338013</ele><time>2026-07-29T13:45:01.089Z</time></trkpt><trkpt lat="47.487717" lon="-120.835014"><ele>1701.398804</ele><time>2026-07-29T13:45:04.089Z</time></trkpt><trkpt lat="47.487713" lon="-120.834923"><ele>1698.378296</ele><time>2026-07-29T13:45:13.090Z</time></trkpt><trkpt lat="47.487736" lon="-120.834892"><ele>1700.645996</ele><time>2026-07-29T13:45:22.090Z</time></trkpt><trkpt lat="47.487705" lon="-120.834854"><ele>1700.045044</ele><time>2026-07-29T13:45:25.092Z</time></trkpt><trkpt lat="47.487728" lon="-120.834824"><ele>1700.233521</ele><time>2026-07-29T13:45:28.090Z</time></trkpt><trkpt lat="47.487732" lon="-120.834641"><ele>1701.126831</ele><time>2026-07-29T13:45:34.092Z</time></trkpt><trkpt lat="47.487865" lon="-120.834511"><ele>1695.883179</ele><time>2026-07-29T13:45:40.088Z</time></trkpt><trkpt lat="47.487854" lon="-120.834419"><ele>1695.58313</ele><time>2026-07-29T13:45:50.089Z</time></trkpt><trkpt lat="47.487869" lon="-120.83429"><ele>1695.037109</ele><time>2026-07-29T13:46:03.092Z</time></trkpt><trkpt lat="47.487846" lon="-120.834259"><ele>1696.515259</ele><time>2026-07-29T13:46:08.093Z</time></trkpt><trkpt lat="47.487827" lon="-120.834175"><ele>1696.989624</ele><time>2026-07-29T13:46:11.090Z</time></trkpt><trkpt lat="47.487766" lon="-120.834145"><ele>1700.105957</ele><time>2026-07-29T13:46:17.090Z</time></trkpt><trkpt lat="47.487724" lon="-120.833992"><ele>1700.096191</ele><time>2026-07-29T13:46:26.088Z</time></trkpt><trkpt lat="47.487667" lon="-120.833931"><ele>1703.148682</ele><time>2026-07-29T13:46:29.088Z</time></trkpt><trkpt lat="47.487679" lon="-120.833847"><ele>1702.567871</ele><time>2026-07-29T13:46:42.093Z</time></trkpt><trkpt lat="47.487652" lon="-120.833839"><ele>1701.9552</ele><time>2026-07-29T13:46:45.096Z</time></trkpt><trkpt lat="47.487595" lon="-120.83371"><ele>1704.702393</ele><time>2026-07-29T13:46:50.089Z</time></trkpt><trkpt lat="47.48761" lon="-120.833626"><ele>1701.934204</ele><time>2026-07-29T13:46:55.090Z</time></trkpt><trkpt lat="47.487598" lon="-120.833496"><ele>1704.9104</ele><time>2026-07-29T13:46:58.089Z</time></trkpt><trkpt lat="47.487572" lon="-120.833382"><ele>1705.713257</ele><time>2026-07-29T13:47:48.086Z</time></trkpt><trkpt lat="47.487503" lon="-120.83326"><ele>1706.354614</ele><time>2026-07-29T13:47:52.095Z</time></trkpt><trkpt lat="47.487495" lon="-120.833168"><ele>1707.777344</ele><time>2026-07-29T13:47:55.084Z</time></trkpt><trkpt lat="47.487473" lon="-120.833183"><ele>1709.873291</ele><time>2026-07-29T13:48:03.087Z</time></trkpt><trkpt lat="47.487419" lon="-120.833183"><ele>1709.115967</ele><time>2026-07-29T13:48:06.088Z</time></trkpt><trkpt lat="47.487373" lon="-120.833069"><ele>1711.3927</ele><time>2026-07-29T13:48:13.090Z</time></trkpt><trkpt lat="47.487381" lon="-120.832993"><ele>1710.414673</ele><time>2026-07-29T13:48:16.086Z</time></trkpt><trkpt lat="47.487358" lon="-120.83287"><ele>1713.786499</ele><time>2026-07-29T13:48:19.090Z</time></trkpt><trkpt lat="47.487396" lon="-120.832794"><ele>1710.106567</ele><time>2026-07-29T13:48:25.093Z</time></trkpt><trkpt lat="47.487465" lon="-120.832794"><ele>1710.495117</ele><time>2026-07-29T13:48:28.093Z</time></trkpt><trkpt lat="47.48748" lon="-120.83271"><ele>1712.08728</ele><time>2026-07-29T13:48:32.088Z</time></trkpt><trkpt lat="47.487415" lon="-120.83268"><ele>1714.622925</ele><time>2026-07-29T13:48:35.089Z</time></trkpt><trkpt lat="47.48745" lon="-120.832611"><ele>1713.342651</ele><time>2026-07-29T13:48:38.087Z</time></trkpt><trkpt lat="47.487499" lon="-120.832329"><ele>1717.957642</ele><time>2026-07-29T13:48:41.091Z</time></trkpt><trkpt lat="47.487476" lon="-120.832138"><ele>1721.987427</ele><time>2026-07-29T13:48:53.090Z</time></trkpt><trkpt lat="47.487511" lon="-120.832024"><ele>1723.443237</ele><time>2026-07-29T13:48:57.090Z</time></trkpt><trkpt lat="47.487473" lon="-120.831924"><ele>1726.930664</ele><time>2026-07-29T13:49:19.090Z</time></trkpt><trkpt lat="47.487476" lon="-120.831795"><ele>1729.745605</ele><time>2026-07-29T13:49:34.093Z</time></trkpt><trkpt lat="47.487381" lon="-120.83165"><ele>1741.30896</ele><time>2026-07-29T13:49:40.090Z</time></trkpt><trkpt lat="47.48735" lon="-120.83165"><ele>1740.49939</ele><time>2026-07-29T13:49:47.088Z</time></trkpt><trkpt lat="47.487373" lon="-120.831604"><ele>1740.504883</ele><time>2026-07-29T13:50:00.089Z</time></trkpt><trkpt lat="47.48732" lon="-120.831406"><ele>1745.858521</ele><time>2026-07-29T13:50:06.091Z</time></trkpt><trkpt lat="47.487251" lon="-120.831314"><ele>1754.337402</ele><time>2026-07-29T13:50:13.090Z</time></trkpt><trkpt lat="47.487179" lon="-120.831123"><ele>1757.621582</ele><time>2026-07-29T13:50:23.089Z</time></trkpt><trkpt lat="47.487171" lon="-120.831078"><ele>1760.332886</ele><time>2026-07-29T13:50:41.086Z</time></trkpt><trkpt lat="47.487228" lon="-120.830734"><ele>1768.266602</ele><time>2026-07-29T13:50:49.087Z</time></trkpt><trkpt lat="47.487167" lon="-120.830688"><ele>1773.150879</ele><time>2026-07-29T13:51:07.090Z</time></trkpt><trkpt lat="47.487167" lon="-120.830498"><ele>1776.639404</ele><time>2026-07-29T13:51:12.083Z</time></trkpt><trkpt lat="47.487183" lon="-120.83046"><ele>1777.319946</ele><time>2026-07-29T13:51:17.092Z</time></trkpt><trkpt lat="47.487152" lon="-120.830353"><ele>1782.591064</ele><time>2026-07-29T13:51:22.091Z</time></trkpt><trkpt lat="47.487164" lon="-120.830185"><ele>1785.823853</ele><time>2026-07-29T13:51:27.089Z</time></trkpt><trkpt lat="47.487118" lon="-120.830086"><ele>1789.811523</ele><time>2026-07-29T13:51:49.092Z</time></trkpt><trkpt lat="47.487083" lon="-120.830093"><ele>1795.577026</ele><time>2026-07-29T13:51:53.087Z</time></trkpt><trkpt lat="47.487103" lon="-120.829994"><ele>1794.751221</ele><time>2026-07-29T13:52:10.088Z</time></trkpt><trkpt lat="47.487091" lon="-120.829948"><ele>1794.893433</ele><time>2026-07-29T13:52:13.088Z</time></trkpt><trkpt lat="47.487099" lon="-120.829773"><ele>1797.070557</ele><time>2026-07-29T13:52:26.087Z</time></trkpt><trkpt lat="47.487049" lon="-120.829674"><ele>1801.511841</ele><time>2026-07-29T13:52:30.088Z</time></trkpt><trkpt lat="47.486977" lon="-120.829727"><ele>1805.599976</ele><time>2026-07-29T13:52:39.088Z</time></trkpt><trkpt lat="47.486931" lon="-120.829582"><ele>1808.420532</ele><time>2026-07-29T13:52:42.086Z</time></trkpt><trkpt lat="47.486847" lon="-120.829582"><ele>1811.622559</ele><time>2026-07-29T13:52:48.088Z</time></trkpt><trkpt lat="47.486851" lon="-120.829422"><ele>1814.623901</ele><time>2026-07-29T13:52:54.089Z</time></trkpt><trkpt lat="47.486816" lon="-120.829414"><ele>1817.602295</ele><time>2026-07-29T13:53:04.090Z</time></trkpt><trkpt lat="47.486816" lon="-120.829369"><ele>1817.355103</ele><time>2026-07-29T13:53:11.085Z</time></trkpt><trkpt lat="47.486588" lon="-120.829155"><ele>1835.203857</ele><time>2026-07-29T13:53:29.088Z</time></trkpt><trkpt lat="47.486446" lon="-120.828827"><ele>1849.699219</ele><time>2026-07-29T13:53:36.090Z</time></trkpt><trkpt lat="47.486259" lon="-120.828545"><ele>1863.273926</ele><time>2026-07-29T13:53:40.087Z</time></trkpt><trkpt lat="47.486244" lon="-120.828491"><ele>1864.94751</ele><time>2026-07-29T13:53:48.090Z</time></trkpt><trkpt lat="47.486256" lon="-120.828255"><ele>1867.937744</ele><time>2026-07-29T13:53:51.087Z</time></trkpt><trkpt lat="47.486237" lon="-120.828087"><ele>1874.918701</ele><time>2026-07-29T13:54:17.092Z</time></trkpt><trkpt lat="47.486244" lon="-120.827957"><ele>1872.99353</ele><time>2026-07-29T13:54:24.087Z</time></trkpt><trkpt lat="47.486214" lon="-120.827805"><ele>1885.789917</ele><time>2026-07-29T13:54:58.089Z</time></trkpt><trkpt lat="47.486126" lon="-120.827713"><ele>1893.30835</ele><time>2026-07-29T13:55:06.087Z</time></trkpt><trkpt lat="47.486134" lon="-120.827637"><ele>1894.503784</ele><time>2026-07-29T13:55:25.089Z</time></trkpt><trkpt lat="47.486073" lon="-120.827438"><ele>1904.867188</ele><time>2026-07-29T13:55:41.089Z</time></trkpt><trkpt lat="47.486076" lon="-120.827164"><ele>1909.102905</ele><time>2026-07-29T13:55:47.086Z</time></trkpt><trkpt lat="47.48616" lon="-120.826927"><ele>1919.253906</ele><time>2026-07-29T13:56:01.090Z</time></trkpt><trkpt lat="47.486217" lon="-120.826836"><ele>1922.85791</ele><time>2026-07-29T13:56:10.088Z</time></trkpt><trkpt lat="47.486313" lon="-120.826202"><ele>1955.835815</ele><time>2026-07-29T13:56:17.092Z</time></trkpt><trkpt lat="47.486271" lon="-120.826126"><ele>1955.837158</ele><time>2026-07-29T13:56:19.088Z</time></trkpt><trkpt lat="47.48634" lon="-120.826088"><ele>1956.618774</ele><time>2026-07-29T13:56:23.085Z</time></trkpt><trkpt lat="47.486301" lon="-120.826019"><ele>1963.522827</ele><time>2026-07-29T13:56:29.092Z</time></trkpt><trkpt lat="47.486301" lon="-120.82589"><ele>1966.560791</ele><time>2026-07-29T13:56:36.088Z</time></trkpt><trkpt lat="47.486256" lon="-120.825867"><ele>1971.432861</ele><time>2026-07-29T13:56:52.089Z</time></trkpt><trkpt lat="47.486195" lon="-120.825729"><ele>1973.394531</ele><time>2026-07-29T13:56:56.088Z</time></trkpt><trkpt lat="47.486103" lon="-120.82563"><ele>1982.213623</ele><time>2026-07-29T13:56:59.087Z</time></trkpt><trkpt lat="47.486053" lon="-120.825653"><ele>1985.709473</ele><time>2026-07-29T13:57:08.088Z</time></trkpt><trkpt lat="47.485889" lon="-120.825508"><ele>1998.708008</ele><time>2026-07-29T13:57:49.086Z</time></trkpt><trkpt lat="47.485657" lon="-120.825508"><ele>2010.942017</ele><time>2026-07-29T13:57:54.091Z</time></trkpt><trkpt lat="47.485649" lon="-120.825439"><ele>2010.669678</ele><time>2026-07-29T13:58:05.080Z</time></trkpt><trkpt lat="47.485565" lon="-120.825272"><ele>2023.927979</ele><time>2026-07-29T13:58:09.088Z</time></trkpt><trkpt lat="47.485546" lon="-120.825089"><ele>2031.605835</ele><time>2026-07-29T13:58:12.093Z</time></trkpt><trkpt lat="47.485485" lon="-120.825058"><ele>2038.362061</ele><time>2026-07-29T13:58:16.087Z</time></trkpt><trkpt lat="47.485519" lon="-120.824913"><ele>2041.511597</ele><time>2026-07-29T13:58:19.090Z</time></trkpt><trkpt lat="47.485413" lon="-120.82486"><ele>2052.290039</ele><time>2026-07-29T13:58:23.085Z</time></trkpt><trkpt lat="47.485222" lon="-120.824844"><ele>2061.406982</ele><time>2026-07-29T13:58:30.090Z</time></trkpt><trkpt lat="47.485195" lon="-120.824532"><ele>2075.820801</ele><time>2026-07-29T13:58:34.093Z</time></trkpt><trkpt lat="47.485229" lon="-120.824471"><ele>2075.543701</ele><time>2026-07-29T13:58:48.093Z</time></trkpt><trkpt lat="47.485218" lon="-120.824402"><ele>2079.202148</ele><time>2026-07-29T13:58:57.088Z</time></trkpt><trkpt lat="47.485035" lon="-120.824196"><ele>2099.641602</ele><time>2026-07-29T13:59:06.088Z</time></trkpt><trkpt lat="47.484932" lon="-120.823746"><ele>2119.020752</ele><time>2026-07-29T13:59:09.092Z</time></trkpt><trkpt lat="47.484848" lon="-120.823639"><ele>2128.837646</ele><time>2026-07-29T13:59:16.091Z</time></trkpt><trkpt lat="47.484718" lon="-120.823616"><ele>2136.403809</ele><time>2026-07-29T13:59:19.089Z</time></trkpt><trkpt lat="47.484665" lon="-120.823532"><ele>2142.797852</ele><time>2026-07-29T13:59:27.093Z</time></trkpt><trkpt lat="47.484608" lon="-120.823578"><ele>2142.892334</ele><time>2026-07-29T13:59:33.090Z</time></trkpt><trkpt lat="47.484459" lon="-120.823631"><ele>2147.968994</ele><time>2026-07-29T13:59:36.090Z</time></trkpt><trkpt lat="47.48439" lon="-120.823555"><ele>2156.3396</ele><time>2026-07-29T13:59:40.092Z</time></trkpt><trkpt lat="47.484154" lon="-120.823372"><ele>2168.144287</ele><time>2026-07-29T13:59:47.086Z</time></trkpt><trkpt lat="47.484051" lon="-120.823212"><ele>2185.570068</ele><time>2026-07-29T13:59:53.089Z</time></trkpt><trkpt lat="47.483704" lon="-120.8228"><ele>2210.218262</ele><time>2026-07-29T14:00:11.089Z</time></trkpt><trkpt lat="47.483631" lon="-120.822777"><ele>2210.174805</ele><time>2026-07-29T14:00:21.090Z</time></trkpt><trkpt lat="47.483513" lon="-120.822861"><ele>2211.744873</ele><time>2026-07-29T14:00:30.092Z</time></trkpt><trkpt lat="47.483444" lon="-120.822853"><ele>2212.758789</ele><time>2026-07-29T14:00:33.087Z</time></trkpt><trkpt lat="47.483395" lon="-120.822937"><ele>2213.683838</ele><time>2026-07-29T14:00:46.092Z</time></trkpt><trkpt lat="47.48333" lon="-120.822937"><ele>2213.300537</ele><time>2026-07-29T14:00:49.091Z</time></trkpt><trkpt lat="47.483223" lon="-120.823112"><ele>2215.407715</ele><time>2026-07-29T14:01:06.092Z</time></trkpt><trkpt lat="47.483212" lon="-120.823257"><ele>2216.571289</ele><time>2026-07-29T14:01:29.091Z</time></trkpt><trkpt lat="47.483177" lon="-120.823326"><ele>2216.249756</ele><time>2026-07-29T14:01:37.091Z</time></trkpt><trkpt lat="47.483185" lon="-120.823387"><ele>2221.230469</ele><time>2026-07-29T14:01:42.087Z</time></trkpt><trkpt lat="47.483067" lon="-120.823608"><ele>2213.846191</ele><time>2026-07-29T14:01:50.086Z</time></trkpt><trkpt lat="47.482979" lon="-120.823692"><ele>2221.543213</ele><time>2026-07-29T14:01:54.090Z</time></trkpt><trkpt lat="47.482948" lon="-120.823776"><ele>2222.230957</ele><time>2026-07-29T14:01:59.091Z</time></trkpt><trkpt lat="47.482803" lon="-120.823738"><ele>2231.408203</ele><time>2026-07-29T14:02:06.097Z</time></trkpt><trkpt lat="47.482784" lon="-120.823769"><ele>2236.520752</ele><time>2026-07-29T14:02:12.090Z</time></trkpt><trkpt lat="47.482738" lon="-120.823761"><ele>2235.728027</ele><time>2026-07-29T14:02:22.088Z</time></trkpt><trkpt lat="47.482479" lon="-120.823647"><ele>2256.809326</ele><time>2026-07-29T14:02:32.090Z</time></trkpt><trkpt lat="47.482452" lon="-120.823616"><ele>2256.352295</ele><time>2026-07-29T14:02:39.092Z</time></trkpt><trkpt lat="47.482418" lon="-120.823357"><ele>2264.054932</ele><time>2026-07-29T14:02:52.090Z</time></trkpt><trkpt lat="47.482468" lon="-120.823296"><ele>2266.54126</ele><time>2026-07-29T14:02:55.091Z</time></trkpt><trkpt lat="47.482479" lon="-120.82325"><ele>2265.008301</ele><time>2026-07-29T14:02:59.093Z</time></trkpt><trkpt lat="47.48243" lon="-120.823143"><ele>2271.411133</ele><time>2026-07-29T14:03:02.090Z</time></trkpt><trkpt lat="47.482418" lon="-120.822983"><ele>2277.693115</ele><time>2026-07-29T14:03:06.090Z</time></trkpt><trkpt lat="47.482361" lon="-120.822998"><ele>2281.282471</ele><time>2026-07-29T14:03:12.092Z</time></trkpt><trkpt lat="47.482292" lon="-120.822807"><ele>2292.811035</ele><time>2026-07-29T14:03:17.089Z</time></trkpt><trkpt lat="47.482235" lon="-120.8228"><ele>2295.869385</ele><time>2026-07-29T14:03:29.091Z</time></trkpt><trkpt lat="47.482204" lon="-120.822723"><ele>2297.944336</ele><time>2026-07-29T14:03:40.089Z</time></trkpt><trkpt lat="47.482025" lon="-120.822769"><ele>2303.973145</ele><time>2026-07-29T14:03:45.090Z</time></trkpt><trkpt lat="47.481838" lon="-120.822861"><ele>2315.580566</ele><time>2026-07-29T14:03:48.093Z</time></trkpt><trkpt lat="47.481739" lon="-120.822838"><ele>2323.664063</ele><time>2026-07-29T14:03:58.091Z</time></trkpt><trkpt lat="47.481651" lon="-120.822899"><ele>2329.8125</ele><time>2026-07-29T14:04:04.092Z</time></trkpt><trkpt lat="47.481483" lon="-120.822845"><ele>2339.997559</ele><time>2026-07-29T14:04:18.088Z</time></trkpt><trkpt lat="47.481476" lon="-120.822891"><ele>2342.516113</ele><time>2026-07-29T14:04:25.091Z</time></trkpt><trkpt lat="47.481369" lon="-120.822845"><ele>2347.735596</ele><time>2026-07-29T14:04:39.086Z</time></trkpt><trkpt lat="47.481304" lon="-120.822868"><ele>2349.015625</ele><time>2026-07-29T14:04:53.089Z</time></trkpt><trkpt lat="47.481117" lon="-120.823235"><ele>2360.529785</ele><time>2026-07-29T14:04:58.093Z</time></trkpt><trkpt lat="47.481121" lon="-120.823372"><ele>2361.75415</ele><time>2026-07-29T14:05:02.090Z</time></trkpt><trkpt lat="47.481018" lon="-120.823792"><ele>2360.382568</ele><time>2026-07-29T14:05:21.088Z</time></trkpt><trkpt lat="47.480972" lon="-120.823837"><ele>2359.675293</ele><time>2026-07-29T14:05:23.089Z</time></trkpt><trkpt lat="47.480953" lon="-120.824081"><ele>2356.507568</ele><time>2026-07-29T14:05:29.088Z</time></trkpt><trkpt lat="47.4809" lon="-120.824165"><ele>2354.335205</ele><time>2026-07-29T14:05:36.093Z</time></trkpt><trkpt lat="47.48082" lon="-120.824226"><ele>2355.213867</ele><time>2026-07-29T14:05:38.093Z</time></trkpt><trkpt lat="47.480816" lon="-120.824272"><ele>2355.039795</ele><time>2026-07-29T14:05:41.091Z</time></trkpt><trkpt lat="47.48077" lon="-120.824341"><ele>2355.55957</ele><time>2026-07-29T14:05:44.092Z</time></trkpt><trkpt lat="47.48069" lon="-120.824387"><ele>2356.33252</ele><time>2026-07-29T14:05:47.093Z</time></trkpt><trkpt lat="47.480698" lon="-120.824432"><ele>2356.3396</ele><time>2026-07-29T14:05:50.088Z</time></trkpt><trkpt lat="47.480667" lon="-120.82457"><ele>2358.064453</ele><time>2026-07-29T14:05:54.092Z</time></trkpt><trkpt lat="47.480621" lon="-120.824608"><ele>2359.203857</ele><time>2026-07-29T14:05:57.090Z</time></trkpt><trkpt lat="47.480476" lon="-120.825066"><ele>2373.736084</ele><time>2026-07-29T14:06:04.088Z</time></trkpt><trkpt lat="47.480259" lon="-120.825218"><ele>2377.8125</ele><time>2026-07-29T14:06:07.099Z</time></trkpt><trkpt lat="47.480267" lon="-120.825394"><ele>2384.026611</ele><time>2026-07-29T14:06:14.090Z</time></trkpt><trkpt lat="47.480247" lon="-120.8255"><ele>2385.953369</ele><time>2026-07-29T14:06:23.090Z</time></trkpt><trkpt lat="47.480118" lon="-120.825584"><ele>2386.859619</ele><time>2026-07-29T14:06:26.089Z</time></trkpt><trkpt lat="47.480114" lon="-120.825699"><ele>2390.98999</ele><time>2026-07-29T14:06:30.089Z</time></trkpt><trkpt lat="47.480171" lon="-120.825714"><ele>2390.592773</ele><time>2026-07-29T14:06:57.091Z</time></trkpt><trkpt lat="47.480206" lon="-120.825821"><ele>2394.291504</ele><time>2026-07-29T14:07:17.086Z</time></trkpt><trkpt lat="47.480183" lon="-120.825882"><ele>2393.076904</ele><time>2026-07-29T14:07:26.088Z</time></trkpt><trkpt lat="47.480156" lon="-120.825882"><ele>2394.70874</ele><time>2026-07-29T14:07:30.093Z</time></trkpt><trkpt lat="47.480129" lon="-120.826088"><ele>2394.338379</ele><time>2026-07-29T14:07:37.087Z</time></trkpt><trkpt lat="47.480156" lon="-120.826385"><ele>2403.279541</ele><time>2026-07-29T14:07:45.090Z</time></trkpt><trkpt lat="47.48019" lon="-120.826454"><ele>2403.887939</ele><time>2026-07-29T14:07:50.088Z</time></trkpt><trkpt lat="47.480232" lon="-120.826485"><ele>2409.553955</ele><time>2026-07-29T14:07:57.089Z</time></trkpt><trkpt lat="47.480236" lon="-120.826538"><ele>2408.77417</ele><time>2026-07-29T14:08:04.095Z</time></trkpt><trkpt lat="47.480286" lon="-120.826653"><ele>2411.871094</ele><time>2026-07-29T14:08:09.088Z</time></trkpt><trkpt lat="47.480247" lon="-120.826797"><ele>2416.314941</ele><time>2026-07-29T14:08:13.089Z</time></trkpt><trkpt lat="47.480148" lon="-120.827042"><ele>2421.200684</ele><time>2026-07-29T14:08:17.089Z</time></trkpt><trkpt lat="47.480156" lon="-120.827164"><ele>2422.372559</ele><time>2026-07-29T14:08:20.093Z</time></trkpt><trkpt lat="47.480141" lon="-120.827293"><ele>2425.29126</ele><time>2026-07-29T14:08:50.087Z</time></trkpt><trkpt lat="47.480179" lon="-120.827583"><ele>2425.584717</ele><time>2026-07-29T14:08:56.090Z</time></trkpt><trkpt lat="47.480145" lon="-120.827637"><ele>2426.985596</ele><time>2026-07-29T14:09:02.093Z</time></trkpt><trkpt lat="47.48011" lon="-120.827827"><ele>2431.512207</ele><time>2026-07-29T14:09:49.088Z</time></trkpt><trkpt lat="47.480125" lon="-120.827995"><ele>2433.281738</ele><time>2026-07-29T14:09:56.089Z</time></trkpt><trkpt lat="47.480114" lon="-120.828239"><ele>2441.004639</ele><time>2026-07-29T14:10:18.083Z</time></trkpt><trkpt lat="47.480145" lon="-120.828499"><ele>2451.107422</ele><time>2026-07-29T14:10:43.084Z</time></trkpt><trkpt lat="47.480118" lon="-120.828598"><ele>2450.854492</ele><time>2026-07-29T14:10:47.086Z</time></trkpt><trkpt lat="47.480125" lon="-120.828651"><ele>2450.128906</ele><time>2026-07-29T14:11:05.092Z</time></trkpt><trkpt lat="47.480087" lon="-120.828728"><ele>2454.390869</ele><time>2026-07-29T14:11:16.090Z</time></trkpt><trkpt lat="47.480022" lon="-120.828758"><ele>2455.002441</ele><time>2026-07-29T14:11:25.090Z</time></trkpt><trkpt lat="47.480011" lon="-120.828804"><ele>2457.591064</ele><time>2026-07-29T14:11:37.086Z</time></trkpt><trkpt lat="47.479969" lon="-120.828835"><ele>2457.601563</ele><time>2026-07-29T14:11:45.087Z</time></trkpt><trkpt lat="47.480053" lon="-120.829193"><ele>2473.828857</ele><time>2026-07-29T14:11:56.087Z</time></trkpt><trkpt lat="47.479984" lon="-120.829231"><ele>2473.275635</ele><time>2026-07-29T14:12:00.087Z</time></trkpt><trkpt lat="47.479908" lon="-120.829643"><ele>2486.061768</ele><time>2026-07-29T14:12:18.091Z</time></trkpt><trkpt lat="47.479862" lon="-120.829788"><ele>2493.258301</ele><time>2026-07-29T14:12:35.084Z</time></trkpt><trkpt lat="47.479813" lon="-120.829849"><ele>2495.300537</ele><time>2026-07-29T14:12:47.089Z</time></trkpt><trkpt lat="47.479733" lon="-120.829895"><ele>2494.436768</ele><time>2026-07-29T14:13:08.092Z</time></trkpt><trkpt lat="47.479618" lon="-120.83007"><ele>2501.536377</ele><time>2026-07-29T14:13:19.089Z</time></trkpt><trkpt lat="47.479584" lon="-120.830154"><ele>2501.705566</ele><time>2026-07-29T14:13:36.089Z</time></trkpt><trkpt lat="47.479496" lon="-120.830231"><ele>2504.423584</ele><time>2026-07-29T14:13:40.091Z</time></trkpt><trkpt lat="47.479473" lon="-120.830276"><ele>2503.575439</ele><time>2026-07-29T14:13:44.090Z</time></trkpt><trkpt lat="47.479336" lon="-120.830261"><ele>2505.245361</ele><time>2026-07-29T14:13:52.086Z</time></trkpt><trkpt lat="47.479263" lon="-120.83049"><ele>2511.0354</ele><time>2026-07-29T14:14:07.086Z</time></trkpt><trkpt lat="47.479225" lon="-120.830559"><ele>2510.609863</ele><time>2026-07-29T14:14:12.092Z</time></trkpt><trkpt lat="47.479233" lon="-120.830612"><ele>2513.731445</ele><time>2026-07-29T14:14:19.087Z</time></trkpt><trkpt lat="47.479179" lon="-120.830765"><ele>2516.738037</ele><time>2026-07-29T14:14:42.088Z</time></trkpt><trkpt lat="47.479004" lon="-120.830963"><ele>2525.044189</ele><time>2026-07-29T14:15:07.089Z</time></trkpt><trkpt lat="47.478943" lon="-120.831009"><ele>2526.625488</ele><time>2026-07-29T14:15:37.089Z</time></trkpt><trkpt lat="47.478828" lon="-120.8312"><ele>2538.383789</ele><time>2026-07-29T14:15:55.088Z</time></trkpt><trkpt lat="47.478832" lon="-120.831291"><ele>2539.909668</ele><time>2026-07-29T14:16:04.086Z</time></trkpt><trkpt lat="47.478817" lon="-120.831253"><ele>2540.031494</ele><time>2026-07-29T14:16:17.086Z</time></trkpt><trkpt lat="47.478752" lon="-120.831314"><ele>2540.916992</ele><time>2026-07-29T14:16:32.086Z</time></trkpt><trkpt lat="47.478672" lon="-120.831474"><ele>2547.154541</ele><time>2026-07-29T14:16:37.087Z</time></trkpt><trkpt lat="47.478462" lon="-120.831619"><ele>2566.074951</ele><time>2026-07-29T14:16:44.088Z</time></trkpt><trkpt lat="47.478359" lon="-120.831711"><ele>2570.740234</ele><time>2026-07-29T14:16:54.085Z</time></trkpt><trkpt lat="47.478214" lon="-120.831772"><ele>2579.999512</ele><time>2026-07-29T14:17:02.087Z</time></trkpt><trkpt lat="47.478146" lon="-120.831779"><ele>2580.856689</ele><time>2026-07-29T14:17:09.086Z</time></trkpt><trkpt lat="47.477985" lon="-120.831696"><ele>2588.935059</ele><time>2026-07-29T14:17:15.086Z</time></trkpt><trkpt lat="47.477943" lon="-120.831543"><ele>2587.688721</ele><time>2026-07-29T14:17:34.090Z</time></trkpt><trkpt lat="47.477905" lon="-120.831551"><ele>2591.875488</ele><time>2026-07-29T14:17:40.087Z</time></trkpt><trkpt lat="47.477879" lon="-120.831619"><ele>2591.597412</ele><time>2026-07-29T14:18:07.084Z</time></trkpt><trkpt lat="47.47789" lon="-120.831696"><ele>2590.458252</ele><time>2026-07-29T14:18:17.085Z</time></trkpt><trkpt lat="47.477951" lon="-120.831749"><ele>2592.991699</ele><time>2026-07-29T14:18:26.088Z</time></trkpt><trkpt lat="47.477978" lon="-120.831749"><ele>2592.682373</ele><time>2026-07-29T14:18:31.086Z</time></trkpt><trkpt lat="47.477966" lon="-120.831787"><ele>2595.576172</ele><time>2026-07-29T14:18:43.086Z</time></trkpt><trkpt lat="47.478024" lon="-120.832024"><ele>2601.694824</ele><time>2026-07-29T14:18:46.090Z</time></trkpt><trkpt lat="47.47805" lon="-120.832039"><ele>2601.591064</ele><time>2026-07-29T14:18:50.085Z</time></trkpt><trkpt lat="47.47802" lon="-120.832062"><ele>2605.286377</ele><time>2026-07-29T14:18:55.086Z</time></trkpt><trkpt lat="47.478104" lon="-120.832184"><ele>2609.07666</ele><time>2026-07-29T14:18:59.087Z</time></trkpt><trkpt lat="47.478245" lon="-120.832321"><ele>2621.591797</ele><time>2026-07-29T14:19:03.083Z</time></trkpt><trkpt lat="47.478352" lon="-120.832573"><ele>2632.76416</ele><time>2026-07-29T14:19:14.084Z</time></trkpt><trkpt lat="47.47847" lon="-120.832512"><ele>2641.252441</ele><time>2026-07-29T14:19:32.084Z</time></trkpt><trkpt lat="47.478527" lon="-120.832596"><ele>2644.45752</ele><time>2026-07-29T14:19:41.088Z</time></trkpt><trkpt lat="47.478668" lon="-120.83252"><ele>2655.02417</ele><time>2026-07-29T14:19:46.099Z</time></trkpt><trkpt lat="47.478733" lon="-120.832664"><ele>2661.810303</ele><time>2026-07-29T14:21:50.087Z</time></trkpt><trkpt lat="47.478741" lon="-120.832787"><ele>2662.687012</ele><time>2026-07-29T14:22:58.084Z</time></trkpt><trkpt lat="47.478828" lon="-120.832893"><ele>2670.936279</ele><time>2026-07-29T14:23:48.086Z</time></trkpt><trkpt lat="47.478962" lon="-120.832825"><ele>2678.835938</ele><time>2026-07-29T14:23:59.080Z</time></trkpt><trkpt lat="47.478931" lon="-120.832855"><ele>2681.437012</ele><time>2026-07-29T14:24:07.083Z</time></trkpt><trkpt lat="47.478958" lon="-120.832947"><ele>2682.945068</ele><time>2026-07-29T14:24:14.086Z</time></trkpt><trkpt lat="47.479031" lon="-120.832886"><ele>2690.365479</ele><time>2026-07-29T14:24:37.083Z</time></trkpt><trkpt lat="47.479061" lon="-120.832932"><ele>2692.979492</ele><time>2026-07-29T14:25:23.085Z</time></trkpt><trkpt lat="47.479134" lon="-120.832886"><ele>2694.557617</ele><time>2026-07-29T14:25:45.085Z</time></trkpt><trkpt lat="47.479065" lon="-120.832916"><ele>2691.77124</ele><time>2026-07-29T14:25:54.084Z</time></trkpt><trkpt lat="47.478966" lon="-120.832932"><ele>2686.879883</ele><time>2026-07-29T14:25:58.087Z</time></trkpt><trkpt lat="47.478867" lon="-120.833054"><ele>2678.938477</ele><time>2026-07-29T14:26:02.084Z</time></trkpt><trkpt lat="47.478848" lon="-120.832878"><ele>2673.608643</ele><time>2026-07-29T14:26:07.080Z</time></trkpt><trkpt lat="47.478828" lon="-120.832878"><ele>2669.553467</ele><time>2026-07-29T14:26:10.077Z</time></trkpt><trkpt lat="47.478764" lon="-120.832558"><ele>2664.743164</ele><time>2026-07-29T14:26:15.090Z</time></trkpt><trkpt lat="47.478714" lon="-120.832664"><ele>2659.265381</ele><time>2026-07-29T14:26:37.083Z</time></trkpt><trkpt lat="47.47863" lon="-120.832771"><ele>2656.535156</ele><time>2026-07-29T14:26:41.082Z</time></trkpt><trkpt lat="47.478596" lon="-120.832596"><ele>2648.491455</ele><time>2026-07-29T14:26:45.084Z</time></trkpt><trkpt lat="47.478531" lon="-120.832611"><ele>2643.916016</ele><time>2026-07-29T14:26:49.085Z</time></trkpt><trkpt lat="47.478504" lon="-120.832664"><ele>2644.124268</ele><time>2026-07-29T14:27:05.084Z</time></trkpt><trkpt lat="47.478504" lon="-120.832436"><ele>2638.164307</ele><time>2026-07-29T14:27:09.085Z</time></trkpt><trkpt lat="47.478485" lon="-120.832436"><ele>2638.927002</ele><time>2026-07-29T14:27:17.086Z</time></trkpt><trkpt lat="47.478451" lon="-120.832481"><ele>2637.983887</ele><time>2026-07-29T14:27:22.082Z</time></trkpt><trkpt lat="47.47842" lon="-120.832298"><ele>2630.55835</ele><time>2026-07-29T14:27:30.084Z</time></trkpt><trkpt lat="47.478355" lon="-120.832382"><ele>2626.32959</ele><time>2026-07-29T14:27:40.088Z</time></trkpt><trkpt lat="47.478218" lon="-120.832336"><ele>2618.943604</ele><time>2026-07-29T14:27:52.082Z</time></trkpt><trkpt lat="47.478161" lon="-120.832016"><ele>2611.628906</ele><time>2026-07-29T14:27:56.083Z</time></trkpt><trkpt lat="47.478157" lon="-120.832077"><ele>2611.054932</ele><time>2026-07-29T14:28:08.083Z</time></trkpt><trkpt lat="47.4781" lon="-120.832039"><ele>2608.136475</ele><time>2026-07-29T14:28:15.083Z</time></trkpt><trkpt lat="47.478104" lon="-120.8321"><ele>2608.002686</ele><time>2026-07-29T14:28:21.084Z</time></trkpt><trkpt lat="47.478085" lon="-120.8321"><ele>2606.583008</ele><time>2026-07-29T14:28:25.084Z</time></trkpt><trkpt lat="47.478081" lon="-120.832138"><ele>2607.897217</ele><time>2026-07-29T14:28:30.087Z</time></trkpt><trkpt lat="47.478039" lon="-120.832146"><ele>2605.039795</ele><time>2026-07-29T14:28:43.084Z</time></trkpt><trkpt lat="47.478027" lon="-120.831909"><ele>2597.493896</ele><time>2026-07-29T14:28:47.085Z</time></trkpt><trkpt lat="47.477962" lon="-120.831879"><ele>2594.258301</ele><time>2026-07-29T14:28:51.088Z</time></trkpt><trkpt lat="47.477966" lon="-120.831787"><ele>2595.266357</ele><time>2026-07-29T14:18:43.086Z</time></trkpt><trkpt lat="47.477924" lon="-120.831749"><ele>2591.4375</ele><time>2026-07-29T14:29:07.083Z</time></trkpt><trkpt lat="47.477909" lon="-120.831703"><ele>2592.202637</ele><time>2026-07-29T14:29:25.089Z</time></trkpt><trkpt lat="47.477924" lon="-120.831642"><ele>2591.526855</ele><time>2026-07-29T14:29:29.084Z</time></trkpt><trkpt lat="47.477894" lon="-120.831604"><ele>2589.037598</ele><time>2026-07-29T14:29:44.084Z</time></trkpt><trkpt lat="47.477898" lon="-120.831581"><ele>2589.349854</ele><time>2026-07-29T14:29:48.086Z</time></trkpt><trkpt lat="47.477913" lon="-120.831558"><ele>2589.616211</ele><time>2026-07-29T14:30:05.084Z</time></trkpt><trkpt lat="47.477974" lon="-120.831596"><ele>2583.744385</ele><time>2026-07-29T14:30:19.086Z</time></trkpt><trkpt lat="47.477997" lon="-120.831696"><ele>2588.513672</ele><time>2026-07-29T14:30:24.084Z</time></trkpt><trkpt lat="47.478138" lon="-120.831764"><ele>2585.141357</ele><time>2026-07-29T14:30:32.084Z</time></trkpt><trkpt lat="47.47821" lon="-120.831779"><ele>2584.849121</ele><time>2026-07-29T14:30:35.084Z</time></trkpt><trkpt lat="47.478325" lon="-120.83168"><ele>2578.743408</ele><time>2026-07-29T14:31:00.086Z</time></trkpt><trkpt lat="47.478352" lon="-120.831688"><ele>2573.851074</ele><time>2026-07-29T14:31:04.087Z</time></trkpt><trkpt lat="47.478371" lon="-120.831657"><ele>2573.940674</ele><time>2026-07-29T14:31:06.083Z</time></trkpt><trkpt lat="47.478645" lon="-120.831543"><ele>2551.560303</ele><time>2026-07-29T14:31:10.083Z</time></trkpt><trkpt lat="47.478851" lon="-120.831154"><ele>2541.635254</ele><time>2026-07-29T14:31:24.085Z</time></trkpt><trkpt lat="47.479172" lon="-120.830772"><ele>2522.294922</ele><time>2026-07-29T14:31:27.084Z</time></trkpt><trkpt lat="47.479218" lon="-120.83062"><ele>2517.267334</ele><time>2026-07-29T14:31:32.091Z</time></trkpt><trkpt lat="47.47924" lon="-120.830635"><ele>2512.753662</ele><time>2026-07-29T14:31:54.086Z</time></trkpt><trkpt lat="47.479248" lon="-120.830521"><ele>2513.450684</ele><time>2026-07-29T14:31:57.083Z</time></trkpt><trkpt lat="47.479351" lon="-120.830254"><ele>2506.372803</ele><time>2026-07-29T14:32:07.086Z</time></trkpt><trkpt lat="47.479301" lon="-120.830208"><ele>2504.991455</ele><time>2026-07-29T14:32:10.082Z</time></trkpt><trkpt lat="47.479374" lon="-120.830261"><ele>2503.391846</ele><time>2026-07-29T14:32:14.083Z</time></trkpt><trkpt lat="47.479427" lon="-120.830208"><ele>2502.34375</ele><time>2026-07-29T14:32:19.082Z</time></trkpt><trkpt lat="47.479519" lon="-120.830231"><ele>2505.725342</ele><time>2026-07-29T14:32:24.080Z</time></trkpt><trkpt lat="47.479633" lon="-120.829994"><ele>2499.171631</ele><time>2026-07-29T14:32:43.084Z</time></trkpt><trkpt lat="47.479797" lon="-120.829834"><ele>2496.740234</ele><time>2026-07-29T14:32:47.079Z</time></trkpt><trkpt lat="47.479935" lon="-120.829552"><ele>2488.432861</ele><time>2026-07-29T14:32:51.084Z</time></trkpt><trkpt lat="47.479961" lon="-120.82943"><ele>2484.872314</ele><time>2026-07-29T14:33:01.090Z</time></trkpt><trkpt lat="47.479946" lon="-120.829399"><ele>2485.174805</ele><time>2026-07-29T14:33:08.086Z</time></trkpt><trkpt lat="47.47995" lon="-120.829109"><ele>2472.286621</ele><time>2026-07-29T14:33:14.088Z</time></trkpt><trkpt lat="47.479969" lon="-120.829109"><ele>2472.405518</ele><time>2026-07-29T14:33:18.086Z</time></trkpt><trkpt lat="47.479984" lon="-120.829132"><ele>2469.540771</ele><time>2026-07-29T14:33:26.085Z</time></trkpt><trkpt lat="47.480003" lon="-120.828995"><ele>2469.354492</ele><time>2026-07-29T14:33:36.084Z</time></trkpt><trkpt lat="47.47995" lon="-120.828873"><ele>2462.578125</ele><time>2026-07-29T14:33:42.083Z</time></trkpt><trkpt lat="47.48" lon="-120.828705"><ele>2455.136475</ele><time>2026-07-29T14:34:02.086Z</time></trkpt><trkpt lat="47.48003" lon="-120.828674"><ele>2456.649902</ele><time>2026-07-29T14:34:20.079Z</time></trkpt><trkpt lat="47.480099" lon="-120.828407"><ele>2446.327393</ele><time>2026-07-29T14:34:30.085Z</time></trkpt><trkpt lat="47.480099" lon="-120.828232"><ele>2444.224609</ele><time>2026-07-29T14:34:35.085Z</time></trkpt><trkpt lat="47.480125" lon="-120.828049"><ele>2437.270752</ele><time>2026-07-29T14:34:40.087Z</time></trkpt><trkpt lat="47.480103" lon="-120.827827"><ele>2431.598877</ele><time>2026-07-29T14:34:45.083Z</time></trkpt><trkpt lat="47.480133" lon="-120.82766"><ele>2430.076904</ele><time>2026-07-29T14:35:06.086Z</time></trkpt><trkpt lat="47.480171" lon="-120.827553"><ele>2427.973145</ele><time>2026-07-29T14:35:45.086Z</time></trkpt><trkpt lat="47.480129" lon="-120.827499"><ele>2428.735596</ele><time>2026-07-29T14:36:02.090Z</time></trkpt><trkpt lat="47.480053" lon="-120.827179"><ele>2417.119141</ele><time>2026-07-29T14:36:34.087Z</time></trkpt><trkpt lat="47.480061" lon="-120.82711"><ele>2417.760254</ele><time>2026-07-29T14:36:53.089Z</time></trkpt><trkpt lat="47.480145" lon="-120.827042"><ele>2420.929932</ele><time>2026-07-29T14:37:19.080Z</time></trkpt><trkpt lat="47.480148" lon="-120.826981"><ele>2421.156738</ele><time>2026-07-29T14:37:26.087Z</time></trkpt><trkpt lat="47.480225" lon="-120.826881"><ele>2416.223633</ele><time>2026-07-29T14:37:30.087Z</time></trkpt><trkpt lat="47.480213" lon="-120.826813"><ele>2416.146484</ele><time>2026-07-29T14:37:36.088Z</time></trkpt><trkpt lat="47.480259" lon="-120.826744"><ele>2415.628662</ele><time>2026-07-29T14:37:42.087Z</time></trkpt><trkpt lat="47.480263" lon="-120.826622"><ele>2410.348877</ele><time>2026-07-29T14:37:45.087Z</time></trkpt><trkpt lat="47.480297" lon="-120.826462"><ele>2410.712158</ele><time>2026-07-29T14:37:53.088Z</time></trkpt><trkpt lat="47.480274" lon="-120.82637"><ele>2409.262939</ele><time>2026-07-29T14:38:01.086Z</time></trkpt><trkpt lat="47.480328" lon="-120.82621"><ele>2404.666992</ele><time>2026-07-29T14:38:14.088Z</time></trkpt><trkpt lat="47.480312" lon="-120.826233"><ele>2402.762451</ele><time>2026-07-29T14:38:23.087Z</time></trkpt><trkpt lat="47.480282" lon="-120.826225"><ele>2403.634766</ele><time>2026-07-29T14:38:49.088Z</time></trkpt><trkpt lat="47.480217" lon="-120.826248"><ele>2401.695801</ele><time>2026-07-29T14:38:53.085Z</time></trkpt><trkpt lat="47.480194" lon="-120.826233"><ele>2401.846436</ele><time>2026-07-29T14:38:57.085Z</time></trkpt><trkpt lat="47.480217" lon="-120.826096"><ele>2396.090088</ele><time>2026-07-29T14:39:04.085Z</time></trkpt><trkpt lat="47.480167" lon="-120.825996"><ele>2394.312012</ele><time>2026-07-29T14:39:15.089Z</time></trkpt><trkpt lat="47.480167" lon="-120.825935"><ele>2394.943848</ele><time>2026-07-29T14:39:25.086Z</time></trkpt><trkpt lat="47.48027" lon="-120.825478"><ele>2383.683594</ele><time>2026-07-29T14:39:35.085Z</time></trkpt><trkpt lat="47.48027" lon="-120.825378"><ele>2383.344238</ele><time>2026-07-29T14:39:41.084Z</time></trkpt><trkpt lat="47.480305" lon="-120.825356"><ele>2380.468018</ele><time>2026-07-29T14:39:52.086Z</time></trkpt><trkpt lat="47.480316" lon="-120.825287"><ele>2381.313477</ele><time>2026-07-29T14:40:04.088Z</time></trkpt><trkpt lat="47.480385" lon="-120.825218"><ele>2376.482178</ele><time>2026-07-29T14:40:18.090Z</time></trkpt><trkpt lat="47.48045" lon="-120.825043"><ele>2373.340332</ele><time>2026-07-29T14:40:30.085Z</time></trkpt><trkpt lat="47.480556" lon="-120.824966"><ele>2364.641113</ele><time>2026-07-29T14:40:35.084Z</time></trkpt><trkpt lat="47.480556" lon="-120.824837"><ele>2364.443604</ele><time>2026-07-29T14:40:47.084Z</time></trkpt><trkpt lat="47.480656" lon="-120.824425"><ele>2358.022217</ele><time>2026-07-29T14:40:52.085Z</time></trkpt><trkpt lat="47.480789" lon="-120.824348"><ele>2356.522949</ele><time>2026-07-29T14:40:56.086Z</time></trkpt><trkpt lat="47.48085" lon="-120.824196"><ele>2354.60791</ele><time>2026-07-29T14:41:02.086Z</time></trkpt><trkpt lat="47.480988" lon="-120.823929"><ele>2357.970703</ele><time>2026-07-29T14:41:07.086Z</time></trkpt><trkpt lat="47.481056" lon="-120.823662"><ele>2361.130127</ele><time>2026-07-29T14:41:13.085Z</time></trkpt><trkpt lat="47.481171" lon="-120.823387"><ele>2363.08667</ele><time>2026-07-29T14:41:17.084Z</time></trkpt><trkpt lat="47.481117" lon="-120.823441"><ele>2362.938232</ele><time>2026-07-29T14:41:22.084Z</time></trkpt><trkpt lat="47.481018" lon="-120.823669"><ele>2362.716553</ele><time>2026-07-29T14:41:27.086Z</time></trkpt><trkpt lat="47.481129" lon="-120.823433"><ele>2363.641602</ele><time>2026-07-29T14:41:42.086Z</time></trkpt><trkpt lat="47.481113" lon="-120.823257"><ele>2361.94873</ele><time>2026-07-29T14:41:47.087Z</time></trkpt><trkpt lat="47.481121" lon="-120.823112"><ele>2362.186523</ele><time>2026-07-29T14:41:52.089Z</time></trkpt><trkpt lat="47.481098" lon="-120.822968"><ele>2362.15918</ele><time>2026-07-29T14:41:59.087Z</time></trkpt><trkpt lat="47.480991" lon="-120.822876"><ele>2362.761963</ele><time>2026-07-29T14:42:05.085Z</time></trkpt><trkpt lat="47.480904" lon="-120.822853"><ele>2366.558105</ele><time>2026-07-29T14:42:12.083Z</time></trkpt><trkpt lat="47.480843" lon="-120.822739"><ele>2369.817627</ele><time>2026-07-29T14:42:19.088Z</time></trkpt><trkpt lat="47.480804" lon="-120.822701"><ele>2373.535645</ele><time>2026-07-29T14:42:32.091Z</time></trkpt><trkpt lat="47.480808" lon="-120.822617"><ele>2373.364502</ele><time>2026-07-29T14:42:41.083Z</time></trkpt><trkpt lat="47.480778" lon="-120.822441"><ele>2376.921387</ele><time>2026-07-29T14:42:51.085Z</time></trkpt><trkpt lat="47.480736" lon="-120.822411"><ele>2377.626465</ele><time>2026-07-29T14:42:55.087Z</time></trkpt><trkpt lat="47.480656" lon="-120.822426"><ele>2383.166504</ele><time>2026-07-29T14:42:58.083Z</time></trkpt><trkpt lat="47.480644" lon="-120.822334"><ele>2383.123535</ele><time>2026-07-29T14:43:04.085Z</time></trkpt><trkpt lat="47.480541" lon="-120.822151"><ele>2382.962158</ele><time>2026-07-29T14:43:08.084Z</time></trkpt><trkpt lat="47.480495" lon="-120.822105"><ele>2382.297119</ele><time>2026-07-29T14:43:13.084Z</time></trkpt><trkpt lat="47.480484" lon="-120.822029"><ele>2382.775146</ele><time>2026-07-29T14:43:23.084Z</time></trkpt><trkpt lat="47.480381" lon="-120.821861"><ele>2384.986572</ele><time>2026-07-29T14:43:27.084Z</time></trkpt><trkpt lat="47.480396" lon="-120.821693"><ele>2384.064209</ele><time>2026-07-29T14:43:33.085Z</time></trkpt><trkpt lat="47.48037" lon="-120.821632"><ele>2383.18457</ele><time>2026-07-29T14:43:39.086Z</time></trkpt><trkpt lat="47.480389" lon="-120.821609"><ele>2382.660889</ele><time>2026-07-29T14:43:51.089Z</time></trkpt><trkpt lat="47.480286" lon="-120.821396"><ele>2385.299316</ele><time>2026-07-29T14:43:56.086Z</time></trkpt><trkpt lat="47.480286" lon="-120.821342"><ele>2385.157715</ele><time>2026-07-29T14:44:01.082Z</time></trkpt><trkpt lat="47.480247" lon="-120.821205"><ele>2384.241699</ele><time>2026-07-29T14:44:08.086Z</time></trkpt><trkpt lat="47.480373" lon="-120.820763"><ele>2384.429932</ele><time>2026-07-29T14:44:19.086Z</time></trkpt><trkpt lat="47.480347" lon="-120.820557"><ele>2381.81665</ele><time>2026-07-29T14:44:24.091Z</time></trkpt><trkpt lat="47.480312" lon="-120.820465"><ele>2381.386963</ele><time>2026-07-29T14:44:40.085Z</time></trkpt><trkpt lat="47.480282" lon="-120.820274"><ele>2380.126465</ele><time>2026-07-29T14:44:51.087Z</time></trkpt><trkpt lat="47.480267" lon="-120.820251"><ele>2380.741943</ele><time>2026-07-29T14:44:59.084Z</time></trkpt><trkpt lat="47.480228" lon="-120.820282"><ele>2379.073975</ele><time>2026-07-29T14:45:13.086Z</time></trkpt><trkpt lat="47.480202" lon="-120.820274"><ele>2380.415039</ele><time>2026-07-29T14:45:23.084Z</time></trkpt><trkpt lat="47.480118" lon="-120.82019"><ele>2381.446777</ele><time>2026-07-29T14:45:31.086Z</time></trkpt><trkpt lat="47.480068" lon="-120.820206"><ele>2380.36084</ele><time>2026-07-29T14:45:43.086Z</time></trkpt><trkpt lat="47.479954" lon="-120.820145"><ele>2380.124512</ele><time>2026-07-29T14:46:00.085Z</time></trkpt><trkpt lat="47.479706" lon="-120.820107"><ele>2382.692627</ele><time>2026-07-29T14:46:04.089Z</time></trkpt><trkpt lat="47.479679" lon="-120.82"><ele>2384.283691</ele><time>2026-07-29T14:46:12.085Z</time></trkpt><trkpt lat="47.479706" lon="-120.819855"><ele>2383.204346</ele><time>2026-07-29T14:46:20.089Z</time></trkpt><trkpt lat="47.479824" lon="-120.819817"><ele>2383.781982</ele><time>2026-07-29T14:46:34.086Z</time></trkpt><trkpt lat="47.479939" lon="-120.819626"><ele>2382.508057</ele><time>2026-07-29T14:48:32.084Z</time></trkpt><trkpt lat="47.48008" lon="-120.819466"><ele>2380.684082</ele><time>2026-07-29T14:49:14.088Z</time></trkpt><trkpt lat="47.480137" lon="-120.819496"><ele>2379.030029</ele><time>2026-07-29T14:49:19.086Z</time></trkpt><trkpt lat="47.480278" lon="-120.819366"><ele>2378.865234</ele><time>2026-07-29T14:49:23.083Z</time></trkpt><trkpt lat="47.480228" lon="-120.819321"><ele>2376.393066</ele><time>2026-07-29T14:49:33.082Z</time></trkpt><trkpt lat="47.480171" lon="-120.819305"><ele>2376.739502</ele><time>2026-07-29T14:49:41.084Z</time></trkpt><trkpt lat="47.480186" lon="-120.819191"><ele>2374.144775</ele><time>2026-07-29T14:49:52.087Z</time></trkpt><trkpt lat="47.480148" lon="-120.819084"><ele>2373.390137</ele><time>2026-07-29T14:50:01.084Z</time></trkpt><trkpt lat="47.48024" lon="-120.818825"><ele>2372.446045</ele><time>2026-07-29T14:50:29.086Z</time></trkpt><trkpt lat="47.480217" lon="-120.818695"><ele>2372.447021</ele><time>2026-07-29T14:50:34.084Z</time></trkpt><trkpt lat="47.480202" lon="-120.818741"><ele>2372.063721</ele><time>2026-07-29T14:51:00.088Z</time></trkpt><trkpt lat="47.480221" lon="-120.818665"><ele>2371.220947</ele><time>2026-07-29T14:51:11.087Z</time></trkpt><trkpt lat="47.480194" lon="-120.81855"><ele>2371.385986</ele><time>2026-07-29T14:51:18.087Z</time></trkpt><trkpt lat="47.480206" lon="-120.818474"><ele>2371.238525</ele><time>2026-07-29T14:51:22.082Z</time></trkpt><trkpt lat="47.480167" lon="-120.818268"><ele>2371.112793</ele><time>2026-07-29T14:51:37.087Z</time></trkpt><trkpt lat="47.480106" lon="-120.818192"><ele>2370.340332</ele><time>2026-07-29T14:51:49.088Z</time></trkpt><trkpt lat="47.480103" lon="-120.818153"><ele>2370.49585</ele><time>2026-07-29T14:51:52.087Z</time></trkpt><trkpt lat="47.48003" lon="-120.818062"><ele>2369.278564</ele><time>2026-07-29T14:51:57.092Z</time></trkpt><trkpt lat="47.480042" lon="-120.818031"><ele>2369.366455</ele><time>2026-07-29T14:52:05.085Z</time></trkpt><trkpt lat="47.479927" lon="-120.818024"><ele>2366.347412</ele><time>2026-07-29T14:52:18.080Z</time></trkpt><trkpt lat="47.479919" lon="-120.817978"><ele>2364.453369</ele><time>2026-07-29T14:52:21.085Z</time></trkpt><trkpt lat="47.479919" lon="-120.817932"><ele>2362.917725</ele><time>2026-07-29T14:52:24.085Z</time></trkpt><trkpt lat="47.47995" lon="-120.817902"><ele>2364.743164</ele><time>2026-07-29T14:52:30.086Z</time></trkpt><trkpt lat="47.47998" lon="-120.817665"><ele>2359.861816</ele><time>2026-07-29T14:52:38.086Z</time></trkpt><trkpt lat="47.479977" lon="-120.817444"><ele>2359.400635</ele><time>2026-07-29T14:52:41.082Z</time></trkpt><trkpt lat="47.479942" lon="-120.817291"><ele>2359.337158</ele><time>2026-07-29T14:52:50.084Z</time></trkpt><trkpt lat="47.479897" lon="-120.817192"><ele>2357.489014</ele><time>2026-07-29T14:52:59.085Z</time></trkpt><trkpt lat="47.479881" lon="-120.817085"><ele>2357.054932</ele><time>2026-07-29T14:53:08.082Z</time></trkpt><trkpt lat="47.479893" lon="-120.816963"><ele>2357.786621</ele><time>2026-07-29T14:53:19.082Z</time></trkpt><trkpt lat="47.479851" lon="-120.81691"><ele>2356.620117</ele><time>2026-07-29T14:53:34.087Z</time></trkpt><trkpt lat="47.479843" lon="-120.816811"><ele>2357.150391</ele><time>2026-07-29T14:53:37.080Z</time></trkpt><trkpt lat="47.47987" lon="-120.816605"><ele>2360.326172</ele><time>2026-07-29T14:53:43.080Z</time></trkpt><trkpt lat="47.479862" lon="-120.816559"><ele>2359.826904</ele><time>2026-07-29T14:53:46.084Z</time></trkpt><trkpt lat="47.47979" lon="-120.816277"><ele>2360.334229</ele><time>2026-07-29T14:53:50.089Z</time></trkpt><trkpt lat="47.479771" lon="-120.816124"><ele>2360.028809</ele><time>2026-07-29T14:54:06.083Z</time></trkpt><trkpt lat="47.479702" lon="-120.815903"><ele>2356.489258</ele><time>2026-07-29T14:54:34.084Z</time></trkpt><trkpt lat="47.479729" lon="-120.816025"><ele>2360.141602</ele><time>2026-07-29T14:55:09.080Z</time></trkpt><trkpt lat="47.479736" lon="-120.815781"><ele>2360.299072</ele><time>2026-07-29T14:55:21.082Z</time></trkpt><trkpt lat="47.479694" lon="-120.815704"><ele>2360.487549</ele><time>2026-07-29T14:55:42.083Z</time></trkpt><trkpt lat="47.47961" lon="-120.815613"><ele>2357.366211</ele><time>2026-07-29T14:56:01.080Z</time></trkpt><trkpt lat="47.479469" lon="-120.815475"><ele>2357.094482</ele><time>2026-07-29T14:56:08.082Z</time></trkpt><trkpt lat="47.479416" lon="-120.815445"><ele>2357.634766</ele><time>2026-07-29T14:56:10.080Z</time></trkpt><trkpt lat="47.479366" lon="-120.815346"><ele>2357.0625</ele><time>2026-07-29T14:56:21.080Z</time></trkpt><trkpt lat="47.479321" lon="-120.8153"><ele>2358.346191</ele><time>2026-07-29T14:56:24.088Z</time></trkpt><trkpt lat="47.479309" lon="-120.81517"><ele>2358.201416</ele><time>2026-07-29T14:57:23.085Z</time></trkpt><trkpt lat="47.479282" lon="-120.815109"><ele>2358.655029</ele><time>2026-07-29T14:57:33.079Z</time></trkpt><trkpt lat="47.479218" lon="-120.815071"><ele>2359.59375</ele><time>2026-07-29T14:57:38.087Z</time></trkpt><trkpt lat="47.479137" lon="-120.814972"><ele>2357.220459</ele><time>2026-07-29T14:57:49.079Z</time></trkpt><trkpt lat="47.479076" lon="-120.814857"><ele>2356.989258</ele><time>2026-07-29T14:57:52.083Z</time></trkpt><trkpt lat="47.478954" lon="-120.814751"><ele>2354.657715</ele><time>2026-07-29T14:57:56.082Z</time></trkpt><trkpt lat="47.478905" lon="-120.814774"><ele>2353.826172</ele><time>2026-07-29T14:57:59.080Z</time></trkpt><trkpt lat="47.478878" lon="-120.814766"><ele>2353.869873</ele><time>2026-07-29T14:58:05.083Z</time></trkpt><trkpt lat="47.47884" lon="-120.814827"><ele>2351.485107</ele><time>2026-07-29T14:58:14.085Z</time></trkpt><trkpt lat="47.478722" lon="-120.814819"><ele>2350.184326</ele><time>2026-07-29T14:58:21.083Z</time></trkpt><trkpt lat="47.478699" lon="-120.814796"><ele>2350.57373</ele><time>2026-07-29T14:58:30.083Z</time></trkpt><trkpt lat="47.4786" lon="-120.814789"><ele>2348.089844</ele><time>2026-07-29T14:58:34.079Z</time></trkpt><trkpt lat="47.478477" lon="-120.81488"><ele>2345.522217</ele><time>2026-07-29T14:58:36.082Z</time></trkpt><trkpt lat="47.478405" lon="-120.814857"><ele>2343.600586</ele><time>2026-07-29T14:58:41.085Z</time></trkpt><trkpt lat="47.47831" lon="-120.814789"><ele>2344.886719</ele><time>2026-07-29T14:58:45.083Z</time></trkpt><trkpt lat="47.478203" lon="-120.81485"><ele>2339.678467</ele><time>2026-07-29T14:58:57.083Z</time></trkpt><trkpt lat="47.478127" lon="-120.814857"><ele>2338.706543</ele><time>2026-07-29T14:59:01.083Z</time></trkpt><trkpt lat="47.47802" lon="-120.814766"><ele>2333.554932</ele><time>2026-07-29T14:59:12.084Z</time></trkpt><trkpt lat="47.477989" lon="-120.814758"><ele>2333.670166</ele><time>2026-07-29T14:59:17.080Z</time></trkpt><trkpt lat="47.477863" lon="-120.814819"><ele>2330.269775</ele><time>2026-07-29T14:59:41.089Z</time></trkpt><trkpt lat="47.477734" lon="-120.814651"><ele>2328.971191</ele><time>2026-07-29T14:59:46.088Z</time></trkpt><trkpt lat="47.477734" lon="-120.814621"><ele>2328.51123</ele><time>2026-07-29T14:59:50.086Z</time></trkpt><trkpt lat="47.477638" lon="-120.814735"><ele>2326.639404</ele><time>2026-07-29T14:59:58.083Z</time></trkpt><trkpt lat="47.477505" lon="-120.814842"><ele>2324.660156</ele><time>2026-07-29T15:00:05.082Z</time></trkpt><trkpt lat="47.477459" lon="-120.814827"><ele>2324.273682</ele><time>2026-07-29T15:00:24.086Z</time></trkpt><trkpt lat="47.477444" lon="-120.814804"><ele>2324.650879</ele><time>2026-07-29T15:00:42.084Z</time></trkpt><trkpt lat="47.47739" lon="-120.814812"><ele>2323.321289</ele><time>2026-07-29T15:00:54.085Z</time></trkpt><trkpt lat="47.477364" lon="-120.814835"><ele>2323.403809</ele><time>2026-07-29T15:00:59.088Z</time></trkpt><trkpt lat="47.477352" lon="-120.814789"><ele>2323.239014</ele><time>2026-07-29T15:01:13.083Z</time></trkpt><trkpt lat="47.477329" lon="-120.814796"><ele>2323.894043</ele><time>2026-07-29T15:01:16.083Z</time></trkpt><trkpt lat="47.477272" lon="-120.814667"><ele>2319.500732</ele><time>2026-07-29T15:01:20.086Z</time></trkpt><trkpt lat="47.477383" lon="-120.814415"><ele>2318.837646</ele><time>2026-07-29T15:01:25.083Z</time></trkpt><trkpt lat="47.477283" lon="-120.814171"><ele>2309.802002</ele><time>2026-07-29T15:01:29.080Z</time></trkpt><trkpt lat="47.477295" lon="-120.814133"><ele>2309.983154</ele><time>2026-07-29T15:01:33.085Z</time></trkpt><trkpt lat="47.477169" lon="-120.813766"><ele>2304.473633</ele><time>2026-07-29T15:01:57.082Z</time></trkpt><trkpt lat="47.477154" lon="-120.813499"><ele>2304.685059</ele><time>2026-07-29T15:02:01.086Z</time></trkpt><trkpt lat="47.477146" lon="-120.813538"><ele>2304.647705</ele><time>2026-07-29T15:02:04.087Z</time></trkpt><trkpt lat="47.477139" lon="-120.813408"><ele>2305.484131</ele><time>2026-07-29T15:02:06.083Z</time></trkpt><trkpt lat="47.47718" lon="-120.813156"><ele>2306.830811</ele><time>2026-07-29T15:02:12.080Z</time></trkpt><trkpt lat="47.477207" lon="-120.813095"><ele>2307.171143</ele><time>2026-07-29T15:02:17.086Z</time></trkpt><trkpt lat="47.477192" lon="-120.813034"><ele>2307.379639</ele><time>2026-07-29T15:02:20.083Z</time></trkpt><trkpt lat="47.477249" lon="-120.81295"><ele>2305.083984</ele><time>2026-07-29T15:02:24.087Z</time></trkpt><trkpt lat="47.4772" lon="-120.812706"><ele>2305.803467</ele><time>2026-07-29T15:02:33.084Z</time></trkpt><trkpt lat="47.477203" lon="-120.812592"><ele>2302.744873</ele><time>2026-07-29T15:02:37.084Z</time></trkpt><trkpt lat="47.477238" lon="-120.812538"><ele>2303.233154</ele><time>2026-07-29T15:02:45.084Z</time></trkpt><trkpt lat="47.477222" lon="-120.812317"><ele>2303.562988</ele><time>2026-07-29T15:02:54.087Z</time></trkpt><trkpt lat="47.477303" lon="-120.812057"><ele>2305.228027</ele><time>2026-07-29T15:02:58.080Z</time></trkpt><trkpt lat="47.477341" lon="-120.811859"><ele>2307.091064</ele><time>2026-07-29T15:03:01.082Z</time></trkpt><trkpt lat="47.477318" lon="-120.81163"><ele>2308.088135</ele><time>2026-07-29T15:03:07.087Z</time></trkpt><trkpt lat="47.477379" lon="-120.811424"><ele>2302.85498</ele><time>2026-07-29T15:03:24.085Z</time></trkpt><trkpt lat="47.477463" lon="-120.811203"><ele>2301.888428</ele><time>2026-07-29T15:03:30.086Z</time></trkpt><trkpt lat="47.477497" lon="-120.81115"><ele>2302.051514</ele><time>2026-07-29T15:03:39.087Z</time></trkpt><trkpt lat="47.477501" lon="-120.810997"><ele>2302.333984</ele><time>2026-07-29T15:03:52.085Z</time></trkpt><trkpt lat="47.477524" lon="-120.810928"><ele>2302.720459</ele><time>2026-07-29T15:03:57.088Z</time></trkpt><trkpt lat="47.477505" lon="-120.810898"><ele>2302.22583</ele><time>2026-07-29T15:04:12.085Z</time></trkpt><trkpt lat="47.477592" lon="-120.810768"><ele>2301.823975</ele><time>2026-07-29T15:04:16.088Z</time></trkpt><trkpt lat="47.477608" lon="-120.810623"><ele>2299.910889</ele><time>2026-07-29T15:04:22.082Z</time></trkpt><trkpt lat="47.47765" lon="-120.810486"><ele>2301.205566</ele><time>2026-07-29T15:04:30.085Z</time></trkpt><trkpt lat="47.477657" lon="-120.810379"><ele>2301.347168</ele><time>2026-07-29T15:04:36.078Z</time></trkpt><trkpt lat="47.477699" lon="-120.810326"><ele>2301.844238</ele><time>2026-07-29T15:04:51.088Z</time></trkpt><trkpt lat="47.477715" lon="-120.810219"><ele>2298.988037</ele><time>2026-07-29T15:04:58.084Z</time></trkpt><trkpt lat="47.477695" lon="-120.809967"><ele>2298.007813</ele><time>2026-07-29T15:05:13.080Z</time></trkpt><trkpt lat="47.47773" lon="-120.809875"><ele>2295.615234</ele><time>2026-07-29T15:05:20.086Z</time></trkpt><trkpt lat="47.477699" lon="-120.809776"><ele>2296.665283</ele><time>2026-07-29T15:05:22.090Z</time></trkpt><trkpt lat="47.477715" lon="-120.809746"><ele>2295.670166</ele><time>2026-07-29T15:05:27.080Z</time></trkpt><trkpt lat="47.477703" lon="-120.809715"><ele>2296.62915</ele><time>2026-07-29T15:05:38.082Z</time></trkpt><trkpt lat="47.477589" lon="-120.809814"><ele>2297.030518</ele><time>2026-07-29T15:05:50.084Z</time></trkpt><trkpt lat="47.477455" lon="-120.809837"><ele>2300.129395</ele><time>2026-07-29T15:06:02.083Z</time></trkpt><trkpt lat="47.47744" lon="-120.809807"><ele>2298.715088</ele><time>2026-07-29T15:06:37.085Z</time></trkpt><trkpt lat="47.477379" lon="-120.809814"><ele>2300.022217</ele><time>2026-07-29T15:06:42.083Z</time></trkpt><trkpt lat="47.477348" lon="-120.809799"><ele>2299.700195</ele><time>2026-07-29T15:06:47.083Z</time></trkpt><trkpt lat="47.477245" lon="-120.8097"><ele>2297.833984</ele><time>2026-07-29T15:06:55.080Z</time></trkpt><trkpt lat="47.477249" lon="-120.809563"><ele>2294.553467</ele><time>2026-07-29T15:07:02.089Z</time></trkpt><trkpt lat="47.477184" lon="-120.809303"><ele>2294.365967</ele><time>2026-07-29T15:07:06.087Z</time></trkpt><trkpt lat="47.477211" lon="-120.809265"><ele>2291.888184</ele><time>2026-07-29T15:07:10.082Z</time></trkpt><trkpt lat="47.477146" lon="-120.809135"><ele>2293.678955</ele><time>2026-07-29T15:07:28.080Z</time></trkpt><trkpt lat="47.477139" lon="-120.809059"><ele>2295.475342</ele><time>2026-07-29T15:07:43.082Z</time></trkpt><trkpt lat="47.477169" lon="-120.808998"><ele>2293.922607</ele><time>2026-07-29T15:07:49.088Z</time></trkpt><trkpt lat="47.47715" lon="-120.808632"><ele>2297.126709</ele><time>2026-07-29T15:08:00.083Z</time></trkpt><trkpt lat="47.477165" lon="-120.808311"><ele>2296.82666</ele><time>2026-07-29T15:08:07.080Z</time></trkpt><trkpt lat="47.477299" lon="-120.808067"><ele>2297.052979</ele><time>2026-07-29T15:08:59.083Z</time></trkpt><trkpt lat="47.477432" lon="-120.807922"><ele>2293.310059</ele><time>2026-07-29T15:09:19.080Z</time></trkpt><trkpt lat="47.477509" lon="-120.807686"><ele>2293.544678</ele><time>2026-07-29T15:12:25.082Z</time></trkpt><trkpt lat="47.477581" lon="-120.80761"><ele>2293.008301</ele><time>2026-07-29T15:12:40.083Z</time></trkpt><trkpt lat="47.477612" lon="-120.807503"><ele>2294.57373</ele><time>2026-07-29T15:13:00.080Z</time></trkpt><trkpt lat="47.477604" lon="-120.80735"><ele>2295.111816</ele><time>2026-07-29T15:13:30.080Z</time></trkpt><trkpt lat="47.477623" lon="-120.807289"><ele>2295.772949</ele><time>2026-07-29T15:13:54.080Z</time></trkpt><trkpt lat="47.477673" lon="-120.807266"><ele>2294.622559</ele><time>2026-07-29T15:14:09.082Z</time></trkpt><trkpt lat="47.477776" lon="-120.807037"><ele>2292.137939</ele><time>2026-07-29T15:14:17.084Z</time></trkpt><trkpt lat="47.477806" lon="-120.806854"><ele>2291.740967</ele><time>2026-07-29T15:14:36.083Z</time></trkpt><trkpt lat="47.477852" lon="-120.806755"><ele>2291.877197</ele><time>2026-07-29T15:15:09.084Z</time></trkpt><trkpt lat="47.477844" lon="-120.806702"><ele>2291.346436</ele><time>2026-07-29T15:15:36.083Z</time></trkpt><trkpt lat="47.477882" lon="-120.806602"><ele>2291.1604</ele><time>2026-07-29T15:15:57.083Z</time></trkpt><trkpt lat="47.477886" lon="-120.806519"><ele>2290.980713</ele><time>2026-07-29T15:16:30.084Z</time></trkpt><trkpt lat="47.477924" lon="-120.806465"><ele>2291.442139</ele><time>2026-07-29T15:16:35.083Z</time></trkpt><trkpt lat="47.477936" lon="-120.806343"><ele>2289.746826</ele><time>2026-07-29T15:16:40.085Z</time></trkpt><trkpt lat="47.477982" lon="-120.806183"><ele>2291.166748</ele><time>2026-07-29T15:16:55.083Z</time></trkpt><trkpt lat="47.477966" lon="-120.806038"><ele>2290.678955</ele><time>2026-07-29T15:17:44.087Z</time></trkpt><trkpt lat="47.477985" lon="-120.805771"><ele>2289.261963</ele><time>2026-07-29T15:17:47.082Z</time></trkpt><trkpt lat="47.478004" lon="-120.805695"><ele>2287.878174</ele><time>2026-07-29T15:18:01.086Z</time></trkpt><trkpt lat="47.478001" lon="-120.805504"><ele>2286.818848</ele><time>2026-07-29T15:18:05.080Z</time></trkpt><trkpt lat="47.477932" lon="-120.80529"><ele>2287.19873</ele><time>2026-07-29T15:18:10.089Z</time></trkpt><trkpt lat="47.47794" lon="-120.805061"><ele>2286.056885</ele><time>2026-07-29T15:18:27.086Z</time></trkpt><trkpt lat="47.477966" lon="-120.805"><ele>2285.852783</ele><time>2026-07-29T15:18:36.086Z</time></trkpt><trkpt lat="47.478016" lon="-120.80497"><ele>2286.321289</ele><time>2026-07-29T15:18:51.084Z</time></trkpt><trkpt lat="47.478096" lon="-120.804779"><ele>2286.457275</ele><time>2026-07-29T15:18:56.086Z</time></trkpt><trkpt lat="47.478096" lon="-120.80471"><ele>2284.814941</ele><time>2026-07-29T15:19:01.088Z</time></trkpt><trkpt lat="47.477997" lon="-120.804642"><ele>2282.986084</ele><time>2026-07-29T15:19:08.089Z</time></trkpt><trkpt lat="47.477951" lon="-120.804489"><ele>2283.389893</ele><time>2026-07-29T15:19:12.084Z</time></trkpt><trkpt lat="47.477997" lon="-120.804245"><ele>2278.558838</ele><time>2026-07-29T15:19:26.089Z</time></trkpt><trkpt lat="47.478016" lon="-120.80423"><ele>2279.577881</ele><time>2026-07-29T15:19:31.087Z</time></trkpt><trkpt lat="47.478073" lon="-120.804016"><ele>2277.134766</ele><time>2026-07-29T15:19:59.086Z</time></trkpt><trkpt lat="47.47805" lon="-120.803986"><ele>2276.006592</ele><time>2026-07-29T15:20:11.088Z</time></trkpt><trkpt lat="47.47805" lon="-120.803947"><ele>2276.639893</ele><time>2026-07-29T15:20:25.080Z</time></trkpt><trkpt lat="47.478168" lon="-120.803848"><ele>2274.513428</ele><time>2026-07-29T15:21:01.091Z</time></trkpt><trkpt lat="47.478146" lon="-120.803749"><ele>2272.426514</ele><time>2026-07-29T15:21:23.085Z</time></trkpt><trkpt lat="47.47818" lon="-120.803619"><ele>2272.198242</ele><time>2026-07-29T15:21:34.092Z</time></trkpt><trkpt lat="47.478245" lon="-120.803513"><ele>2273.114014</ele><time>2026-07-29T15:22:11.083Z</time></trkpt><trkpt lat="47.478291" lon="-120.803467"><ele>2274.379883</ele><time>2026-07-29T15:22:21.087Z</time></trkpt><trkpt lat="47.478298" lon="-120.803436"><ele>2273.707031</ele><time>2026-07-29T15:22:31.084Z</time></trkpt><trkpt lat="47.4786" lon="-120.803185"><ele>2270.48584</ele><time>2026-07-29T15:22:37.086Z</time></trkpt><trkpt lat="47.478653" lon="-120.803101"><ele>2271.339111</ele><time>2026-07-29T15:22:52.089Z</time></trkpt><trkpt lat="47.478802" lon="-120.803101"><ele>2267.59668</ele><time>2026-07-29T15:24:10.089Z</time></trkpt><trkpt lat="47.478931" lon="-120.803017"><ele>2266.562256</ele><time>2026-07-29T15:24:41.083Z</time></trkpt><trkpt lat="47.479012" lon="-120.80294"><ele>2262.0625</ele><time>2026-07-29T15:26:00.089Z</time></trkpt><trkpt lat="47.479034" lon="-120.802948"><ele>2262.413574</ele><time>2026-07-29T15:27:48.082Z</time></trkpt><trkpt lat="47.479168" lon="-120.802917"><ele>2259.9104</ele><time>2026-07-29T15:28:05.090Z</time></trkpt><trkpt lat="47.479259" lon="-120.802834"><ele>2259.75415</ele><time>2026-07-29T15:28:28.082Z</time></trkpt><trkpt lat="47.479267" lon="-120.802795"><ele>2260.327881</ele><time>2026-07-29T15:28:44.083Z</time></trkpt><trkpt lat="47.479382" lon="-120.802696"><ele>2258.849609</ele><time>2026-07-29T15:29:28.089Z</time></trkpt><trkpt lat="47.479393" lon="-120.802658"><ele>2259.171387</ele><time>2026-07-29T15:29:45.086Z</time></trkpt><trkpt lat="47.479561" lon="-120.802429"><ele>2253.162109</ele><time>2026-07-29T15:30:34.086Z</time></trkpt><trkpt lat="47.479576" lon="-120.802353"><ele>2253.54248</ele><time>2026-07-29T15:31:27.082Z</time></trkpt><trkpt lat="47.479633" lon="-120.802254"><ele>2250.815186</ele><time>2026-07-29T15:31:43.083Z</time></trkpt><trkpt lat="47.479626" lon="-120.802208"><ele>2251.782471</ele><time>2026-07-29T15:32:41.083Z</time></trkpt><trkpt lat="47.479702" lon="-120.802101"><ele>2250.513672</ele><time>2026-07-29T15:33:06.084Z</time></trkpt><trkpt lat="47.479782" lon="-120.801933"><ele>2252.85376</ele><time>2026-07-29T15:33:36.080Z</time></trkpt><trkpt lat="47.479855" lon="-120.801834"><ele>2250.346436</ele><time>2026-07-29T15:33:50.086Z</time></trkpt><trkpt lat="47.479862" lon="-120.801788"><ele>2249.842773</ele><time>2026-07-29T15:34:38.084Z</time></trkpt><trkpt lat="47.479916" lon="-120.801765"><ele>2250.272217</ele><time>2026-07-29T15:35:01.085Z</time></trkpt><trkpt lat="47.480003" lon="-120.801765"><ele>2242.104248</ele><time>2026-07-29T15:35:27.085Z</time></trkpt><trkpt lat="47.480057" lon="-120.801727"><ele>2243.718262</ele><time>2026-07-29T15:39:20.080Z</time></trkpt><trkpt lat="47.48008" lon="-120.801697"><ele>2244.157471</ele><time>2026-07-29T15:39:42.083Z</time></trkpt><trkpt lat="47.480034" lon="-120.801643"><ele>2244.200439</ele><time>2026-07-29T15:39:52.086Z</time></trkpt><trkpt lat="47.480167" lon="-120.801689"><ele>2240.184326</ele><time>2026-07-29T15:40:21.085Z</time></trkpt><trkpt lat="47.480198" lon="-120.801659"><ele>2240.407959</ele><time>2026-07-29T15:40:29.084Z</time></trkpt><trkpt lat="47.480255" lon="-120.801674"><ele>2237.510986</ele><time>2026-07-29T15:40:51.085Z</time></trkpt><trkpt lat="47.48032" lon="-120.801659"><ele>2237.093506</ele><time>2026-07-29T15:41:14.091Z</time></trkpt><trkpt lat="47.480312" lon="-120.801476"><ele>2236.035156</ele><time>2026-07-29T15:41:35.085Z</time></trkpt><trkpt lat="47.480373" lon="-120.801399"><ele>2233.658936</ele><time>2026-07-29T15:41:45.088Z</time></trkpt><trkpt lat="47.480476" lon="-120.801369"><ele>2225.991455</ele><time>2026-07-29T15:42:30.083Z</time></trkpt><trkpt lat="47.480537" lon="-120.801208"><ele>2220.967041</ele><time>2026-07-29T15:42:45.085Z</time></trkpt><trkpt lat="47.480583" lon="-120.801178"><ele>2217.241211</ele><time>2026-07-29T15:44:33.090Z</time></trkpt><trkpt lat="47.480598" lon="-120.801147"><ele>2217.415527</ele><time>2026-07-29T15:45:49.084Z</time></trkpt><trkpt lat="47.480675" lon="-120.800926"><ele>2205.7854</ele><time>2026-07-29T15:46:01.088Z</time></trkpt><trkpt lat="47.480824" lon="-120.800644"><ele>2197.072021</ele><time>2026-07-29T15:47:19.089Z</time></trkpt><trkpt lat="47.48085" lon="-120.800636"><ele>2194.963867</ele><time>2026-07-29T15:47:37.093Z</time></trkpt><trkpt lat="47.480862" lon="-120.800568"><ele>2194.732422</ele><time>2026-07-29T15:48:20.091Z</time></trkpt><trkpt lat="47.480843" lon="-120.800514"><ele>2195.650391</ele><time>2026-07-29T15:49:00.085Z</time></trkpt><trkpt lat="47.480762" lon="-120.8004"><ele>2194.539307</ele><time>2026-07-29T15:49:14.085Z</time></trkpt><trkpt lat="47.480766" lon="-120.800369"><ele>2195.404541</ele><time>2026-07-29T15:49:38.092Z</time></trkpt><trkpt lat="47.480743" lon="-120.800354"><ele>2195.189697</ele><time>2026-07-29T15:50:43.085Z</time></trkpt><trkpt lat="47.480774" lon="-120.800133"><ele>2193.3125</ele><time>2026-07-29T15:51:58.087Z</time></trkpt><trkpt lat="47.48077" lon="-120.800049"><ele>2193.902344</ele><time>2026-07-29T15:53:28.088Z</time></trkpt><trkpt lat="47.480789" lon="-120.800011"><ele>2192.310059</ele><time>2026-07-29T15:54:32.095Z</time></trkpt><trkpt lat="47.480789" lon="-120.79982"><ele>2193.818848</ele><time>2026-07-29T15:55:49.091Z</time></trkpt><trkpt lat="47.480827" lon="-120.799782"><ele>2193.14624</ele><time>2026-07-29T15:56:07.086Z</time></trkpt><trkpt lat="47.480858" lon="-120.799782"><ele>2193.622314</ele><time>2026-07-29T15:57:58.086Z</time></trkpt><trkpt lat="47.480877" lon="-120.799805"><ele>2193.311279</ele><time>2026-07-29T16:00:09.085Z</time></trkpt><trkpt lat="47.480949" lon="-120.799797"><ele>2194.675537</ele><time>2026-07-29T16:00:31.079Z</time></trkpt><trkpt lat="47.481018" lon="-120.799835"><ele>2192.958496</ele><time>2026-07-29T16:01:35.087Z</time></trkpt><trkpt lat="47.481113" lon="-120.79985"><ele>2195.138428</ele><time>2026-07-29T16:02:16.083Z</time></trkpt><trkpt lat="47.481228" lon="-120.799927"><ele>2193.820313</ele><time>2026-07-29T16:02:42.086Z</time></trkpt><trkpt lat="47.481388" lon="-120.799835"><ele>2197.433594</ele><time>2026-07-29T16:02:51.079Z</time></trkpt><trkpt lat="47.481415" lon="-120.79985"><ele>2194.766846</ele><time>2026-07-29T16:03:21.082Z</time></trkpt><trkpt lat="47.481556" lon="-120.799782"><ele>2198.268555</ele><time>2026-07-29T16:03:54.082Z</time></trkpt><trkpt lat="47.48159" lon="-120.799774"><ele>2198.503174</ele><time>2026-07-29T16:04:47.080Z</time></trkpt><trkpt lat="47.481625" lon="-120.799789"><ele>2197.353516</ele><time>2026-07-29T16:06:35.090Z</time></trkpt><trkpt lat="47.481647" lon="-120.799759"><ele>2199.627686</ele><time>2026-07-29T16:08:19.078Z</time></trkpt><trkpt lat="47.481766" lon="-120.799759"><ele>2196.683105</ele><time>2026-07-29T16:09:46.084Z</time></trkpt><trkpt lat="47.481842" lon="-120.799698"><ele>2198.220459</ele><time>2026-07-29T16:11:33.079Z</time></trkpt><trkpt lat="47.481895" lon="-120.799721"><ele>2193.189453</ele><time>2026-07-29T16:11:49.080Z</time></trkpt><trkpt lat="47.481903" lon="-120.799675"><ele>2193.687256</ele><time>2026-07-29T16:12:14.080Z</time></trkpt><trkpt lat="47.482002" lon="-120.799614"><ele>2195.655518</ele><time>2026-07-29T16:12:29.084Z</time></trkpt><trkpt lat="47.482052" lon="-120.799561"><ele>2193.078857</ele><time>2026-07-29T16:12:42.084Z</time></trkpt><trkpt lat="47.482082" lon="-120.799553"><ele>2192.299316</ele><time>2026-07-29T16:12:55.080Z</time></trkpt><trkpt lat="47.482208" lon="-120.799431"><ele>2196.301514</ele><time>2026-07-29T16:13:07.083Z</time></trkpt><trkpt lat="47.482292" lon="-120.799324"><ele>2195.804199</ele><time>2026-07-29T16:13:15.084Z</time></trkpt><trkpt lat="47.482368" lon="-120.799301"><ele>2193.827393</ele><time>2026-07-29T16:13:25.080Z</time></trkpt><trkpt lat="47.482479" lon="-120.799217"><ele>2195.891113</ele><time>2026-07-29T16:13:28.082Z</time></trkpt><trkpt lat="47.482506" lon="-120.799225"><ele>2194.52124</ele><time>2026-07-29T16:13:37.080Z</time></trkpt><trkpt lat="47.482613" lon="-120.799103"><ele>2195.274902</ele><time>2026-07-29T16:13:43.087Z</time></trkpt><trkpt lat="47.48267" lon="-120.799072"><ele>2195.437988</ele><time>2026-07-29T16:13:54.084Z</time></trkpt><trkpt lat="47.48283" lon="-120.798843"><ele>2194.633789</ele><time>2026-07-29T16:14:00.080Z</time></trkpt><trkpt lat="47.482834" lon="-120.798676"><ele>2194.974365</ele><time>2026-07-29T16:14:09.080Z</time></trkpt><trkpt lat="47.482822" lon="-120.798637"><ele>2194.615234</ele><time>2026-07-29T16:14:15.082Z</time></trkpt><trkpt lat="47.482841" lon="-120.798615"><ele>2194.64209</ele><time>2026-07-29T16:15:13.085Z</time></trkpt><trkpt lat="47.482826" lon="-120.798691"><ele>2193.066162</ele><time>2026-07-29T16:16:05.080Z</time></trkpt><trkpt lat="47.482841" lon="-120.798729"><ele>2194.249023</ele><time>2026-07-29T16:16:14.080Z</time></trkpt><trkpt lat="47.482845" lon="-120.798866"><ele>2193.107422</ele><time>2026-07-29T16:16:32.085Z</time></trkpt><trkpt lat="47.482822" lon="-120.798882"><ele>2193.170898</ele><time>2026-07-29T16:17:30.083Z</time></trkpt><trkpt lat="47.48283" lon="-120.798927"><ele>2192.151367</ele><time>2026-07-29T16:17:58.080Z</time></trkpt><trkpt lat="47.482826" lon="-120.798813"><ele>2195.939941</ele><time>2026-07-29T16:18:15.083Z</time></trkpt><trkpt lat="47.482841" lon="-120.798775"><ele>2196.150635</ele><time>2026-07-29T16:20:31.082Z</time></trkpt><trkpt lat="47.482803" lon="-120.798576"><ele>2196.321045</ele><time>2026-07-29T16:20:43.088Z</time></trkpt><trkpt lat="47.4828" lon="-120.798286"><ele>2194.669434</ele><time>2026-07-29T16:25:02.086Z</time></trkpt><trkpt lat="47.482834" lon="-120.798218"><ele>2194.773193</ele><time>2026-07-29T16:25:56.084Z</time></trkpt><trkpt lat="47.482906" lon="-120.797913"><ele>2190.50708</ele><time>2026-07-29T16:26:01.086Z</time></trkpt><trkpt lat="47.482929" lon="-120.797867"><ele>2188.641113</ele><time>2026-07-29T16:26:14.084Z</time></trkpt><trkpt lat="47.482891" lon="-120.797737"><ele>2183.845215</ele><time>2026-07-29T16:26:32.085Z</time></trkpt><trkpt lat="47.482937" lon="-120.797501"><ele>2179.904541</ele><time>2026-07-29T16:27:06.086Z</time></trkpt><trkpt lat="47.482918" lon="-120.797379"><ele>2176.039551</ele><time>2026-07-29T16:27:13.082Z</time></trkpt><trkpt lat="47.482895" lon="-120.797379"><ele>2176.07251</ele><time>2026-07-29T16:28:16.083Z</time></trkpt><trkpt lat="47.482861" lon="-120.797279"><ele>2173.924561</ele><time>2026-07-29T16:28:42.087Z</time></trkpt><trkpt lat="47.482883" lon="-120.797249"><ele>2174.419434</ele><time>2026-07-29T16:29:41.083Z</time></trkpt><trkpt lat="47.482861" lon="-120.797157"><ele>2174.501465</ele><time>2026-07-29T16:29:59.080Z</time></trkpt><trkpt lat="47.482876" lon="-120.797081"><ele>2173.165039</ele><time>2026-07-29T16:30:14.084Z</time></trkpt><trkpt lat="47.482929" lon="-120.797028"><ele>2174.126709</ele><time>2026-07-29T16:31:13.080Z</time></trkpt><trkpt lat="47.482906" lon="-120.796989"><ele>2173.035645</ele><time>2026-07-29T16:33:40.080Z</time></trkpt><trkpt lat="47.48296" lon="-120.796822"><ele>2171.331787</ele><time>2026-07-29T16:34:53.083Z</time></trkpt><trkpt lat="47.483036" lon="-120.796486"><ele>2167.553955</ele><time>2026-07-29T16:35:51.085Z</time></trkpt><trkpt lat="47.483166" lon="-120.796127"><ele>2168.199463</ele><time>2026-07-29T16:36:48.084Z</time></trkpt><trkpt lat="47.48315" lon="-120.795998"><ele>2164.62793</ele><time>2026-07-29T16:36:58.084Z</time></trkpt><trkpt lat="47.483166" lon="-120.795906"><ele>2165.031738</ele><time>2026-07-29T16:37:28.082Z</time></trkpt><trkpt lat="47.483158" lon="-120.795853"><ele>2163.926514</ele><time>2026-07-29T16:37:51.084Z</time></trkpt><trkpt lat="47.483215" lon="-120.795578"><ele>2165.791016</ele><time>2026-07-29T16:39:05.088Z</time></trkpt><trkpt lat="47.48325" lon="-120.795486"><ele>2164.644531</ele><time>2026-07-29T16:39:12.080Z</time></trkpt><trkpt lat="47.483253" lon="-120.795433"><ele>2164.544678</ele><time>2026-07-29T16:39:43.083Z</time></trkpt><trkpt lat="47.483349" lon="-120.795341"><ele>2164.891846</ele><time>2026-07-29T16:39:59.084Z</time></trkpt><trkpt lat="47.483349" lon="-120.795288"><ele>2164.062988</ele><time>2026-07-29T16:40:06.080Z</time></trkpt><trkpt lat="47.483337" lon="-120.79512"><ele>2164.674805</ele><time>2026-07-29T16:40:10.080Z</time></trkpt><trkpt lat="47.483284" lon="-120.795059"><ele>2161.31958</ele><time>2026-07-29T16:40:46.090Z</time></trkpt><trkpt lat="47.48325" lon="-120.795135"><ele>2162.502441</ele><time>2026-07-29T16:41:34.089Z</time></trkpt><trkpt lat="47.483219" lon="-120.795143"><ele>2163.753906</ele><time>2026-07-29T16:41:43.082Z</time></trkpt><trkpt lat="47.483128" lon="-120.795044"><ele>2165.040771</ele><time>2026-07-29T16:41:54.083Z</time></trkpt><trkpt lat="47.482994" lon="-120.795044"><ele>2163.579834</ele><time>2026-07-29T16:42:12.082Z</time></trkpt><trkpt lat="47.482872" lon="-120.795006"><ele>2165.600342</ele><time>2026-07-29T16:42:23.082Z</time></trkpt><trkpt lat="47.482738" lon="-120.795059"><ele>2165.318604</ele><time>2026-07-29T16:42:29.089Z</time></trkpt><trkpt lat="47.482666" lon="-120.794991"><ele>2163.635986</ele><time>2026-07-29T16:42:33.088Z</time></trkpt><trkpt lat="47.482609" lon="-120.794884"><ele>2164.587158</ele><time>2026-07-29T16:42:44.086Z</time></trkpt><trkpt lat="47.482563" lon="-120.794846"><ele>2166.584473</ele><time>2026-07-29T16:42:58.086Z</time></trkpt><trkpt lat="47.48251" lon="-120.794861"><ele>2165.270996</ele><time>2026-07-29T16:43:09.086Z</time></trkpt><trkpt lat="47.482452" lon="-120.794907"><ele>2163.519775</ele><time>2026-07-29T16:43:12.086Z</time></trkpt><trkpt lat="47.482315" lon="-120.795052"><ele>2167.297852</ele><time>2026-07-29T16:43:17.085Z</time></trkpt><trkpt lat="47.482132" lon="-120.795204"><ele>2165.989502</ele><time>2026-07-29T16:43:21.083Z</time></trkpt><trkpt lat="47.482048" lon="-120.795227"><ele>2164.942383</ele><time>2026-07-29T16:43:25.085Z</time></trkpt><trkpt lat="47.481781" lon="-120.795479"><ele>2166.043457</ele><time>2026-07-29T16:44:07.089Z</time></trkpt><trkpt lat="47.481644" lon="-120.795692"><ele>2163.790771</ele><time>2026-07-29T16:44:17.084Z</time></trkpt><trkpt lat="47.481483" lon="-120.795799"><ele>2164.617432</ele><time>2026-07-29T16:44:22.088Z</time></trkpt><trkpt lat="47.481419" lon="-120.795807"><ele>2163.812256</ele><time>2026-07-29T16:44:26.083Z</time></trkpt><trkpt lat="47.481327" lon="-120.795792"><ele>2163.761475</ele><time>2026-07-29T16:45:12.089Z</time></trkpt><trkpt lat="47.481274" lon="-120.795753"><ele>2163.291748</ele><time>2026-07-29T16:46:16.085Z</time></trkpt><trkpt lat="47.481258" lon="-120.795715"><ele>2161.7854</ele><time>2026-07-29T16:46:56.086Z</time></trkpt><trkpt lat="47.481224" lon="-120.795708"><ele>2163.530029</ele><time>2026-07-29T16:47:01.083Z</time></trkpt><trkpt lat="47.481205" lon="-120.79567"><ele>2162.854736</ele><time>2026-07-29T16:47:06.152Z</time></trkpt><trkpt lat="47.48119" lon="-120.795586"><ele>2166.032959</ele><time>2026-07-29T16:47:14.085Z</time></trkpt><trkpt lat="47.481197" lon="-120.795502"><ele>2166.344727</ele><time>2026-07-29T16:47:51.086Z</time></trkpt><trkpt lat="47.481152" lon="-120.795471"><ele>2167.123535</ele><time>2026-07-29T16:48:01.086Z</time></trkpt><trkpt lat="47.481003" lon="-120.795464"><ele>2161.699463</ele><time>2026-07-29T16:48:20.091Z</time></trkpt><trkpt lat="47.480949" lon="-120.795494"><ele>2162.007568</ele><time>2026-07-29T16:48:36.085Z</time></trkpt><trkpt lat="47.480804" lon="-120.795517"><ele>2159.248779</ele><time>2026-07-29T16:48:51.084Z</time></trkpt><trkpt lat="47.480759" lon="-120.795586"><ele>2158.978027</ele><time>2026-07-29T16:49:22.084Z</time></trkpt><trkpt lat="47.480656" lon="-120.79567"><ele>2162.767578</ele><time>2026-07-29T16:49:28.090Z</time></trkpt><trkpt lat="47.480492" lon="-120.795731"><ele>2164.136719</ele><time>2026-07-29T16:49:54.083Z</time></trkpt><trkpt lat="47.480438" lon="-120.795776"><ele>2162.845215</ele><time>2026-07-29T16:50:10.088Z</time></trkpt><trkpt lat="47.480381" lon="-120.795776"><ele>2163.643066</ele><time>2026-07-29T16:50:23.086Z</time></trkpt><trkpt lat="47.480354" lon="-120.795799"><ele>2163.881592</ele><time>2026-07-29T16:50:29.084Z</time></trkpt><trkpt lat="47.480099" lon="-120.795807"><ele>2169.38623</ele><time>2026-07-29T16:54:08.080Z</time></trkpt><trkpt lat="47.480019" lon="-120.79583"><ele>2170.857178</ele><time>2026-07-29T16:54:25.085Z</time></trkpt><trkpt lat="47.479984" lon="-120.795822"><ele>2170.980957</ele><time>2026-07-29T16:55:15.080Z</time></trkpt><trkpt lat="47.479931" lon="-120.795853"><ele>2168.284912</ele><time>2026-07-29T16:55:55.085Z</time></trkpt><trkpt lat="47.479866" lon="-120.795959"><ele>2167.142822</ele><time>2026-07-29T16:56:15.082Z</time></trkpt><trkpt lat="47.47974" lon="-120.796036"><ele>2166.248291</ele><time>2026-07-29T16:56:23.085Z</time></trkpt><trkpt lat="47.479717" lon="-120.796074"><ele>2166.678223</ele><time>2026-07-29T16:56:44.080Z</time></trkpt><trkpt lat="47.47958" lon="-120.796112"><ele>2167.155029</ele><time>2026-07-29T16:56:51.086Z</time></trkpt><trkpt lat="47.479496" lon="-120.796005"><ele>2167.407959</ele><time>2026-07-29T16:57:15.083Z</time></trkpt><trkpt lat="47.479443" lon="-120.796036"><ele>2166.148193</ele><time>2026-07-29T16:57:41.087Z</time></trkpt><trkpt lat="47.479321" lon="-120.795929"><ele>2161.854492</ele><time>2026-07-29T16:57:48.083Z</time></trkpt><trkpt lat="47.479263" lon="-120.79583"><ele>2162.649414</ele><time>2026-07-29T16:58:07.086Z</time></trkpt><trkpt lat="47.479221" lon="-120.795601"><ele>2163.742432</ele><time>2026-07-29T16:58:15.089Z</time></trkpt><trkpt lat="47.479145" lon="-120.795448"><ele>2164.646484</ele><time>2026-07-29T16:59:57.084Z</time></trkpt><trkpt lat="47.479141" lon="-120.795296"><ele>2164.233643</ele><time>2026-07-29T17:00:02.084Z</time></trkpt><trkpt lat="47.479153" lon="-120.795258"><ele>2164.871582</ele><time>2026-07-29T17:00:21.085Z</time></trkpt><trkpt lat="47.479233" lon="-120.795189"><ele>2164.337158</ele><time>2026-07-29T17:00:30.085Z</time></trkpt><trkpt lat="47.479198" lon="-120.79512"><ele>2162.138184</ele><time>2026-07-29T17:00:41.087Z</time></trkpt><trkpt lat="47.479149" lon="-120.795067"><ele>2160.980713</ele><time>2026-07-29T17:00:53.076Z</time></trkpt><trkpt lat="47.479149" lon="-120.794968"><ele>2162.046387</ele><time>2026-07-29T17:01:01.082Z</time></trkpt><trkpt lat="47.479168" lon="-120.794922"><ele>2161.795654</ele><time>2026-07-29T17:01:07.082Z</time></trkpt><trkpt lat="47.479141" lon="-120.794807"><ele>2161.69751</ele><time>2026-07-29T17:01:14.082Z</time></trkpt><trkpt lat="47.479172" lon="-120.794731"><ele>2161.230225</ele><time>2026-07-29T17:01:18.084Z</time></trkpt><trkpt lat="47.479134" lon="-120.794563"><ele>2163.625244</ele><time>2026-07-29T17:01:45.080Z</time></trkpt><trkpt lat="47.479115" lon="-120.794281"><ele>2162.768311</ele><time>2026-07-29T17:01:52.080Z</time></trkpt><trkpt lat="47.479" lon="-120.793983"><ele>2160.839111</ele><time>2026-07-29T17:02:07.085Z</time></trkpt><trkpt lat="47.479088" lon="-120.793831"><ele>2162.903809</ele><time>2026-07-29T17:02:15.083Z</time></trkpt><trkpt lat="47.479099" lon="-120.793739"><ele>2163.375732</ele><time>2026-07-29T17:02:25.082Z</time></trkpt><trkpt lat="47.47916" lon="-120.793648"><ele>2163.003906</ele><time>2026-07-29T17:03:25.080Z</time></trkpt><trkpt lat="47.479168" lon="-120.793587"><ele>2164.690674</ele><time>2026-07-29T17:03:35.078Z</time></trkpt><trkpt lat="47.479248" lon="-120.793465"><ele>2165.106689</ele><time>2026-07-29T17:04:38.076Z</time></trkpt><trkpt lat="47.47924" lon="-120.793365"><ele>2163.70752</ele><time>2026-07-29T17:06:14.078Z</time></trkpt><trkpt lat="47.479279" lon="-120.793304"><ele>2163.368408</ele><time>2026-07-29T17:06:22.083Z</time></trkpt><trkpt lat="47.479282" lon="-120.793221"><ele>2161.736816</ele><time>2026-07-29T17:06:26.080Z</time></trkpt><trkpt lat="47.479397" lon="-120.793266"><ele>2159.484131</ele><time>2026-07-29T17:06:38.083Z</time></trkpt><trkpt lat="47.479568" lon="-120.793068"><ele>2152.049561</ele><time>2026-07-29T17:07:01.078Z</time></trkpt><trkpt lat="47.47966" lon="-120.79306"><ele>2147.950928</ele><time>2026-07-29T17:07:10.083Z</time></trkpt><trkpt lat="47.479721" lon="-120.792953"><ele>2145.76709</ele><time>2026-07-29T17:07:53.082Z</time></trkpt><trkpt lat="47.479679" lon="-120.792763"><ele>2142.933594</ele><time>2026-07-29T17:10:03.080Z</time></trkpt><trkpt lat="47.479725" lon="-120.79274"><ele>2141.500977</ele><time>2026-07-29T17:10:31.080Z</time></trkpt><trkpt lat="47.479599" lon="-120.792572"><ele>2140.062256</ele><time>2026-07-29T17:11:16.078Z</time></trkpt><trkpt lat="47.479553" lon="-120.792465"><ele>2136.4104</ele><time>2026-07-29T17:12:16.079Z</time></trkpt><trkpt lat="47.47958" lon="-120.792282"><ele>2135.643799</ele><time>2026-07-29T17:12:46.079Z</time></trkpt><trkpt lat="47.479641" lon="-120.792229"><ele>2135.008301</ele><time>2026-07-29T17:13:03.080Z</time></trkpt><trkpt lat="47.479664" lon="-120.792229"><ele>2135.373291</ele><time>2026-07-29T17:13:32.080Z</time></trkpt><trkpt lat="47.479729" lon="-120.79216"><ele>2133.945068</ele><time>2026-07-29T17:14:07.079Z</time></trkpt><trkpt lat="47.479832" lon="-120.792107"><ele>2130.829834</ele><time>2026-07-29T17:14:24.085Z</time></trkpt><trkpt lat="47.480022" lon="-120.792145"><ele>2129.808594</ele><time>2026-07-29T17:14:36.084Z</time></trkpt><trkpt lat="47.480053" lon="-120.792023"><ele>2128.48584</ele><time>2026-07-29T17:14:50.083Z</time></trkpt><trkpt lat="47.480076" lon="-120.792"><ele>2129.006348</ele><time>2026-07-29T17:14:56.079Z</time></trkpt><trkpt lat="47.480122" lon="-120.792"><ele>2127.984619</ele><time>2026-07-29T17:15:18.082Z</time></trkpt><trkpt lat="47.480148" lon="-120.791969"><ele>2127.340576</ele><time>2026-07-29T17:15:29.086Z</time></trkpt><trkpt lat="47.480156" lon="-120.791931"><ele>2127.578125</ele><time>2026-07-29T17:15:50.083Z</time></trkpt><trkpt lat="47.480129" lon="-120.791847"><ele>2126.707275</ele><time>2026-07-29T17:15:58.076Z</time></trkpt><trkpt lat="47.480179" lon="-120.791817"><ele>2126.707031</ele><time>2026-07-29T17:16:04.080Z</time></trkpt><trkpt lat="47.480202" lon="-120.79184"><ele>2127.575928</ele><time>2026-07-29T17:16:15.082Z</time></trkpt><trkpt lat="47.480301" lon="-120.791687"><ele>2125.059082</ele><time>2026-07-29T17:26:41.080Z</time></trkpt><trkpt lat="47.480381" lon="-120.791634"><ele>2123.668701</ele><time>2026-07-29T17:27:01.085Z</time></trkpt><trkpt lat="47.4804" lon="-120.791603"><ele>2125.291992</ele><time>2026-07-29T17:27:23.084Z</time></trkpt><trkpt lat="47.480423" lon="-120.79142"><ele>2125.091797</ele><time>2026-07-29T17:28:05.086Z</time></trkpt><trkpt lat="47.4804" lon="-120.791245"><ele>2124.583496</ele><time>2026-07-29T17:28:15.079Z</time></trkpt><trkpt lat="47.480381" lon="-120.791214"><ele>2124.804199</ele><time>2026-07-29T17:28:23.082Z</time></trkpt><trkpt lat="47.480358" lon="-120.791214"><ele>2123.905029</ele><time>2026-07-29T17:28:44.082Z</time></trkpt><trkpt lat="47.480309" lon="-120.791092"><ele>2123.648682</ele><time>2026-07-29T17:29:17.080Z</time></trkpt><trkpt lat="47.480289" lon="-120.790955"><ele>2124.495117</ele><time>2026-07-29T17:29:25.076Z</time></trkpt><trkpt lat="47.48024" lon="-120.79081"><ele>2124.845947</ele><time>2026-07-29T17:29:26.080Z</time></trkpt><trkpt lat="47.480209" lon="-120.790794"><ele>2125.193604</ele><time>2026-07-29T17:29:37.082Z</time></trkpt><trkpt lat="47.480148" lon="-120.790672"><ele>2124.231934</ele><time>2026-07-29T17:29:55.080Z</time></trkpt><trkpt lat="47.48011" lon="-120.790634"><ele>2122.157227</ele><time>2026-07-29T17:30:14.082Z</time></trkpt><trkpt lat="47.479954" lon="-120.790222"><ele>2120.354492</ele><time>2026-07-29T17:30:43.082Z</time></trkpt><trkpt lat="47.479881" lon="-120.790161"><ele>2119.212891</ele><time>2026-07-29T17:32:42.079Z</time></trkpt><trkpt lat="47.479874" lon="-120.790115"><ele>2120.112305</ele><time>2026-07-29T17:33:56.080Z</time></trkpt><trkpt lat="47.47979" lon="-120.789986"><ele>2116.143799</ele><time>2026-07-29T17:34:29.079Z</time></trkpt><trkpt lat="47.479744" lon="-120.790001"><ele>2116.966064</ele><time>2026-07-29T17:35:09.078Z</time></trkpt><trkpt lat="47.479725" lon="-120.78997"><ele>2116.470703</ele><time>2026-07-29T17:35:36.080Z</time></trkpt><trkpt lat="47.479679" lon="-120.789764"><ele>2116.334717</ele><time>2026-07-29T17:36:15.078Z</time></trkpt><trkpt lat="47.479683" lon="-120.789696"><ele>2114.828857</ele><time>2026-07-29T17:36:42.076Z</time></trkpt><trkpt lat="47.479645" lon="-120.789703"><ele>2112.02832</ele><time>2026-07-29T17:36:56.080Z</time></trkpt><trkpt lat="47.479618" lon="-120.78968"><ele>2112.742432</ele><time>2026-07-29T17:37:24.080Z</time></trkpt><trkpt lat="47.479637" lon="-120.789627"><ele>2112.663574</ele><time>2026-07-29T17:37:43.079Z</time></trkpt><trkpt lat="47.479687" lon="-120.789581"><ele>2112.762207</ele><time>2026-07-29T17:39:33.079Z</time></trkpt><trkpt lat="47.479736" lon="-120.789368"><ele>2111.597656</ele><time>2026-07-29T17:40:30.076Z</time></trkpt><trkpt lat="47.479725" lon="-120.789253"><ele>2113.463623</ele><time>2026-07-29T17:40:53.080Z</time></trkpt><trkpt lat="47.479694" lon="-120.789185"><ele>2113.884521</ele><time>2026-07-29T17:41:10.078Z</time></trkpt><trkpt lat="47.479691" lon="-120.789024"><ele>2110.931396</ele><time>2026-07-29T17:41:14.078Z</time></trkpt><trkpt lat="47.479675" lon="-120.789001"><ele>2110.970703</ele><time>2026-07-29T17:41:35.079Z</time></trkpt><trkpt lat="47.479694" lon="-120.788612"><ele>2107.027588</ele><time>2026-07-29T17:42:29.080Z</time></trkpt><trkpt lat="47.479591" lon="-120.788422"><ele>2103.898193</ele><time>2026-07-29T17:42:35.078Z</time></trkpt><trkpt lat="47.479584" lon="-120.788383"><ele>2103.91748</ele><time>2026-07-29T17:42:39.080Z</time></trkpt><trkpt lat="47.479591" lon="-120.788307"><ele>2103.927002</ele><time>2026-07-29T17:43:13.079Z</time></trkpt><trkpt lat="47.479641" lon="-120.788269"><ele>2102.91333</ele><time>2026-07-29T17:44:12.078Z</time></trkpt><trkpt lat="47.479656" lon="-120.788223"><ele>2103.252441</ele><time>2026-07-29T17:45:29.080Z</time></trkpt><trkpt lat="47.479649" lon="-120.788078"><ele>2101.787354</ele><time>2026-07-29T17:46:28.075Z</time></trkpt><trkpt lat="47.479557" lon="-120.787849"><ele>2102.624023</ele><time>2026-07-29T17:46:51.077Z</time></trkpt><trkpt lat="47.479568" lon="-120.787811"><ele>2101.533936</ele><time>2026-07-29T17:48:40.079Z</time></trkpt><trkpt lat="47.479595" lon="-120.787819"><ele>2102.76001</ele><time>2026-07-29T17:48:50.076Z</time></trkpt><trkpt lat="47.479671" lon="-120.787712"><ele>2102.783691</ele><time>2026-07-29T17:48:56.071Z</time></trkpt><trkpt lat="47.47966" lon="-120.787628"><ele>2100.961182</ele><time>2026-07-29T17:49:37.080Z</time></trkpt><trkpt lat="47.479622" lon="-120.787529"><ele>2104.48999</ele><time>2026-07-29T17:49:53.080Z</time></trkpt><trkpt lat="47.479645" lon="-120.787117"><ele>2105.840576</ele><time>2026-07-29T17:49:57.076Z</time></trkpt><trkpt lat="47.479599" lon="-120.786972"><ele>2103.996582</ele><time>2026-07-29T17:50:57.080Z</time></trkpt><trkpt lat="47.479691" lon="-120.786781"><ele>2106.639893</ele><time>2026-07-29T17:52:12.074Z</time></trkpt><trkpt lat="47.479824" lon="-120.786362"><ele>2100.727539</ele><time>2026-07-29T17:52:19.077Z</time></trkpt><trkpt lat="47.479893" lon="-120.786293"><ele>2100.884766</ele><time>2026-07-29T17:52:26.073Z</time></trkpt><trkpt lat="47.479912" lon="-120.786217"><ele>2101.34082</ele><time>2026-07-29T17:52:34.080Z</time></trkpt><trkpt lat="47.479816" lon="-120.786118"><ele>2104.718994</ele><time>2026-07-29T17:52:40.079Z</time></trkpt><trkpt lat="47.479782" lon="-120.786011"><ele>2105.546387</ele><time>2026-07-29T17:53:17.077Z</time></trkpt><trkpt lat="47.47979" lon="-120.785973"><ele>2105.270264</ele><time>2026-07-29T17:53:34.077Z</time></trkpt><trkpt lat="47.479912" lon="-120.785904"><ele>2108.706299</ele><time>2026-07-29T17:53:37.076Z</time></trkpt><trkpt lat="47.479939" lon="-120.785873"><ele>2108.047119</ele><time>2026-07-29T17:53:52.073Z</time></trkpt><trkpt lat="47.480007" lon="-120.785667"><ele>2109.091064</ele><time>2026-07-29T17:58:52.079Z</time></trkpt><trkpt lat="47.480072" lon="-120.785583"><ele>2108.776855</ele><time>2026-07-29T17:59:01.074Z</time></trkpt><trkpt lat="47.480076" lon="-120.785507"><ele>2107.449219</ele><time>2026-07-29T17:59:16.078Z</time></trkpt><trkpt lat="47.480114" lon="-120.785454"><ele>2110.063721</ele><time>2026-07-29T17:59:37.080Z</time></trkpt><trkpt lat="47.480225" lon="-120.78537"><ele>2110.656738</ele><time>2026-07-29T18:00:41.083Z</time></trkpt><trkpt lat="47.480301" lon="-120.785385"><ele>2111.628906</ele><time>2026-07-29T18:00:57.083Z</time></trkpt><trkpt lat="47.480385" lon="-120.784988"><ele>2101.568604</ele><time>2026-07-29T18:01:32.090Z</time></trkpt><trkpt lat="47.480457" lon="-120.784828"><ele>2101.254883</ele><time>2026-07-29T18:01:53.086Z</time></trkpt><trkpt lat="47.480465" lon="-120.784782"><ele>2101.915527</ele><time>2026-07-29T18:02:22.087Z</time></trkpt><trkpt lat="47.48045" lon="-120.784683"><ele>2099.615723</ele><time>2026-07-29T18:02:25.086Z</time></trkpt><trkpt lat="47.480556" lon="-120.784607"><ele>2101.699707</ele><time>2026-07-29T18:02:37.089Z</time></trkpt><trkpt lat="47.480614" lon="-120.784599"><ele>2101.170654</ele><time>2026-07-29T18:02:50.083Z</time></trkpt><trkpt lat="47.480568" lon="-120.784515"><ele>2098.250732</ele><time>2026-07-29T18:02:54.088Z</time></trkpt><trkpt lat="47.480728" lon="-120.784294"><ele>2099.040771</ele><time>2026-07-29T18:03:23.088Z</time></trkpt><trkpt lat="47.480778" lon="-120.784271"><ele>2099.747803</ele><time>2026-07-29T18:03:31.084Z</time></trkpt><trkpt lat="47.480839" lon="-120.784172"><ele>2098.667236</ele><time>2026-07-29T18:04:25.085Z</time></trkpt><trkpt lat="47.480782" lon="-120.78392"><ele>2101.261475</ele><time>2026-07-29T18:04:48.082Z</time></trkpt><trkpt lat="47.480789" lon="-120.783669"><ele>2101.868164</ele><time>2026-07-29T18:04:59.083Z</time></trkpt><trkpt lat="47.48077" lon="-120.783585"><ele>2102.448975</ele><time>2026-07-29T18:05:34.083Z</time></trkpt><trkpt lat="47.480682" lon="-120.783432"><ele>2103.984131</ele><time>2026-07-29T18:05:36.083Z</time></trkpt><trkpt lat="47.480667" lon="-120.783371"><ele>2103.931641</ele><time>2026-07-29T18:05:49.085Z</time></trkpt><trkpt lat="47.480675" lon="-120.783234"><ele>2100.165771</ele><time>2026-07-29T18:06:35.082Z</time></trkpt><trkpt lat="47.480606" lon="-120.783028"><ele>2105.32959</ele><time>2026-07-29T18:06:45.080Z</time></trkpt><trkpt lat="47.480801" lon="-120.782578"><ele>2104.865234</ele><time>2026-07-29T18:06:51.080Z</time></trkpt><trkpt lat="47.4809" lon="-120.782394"><ele>2102.850586</ele><time>2026-07-29T18:07:25.083Z</time></trkpt><trkpt lat="47.4809" lon="-120.782356"><ele>2105.673828</ele><time>2026-07-29T18:07:30.083Z</time></trkpt><trkpt lat="47.480938" lon="-120.782303"><ele>2099.313721</ele><time>2026-07-29T18:07:43.086Z</time></trkpt><trkpt lat="47.480843" lon="-120.782158"><ele>2100.420898</ele><time>2026-07-29T18:08:18.083Z</time></trkpt><trkpt lat="47.48082" lon="-120.782066"><ele>2098.27832</ele><time>2026-07-29T18:09:05.082Z</time></trkpt><trkpt lat="47.480865" lon="-120.782066"><ele>2096.79248</ele><time>2026-07-29T18:09:12.080Z</time></trkpt><trkpt lat="47.480629" lon="-120.781898"><ele>2089.73877</ele><time>2026-07-29T18:09:27.083Z</time></trkpt><trkpt lat="47.48064" lon="-120.78186"><ele>2091.319336</ele><time>2026-07-29T18:09:40.083Z</time></trkpt><trkpt lat="47.480717" lon="-120.78183"><ele>2088.02124</ele><time>2026-07-29T18:09:42.080Z</time></trkpt><trkpt lat="47.480728" lon="-120.781776"><ele>2091.118896</ele><time>2026-07-29T18:09:46.083Z</time></trkpt><trkpt lat="47.48077" lon="-120.781784"><ele>2085.501709</ele><time>2026-07-29T18:09:48.086Z</time></trkpt><trkpt lat="47.480721" lon="-120.781807"><ele>2081.928955</ele><time>2026-07-29T18:09:58.083Z</time></trkpt><trkpt lat="47.480663" lon="-120.781731"><ele>2080.047119</ele><time>2026-07-29T18:10:52.085Z</time></trkpt><trkpt lat="47.480682" lon="-120.781677"><ele>2080.518311</ele><time>2026-07-29T18:11:07.083Z</time></trkpt><trkpt lat="47.480709" lon="-120.781685"><ele>2078.355225</ele><time>2026-07-29T18:11:15.084Z</time></trkpt><trkpt lat="47.480728" lon="-120.781662"><ele>2078.419678</ele><time>2026-07-29T18:11:27.080Z</time></trkpt><trkpt lat="47.480686" lon="-120.781593"><ele>2074.680908</ele><time>2026-07-29T18:11:33.084Z</time></trkpt><trkpt lat="47.480824" lon="-120.781586"><ele>2074.056396</ele><time>2026-07-29T18:11:35.086Z</time></trkpt><trkpt lat="47.480854" lon="-120.781677"><ele>2076.693604</ele><time>2026-07-29T18:11:39.087Z</time></trkpt><trkpt lat="47.480915" lon="-120.781708"><ele>2076.804688</ele><time>2026-07-29T18:11:50.085Z</time></trkpt><trkpt lat="47.480965" lon="-120.781776"><ele>2075.583252</ele><time>2026-07-29T18:11:52.087Z</time></trkpt><trkpt lat="47.481041" lon="-120.781822"><ele>2078.850586</ele><time>2026-07-29T18:11:54.082Z</time></trkpt><trkpt lat="47.481079" lon="-120.781769"><ele>2078.145264</ele><time>2026-07-29T18:14:16.080Z</time></trkpt><trkpt lat="47.481102" lon="-120.781761"><ele>2078.56958</ele><time>2026-07-29T18:14:38.080Z</time></trkpt><trkpt lat="47.481152" lon="-120.781776"><ele>2076.800537</ele><time>2026-07-29T18:15:20.087Z</time></trkpt><trkpt lat="47.481182" lon="-120.781685"><ele>2077.002441</ele><time>2026-07-29T18:16:06.086Z</time></trkpt><trkpt lat="47.481358" lon="-120.781555"><ele>2076.174316</ele><time>2026-07-29T18:16:23.082Z</time></trkpt><trkpt lat="47.481419" lon="-120.781479"><ele>2078.525391</ele><time>2026-07-29T18:16:39.085Z</time></trkpt><trkpt lat="47.481464" lon="-120.781464"><ele>2077.733887</ele><time>2026-07-29T18:17:09.082Z</time></trkpt><trkpt lat="47.481487" lon="-120.781487"><ele>2078.014404</ele><time>2026-07-29T18:18:43.080Z</time></trkpt><trkpt lat="47.481621" lon="-120.781433"><ele>2075.180176</ele><time>2026-07-29T18:19:03.082Z</time></trkpt><trkpt lat="47.48164" lon="-120.781395"><ele>2075.671387</ele><time>2026-07-29T18:19:18.080Z</time></trkpt><trkpt lat="47.481625" lon="-120.781288"><ele>2074.381836</ele><time>2026-07-29T18:22:08.087Z</time></trkpt><trkpt lat="47.481632" lon="-120.781105"><ele>2071.000977</ele><time>2026-07-29T18:22:13.082Z</time></trkpt><trkpt lat="47.48177" lon="-120.78109"><ele>2067.487305</ele><time>2026-07-29T18:22:30.086Z</time></trkpt><trkpt lat="47.481785" lon="-120.781204"><ele>2070.457275</ele><time>2026-07-29T18:23:07.080Z</time></trkpt><trkpt lat="47.481823" lon="-120.781212"><ele>2070.097656</ele><time>2026-07-29T18:23:16.082Z</time></trkpt><trkpt lat="47.481831" lon="-120.781242"><ele>2071.025879</ele><time>2026-07-29T18:23:43.083Z</time></trkpt><trkpt lat="47.481899" lon="-120.78125"><ele>2070.249023</ele><time>2026-07-29T18:24:25.085Z</time></trkpt><trkpt lat="47.481888" lon="-120.781189"><ele>2070.973389</ele><time>2026-07-29T18:24:29.085Z</time></trkpt><trkpt lat="47.481953" lon="-120.781166"><ele>2069.50293</ele><time>2026-07-29T18:24:46.080Z</time></trkpt><trkpt lat="47.481987" lon="-120.781082"><ele>2069.747314</ele><time>2026-07-29T18:25:14.087Z</time></trkpt><trkpt lat="47.481964" lon="-120.780914"><ele>2070.566406</ele><time>2026-07-29T18:25:35.085Z</time></trkpt><trkpt lat="47.482018" lon="-120.780861"><ele>2068.122314</ele><time>2026-07-29T18:32:07.084Z</time></trkpt><trkpt lat="47.482079" lon="-120.780701"><ele>2069.528809</ele><time>2026-07-29T18:33:53.086Z</time></trkpt><trkpt lat="47.482201" lon="-120.780457"><ele>2074.967773</ele><time>2026-07-29T18:34:09.084Z</time></trkpt><trkpt lat="47.482262" lon="-120.780418"><ele>2077.569824</ele><time>2026-07-29T18:35:08.084Z</time></trkpt><trkpt lat="47.482327" lon="-120.780273"><ele>2076.286133</ele><time>2026-07-29T18:35:28.084Z</time></trkpt><trkpt lat="47.482399" lon="-120.780212"><ele>2078.282471</ele><time>2026-07-29T18:35:55.084Z</time></trkpt><trkpt lat="47.482536" lon="-120.779938"><ele>2071.43042</ele><time>2026-07-29T18:36:16.082Z</time></trkpt><trkpt lat="47.482487" lon="-120.779861"><ele>2066.561523</ele><time>2026-07-29T18:36:22.080Z</time></trkpt><trkpt lat="47.482517" lon="-120.779732"><ele>2065.046631</ele><time>2026-07-29T18:36:41.083Z</time></trkpt><trkpt lat="47.48251" lon="-120.779602"><ele>2064.415771</ele><time>2026-07-29T18:36:56.083Z</time></trkpt><trkpt lat="47.482437" lon="-120.779366"><ele>2056.371582</ele><time>2026-07-29T18:37:05.083Z</time></trkpt><trkpt lat="47.482414" lon="-120.779381"><ele>2054.553467</ele><time>2026-07-29T18:37:40.080Z</time></trkpt><trkpt lat="47.482376" lon="-120.779259"><ele>2049.317871</ele><time>2026-07-29T18:37:44.079Z</time></trkpt><trkpt lat="47.482395" lon="-120.779152"><ele>2048.69873</ele><time>2026-07-29T18:38:21.084Z</time></trkpt><trkpt lat="47.482372" lon="-120.779007"><ele>2046.880249</ele><time>2026-07-29T18:40:14.080Z</time></trkpt><trkpt lat="47.48241" lon="-120.778885"><ele>2043.953247</ele><time>2026-07-29T18:40:18.084Z</time></trkpt><trkpt lat="47.482426" lon="-120.778687"><ele>2042.08728</ele><time>2026-07-29T18:40:58.085Z</time></trkpt><trkpt lat="47.482384" lon="-120.778656"><ele>2039.186157</ele><time>2026-07-29T18:41:13.084Z</time></trkpt><trkpt lat="47.482414" lon="-120.778572"><ele>2037.490112</ele><time>2026-07-29T18:42:43.085Z</time></trkpt><trkpt lat="47.482407" lon="-120.778503"><ele>2035.935425</ele><time>2026-07-29T18:42:55.084Z</time></trkpt><trkpt lat="47.482475" lon="-120.778236"><ele>2034.687134</ele><time>2026-07-29T18:43:01.084Z</time></trkpt><trkpt lat="47.482464" lon="-120.778091"><ele>2029.210815</ele><time>2026-07-29T18:43:18.084Z</time></trkpt><trkpt lat="47.482418" lon="-120.778061"><ele>2022.120605</ele><time>2026-07-29T18:43:27.083Z</time></trkpt><trkpt lat="47.4823" lon="-120.777901"><ele>2016.180542</ele><time>2026-07-29T18:43:31.085Z</time></trkpt><trkpt lat="47.482262" lon="-120.777756"><ele>2011.141724</ele><time>2026-07-29T18:43:33.087Z</time></trkpt><trkpt lat="47.482269" lon="-120.777725"><ele>2011.272095</ele><time>2026-07-29T18:43:41.083Z</time></trkpt><trkpt lat="47.482204" lon="-120.777672"><ele>2005.174194</ele><time>2026-07-29T18:44:51.083Z</time></trkpt><trkpt lat="47.482208" lon="-120.777634"><ele>2005.987305</ele><time>2026-07-29T18:45:10.085Z</time></trkpt><trkpt lat="47.482132" lon="-120.777672"><ele>2001.437622</ele><time>2026-07-29T18:45:46.087Z</time></trkpt><trkpt lat="47.482121" lon="-120.777733"><ele>2002.030762</ele><time>2026-07-29T18:46:09.082Z</time></trkpt><trkpt lat="47.482082" lon="-120.777802"><ele>1999.1073</ele><time>2026-07-29T18:46:24.086Z</time></trkpt><trkpt lat="47.482033" lon="-120.77784"><ele>1998.874878</ele><time>2026-07-29T18:46:50.084Z</time></trkpt><trkpt lat="47.482006" lon="-120.777908"><ele>1999.334351</ele><time>2026-07-29T18:47:03.084Z</time></trkpt><trkpt lat="47.481945" lon="-120.777878"><ele>1996.203857</ele><time>2026-07-29T18:47:06.080Z</time></trkpt><trkpt lat="47.481926" lon="-120.777901"><ele>1996.619873</ele><time>2026-07-29T18:47:08.083Z</time></trkpt><trkpt lat="47.481682" lon="-120.778259"><ele>1984.881958</ele><time>2026-07-29T18:47:48.084Z</time></trkpt><trkpt lat="47.481651" lon="-120.778267"><ele>1985.010132</ele><time>2026-07-29T18:48:17.083Z</time></trkpt><trkpt lat="47.481636" lon="-120.778366"><ele>1985.002808</ele><time>2026-07-29T18:48:25.082Z</time></trkpt><trkpt lat="47.481537" lon="-120.778427"><ele>1980.570679</ele><time>2026-07-29T18:48:35.082Z</time></trkpt><trkpt lat="47.481468" lon="-120.778603"><ele>1979.753174</ele><time>2026-07-29T18:49:03.080Z</time></trkpt><trkpt lat="47.481384" lon="-120.778603"><ele>1978.598877</ele><time>2026-07-29T18:49:15.082Z</time></trkpt><trkpt lat="47.481342" lon="-120.77874"><ele>1974.36792</ele><time>2026-07-29T18:49:30.087Z</time></trkpt><trkpt lat="47.481293" lon="-120.778763"><ele>1975.455078</ele><time>2026-07-29T18:49:56.084Z</time></trkpt><trkpt lat="47.481232" lon="-120.778854"><ele>1968.359863</ele><time>2026-07-29T18:50:00.080Z</time></trkpt><trkpt lat="47.48119" lon="-120.77906"><ele>1965.920654</ele><time>2026-07-29T18:50:17.083Z</time></trkpt><trkpt lat="47.481117" lon="-120.779129"><ele>1963.29248</ele><time>2026-07-29T18:50:28.084Z</time></trkpt><trkpt lat="47.481075" lon="-120.779045"><ele>1962.847534</ele><time>2026-07-29T18:51:19.087Z</time></trkpt><trkpt lat="47.481064" lon="-120.7789"><ele>1960.498657</ele><time>2026-07-29T18:51:51.086Z</time></trkpt><trkpt lat="47.480953" lon="-120.778885"><ele>1956.065552</ele><time>2026-07-29T18:51:59.082Z</time></trkpt><trkpt lat="47.480976" lon="-120.778717"><ele>1957.556641</ele><time>2026-07-29T18:52:24.084Z</time></trkpt><trkpt lat="47.481022" lon="-120.778603"><ele>1954.380737</ele><time>2026-07-29T18:52:46.083Z</time></trkpt><trkpt lat="47.480972" lon="-120.778351"><ele>1950.137939</ele><time>2026-07-29T18:53:03.085Z</time></trkpt><trkpt lat="47.480843" lon="-120.778381"><ele>1939.542358</ele><time>2026-07-29T18:53:56.082Z</time></trkpt><trkpt lat="47.480831" lon="-120.77829"><ele>1941.296265</ele><time>2026-07-29T18:53:59.083Z</time></trkpt><trkpt lat="47.480839" lon="-120.778091"><ele>1940.08728</ele><time>2026-07-29T18:54:04.084Z</time></trkpt><trkpt lat="47.480907" lon="-120.777962"><ele>1935.972168</ele><time>2026-07-29T18:54:10.083Z</time></trkpt><trkpt lat="47.480896" lon="-120.777924"><ele>1936.618652</ele><time>2026-07-29T18:54:28.083Z</time></trkpt><trkpt lat="47.481007" lon="-120.777794"><ele>1933.935913</ele><time>2026-07-29T18:54:35.084Z</time></trkpt><trkpt lat="47.481037" lon="-120.777725"><ele>1932.432251</ele><time>2026-07-29T18:54:40.083Z</time></trkpt><trkpt lat="47.481026" lon="-120.77755"><ele>1928.202881</ele><time>2026-07-29T18:55:09.079Z</time></trkpt><trkpt lat="47.481003" lon="-120.777458"><ele>1930.104614</ele><time>2026-07-29T18:55:12.079Z</time></trkpt><trkpt lat="47.480949" lon="-120.777344"><ele>1928.284058</ele><time>2026-07-29T18:55:19.088Z</time></trkpt><trkpt lat="47.4809" lon="-120.77729"><ele>1924.386108</ele><time>2026-07-29T18:55:31.082Z</time></trkpt><trkpt lat="47.480831" lon="-120.777252"><ele>1924.21936</ele><time>2026-07-29T18:55:38.085Z</time></trkpt><trkpt lat="47.480827" lon="-120.777161"><ele>1923.39978</ele><time>2026-07-29T18:55:41.084Z</time></trkpt><trkpt lat="47.480846" lon="-120.777092"><ele>1921.661621</ele><time>2026-07-29T18:58:02.089Z</time></trkpt><trkpt lat="47.480713" lon="-120.777023"><ele>1915.758789</ele><time>2026-07-29T18:58:10.082Z</time></trkpt><trkpt lat="47.480682" lon="-120.777039"><ele>1914.120972</ele><time>2026-07-29T18:58:35.083Z</time></trkpt><trkpt lat="47.480686" lon="-120.777084"><ele>1915.117676</ele><time>2026-07-29T18:58:37.085Z</time></trkpt><trkpt lat="47.480667" lon="-120.777122"><ele>1914.974487</ele><time>2026-07-29T18:58:52.083Z</time></trkpt><trkpt lat="47.480633" lon="-120.777115"><ele>1912.537231</ele><time>2026-07-29T18:58:55.085Z</time></trkpt><trkpt lat="47.480598" lon="-120.777092"><ele>1912.50415</ele><time>2026-07-29T18:59:31.083Z</time></trkpt><trkpt lat="47.480499" lon="-120.776909"><ele>1908.046265</ele><time>2026-07-29T18:59:40.086Z</time></trkpt><trkpt lat="47.480564" lon="-120.776825"><ele>1906.739258</ele><time>2026-07-29T18:59:44.083Z</time></trkpt><trkpt lat="47.480583" lon="-120.776733"><ele>1902.01355</ele><time>2026-07-29T18:59:50.086Z</time></trkpt><trkpt lat="47.48056" lon="-120.776657"><ele>1900.757935</ele><time>2026-07-29T18:59:54.085Z</time></trkpt><trkpt lat="47.480602" lon="-120.776604"><ele>1900.540039</ele><time>2026-07-29T19:00:45.090Z</time></trkpt><trkpt lat="47.48061" lon="-120.77655"><ele>1900.846313</ele><time>2026-07-29T19:00:50.086Z</time></trkpt><trkpt lat="47.480637" lon="-120.776535"><ele>1898.119995</ele><time>2026-07-29T19:01:13.084Z</time></trkpt><trkpt lat="47.480644" lon="-120.776489"><ele>1899.049805</ele><time>2026-07-29T19:01:20.085Z</time></trkpt><trkpt lat="47.480625" lon="-120.776459"><ele>1895.956665</ele><time>2026-07-29T19:01:25.083Z</time></trkpt><trkpt lat="47.480618" lon="-120.776253"><ele>1891.827271</ele><time>2026-07-29T19:01:32.085Z</time></trkpt><trkpt lat="47.480644" lon="-120.77623"><ele>1889.593384</ele><time>2026-07-29T19:01:52.085Z</time></trkpt><trkpt lat="47.48064" lon="-120.776192"><ele>1889.974609</ele><time>2026-07-29T19:02:26.086Z</time></trkpt><trkpt lat="47.480667" lon="-120.776123"><ele>1887.378784</ele><time>2026-07-29T19:02:33.090Z</time></trkpt><trkpt lat="47.480747" lon="-120.77607"><ele>1890.422607</ele><time>2026-07-29T19:02:36.085Z</time></trkpt><trkpt lat="47.480778" lon="-120.776077"><ele>1889.677734</ele><time>2026-07-29T19:02:43.090Z</time></trkpt><trkpt lat="47.480808" lon="-120.775864"><ele>1890.48999</ele><time>2026-07-29T19:02:52.085Z</time></trkpt><trkpt lat="47.480797" lon="-120.775818"><ele>1889.34729</ele><time>2026-07-29T19:03:59.084Z</time></trkpt><trkpt lat="47.480663" lon="-120.775589"><ele>1882.985962</ele><time>2026-07-29T19:04:04.084Z</time></trkpt><trkpt lat="47.480652" lon="-120.775543"><ele>1879.711304</ele><time>2026-07-29T19:04:07.085Z</time></trkpt><trkpt lat="47.480602" lon="-120.775475"><ele>1878.312988</ele><time>2026-07-29T19:04:12.089Z</time></trkpt><trkpt lat="47.480419" lon="-120.775429"><ele>1869.950439</ele><time>2026-07-29T19:04:58.086Z</time></trkpt><trkpt lat="47.480431" lon="-120.775314"><ele>1866.532837</ele><time>2026-07-29T19:05:02.087Z</time></trkpt><trkpt lat="47.480377" lon="-120.77533"><ele>1863.735718</ele><time>2026-07-29T19:05:06.084Z</time></trkpt><trkpt lat="47.48037" lon="-120.775291"><ele>1863.327515</ele><time>2026-07-29T19:05:11.084Z</time></trkpt><trkpt lat="47.480389" lon="-120.775261"><ele>1863.407837</ele><time>2026-07-29T19:05:26.085Z</time></trkpt><trkpt lat="47.480362" lon="-120.775139"><ele>1860.239258</ele><time>2026-07-29T19:05:29.085Z</time></trkpt><trkpt lat="47.480274" lon="-120.775024"><ele>1856.672852</ele><time>2026-07-29T19:05:45.087Z</time></trkpt><trkpt lat="47.480202" lon="-120.774864"><ele>1849.500366</ele><time>2026-07-29T19:06:11.085Z</time></trkpt><trkpt lat="47.480175" lon="-120.774544"><ele>1846.602905</ele><time>2026-07-29T19:06:22.087Z</time></trkpt><trkpt lat="47.480087" lon="-120.774429"><ele>1842.283081</ele><time>2026-07-29T19:06:29.084Z</time></trkpt><trkpt lat="47.480011" lon="-120.774284"><ele>1839.832397</ele><time>2026-07-29T19:06:36.089Z</time></trkpt><trkpt lat="47.480068" lon="-120.77404"><ele>1840.189697</ele><time>2026-07-29T19:06:44.086Z</time></trkpt><trkpt lat="47.480049" lon="-120.773926"><ele>1838.734619</ele><time>2026-07-29T19:06:59.084Z</time></trkpt><trkpt lat="47.479984" lon="-120.773796"><ele>1841.799316</ele><time>2026-07-29T19:07:01.085Z</time></trkpt><trkpt lat="47.479965" lon="-120.773705"><ele>1840.791748</ele><time>2026-07-29T19:07:10.087Z</time></trkpt><trkpt lat="47.479942" lon="-120.773544"><ele>1840.154419</ele><time>2026-07-29T19:07:22.086Z</time></trkpt><trkpt lat="47.479973" lon="-120.773506"><ele>1840.730347</ele><time>2026-07-29T19:07:29.087Z</time></trkpt><trkpt lat="47.479939" lon="-120.773407"><ele>1840.302856</ele><time>2026-07-29T19:07:34.086Z</time></trkpt><trkpt lat="47.479958" lon="-120.773376"><ele>1838.697266</ele><time>2026-07-29T19:07:37.089Z</time></trkpt><trkpt lat="47.480064" lon="-120.773315"><ele>1840.558105</ele><time>2026-07-29T19:11:27.087Z</time></trkpt><trkpt lat="47.480183" lon="-120.773148"><ele>1836.118164</ele><time>2026-07-29T19:11:30.086Z</time></trkpt><trkpt lat="47.480145" lon="-120.77298"><ele>1832.424438</ele><time>2026-07-29T19:11:41.083Z</time></trkpt><trkpt lat="47.480171" lon="-120.772957"><ele>1832.613892</ele><time>2026-07-29T19:12:48.088Z</time></trkpt><trkpt lat="47.480179" lon="-120.772774"><ele>1826.744019</ele><time>2026-07-29T19:18:06.086Z</time></trkpt><trkpt lat="47.480114" lon="-120.772766"><ele>1822.179932</ele><time>2026-07-29T19:20:30.086Z</time></trkpt><trkpt lat="47.480072" lon="-120.772682"><ele>1821.323364</ele><time>2026-07-29T19:20:46.087Z</time></trkpt><trkpt lat="47.480072" lon="-120.772621"><ele>1818.963867</ele><time>2026-07-29T19:20:59.087Z</time></trkpt><trkpt lat="47.479916" lon="-120.772476"><ele>1809.473511</ele><time>2026-07-29T19:21:09.086Z</time></trkpt><trkpt lat="47.479877" lon="-120.772469"><ele>1809.56189</ele><time>2026-07-29T19:21:31.084Z</time></trkpt><trkpt lat="47.479855" lon="-120.772621"><ele>1805.946045</ele><time>2026-07-29T19:21:39.083Z</time></trkpt><trkpt lat="47.479797" lon="-120.77272"><ele>1803.908936</ele><time>2026-07-29T19:21:42.083Z</time></trkpt><trkpt lat="47.479664" lon="-120.77282"><ele>1800.650391</ele><time>2026-07-29T19:22:06.089Z</time></trkpt><trkpt lat="47.479633" lon="-120.772865"><ele>1800.890747</ele><time>2026-07-29T19:22:10.086Z</time></trkpt><trkpt lat="47.479591" lon="-120.772881"><ele>1797.239746</ele><time>2026-07-29T19:22:14.082Z</time></trkpt><trkpt lat="47.479347" lon="-120.773056"><ele>1787.685669</ele><time>2026-07-29T19:22:18.087Z</time></trkpt><trkpt lat="47.479305" lon="-120.773041"><ele>1785.721313</ele><time>2026-07-29T19:22:27.088Z</time></trkpt><trkpt lat="47.47929" lon="-120.772934"><ele>1785.237793</ele><time>2026-07-29T19:22:39.085Z</time></trkpt><trkpt lat="47.479301" lon="-120.772881"><ele>1784.428833</ele><time>2026-07-29T19:23:00.083Z</time></trkpt><trkpt lat="47.47924" lon="-120.772621"><ele>1778.362061</ele><time>2026-07-29T19:23:27.084Z</time></trkpt><trkpt lat="47.479218" lon="-120.772552"><ele>1779.853882</ele><time>2026-07-29T19:23:52.086Z</time></trkpt><trkpt lat="47.479111" lon="-120.772423"><ele>1771.768677</ele><time>2026-07-29T19:24:03.085Z</time></trkpt><trkpt lat="47.479057" lon="-120.772308"><ele>1770.227051</ele><time>2026-07-29T19:24:08.086Z</time></trkpt><trkpt lat="47.479023" lon="-120.772064"><ele>1763.746704</ele><time>2026-07-29T19:24:22.089Z</time></trkpt><trkpt lat="47.479004" lon="-120.772034"><ele>1765.484985</ele><time>2026-07-29T19:24:45.089Z</time></trkpt><trkpt lat="47.479008" lon="-120.771988"><ele>1764.531006</ele><time>2026-07-29T19:24:50.083Z</time></trkpt><trkpt lat="47.478901" lon="-120.771866"><ele>1757.761475</ele><time>2026-07-29T19:25:02.088Z</time></trkpt><trkpt lat="47.478848" lon="-120.771843"><ele>1755.675537</ele><time>2026-07-29T19:25:21.085Z</time></trkpt><trkpt lat="47.478771" lon="-120.771736"><ele>1751.866089</ele><time>2026-07-29T19:25:31.086Z</time></trkpt><trkpt lat="47.478714" lon="-120.771736"><ele>1752.977051</ele><time>2026-07-29T19:25:35.082Z</time></trkpt><trkpt lat="47.478561" lon="-120.771278"><ele>1746.627319</ele><time>2026-07-29T19:25:38.083Z</time></trkpt><trkpt lat="47.4785" lon="-120.77124"><ele>1746.5979</ele><time>2026-07-29T19:25:49.090Z</time></trkpt><trkpt lat="47.478374" lon="-120.771202"><ele>1744.619873</ele><time>2026-07-29T19:26:09.086Z</time></trkpt><trkpt lat="47.478294" lon="-120.771248"><ele>1740.550659</ele><time>2026-07-29T19:26:13.085Z</time></trkpt><trkpt lat="47.47821" lon="-120.771156"><ele>1737.420044</ele><time>2026-07-29T19:26:16.088Z</time></trkpt><trkpt lat="47.478168" lon="-120.771042"><ele>1735.138184</ele><time>2026-07-29T19:26:49.091Z</time></trkpt><trkpt lat="47.47823" lon="-120.770889"><ele>1730.811157</ele><time>2026-07-29T19:26:54.085Z</time></trkpt><trkpt lat="47.478275" lon="-120.770699"><ele>1729.106812</ele><time>2026-07-29T19:26:59.087Z</time></trkpt><trkpt lat="47.478245" lon="-120.770714"><ele>1726.443604</ele><time>2026-07-29T19:27:04.082Z</time></trkpt><trkpt lat="47.478214" lon="-120.770699"><ele>1726.538452</ele><time>2026-07-29T19:27:55.086Z</time></trkpt><trkpt lat="47.478203" lon="-120.770554"><ele>1722.53479</ele><time>2026-07-29T19:28:16.087Z</time></trkpt><trkpt lat="47.478107" lon="-120.770477"><ele>1716.870483</ele><time>2026-07-29T19:28:35.086Z</time></trkpt><trkpt lat="47.477989" lon="-120.770309"><ele>1712.787476</ele><time>2026-07-29T19:28:37.083Z</time></trkpt><trkpt lat="47.477982" lon="-120.770271"><ele>1713.058228</ele><time>2026-07-29T19:28:46.087Z</time></trkpt><trkpt lat="47.477898" lon="-120.770294"><ele>1710.418213</ele><time>2026-07-29T19:28:50.090Z</time></trkpt><trkpt lat="47.47784" lon="-120.770187"><ele>1706.958862</ele><time>2026-07-29T19:28:53.088Z</time></trkpt><trkpt lat="47.477913" lon="-120.769974"><ele>1702.519531</ele><time>2026-07-29T19:29:17.091Z</time></trkpt><trkpt lat="47.478004" lon="-120.769814"><ele>1702.831299</ele><time>2026-07-29T19:29:38.085Z</time></trkpt><trkpt lat="47.478039" lon="-120.769585"><ele>1698.831543</ele><time>2026-07-29T19:29:42.089Z</time></trkpt><trkpt lat="47.477989" lon="-120.769417"><ele>1696.759521</ele><time>2026-07-29T19:29:45.088Z</time></trkpt><trkpt lat="47.477989" lon="-120.769348"><ele>1692.91626</ele><time>2026-07-29T19:29:47.085Z</time></trkpt><trkpt lat="47.477932" lon="-120.769279"><ele>1691.841064</ele><time>2026-07-29T19:29:50.084Z</time></trkpt><trkpt lat="47.477943" lon="-120.76918"><ele>1688.048828</ele><time>2026-07-29T19:29:56.085Z</time></trkpt><trkpt lat="47.477894" lon="-120.769051"><ele>1684.905884</ele><time>2026-07-29T19:30:04.090Z</time></trkpt><trkpt lat="47.477837" lon="-120.768997"><ele>1684.630493</ele><time>2026-07-29T19:30:09.087Z</time></trkpt><trkpt lat="47.477745" lon="-120.768959"><ele>1685.300415</ele><time>2026-07-29T19:30:20.088Z</time></trkpt><trkpt lat="47.47781" lon="-120.768967"><ele>1683.722412</ele><time>2026-07-29T19:30:36.084Z</time></trkpt><trkpt lat="47.477833" lon="-120.769012"><ele>1686.12915</ele><time>2026-07-29T19:30:43.082Z</time></trkpt><trkpt lat="47.477814" lon="-120.768967"><ele>1687.121582</ele><time>2026-07-29T19:30:46.087Z</time></trkpt><trkpt lat="47.477909" lon="-120.768929"><ele>1683.516846</ele><time>2026-07-29T19:30:49.088Z</time></trkpt><trkpt lat="47.47797" lon="-120.768829"><ele>1681.333496</ele><time>2026-07-29T19:30:55.087Z</time></trkpt><trkpt lat="47.478012" lon="-120.768616"><ele>1678.390503</ele><time>2026-07-29T19:31:06.088Z</time></trkpt><trkpt lat="47.478149" lon="-120.768555"><ele>1678.357178</ele><time>2026-07-29T19:31:14.091Z</time></trkpt><trkpt lat="47.478291" lon="-120.768356"><ele>1677.859741</ele><time>2026-07-29T19:31:21.088Z</time></trkpt><trkpt lat="47.478294" lon="-120.76825"><ele>1677.919556</ele><time>2026-07-29T19:31:23.088Z</time></trkpt><trkpt lat="47.478348" lon="-120.767952"><ele>1680.271362</ele><time>2026-07-29T19:31:31.091Z</time></trkpt><trkpt lat="47.478321" lon="-120.767853"><ele>1677.23877</ele><time>2026-07-29T19:31:33.086Z</time></trkpt><trkpt lat="47.478226" lon="-120.767685"><ele>1675.154785</ele><time>2026-07-29T19:31:38.089Z</time></trkpt><trkpt lat="47.478214" lon="-120.767632"><ele>1675.351685</ele><time>2026-07-29T19:31:41.091Z</time></trkpt><trkpt lat="47.47823" lon="-120.767586"><ele>1673.799194</ele><time>2026-07-29T19:31:44.088Z</time></trkpt><trkpt lat="47.478291" lon="-120.767517"><ele>1676.043945</ele><time>2026-07-29T19:31:48.089Z</time></trkpt><trkpt lat="47.47834" lon="-120.767326"><ele>1675.68335</ele><time>2026-07-29T19:31:51.092Z</time></trkpt><trkpt lat="47.478489" lon="-120.767059"><ele>1671.805786</ele><time>2026-07-29T19:31:58.088Z</time></trkpt><trkpt lat="47.478546" lon="-120.766983"><ele>1670.203369</ele><time>2026-07-29T19:32:01.088Z</time></trkpt><trkpt lat="47.478588" lon="-120.766983"><ele>1671.462769</ele><time>2026-07-29T19:32:04.091Z</time></trkpt><trkpt lat="47.478725" lon="-120.766914"><ele>1669.800659</ele><time>2026-07-29T19:32:08.089Z</time></trkpt><trkpt lat="47.478813" lon="-120.766815"><ele>1671.567261</ele><time>2026-07-29T19:32:15.088Z</time></trkpt><trkpt lat="47.478981" lon="-120.766487"><ele>1667.339355</ele><time>2026-07-29T19:32:36.093Z</time></trkpt><trkpt lat="47.479092" lon="-120.766335"><ele>1669.181274</ele><time>2026-07-29T19:33:08.089Z</time></trkpt><trkpt lat="47.479095" lon="-120.766281"><ele>1668.848389</ele><time>2026-07-29T19:34:19.089Z</time></trkpt><trkpt lat="47.479134" lon="-120.766205"><ele>1670.501221</ele><time>2026-07-29T19:34:44.086Z</time></trkpt><trkpt lat="47.479187" lon="-120.766151"><ele>1670.642822</ele><time>2026-07-29T19:34:51.089Z</time></trkpt><trkpt lat="47.479221" lon="-120.766144"><ele>1673.098999</ele><time>2026-07-29T19:34:54.086Z</time></trkpt><trkpt lat="47.479321" lon="-120.766068"><ele>1671.810547</ele><time>2026-07-29T19:34:57.093Z</time></trkpt><trkpt lat="47.47924" lon="-120.765976"><ele>1675.061646</ele><time>2026-07-29T19:35:01.087Z</time></trkpt><trkpt lat="47.479206" lon="-120.7659"><ele>1671.708984</ele><time>2026-07-29T19:35:16.088Z</time></trkpt><trkpt lat="47.479218" lon="-120.765709"><ele>1672.13623</ele><time>2026-07-29T19:35:19.090Z</time></trkpt><trkpt lat="47.479225" lon="-120.765671"><ele>1672.387451</ele><time>2026-07-29T19:35:24.089Z</time></trkpt><trkpt lat="47.479248" lon="-120.765625"><ele>1670.454346</ele><time>2026-07-29T19:35:34.091Z</time></trkpt><trkpt lat="47.479279" lon="-120.765602"><ele>1671.385132</ele><time>2026-07-29T19:35:43.088Z</time></trkpt><trkpt lat="47.479309" lon="-120.765526"><ele>1672.936768</ele><time>2026-07-29T19:35:50.085Z</time></trkpt><trkpt lat="47.479355" lon="-120.765335"><ele>1668.652832</ele><time>2026-07-29T19:35:59.122Z</time></trkpt><trkpt lat="47.479416" lon="-120.765228"><ele>1669.9104</ele><time>2026-07-29T19:36:13.087Z</time></trkpt><trkpt lat="47.479431" lon="-120.765022"><ele>1667.468506</ele><time>2026-07-29T19:39:13.093Z</time></trkpt><trkpt lat="47.479462" lon="-120.765007"><ele>1666.760742</ele><time>2026-07-29T19:39:32.088Z</time></trkpt><trkpt lat="47.479481" lon="-120.764969"><ele>1667.247559</ele><time>2026-07-29T19:39:39.089Z</time></trkpt><trkpt lat="47.479488" lon="-120.764793"><ele>1664.630615</ele><time>2026-07-29T19:39:52.091Z</time></trkpt><trkpt lat="47.479565" lon="-120.764297"><ele>1658.689087</ele><time>2026-07-29T19:39:55.087Z</time></trkpt><trkpt lat="47.479473" lon="-120.764343"><ele>1655.017822</ele><time>2026-07-29T19:40:01.087Z</time></trkpt><trkpt lat="47.479446" lon="-120.764328"><ele>1657.138428</ele><time>2026-07-29T19:40:08.091Z</time></trkpt><trkpt lat="47.479412" lon="-120.764229"><ele>1652.049438</ele><time>2026-07-29T19:40:23.092Z</time></trkpt><trkpt lat="47.479427" lon="-120.764145"><ele>1657.496094</ele><time>2026-07-29T19:41:03.087Z</time></trkpt><trkpt lat="47.479416" lon="-120.763802"><ele>1655.850952</ele><time>2026-07-29T19:47:12.090Z</time></trkpt><trkpt lat="47.479477" lon="-120.76358"><ele>1655.521851</ele><time>2026-07-29T19:47:23.096Z</time></trkpt><trkpt lat="47.479462" lon="-120.763496"><ele>1658.223999</ele><time>2026-07-29T19:54:00.096Z</time></trkpt><trkpt lat="47.47942" lon="-120.763428"><ele>1658.503052</ele><time>2026-07-29T19:54:12.090Z</time></trkpt><trkpt lat="47.479408" lon="-120.763374"><ele>1654.192017</ele><time>2026-07-29T20:03:07.095Z</time></trkpt><trkpt lat="47.479385" lon="-120.763084"><ele>1657.25769</ele><time>2026-07-29T20:03:32.098Z</time></trkpt><trkpt lat="47.479324" lon="-120.762772"><ele>1656.076294</ele><time>2026-07-29T20:03:52.095Z</time></trkpt><trkpt lat="47.479294" lon="-120.762741"><ele>1655.559326</ele><time>2026-07-29T20:03:59.093Z</time></trkpt><trkpt lat="47.479279" lon="-120.762688"><ele>1658.738403</ele><time>2026-07-29T20:04:02.096Z</time></trkpt><trkpt lat="47.479282" lon="-120.762527"><ele>1660.955566</ele><time>2026-07-29T20:04:05.093Z</time></trkpt><trkpt lat="47.479362" lon="-120.762276"><ele>1658.744873</ele><time>2026-07-29T20:04:16.097Z</time></trkpt><trkpt lat="47.479355" lon="-120.762184"><ele>1658.456177</ele><time>2026-07-29T20:04:22.097Z</time></trkpt><trkpt lat="47.479443" lon="-120.76207"><ele>1660.215332</ele><time>2026-07-29T20:04:32.095Z</time></trkpt><trkpt lat="47.479515" lon="-120.761932"><ele>1659.062256</ele><time>2026-07-29T20:04:36.093Z</time></trkpt><trkpt lat="47.479511" lon="-120.761894"><ele>1656.844482</ele><time>2026-07-29T20:04:53.093Z</time></trkpt><trkpt lat="47.47958" lon="-120.761627"><ele>1658.064819</ele><time>2026-07-29T20:05:00.096Z</time></trkpt><trkpt lat="47.479626" lon="-120.761559"><ele>1657.261841</ele><time>2026-07-29T20:07:22.093Z</time></trkpt><trkpt lat="47.479649" lon="-120.761467"><ele>1655.628906</ele><time>2026-07-29T20:07:46.095Z</time></trkpt><trkpt lat="47.47961" lon="-120.761108"><ele>1657.728638</ele><time>2026-07-29T20:07:52.095Z</time></trkpt><trkpt lat="47.47963" lon="-120.761017"><ele>1657.914673</ele><time>2026-07-29T20:08:26.092Z</time></trkpt><trkpt lat="47.479626" lon="-120.760963"><ele>1658.092163</ele><time>2026-07-29T20:09:22.092Z</time></trkpt><trkpt lat="47.479565" lon="-120.760826"><ele>1660.384399</ele><time>2026-07-29T20:09:25.093Z</time></trkpt><trkpt lat="47.479523" lon="-120.760788"><ele>1658.008423</ele><time>2026-07-29T20:09:28.092Z</time></trkpt><trkpt lat="47.479462" lon="-120.760689"><ele>1662.288574</ele><time>2026-07-29T20:09:42.092Z</time></trkpt><trkpt lat="47.479454" lon="-120.760612"><ele>1661.320435</ele><time>2026-07-29T20:09:46.095Z</time></trkpt><trkpt lat="47.479473" lon="-120.760582"><ele>1659.261963</ele><time>2026-07-29T20:12:02.090Z</time></trkpt><trkpt lat="47.479427" lon="-120.760445"><ele>1658.709351</ele><time>2026-07-29T20:12:09.090Z</time></trkpt><trkpt lat="47.479435" lon="-120.760368"><ele>1656.172363</ele><time>2026-07-29T20:12:19.093Z</time></trkpt><trkpt lat="47.479309" lon="-120.760269"><ele>1655.246094</ele><time>2026-07-29T20:12:29.092Z</time></trkpt><trkpt lat="47.47913" lon="-120.760185"><ele>1654.450562</ele><time>2026-07-29T20:12:36.089Z</time></trkpt><trkpt lat="47.478973" lon="-120.760033"><ele>1652.871704</ele><time>2026-07-29T20:12:41.092Z</time></trkpt><trkpt lat="47.478817" lon="-120.759987"><ele>1654.803589</ele><time>2026-07-29T20:12:46.093Z</time></trkpt><trkpt lat="47.478779" lon="-120.76001"><ele>1651.839111</ele><time>2026-07-29T20:12:50.092Z</time></trkpt><trkpt lat="47.478748" lon="-120.760002"><ele>1654.22583</ele><time>2026-07-29T20:12:58.090Z</time></trkpt><trkpt lat="47.478722" lon="-120.760025"><ele>1653.955811</ele><time>2026-07-29T20:13:04.088Z</time></trkpt><trkpt lat="47.478691" lon="-120.760025"><ele>1648.952393</ele><time>2026-07-29T20:13:07.088Z</time></trkpt><trkpt lat="47.478619" lon="-120.759979"><ele>1650.056641</ele><time>2026-07-29T20:13:15.090Z</time></trkpt><trkpt lat="47.478592" lon="-120.76001"><ele>1649.758057</ele><time>2026-07-29T20:13:26.093Z</time></trkpt><trkpt lat="47.478565" lon="-120.760193"><ele>1659.294434</ele><time>2026-07-29T20:13:39.090Z</time></trkpt><trkpt lat="47.478485" lon="-120.7603"><ele>1657.885742</ele><time>2026-07-29T20:13:44.089Z</time></trkpt><trkpt lat="47.478401" lon="-120.760376"><ele>1655.242188</ele><time>2026-07-29T20:13:47.089Z</time></trkpt><trkpt lat="47.478371" lon="-120.760384"><ele>1655.36731</ele><time>2026-07-29T20:13:51.093Z</time></trkpt><trkpt lat="47.478153" lon="-120.760201"><ele>1654.418213</ele><time>2026-07-29T20:14:00.090Z</time></trkpt><trkpt lat="47.4781" lon="-120.760063"><ele>1656.154419</ele><time>2026-07-29T20:14:12.095Z</time></trkpt><trkpt lat="47.47805" lon="-120.759979"><ele>1654.460571</ele><time>2026-07-29T20:14:19.090Z</time></trkpt><trkpt lat="47.478012" lon="-120.759857"><ele>1653.800903</ele><time>2026-07-29T20:14:27.091Z</time></trkpt><trkpt lat="47.477924" lon="-120.759758"><ele>1655.393677</ele><time>2026-07-29T20:14:37.093Z</time></trkpt><trkpt lat="47.477825" lon="-120.759583"><ele>1653.160645</ele><time>2026-07-29T20:18:11.093Z</time></trkpt><trkpt lat="47.477802" lon="-120.759499"><ele>1655.109985</ele><time>2026-07-29T20:18:12.088Z</time></trkpt><trkpt lat="47.477638" lon="-120.759445"><ele>1652.224487</ele><time>2026-07-29T20:18:33.093Z</time></trkpt><trkpt lat="47.4776" lon="-120.75946"><ele>1655.959106</ele><time>2026-07-29T20:18:42.095Z</time></trkpt><trkpt lat="47.477467" lon="-120.759315"><ele>1656.263916</ele><time>2026-07-29T20:18:50.097Z</time></trkpt><trkpt lat="47.47744" lon="-120.759209"><ele>1657.082886</ele><time>2026-07-29T20:19:00.089Z</time></trkpt><trkpt lat="47.477406" lon="-120.759209"><ele>1657.756104</ele><time>2026-07-29T20:19:13.086Z</time></trkpt><trkpt lat="47.477337" lon="-120.759163"><ele>1656.069946</ele><time>2026-07-29T20:19:15.091Z</time></trkpt><trkpt lat="47.477264" lon="-120.759155"><ele>1661.550659</ele><time>2026-07-29T20:19:19.089Z</time></trkpt><trkpt lat="47.477196" lon="-120.759087"><ele>1657.610596</ele><time>2026-07-29T20:19:25.088Z</time></trkpt><trkpt lat="47.477196" lon="-120.759033"><ele>1658.848145</ele><time>2026-07-29T20:19:28.088Z</time></trkpt><trkpt lat="47.477299" lon="-120.75872"><ele>1656.122437</ele><time>2026-07-29T20:19:32.085Z</time></trkpt><trkpt lat="47.477261" lon="-120.758652"><ele>1656.354248</ele><time>2026-07-29T20:19:39.087Z</time></trkpt><trkpt lat="47.477257" lon="-120.758591"><ele>1656.553101</ele><time>2026-07-29T20:19:42.090Z</time></trkpt><trkpt lat="47.477268" lon="-120.758469"><ele>1654.455566</ele><time>2026-07-29T20:19:46.088Z</time></trkpt><trkpt lat="47.477253" lon="-120.758209"><ele>1658.522949</ele><time>2026-07-29T20:19:52.082Z</time></trkpt><trkpt lat="47.477272" lon="-120.758034"><ele>1656.773682</ele><time>2026-07-29T20:19:56.083Z</time></trkpt><trkpt lat="47.477238" lon="-120.757744"><ele>1655.334106</ele><time>2026-07-29T20:20:01.082Z</time></trkpt><trkpt lat="47.47731" lon="-120.757622"><ele>1658.03772</ele><time>2026-07-29T20:20:06.091Z</time></trkpt><trkpt lat="47.47728" lon="-120.757469"><ele>1658.373413</ele><time>2026-07-29T20:20:12.083Z</time></trkpt><trkpt lat="47.47728" lon="-120.757362"><ele>1656.216309</ele><time>2026-07-29T20:20:16.086Z</time></trkpt><trkpt lat="47.477333" lon="-120.757111"><ele>1657.80188</ele><time>2026-07-29T20:20:23.088Z</time></trkpt><trkpt lat="47.477489" lon="-120.757095"><ele>1655.37854</ele><time>2026-07-29T20:20:27.083Z</time></trkpt><trkpt lat="47.477512" lon="-120.757057"><ele>1655.637695</ele><time>2026-07-29T20:20:30.083Z</time></trkpt><trkpt lat="47.477501" lon="-120.757004"><ele>1654.906006</ele><time>2026-07-29T20:20:34.084Z</time></trkpt><trkpt lat="47.477589" lon="-120.756767"><ele>1659.820923</ele><time>2026-07-29T20:20:38.090Z</time></trkpt><trkpt lat="47.477642" lon="-120.756699"><ele>1654.146606</ele><time>2026-07-29T20:20:49.080Z</time></trkpt><trkpt lat="47.477772" lon="-120.75663"><ele>1656.819458</ele><time>2026-07-29T20:20:53.087Z</time></trkpt><trkpt lat="47.477852" lon="-120.756523"><ele>1657.034058</ele><time>2026-07-29T20:20:56.082Z</time></trkpt><trkpt lat="47.477844" lon="-120.756454"><ele>1657.961792</ele><time>2026-07-29T20:21:01.083Z</time></trkpt><trkpt lat="47.477875" lon="-120.756355"><ele>1658.435547</ele><time>2026-07-29T20:21:18.086Z</time></trkpt><trkpt lat="47.477989" lon="-120.756165"><ele>1663.242065</ele><time>2026-07-29T20:21:23.086Z</time></trkpt><trkpt lat="47.478046" lon="-120.756126"><ele>1662.593872</ele><time>2026-07-29T20:21:27.080Z</time></trkpt><trkpt lat="47.478104" lon="-120.756111"><ele>1657.123779</ele><time>2026-07-29T20:21:35.087Z</time></trkpt><trkpt lat="47.478264" lon="-120.755913"><ele>1660.035889</ele><time>2026-07-29T20:21:42.083Z</time></trkpt><trkpt lat="47.478271" lon="-120.755798"><ele>1660.068604</ele><time>2026-07-29T20:21:45.085Z</time></trkpt><trkpt lat="47.478302" lon="-120.755753"><ele>1658.831909</ele><time>2026-07-29T20:21:49.084Z</time></trkpt><trkpt lat="47.478317" lon="-120.755684"><ele>1661.251099</ele><time>2026-07-29T20:21:52.085Z</time></trkpt><trkpt lat="47.478436" lon="-120.755539"><ele>1660.901001</ele><time>2026-07-29T20:22:07.084Z</time></trkpt><trkpt lat="47.478462" lon="-120.75544"><ele>1663.317749</ele><time>2026-07-29T20:22:11.084Z</time></trkpt><trkpt lat="47.478497" lon="-120.755386"><ele>1659.457275</ele><time>2026-07-29T20:22:34.084Z</time></trkpt><trkpt lat="47.478561" lon="-120.755325"><ele>1661.284424</ele><time>2026-07-29T20:22:46.082Z</time></trkpt><trkpt lat="47.478603" lon="-120.75531"><ele>1661.096802</ele><time>2026-07-29T20:23:05.076Z</time></trkpt><trkpt lat="47.47868" lon="-120.755196"><ele>1662.124878</ele><time>2026-07-29T20:23:34.084Z</time></trkpt><trkpt lat="47.478779" lon="-120.755096"><ele>1663.494629</ele><time>2026-07-29T20:24:00.087Z</time></trkpt><trkpt lat="47.47897" lon="-120.755058"><ele>1658.517212</ele><time>2026-07-29T20:24:33.086Z</time></trkpt><trkpt lat="47.479126" lon="-120.7547"><ele>1663.901733</ele><time>2026-07-29T20:24:50.083Z</time></trkpt><trkpt lat="47.479233" lon="-120.754585"><ele>1660.097534</ele><time>2026-07-29T20:27:00.090Z</time></trkpt><trkpt lat="47.479298" lon="-120.754547"><ele>1661.697876</ele><time>2026-07-29T20:27:04.085Z</time></trkpt><trkpt lat="47.479336" lon="-120.754555"><ele>1661.925415</ele><time>2026-07-29T20:27:28.084Z</time></trkpt><trkpt lat="47.479389" lon="-120.754524"><ele>1659.508423</ele><time>2026-07-29T20:27:40.083Z</time></trkpt><trkpt lat="47.479462" lon="-120.754433"><ele>1664.05542</ele><time>2026-07-29T20:27:43.088Z</time></trkpt><trkpt lat="47.479519" lon="-120.754234"><ele>1665.696289</ele><time>2026-07-29T20:27:53.086Z</time></trkpt><trkpt lat="47.479584" lon="-120.754196"><ele>1665.252197</ele><time>2026-07-29T20:27:55.087Z</time></trkpt><trkpt lat="47.47961" lon="-120.754158"><ele>1666.010742</ele><time>2026-07-29T20:27:59.088Z</time></trkpt><trkpt lat="47.479645" lon="-120.754166"><ele>1664.012573</ele><time>2026-07-29T20:28:07.087Z</time></trkpt><trkpt lat="47.479774" lon="-120.754128"><ele>1664.240479</ele><time>2026-07-29T20:28:27.083Z</time></trkpt><trkpt lat="47.479797" lon="-120.754074"><ele>1662.098999</ele><time>2026-07-29T20:28:47.083Z</time></trkpt><trkpt lat="47.479851" lon="-120.754044"><ele>1664.67395</ele><time>2026-07-29T20:28:57.084Z</time></trkpt><trkpt lat="47.479897" lon="-120.753983"><ele>1664.50354</ele><time>2026-07-29T20:29:03.082Z</time></trkpt><trkpt lat="47.479927" lon="-120.753998"><ele>1665.048828</ele><time>2026-07-29T20:29:06.083Z</time></trkpt><trkpt lat="47.480019" lon="-120.753998"><ele>1664.144775</ele><time>2026-07-29T20:29:09.086Z</time></trkpt><trkpt lat="47.480213" lon="-120.753754"><ele>1663.354736</ele><time>2026-07-29T20:29:14.084Z</time></trkpt><trkpt lat="47.480328" lon="-120.75367"><ele>1664.372192</ele><time>2026-07-29T20:29:18.080Z</time></trkpt><trkpt lat="47.480347" lon="-120.753632"><ele>1665.868652</ele><time>2026-07-29T20:29:22.087Z</time></trkpt><trkpt lat="47.480537" lon="-120.753471"><ele>1662.446533</ele><time>2026-07-29T20:30:01.084Z</time></trkpt><trkpt lat="47.480553" lon="-120.753433"><ele>1661.743652</ele><time>2026-07-29T20:30:58.087Z</time></trkpt><trkpt lat="47.480625" lon="-120.753357"><ele>1661.358154</ele><time>2026-07-29T20:31:01.084Z</time></trkpt><trkpt lat="47.480698" lon="-120.753227"><ele>1665.698364</ele><time>2026-07-29T20:31:09.086Z</time></trkpt><trkpt lat="47.480797" lon="-120.753105"><ele>1665.880493</ele><time>2026-07-29T20:31:29.084Z</time></trkpt><trkpt lat="47.480911" lon="-120.753059"><ele>1666.482178</ele><time>2026-07-29T20:31:43.084Z</time></trkpt><trkpt lat="47.481007" lon="-120.753113"><ele>1663.838623</ele><time>2026-07-29T20:33:31.082Z</time></trkpt><trkpt lat="47.481026" lon="-120.753143"><ele>1664.364868</ele><time>2026-07-29T20:33:40.086Z</time></trkpt><trkpt lat="47.481236" lon="-120.753181"><ele>1664.430176</ele><time>2026-07-29T20:34:12.082Z</time></trkpt><trkpt lat="47.481304" lon="-120.753174"><ele>1662.353027</ele><time>2026-07-29T20:34:18.084Z</time></trkpt><trkpt lat="47.481361" lon="-120.753212"><ele>1662.55957</ele><time>2026-07-29T20:35:13.085Z</time></trkpt><trkpt lat="47.481464" lon="-120.753242"><ele>1657.969727</ele><time>2026-07-29T20:35:17.083Z</time></trkpt><trkpt lat="47.481564" lon="-120.753082"><ele>1658.158936</ele><time>2026-07-29T20:35:32.085Z</time></trkpt><trkpt lat="47.481712" lon="-120.753006"><ele>1662.375122</ele><time>2026-07-29T20:35:41.083Z</time></trkpt><trkpt lat="47.481831" lon="-120.75296"><ele>1659.995361</ele><time>2026-07-29T20:35:50.083Z</time></trkpt><trkpt lat="47.481915" lon="-120.752975"><ele>1658.421143</ele><time>2026-07-29T20:36:47.084Z</time></trkpt><trkpt lat="47.482094" lon="-120.752838"><ele>1659.895264</ele><time>2026-07-29T20:36:51.080Z</time></trkpt><trkpt lat="47.482185" lon="-120.752869"><ele>1657.441772</ele><time>2026-07-29T20:36:55.082Z</time></trkpt><trkpt lat="47.482327" lon="-120.752846"><ele>1657.510498</ele><time>2026-07-29T20:36:58.080Z</time></trkpt><trkpt lat="47.482376" lon="-120.752785"><ele>1659.055054</ele><time>2026-07-29T20:37:01.082Z</time></trkpt><trkpt lat="47.482403" lon="-120.752701"><ele>1657.617554</ele><time>2026-07-29T20:37:12.080Z</time></trkpt><trkpt lat="47.482506" lon="-120.752556"><ele>1660.02124</ele><time>2026-07-29T20:37:14.082Z</time></trkpt><trkpt lat="47.482616" lon="-120.752518"><ele>1659.386597</ele><time>2026-07-29T20:37:17.079Z</time></trkpt><trkpt lat="47.482666" lon="-120.752472"><ele>1660.253296</ele><time>2026-07-29T20:37:20.082Z</time></trkpt><trkpt lat="47.482765" lon="-120.752419"><ele>1657.706177</ele><time>2026-07-29T20:37:23.080Z</time></trkpt><trkpt lat="47.482822" lon="-120.752373"><ele>1657.769043</ele><time>2026-07-29T20:37:26.080Z</time></trkpt><trkpt lat="47.482868" lon="-120.752304"><ele>1655.910767</ele><time>2026-07-29T20:37:29.080Z</time></trkpt><trkpt lat="47.482948" lon="-120.752281"><ele>1656.680298</ele><time>2026-07-29T20:37:38.085Z</time></trkpt><trkpt lat="47.48317" lon="-120.752151"><ele>1655.518311</ele><time>2026-07-29T20:37:45.080Z</time></trkpt><trkpt lat="47.483223" lon="-120.752037"><ele>1657.380005</ele><time>2026-07-29T20:37:49.084Z</time></trkpt><trkpt lat="47.48325" lon="-120.752014"><ele>1658.068604</ele><time>2026-07-29T20:37:55.080Z</time></trkpt><trkpt lat="47.483311" lon="-120.752037"><ele>1655.187988</ele><time>2026-07-29T20:37:58.080Z</time></trkpt><trkpt lat="47.483414" lon="-120.752022"><ele>1656.80835</ele><time>2026-07-29T20:38:01.080Z</time></trkpt><trkpt lat="47.483433" lon="-120.751984"><ele>1659.254883</ele><time>2026-07-29T20:38:04.082Z</time></trkpt><trkpt lat="47.483459" lon="-120.751976"><ele>1658.218628</ele><time>2026-07-29T20:38:25.086Z</time></trkpt><trkpt lat="47.483509" lon="-120.751907"><ele>1658.929199</ele><time>2026-07-29T20:38:30.080Z</time></trkpt><trkpt lat="47.48354" lon="-120.751892"><ele>1658.21582</ele><time>2026-07-29T20:38:34.084Z</time></trkpt><trkpt lat="47.483639" lon="-120.751747"><ele>1660.289063</ele><time>2026-07-29T20:38:50.079Z</time></trkpt><trkpt lat="47.483654" lon="-120.751648"><ele>1662.695435</ele><time>2026-07-29T20:38:56.078Z</time></trkpt><trkpt lat="47.483719" lon="-120.751602"><ele>1659.410767</ele><time>2026-07-29T20:39:05.079Z</time></trkpt><trkpt lat="47.483795" lon="-120.751488"><ele>1659.194092</ele><time>2026-07-29T20:39:12.077Z</time></trkpt><trkpt lat="47.483894" lon="-120.751396"><ele>1660.406494</ele><time>2026-07-29T20:39:18.078Z</time></trkpt><trkpt lat="47.483932" lon="-120.751289"><ele>1663.629639</ele><time>2026-07-29T20:39:20.076Z</time></trkpt><trkpt lat="47.483936" lon="-120.751228"><ele>1663.929199</ele><time>2026-07-29T20:39:23.083Z</time></trkpt><trkpt lat="47.483986" lon="-120.751137"><ele>1663.026001</ele><time>2026-07-29T20:39:25.080Z</time></trkpt><trkpt lat="47.484024" lon="-120.751022"><ele>1660.827393</ele><time>2026-07-29T20:39:38.080Z</time></trkpt><trkpt lat="47.48407" lon="-120.750931"><ele>1663.756348</ele><time>2026-07-29T20:39:42.080Z</time></trkpt><trkpt lat="47.484123" lon="-120.75087"><ele>1661.569702</ele><time>2026-07-29T20:39:48.082Z</time></trkpt><trkpt lat="47.484169" lon="-120.750656"><ele>1659.561157</ele><time>2026-07-29T20:39:52.084Z</time></trkpt><trkpt lat="47.484192" lon="-120.750267"><ele>1661.817505</ele><time>2026-07-29T20:39:57.080Z</time></trkpt><trkpt lat="47.484188" lon="-120.75013"><ele>1659.606934</ele><time>2026-07-29T20:40:50.080Z</time></trkpt><trkpt lat="47.484112" lon="-120.749847"><ele>1661.844604</ele><time>2026-07-29T20:41:02.083Z</time></trkpt><trkpt lat="47.484173" lon="-120.749634"><ele>1658.604492</ele><time>2026-07-29T20:41:14.083Z</time></trkpt><trkpt lat="47.48418" lon="-120.749474"><ele>1658.755127</ele><time>2026-07-29T20:41:17.088Z</time></trkpt><trkpt lat="47.484249" lon="-120.749222"><ele>1658.551392</ele><time>2026-07-29T20:41:21.083Z</time></trkpt><trkpt lat="47.484295" lon="-120.74913"><ele>1657.300903</ele><time>2026-07-29T20:41:25.086Z</time></trkpt><trkpt lat="47.484352" lon="-120.749077"><ele>1660.272339</ele><time>2026-07-29T20:41:28.087Z</time></trkpt><trkpt lat="47.484482" lon="-120.749016"><ele>1657.863525</ele><time>2026-07-29T20:41:38.088Z</time></trkpt><trkpt lat="47.484573" lon="-120.749008"><ele>1657.507324</ele><time>2026-07-29T20:41:42.088Z</time></trkpt><trkpt lat="47.484749" lon="-120.749184"><ele>1657.117554</ele><time>2026-07-29T20:41:45.084Z</time></trkpt><trkpt lat="47.484814" lon="-120.749405"><ele>1656.945679</ele><time>2026-07-29T20:41:49.085Z</time></trkpt><trkpt lat="47.484856" lon="-120.749458"><ele>1657.266602</ele><time>2026-07-29T20:41:51.086Z</time></trkpt><trkpt lat="47.484966" lon="-120.749489"><ele>1658.362061</ele><time>2026-07-29T20:41:57.082Z</time></trkpt><trkpt lat="47.484989" lon="-120.749519"><ele>1658.105591</ele><time>2026-07-29T20:42:00.084Z</time></trkpt><trkpt lat="47.485088" lon="-120.749527"><ele>1658.305786</ele><time>2026-07-29T20:42:03.086Z</time></trkpt><trkpt lat="47.485119" lon="-120.749512"><ele>1658.703735</ele><time>2026-07-29T20:42:07.084Z</time></trkpt><trkpt lat="47.485176" lon="-120.749443"><ele>1657.403442</ele><time>2026-07-29T20:42:11.085Z</time></trkpt><trkpt lat="47.485237" lon="-120.749298"><ele>1656.614502</ele><time>2026-07-29T20:42:13.084Z</time></trkpt><trkpt lat="47.485329" lon="-120.749245"><ele>1656.393555</ele><time>2026-07-29T20:42:16.084Z</time></trkpt><trkpt lat="47.485355" lon="-120.749245"><ele>1656.133667</ele><time>2026-07-29T20:42:27.090Z</time></trkpt><trkpt lat="47.485378" lon="-120.749268"><ele>1656.859619</ele><time>2026-07-29T20:42:30.082Z</time></trkpt><trkpt lat="47.485676" lon="-120.749275"><ele>1653.994385</ele><time>2026-07-29T20:42:35.084Z</time></trkpt><trkpt lat="47.48571" lon="-120.749214"><ele>1653.74231</ele><time>2026-07-29T20:42:37.085Z</time></trkpt><trkpt lat="47.485821" lon="-120.7491"><ele>1658.796387</ele><time>2026-07-29T20:42:40.082Z</time></trkpt><trkpt lat="47.485859" lon="-120.749039"><ele>1658.475342</ele><time>2026-07-29T20:42:51.085Z</time></trkpt><trkpt lat="47.485893" lon="-120.748932"><ele>1659.265869</ele><time>2026-07-29T20:43:00.085Z</time></trkpt><trkpt lat="47.486012" lon="-120.748924"><ele>1660.47876</ele><time>2026-07-29T20:43:05.083Z</time></trkpt><trkpt lat="47.486038" lon="-120.748779"><ele>1657.63147</ele><time>2026-07-29T20:43:11.084Z</time></trkpt><trkpt lat="47.486088" lon="-120.748741"><ele>1660.394165</ele><time>2026-07-29T20:43:14.084Z</time></trkpt><trkpt lat="47.486115" lon="-120.748764"><ele>1660.053955</ele><time>2026-07-29T20:43:25.084Z</time></trkpt><trkpt lat="47.486233" lon="-120.748734"><ele>1658.63916</ele><time>2026-07-29T20:43:35.086Z</time></trkpt><trkpt lat="47.486263" lon="-120.748741"><ele>1661.375854</ele><time>2026-07-29T20:43:38.084Z</time></trkpt><trkpt lat="47.486347" lon="-120.748688"><ele>1663.630981</ele><time>2026-07-29T20:44:31.084Z</time></trkpt><trkpt lat="47.486458" lon="-120.748772"><ele>1663.201416</ele><time>2026-07-29T20:44:35.078Z</time></trkpt><trkpt lat="47.486568" lon="-120.748749"><ele>1664.605225</ele><time>2026-07-29T20:44:42.092Z</time></trkpt><trkpt lat="47.486816" lon="-120.74855"><ele>1667.969238</ele><time>2026-07-29T20:44:45.084Z</time></trkpt><trkpt lat="47.486992" lon="-120.748314"><ele>1669.907227</ele><time>2026-07-29T20:44:48.085Z</time></trkpt><trkpt lat="47.487202" lon="-120.748077"><ele>1671.3302</ele><time>2026-07-29T20:45:05.086Z</time></trkpt><trkpt lat="47.487293" lon="-120.74807"><ele>1671.310303</ele><time>2026-07-29T20:45:08.086Z</time></trkpt><trkpt lat="47.487381" lon="-120.747963"><ele>1676.441284</ele><time>2026-07-29T20:45:15.079Z</time></trkpt><trkpt lat="47.487465" lon="-120.747795"><ele>1679.54248</ele><time>2026-07-29T20:45:18.086Z</time></trkpt><trkpt lat="47.487583" lon="-120.747635"><ele>1683.627197</ele><time>2026-07-29T20:45:26.083Z</time></trkpt><trkpt lat="47.487629" lon="-120.747643"><ele>1683.669556</ele><time>2026-07-29T20:46:04.086Z</time></trkpt><trkpt lat="47.487686" lon="-120.747574"><ele>1678.298584</ele><time>2026-07-29T20:46:25.085Z</time></trkpt><trkpt lat="47.487953" lon="-120.747032"><ele>1685.76001</ele><time>2026-07-29T20:46:41.084Z</time></trkpt><trkpt lat="47.488052" lon="-120.746925"><ele>1686.265991</ele><time>2026-07-29T20:47:31.085Z</time></trkpt><trkpt lat="47.488106" lon="-120.746902"><ele>1686.232422</ele><time>2026-07-29T20:47:39.090Z</time></trkpt><trkpt lat="47.488174" lon="-120.746819"><ele>1683.623169</ele><time>2026-07-29T20:48:13.082Z</time></trkpt><trkpt lat="47.488297" lon="-120.746727"><ele>1682.767822</ele><time>2026-07-29T20:48:20.085Z</time></trkpt><trkpt lat="47.488491" lon="-120.746399"><ele>1678.707153</ele><time>2026-07-29T20:48:28.083Z</time></trkpt><trkpt lat="47.488567" lon="-120.746315"><ele>1677.166138</ele><time>2026-07-29T20:49:31.085Z</time></trkpt><trkpt lat="47.488594" lon="-120.746414"><ele>1676.320435</ele><time>2026-07-29T20:52:09.084Z</time></trkpt><trkpt lat="47.488564" lon="-120.746559"><ele>1673.100098</ele><time>2026-07-29T20:52:12.084Z</time></trkpt><trkpt lat="47.488598" lon="-120.746544"><ele>1670.627441</ele><time>2026-07-29T20:52:14.080Z</time></trkpt><trkpt lat="47.488632" lon="-120.746498"><ele>1669.078613</ele><time>2026-07-29T20:52:19.086Z</time></trkpt><trkpt lat="47.488659" lon="-120.746414"><ele>1669.988892</ele><time>2026-07-29T20:52:24.083Z</time></trkpt><trkpt lat="47.488724" lon="-120.746315"><ele>1667.995483</ele><time>2026-07-29T20:52:27.088Z</time></trkpt><trkpt lat="47.488777" lon="-120.746277"><ele>1664.075562</ele><time>2026-07-29T20:52:34.085Z</time></trkpt><trkpt lat="47.488853" lon="-120.746269"><ele>1662.760864</ele><time>2026-07-29T20:52:37.084Z</time></trkpt><trkpt lat="47.488926" lon="-120.746284"><ele>1662.530518</ele><time>2026-07-29T20:52:39.082Z</time></trkpt><trkpt lat="47.488953" lon="-120.746323"><ele>1661.34729</ele><time>2026-07-29T20:52:42.084Z</time></trkpt><trkpt lat="47.489021" lon="-120.746361"><ele>1661.550903</ele><time>2026-07-29T20:52:45.083Z</time></trkpt><trkpt lat="47.489166" lon="-120.746284"><ele>1660.250122</ele><time>2026-07-29T20:52:49.085Z</time></trkpt><trkpt lat="47.489296" lon="-120.74617"><ele>1658.20813</ele><time>2026-07-29T20:52:52.083Z</time></trkpt><trkpt lat="47.489597" lon="-120.745979"><ele>1648.299316</ele><time>2026-07-29T20:52:56.084Z</time></trkpt><trkpt lat="47.489861" lon="-120.745926"><ele>1642.254761</ele><time>2026-07-29T20:52:59.083Z</time></trkpt><trkpt lat="47.490067" lon="-120.745842"><ele>1636.490723</ele><time>2026-07-29T20:53:05.087Z</time></trkpt><trkpt lat="47.490128" lon="-120.745842"><ele>1634.052246</ele><time>2026-07-29T20:53:15.084Z</time></trkpt><trkpt lat="47.490147" lon="-120.745811"><ele>1634.233643</ele><time>2026-07-29T20:53:17.086Z</time></trkpt><trkpt lat="47.490364" lon="-120.745674"><ele>1626.528198</ele><time>2026-07-29T20:53:32.084Z</time></trkpt><trkpt lat="47.490387" lon="-120.745689"><ele>1624.182251</ele><time>2026-07-29T20:53:51.079Z</time></trkpt><trkpt lat="47.490482" lon="-120.745644"><ele>1625.956909</ele><time>2026-07-29T20:53:54.084Z</time></trkpt><trkpt lat="47.490566" lon="-120.745651"><ele>1624.580566</ele><time>2026-07-29T20:53:57.085Z</time></trkpt><trkpt lat="47.490665" lon="-120.745605"><ele>1624.174316</ele><time>2026-07-29T20:54:06.084Z</time></trkpt><trkpt lat="47.490765" lon="-120.745583"><ele>1626.252808</ele><time>2026-07-29T20:54:09.085Z</time></trkpt><trkpt lat="47.490887" lon="-120.745491"><ele>1622.768188</ele><time>2026-07-29T20:54:11.088Z</time></trkpt><trkpt lat="47.491138" lon="-120.745155"><ele>1617.257446</ele><time>2026-07-29T20:54:17.084Z</time></trkpt><trkpt lat="47.491272" lon="-120.745132"><ele>1616.151001</ele><time>2026-07-29T20:54:26.082Z</time></trkpt><trkpt lat="47.491268" lon="-120.745071"><ele>1613.857178</ele><time>2026-07-29T20:54:29.086Z</time></trkpt><trkpt lat="47.491241" lon="-120.745094"><ele>1614.560303</ele><time>2026-07-29T20:54:31.086Z</time></trkpt><trkpt lat="47.491142" lon="-120.745125"><ele>1611.329346</ele><time>2026-07-29T20:54:34.087Z</time></trkpt><trkpt lat="47.49102" lon="-120.745148"><ele>1609.522461</ele><time>2026-07-29T20:54:37.085Z</time></trkpt><trkpt lat="47.490978" lon="-120.745201"><ele>1610.039673</ele><time>2026-07-29T20:54:42.085Z</time></trkpt><trkpt lat="47.490849" lon="-120.745239"><ele>1606.244385</ele><time>2026-07-29T20:54:49.082Z</time></trkpt><trkpt lat="47.490631" lon="-120.74527"><ele>1604.212891</ele><time>2026-07-29T20:54:51.084Z</time></trkpt><trkpt lat="47.490582" lon="-120.745239"><ele>1603.002441</ele><time>2026-07-29T20:55:11.082Z</time></trkpt><trkpt lat="47.490543" lon="-120.745186"><ele>1603.981323</ele><time>2026-07-29T20:55:13.082Z</time></trkpt><trkpt lat="47.490253" lon="-120.745079"><ele>1594.459106</ele><time>2026-07-29T20:55:16.083Z</time></trkpt><trkpt lat="47.490238" lon="-120.745056"><ele>1594.795898</ele><time>2026-07-29T20:55:20.080Z</time></trkpt><trkpt lat="47.490158" lon="-120.745026"><ele>1593.735352</ele><time>2026-07-29T20:55:23.086Z</time></trkpt><trkpt lat="47.49004" lon="-120.744919"><ele>1591.212769</ele><time>2026-07-29T20:55:25.084Z</time></trkpt><trkpt lat="47.489944" lon="-120.744888"><ele>1589.718872</ele><time>2026-07-29T20:55:30.084Z</time></trkpt><trkpt lat="47.489952" lon="-120.74482"><ele>1586.902954</ele><time>2026-07-29T20:55:34.085Z</time></trkpt><trkpt lat="47.489979" lon="-120.74485"><ele>1585.934814</ele><time>2026-07-29T20:55:37.083Z</time></trkpt><trkpt lat="47.490513" lon="-120.744621"><ele>1572.777466</ele><time>2026-07-29T20:55:40.085Z</time></trkpt><trkpt lat="47.490597" lon="-120.744629"><ele>1570.084717</ele><time>2026-07-29T20:55:42.084Z</time></trkpt><trkpt lat="47.490665" lon="-120.744507"><ele>1570.945313</ele><time>2026-07-29T20:55:45.085Z</time></trkpt><trkpt lat="47.490673" lon="-120.744545"><ele>1568.433105</ele><time>2026-07-29T20:55:49.087Z</time></trkpt><trkpt lat="47.490692" lon="-120.744476"><ele>1565.155518</ele><time>2026-07-29T20:55:57.086Z</time></trkpt><trkpt lat="47.490742" lon="-120.744431"><ele>1564.948364</ele><time>2026-07-29T20:56:12.084Z</time></trkpt><trkpt lat="47.490906" lon="-120.744156"><ele>1557.557251</ele><time>2026-07-29T20:56:15.082Z</time></trkpt><trkpt lat="47.491116" lon="-120.743858"><ele>1551.246704</ele><time>2026-07-29T20:56:18.080Z</time></trkpt><trkpt lat="47.491302" lon="-120.743668"><ele>1544.323364</ele><time>2026-07-29T20:56:30.102Z</time></trkpt><trkpt lat="47.491428" lon="-120.743568"><ele>1542.519409</ele><time>2026-07-29T20:56:38.089Z</time></trkpt><trkpt lat="47.491451" lon="-120.743576"><ele>1541.70166</ele><time>2026-07-29T20:56:49.083Z</time></trkpt><trkpt lat="47.491524" lon="-120.743515"><ele>1540.676758</ele><time>2026-07-29T20:57:01.083Z</time></trkpt><trkpt lat="47.491718" lon="-120.743431"><ele>1535.639526</ele><time>2026-07-29T20:57:17.086Z</time></trkpt><trkpt lat="47.49194" lon="-120.743279"><ele>1530.277832</ele><time>2026-07-29T20:57:20.084Z</time></trkpt><trkpt lat="47.49205" lon="-120.743172"><ele>1528.544678</ele><time>2026-07-29T20:57:25.080Z</time></trkpt><trkpt lat="47.49221" lon="-120.743095"><ele>1526.735474</ele><time>2026-07-29T20:57:30.086Z</time></trkpt><trkpt lat="47.492439" lon="-120.743011"><ele>1524.11377</ele><time>2026-07-29T20:57:41.079Z</time></trkpt><trkpt lat="47.492489" lon="-120.74305"><ele>1522.572754</ele><time>2026-07-29T20:57:50.083Z</time></trkpt><trkpt lat="47.492512" lon="-120.743034"><ele>1523.452148</ele><time>2026-07-29T20:57:53.083Z</time></trkpt><trkpt lat="47.492626" lon="-120.743088"><ele>1520.793579</ele><time>2026-07-29T20:57:58.083Z</time></trkpt><trkpt lat="47.492695" lon="-120.743065"><ele>1520.146484</ele><time>2026-07-29T20:58:01.082Z</time></trkpt><trkpt lat="47.492916" lon="-120.742889"><ele>1514.472656</ele><time>2026-07-29T20:58:04.082Z</time></trkpt><trkpt lat="47.492966" lon="-120.742867"><ele>1513.220703</ele><time>2026-07-29T20:58:07.082Z</time></trkpt><trkpt lat="47.492996" lon="-120.742805"><ele>1513.090698</ele><time>2026-07-29T20:58:29.080Z</time></trkpt><trkpt lat="47.493038" lon="-120.742783"><ele>1511.937378</ele><time>2026-07-29T20:58:32.085Z</time></trkpt><trkpt lat="47.493057" lon="-120.742706"><ele>1509.675903</ele><time>2026-07-29T20:58:35.080Z</time></trkpt><trkpt lat="47.493114" lon="-120.742722"><ele>1510.428833</ele><time>2026-07-29T20:58:39.084Z</time></trkpt><trkpt lat="47.493237" lon="-120.742569"><ele>1508.149902</ele><time>2026-07-29T20:58:44.079Z</time></trkpt><trkpt lat="47.493427" lon="-120.742493"><ele>1507.770508</ele><time>2026-07-29T20:58:51.080Z</time></trkpt><trkpt lat="47.493446" lon="-120.74247"><ele>1509.248901</ele><time>2026-07-29T20:59:02.080Z</time></trkpt><trkpt lat="47.49353" lon="-120.742447"><ele>1507.860107</ele><time>2026-07-29T20:59:05.085Z</time></trkpt><trkpt lat="47.493572" lon="-120.742393"><ele>1509.246582</ele><time>2026-07-29T20:59:11.082Z</time></trkpt><trkpt lat="47.493599" lon="-120.742393"><ele>1507.999634</ele><time>2026-07-29T20:59:16.083Z</time></trkpt><trkpt lat="47.49361" lon="-120.742363"><ele>1508.097534</ele><time>2026-07-29T20:59:29.089Z</time></trkpt><trkpt lat="47.493649" lon="-120.742348"><ele>1507.610107</ele><time>2026-07-29T20:59:37.085Z</time></trkpt><trkpt lat="47.493816" lon="-120.742203"><ele>1507.484985</ele><time>2026-07-29T20:59:54.083Z</time></trkpt><trkpt lat="47.493885" lon="-120.74218"><ele>1506.11084</ele><time>2026-07-29T21:00:31.079Z</time></trkpt><trkpt lat="47.493958" lon="-120.742119"><ele>1506.057373</ele><time>2026-07-29T21:00:36.083Z</time></trkpt><trkpt lat="47.494049" lon="-120.742073"><ele>1507.676514</ele><time>2026-07-29T21:01:05.080Z</time></trkpt><trkpt lat="47.494148" lon="-120.741982"><ele>1507.322388</ele><time>2026-07-29T21:01:08.080Z</time></trkpt><trkpt lat="47.494297" lon="-120.741707"><ele>1507.746338</ele><time>2026-07-29T21:01:20.080Z</time></trkpt><trkpt lat="47.494331" lon="-120.741608"><ele>1507.230103</ele><time>2026-07-29T21:01:56.083Z</time></trkpt><trkpt lat="47.4944" lon="-120.741508"><ele>1505.658813</ele><time>2026-07-29T21:02:07.080Z</time></trkpt><trkpt lat="47.494473" lon="-120.741463"><ele>1508.18335</ele><time>2026-07-29T21:02:17.079Z</time></trkpt><trkpt lat="47.494507" lon="-120.741493"><ele>1506.77002</ele><time>2026-07-29T21:02:36.080Z</time></trkpt><trkpt lat="47.494572" lon="-120.74147"><ele>1509.458374</ele><time>2026-07-29T21:02:47.080Z</time></trkpt><trkpt lat="47.494671" lon="-120.741318"><ele>1508.827637</ele><time>2026-07-29T21:02:49.080Z</time></trkpt><trkpt lat="47.494793" lon="-120.741302"><ele>1510.079346</ele><time>2026-07-29T21:02:51.082Z</time></trkpt><trkpt lat="47.494869" lon="-120.741325"><ele>1509.720703</ele><time>2026-07-29T21:02:53.088Z</time></trkpt><trkpt lat="47.495037" lon="-120.741287"><ele>1509.848999</ele><time>2026-07-29T21:02:59.079Z</time></trkpt><trkpt lat="47.495071" lon="-120.741249"><ele>1510.556763</ele><time>2026-07-29T21:03:04.084Z</time></trkpt><trkpt lat="47.495113" lon="-120.741241"><ele>1510.104858</ele><time>2026-07-29T21:03:06.080Z</time></trkpt><trkpt lat="47.495155" lon="-120.741257"><ele>1510.098022</ele><time>2026-07-29T21:03:08.082Z</time></trkpt><trkpt lat="47.495216" lon="-120.741325"><ele>1508.773682</ele><time>2026-07-29T21:03:14.076Z</time></trkpt><trkpt lat="47.495239" lon="-120.741379"><ele>1508.640625</ele><time>2026-07-29T21:03:18.087Z</time></trkpt><trkpt lat="47.495281" lon="-120.741371"><ele>1511.19873</ele><time>2026-07-29T21:03:25.080Z</time></trkpt><trkpt lat="47.495338" lon="-120.74147"><ele>1512.486938</ele><time>2026-07-29T21:03:29.079Z</time></trkpt><trkpt lat="47.495399" lon="-120.74144"><ele>1510.878418</ele><time>2026-07-29T21:03:31.080Z</time></trkpt><trkpt lat="47.495377" lon="-120.741302"><ele>1512.304688</ele><time>2026-07-29T21:03:49.082Z</time></trkpt><trkpt lat="47.495403" lon="-120.741249"><ele>1511.678711</ele><time>2026-07-29T21:04:12.083Z</time></trkpt><trkpt lat="47.495411" lon="-120.74118"><ele>1512.549561</ele><time>2026-07-29T21:04:25.079Z</time></trkpt><trkpt lat="47.495468" lon="-120.741081"><ele>1510.334839</ele><time>2026-07-29T21:04:33.080Z</time></trkpt><trkpt lat="47.495541" lon="-120.74102"><ele>1511.591797</ele><time>2026-07-29T21:04:54.084Z</time></trkpt><trkpt lat="47.495739" lon="-120.740692"><ele>1507.376343</ele><time>2026-07-29T21:04:57.083Z</time></trkpt><trkpt lat="47.495945" lon="-120.740486"><ele>1506.622681</ele><time>2026-07-29T21:05:00.084Z</time></trkpt><trkpt lat="47.496124" lon="-120.740372"><ele>1503.618896</ele><time>2026-07-29T21:05:08.080Z</time></trkpt><trkpt lat="47.496361" lon="-120.740341"><ele>1510.650635</ele><time>2026-07-29T21:05:30.080Z</time></trkpt><trkpt lat="47.496403" lon="-120.740372"><ele>1508.921143</ele><time>2026-07-29T21:05:33.082Z</time></trkpt><trkpt lat="47.496483" lon="-120.740387"><ele>1510.964478</ele><time>2026-07-29T21:05:51.084Z</time></trkpt><trkpt lat="47.496559" lon="-120.740379"><ele>1511.577271</ele><time>2026-07-29T21:05:57.083Z</time></trkpt><trkpt lat="47.496658" lon="-120.740227"><ele>1511.053955</ele><time>2026-07-29T21:06:03.080Z</time></trkpt><trkpt lat="47.496704" lon="-120.740089"><ele>1510.599976</ele><time>2026-07-29T21:06:06.082Z</time></trkpt><trkpt lat="47.496784" lon="-120.73996"><ele>1509.059937</ele><time>2026-07-29T21:06:22.083Z</time></trkpt><trkpt lat="47.496811" lon="-120.739876"><ele>1509.149536</ele><time>2026-07-29T21:06:29.082Z</time></trkpt><trkpt lat="47.496822" lon="-120.739738"><ele>1511.607178</ele><time>2026-07-29T21:06:48.084Z</time></trkpt><trkpt lat="47.496861" lon="-120.73967"><ele>1507.390869</ele><time>2026-07-29T21:06:52.084Z</time></trkpt><trkpt lat="47.496872" lon="-120.73954"><ele>1511.779297</ele><time>2026-07-29T21:06:59.083Z</time></trkpt><trkpt lat="47.49691" lon="-120.739479"><ele>1509.411377</ele><time>2026-07-29T21:07:12.084Z</time></trkpt><trkpt lat="47.496849" lon="-120.739342"><ele>1510.906738</ele><time>2026-07-29T21:07:20.087Z</time></trkpt><trkpt lat="47.496838" lon="-120.739265"><ele>1510.499878</ele><time>2026-07-29T21:07:45.086Z</time></trkpt><trkpt lat="47.496868" lon="-120.739204"><ele>1507.642212</ele><time>2026-07-29T21:07:52.082Z</time></trkpt><trkpt lat="47.496876" lon="-120.739059"><ele>1508.084839</ele><time>2026-07-29T21:09:15.085Z</time></trkpt><trkpt lat="47.496861" lon="-120.738937"><ele>1507.995239</ele><time>2026-07-29T21:10:32.087Z</time></trkpt><trkpt lat="47.496841" lon="-120.738823"><ele>1508.234131</ele><time>2026-07-29T21:10:40.085Z</time></trkpt><trkpt lat="47.496765" lon="-120.738609"><ele>1511.442383</ele><time>2026-07-29T21:10:43.082Z</time></trkpt><trkpt lat="47.496792" lon="-120.738472"><ele>1509.723633</ele><time>2026-07-29T21:10:49.087Z</time></trkpt><trkpt lat="47.496784" lon="-120.738258"><ele>1508.817383</ele><time>2026-07-29T21:10:54.084Z</time></trkpt><trkpt lat="47.496799" lon="-120.738136"><ele>1510.724609</ele><time>2026-07-29T21:11:00.082Z</time></trkpt><trkpt lat="47.49683" lon="-120.738091"><ele>1508.767334</ele><time>2026-07-29T21:11:49.088Z</time></trkpt><trkpt lat="47.496841" lon="-120.737976"><ele>1509.839722</ele><time>2026-07-29T21:11:58.089Z</time></trkpt><trkpt lat="47.496826" lon="-120.73774"><ele>1509.831787</ele><time>2026-07-29T21:12:02.087Z</time></trkpt><trkpt lat="47.496883" lon="-120.737595"><ele>1507.071777</ele><time>2026-07-29T21:12:16.085Z</time></trkpt><trkpt lat="47.496933" lon="-120.737396"><ele>1509.612793</ele><time>2026-07-29T21:12:23.087Z</time></trkpt><trkpt lat="47.497025" lon="-120.737236"><ele>1506.828735</ele><time>2026-07-29T21:13:04.089Z</time></trkpt><trkpt lat="47.497128" lon="-120.736954"><ele>1507.143066</ele><time>2026-07-29T21:13:34.089Z</time></trkpt><trkpt lat="47.497231" lon="-120.736809"><ele>1507.436401</ele><time>2026-07-29T21:14:55.091Z</time></trkpt><trkpt lat="47.497272" lon="-120.736687"><ele>1508.234985</ele><time>2026-07-29T21:14:59.088Z</time></trkpt><trkpt lat="47.49733" lon="-120.736649"><ele>1506.851318</ele><time>2026-07-29T21:15:09.089Z</time></trkpt><trkpt lat="47.497444" lon="-120.736336"><ele>1507.809937</ele><time>2026-07-29T21:15:14.092Z</time></trkpt><trkpt lat="47.497543" lon="-120.735847"><ele>1506.249512</ele><time>2026-07-29T21:15:21.087Z</time></trkpt><trkpt lat="47.49765" lon="-120.735687"><ele>1504.81958</ele><time>2026-07-29T21:15:44.089Z</time></trkpt><trkpt lat="47.497669" lon="-120.735619"><ele>1504.969849</ele><time>2026-07-29T21:15:52.088Z</time></trkpt><trkpt lat="47.497715" lon="-120.735573"><ele>1504.640015</ele><time>2026-07-29T21:16:04.092Z</time></trkpt><trkpt lat="47.497822" lon="-120.73539"><ele>1506.210693</ele><time>2026-07-29T21:16:09.091Z</time></trkpt><trkpt lat="47.49789" lon="-120.735214"><ele>1505.032715</ele><time>2026-07-29T21:16:59.091Z</time></trkpt><trkpt lat="47.497868" lon="-120.735092"><ele>1506.721924</ele><time>2026-07-29T21:17:56.086Z</time></trkpt><trkpt lat="47.497845" lon="-120.735054"><ele>1508.370972</ele><time>2026-07-29T21:18:34.092Z</time></trkpt><trkpt lat="47.497841" lon="-120.734955"><ele>1508.962769</ele><time>2026-07-29T21:18:46.086Z</time></trkpt><trkpt lat="47.497807" lon="-120.734932"><ele>1507.673584</ele><time>2026-07-29T21:19:30.091Z</time></trkpt><trkpt lat="47.497776" lon="-120.734856"><ele>1507.690186</ele><time>2026-07-29T21:20:06.084Z</time></trkpt><trkpt lat="47.497643" lon="-120.734444"><ele>1505.428345</ele><time>2026-07-29T21:20:19.083Z</time></trkpt><trkpt lat="47.497643" lon="-120.734261"><ele>1503.609619</ele><time>2026-07-29T21:20:44.090Z</time></trkpt><trkpt lat="47.497669" lon="-120.734062"><ele>1503.337036</ele><time>2026-07-29T21:23:22.086Z</time></trkpt><trkpt lat="47.497818" lon="-120.733658"><ele>1504.420288</ele><time>2026-07-29T21:23:45.088Z</time></trkpt><trkpt lat="47.497837" lon="-120.733574"><ele>1504.496216</ele><time>2026-07-29T21:23:54.088Z</time></trkpt><trkpt lat="47.497845" lon="-120.733398"><ele>1502.720215</ele><time>2026-07-29T21:24:01.092Z</time></trkpt><trkpt lat="47.49789" lon="-120.733276"><ele>1504.423584</ele><time>2026-07-29T21:24:09.087Z</time></trkpt><trkpt lat="47.498074" lon="-120.732986"><ele>1503.612427</ele><time>2026-07-29T21:24:22.088Z</time></trkpt><trkpt lat="47.4981" lon="-120.732895"><ele>1506.562866</ele><time>2026-07-29T21:24:26.087Z</time></trkpt><trkpt lat="47.498173" lon="-120.732475"><ele>1504.030884</ele><time>2026-07-29T21:24:28.089Z</time></trkpt><trkpt lat="47.498245" lon="-120.732208"><ele>1502.256104</ele><time>2026-07-29T21:24:38.086Z</time></trkpt><trkpt lat="47.498241" lon="-120.732101"><ele>1500.432617</ele><time>2026-07-29T21:24:51.088Z</time></trkpt><trkpt lat="47.498222" lon="-120.732063"><ele>1500.690186</ele><time>2026-07-29T21:24:55.089Z</time></trkpt><trkpt lat="47.498192" lon="-120.731865"><ele>1500.310425</ele><time>2026-07-29T21:25:00.087Z</time></trkpt><trkpt lat="47.498207" lon="-120.731773"><ele>1498.781738</ele><time>2026-07-29T21:25:04.087Z</time></trkpt><trkpt lat="47.498295" lon="-120.731628"><ele>1500.0625</ele><time>2026-07-29T21:25:13.088Z</time></trkpt><trkpt lat="47.498333" lon="-120.731613"><ele>1500.060669</ele><time>2026-07-29T21:25:17.087Z</time></trkpt><trkpt lat="47.498436" lon="-120.731491"><ele>1500.624146</ele><time>2026-07-29T21:25:26.088Z</time></trkpt><trkpt lat="47.498531" lon="-120.73143"><ele>1500.327637</ele><time>2026-07-29T21:25:29.088Z</time></trkpt><trkpt lat="47.498676" lon="-120.731369"><ele>1500.230103</ele><time>2026-07-29T21:25:33.091Z</time></trkpt><trkpt lat="47.498726" lon="-120.731293"><ele>1500.037354</ele><time>2026-07-29T21:25:36.090Z</time></trkpt><trkpt lat="47.498787" lon="-120.731239"><ele>1500.677612</ele><time>2026-07-29T21:25:39.088Z</time></trkpt><trkpt lat="47.498894" lon="-120.730965"><ele>1497.039429</ele><time>2026-07-29T21:25:51.085Z</time></trkpt><trkpt lat="47.499001" lon="-120.730774"><ele>1495.782959</ele><time>2026-07-29T21:26:01.087Z</time></trkpt><trkpt lat="47.499157" lon="-120.730606"><ele>1498.216187</ele><time>2026-07-29T21:26:20.086Z</time></trkpt><trkpt lat="47.499214" lon="-120.730484"><ele>1494.859619</ele><time>2026-07-29T21:26:27.087Z</time></trkpt><trkpt lat="47.499279" lon="-120.730492"><ele>1494.412476</ele><time>2026-07-29T21:26:32.086Z</time></trkpt><trkpt lat="47.499306" lon="-120.730408"><ele>1494.667236</ele><time>2026-07-29T21:26:35.084Z</time></trkpt><trkpt lat="47.499256" lon="-120.730309"><ele>1491.518066</ele><time>2026-07-29T21:26:44.087Z</time></trkpt><trkpt lat="47.499287" lon="-120.730103"><ele>1490.036865</ele><time>2026-07-29T21:26:47.084Z</time></trkpt><trkpt lat="47.499485" lon="-120.729744"><ele>1484.484253</ele><time>2026-07-29T21:27:00.084Z</time></trkpt><trkpt lat="47.499531" lon="-120.729698"><ele>1482.89502</ele><time>2026-07-29T21:27:14.090Z</time></trkpt><trkpt lat="47.499557" lon="-120.729698"><ele>1484.263672</ele><time>2026-07-29T21:27:27.085Z</time></trkpt><trkpt lat="47.499615" lon="-120.729652"><ele>1479.267334</ele><time>2026-07-29T21:27:34.088Z</time></trkpt><trkpt lat="47.499767" lon="-120.729591"><ele>1476.453979</ele><time>2026-07-29T21:27:37.085Z</time></trkpt><trkpt lat="47.499916" lon="-120.729614"><ele>1473.375732</ele><time>2026-07-29T21:27:40.088Z</time></trkpt><trkpt lat="47.499985" lon="-120.729828"><ele>1470.635986</ele><time>2026-07-29T21:27:43.089Z</time></trkpt><trkpt lat="47.500076" lon="-120.729828"><ele>1468.790161</ele><time>2026-07-29T21:27:57.093Z</time></trkpt><trkpt lat="47.500336" lon="-120.729675"><ele>1460.752197</ele><time>2026-07-29T21:28:14.088Z</time></trkpt><trkpt lat="47.500439" lon="-120.729553"><ele>1455.269775</ele><time>2026-07-29T21:28:27.088Z</time></trkpt><trkpt lat="47.500584" lon="-120.729553"><ele>1452.666748</ele><time>2026-07-29T21:28:34.089Z</time></trkpt><trkpt lat="47.500671" lon="-120.729454"><ele>1453.850586</ele><time>2026-07-29T21:28:42.089Z</time></trkpt><trkpt lat="47.50074" lon="-120.729446"><ele>1451.348389</ele><time>2026-07-29T21:29:11.086Z</time></trkpt><trkpt lat="47.500835" lon="-120.729362"><ele>1450.749878</ele><time>2026-07-29T21:30:20.080Z</time></trkpt><trkpt lat="47.500877" lon="-120.729355"><ele>1450.095947</ele><time>2026-07-29T21:30:24.092Z</time></trkpt><trkpt lat="47.500843" lon="-120.729324"><ele>1445.280884</ele><time>2026-07-29T21:30:27.089Z</time></trkpt><trkpt lat="47.500889" lon="-120.729256"><ele>1443.214966</ele><time>2026-07-29T21:30:50.090Z</time></trkpt><trkpt lat="47.501053" lon="-120.729202"><ele>1440.56189</ele><time>2026-07-29T21:30:53.091Z</time></trkpt><trkpt lat="47.501114" lon="-120.729156"><ele>1441.550781</ele><time>2026-07-29T21:30:56.087Z</time></trkpt><trkpt lat="47.501183" lon="-120.729141"><ele>1438.638062</ele><time>2026-07-29T21:30:59.087Z</time></trkpt><trkpt lat="47.501621" lon="-120.728897"><ele>1426.942993</ele><time>2026-07-29T21:31:02.084Z</time></trkpt><trkpt lat="47.501701" lon="-120.728645"><ele>1419.158936</ele><time>2026-07-29T21:31:13.091Z</time></trkpt><trkpt lat="47.501827" lon="-120.728424"><ele>1415.546143</ele><time>2026-07-29T21:31:20.088Z</time></trkpt><trkpt lat="47.501987" lon="-120.728333"><ele>1413.853882</ele><time>2026-07-29T21:31:29.089Z</time></trkpt><trkpt lat="47.501968" lon="-120.728287"><ele>1411.476563</ele><time>2026-07-29T21:31:33.089Z</time></trkpt><trkpt lat="47.501911" lon="-120.72831"><ele>1410.060791</ele><time>2026-07-29T21:31:38.087Z</time></trkpt><trkpt lat="47.501846" lon="-120.728287"><ele>1411.06897</ele><time>2026-07-29T21:31:46.084Z</time></trkpt><trkpt lat="47.501816" lon="-120.728294"><ele>1409.726685</ele><time>2026-07-29T21:31:49.088Z</time></trkpt><trkpt lat="47.501667" lon="-120.728378"><ele>1407.824829</ele><time>2026-07-29T21:31:54.084Z</time></trkpt><trkpt lat="47.501644" lon="-120.728333"><ele>1405.05957</ele><time>2026-07-29T21:31:57.085Z</time></trkpt><trkpt lat="47.501728" lon="-120.728226"><ele>1404.131226</ele><time>2026-07-29T21:32:02.084Z</time></trkpt><trkpt lat="47.501858" lon="-120.728111"><ele>1400.800415</ele><time>2026-07-29T21:32:10.090Z</time></trkpt><trkpt lat="47.501904" lon="-120.728027"><ele>1400.294067</ele><time>2026-07-29T21:32:17.087Z</time></trkpt><trkpt lat="47.501934" lon="-120.727997"><ele>1400.859375</ele><time>2026-07-29T21:32:24.085Z</time></trkpt><trkpt lat="47.501968" lon="-120.727989"><ele>1398.760132</ele><time>2026-07-29T21:32:28.084Z</time></trkpt><trkpt lat="47.501987" lon="-120.727951"><ele>1399.309204</ele><time>2026-07-29T21:32:32.087Z</time></trkpt><trkpt lat="47.502056" lon="-120.727959"><ele>1397.739502</ele><time>2026-07-29T21:32:43.087Z</time></trkpt><trkpt lat="47.50222" lon="-120.727768"><ele>1393.467163</ele><time>2026-07-29T21:32:46.086Z</time></trkpt><trkpt lat="47.502323" lon="-120.727776"><ele>1390.024292</ele><time>2026-07-29T21:32:51.090Z</time></trkpt><trkpt lat="47.502254" lon="-120.727791"><ele>1390.528198</ele><time>2026-07-29T21:33:07.090Z</time></trkpt><trkpt lat="47.502316" lon="-120.727768"><ele>1390.091431</ele><time>2026-07-29T21:33:15.087Z</time></trkpt><trkpt lat="47.502361" lon="-120.727699"><ele>1390.38916</ele><time>2026-07-29T21:33:41.089Z</time></trkpt><trkpt lat="47.502392" lon="-120.727699"><ele>1390.524536</ele><time>2026-07-29T21:33:53.085Z</time></trkpt><trkpt lat="47.50251" lon="-120.727608"><ele>1388.425781</ele><time>2026-07-29T21:33:57.086Z</time></trkpt><trkpt lat="47.502544" lon="-120.7276"><ele>1389.065552</ele><time>2026-07-29T21:34:08.086Z</time></trkpt><trkpt lat="47.502544" lon="-120.727531"><ele>1389.112427</ele><time>2026-07-29T21:34:31.086Z</time></trkpt><trkpt lat="47.50267" lon="-120.72715"><ele>1384.031616</ele><time>2026-07-29T21:34:35.087Z</time></trkpt><trkpt lat="47.502731" lon="-120.72702"><ele>1383.865967</ele><time>2026-07-29T21:34:39.087Z</time></trkpt><trkpt lat="47.502811" lon="-120.726921"><ele>1381.842285</ele><time>2026-07-29T21:35:53.087Z</time></trkpt><trkpt lat="47.502831" lon="-120.726852"><ele>1381.713013</ele><time>2026-07-29T21:35:58.091Z</time></trkpt><trkpt lat="47.502968" lon="-120.726624"><ele>1378.645996</ele><time>2026-07-29T21:45:04.082Z</time></trkpt><trkpt lat="47.503006" lon="-120.726608"><ele>1379.584961</ele><time>2026-07-29T21:46:36.087Z</time></trkpt><trkpt lat="47.503086" lon="-120.726501"><ele>1376.178955</ele><time>2026-07-29T21:46:47.083Z</time></trkpt><trkpt lat="47.503277" lon="-120.726105"><ele>1372.526001</ele><time>2026-07-29T21:46:52.082Z</time></trkpt><trkpt lat="47.503395" lon="-120.725945"><ele>1368.365601</ele><time>2026-07-29T21:47:05.082Z</time></trkpt><trkpt lat="47.503468" lon="-120.725754"><ele>1365.273804</ele><time>2026-07-29T21:47:08.084Z</time></trkpt><trkpt lat="47.503502" lon="-120.725708"><ele>1367.021606</ele><time>2026-07-29T21:47:12.082Z</time></trkpt><trkpt lat="47.503601" lon="-120.725685"><ele>1362.11853</ele><time>2026-07-29T21:47:16.084Z</time></trkpt><trkpt lat="47.503647" lon="-120.725655"><ele>1363.469116</ele><time>2026-07-29T21:48:11.085Z</time></trkpt><trkpt lat="47.503681" lon="-120.725594"><ele>1363.642456</ele><time>2026-07-29T21:48:19.078Z</time></trkpt><trkpt lat="47.503735" lon="-120.725372"><ele>1359.345337</ele><time>2026-07-29T21:48:27.080Z</time></trkpt><trkpt lat="47.503784" lon="-120.725243"><ele>1359.955688</ele><time>2026-07-29T21:49:05.084Z</time></trkpt><trkpt lat="47.503902" lon="-120.725098"><ele>1351.082764</ele><time>2026-07-29T21:49:36.082Z</time></trkpt><trkpt lat="47.503952" lon="-120.725098"><ele>1347.252686</ele><time>2026-07-29T21:49:40.084Z</time></trkpt><trkpt lat="47.503971" lon="-120.725021"><ele>1345.996826</ele><time>2026-07-29T21:49:44.085Z</time></trkpt><trkpt lat="47.503944" lon="-120.724953"><ele>1346.044556</ele><time>2026-07-29T21:49:59.080Z</time></trkpt><trkpt lat="47.504002" lon="-120.724808"><ele>1343.372192</ele><time>2026-07-29T21:50:02.084Z</time></trkpt><trkpt lat="47.504108" lon="-120.724762"><ele>1341.916382</ele><time>2026-07-29T21:50:49.086Z</time></trkpt><trkpt lat="47.504166" lon="-120.724785"><ele>1339.678833</ele><time>2026-07-29T21:50:53.089Z</time></trkpt><trkpt lat="47.504311" lon="-120.724899"><ele>1349.001587</ele><time>2026-07-29T21:50:56.085Z</time></trkpt><trkpt lat="47.50441" lon="-120.724854"><ele>1345.243652</ele><time>2026-07-29T21:50:59.085Z</time></trkpt><trkpt lat="47.504452" lon="-120.724884"><ele>1345.912842</ele><time>2026-07-29T21:51:41.082Z</time></trkpt><trkpt lat="47.504444" lon="-120.724815"><ele>1345.340942</ele><time>2026-07-29T21:51:50.080Z</time></trkpt><trkpt lat="47.50441" lon="-120.724777"><ele>1338.560181</ele><time>2026-07-29T21:52:02.080Z</time></trkpt><trkpt lat="47.504475" lon="-120.724693"><ele>1334.530884</ele><time>2026-07-29T21:52:12.085Z</time></trkpt><trkpt lat="47.504723" lon="-120.724663"><ele>1328.869873</ele><time>2026-07-29T21:52:22.084Z</time></trkpt><trkpt lat="47.504776" lon="-120.724625"><ele>1330.126831</ele><time>2026-07-29T21:52:26.084Z</time></trkpt><trkpt lat="47.504833" lon="-120.724625"><ele>1329.36499</ele><time>2026-07-29T21:54:10.084Z</time></trkpt><trkpt lat="47.504875" lon="-120.724579"><ele>1329.683228</ele><time>2026-07-29T21:54:13.085Z</time></trkpt><trkpt lat="47.504967" lon="-120.724396"><ele>1328.20105</ele><time>2026-07-29T21:54:18.082Z</time></trkpt><trkpt lat="47.505062" lon="-120.72435"><ele>1325.703735</ele><time>2026-07-29T21:54:21.083Z</time></trkpt><trkpt lat="47.505119" lon="-120.724213"><ele>1324.626343</ele><time>2026-07-29T21:54:24.085Z</time></trkpt><trkpt lat="47.505161" lon="-120.724174"><ele>1323.256592</ele><time>2026-07-29T21:54:26.083Z</time></trkpt><trkpt lat="47.505108" lon="-120.724159"><ele>1318.312622</ele><time>2026-07-29T21:54:35.085Z</time></trkpt><trkpt lat="47.505119" lon="-120.724075"><ele>1318.268311</ele><time>2026-07-29T21:54:39.085Z</time></trkpt><trkpt lat="47.50518" lon="-120.723938"><ele>1316.173096</ele><time>2026-07-29T21:54:44.086Z</time></trkpt><trkpt lat="47.505238" lon="-120.723923"><ele>1316.471191</ele><time>2026-07-29T21:54:57.086Z</time></trkpt><trkpt lat="47.505463" lon="-120.723618"><ele>1311.288818</ele><time>2026-07-29T21:55:03.084Z</time></trkpt><trkpt lat="47.505516" lon="-120.723587"><ele>1308.948853</ele><time>2026-07-29T21:55:06.082Z</time></trkpt><trkpt lat="47.505554" lon="-120.723541"><ele>1308.857544</ele><time>2026-07-29T21:55:10.084Z</time></trkpt><trkpt lat="47.505695" lon="-120.723465"><ele>1310.63269</ele><time>2026-07-29T21:55:13.085Z</time></trkpt><trkpt lat="47.50565" lon="-120.723328"><ele>1305.955078</ele><time>2026-07-29T21:55:16.082Z</time></trkpt><trkpt lat="47.505737" lon="-120.723228"><ele>1304.653442</ele><time>2026-07-29T21:55:19.088Z</time></trkpt><trkpt lat="47.505791" lon="-120.72319"><ele>1301.921265</ele><time>2026-07-29T21:55:22.085Z</time></trkpt><trkpt lat="47.505863" lon="-120.723045"><ele>1302.877686</ele><time>2026-07-29T21:55:24.085Z</time></trkpt><trkpt lat="47.50621" lon="-120.722771"><ele>1301.803467</ele><time>2026-07-29T21:55:27.085Z</time></trkpt><trkpt lat="47.506531" lon="-120.722366"><ele>1292.674194</ele><time>2026-07-29T21:55:30.086Z</time></trkpt><trkpt lat="47.506561" lon="-120.72229"><ele>1292.800293</ele><time>2026-07-29T21:55:33.085Z</time></trkpt><trkpt lat="47.506607" lon="-120.722252"><ele>1293.544556</ele><time>2026-07-29T21:55:38.084Z</time></trkpt><trkpt lat="47.506691" lon="-120.722137"><ele>1293.565186</ele><time>2026-07-29T21:55:44.086Z</time></trkpt><trkpt lat="47.506721" lon="-120.722054"><ele>1292.865479</ele><time>2026-07-29T21:55:47.083Z</time></trkpt><trkpt lat="47.506767" lon="-120.721992"><ele>1295.950806</ele><time>2026-07-29T21:55:53.086Z</time></trkpt><trkpt lat="47.506821" lon="-120.72168"><ele>1288.445923</ele><time>2026-07-29T21:55:56.085Z</time></trkpt><trkpt lat="47.506859" lon="-120.721626"><ele>1288.40271</ele><time>2026-07-29T21:56:00.087Z</time></trkpt><trkpt lat="47.507027" lon="-120.721588"><ele>1287.195313</ele><time>2026-07-29T21:57:20.092Z</time></trkpt><trkpt lat="47.507221" lon="-120.721512"><ele>1287.849243</ele><time>2026-07-29T21:57:24.084Z</time></trkpt><trkpt lat="47.507259" lon="-120.721481"><ele>1287.975098</ele><time>2026-07-29T21:57:28.089Z</time></trkpt><trkpt lat="47.507351" lon="-120.721336"><ele>1286.486328</ele><time>2026-07-29T21:57:30.087Z</time></trkpt><trkpt lat="47.507393" lon="-120.721329"><ele>1285.094604</ele><time>2026-07-29T21:57:33.086Z</time></trkpt><trkpt lat="47.507427" lon="-120.721275"><ele>1286.568115</ele><time>2026-07-29T21:57:42.084Z</time></trkpt><trkpt lat="47.507545" lon="-120.721176"><ele>1283.292725</ele><time>2026-07-29T21:57:58.088Z</time></trkpt><trkpt lat="47.507614" lon="-120.721092"><ele>1283.977051</ele><time>2026-07-29T21:58:04.082Z</time></trkpt><trkpt lat="47.507771" lon="-120.720963"><ele>1282.618286</ele><time>2026-07-29T21:58:09.085Z</time></trkpt><trkpt lat="47.507771" lon="-120.721069"><ele>1283.412109</ele><time>2026-07-29T21:58:12.085Z</time></trkpt><trkpt lat="47.507706" lon="-120.721252"><ele>1276.776367</ele><time>2026-07-29T21:58:26.082Z</time></trkpt><trkpt lat="47.508064" lon="-120.720955"><ele>1271.425903</ele><time>2026-07-29T21:58:30.085Z</time></trkpt><trkpt lat="47.508213" lon="-120.720917"><ele>1268.901001</ele><time>2026-07-29T21:58:41.088Z</time></trkpt><trkpt lat="47.508278" lon="-120.720955"><ele>1268.609253</ele><time>2026-07-29T21:59:22.085Z</time></trkpt><trkpt lat="47.508282" lon="-120.721024"><ele>1265.140381</ele><time>2026-07-29T21:59:26.087Z</time></trkpt><trkpt lat="47.508453" lon="-120.721054"><ele>1263.04187</ele><time>2026-07-29T21:59:35.087Z</time></trkpt><trkpt lat="47.508621" lon="-120.720924"><ele>1255.833496</ele><time>2026-07-29T21:59:43.084Z</time></trkpt><trkpt lat="47.508865" lon="-120.720856"><ele>1249.262085</ele><time>2026-07-29T21:59:46.085Z</time></trkpt><trkpt lat="47.508911" lon="-120.720871"><ele>1250.453247</ele><time>2026-07-29T21:59:50.085Z</time></trkpt><trkpt lat="47.508976" lon="-120.720718"><ele>1250.345459</ele><time>2026-07-29T22:00:07.085Z</time></trkpt><trkpt lat="47.509106" lon="-120.720604"><ele>1244.598755</ele><time>2026-07-29T22:00:22.089Z</time></trkpt><trkpt lat="47.509193" lon="-120.720459"><ele>1244.440063</ele><time>2026-07-29T22:00:29.090Z</time></trkpt><trkpt lat="47.509281" lon="-120.720268"><ele>1245.635864</ele><time>2026-07-29T22:00:40.086Z</time></trkpt><trkpt lat="47.509445" lon="-120.720024"><ele>1244.603271</ele><time>2026-07-29T22:00:43.085Z</time></trkpt><trkpt lat="47.509495" lon="-120.719902"><ele>1242.5448</ele><time>2026-07-29T22:01:05.087Z</time></trkpt><trkpt lat="47.509575" lon="-120.719818"><ele>1242.396606</ele><time>2026-07-29T22:01:16.085Z</time></trkpt><trkpt lat="47.509705" lon="-120.719795"><ele>1242.991455</ele><time>2026-07-29T22:01:21.089Z</time></trkpt><trkpt lat="47.509758" lon="-120.719765"><ele>1242.870728</ele><time>2026-07-29T22:02:01.079Z</time></trkpt><trkpt lat="47.5098" lon="-120.719704"><ele>1240.723999</ele><time>2026-07-29T22:02:04.082Z</time></trkpt><trkpt lat="47.509956" lon="-120.719337"><ele>1235.748535</ele><time>2026-07-29T22:02:09.089Z</time></trkpt><trkpt lat="47.510059" lon="-120.719238"><ele>1233.872681</ele><time>2026-07-29T22:02:15.084Z</time></trkpt><trkpt lat="47.510075" lon="-120.719147"><ele>1230.738647</ele><time>2026-07-29T22:02:28.088Z</time></trkpt><trkpt lat="47.510105" lon="-120.719147"><ele>1230.663818</ele><time>2026-07-29T22:02:37.086Z</time></trkpt><trkpt lat="47.510204" lon="-120.71904"><ele>1229.156494</ele><time>2026-07-29T22:02:41.086Z</time></trkpt><trkpt lat="47.510338" lon="-120.719009"><ele>1227.596436</ele><time>2026-07-29T22:02:44.088Z</time></trkpt><trkpt lat="47.51049" lon="-120.718895"><ele>1221.61499</ele><time>2026-07-29T22:02:48.085Z</time></trkpt><trkpt lat="47.510582" lon="-120.71888"><ele>1220.306152</ele><time>2026-07-29T22:02:54.086Z</time></trkpt><trkpt lat="47.510727" lon="-120.718796"><ele>1215.59021</ele><time>2026-07-29T22:02:57.091Z</time></trkpt><trkpt lat="47.510841" lon="-120.718704"><ele>1209.8479</ele><time>2026-07-29T22:03:00.086Z</time></trkpt><trkpt lat="47.510872" lon="-120.718697"><ele>1210.522705</ele><time>2026-07-29T22:03:03.085Z</time></trkpt><trkpt lat="47.510921" lon="-120.718658"><ele>1209.736084</ele><time>2026-07-29T22:03:06.085Z</time></trkpt><trkpt lat="47.510929" lon="-120.71862"><ele>1211.843018</ele><time>2026-07-29T22:03:09.083Z</time></trkpt><trkpt lat="47.510975" lon="-120.718552"><ele>1210.726318</ele><time>2026-07-29T22:03:17.085Z</time></trkpt><trkpt lat="47.511311" lon="-120.718307"><ele>1206.643188</ele><time>2026-07-29T22:03:20.086Z</time></trkpt><trkpt lat="47.51136" lon="-120.718231"><ele>1207.023682</ele><time>2026-07-29T22:03:24.087Z</time></trkpt><trkpt lat="47.511448" lon="-120.71814"><ele>1205.510132</ele><time>2026-07-29T22:03:28.086Z</time></trkpt><trkpt lat="47.511494" lon="-120.718185"><ele>1201.952759</ele><time>2026-07-29T22:03:31.088Z</time></trkpt><trkpt lat="47.511433" lon="-120.718315"><ele>1199.903198</ele><time>2026-07-29T22:03:59.093Z</time></trkpt><trkpt lat="47.511417" lon="-120.718407"><ele>1200.596924</ele><time>2026-07-29T22:04:16.086Z</time></trkpt><trkpt lat="47.51128" lon="-120.718628"><ele>1195.154175</ele><time>2026-07-29T22:04:25.083Z</time></trkpt><trkpt lat="47.511452" lon="-120.718506"><ele>1191.464233</ele><time>2026-07-29T22:04:27.084Z</time></trkpt><trkpt lat="47.511555" lon="-120.718391"><ele>1189.2146</ele><time>2026-07-29T22:04:31.084Z</time></trkpt><trkpt lat="47.511593" lon="-120.7183"><ele>1189.56311</ele><time>2026-07-29T22:04:35.086Z</time></trkpt><trkpt lat="47.511627" lon="-120.718285"><ele>1190.962402</ele><time>2026-07-29T22:04:39.083Z</time></trkpt><trkpt lat="47.511665" lon="-120.718193"><ele>1191.12207</ele><time>2026-07-29T22:04:42.085Z</time></trkpt><trkpt lat="47.511951" lon="-120.718147"><ele>1186.033447</ele><time>2026-07-29T22:04:56.085Z</time></trkpt><trkpt lat="47.511986" lon="-120.718155"><ele>1183.529419</ele><time>2026-07-29T22:04:59.086Z</time></trkpt><trkpt lat="47.512127" lon="-120.718086"><ele>1182.231934</ele><time>2026-07-29T22:05:06.088Z</time></trkpt><trkpt lat="47.512344" lon="-120.718086"><ele>1171.44165</ele><time>2026-07-29T22:05:19.087Z</time></trkpt><trkpt lat="47.512291" lon="-120.718155"><ele>1168.796143</ele><time>2026-07-29T22:05:29.087Z</time></trkpt><trkpt lat="47.512207" lon="-120.718201"><ele>1171.514893</ele><time>2026-07-29T22:05:34.087Z</time></trkpt><trkpt lat="47.512135" lon="-120.7183"><ele>1172.331421</ele><time>2026-07-29T22:05:52.084Z</time></trkpt><trkpt lat="47.511986" lon="-120.718414"><ele>1171.839233</ele><time>2026-07-29T22:06:02.080Z</time></trkpt><trkpt lat="47.512321" lon="-120.718353"><ele>1158.379517</ele><time>2026-07-29T22:06:28.084Z</time></trkpt><trkpt lat="47.512314" lon="-120.718399"><ele>1156.119629</ele><time>2026-07-29T22:06:36.084Z</time></trkpt><trkpt lat="47.51218" lon="-120.718513"><ele>1154.829712</ele><time>2026-07-29T22:06:44.088Z</time></trkpt><trkpt lat="47.512188" lon="-120.718552"><ele>1153.333618</ele><time>2026-07-29T22:06:52.087Z</time></trkpt><trkpt lat="47.512215" lon="-120.718529"><ele>1152.50708</ele><time>2026-07-29T22:06:56.085Z</time></trkpt><trkpt lat="47.512299" lon="-120.718513"><ele>1154.49585</ele><time>2026-07-29T22:06:59.088Z</time></trkpt><trkpt lat="47.512524" lon="-120.718544"><ele>1148.66626</ele><time>2026-07-29T22:07:10.087Z</time></trkpt><trkpt lat="47.512539" lon="-120.718613"><ele>1144.893799</ele><time>2026-07-29T22:07:18.082Z</time></trkpt><trkpt lat="47.512444" lon="-120.718704"><ele>1144.13269</ele><time>2026-07-29T22:07:29.087Z</time></trkpt><trkpt lat="47.51239" lon="-120.718781"><ele>1141.95166</ele><time>2026-07-29T22:07:54.085Z</time></trkpt><trkpt lat="47.51255" lon="-120.718765"><ele>1137.148438</ele><time>2026-07-29T22:08:04.086Z</time></trkpt><trkpt lat="47.512638" lon="-120.718575"><ele>1140.277832</ele><time>2026-07-29T22:08:09.088Z</time></trkpt><trkpt lat="47.512768" lon="-120.718536"><ele>1135.435303</ele><time>2026-07-29T22:08:13.085Z</time></trkpt><trkpt lat="47.512829" lon="-120.718384"><ele>1135.067627</ele><time>2026-07-29T22:08:20.086Z</time></trkpt><trkpt lat="47.512871" lon="-120.718491"><ele>1139.404053</ele><time>2026-07-29T22:08:23.087Z</time></trkpt><trkpt lat="47.512836" lon="-120.718681"><ele>1126.853027</ele><time>2026-07-29T22:08:30.087Z</time></trkpt><trkpt lat="47.512955" lon="-120.718544"><ele>1125.390259</ele><time>2026-07-29T22:08:35.086Z</time></trkpt><trkpt lat="47.513016" lon="-120.718399"><ele>1130.32019</ele><time>2026-07-29T22:08:42.082Z</time></trkpt><trkpt lat="47.513062" lon="-120.718422"><ele>1129.791748</ele><time>2026-07-29T22:08:51.084Z</time></trkpt><trkpt lat="47.51305" lon="-120.718475"><ele>1120.09082</ele><time>2026-07-29T22:09:02.088Z</time></trkpt><trkpt lat="47.513084" lon="-120.71862"><ele>1118.737671</ele><time>2026-07-29T22:09:45.084Z</time></trkpt><trkpt lat="47.513084" lon="-120.718674"><ele>1117.795898</ele><time>2026-07-29T22:10:13.080Z</time></trkpt><trkpt lat="47.513016" lon="-120.718849"><ele>1111.967651</ele><time>2026-07-29T22:10:18.084Z</time></trkpt><trkpt lat="47.513096" lon="-120.718765"><ele>1111.806641</ele><time>2026-07-29T22:10:21.082Z</time></trkpt><trkpt lat="47.513187" lon="-120.71862"><ele>1108.883911</ele><time>2026-07-29T22:10:24.083Z</time></trkpt><trkpt lat="47.513271" lon="-120.718521"><ele>1109.078979</ele><time>2026-07-29T22:10:45.079Z</time></trkpt><trkpt lat="47.513405" lon="-120.718521"><ele>1108.176025</ele><time>2026-07-29T22:10:54.082Z</time></trkpt><trkpt lat="47.513603" lon="-120.718582"><ele>1101.924927</ele><time>2026-07-29T22:11:00.087Z</time></trkpt><trkpt lat="47.513744" lon="-120.718582"><ele>1098.388428</ele><time>2026-07-29T22:11:05.080Z</time></trkpt><trkpt lat="47.513802" lon="-120.718605"><ele>1094.778687</ele><time>2026-07-29T22:11:09.086Z</time></trkpt><trkpt lat="47.514008" lon="-120.718544"><ele>1091.427368</ele><time>2026-07-29T22:11:13.087Z</time></trkpt><trkpt lat="47.51403" lon="-120.718552"><ele>1091.617554</ele><time>2026-07-29T22:11:18.085Z</time></trkpt><trkpt lat="47.514168" lon="-120.718521"><ele>1086.634766</ele><time>2026-07-29T22:11:26.080Z</time></trkpt><trkpt lat="47.514194" lon="-120.718491"><ele>1086.846924</ele><time>2026-07-29T22:11:38.086Z</time></trkpt><trkpt lat="47.514278" lon="-120.71846"><ele>1085.614136</ele><time>2026-07-29T22:11:43.086Z</time></trkpt><trkpt lat="47.514397" lon="-120.718468"><ele>1085.644775</ele><time>2026-07-29T22:11:56.084Z</time></trkpt><trkpt lat="47.514549" lon="-120.718445"><ele>1084.195068</ele><time>2026-07-29T22:12:00.084Z</time></trkpt><trkpt lat="47.514545" lon="-120.718498"><ele>1080.409546</ele><time>2026-07-29T22:12:10.083Z</time></trkpt><trkpt lat="47.514324" lon="-120.718636"><ele>1079.734619</ele><time>2026-07-29T22:12:13.087Z</time></trkpt><trkpt lat="47.514221" lon="-120.718773"><ele>1075.341919</ele><time>2026-07-29T22:12:43.086Z</time></trkpt><trkpt lat="47.514153" lon="-120.718918"><ele>1074.34375</ele><time>2026-07-29T22:12:52.086Z</time></trkpt><trkpt lat="47.514011" lon="-120.719002"><ele>1070.861694</ele><time>2026-07-29T22:13:05.083Z</time></trkpt><trkpt lat="47.513882" lon="-120.71917"><ele>1069.693726</ele><time>2026-07-29T22:13:14.085Z</time></trkpt><trkpt lat="47.513855" lon="-120.719383"><ele>1069.679932</ele><time>2026-07-29T22:13:23.087Z</time></trkpt><trkpt lat="47.51379" lon="-120.719482"><ele>1065.895386</ele><time>2026-07-29T22:13:27.082Z</time></trkpt><trkpt lat="47.513763" lon="-120.719589"><ele>1064.401855</ele><time>2026-07-29T22:13:37.086Z</time></trkpt><trkpt lat="47.513775" lon="-120.719635"><ele>1062.708252</ele><time>2026-07-29T22:13:40.086Z</time></trkpt><trkpt lat="47.513882" lon="-120.71946"><ele>1058.3927</ele><time>2026-07-29T22:13:45.088Z</time></trkpt><trkpt lat="47.513912" lon="-120.719429"><ele>1058.428223</ele><time>2026-07-29T22:13:50.085Z</time></trkpt><trkpt lat="47.51395" lon="-120.719421"><ele>1057.911377</ele><time>2026-07-29T22:13:53.085Z</time></trkpt><trkpt lat="47.514069" lon="-120.719284"><ele>1059.599365</ele><time>2026-07-29T22:14:06.085Z</time></trkpt><trkpt lat="47.514271" lon="-120.719269"><ele>1055.006104</ele><time>2026-07-29T22:14:15.091Z</time></trkpt><trkpt lat="47.514305" lon="-120.719284"><ele>1055.614624</ele><time>2026-07-29T22:14:18.084Z</time></trkpt><trkpt lat="47.51442" lon="-120.719414"><ele>1053.193848</ele><time>2026-07-29T22:14:31.085Z</time></trkpt><trkpt lat="47.514561" lon="-120.719414"><ele>1047.624146</ele><time>2026-07-29T22:14:34.084Z</time></trkpt><trkpt lat="47.51469" lon="-120.71946"><ele>1049.235474</ele><time>2026-07-29T22:14:52.084Z</time></trkpt><trkpt lat="47.514721" lon="-120.719437"><ele>1050.217285</ele><time>2026-07-29T22:14:55.085Z</time></trkpt><trkpt lat="47.515099" lon="-120.719475"><ele>1039.230957</ele><time>2026-07-29T22:15:01.083Z</time></trkpt><trkpt lat="47.515224" lon="-120.719467"><ele>1036.331055</ele><time>2026-07-29T22:15:07.083Z</time></trkpt><trkpt lat="47.515682" lon="-120.719162"><ele>1031.720093</ele><time>2026-07-29T22:15:11.089Z</time></trkpt><trkpt lat="47.515797" lon="-120.719131"><ele>1028.732422</ele><time>2026-07-29T22:15:14.085Z</time></trkpt><trkpt lat="47.515915" lon="-120.719185"><ele>1022.921631</ele><time>2026-07-29T22:15:18.083Z</time></trkpt><trkpt lat="47.515827" lon="-120.71933"><ele>1021.849426</ele><time>2026-07-29T22:15:26.085Z</time></trkpt><trkpt lat="47.515713" lon="-120.719727"><ele>1015.604248</ele><time>2026-07-29T22:15:32.086Z</time></trkpt><trkpt lat="47.515717" lon="-120.719765"><ele>1014.355042</ele><time>2026-07-29T22:15:38.083Z</time></trkpt><trkpt lat="47.515972" lon="-120.719543"><ele>1009.969116</ele><time>2026-07-29T22:15:41.085Z</time></trkpt><trkpt lat="47.516006" lon="-120.719551"><ele>1010.067505</ele><time>2026-07-29T22:15:44.085Z</time></trkpt><trkpt lat="47.515999" lon="-120.719643"><ele>1007.638</ele><time>2026-07-29T22:15:47.083Z</time></trkpt><trkpt lat="47.515938" lon="-120.719788"><ele>1005.563416</ele><time>2026-07-29T22:15:50.083Z</time></trkpt><trkpt lat="47.515877" lon="-120.719879"><ele>1004.330017</ele><time>2026-07-29T22:15:54.085Z</time></trkpt><trkpt lat="47.515915" lon="-120.719963"><ele>1003.132507</ele><time>2026-07-29T22:15:57.085Z</time></trkpt><trkpt lat="47.515965" lon="-120.71994"><ele>1003.146484</ele><time>2026-07-29T22:16:09.083Z</time></trkpt><trkpt lat="47.516022" lon="-120.719948"><ele>1004.357727</ele><time>2026-07-29T22:16:27.087Z</time></trkpt><trkpt lat="47.516117" lon="-120.719864"><ele>1000.740723</ele><time>2026-07-29T22:17:15.086Z</time></trkpt><trkpt lat="47.516212" lon="-120.719894"><ele>997.473572</ele><time>2026-07-29T22:17:34.085Z</time></trkpt><trkpt lat="47.516312" lon="-120.719887"><ele>998.243347</ele><time>2026-07-29T22:17:40.088Z</time></trkpt><trkpt lat="47.516418" lon="-120.719872"><ele>995.390259</ele><time>2026-07-29T22:18:26.087Z</time></trkpt><trkpt lat="47.516525" lon="-120.719818"><ele>989.397583</ele><time>2026-07-29T22:18:41.087Z</time></trkpt><trkpt lat="47.516617" lon="-120.719727"><ele>987.859009</ele><time>2026-07-29T22:18:49.084Z</time></trkpt><trkpt lat="47.516674" lon="-120.719696"><ele>985.355408</ele><time>2026-07-29T22:18:53.085Z</time></trkpt><trkpt lat="47.516827" lon="-120.719521"><ele>985.513855</ele><time>2026-07-29T22:19:02.089Z</time></trkpt><trkpt lat="47.516888" lon="-120.719482"><ele>986.351685</ele><time>2026-07-29T22:19:17.085Z</time></trkpt><trkpt lat="47.516972" lon="-120.719345"><ele>986.851257</ele><time>2026-07-29T22:19:22.087Z</time></trkpt><trkpt lat="47.516987" lon="-120.719261"><ele>985.572266</ele><time>2026-07-29T22:19:25.084Z</time></trkpt><trkpt lat="47.517025" lon="-120.719185"><ele>986.330383</ele><time>2026-07-29T22:19:30.085Z</time></trkpt><trkpt lat="47.517078" lon="-120.719177"><ele>986.257446</ele><time>2026-07-29T22:19:49.085Z</time></trkpt><trkpt lat="47.517288" lon="-120.719246"><ele>980.83905</ele><time>2026-07-29T22:20:03.083Z</time></trkpt><trkpt lat="47.517338" lon="-120.719231"><ele>981.226685</ele><time>2026-07-29T22:20:10.084Z</time></trkpt><trkpt lat="47.517384" lon="-120.719185"><ele>979.878906</ele><time>2026-07-29T22:20:21.086Z</time></trkpt><trkpt lat="47.517437" lon="-120.719162"><ele>981.296387</ele><time>2026-07-29T22:20:23.084Z</time></trkpt><trkpt lat="47.517498" lon="-120.719162"><ele>979.070313</ele><time>2026-07-29T22:20:31.084Z</time></trkpt><trkpt lat="47.517612" lon="-120.719124"><ele>980.86145</ele><time>2026-07-29T22:20:36.085Z</time></trkpt><trkpt lat="47.517872" lon="-120.71891"><ele>977.746887</ele><time>2026-07-29T22:20:48.086Z</time></trkpt><trkpt lat="47.517982" lon="-120.718788"><ele>977.097107</ele><time>2026-07-29T22:20:52.088Z</time></trkpt><trkpt lat="47.518215" lon="-120.718697"><ele>973.27417</ele><time>2026-07-29T22:20:56.082Z</time></trkpt><trkpt lat="47.518295" lon="-120.718681"><ele>973.215698</ele><time>2026-07-29T22:20:59.087Z</time></trkpt><trkpt lat="47.518326" lon="-120.718651"><ele>975.633606</ele><time>2026-07-29T22:21:13.085Z</time></trkpt><trkpt lat="47.51844" lon="-120.718346"><ele>969.948425</ele><time>2026-07-29T22:21:16.083Z</time></trkpt><trkpt lat="47.518646" lon="-120.718033"><ele>973.373352</ele><time>2026-07-29T22:21:25.084Z</time></trkpt><trkpt lat="47.518784" lon="-120.717987"><ele>970.471497</ele><time>2026-07-29T22:21:29.085Z</time></trkpt><trkpt lat="47.519009" lon="-120.71801"><ele>961.098999</ele><time>2026-07-29T22:21:33.084Z</time></trkpt><trkpt lat="47.519184" lon="-120.717995"><ele>958.119446</ele><time>2026-07-29T22:21:38.085Z</time></trkpt><trkpt lat="47.519463" lon="-120.717911"><ele>954.903442</ele><time>2026-07-29T22:21:45.083Z</time></trkpt><trkpt lat="47.519894" lon="-120.717819"><ele>949.683167</ele><time>2026-07-29T22:22:00.088Z</time></trkpt><trkpt lat="47.520065" lon="-120.717751"><ele>945.094482</ele><time>2026-07-29T22:22:06.087Z</time></trkpt><trkpt lat="47.520092" lon="-120.717621"><ele>944.735229</ele><time>2026-07-29T22:22:10.086Z</time></trkpt><trkpt lat="47.52021" lon="-120.717392"><ele>941.391785</ele><time>2026-07-29T22:22:14.086Z</time></trkpt><trkpt lat="47.520294" lon="-120.717262"><ele>940.779846</ele><time>2026-07-29T22:22:21.086Z</time></trkpt><trkpt lat="47.520412" lon="-120.717201"><ele>935.85199</ele><time>2026-07-29T22:24:00.087Z</time></trkpt><trkpt lat="47.520523" lon="-120.717194"><ele>933.482666</ele><time>2026-07-29T22:24:03.087Z</time></trkpt><trkpt lat="47.520592" lon="-120.717148"><ele>932.75354</ele><time>2026-07-29T22:24:06.086Z</time></trkpt><trkpt lat="47.520496" lon="-120.717369"><ele>927.635193</ele><time>2026-07-29T22:24:09.086Z</time></trkpt><trkpt lat="47.520416" lon="-120.717476"><ele>929.048401</ele><time>2026-07-29T22:24:15.082Z</time></trkpt><trkpt lat="47.520432" lon="-120.717522"><ele>930.429993</ele><time>2026-07-29T22:24:18.084Z</time></trkpt><trkpt lat="47.520725" lon="-120.717438"><ele>921.607117</ele><time>2026-07-29T22:24:27.087Z</time></trkpt><trkpt lat="47.520771" lon="-120.717445"><ele>922.141846</ele><time>2026-07-29T22:24:36.085Z</time></trkpt><trkpt lat="47.520771" lon="-120.717552"><ele>921.769409</ele><time>2026-07-29T22:24:44.084Z</time></trkpt><trkpt lat="47.520645" lon="-120.717781"><ele>919.014404</ele><time>2026-07-29T22:24:49.087Z</time></trkpt><trkpt lat="47.52066" lon="-120.717842"><ele>920.476746</ele><time>2026-07-29T22:24:59.084Z</time></trkpt><trkpt lat="47.520737" lon="-120.717789"><ele>916.56897</ele><time>2026-07-29T22:25:03.085Z</time></trkpt><trkpt lat="47.520901" lon="-120.717628"><ele>915.171753</ele><time>2026-07-29T22:25:07.085Z</time></trkpt><trkpt lat="47.521023" lon="-120.717598"><ele>911.448914</ele><time>2026-07-29T22:25:12.084Z</time></trkpt><trkpt lat="47.521061" lon="-120.717567"><ele>912.194275</ele><time>2026-07-29T22:25:15.087Z</time></trkpt><trkpt lat="47.521278" lon="-120.717545"><ele>910.959473</ele><time>2026-07-29T22:25:18.086Z</time></trkpt><trkpt lat="47.521355" lon="-120.717491"><ele>910.463135</ele><time>2026-07-29T22:25:28.085Z</time></trkpt><trkpt lat="47.521538" lon="-120.717522"><ele>905.161926</ele><time>2026-07-29T22:25:40.084Z</time></trkpt><trkpt lat="47.521702" lon="-120.717644"><ele>907.532288</ele><time>2026-07-29T22:25:45.086Z</time></trkpt><trkpt lat="47.521767" lon="-120.717743"><ele>908.719543</ele><time>2026-07-29T22:25:49.085Z</time></trkpt><trkpt lat="47.521797" lon="-120.71785"><ele>903.372437</ele><time>2026-07-29T22:25:57.087Z</time></trkpt><trkpt lat="47.521633" lon="-120.717896"><ele>901.462402</ele><time>2026-07-29T22:26:00.087Z</time></trkpt><trkpt lat="47.521626" lon="-120.71801"><ele>898.723938</ele><time>2026-07-29T22:26:10.086Z</time></trkpt><trkpt lat="47.521721" lon="-120.718117"><ele>898.987854</ele><time>2026-07-29T22:26:14.085Z</time></trkpt><trkpt lat="47.521793" lon="-120.718124"><ele>896.486755</ele><time>2026-07-29T22:26:22.085Z</time></trkpt><trkpt lat="47.521835" lon="-120.718102"><ele>896.487305</ele><time>2026-07-29T22:26:24.084Z</time></trkpt><trkpt lat="47.52187" lon="-120.718109"><ele>896.588501</ele><time>2026-07-29T22:26:27.089Z</time></trkpt><trkpt lat="47.521965" lon="-120.718056"><ele>896.141907</ele><time>2026-07-29T22:26:38.078Z</time></trkpt><trkpt lat="47.522091" lon="-120.717941"><ele>891.500732</ele><time>2026-07-29T22:26:43.085Z</time></trkpt><trkpt lat="47.522224" lon="-120.717873"><ele>891.678894</ele><time>2026-07-29T22:26:46.087Z</time></trkpt><trkpt lat="47.522289" lon="-120.717857"><ele>890.47052</ele><time>2026-07-29T22:26:49.085Z</time></trkpt><trkpt lat="47.522449" lon="-120.717903"><ele>887.11084</ele><time>2026-07-29T22:26:52.087Z</time></trkpt><trkpt lat="47.52261" lon="-120.71788"><ele>884.999268</ele><time>2026-07-29T22:26:54.086Z</time></trkpt><trkpt lat="47.522694" lon="-120.717812"><ele>885.849548</ele><time>2026-07-29T22:26:58.086Z</time></trkpt><trkpt lat="47.522755" lon="-120.717804"><ele>884.967712</ele><time>2026-07-29T22:27:01.087Z</time></trkpt><trkpt lat="47.522778" lon="-120.717773"><ele>883.717896</ele><time>2026-07-29T22:27:05.088Z</time></trkpt><trkpt lat="47.522835" lon="-120.717743"><ele>884.445129</ele><time>2026-07-29T22:27:09.087Z</time></trkpt><trkpt lat="47.522926" lon="-120.717613"><ele>881.286194</ele><time>2026-07-29T22:27:13.087Z</time></trkpt><trkpt lat="47.522984" lon="-120.717575"><ele>881.98584</ele><time>2026-07-29T22:27:19.089Z</time></trkpt><trkpt lat="47.523041" lon="-120.717499"><ele>881.711487</ele><time>2026-07-29T22:27:39.088Z</time></trkpt><trkpt lat="47.523209" lon="-120.717514"><ele>878.484192</ele><time>2026-07-29T22:27:47.085Z</time></trkpt><trkpt lat="47.523342" lon="-120.71743"><ele>876.052795</ele><time>2026-07-29T22:27:51.086Z</time></trkpt><trkpt lat="47.523514" lon="-120.717361"><ele>873.703796</ele><time>2026-07-29T22:27:55.087Z</time></trkpt><trkpt lat="47.52367" lon="-120.717209"><ele>870.876465</ele><time>2026-07-29T22:28:14.087Z</time></trkpt><trkpt lat="47.524002" lon="-120.716827"><ele>865.541016</ele><time>2026-07-29T22:28:18.083Z</time></trkpt><trkpt lat="47.524139" lon="-120.716736"><ele>865.088562</ele><time>2026-07-29T22:28:26.085Z</time></trkpt><trkpt lat="47.524227" lon="-120.716751"><ele>864.699768</ele><time>2026-07-29T22:29:03.086Z</time></trkpt><trkpt lat="47.5243" lon="-120.71682"><ele>865.231445</ele><time>2026-07-29T22:29:07.087Z</time></trkpt><trkpt lat="47.524319" lon="-120.716866"><ele>864.315125</ele><time>2026-07-29T22:29:10.087Z</time></trkpt><trkpt lat="47.524364" lon="-120.716896"><ele>864.336975</ele><time>2026-07-29T22:29:14.083Z</time></trkpt><trkpt lat="47.524441" lon="-120.716911"><ele>864.07373</ele><time>2026-07-29T22:29:18.082Z</time></trkpt><trkpt lat="47.524647" lon="-120.717026"><ele>861.419617</ele><time>2026-07-29T22:29:21.084Z</time></trkpt><trkpt lat="47.524677" lon="-120.717072"><ele>861.315552</ele><time>2026-07-29T22:29:24.088Z</time></trkpt><trkpt lat="47.524899" lon="-120.71714"><ele>856.21344</ele><time>2026-07-29T22:29:28.086Z</time></trkpt><trkpt lat="47.52496" lon="-120.717133"><ele>857.049255</ele><time>2026-07-29T22:29:36.085Z</time></trkpt><trkpt lat="47.52512" lon="-120.717049"><ele>852.956665</ele><time>2026-07-29T22:29:47.088Z</time></trkpt><trkpt lat="47.525345" lon="-120.716995"><ele>850.15918</ele><time>2026-07-29T22:29:56.085Z</time></trkpt><trkpt lat="47.525463" lon="-120.71701"><ele>851.27948</ele><time>2026-07-29T22:30:00.089Z</time></trkpt><trkpt lat="47.5256" lon="-120.716843"><ele>847.437988</ele><time>2026-07-29T22:30:03.084Z</time></trkpt><trkpt lat="47.525803" lon="-120.71666"><ele>846.587463</ele><time>2026-07-29T22:30:08.084Z</time></trkpt><trkpt lat="47.525883" lon="-120.716614"><ele>847.768677</ele><time>2026-07-29T22:30:16.084Z</time></trkpt><trkpt lat="47.525928" lon="-120.716614"><ele>847.71582</ele><time>2026-07-29T22:30:20.085Z</time></trkpt><trkpt lat="47.526039" lon="-120.716515"><ele>845.022949</ele><time>2026-07-29T22:30:23.084Z</time></trkpt><trkpt lat="47.526253" lon="-120.716202"><ele>839.579224</ele><time>2026-07-29T22:30:26.084Z</time></trkpt><trkpt lat="47.526363" lon="-120.716118"><ele>839.141846</ele><time>2026-07-29T22:30:45.087Z</time></trkpt><trkpt lat="47.526546" lon="-120.715919"><ele>838.735596</ele><time>2026-07-29T22:30:55.086Z</time></trkpt><trkpt lat="47.526665" lon="-120.715683"><ele>837.44873</ele><time>2026-07-29T22:31:05.082Z</time></trkpt><trkpt lat="47.526699" lon="-120.715538"><ele>837.129578</ele><time>2026-07-29T22:31:15.083Z</time></trkpt><trkpt lat="47.526737" lon="-120.715454"><ele>837.144043</ele><time>2026-07-29T22:31:25.084Z</time></trkpt><trkpt lat="47.526787" lon="-120.715401"><ele>838.804749</ele><time>2026-07-29T22:31:50.082Z</time></trkpt><trkpt lat="47.526844" lon="-120.715195"><ele>839.118896</ele><time>2026-07-29T22:31:53.086Z</time></trkpt><trkpt lat="47.527172" lon="-120.715073"><ele>841.130249</ele><time>2026-07-29T22:31:57.085Z</time></trkpt><trkpt lat="47.527256" lon="-120.715088"><ele>840.344604</ele><time>2026-07-29T22:32:03.086Z</time></trkpt><trkpt lat="47.527386" lon="-120.715027"><ele>834.214966</ele><time>2026-07-29T22:32:31.086Z</time></trkpt><trkpt lat="47.52758" lon="-120.714882"><ele>834.761902</ele><time>2026-07-29T22:32:39.086Z</time></trkpt><trkpt lat="47.52766" lon="-120.714745"><ele>835.36676</ele><time>2026-07-29T22:32:56.088Z</time></trkpt><trkpt lat="47.527695" lon="-120.714722"><ele>835.232117</ele><time>2026-07-29T22:33:07.087Z</time></trkpt><trkpt lat="47.527767" lon="-120.714684"><ele>835.407471</ele><time>2026-07-29T22:33:16.085Z</time></trkpt><trkpt lat="47.527973" lon="-120.714622"><ele>834.081909</ele><time>2026-07-29T22:33:19.086Z</time></trkpt><trkpt lat="47.528046" lon="-120.714615"><ele>834.249512</ele><time>2026-07-29T22:33:34.088Z</time></trkpt><trkpt lat="47.528107" lon="-120.714561"><ele>833.392029</ele><time>2026-07-29T22:33:39.084Z</time></trkpt><trkpt lat="47.528286" lon="-120.714279"><ele>834.942688</ele><time>2026-07-29T22:33:51.087Z</time></trkpt><trkpt lat="47.528366" lon="-120.714226"><ele>833.497131</ele><time>2026-07-29T22:33:55.085Z</time></trkpt><trkpt lat="47.528366" lon="-120.71418"><ele>831.751709</ele><time>2026-07-29T22:34:03.087Z</time></trkpt><trkpt lat="47.528385" lon="-120.714142"><ele>833.170349</ele><time>2026-07-29T22:34:19.086Z</time></trkpt><trkpt lat="47.528515" lon="-120.714027"><ele>834.377747</ele><time>2026-07-29T22:34:23.089Z</time></trkpt><trkpt lat="47.528534" lon="-120.713989"><ele>834.996399</ele><time>2026-07-29T22:34:31.085Z</time></trkpt><trkpt lat="47.528618" lon="-120.713936"><ele>833.411987</ele><time>2026-07-29T22:34:46.087Z</time></trkpt><trkpt lat="47.528732" lon="-120.713913"><ele>833.877014</ele><time>2026-07-29T22:34:52.086Z</time></trkpt><trkpt lat="47.528805" lon="-120.713829"><ele>832.101929</ele><time>2026-07-29T22:34:56.085Z</time></trkpt><trkpt lat="47.528923" lon="-120.713737"><ele>833.466492</ele><time>2026-07-29T22:35:00.087Z</time></trkpt><trkpt lat="47.52898" lon="-120.713753"><ele>832.437317</ele><time>2026-07-29T22:35:04.086Z</time></trkpt><trkpt lat="47.529083" lon="-120.713737"><ele>831.802795</ele><time>2026-07-29T22:35:08.087Z</time></trkpt><trkpt lat="47.529106" lon="-120.713768"><ele>833.918335</ele><time>2026-07-29T22:35:15.086Z</time></trkpt><trkpt lat="47.529121" lon="-120.71373"><ele>832.045044</ele><time>2026-07-29T22:35:18.086Z</time></trkpt><trkpt lat="47.529331" lon="-120.713486"><ele>832.972107</ele><time>2026-07-29T22:35:21.086Z</time></trkpt><trkpt lat="47.529446" lon="-120.713219"><ele>834.61499</ele><time>2026-07-29T22:35:24.084Z</time></trkpt><trkpt lat="47.529472" lon="-120.713196"><ele>832.542358</ele><time>2026-07-29T22:35:30.089Z</time></trkpt><trkpt lat="47.52951" lon="-120.713112"><ele>834.493896</ele><time>2026-07-29T22:35:51.084Z</time></trkpt><trkpt lat="47.529636" lon="-120.712982"><ele>830.820007</ele><time>2026-07-29T22:36:39.085Z</time></trkpt><trkpt lat="47.529781" lon="-120.712868"><ele>835.184204</ele><time>2026-07-29T22:36:57.087Z</time></trkpt><trkpt lat="47.529873" lon="-120.7127"><ele>837.814148</ele><time>2026-07-29T22:37:01.086Z</time></trkpt><trkpt lat="47.529942" lon="-120.712616"><ele>836.628784</ele><time>2026-07-29T22:37:11.086Z</time></trkpt><trkpt lat="47.530003" lon="-120.712364"><ele>836.711792</ele><time>2026-07-29T22:37:32.089Z</time></trkpt><trkpt lat="47.53009" lon="-120.712181"><ele>832.014343</ele><time>2026-07-29T22:37:44.086Z</time></trkpt><trkpt lat="47.53019" lon="-120.712151"><ele>831.057678</ele><time>2026-07-29T22:37:49.086Z</time></trkpt><trkpt lat="47.530361" lon="-120.712036"><ele>827.754211</ele><time>2026-07-29T22:38:01.088Z</time></trkpt><trkpt lat="47.530422" lon="-120.712044"><ele>827.786255</ele><time>2026-07-29T22:38:06.087Z</time></trkpt><trkpt lat="47.530651" lon="-120.711884"><ele>822.573975</ele><time>2026-07-29T22:38:10.086Z</time></trkpt><trkpt lat="47.530769" lon="-120.711693"><ele>819.08374</ele><time>2026-07-29T22:38:14.084Z</time></trkpt><trkpt lat="47.53096" lon="-120.711601"><ele>816.589478</ele><time>2026-07-29T22:38:28.083Z</time></trkpt><trkpt lat="47.531132" lon="-120.711334"><ele>812.87262</ele><time>2026-07-29T22:38:31.086Z</time></trkpt><trkpt lat="47.531326" lon="-120.711098"><ele>812.03595</ele><time>2026-07-29T22:38:44.085Z</time></trkpt><trkpt lat="47.531364" lon="-120.710999"><ele>812.764465</ele><time>2026-07-29T22:38:51.089Z</time></trkpt><trkpt lat="47.53141" lon="-120.71093"><ele>813.965515</ele><time>2026-07-29T22:38:54.085Z</time></trkpt><trkpt lat="47.531498" lon="-120.710838"><ele>813.61322</ele><time>2026-07-29T22:39:01.086Z</time></trkpt><trkpt lat="47.531651" lon="-120.710724"><ele>809.751709</ele><time>2026-07-29T22:39:04.085Z</time></trkpt><trkpt lat="47.531673" lon="-120.71064"><ele>806.355896</ele><time>2026-07-29T22:39:08.087Z</time></trkpt><trkpt lat="47.53186" lon="-120.710304"><ele>803.275391</ele><time>2026-07-29T22:39:11.089Z</time></trkpt><trkpt lat="47.531868" lon="-120.710258"><ele>801.657837</ele><time>2026-07-29T22:39:14.085Z</time></trkpt><trkpt lat="47.532021" lon="-120.71003"><ele>798.223022</ele><time>2026-07-29T22:39:18.084Z</time></trkpt><trkpt lat="47.532101" lon="-120.709946"><ele>798.555359</ele><time>2026-07-29T22:39:35.088Z</time></trkpt><trkpt lat="47.532207" lon="-120.709877"><ele>795.710022</ele><time>2026-07-29T22:40:52.090Z</time></trkpt><trkpt lat="47.53241" lon="-120.709808"><ele>793.911011</ele><time>2026-07-29T22:41:19.090Z</time></trkpt><trkpt lat="47.532524" lon="-120.70974"><ele>790.775574</ele><time>2026-07-29T22:41:27.088Z</time></trkpt><trkpt lat="47.532829" lon="-120.709526"><ele>787.560669</ele><time>2026-07-29T22:41:35.086Z</time></trkpt><trkpt lat="47.532928" lon="-120.709427"><ele>785.371033</ele><time>2026-07-29T22:42:09.089Z</time></trkpt><trkpt lat="47.532986" lon="-120.709442"><ele>786.342224</ele><time>2026-07-29T22:42:26.087Z</time></trkpt><trkpt lat="47.533268" lon="-120.709366"><ele>783.506653</ele><time>2026-07-29T22:42:38.093Z</time></trkpt><trkpt lat="47.533489" lon="-120.709244"><ele>779.543152</ele><time>2026-07-29T22:42:59.093Z</time></trkpt><trkpt lat="47.53384" lon="-120.708832"><ele>772.382874</ele><time>2026-07-29T22:43:10.091Z</time></trkpt><trkpt lat="47.534088" lon="-120.708717"><ele>770.520203</ele><time>2026-07-29T22:44:07.091Z</time></trkpt><trkpt lat="47.53413" lon="-120.708672"><ele>769.151062</ele><time>2026-07-29T22:44:14.093Z</time></trkpt><trkpt lat="47.53426" lon="-120.708603"><ele>768.684265</ele><time>2026-07-29T22:44:22.091Z</time></trkpt><trkpt lat="47.534325" lon="-120.708534"><ele>767.730835</ele><time>2026-07-29T22:44:34.089Z</time></trkpt><trkpt lat="47.534401" lon="-120.708504"><ele>769.490173</ele><time>2026-07-29T22:44:50.093Z</time></trkpt><trkpt lat="47.534473" lon="-120.708412"><ele>769.107361</ele><time>2026-07-29T22:44:53.093Z</time></trkpt><trkpt lat="47.534573" lon="-120.708351"><ele>767.169006</ele><time>2026-07-29T22:45:07.091Z</time></trkpt><trkpt lat="47.534962" lon="-120.708244"><ele>760.460815</ele><time>2026-07-29T22:45:14.091Z</time></trkpt><trkpt lat="47.535255" lon="-120.708054"><ele>750.975769</ele><time>2026-07-29T22:45:29.090Z</time></trkpt><trkpt lat="47.535362" lon="-120.708054"><ele>749.356018</ele><time>2026-07-29T22:45:33.091Z</time></trkpt><trkpt lat="47.535538" lon="-120.708099"><ele>747.217651</ele><time>2026-07-29T22:45:44.088Z</time></trkpt><trkpt lat="47.535702" lon="-120.708107"><ele>743.320862</ele><time>2026-07-29T22:45:47.091Z</time></trkpt><trkpt lat="47.535728" lon="-120.708084"><ele>743.650452</ele><time>2026-07-29T22:46:11.095Z</time></trkpt><trkpt lat="47.535942" lon="-120.708031"><ele>737.160156</ele><time>2026-07-29T22:46:17.090Z</time></trkpt><trkpt lat="47.535961" lon="-120.708061"><ele>736.950134</ele><time>2026-07-29T22:46:24.091Z</time></trkpt><trkpt lat="47.535912" lon="-120.708099"><ele>738.727051</ele><time>2026-07-29T22:46:29.089Z</time></trkpt><trkpt lat="47.535763" lon="-120.708328"><ele>734.888184</ele><time>2026-07-29T22:47:23.087Z</time></trkpt><trkpt lat="47.535503" lon="-120.708511"><ele>728.055298</ele><time>2026-07-29T22:48:00.089Z</time></trkpt><trkpt lat="47.53558" lon="-120.708511"><ele>723.96991</ele><time>2026-07-29T22:48:02.087Z</time></trkpt><trkpt lat="47.535793" lon="-120.708603"><ele>719.763428</ele><time>2026-07-29T22:48:13.090Z</time></trkpt><trkpt lat="47.5359" lon="-120.708565"><ele>719.03772</ele><time>2026-07-29T22:48:21.088Z</time></trkpt><trkpt lat="47.536041" lon="-120.708572"><ele>717.951294</ele><time>2026-07-29T22:48:32.091Z</time></trkpt><trkpt lat="47.536171" lon="-120.708473"><ele>713.384827</ele><time>2026-07-29T22:48:40.088Z</time></trkpt><trkpt lat="47.536186" lon="-120.708511"><ele>712.557434</ele><time>2026-07-29T22:48:44.088Z</time></trkpt><trkpt lat="47.536137" lon="-120.708656"><ele>714.818237</ele><time>2026-07-29T22:48:52.087Z</time></trkpt><trkpt lat="47.535965" lon="-120.708878"><ele>709.688965</ele><time>2026-07-29T22:49:02.088Z</time></trkpt><trkpt lat="47.535999" lon="-120.708916"><ele>707.37738</ele><time>2026-07-29T22:49:37.086Z</time></trkpt><trkpt lat="47.536068" lon="-120.708908"><ele>707.91156</ele><time>2026-07-29T22:49:44.089Z</time></trkpt><trkpt lat="47.536415" lon="-120.708679"><ele>699.723816</ele><time>2026-07-29T22:50:13.088Z</time></trkpt><trkpt lat="47.536602" lon="-120.708626"><ele>697.070374</ele><time>2026-07-29T22:50:25.086Z</time></trkpt><trkpt lat="47.536827" lon="-120.708626"><ele>696.642639</ele><time>2026-07-29T22:50:33.091Z</time></trkpt><trkpt lat="47.537434" lon="-120.708511"><ele>684.398621</ele><time>2026-07-29T22:50:38.087Z</time></trkpt><trkpt lat="47.537724" lon="-120.708366"><ele>677.891663</ele><time>2026-07-29T22:51:57.086Z</time></trkpt><trkpt lat="47.538174" lon="-120.708267"><ele>667.00708</ele><time>2026-07-29T22:52:22.089Z</time></trkpt><trkpt lat="47.538284" lon="-120.708183"><ele>666.822632</ele><time>2026-07-29T22:53:13.091Z</time></trkpt><trkpt lat="47.538349" lon="-120.708084"><ele>665.750061</ele><time>2026-07-29T22:53:29.087Z</time></trkpt><trkpt lat="47.538422" lon="-120.708008"><ele>664.285339</ele><time>2026-07-29T22:54:35.091Z</time></trkpt><trkpt lat="47.538666" lon="-120.707916"><ele>661.059814</ele><time>2026-07-29T22:54:44.090Z</time></trkpt><trkpt lat="47.538837" lon="-120.707657"><ele>657.432434</ele><time>2026-07-29T22:55:26.091Z</time></trkpt><trkpt lat="47.538898" lon="-120.707451"><ele>657.410217</ele><time>2026-07-29T22:55:35.089Z</time></trkpt><trkpt lat="47.539005" lon="-120.707283"><ele>653.412903</ele><time>2026-07-29T22:55:59.089Z</time></trkpt><trkpt lat="47.53936" lon="-120.706894"><ele>648.209717</ele><time>2026-07-29T22:56:23.089Z</time></trkpt><trkpt lat="47.539356" lon="-120.707008"><ele>645.937256</ele><time>2026-07-29T22:56:40.087Z</time></trkpt><trkpt lat="47.539295" lon="-120.707291"><ele>643.832397</ele><time>2026-07-29T22:56:50.093Z</time></trkpt><trkpt lat="47.539291" lon="-120.707466"><ele>642.149841</ele><time>2026-07-29T22:57:01.090Z</time></trkpt><trkpt lat="47.539326" lon="-120.70755"><ele>641.204651</ele><time>2026-07-29T22:57:06.087Z</time></trkpt><trkpt lat="47.539371" lon="-120.707603"><ele>641.003235</ele><time>2026-07-29T22:57:16.087Z</time></trkpt><trkpt lat="47.539406" lon="-120.70771"><ele>640.107178</ele><time>2026-07-29T22:57:35.088Z</time></trkpt><trkpt lat="47.539345" lon="-120.70797"><ele>635.81189</ele><time>2026-07-29T22:57:45.095Z</time></trkpt><trkpt lat="47.539341" lon="-120.708176"><ele>632.82959</ele><time>2026-07-29T22:57:51.093Z</time></trkpt><trkpt lat="47.539181" lon="-120.708328"><ele>630.76593</ele><time>2026-07-29T22:58:07.095Z</time></trkpt><trkpt lat="47.539471" lon="-120.708336"><ele>620.540833</ele><time>2026-07-29T22:58:37.087Z</time></trkpt><trkpt lat="47.539597" lon="-120.708313"><ele>618.777405</ele><time>2026-07-29T22:58:43.086Z</time></trkpt><trkpt lat="47.53965" lon="-120.708267"><ele>619.360596</ele><time>2026-07-29T22:58:46.090Z</time></trkpt><trkpt lat="47.539639" lon="-120.708176"><ele>619.772949</ele><time>2026-07-29T22:58:57.089Z</time></trkpt><trkpt lat="47.539665" lon="-120.708145"><ele>619.195007</ele><time>2026-07-29T22:59:16.090Z</time></trkpt><trkpt lat="47.539768" lon="-120.70826"><ele>616.449951</ele><time>2026-07-29T22:59:23.090Z</time></trkpt><trkpt lat="47.539791" lon="-120.708344"><ele>614.800598</ele><time>2026-07-29T22:59:26.087Z</time></trkpt><trkpt lat="47.539787" lon="-120.708397"><ele>615.10791</ele><time>2026-07-29T22:59:36.091Z</time></trkpt><trkpt lat="47.539677" lon="-120.708504"><ele>614.200623</ele><time>2026-07-29T22:59:43.090Z</time></trkpt><trkpt lat="47.539474" lon="-120.708656"><ele>610.856689</ele><time>2026-07-29T22:59:45.087Z</time></trkpt><trkpt lat="47.539478" lon="-120.708687"><ele>607.535889</ele><time>2026-07-29T22:59:50.092Z</time></trkpt><trkpt lat="47.539768" lon="-120.708633"><ele>602.868347</ele><time>2026-07-29T22:59:58.088Z</time></trkpt><trkpt lat="47.539806" lon="-120.708649"><ele>603.491455</ele><time>2026-07-29T23:00:17.085Z</time></trkpt><trkpt lat="47.540157" lon="-120.708649"><ele>597.914185</ele><time>2026-07-29T23:00:45.086Z</time></trkpt><trkpt lat="47.540264" lon="-120.708626"><ele>594.013428</ele><time>2026-07-29T23:00:51.086Z</time></trkpt><trkpt lat="47.540253" lon="-120.708397"><ele>592.713379</ele><time>2026-07-29T23:00:54.082Z</time></trkpt><trkpt lat="47.540386" lon="-120.708549"><ele>589.461304</ele><time>2026-07-29T23:01:12.087Z</time></trkpt><trkpt lat="47.540474" lon="-120.708702"><ele>587.766113</ele><time>2026-07-29T23:01:16.086Z</time></trkpt><trkpt lat="47.540356" lon="-120.708878"><ele>583.612244</ele><time>2026-07-29T23:01:27.088Z</time></trkpt><trkpt lat="47.540237" lon="-120.708954"><ele>582.881287</ele><time>2026-07-29T23:01:32.084Z</time></trkpt><trkpt lat="47.540127" lon="-120.709"><ele>581.364868</ele><time>2026-07-29T23:01:49.087Z</time></trkpt><trkpt lat="47.540161" lon="-120.70903"><ele>580.306396</ele><time>2026-07-29T23:01:53.083Z</time></trkpt><trkpt lat="47.54034" lon="-120.709053"><ele>575.093384</ele><time>2026-07-29T23:02:29.085Z</time></trkpt><trkpt lat="47.540474" lon="-120.709038"><ele>573.767761</ele><time>2026-07-29T23:03:20.085Z</time></trkpt><trkpt lat="47.540924" lon="-120.708939"><ele>564.228699</ele><time>2026-07-29T23:03:23.085Z</time></trkpt><trkpt lat="47.541012" lon="-120.708839"><ele>561.473572</ele><time>2026-07-29T23:03:27.089Z</time></trkpt><trkpt lat="47.540951" lon="-120.708603"><ele>559.321838</ele><time>2026-07-29T23:03:31.085Z</time></trkpt><trkpt lat="47.540977" lon="-120.708611"><ele>559.501038</ele><time>2026-07-29T23:03:42.087Z</time></trkpt><trkpt lat="47.541142" lon="-120.708847"><ele>556.764771</ele><time>2026-07-29T23:03:53.083Z</time></trkpt><trkpt lat="47.541145" lon="-120.708939"><ele>555.028564</ele><time>2026-07-29T23:04:19.085Z</time></trkpt><trkpt lat="47.541084" lon="-120.709091"><ele>552.039307</ele><time>2026-07-29T23:04:28.085Z</time></trkpt><trkpt lat="47.54071" lon="-120.709526"><ele>545.518127</ele><time>2026-07-29T23:04:32.082Z</time></trkpt><trkpt lat="47.540543" lon="-120.709854"><ele>544.237244</ele><time>2026-07-29T23:04:55.082Z</time></trkpt><trkpt lat="47.54047" lon="-120.709892"><ele>542.807739</ele><time>2026-07-29T23:05:14.086Z</time></trkpt><trkpt lat="47.540424" lon="-120.709961"><ele>542.783325</ele><time>2026-07-29T23:05:27.095Z</time></trkpt><trkpt lat="47.540363" lon="-120.710014"><ele>541.977051</ele><time>2026-07-29T23:05:50.089Z</time></trkpt><trkpt lat="47.540249" lon="-120.710243"><ele>536.015625</ele><time>2026-07-29T23:06:23.092Z</time></trkpt><trkpt lat="47.540424" lon="-120.710182"><ele>530.285767</ele><time>2026-07-29T23:06:30.088Z</time></trkpt><trkpt lat="47.540524" lon="-120.710167"><ele>531.673889</ele><time>2026-07-29T23:06:35.087Z</time></trkpt><trkpt lat="47.540703" lon="-120.710098"><ele>526.338379</ele><time>2026-07-29T23:06:52.089Z</time></trkpt><trkpt lat="47.540897" lon="-120.709946"><ele>526.879944</ele><time>2026-07-29T23:06:55.087Z</time></trkpt><trkpt lat="47.541016" lon="-120.709778"><ele>520.336182</ele><time>2026-07-29T23:07:22.089Z</time></trkpt><trkpt lat="47.541023" lon="-120.709923"><ele>520.270569</ele><time>2026-07-29T23:07:35.087Z</time></trkpt><trkpt lat="47.540981" lon="-120.710114"><ele>515.64093</ele><time>2026-07-29T23:07:47.089Z</time></trkpt><trkpt lat="47.541004" lon="-120.71019"><ele>514.168335</ele><time>2026-07-29T23:08:32.089Z</time></trkpt><trkpt lat="47.541" lon="-120.710228"><ele>514.273376</ele><time>2026-07-29T23:08:54.086Z</time></trkpt><trkpt lat="47.541031" lon="-120.710243"><ele>514.114319</ele><time>2026-07-29T23:09:11.087Z</time></trkpt><trkpt lat="47.541069" lon="-120.710068"><ele>510.191711</ele><time>2026-07-29T23:09:14.089Z</time></trkpt><trkpt lat="47.541164" lon="-120.7099"><ele>508.774506</ele><time>2026-07-29T23:09:21.085Z</time></trkpt><trkpt lat="47.541233" lon="-120.709831"><ele>507.175537</ele><time>2026-07-29T23:09:26.084Z</time></trkpt><trkpt lat="47.541229" lon="-120.71019"><ele>500.74231</ele><time>2026-07-29T23:10:07.085Z</time></trkpt><trkpt lat="47.541348" lon="-120.709991"><ele>494.507263</ele><time>2026-07-29T23:10:14.087Z</time></trkpt><trkpt lat="47.541355" lon="-120.710266"><ele>491.211914</ele><time>2026-07-29T23:10:45.084Z</time></trkpt><trkpt lat="47.541466" lon="-120.710106"><ele>486.144775</ele><time>2026-07-29T23:11:01.084Z</time></trkpt><trkpt lat="47.54147" lon="-120.710388"><ele>480.196228</ele><time>2026-07-29T23:11:04.085Z</time></trkpt><trkpt lat="47.541492" lon="-120.710419"><ele>480.802917</ele><time>2026-07-29T23:11:16.085Z</time></trkpt><trkpt lat="47.541496" lon="-120.710327"><ele>479.340607</ele><time>2026-07-29T23:11:21.088Z</time></trkpt><trkpt lat="47.541714" lon="-120.7099"><ele>472.018982</ele><time>2026-07-29T23:11:24.088Z</time></trkpt><trkpt lat="47.541821" lon="-120.70974"><ele>469.293518</ele><time>2026-07-29T23:11:28.085Z</time></trkpt><trkpt lat="47.541912" lon="-120.709686"><ele>464.587769</ele><time>2026-07-29T23:11:31.086Z</time></trkpt><trkpt lat="47.541935" lon="-120.70974"><ele>465.454163</ele><time>2026-07-29T23:11:35.083Z</time></trkpt><trkpt lat="47.541859" lon="-120.709999"><ele>460.626251</ele><time>2026-07-29T23:11:38.086Z</time></trkpt><trkpt lat="47.541859" lon="-120.710251"><ele>458.303497</ele><time>2026-07-29T23:11:59.084Z</time></trkpt><trkpt lat="47.541836" lon="-120.710464"><ele>454.51059</ele><time>2026-07-29T23:12:04.088Z</time></trkpt><trkpt lat="47.541801" lon="-120.710571"><ele>455.024963</ele><time>2026-07-29T23:12:13.085Z</time></trkpt><trkpt lat="47.541626" lon="-120.710854"><ele>452.884521</ele><time>2026-07-29T23:12:35.085Z</time></trkpt><trkpt lat="47.541546" lon="-120.710938"><ele>451.107971</ele><time>2026-07-29T23:12:40.080Z</time></trkpt><trkpt lat="47.541519" lon="-120.711021"><ele>449.569427</ele><time>2026-07-29T23:12:52.084Z</time></trkpt><trkpt lat="47.54163" lon="-120.710945"><ele>446.723419</ele><time>2026-07-29T23:13:27.083Z</time></trkpt><trkpt lat="47.541813" lon="-120.710869"><ele>444.432251</ele><time>2026-07-29T23:13:48.087Z</time></trkpt><trkpt lat="47.542019" lon="-120.710693"><ele>436.987</ele><time>2026-07-29T23:13:53.084Z</time></trkpt><trkpt lat="47.542007" lon="-120.710815"><ele>435.054077</ele><time>2026-07-29T23:14:50.085Z</time></trkpt><trkpt lat="47.541985" lon="-120.710869"><ele>435.853607</ele><time>2026-07-29T23:15:33.086Z</time></trkpt><trkpt lat="47.541801" lon="-120.711098"><ele>434.091949</ele><time>2026-07-29T23:15:39.086Z</time></trkpt><trkpt lat="47.541622" lon="-120.711411"><ele>430.83847</ele><time>2026-07-29T23:16:55.085Z</time></trkpt><trkpt lat="47.54166" lon="-120.711517"><ele>428.359406</ele><time>2026-07-29T23:16:58.084Z</time></trkpt><trkpt lat="47.541721" lon="-120.71151"><ele>429.248322</ele><time>2026-07-29T23:17:24.087Z</time></trkpt><trkpt lat="47.542076" lon="-120.71125"><ele>423.241852</ele><time>2026-07-29T23:17:36.086Z</time></trkpt><trkpt lat="47.54224" lon="-120.711113"><ele>418.833374</ele><time>2026-07-29T23:18:01.089Z</time></trkpt><trkpt lat="47.542336" lon="-120.711006"><ele>418.688721</ele><time>2026-07-29T23:18:08.087Z</time></trkpt><trkpt lat="47.542934" lon="-120.710182"><ele>405.155731</ele><time>2026-07-29T23:18:44.089Z</time></trkpt><trkpt lat="47.543125" lon="-120.709854"><ele>403.098358</ele><time>2026-07-29T23:18:52.092Z</time></trkpt><trkpt lat="47.543217" lon="-120.709511"><ele>399.676331</ele><time>2026-07-29T23:19:06.087Z</time></trkpt><trkpt lat="47.543339" lon="-120.709259"><ele>396.92514</ele><time>2026-07-29T23:19:11.086Z</time></trkpt><trkpt lat="47.543369" lon="-120.709129"><ele>397.333282</ele><time>2026-07-29T23:19:16.085Z</time></trkpt><trkpt lat="47.543446" lon="-120.70903"><ele>398.567017</ele><time>2026-07-29T23:19:19.089Z</time></trkpt><trkpt lat="47.543644" lon="-120.7089"><ele>400.476624</ele><time>2026-07-29T23:19:24.087Z</time></trkpt><trkpt lat="47.54372" lon="-120.708893"><ele>399.256134</ele><time>2026-07-29T23:19:40.086Z</time></trkpt><trkpt lat="47.543755" lon="-120.708992"><ele>399.84906</ele><time>2026-07-29T23:19:44.086Z</time></trkpt><trkpt lat="47.543835" lon="-120.709106"><ele>402.874969</ele><time>2026-07-29T23:20:07.086Z</time></trkpt><trkpt lat="47.543869" lon="-120.709106"><ele>407.315277</ele><time>2026-07-29T23:20:12.087Z</time></trkpt><trkpt lat="47.543922" lon="-120.709198"><ele>401.846527</ele><time>2026-07-29T23:20:48.084Z</time></trkpt><trkpt lat="47.543919" lon="-120.709305"><ele>407.551727</ele><time>2026-07-29T23:20:51.087Z</time></trkpt><trkpt lat="47.543983" lon="-120.70932"><ele>409.660126</ele><time>2026-07-29T23:20:59.086Z</time></trkpt><trkpt lat="47.543999" lon="-120.709373"><ele>406.962799</ele><time>2026-07-29T23:21:18.084Z</time></trkpt><trkpt lat="47.544044" lon="-120.709671"><ele>412.492523</ele><time>2026-07-29T23:21:26.090Z</time></trkpt><trkpt lat="47.54414" lon="-120.709663"><ele>416.371063</ele><time>2026-07-29T23:21:31.083Z</time></trkpt><trkpt lat="47.544186" lon="-120.709679"><ele>414.404419</ele><time>2026-07-29T23:21:57.086Z</time></trkpt><trkpt lat="47.544277" lon="-120.709778"><ele>415.631653</ele><time>2026-07-29T23:22:11.085Z</time></trkpt><trkpt lat="47.544353" lon="-120.710037"><ele>416.313995</ele><time>2026-07-29T23:22:21.084Z</time></trkpt><trkpt lat="47.544376" lon="-120.71019"><ele>417.370911</ele><time>2026-07-29T23:22:35.082Z</time></trkpt></trkseg></trk></gpx>