<?xml version='1.0' encoding='UTF-8'?>
<gpx xmlns="http://www.topografix.com/GPX/1/1" xmlns:onx="http://www.onxmaps.com" xmlns:xsi="http://www.w3.org/2001/XMLSchema-instance" xsi:schemaLocation="http://www.topografix.com/GPX/1/1 http://www.topografix.com/GPX/1/1/gpx.xsd " version="1.1" creator="onXmaps backcountry ios">
	<trk>
		<name>Glacier Peak July 2026 — reconstructed</name>
		<desc>Missing descent from high camp to White Pass reconstructed by reversing the corresponding outbound track section; inserted timestamps interpolated within the original recording gap.</desc><extensions>
			<onx:style>dash</onx:style>
			<onx:weight>4.0</onx:weight>
			<onx:color>rgba(0, 255, 255, 1)</onx:color>
		</extensions>
		<trkseg>
			<trkpt lat="48.058529" lon="-121.287842">
				<ele>632.922913</ele>
				<time>2026-07-17T14:50:17Z</time>
			</trkpt>
			<trkpt lat="48.05854" lon="-121.287628">
				<ele>629.890259</ele>
				<time>2026-07-17T14:50:34Z</time>
			</trkpt>
			<trkpt lat="48.058491" lon="-121.287498">
				<ele>629.649841</ele>
				<time>2026-07-17T14:50:42Z</time>
			</trkpt>
			<trkpt lat="48.058422" lon="-121.287399">
				<ele>631.775085</ele>
				<time>2026-07-17T14:50:50Z</time>
			</trkpt>
			<trkpt lat="48.058395" lon="-121.287331">
				<ele>631.861572</ele>
				<time>2026-07-17T14:50:54Z</time>
			</trkpt>
			<trkpt lat="48.058365" lon="-121.287201">
				<ele>629.883972</ele>
				<time>2026-07-17T14:51:17Z</time>
			</trkpt>
			<trkpt lat="48.058407" lon="-121.287231">
				<ele>631.65686</ele>
				<time>2026-07-17T14:51:32Z</time>
			</trkpt>
			<trkpt lat="48.058376" lon="-121.287178">
				<ele>630.190002</ele>
				<time>2026-07-17T14:52:24Z</time>
			</trkpt>
			<trkpt lat="48.05827" lon="-121.287048">
				<ele>634.483032</ele>
				<time>2026-07-17T14:52:38Z</time>
			</trkpt>
			<trkpt lat="48.058239" lon="-121.286995">
				<ele>633.502014</ele>
				<time>2026-07-17T14:52:42Z</time>
			</trkpt>
			<trkpt lat="48.058205" lon="-121.286942">
				<ele>634.574463</ele>
				<time>2026-07-17T14:52:47Z</time>
			</trkpt>
			<trkpt lat="48.058167" lon="-121.28688">
				<ele>633.881531</ele>
				<time>2026-07-17T14:52:51Z</time>
			</trkpt>
			<trkpt lat="48.058136" lon="-121.286827">
				<ele>634.447144</ele>
				<time>2026-07-17T14:52:55Z</time>
			</trkpt>
			<trkpt lat="48.058067" lon="-121.286713">
				<ele>637.182617</ele>
				<time>2026-07-17T14:53:04Z</time>
			</trkpt>
			<trkpt lat="48.058044" lon="-121.286659">
				<ele>635.355347</ele>
				<time>2026-07-17T14:53:07Z</time>
			</trkpt>
			<trkpt lat="48.057976" lon="-121.286575">
				<ele>634.792297</ele>
				<time>2026-07-17T14:53:16Z</time>
			</trkpt>
			<trkpt lat="48.057888" lon="-121.286514">
				<ele>637.068848</ele>
				<time>2026-07-17T14:53:36Z</time>
			</trkpt>
			<trkpt lat="48.057819" lon="-121.286407">
				<ele>633.124512</ele>
				<time>2026-07-17T14:53:44Z</time>
			</trkpt>
			<trkpt lat="48.057766" lon="-121.286301">
				<ele>634.440613</ele>
				<time>2026-07-17T14:53:51Z</time>
			</trkpt>
			<trkpt lat="48.05751" lon="-121.285965">
				<ele>630.573425</ele>
				<time>2026-07-17T14:54:16Z</time>
			</trkpt>
			<trkpt lat="48.057396" lon="-121.285797">
				<ele>632.717834</ele>
				<time>2026-07-17T14:54:29Z</time>
			</trkpt>
			<trkpt lat="48.057316" lon="-121.285698">
				<ele>633.167969</ele>
				<time>2026-07-17T14:54:36Z</time>
			</trkpt>
			<trkpt lat="48.057293" lon="-121.285645">
				<ele>633.084106</ele>
				<time>2026-07-17T14:54:40Z</time>
			</trkpt>
			<trkpt lat="48.057274" lon="-121.285583">
				<ele>633.146301</ele>
				<time>2026-07-17T14:54:43Z</time>
			</trkpt>
			<trkpt lat="48.057255" lon="-121.285522">
				<ele>632.705139</ele>
				<time>2026-07-17T14:54:47Z</time>
			</trkpt>
			<trkpt lat="48.057217" lon="-121.285461">
				<ele>632.945618</ele>
				<time>2026-07-17T14:54:51Z</time>
			</trkpt>
			<trkpt lat="48.057186" lon="-121.285416">
				<ele>632.730591</ele>
				<time>2026-07-17T14:54:55Z</time>
			</trkpt>
			<trkpt lat="48.057152" lon="-121.285378">
				<ele>631.679443</ele>
				<time>2026-07-17T14:54:59Z</time>
			</trkpt>
			<trkpt lat="48.056915" lon="-121.285225">
				<ele>636.968689</ele>
				<time>2026-07-17T14:55:20Z</time>
			</trkpt>
			<trkpt lat="48.056828" lon="-121.285156">
				<ele>636.165222</ele>
				<time>2026-07-17T14:55:30Z</time>
			</trkpt>
			<trkpt lat="48.056782" lon="-121.285126">
				<ele>636.785095</ele>
				<time>2026-07-17T14:55:34Z</time>
			</trkpt>
			<trkpt lat="48.056602" lon="-121.285027">
				<ele>629.645325</ele>
				<time>2026-07-17T14:55:54Z</time>
			</trkpt>
			<trkpt lat="48.056522" lon="-121.284935">
				<ele>629.215698</ele>
				<time>2026-07-17T14:56:02Z</time>
			</trkpt>
			<trkpt lat="48.056427" lon="-121.284866">
				<ele>631.095581</ele>
				<time>2026-07-17T14:56:10Z</time>
			</trkpt>
			<trkpt lat="48.056393" lon="-121.284828">
				<ele>630.449097</ele>
				<time>2026-07-17T14:56:15Z</time>
			</trkpt>
			<trkpt lat="48.056343" lon="-121.284775">
				<ele>632.978882</ele>
				<time>2026-07-17T14:56:19Z</time>
			</trkpt>
			<trkpt lat="48.056278" lon="-121.284668">
				<ele>630.953979</ele>
				<time>2026-07-17T14:56:29Z</time>
			</trkpt>
			<trkpt lat="48.056244" lon="-121.284622">
				<ele>632.871033</ele>
				<time>2026-07-17T14:56:32Z</time>
			</trkpt>
			<trkpt lat="48.056236" lon="-121.284561">
				<ele>631.80249</ele>
				<time>2026-07-17T14:56:35Z</time>
			</trkpt>
			<trkpt lat="48.056206" lon="-121.284508">
				<ele>631.940979</ele>
				<time>2026-07-17T14:56:38Z</time>
			</trkpt>
			<trkpt lat="48.056183" lon="-121.284447">
				<ele>634.143372</ele>
				<time>2026-07-17T14:56:41Z</time>
			</trkpt>
			<trkpt lat="48.056156" lon="-121.284386">
				<ele>633.320251</ele>
				<time>2026-07-17T14:56:45Z</time>
			</trkpt>
			<trkpt lat="48.056103" lon="-121.284271">
				<ele>634.002441</ele>
				<time>2026-07-17T14:56:54Z</time>
			</trkpt>
			<trkpt lat="48.056091" lon="-121.284195">
				<ele>637.358032</ele>
				<time>2026-07-17T14:56:59Z</time>
			</trkpt>
			<trkpt lat="48.05608" lon="-121.284134">
				<ele>636.383057</ele>
				<time>2026-07-17T14:57:03Z</time>
			</trkpt>
			<trkpt lat="48.056057" lon="-121.284065">
				<ele>637.195435</ele>
				<time>2026-07-17T14:57:07Z</time>
			</trkpt>
			<trkpt lat="48.056019" lon="-121.284012">
				<ele>636.956238</ele>
				<time>2026-07-17T14:57:11Z</time>
			</trkpt>
			<trkpt lat="48.055946" lon="-121.283821">
				<ele>640.914063</ele>
				<time>2026-07-17T14:57:23Z</time>
			</trkpt>
			<trkpt lat="48.055885" lon="-121.28373">
				<ele>638.505188</ele>
				<time>2026-07-17T14:57:33Z</time>
			</trkpt>
			<trkpt lat="48.05587" lon="-121.283669">
				<ele>639.361511</ele>
				<time>2026-07-17T14:57:36Z</time>
			</trkpt>
			<trkpt lat="48.055801" lon="-121.283554">
				<ele>638.948486</ele>
				<time>2026-07-17T14:57:44Z</time>
			</trkpt>
			<trkpt lat="48.055782" lon="-121.283493">
				<ele>640.541504</ele>
				<time>2026-07-17T14:57:48Z</time>
			</trkpt>
			<trkpt lat="48.055767" lon="-121.283417">
				<ele>639.947998</ele>
				<time>2026-07-17T14:57:53Z</time>
			</trkpt>
			<trkpt lat="48.055748" lon="-121.283356">
				<ele>641.374756</ele>
				<time>2026-07-17T14:57:59Z</time>
			</trkpt>
			<trkpt lat="48.055676" lon="-121.283264">
				<ele>637.758728</ele>
				<time>2026-07-17T14:58:09Z</time>
			</trkpt>
			<trkpt lat="48.055592" lon="-121.283195">
				<ele>641.796936</ele>
				<time>2026-07-17T14:58:17Z</time>
			</trkpt>
			<trkpt lat="48.05555" lon="-121.283173">
				<ele>639.957092</ele>
				<time>2026-07-17T14:58:21Z</time>
			</trkpt>
			<trkpt lat="48.055496" lon="-121.283157">
				<ele>642.095032</ele>
				<time>2026-07-17T14:58:25Z</time>
			</trkpt>
			<trkpt lat="48.055405" lon="-121.283142">
				<ele>638.903137</ele>
				<time>2026-07-17T14:58:36Z</time>
			</trkpt>
			<trkpt lat="48.055355" lon="-121.283104">
				<ele>639.618225</ele>
				<time>2026-07-17T14:58:41Z</time>
			</trkpt>
			<trkpt lat="48.055267" lon="-121.283043">
				<ele>636.972595</ele>
				<time>2026-07-17T14:58:49Z</time>
			</trkpt>
			<trkpt lat="48.055126" lon="-121.282959">
				<ele>639.106323</ele>
				<time>2026-07-17T14:59:04Z</time>
			</trkpt>
			<trkpt lat="48.055054" lon="-121.28286">
				<ele>644.006958</ele>
				<time>2026-07-17T14:59:14Z</time>
			</trkpt>
			<trkpt lat="48.055023" lon="-121.282806">
				<ele>642.110046</ele>
				<time>2026-07-17T14:59:20Z</time>
			</trkpt>
			<trkpt lat="48.054985" lon="-121.282669">
				<ele>641.044678</ele>
				<time>2026-07-17T14:59:29Z</time>
			</trkpt>
			<trkpt lat="48.054962" lon="-121.282539">
				<ele>641.548279</ele>
				<time>2026-07-17T14:59:37Z</time>
			</trkpt>
			<trkpt lat="48.054966" lon="-121.282387">
				<ele>643.321716</ele>
				<time>2026-07-17T14:59:48Z</time>
			</trkpt>
			<trkpt lat="48.054962" lon="-121.282318">
				<ele>646.384827</ele>
				<time>2026-07-17T14:59:52Z</time>
			</trkpt>
			<trkpt lat="48.054955" lon="-121.282257">
				<ele>644.180908</ele>
				<time>2026-07-17T14:59:56Z</time>
			</trkpt>
			<trkpt lat="48.054935" lon="-121.282166">
				<ele>645.299377</ele>
				<time>2026-07-17T15:00:01Z</time>
			</trkpt>
			<trkpt lat="48.054924" lon="-121.28196">
				<ele>655.530273</ele>
				<time>2026-07-17T15:00:25Z</time>
			</trkpt>
			<trkpt lat="48.054909" lon="-121.281891">
				<ele>655.310364</ele>
				<time>2026-07-17T15:00:31Z</time>
			</trkpt>
			<trkpt lat="48.05489" lon="-121.28183">
				<ele>658.076904</ele>
				<time>2026-07-17T15:00:37Z</time>
			</trkpt>
			<trkpt lat="48.054756" lon="-121.281441">
				<ele>646.38324</ele>
				<time>2026-07-17T15:01:10Z</time>
			</trkpt>
			<trkpt lat="48.054703" lon="-121.281235">
				<ele>650.254272</ele>
				<time>2026-07-17T15:01:25Z</time>
			</trkpt>
			<trkpt lat="48.05468" lon="-121.281113">
				<ele>656.011963</ele>
				<time>2026-07-17T15:01:38Z</time>
			</trkpt>
			<trkpt lat="48.054626" lon="-121.280838">
				<ele>654.798218</ele>
				<time>2026-07-17T15:02:06Z</time>
			</trkpt>
			<trkpt lat="48.054607" lon="-121.280685">
				<ele>655.967407</ele>
				<time>2026-07-17T15:02:19Z</time>
			</trkpt>
			<trkpt lat="48.054581" lon="-121.280617">
				<ele>654.965637</ele>
				<time>2026-07-17T15:02:24Z</time>
			</trkpt>
			<trkpt lat="48.054569" lon="-121.280472">
				<ele>655.530884</ele>
				<time>2026-07-17T15:02:35Z</time>
			</trkpt>
			<trkpt lat="48.054531" lon="-121.280273">
				<ele>663.731628</ele>
				<time>2026-07-17T15:02:55Z</time>
			</trkpt>
			<trkpt lat="48.054512" lon="-121.280205">
				<ele>663.491516</ele>
				<time>2026-07-17T15:03:01Z</time>
			</trkpt>
			<trkpt lat="48.054497" lon="-121.280144">
				<ele>665.214905</ele>
				<time>2026-07-17T15:03:06Z</time>
			</trkpt>
			<trkpt lat="48.054482" lon="-121.27993">
				<ele>658.900818</ele>
				<time>2026-07-17T15:03:20Z</time>
			</trkpt>
			<trkpt lat="48.054447" lon="-121.27964">
				<ele>660.473816</ele>
				<time>2026-07-17T15:03:42Z</time>
			</trkpt>
			<trkpt lat="48.054428" lon="-121.279572">
				<ele>659.485657</ele>
				<time>2026-07-17T15:03:47Z</time>
			</trkpt>
			<trkpt lat="48.054436" lon="-121.279495">
				<ele>659.192078</ele>
				<time>2026-07-17T15:03:52Z</time>
			</trkpt>
			<trkpt lat="48.054428" lon="-121.279427">
				<ele>659.191101</ele>
				<time>2026-07-17T15:03:57Z</time>
			</trkpt>
			<trkpt lat="48.054424" lon="-121.279297">
				<ele>655.671204</ele>
				<time>2026-07-17T15:04:05Z</time>
			</trkpt>
			<trkpt lat="48.054424" lon="-121.279228">
				<ele>657.629395</ele>
				<time>2026-07-17T15:04:11Z</time>
			</trkpt>
			<trkpt lat="48.054409" lon="-121.279076">
				<ele>654.457703</ele>
				<time>2026-07-17T15:04:21Z</time>
			</trkpt>
			<trkpt lat="48.054428" lon="-121.279015">
				<ele>657.079041</ele>
				<time>2026-07-17T15:04:27Z</time>
			</trkpt>
			<trkpt lat="48.054428" lon="-121.278946">
				<ele>657.61261</ele>
				<time>2026-07-17T15:04:33Z</time>
			</trkpt>
			<trkpt lat="48.054436" lon="-121.27887">
				<ele>657.25708</ele>
				<time>2026-07-17T15:04:38Z</time>
			</trkpt>
			<trkpt lat="48.054459" lon="-121.278809">
				<ele>657.611572</ele>
				<time>2026-07-17T15:04:41Z</time>
			</trkpt>
			<trkpt lat="48.054478" lon="-121.27874">
				<ele>660.390076</ele>
				<time>2026-07-17T15:04:45Z</time>
			</trkpt>
			<trkpt lat="48.054489" lon="-121.27861">
				<ele>659.644714</ele>
				<time>2026-07-17T15:04:58Z</time>
			</trkpt>
			<trkpt lat="48.05447" lon="-121.278549">
				<ele>661.884277</ele>
				<time>2026-07-17T15:05:03Z</time>
			</trkpt>
			<trkpt lat="48.054482" lon="-121.278481">
				<ele>661.708984</ele>
				<time>2026-07-17T15:05:09Z</time>
			</trkpt>
			<trkpt lat="48.054512" lon="-121.278427">
				<ele>662.450317</ele>
				<time>2026-07-17T15:05:14Z</time>
			</trkpt>
			<trkpt lat="48.054512" lon="-121.278267">
				<ele>668.641541</ele>
				<time>2026-07-17T15:05:30Z</time>
			</trkpt>
			<trkpt lat="48.054527" lon="-121.278206">
				<ele>669.096313</ele>
				<time>2026-07-17T15:05:37Z</time>
			</trkpt>
			<trkpt lat="48.054523" lon="-121.277985">
				<ele>666.371033</ele>
				<time>2026-07-17T15:05:52Z</time>
			</trkpt>
			<trkpt lat="48.054523" lon="-121.277779">
				<ele>669.917114</ele>
				<time>2026-07-17T15:06:08Z</time>
			</trkpt>
			<trkpt lat="48.054573" lon="-121.277725">
				<ele>667.176758</ele>
				<time>2026-07-17T15:06:11Z</time>
			</trkpt>
			<trkpt lat="48.054554" lon="-121.277588">
				<ele>668.616333</ele>
				<time>2026-07-17T15:06:21Z</time>
			</trkpt>
			<trkpt lat="48.05455" lon="-121.277519">
				<ele>674.562622</ele>
				<time>2026-07-17T15:06:26Z</time>
			</trkpt>
			<trkpt lat="48.054539" lon="-121.277451">
				<ele>674.096558</ele>
				<time>2026-07-17T15:06:34Z</time>
			</trkpt>
			<trkpt lat="48.054531" lon="-121.277374">
				<ele>674.174438</ele>
				<time>2026-07-17T15:06:41Z</time>
			</trkpt>
			<trkpt lat="48.054501" lon="-121.277252">
				<ele>671.607422</ele>
				<time>2026-07-17T15:06:51Z</time>
			</trkpt>
			<trkpt lat="48.054459" lon="-121.277229">
				<ele>672.841614</ele>
				<time>2026-07-17T15:06:55Z</time>
			</trkpt>
			<trkpt lat="48.054375" lon="-121.277145">
				<ele>671.682922</ele>
				<time>2026-07-17T15:07:06Z</time>
			</trkpt>
			<trkpt lat="48.05434" lon="-121.277092">
				<ele>671.775818</ele>
				<time>2026-07-17T15:07:08Z</time>
			</trkpt>
			<trkpt lat="48.05434" lon="-121.277016">
				<ele>668.950806</ele>
				<time>2026-07-17T15:07:13Z</time>
			</trkpt>
			<trkpt lat="48.054371" lon="-121.276871">
				<ele>670.496094</ele>
				<time>2026-07-17T15:07:22Z</time>
			</trkpt>
			<trkpt lat="48.054352" lon="-121.276733">
				<ele>675.718689</ele>
				<time>2026-07-17T15:07:36Z</time>
			</trkpt>
			<trkpt lat="48.054356" lon="-121.276657">
				<ele>674.663452</ele>
				<time>2026-07-17T15:07:43Z</time>
			</trkpt>
			<trkpt lat="48.054356" lon="-121.276436">
				<ele>677.854614</ele>
				<time>2026-07-17T15:08:00Z</time>
			</trkpt>
			<trkpt lat="48.054344" lon="-121.276314">
				<ele>674.736023</ele>
				<time>2026-07-17T15:08:09Z</time>
			</trkpt>
			<trkpt lat="48.054337" lon="-121.276184">
				<ele>675.416382</ele>
				<time>2026-07-17T15:08:17Z</time>
			</trkpt>
			<trkpt lat="48.05431" lon="-121.276062">
				<ele>673.753174</ele>
				<time>2026-07-17T15:08:26Z</time>
			</trkpt>
			<trkpt lat="48.054295" lon="-121.275993">
				<ele>674.023865</ele>
				<time>2026-07-17T15:08:32Z</time>
			</trkpt>
			<trkpt lat="48.054249" lon="-121.275879">
				<ele>673.893616</ele>
				<time>2026-07-17T15:08:44Z</time>
			</trkpt>
			<trkpt lat="48.054241" lon="-121.27581">
				<ele>675.925842</ele>
				<time>2026-07-17T15:08:49Z</time>
			</trkpt>
			<trkpt lat="48.054237" lon="-121.275734">
				<ele>672.887573</ele>
				<time>2026-07-17T15:08:54Z</time>
			</trkpt>
			<trkpt lat="48.054245" lon="-121.275665">
				<ele>672.81604</ele>
				<time>2026-07-17T15:08:59Z</time>
			</trkpt>
			<trkpt lat="48.05426" lon="-121.275528">
				<ele>677.665161</ele>
				<time>2026-07-17T15:09:11Z</time>
			</trkpt>
			<trkpt lat="48.054359" lon="-121.275291">
				<ele>681.64679</ele>
				<time>2026-07-17T15:09:48Z</time>
			</trkpt>
			<trkpt lat="48.054314" lon="-121.275177">
				<ele>686.787964</ele>
				<time>2026-07-17T15:10:19Z</time>
			</trkpt>
			<trkpt lat="48.054291" lon="-121.275047">
				<ele>689.303894</ele>
				<time>2026-07-17T15:10:30Z</time>
			</trkpt>
			<trkpt lat="48.054291" lon="-121.274979">
				<ele>688.38678</ele>
				<time>2026-07-17T15:10:37Z</time>
			</trkpt>
			<trkpt lat="48.054199" lon="-121.274849">
				<ele>692.754333</ele>
				<time>2026-07-17T15:11:00Z</time>
			</trkpt>
			<trkpt lat="48.054138" lon="-121.274796">
				<ele>692.567322</ele>
				<time>2026-07-17T15:11:07Z</time>
			</trkpt>
			<trkpt lat="48.054119" lon="-121.274734">
				<ele>694.149536</ele>
				<time>2026-07-17T15:11:15Z</time>
			</trkpt>
			<trkpt lat="48.05407" lon="-121.274628">
				<ele>693.464233</ele>
				<time>2026-07-17T15:11:32Z</time>
			</trkpt>
			<trkpt lat="48.054031" lon="-121.274582">
				<ele>694.210266</ele>
				<time>2026-07-17T15:11:37Z</time>
			</trkpt>
			<trkpt lat="48.05397" lon="-121.274384">
				<ele>692.65155</ele>
				<time>2026-07-17T15:11:54Z</time>
			</trkpt>
			<trkpt lat="48.05394" lon="-121.27433">
				<ele>693.080688</ele>
				<time>2026-07-17T15:11:59Z</time>
			</trkpt>
			<trkpt lat="48.053898" lon="-121.274216">
				<ele>692.753601</ele>
				<time>2026-07-17T15:12:09Z</time>
			</trkpt>
			<trkpt lat="48.053856" lon="-121.274094">
				<ele>694.658386</ele>
				<time>2026-07-17T15:12:27Z</time>
			</trkpt>
			<trkpt lat="48.053844" lon="-121.274025">
				<ele>693.317932</ele>
				<time>2026-07-17T15:12:33Z</time>
			</trkpt>
			<trkpt lat="48.053825" lon="-121.273895">
				<ele>697.218506</ele>
				<time>2026-07-17T15:12:46Z</time>
			</trkpt>
			<trkpt lat="48.053818" lon="-121.27375">
				<ele>694.471619</ele>
				<time>2026-07-17T15:12:56Z</time>
			</trkpt>
			<trkpt lat="48.053802" lon="-121.273621">
				<ele>696.3125</ele>
				<time>2026-07-17T15:13:08Z</time>
			</trkpt>
			<trkpt lat="48.053802" lon="-121.273476">
				<ele>696.048889</ele>
				<time>2026-07-17T15:13:18Z</time>
			</trkpt>
			<trkpt lat="48.053867" lon="-121.273369">
				<ele>695.482178</ele>
				<time>2026-07-17T15:13:31Z</time>
			</trkpt>
			<trkpt lat="48.053883" lon="-121.273308">
				<ele>697.073425</ele>
				<time>2026-07-17T15:13:36Z</time>
			</trkpt>
			<trkpt lat="48.053886" lon="-121.273232">
				<ele>695.831726</ele>
				<time>2026-07-17T15:13:41Z</time>
			</trkpt>
			<trkpt lat="48.053856" lon="-121.273178">
				<ele>696.155579</ele>
				<time>2026-07-17T15:13:46Z</time>
			</trkpt>
			<trkpt lat="48.053837" lon="-121.273026">
				<ele>694.46936</ele>
				<time>2026-07-17T15:13:57Z</time>
			</trkpt>
			<trkpt lat="48.053829" lon="-121.272957">
				<ele>695.541199</ele>
				<time>2026-07-17T15:14:01Z</time>
			</trkpt>
			<trkpt lat="48.053844" lon="-121.272881">
				<ele>694.687073</ele>
				<time>2026-07-17T15:14:07Z</time>
			</trkpt>
			<trkpt lat="48.053852" lon="-121.272812">
				<ele>695.140747</ele>
				<time>2026-07-17T15:14:11Z</time>
			</trkpt>
			<trkpt lat="48.053856" lon="-121.272667">
				<ele>693.081909</ele>
				<time>2026-07-17T15:14:20Z</time>
			</trkpt>
			<trkpt lat="48.053917" lon="-121.272552">
				<ele>693.608215</ele>
				<time>2026-07-17T15:14:32Z</time>
			</trkpt>
			<trkpt lat="48.053974" lon="-121.27243">
				<ele>692.998108</ele>
				<time>2026-07-17T15:14:42Z</time>
			</trkpt>
			<trkpt lat="48.054062" lon="-121.272087">
				<ele>698.944275</ele>
				<time>2026-07-17T15:15:20Z</time>
			</trkpt>
			<trkpt lat="48.054089" lon="-121.272034">
				<ele>697.65155</ele>
				<time>2026-07-17T15:15:25Z</time>
			</trkpt>
			<trkpt lat="48.054119" lon="-121.271835">
				<ele>703.286804</ele>
				<time>2026-07-17T15:15:50Z</time>
			</trkpt>
			<trkpt lat="48.05415" lon="-121.271782">
				<ele>702.492859</ele>
				<time>2026-07-17T15:15:56Z</time>
			</trkpt>
			<trkpt lat="48.054115" lon="-121.271637">
				<ele>706.953125</ele>
				<time>2026-07-17T15:16:11Z</time>
			</trkpt>
			<trkpt lat="48.0541" lon="-121.271507">
				<ele>704.384949</ele>
				<time>2026-07-17T15:16:25Z</time>
			</trkpt>
			<trkpt lat="48.054073" lon="-121.271378">
				<ele>705.61969</ele>
				<time>2026-07-17T15:16:35Z</time>
			</trkpt>
			<trkpt lat="48.054062" lon="-121.271301">
				<ele>705.279053</ele>
				<time>2026-07-17T15:16:40Z</time>
			</trkpt>
			<trkpt lat="48.054043" lon="-121.27124">
				<ele>708.621399</ele>
				<time>2026-07-17T15:16:46Z</time>
			</trkpt>
			<trkpt lat="48.05397" lon="-121.271042">
				<ele>707.205933</ele>
				<time>2026-07-17T15:16:56Z</time>
			</trkpt>
			<trkpt lat="48.053944" lon="-121.270973">
				<ele>707.395691</ele>
				<time>2026-07-17T15:17:02Z</time>
			</trkpt>
			<trkpt lat="48.053902" lon="-121.270676">
				<ele>703.472046</ele>
				<time>2026-07-17T15:17:23Z</time>
			</trkpt>
			<trkpt lat="48.053879" lon="-121.270554">
				<ele>706.303772</ele>
				<time>2026-07-17T15:17:32Z</time>
			</trkpt>
			<trkpt lat="48.053806" lon="-121.270439">
				<ele>704.340332</ele>
				<time>2026-07-17T15:17:42Z</time>
			</trkpt>
			<trkpt lat="48.053764" lon="-121.270317">
				<ele>705.246704</ele>
				<time>2026-07-17T15:17:50Z</time>
			</trkpt>
			<trkpt lat="48.053734" lon="-121.270264">
				<ele>701.039001</ele>
				<time>2026-07-17T15:17:54Z</time>
			</trkpt>
			<trkpt lat="48.053631" lon="-121.270256">
				<ele>705.122864</ele>
				<time>2026-07-17T15:18:06Z</time>
			</trkpt>
			<trkpt lat="48.053463" lon="-121.270172">
				<ele>702.050537</ele>
				<time>2026-07-17T15:18:24Z</time>
			</trkpt>
			<trkpt lat="48.053299" lon="-121.270134">
				<ele>705.26239</ele>
				<time>2026-07-17T15:18:45Z</time>
			</trkpt>
			<trkpt lat="48.0532" lon="-121.269997">
				<ele>703.142944</ele>
				<time>2026-07-17T15:18:59Z</time>
			</trkpt>
			<trkpt lat="48.053146" lon="-121.269974">
				<ele>705.291138</ele>
				<time>2026-07-17T15:19:03Z</time>
			</trkpt>
			<trkpt lat="48.053104" lon="-121.269936">
				<ele>704.804443</ele>
				<time>2026-07-17T15:19:09Z</time>
			</trkpt>
			<trkpt lat="48.053066" lon="-121.269798">
				<ele>705.972229</ele>
				<time>2026-07-17T15:19:21Z</time>
			</trkpt>
			<trkpt lat="48.052979" lon="-121.26976">
				<ele>707.988586</ele>
				<time>2026-07-17T15:19:34Z</time>
			</trkpt>
			<trkpt lat="48.052952" lon="-121.269699">
				<ele>706.769409</ele>
				<time>2026-07-17T15:19:43Z</time>
			</trkpt>
			<trkpt lat="48.052921" lon="-121.269653">
				<ele>707.342773</ele>
				<time>2026-07-17T15:19:48Z</time>
			</trkpt>
			<trkpt lat="48.052887" lon="-121.269608">
				<ele>709.194885</ele>
				<time>2026-07-17T15:19:52Z</time>
			</trkpt>
			<trkpt lat="48.052826" lon="-121.269493">
				<ele>706.616821</ele>
				<time>2026-07-17T15:20:03Z</time>
			</trkpt>
			<trkpt lat="48.052803" lon="-121.269432">
				<ele>709.921753</ele>
				<time>2026-07-17T15:20:11Z</time>
			</trkpt>
			<trkpt lat="48.052834" lon="-121.269226">
				<ele>713.711609</ele>
				<time>2026-07-17T15:20:32Z</time>
			</trkpt>
			<trkpt lat="48.052925" lon="-121.269135">
				<ele>709.083557</ele>
				<time>2026-07-17T15:20:43Z</time>
			</trkpt>
			<trkpt lat="48.052948" lon="-121.269073">
				<ele>709.703552</ele>
				<time>2026-07-17T15:20:48Z</time>
			</trkpt>
			<trkpt lat="48.052944" lon="-121.268959">
				<ele>708.48822</ele>
				<time>2026-07-17T15:21:01Z</time>
			</trkpt>
			<trkpt lat="48.052914" lon="-121.269005">
				<ele>709.943542</ele>
				<time>2026-07-17T15:21:07Z</time>
			</trkpt>
			<trkpt lat="48.05286" lon="-121.269028">
				<ele>709.492859</ele>
				<time>2026-07-17T15:21:12Z</time>
			</trkpt>
			<trkpt lat="48.05286" lon="-121.268951">
				<ele>708.87262</ele>
				<time>2026-07-17T15:21:21Z</time>
			</trkpt>
			<trkpt lat="48.052734" lon="-121.268929">
				<ele>713.56012</ele>
				<time>2026-07-17T15:21:45Z</time>
			</trkpt>
			<trkpt lat="48.052677" lon="-121.268806">
				<ele>710.382874</ele>
				<time>2026-07-17T15:21:55Z</time>
			</trkpt>
			<trkpt lat="48.052643" lon="-121.268753">
				<ele>711.384583</ele>
				<time>2026-07-17T15:22:01Z</time>
			</trkpt>
			<trkpt lat="48.05257" lon="-121.268646">
				<ele>709.400146</ele>
				<time>2026-07-17T15:22:13Z</time>
			</trkpt>
			<trkpt lat="48.052547" lon="-121.268585">
				<ele>710.080444</ele>
				<time>2026-07-17T15:22:19Z</time>
			</trkpt>
			<trkpt lat="48.052547" lon="-121.268517">
				<ele>709.36499</ele>
				<time>2026-07-17T15:22:24Z</time>
			</trkpt>
			<trkpt lat="48.052536" lon="-121.268448">
				<ele>710.749878</ele>
				<time>2026-07-17T15:22:30Z</time>
			</trkpt>
			<trkpt lat="48.052544" lon="-121.268311">
				<ele>710.512207</ele>
				<time>2026-07-17T15:22:41Z</time>
			</trkpt>
			<trkpt lat="48.052536" lon="-121.268112">
				<ele>712.030029</ele>
				<time>2026-07-17T15:22:59Z</time>
			</trkpt>
			<trkpt lat="48.052486" lon="-121.267998">
				<ele>709.252991</ele>
				<time>2026-07-17T15:23:11Z</time>
			</trkpt>
			<trkpt lat="48.05246" lon="-121.267799">
				<ele>708.108643</ele>
				<time>2026-07-17T15:23:28Z</time>
			</trkpt>
			<trkpt lat="48.052464" lon="-121.267731">
				<ele>708.265869</ele>
				<time>2026-07-17T15:23:37Z</time>
			</trkpt>
			<trkpt lat="48.05246" lon="-121.267647">
				<ele>707.254822</ele>
				<time>2026-07-17T15:23:43Z</time>
			</trkpt>
			<trkpt lat="48.052284" lon="-121.267548">
				<ele>702.530457</ele>
				<time>2026-07-17T15:24:02Z</time>
			</trkpt>
			<trkpt lat="48.052242" lon="-121.267433">
				<ele>701.780334</ele>
				<time>2026-07-17T15:24:10Z</time>
			</trkpt>
			<trkpt lat="48.052151" lon="-121.267288">
				<ele>703.693176</ele>
				<time>2026-07-17T15:24:28Z</time>
			</trkpt>
			<trkpt lat="48.052097" lon="-121.267159">
				<ele>707.352356</ele>
				<time>2026-07-17T15:24:40Z</time>
			</trkpt>
			<trkpt lat="48.052082" lon="-121.26709">
				<ele>706.112793</ele>
				<time>2026-07-17T15:24:44Z</time>
			</trkpt>
			<trkpt lat="48.052052" lon="-121.267044">
				<ele>706.471985</ele>
				<time>2026-07-17T15:24:48Z</time>
			</trkpt>
			<trkpt lat="48.05204" lon="-121.266975">
				<ele>704.465027</ele>
				<time>2026-07-17T15:24:52Z</time>
			</trkpt>
			<trkpt lat="48.052032" lon="-121.266899">
				<ele>706.220642</ele>
				<time>2026-07-17T15:24:56Z</time>
			</trkpt>
			<trkpt lat="48.051991" lon="-121.266769">
				<ele>703.499878</ele>
				<time>2026-07-17T15:25:07Z</time>
			</trkpt>
			<trkpt lat="48.051952" lon="-121.266731">
				<ele>705.344971</ele>
				<time>2026-07-17T15:25:13Z</time>
			</trkpt>
			<trkpt lat="48.051933" lon="-121.266594">
				<ele>706.487915</ele>
				<time>2026-07-17T15:25:23Z</time>
			</trkpt>
			<trkpt lat="48.051933" lon="-121.26651">
				<ele>706.220886</ele>
				<time>2026-07-17T15:25:28Z</time>
			</trkpt>
			<trkpt lat="48.051949" lon="-121.266449">
				<ele>707.256653</ele>
				<time>2026-07-17T15:25:36Z</time>
			</trkpt>
			<trkpt lat="48.051941" lon="-121.26638">
				<ele>716.856262</ele>
				<time>2026-07-17T15:25:49Z</time>
			</trkpt>
			<trkpt lat="48.051926" lon="-121.266251">
				<ele>722.3125</ele>
				<time>2026-07-17T15:26:08Z</time>
			</trkpt>
			<trkpt lat="48.051926" lon="-121.26619">
				<ele>719.981812</ele>
				<time>2026-07-17T15:26:17Z</time>
			</trkpt>
			<trkpt lat="48.051888" lon="-121.266136">
				<ele>723.087219</ele>
				<time>2026-07-17T15:26:27Z</time>
			</trkpt>
			<trkpt lat="48.051865" lon="-121.265938">
				<ele>719.557373</ele>
				<time>2026-07-17T15:26:43Z</time>
			</trkpt>
			<trkpt lat="48.051838" lon="-121.265884">
				<ele>719.448547</ele>
				<time>2026-07-17T15:26:49Z</time>
			</trkpt>
			<trkpt lat="48.051792" lon="-121.265846">
				<ele>723.00061</ele>
				<time>2026-07-17T15:27:04Z</time>
			</trkpt>
			<trkpt lat="48.051708" lon="-121.2658">
				<ele>721.475891</ele>
				<time>2026-07-17T15:27:14Z</time>
			</trkpt>
			<trkpt lat="48.05162" lon="-121.26564">
				<ele>720.485657</ele>
				<time>2026-07-17T15:27:29Z</time>
			</trkpt>
			<trkpt lat="48.051575" lon="-121.265602">
				<ele>720.549316</ele>
				<time>2026-07-17T15:27:34Z</time>
			</trkpt>
			<trkpt lat="48.051537" lon="-121.265564">
				<ele>719.416077</ele>
				<time>2026-07-17T15:27:40Z</time>
			</trkpt>
			<trkpt lat="48.051441" lon="-121.265419">
				<ele>722.519226</ele>
				<time>2026-07-17T15:28:01Z</time>
			</trkpt>
			<trkpt lat="48.051384" lon="-121.265327">
				<ele>718.381714</ele>
				<time>2026-07-17T15:28:13Z</time>
			</trkpt>
			<trkpt lat="48.051357" lon="-121.265266">
				<ele>719.01416</ele>
				<time>2026-07-17T15:28:19Z</time>
			</trkpt>
			<trkpt lat="48.051319" lon="-121.265236">
				<ele>718.683777</ele>
				<time>2026-07-17T15:28:25Z</time>
			</trkpt>
			<trkpt lat="48.051273" lon="-121.26519">
				<ele>718.921204</ele>
				<time>2026-07-17T15:28:29Z</time>
			</trkpt>
			<trkpt lat="48.051178" lon="-121.264984">
				<ele>722.562866</ele>
				<time>2026-07-17T15:28:51Z</time>
			</trkpt>
			<trkpt lat="48.051163" lon="-121.264923">
				<ele>718.883301</ele>
				<time>2026-07-17T15:28:57Z</time>
			</trkpt>
			<trkpt lat="48.051125" lon="-121.2649">
				<ele>720.564819</ele>
				<time>2026-07-17T15:29:01Z</time>
			</trkpt>
			<trkpt lat="48.051109" lon="-121.264832">
				<ele>719.459473</ele>
				<time>2026-07-17T15:29:08Z</time>
			</trkpt>
			<trkpt lat="48.051117" lon="-121.264771">
				<ele>719.500427</ele>
				<time>2026-07-17T15:29:12Z</time>
			</trkpt>
			<trkpt lat="48.051094" lon="-121.264709">
				<ele>718.888306</ele>
				<time>2026-07-17T15:29:19Z</time>
			</trkpt>
			<trkpt lat="48.05106" lon="-121.264656">
				<ele>719.098572</ele>
				<time>2026-07-17T15:29:23Z</time>
			</trkpt>
			<trkpt lat="48.051033" lon="-121.264595">
				<ele>718.090881</ele>
				<time>2026-07-17T15:29:28Z</time>
			</trkpt>
			<trkpt lat="48.05093" lon="-121.264458">
				<ele>718.78363</ele>
				<time>2026-07-17T15:29:43Z</time>
			</trkpt>
			<trkpt lat="48.050896" lon="-121.264404">
				<ele>718.081482</ele>
				<time>2026-07-17T15:29:49Z</time>
			</trkpt>
			<trkpt lat="48.050823" lon="-121.264305">
				<ele>718.349243</ele>
				<time>2026-07-17T15:29:58Z</time>
			</trkpt>
			<trkpt lat="48.050804" lon="-121.264229">
				<ele>719.35321</ele>
				<time>2026-07-17T15:30:02Z</time>
			</trkpt>
			<trkpt lat="48.050831" lon="-121.26416">
				<ele>718.05011</ele>
				<time>2026-07-17T15:30:06Z</time>
			</trkpt>
			<trkpt lat="48.050804" lon="-121.264107">
				<ele>720.788879</ele>
				<time>2026-07-17T15:30:14Z</time>
			</trkpt>
			<trkpt lat="48.050762" lon="-121.264076">
				<ele>719.46051</ele>
				<time>2026-07-17T15:30:21Z</time>
			</trkpt>
			<trkpt lat="48.050724" lon="-121.264046">
				<ele>720.81604</ele>
				<time>2026-07-17T15:30:27Z</time>
			</trkpt>
			<trkpt lat="48.050629" lon="-121.263969">
				<ele>718.703186</ele>
				<time>2026-07-17T15:30:39Z</time>
			</trkpt>
			<trkpt lat="48.050579" lon="-121.263954">
				<ele>719.180359</ele>
				<time>2026-07-17T15:30:42Z</time>
			</trkpt>
			<trkpt lat="48.050545" lon="-121.263908">
				<ele>717.243774</ele>
				<time>2026-07-17T15:30:48Z</time>
			</trkpt>
			<trkpt lat="48.050503" lon="-121.263885">
				<ele>717.058838</ele>
				<time>2026-07-17T15:30:53Z</time>
			</trkpt>
			<trkpt lat="48.050426" lon="-121.263809">
				<ele>717.928467</ele>
				<time>2026-07-17T15:31:01Z</time>
			</trkpt>
			<trkpt lat="48.050327" lon="-121.263557">
				<ele>714.053894</ele>
				<time>2026-07-17T15:31:23Z</time>
			</trkpt>
			<trkpt lat="48.050274" lon="-121.263451">
				<ele>716.17395</ele>
				<time>2026-07-17T15:31:32Z</time>
			</trkpt>
			<trkpt lat="48.050243" lon="-121.263397">
				<ele>714.06189</ele>
				<time>2026-07-17T15:31:36Z</time>
			</trkpt>
			<trkpt lat="48.050217" lon="-121.263336">
				<ele>715.089233</ele>
				<time>2026-07-17T15:31:41Z</time>
			</trkpt>
			<trkpt lat="48.050186" lon="-121.263283">
				<ele>713.003235</ele>
				<time>2026-07-17T15:31:46Z</time>
			</trkpt>
			<trkpt lat="48.050133" lon="-121.263184">
				<ele>715.485718</ele>
				<time>2026-07-17T15:31:54Z</time>
			</trkpt>
			<trkpt lat="48.050106" lon="-121.26313">
				<ele>711.843384</ele>
				<time>2026-07-17T15:31:59Z</time>
			</trkpt>
			<trkpt lat="48.050068" lon="-121.263092">
				<ele>713.114258</ele>
				<time>2026-07-17T15:32:04Z</time>
			</trkpt>
			<trkpt lat="48.050049" lon="-121.263023">
				<ele>712.158813</ele>
				<time>2026-07-17T15:32:08Z</time>
			</trkpt>
			<trkpt lat="48.050018" lon="-121.262978">
				<ele>713.049622</ele>
				<time>2026-07-17T15:32:13Z</time>
			</trkpt>
			<trkpt lat="48.049995" lon="-121.262909">
				<ele>710.8573</ele>
				<time>2026-07-17T15:32:17Z</time>
			</trkpt>
			<trkpt lat="48.049942" lon="-121.262802">
				<ele>713.795105</ele>
				<time>2026-07-17T15:32:28Z</time>
			</trkpt>
			<trkpt lat="48.049866" lon="-121.262726">
				<ele>712.350159</ele>
				<time>2026-07-17T15:32:40Z</time>
			</trkpt>
			<trkpt lat="48.04982" lon="-121.262703">
				<ele>712.713562</ele>
				<time>2026-07-17T15:32:44Z</time>
			</trkpt>
			<trkpt lat="48.049728" lon="-121.262672">
				<ele>709.670227</ele>
				<time>2026-07-17T15:32:54Z</time>
			</trkpt>
			<trkpt lat="48.049686" lon="-121.262627">
				<ele>710.466614</ele>
				<time>2026-07-17T15:32:58Z</time>
			</trkpt>
			<trkpt lat="48.049667" lon="-121.262566">
				<ele>710.038818</ele>
				<time>2026-07-17T15:33:02Z</time>
			</trkpt>
			<trkpt lat="48.049664" lon="-121.262497">
				<ele>710.683105</ele>
				<time>2026-07-17T15:33:08Z</time>
			</trkpt>
			<trkpt lat="48.049652" lon="-121.262436">
				<ele>710.128662</ele>
				<time>2026-07-17T15:33:14Z</time>
			</trkpt>
			<trkpt lat="48.049545" lon="-121.262009">
				<ele>715.471985</ele>
				<time>2026-07-17T15:33:54Z</time>
			</trkpt>
			<trkpt lat="48.049561" lon="-121.261932">
				<ele>715.683655</ele>
				<time>2026-07-17T15:34:05Z</time>
			</trkpt>
			<trkpt lat="48.049541" lon="-121.261787">
				<ele>714.158997</ele>
				<time>2026-07-17T15:34:14Z</time>
			</trkpt>
			<trkpt lat="48.049522" lon="-121.261711">
				<ele>715.814331</ele>
				<time>2026-07-17T15:34:20Z</time>
			</trkpt>
			<trkpt lat="48.049503" lon="-121.261635">
				<ele>714.440247</ele>
				<time>2026-07-17T15:34:26Z</time>
			</trkpt>
			<trkpt lat="48.049488" lon="-121.261574">
				<ele>715.852234</ele>
				<time>2026-07-17T15:34:30Z</time>
			</trkpt>
			<trkpt lat="48.04945" lon="-121.261444">
				<ele>714.214844</ele>
				<time>2026-07-17T15:34:40Z</time>
			</trkpt>
			<trkpt lat="48.049419" lon="-121.261292">
				<ele>717.768982</ele>
				<time>2026-07-17T15:34:51Z</time>
			</trkpt>
			<trkpt lat="48.049416" lon="-121.26123">
				<ele>716.602539</ele>
				<time>2026-07-17T15:34:55Z</time>
			</trkpt>
			<trkpt lat="48.049389" lon="-121.261177">
				<ele>722.540527</ele>
				<time>2026-07-17T15:35:00Z</time>
			</trkpt>
			<trkpt lat="48.04937" lon="-121.261108">
				<ele>720.127991</ele>
				<time>2026-07-17T15:35:09Z</time>
			</trkpt>
			<trkpt lat="48.049366" lon="-121.261047">
				<ele>720.119141</ele>
				<time>2026-07-17T15:35:14Z</time>
			</trkpt>
			<trkpt lat="48.049339" lon="-121.260986">
				<ele>720.491211</ele>
				<time>2026-07-17T15:35:20Z</time>
			</trkpt>
			<trkpt lat="48.049309" lon="-121.260933">
				<ele>718.988403</ele>
				<time>2026-07-17T15:35:27Z</time>
			</trkpt>
			<trkpt lat="48.049278" lon="-121.260887">
				<ele>719.954224</ele>
				<time>2026-07-17T15:35:31Z</time>
			</trkpt>
			<trkpt lat="48.049206" lon="-121.260712">
				<ele>718.522766</ele>
				<time>2026-07-17T15:35:45Z</time>
			</trkpt>
			<trkpt lat="48.049194" lon="-121.260643">
				<ele>720.491638</ele>
				<time>2026-07-17T15:35:52Z</time>
			</trkpt>
			<trkpt lat="48.049179" lon="-121.260574">
				<ele>718.886047</ele>
				<time>2026-07-17T15:35:57Z</time>
			</trkpt>
			<trkpt lat="48.049179" lon="-121.260422">
				<ele>720.519653</ele>
				<time>2026-07-17T15:36:14Z</time>
			</trkpt>
			<trkpt lat="48.049156" lon="-121.260201">
				<ele>721.463684</ele>
				<time>2026-07-17T15:36:32Z</time>
			</trkpt>
			<trkpt lat="48.049156" lon="-121.260124">
				<ele>721.291016</ele>
				<time>2026-07-17T15:36:37Z</time>
			</trkpt>
			<trkpt lat="48.049122" lon="-121.259995">
				<ele>723.358765</ele>
				<time>2026-07-17T15:36:47Z</time>
			</trkpt>
			<trkpt lat="48.049091" lon="-121.259941">
				<ele>722.233215</ele>
				<time>2026-07-17T15:36:52Z</time>
			</trkpt>
			<trkpt lat="48.049065" lon="-121.25972">
				<ele>723.802979</ele>
				<time>2026-07-17T15:37:09Z</time>
			</trkpt>
			<trkpt lat="48.048996" lon="-121.259544">
				<ele>721.353577</ele>
				<time>2026-07-17T15:37:22Z</time>
			</trkpt>
			<trkpt lat="48.048965" lon="-121.259499">
				<ele>722.535767</ele>
				<time>2026-07-17T15:37:26Z</time>
			</trkpt>
			<trkpt lat="48.048943" lon="-121.259438">
				<ele>721.89093</ele>
				<time>2026-07-17T15:37:32Z</time>
			</trkpt>
			<trkpt lat="48.048908" lon="-121.259377">
				<ele>725.543396</ele>
				<time>2026-07-17T15:37:39Z</time>
			</trkpt>
			<trkpt lat="48.048828" lon="-121.259186">
				<ele>726.444641</ele>
				<time>2026-07-17T15:37:58Z</time>
			</trkpt>
			<trkpt lat="48.048809" lon="-121.259132">
				<ele>728.16217</ele>
				<time>2026-07-17T15:38:03Z</time>
			</trkpt>
			<trkpt lat="48.048805" lon="-121.259064">
				<ele>725.620789</ele>
				<time>2026-07-17T15:38:07Z</time>
			</trkpt>
			<trkpt lat="48.048779" lon="-121.258934">
				<ele>727.453003</ele>
				<time>2026-07-17T15:38:18Z</time>
			</trkpt>
			<trkpt lat="48.04871" lon="-121.258751">
				<ele>725.845337</ele>
				<time>2026-07-17T15:38:35Z</time>
			</trkpt>
			<trkpt lat="48.048695" lon="-121.25869">
				<ele>725.985718</ele>
				<time>2026-07-17T15:38:40Z</time>
			</trkpt>
			<trkpt lat="48.048656" lon="-121.258469">
				<ele>729.942749</ele>
				<time>2026-07-17T15:39:04Z</time>
			</trkpt>
			<trkpt lat="48.048641" lon="-121.2584">
				<ele>729.709229</ele>
				<time>2026-07-17T15:39:09Z</time>
			</trkpt>
			<trkpt lat="48.048618" lon="-121.258278">
				<ele>731.733765</ele>
				<time>2026-07-17T15:39:19Z</time>
			</trkpt>
			<trkpt lat="48.048588" lon="-121.258232">
				<ele>731.277466</ele>
				<time>2026-07-17T15:39:25Z</time>
			</trkpt>
			<trkpt lat="48.048584" lon="-121.258163">
				<ele>733.942749</ele>
				<time>2026-07-17T15:39:32Z</time>
			</trkpt>
			<trkpt lat="48.048603" lon="-121.258102">
				<ele>733.639648</ele>
				<time>2026-07-17T15:39:36Z</time>
			</trkpt>
			<trkpt lat="48.048565" lon="-121.257965">
				<ele>735.740295</ele>
				<time>2026-07-17T15:39:48Z</time>
			</trkpt>
			<trkpt lat="48.048538" lon="-121.25782">
				<ele>734.426697</ele>
				<time>2026-07-17T15:40:00Z</time>
			</trkpt>
			<trkpt lat="48.048466" lon="-121.257706">
				<ele>734.998779</ele>
				<time>2026-07-17T15:40:11Z</time>
			</trkpt>
			<trkpt lat="48.048347" lon="-121.257408">
				<ele>733.016541</ele>
				<time>2026-07-17T15:40:35Z</time>
			</trkpt>
			<trkpt lat="48.048286" lon="-121.257195">
				<ele>736.380676</ele>
				<time>2026-07-17T15:40:52Z</time>
			</trkpt>
			<trkpt lat="48.048286" lon="-121.257126">
				<ele>735.630005</ele>
				<time>2026-07-17T15:40:57Z</time>
			</trkpt>
			<trkpt lat="48.048275" lon="-121.256966">
				<ele>739.996094</ele>
				<time>2026-07-17T15:41:10Z</time>
			</trkpt>
			<trkpt lat="48.048256" lon="-121.256905">
				<ele>739.249939</ele>
				<time>2026-07-17T15:41:15Z</time>
			</trkpt>
			<trkpt lat="48.048256" lon="-121.256844">
				<ele>741.057373</ele>
				<time>2026-07-17T15:41:20Z</time>
			</trkpt>
			<trkpt lat="48.048237" lon="-121.256775">
				<ele>741.167847</ele>
				<time>2026-07-17T15:41:27Z</time>
			</trkpt>
			<trkpt lat="48.048061" lon="-121.256439">
				<ele>732.699951</ele>
				<time>2026-07-17T15:41:57Z</time>
			</trkpt>
			<trkpt lat="48.048031" lon="-121.256378">
				<ele>733.730469</ele>
				<time>2026-07-17T15:42:00Z</time>
			</trkpt>
			<trkpt lat="48.048008" lon="-121.256317">
				<ele>733.167603</ele>
				<time>2026-07-17T15:42:05Z</time>
			</trkpt>
			<trkpt lat="48.047981" lon="-121.256264">
				<ele>734.561829</ele>
				<time>2026-07-17T15:42:11Z</time>
			</trkpt>
			<trkpt lat="48.047974" lon="-121.256195">
				<ele>734.569458</ele>
				<time>2026-07-17T15:42:16Z</time>
			</trkpt>
			<trkpt lat="48.047955" lon="-121.256134">
				<ele>736.648804</ele>
				<time>2026-07-17T15:42:23Z</time>
			</trkpt>
			<trkpt lat="48.047939" lon="-121.256065">
				<ele>734.884155</ele>
				<time>2026-07-17T15:42:28Z</time>
			</trkpt>
			<trkpt lat="48.047909" lon="-121.25592">
				<ele>735.360413</ele>
				<time>2026-07-17T15:42:39Z</time>
			</trkpt>
			<trkpt lat="48.047913" lon="-121.255852">
				<ele>736.692078</ele>
				<time>2026-07-17T15:42:45Z</time>
			</trkpt>
			<trkpt lat="48.047901" lon="-121.255783">
				<ele>735.941223</ele>
				<time>2026-07-17T15:42:51Z</time>
			</trkpt>
			<trkpt lat="48.047894" lon="-121.255714">
				<ele>735.947449</ele>
				<time>2026-07-17T15:42:57Z</time>
			</trkpt>
			<trkpt lat="48.047886" lon="-121.255585">
				<ele>733.129578</ele>
				<time>2026-07-17T15:43:10Z</time>
			</trkpt>
			<trkpt lat="48.047859" lon="-121.255455">
				<ele>735.149109</ele>
				<time>2026-07-17T15:43:19Z</time>
			</trkpt>
			<trkpt lat="48.047825" lon="-121.255318">
				<ele>733.725159</ele>
				<time>2026-07-17T15:43:27Z</time>
			</trkpt>
			<trkpt lat="48.04781" lon="-121.255119">
				<ele>739.019958</ele>
				<time>2026-07-17T15:43:44Z</time>
			</trkpt>
			<trkpt lat="48.047684" lon="-121.255028">
				<ele>740.578918</ele>
				<time>2026-07-17T15:44:02Z</time>
			</trkpt>
			<trkpt lat="48.047638" lon="-121.25502">
				<ele>739.273743</ele>
				<time>2026-07-17T15:44:10Z</time>
			</trkpt>
			<trkpt lat="48.047581" lon="-121.25502">
				<ele>740.170471</ele>
				<time>2026-07-17T15:44:16Z</time>
			</trkpt>
			<trkpt lat="48.047501" lon="-121.25499">
				<ele>738.527405</ele>
				<time>2026-07-17T15:44:25Z</time>
			</trkpt>
			<trkpt lat="48.04747" lon="-121.254929">
				<ele>738.537781</ele>
				<time>2026-07-17T15:44:31Z</time>
			</trkpt>
			<trkpt lat="48.047421" lon="-121.254807">
				<ele>735.84552</ele>
				<time>2026-07-17T15:44:40Z</time>
			</trkpt>
			<trkpt lat="48.047405" lon="-121.254745">
				<ele>735.815491</ele>
				<time>2026-07-17T15:44:44Z</time>
			</trkpt>
			<trkpt lat="48.047382" lon="-121.254692">
				<ele>736.989807</ele>
				<time>2026-07-17T15:44:48Z</time>
			</trkpt>
			<trkpt lat="48.047375" lon="-121.254623">
				<ele>735.307312</ele>
				<time>2026-07-17T15:44:53Z</time>
			</trkpt>
			<trkpt lat="48.047352" lon="-121.254555">
				<ele>738.437866</ele>
				<time>2026-07-17T15:44:59Z</time>
			</trkpt>
			<trkpt lat="48.04734" lon="-121.254486">
				<ele>735.727478</ele>
				<time>2026-07-17T15:45:05Z</time>
			</trkpt>
			<trkpt lat="48.04731" lon="-121.25444">
				<ele>738.190186</ele>
				<time>2026-07-17T15:45:12Z</time>
			</trkpt>
			<trkpt lat="48.047295" lon="-121.254311">
				<ele>734.233765</ele>
				<time>2026-07-17T15:45:21Z</time>
			</trkpt>
			<trkpt lat="48.047287" lon="-121.254234">
				<ele>736.962585</ele>
				<time>2026-07-17T15:45:26Z</time>
			</trkpt>
			<trkpt lat="48.047291" lon="-121.254166">
				<ele>735.03302</ele>
				<time>2026-07-17T15:45:30Z</time>
			</trkpt>
			<trkpt lat="48.047306" lon="-121.254097">
				<ele>735.450317</ele>
				<time>2026-07-17T15:45:36Z</time>
			</trkpt>
			<trkpt lat="48.047314" lon="-121.253899">
				<ele>740.049133</ele>
				<time>2026-07-17T15:45:51Z</time>
			</trkpt>
			<trkpt lat="48.047348" lon="-121.253838">
				<ele>740.413818</ele>
				<time>2026-07-17T15:45:57Z</time>
			</trkpt>
			<trkpt lat="48.047371" lon="-121.253777">
				<ele>738.398926</ele>
				<time>2026-07-17T15:46:02Z</time>
			</trkpt>
			<trkpt lat="48.047398" lon="-121.253632">
				<ele>739.466309</ele>
				<time>2026-07-17T15:46:12Z</time>
			</trkpt>
			<trkpt lat="48.047405" lon="-121.253548">
				<ele>738.956238</ele>
				<time>2026-07-17T15:46:18Z</time>
			</trkpt>
			<trkpt lat="48.047379" lon="-121.25341">
				<ele>740.680969</ele>
				<time>2026-07-17T15:46:29Z</time>
			</trkpt>
			<trkpt lat="48.047359" lon="-121.253349">
				<ele>740.46759</ele>
				<time>2026-07-17T15:46:35Z</time>
			</trkpt>
			<trkpt lat="48.047337" lon="-121.253281">
				<ele>741.184998</ele>
				<time>2026-07-17T15:46:41Z</time>
			</trkpt>
			<trkpt lat="48.047329" lon="-121.25322">
				<ele>739.713196</ele>
				<time>2026-07-17T15:46:48Z</time>
			</trkpt>
			<trkpt lat="48.047298" lon="-121.253075">
				<ele>740.62384</ele>
				<time>2026-07-17T15:46:59Z</time>
			</trkpt>
			<trkpt lat="48.047249" lon="-121.252808">
				<ele>738.08252</ele>
				<time>2026-07-17T15:47:18Z</time>
			</trkpt>
			<trkpt lat="48.047249" lon="-121.252464">
				<ele>741.008423</ele>
				<time>2026-07-17T15:47:43Z</time>
			</trkpt>
			<trkpt lat="48.047249" lon="-121.252167">
				<ele>739.548706</ele>
				<time>2026-07-17T15:48:06Z</time>
			</trkpt>
			<trkpt lat="48.047241" lon="-121.252098">
				<ele>739.642395</ele>
				<time>2026-07-17T15:48:13Z</time>
			</trkpt>
			<trkpt lat="48.047218" lon="-121.252037">
				<ele>741.930664</ele>
				<time>2026-07-17T15:48:19Z</time>
			</trkpt>
			<trkpt lat="48.047188" lon="-121.251976">
				<ele>741.229492</ele>
				<time>2026-07-17T15:48:26Z</time>
			</trkpt>
			<trkpt lat="48.047081" lon="-121.251755">
				<ele>744.22583</ele>
				<time>2026-07-17T15:48:53Z</time>
			</trkpt>
			<trkpt lat="48.047043" lon="-121.251709">
				<ele>741.791443</ele>
				<time>2026-07-17T15:48:58Z</time>
			</trkpt>
			<trkpt lat="48.046959" lon="-121.251472">
				<ele>749.117554</ele>
				<time>2026-07-17T15:49:23Z</time>
			</trkpt>
			<trkpt lat="48.046917" lon="-121.251442">
				<ele>747.814087</ele>
				<time>2026-07-17T15:49:29Z</time>
			</trkpt>
			<trkpt lat="48.046875" lon="-121.251381">
				<ele>748.762695</ele>
				<time>2026-07-17T15:49:34Z</time>
			</trkpt>
			<trkpt lat="48.046837" lon="-121.251328">
				<ele>747.403687</ele>
				<time>2026-07-17T15:49:39Z</time>
			</trkpt>
			<trkpt lat="48.046795" lon="-121.251312">
				<ele>748.947998</ele>
				<time>2026-07-17T15:49:43Z</time>
			</trkpt>
			<trkpt lat="48.046757" lon="-121.251251">
				<ele>748.990784</ele>
				<time>2026-07-17T15:49:48Z</time>
			</trkpt>
			<trkpt lat="48.046745" lon="-121.25106">
				<ele>744.930725</ele>
				<time>2026-07-17T15:50:04Z</time>
			</trkpt>
			<trkpt lat="48.046749" lon="-121.250977">
				<ele>744.980225</ele>
				<time>2026-07-17T15:50:08Z</time>
			</trkpt>
			<trkpt lat="48.04673" lon="-121.250839">
				<ele>744.81842</ele>
				<time>2026-07-17T15:50:17Z</time>
			</trkpt>
			<trkpt lat="48.046719" lon="-121.250763">
				<ele>745.76593</ele>
				<time>2026-07-17T15:50:23Z</time>
			</trkpt>
			<trkpt lat="48.046707" lon="-121.250694">
				<ele>744.969666</ele>
				<time>2026-07-17T15:50:28Z</time>
			</trkpt>
			<trkpt lat="48.046684" lon="-121.250488">
				<ele>746.547546</ele>
				<time>2026-07-17T15:50:43Z</time>
			</trkpt>
			<trkpt lat="48.046638" lon="-121.250473">
				<ele>747.393127</ele>
				<time>2026-07-17T15:50:50Z</time>
			</trkpt>
			<trkpt lat="48.046703" lon="-121.250336">
				<ele>743.113708</ele>
				<time>2026-07-17T15:52:40Z</time>
			</trkpt>
			<trkpt lat="48.046661" lon="-121.250328">
				<ele>744.665466</ele>
				<time>2026-07-17T15:53:03Z</time>
			</trkpt>
			<trkpt lat="48.046669" lon="-121.250259">
				<ele>743.782959</ele>
				<time>2026-07-17T15:53:20Z</time>
			</trkpt>
			<trkpt lat="48.046719" lon="-121.25045">
				<ele>747.11438</ele>
				<time>2026-07-17T15:54:23Z</time>
			</trkpt>
			<trkpt lat="48.046619" lon="-121.25032">
				<ele>749.129089</ele>
				<time>2026-07-17T15:54:32Z</time>
			</trkpt>
			<trkpt lat="48.046684" lon="-121.250397">
				<ele>748.822693</ele>
				<time>2026-07-17T15:54:54Z</time>
			</trkpt>
			<trkpt lat="48.046593" lon="-121.250389">
				<ele>747.337524</ele>
				<time>2026-07-17T15:56:40Z</time>
			</trkpt>
			<trkpt lat="48.046684" lon="-121.250473">
				<ele>744.779114</ele>
				<time>2026-07-17T15:57:54Z</time>
			</trkpt>
			<trkpt lat="48.046684" lon="-121.25042">
				<ele>754.806519</ele>
				<time>2026-07-17T16:00:43Z</time>
			</trkpt>
			<trkpt lat="48.046616" lon="-121.250366">
				<ele>746.233826</ele>
				<time>2026-07-17T16:02:18Z</time>
			</trkpt>
			<trkpt lat="48.046581" lon="-121.250168">
				<ele>750.997925</ele>
				<time>2026-07-17T16:02:42Z</time>
			</trkpt>
			<trkpt lat="48.046547" lon="-121.250122">
				<ele>749.52832</ele>
				<time>2026-07-17T16:02:47Z</time>
			</trkpt>
			<trkpt lat="48.046528" lon="-121.249985">
				<ele>750.817444</ele>
				<time>2026-07-17T16:03:00Z</time>
			</trkpt>
			<trkpt lat="48.046501" lon="-121.249931">
				<ele>749.66156</ele>
				<time>2026-07-17T16:03:06Z</time>
			</trkpt>
			<trkpt lat="48.046421" lon="-121.249847">
				<ele>760.878418</ele>
				<time>2026-07-17T16:03:17Z</time>
			</trkpt>
			<trkpt lat="48.046398" lon="-121.24971">
				<ele>758.792542</ele>
				<time>2026-07-17T16:03:34Z</time>
			</trkpt>
			<trkpt lat="48.046398" lon="-121.249641">
				<ele>759.577332</ele>
				<time>2026-07-17T16:03:39Z</time>
			</trkpt>
			<trkpt lat="48.046288" lon="-121.249435">
				<ele>757.317017</ele>
				<time>2026-07-17T16:04:03Z</time>
			</trkpt>
			<trkpt lat="48.046257" lon="-121.249374">
				<ele>757.421082</ele>
				<time>2026-07-17T16:04:08Z</time>
			</trkpt>
			<trkpt lat="48.04623" lon="-121.249313">
				<ele>757.176025</ele>
				<time>2026-07-17T16:04:14Z</time>
			</trkpt>
			<trkpt lat="48.046188" lon="-121.249275">
				<ele>758.30603</ele>
				<time>2026-07-17T16:04:19Z</time>
			</trkpt>
			<trkpt lat="48.046165" lon="-121.249222">
				<ele>757.988464</ele>
				<time>2026-07-17T16:04:25Z</time>
			</trkpt>
			<trkpt lat="48.046097" lon="-121.249138">
				<ele>759.020081</ele>
				<time>2026-07-17T16:04:36Z</time>
			</trkpt>
			<trkpt lat="48.046024" lon="-121.249054">
				<ele>762.937744</ele>
				<time>2026-07-17T16:04:50Z</time>
			</trkpt>
			<trkpt lat="48.045994" lon="-121.249008">
				<ele>761.716125</ele>
				<time>2026-07-17T16:04:55Z</time>
			</trkpt>
			<trkpt lat="48.045975" lon="-121.248947">
				<ele>762.470398</ele>
				<time>2026-07-17T16:05:00Z</time>
			</trkpt>
			<trkpt lat="48.045967" lon="-121.248863">
				<ele>762.369629</ele>
				<time>2026-07-17T16:05:05Z</time>
			</trkpt>
			<trkpt lat="48.045944" lon="-121.248795">
				<ele>762.675415</ele>
				<time>2026-07-17T16:05:11Z</time>
			</trkpt>
			<trkpt lat="48.045937" lon="-121.248718">
				<ele>762.306885</ele>
				<time>2026-07-17T16:05:16Z</time>
			</trkpt>
			<trkpt lat="48.045898" lon="-121.248398">
				<ele>769.4245</ele>
				<time>2026-07-17T16:05:47Z</time>
			</trkpt>
			<trkpt lat="48.04594" lon="-121.248383">
				<ele>771.650024</ele>
				<time>2026-07-17T16:05:55Z</time>
			</trkpt>
			<trkpt lat="48.04599" lon="-121.24839">
				<ele>767.998901</ele>
				<time>2026-07-17T16:06:06Z</time>
			</trkpt>
			<trkpt lat="48.046112" lon="-121.248489">
				<ele>771.587463</ele>
				<time>2026-07-17T16:06:27Z</time>
			</trkpt>
			<trkpt lat="48.046085" lon="-121.24855">
				<ele>774.621155</ele>
				<time>2026-07-17T16:06:34Z</time>
			</trkpt>
			<trkpt lat="48.046097" lon="-121.248482">
				<ele>777.791809</ele>
				<time>2026-07-17T16:06:58Z</time>
			</trkpt>
			<trkpt lat="48.046101" lon="-121.248413">
				<ele>778.769348</ele>
				<time>2026-07-17T16:07:05Z</time>
			</trkpt>
			<trkpt lat="48.046078" lon="-121.248291">
				<ele>777.716675</ele>
				<time>2026-07-17T16:07:20Z</time>
			</trkpt>
			<trkpt lat="48.046043" lon="-121.248154">
				<ele>780.910461</ele>
				<time>2026-07-17T16:07:35Z</time>
			</trkpt>
			<trkpt lat="48.045986" lon="-121.247826">
				<ele>784.045959</ele>
				<time>2026-07-17T16:08:03Z</time>
			</trkpt>
			<trkpt lat="48.045929" lon="-121.247551">
				<ele>788.8125</ele>
				<time>2026-07-17T16:08:26Z</time>
			</trkpt>
			<trkpt lat="48.045929" lon="-121.247482">
				<ele>789.078918</ele>
				<time>2026-07-17T16:08:34Z</time>
			</trkpt>
			<trkpt lat="48.045925" lon="-121.247406">
				<ele>788.678772</ele>
				<time>2026-07-17T16:08:40Z</time>
			</trkpt>
			<trkpt lat="48.04591" lon="-121.247345">
				<ele>790.760254</ele>
				<time>2026-07-17T16:08:45Z</time>
			</trkpt>
			<trkpt lat="48.04591" lon="-121.247269">
				<ele>789.878845</ele>
				<time>2026-07-17T16:08:50Z</time>
			</trkpt>
			<trkpt lat="48.045891" lon="-121.247192">
				<ele>791.753723</ele>
				<time>2026-07-17T16:08:56Z</time>
			</trkpt>
			<trkpt lat="48.045891" lon="-121.247124">
				<ele>790.438843</ele>
				<time>2026-07-17T16:09:01Z</time>
			</trkpt>
			<trkpt lat="48.045864" lon="-121.246994">
				<ele>794.07489</ele>
				<time>2026-07-17T16:09:11Z</time>
			</trkpt>
			<trkpt lat="48.045849" lon="-121.246857">
				<ele>795.20575</ele>
				<time>2026-07-17T16:09:24Z</time>
			</trkpt>
			<trkpt lat="48.04583" lon="-121.246719">
				<ele>795.481262</ele>
				<time>2026-07-17T16:09:36Z</time>
			</trkpt>
			<trkpt lat="48.045799" lon="-121.246666">
				<ele>796.789978</ele>
				<time>2026-07-17T16:09:41Z</time>
			</trkpt>
			<trkpt lat="48.045773" lon="-121.246613">
				<ele>795.541687</ele>
				<time>2026-07-17T16:09:47Z</time>
			</trkpt>
			<trkpt lat="48.045742" lon="-121.246559">
				<ele>797.972168</ele>
				<time>2026-07-17T16:09:54Z</time>
			</trkpt>
			<trkpt lat="48.045681" lon="-121.246445">
				<ele>798.392334</ele>
				<time>2026-07-17T16:10:04Z</time>
			</trkpt>
			<trkpt lat="48.045624" lon="-121.246246">
				<ele>797.665833</ele>
				<time>2026-07-17T16:10:22Z</time>
			</trkpt>
			<trkpt lat="48.045586" lon="-121.246124">
				<ele>800.140015</ele>
				<time>2026-07-17T16:10:38Z</time>
			</trkpt>
			<trkpt lat="48.045551" lon="-121.245995">
				<ele>799.19342</ele>
				<time>2026-07-17T16:10:52Z</time>
			</trkpt>
			<trkpt lat="48.045517" lon="-121.245949">
				<ele>801.350525</ele>
				<time>2026-07-17T16:10:56Z</time>
			</trkpt>
			<trkpt lat="48.045494" lon="-121.245888">
				<ele>800.894714</ele>
				<time>2026-07-17T16:11:01Z</time>
			</trkpt>
			<trkpt lat="48.045471" lon="-121.245827">
				<ele>801.541687</ele>
				<time>2026-07-17T16:11:08Z</time>
			</trkpt>
			<trkpt lat="48.045452" lon="-121.245766">
				<ele>801.25354</ele>
				<time>2026-07-17T16:11:14Z</time>
			</trkpt>
			<trkpt lat="48.045425" lon="-121.245705">
				<ele>803.068054</ele>
				<time>2026-07-17T16:11:21Z</time>
			</trkpt>
			<trkpt lat="48.045406" lon="-121.245651">
				<ele>801.856445</ele>
				<time>2026-07-17T16:11:28Z</time>
			</trkpt>
			<trkpt lat="48.045387" lon="-121.24559">
				<ele>803.595154</ele>
				<time>2026-07-17T16:11:35Z</time>
			</trkpt>
			<trkpt lat="48.045383" lon="-121.245514">
				<ele>803.134888</ele>
				<time>2026-07-17T16:11:39Z</time>
			</trkpt>
			<trkpt lat="48.045269" lon="-121.2453">
				<ele>807.374878</ele>
				<time>2026-07-17T16:12:10Z</time>
			</trkpt>
			<trkpt lat="48.045254" lon="-121.245239">
				<ele>806.782776</ele>
				<time>2026-07-17T16:12:16Z</time>
			</trkpt>
			<trkpt lat="48.04517" lon="-121.245071">
				<ele>811.875549</ele>
				<time>2026-07-17T16:12:40Z</time>
			</trkpt>
			<trkpt lat="48.045124" lon="-121.244949">
				<ele>807.30481</ele>
				<time>2026-07-17T16:12:58Z</time>
			</trkpt>
			<trkpt lat="48.045055" lon="-121.24469">
				<ele>812.782959</ele>
				<time>2026-07-17T16:13:28Z</time>
			</trkpt>
			<trkpt lat="48.04504" lon="-121.244629">
				<ele>812.059937</ele>
				<time>2026-07-17T16:13:33Z</time>
			</trkpt>
			<trkpt lat="48.044964" lon="-121.244545">
				<ele>817.319275</ele>
				<time>2026-07-17T16:13:49Z</time>
			</trkpt>
			<trkpt lat="48.04493" lon="-121.244499">
				<ele>818.021729</ele>
				<time>2026-07-17T16:13:57Z</time>
			</trkpt>
			<trkpt lat="48.044907" lon="-121.244438">
				<ele>816.637085</ele>
				<time>2026-07-17T16:14:03Z</time>
			</trkpt>
			<trkpt lat="48.044811" lon="-121.244293">
				<ele>820.401001</ele>
				<time>2026-07-17T16:14:20Z</time>
			</trkpt>
			<trkpt lat="48.0448" lon="-121.244232">
				<ele>819.29126</ele>
				<time>2026-07-17T16:14:26Z</time>
			</trkpt>
			<trkpt lat="48.044754" lon="-121.24411">
				<ele>821.455505</ele>
				<time>2026-07-17T16:14:36Z</time>
			</trkpt>
			<trkpt lat="48.044727" lon="-121.244049">
				<ele>820.212036</ele>
				<time>2026-07-17T16:14:43Z</time>
			</trkpt>
			<trkpt lat="48.04472" lon="-121.24398">
				<ele>820.859863</ele>
				<time>2026-07-17T16:14:48Z</time>
			</trkpt>
			<trkpt lat="48.044712" lon="-121.243904">
				<ele>819.312988</ele>
				<time>2026-07-17T16:14:56Z</time>
			</trkpt>
			<trkpt lat="48.044571" lon="-121.24366">
				<ele>827.852783</ele>
				<time>2026-07-17T16:15:21Z</time>
			</trkpt>
			<trkpt lat="48.044533" lon="-121.243637">
				<ele>827.923645</ele>
				<time>2026-07-17T16:15:25Z</time>
			</trkpt>
			<trkpt lat="48.044495" lon="-121.243507">
				<ele>823.526428</ele>
				<time>2026-07-17T16:15:36Z</time>
			</trkpt>
			<trkpt lat="48.044472" lon="-121.243454">
				<ele>823.727478</ele>
				<time>2026-07-17T16:15:41Z</time>
			</trkpt>
			<trkpt lat="48.044384" lon="-121.243355">
				<ele>822.657043</ele>
				<time>2026-07-17T16:15:54Z</time>
			</trkpt>
			<trkpt lat="48.044201" lon="-121.243202">
				<ele>825.150513</ele>
				<time>2026-07-17T16:16:13Z</time>
			</trkpt>
			<trkpt lat="48.044174" lon="-121.243065">
				<ele>825.742371</ele>
				<time>2026-07-17T16:16:23Z</time>
			</trkpt>
			<trkpt lat="48.044163" lon="-121.243004">
				<ele>825.243652</ele>
				<time>2026-07-17T16:16:30Z</time>
			</trkpt>
			<trkpt lat="48.044155" lon="-121.242935">
				<ele>825.331848</ele>
				<time>2026-07-17T16:16:37Z</time>
			</trkpt>
			<trkpt lat="48.044151" lon="-121.242859">
				<ele>823.700806</ele>
				<time>2026-07-17T16:16:44Z</time>
			</trkpt>
			<trkpt lat="48.044136" lon="-121.242783">
				<ele>823.72699</ele>
				<time>2026-07-17T16:16:48Z</time>
			</trkpt>
			<trkpt lat="48.044121" lon="-121.242706">
				<ele>823.576782</ele>
				<time>2026-07-17T16:16:52Z</time>
			</trkpt>
			<trkpt lat="48.044117" lon="-121.24263">
				<ele>824.157776</ele>
				<time>2026-07-17T16:16:57Z</time>
			</trkpt>
			<trkpt lat="48.044113" lon="-121.242554">
				<ele>823.656738</ele>
				<time>2026-07-17T16:17:02Z</time>
			</trkpt>
			<trkpt lat="48.044174" lon="-121.24231">
				<ele>829.681885</ele>
				<time>2026-07-17T16:17:27Z</time>
			</trkpt>
			<trkpt lat="48.04427" lon="-121.242073">
				<ele>825.421143</ele>
				<time>2026-07-17T16:17:49Z</time>
			</trkpt>
			<trkpt lat="48.044285" lon="-121.242004">
				<ele>825.025146</ele>
				<time>2026-07-17T16:17:54Z</time>
			</trkpt>
			<trkpt lat="48.044277" lon="-121.241928">
				<ele>825.30719</ele>
				<time>2026-07-17T16:17:59Z</time>
			</trkpt>
			<trkpt lat="48.044281" lon="-121.241859">
				<ele>824.167542</ele>
				<time>2026-07-17T16:18:04Z</time>
			</trkpt>
			<trkpt lat="48.044277" lon="-121.241714">
				<ele>825.710999</ele>
				<time>2026-07-17T16:18:14Z</time>
			</trkpt>
			<trkpt lat="48.044285" lon="-121.241646">
				<ele>823.554138</ele>
				<time>2026-07-17T16:18:19Z</time>
			</trkpt>
			<trkpt lat="48.044304" lon="-121.241516">
				<ele>823.824036</ele>
				<time>2026-07-17T16:18:27Z</time>
			</trkpt>
			<trkpt lat="48.044281" lon="-121.241379">
				<ele>821.911621</ele>
				<time>2026-07-17T16:18:39Z</time>
			</trkpt>
			<trkpt lat="48.044376" lon="-121.241219">
				<ele>824.330139</ele>
				<time>2026-07-17T16:18:57Z</time>
			</trkpt>
			<trkpt lat="48.044407" lon="-121.241173">
				<ele>823.960938</ele>
				<time>2026-07-17T16:19:02Z</time>
			</trkpt>
			<trkpt lat="48.044498" lon="-121.241119">
				<ele>824.541077</ele>
				<time>2026-07-17T16:19:13Z</time>
			</trkpt>
			<trkpt lat="48.044609" lon="-121.241035">
				<ele>826.805847</ele>
				<time>2026-07-17T16:19:29Z</time>
			</trkpt>
			<trkpt lat="48.044636" lon="-121.24099">
				<ele>825.374084</ele>
				<time>2026-07-17T16:19:35Z</time>
			</trkpt>
			<trkpt lat="48.044617" lon="-121.240685">
				<ele>834.744995</ele>
				<time>2026-07-17T16:19:57Z</time>
			</trkpt>
			<trkpt lat="48.044598" lon="-121.240623">
				<ele>834.429443</ele>
				<time>2026-07-17T16:20:02Z</time>
			</trkpt>
			<trkpt lat="48.044613" lon="-121.240562">
				<ele>834.499756</ele>
				<time>2026-07-17T16:20:08Z</time>
			</trkpt>
			<trkpt lat="48.044617" lon="-121.240494">
				<ele>831.92688</ele>
				<time>2026-07-17T16:20:13Z</time>
			</trkpt>
			<trkpt lat="48.044579" lon="-121.240097">
				<ele>837.889282</ele>
				<time>2026-07-17T16:20:46Z</time>
			</trkpt>
			<trkpt lat="48.044567" lon="-121.240036">
				<ele>835.89502</ele>
				<time>2026-07-17T16:20:54Z</time>
			</trkpt>
			<trkpt lat="48.044563" lon="-121.239975">
				<ele>836.624146</ele>
				<time>2026-07-17T16:20:59Z</time>
			</trkpt>
			<trkpt lat="48.04451" lon="-121.239868">
				<ele>835.370972</ele>
				<time>2026-07-17T16:21:08Z</time>
			</trkpt>
			<trkpt lat="48.044453" lon="-121.239609">
				<ele>825.38623</ele>
				<time>2026-07-17T16:22:00Z</time>
			</trkpt>
			<trkpt lat="48.044437" lon="-121.239471">
				<ele>826.898804</ele>
				<time>2026-07-17T16:22:18Z</time>
			</trkpt>
			<trkpt lat="48.044418" lon="-121.23941">
				<ele>825.752686</ele>
				<time>2026-07-17T16:22:22Z</time>
			</trkpt>
			<trkpt lat="48.044395" lon="-121.239334">
				<ele>828.335571</ele>
				<time>2026-07-17T16:22:28Z</time>
			</trkpt>
			<trkpt lat="48.044365" lon="-121.239281">
				<ele>826.029053</ele>
				<time>2026-07-17T16:22:34Z</time>
			</trkpt>
			<trkpt lat="48.044312" lon="-121.239082">
				<ele>830.047546</ele>
				<time>2026-07-17T16:22:47Z</time>
			</trkpt>
			<trkpt lat="48.044312" lon="-121.239014">
				<ele>827.90686</ele>
				<time>2026-07-17T16:22:52Z</time>
			</trkpt>
			<trkpt lat="48.044292" lon="-121.238945">
				<ele>827.887695</ele>
				<time>2026-07-17T16:22:57Z</time>
			</trkpt>
			<trkpt lat="48.044285" lon="-121.238869">
				<ele>828.234741</ele>
				<time>2026-07-17T16:23:03Z</time>
			</trkpt>
			<trkpt lat="48.044281" lon="-121.238808">
				<ele>826.824951</ele>
				<time>2026-07-17T16:23:08Z</time>
			</trkpt>
			<trkpt lat="48.04427" lon="-121.23867">
				<ele>826.720459</ele>
				<time>2026-07-17T16:23:16Z</time>
			</trkpt>
			<trkpt lat="48.044277" lon="-121.23851">
				<ele>825.480957</ele>
				<time>2026-07-17T16:23:28Z</time>
			</trkpt>
			<trkpt lat="48.044273" lon="-121.238434">
				<ele>826.616516</ele>
				<time>2026-07-17T16:23:37Z</time>
			</trkpt>
			<trkpt lat="48.044289" lon="-121.238373">
				<ele>825.822449</ele>
				<time>2026-07-17T16:23:44Z</time>
			</trkpt>
			<trkpt lat="48.044292" lon="-121.238312">
				<ele>826.087219</ele>
				<time>2026-07-17T16:23:51Z</time>
			</trkpt>
			<trkpt lat="48.044319" lon="-121.238182">
				<ele>827.334595</ele>
				<time>2026-07-17T16:24:00Z</time>
			</trkpt>
			<trkpt lat="48.044399" lon="-121.238144">
				<ele>830.699524</ele>
				<time>2026-07-17T16:24:12Z</time>
			</trkpt>
			<trkpt lat="48.044376" lon="-121.237938">
				<ele>834.625183</ele>
				<time>2026-07-17T16:24:32Z</time>
			</trkpt>
			<trkpt lat="48.044334" lon="-121.237892">
				<ele>831.930054</ele>
				<time>2026-07-17T16:24:39Z</time>
			</trkpt>
			<trkpt lat="48.044239" lon="-121.237755">
				<ele>829.696716</ele>
				<time>2026-07-17T16:24:53Z</time>
			</trkpt>
			<trkpt lat="48.044209" lon="-121.237694">
				<ele>831.497375</ele>
				<time>2026-07-17T16:24:58Z</time>
			</trkpt>
			<trkpt lat="48.044205" lon="-121.237343">
				<ele>827.911743</ele>
				<time>2026-07-17T16:25:25Z</time>
			</trkpt>
			<trkpt lat="48.044228" lon="-121.237282">
				<ele>827.92218</ele>
				<time>2026-07-17T16:25:30Z</time>
			</trkpt>
			<trkpt lat="48.044209" lon="-121.237152">
				<ele>832.733032</ele>
				<time>2026-07-17T16:25:43Z</time>
			</trkpt>
			<trkpt lat="48.044174" lon="-121.237114">
				<ele>832.225952</ele>
				<time>2026-07-17T16:25:48Z</time>
			</trkpt>
			<trkpt lat="48.044136" lon="-121.236992">
				<ele>833.843201</ele>
				<time>2026-07-17T16:25:57Z</time>
			</trkpt>
			<trkpt lat="48.044117" lon="-121.236923">
				<ele>833.743408</ele>
				<time>2026-07-17T16:26:02Z</time>
			</trkpt>
			<trkpt lat="48.044117" lon="-121.236855">
				<ele>831.816589</ele>
				<time>2026-07-17T16:26:09Z</time>
			</trkpt>
			<trkpt lat="48.044182" lon="-121.236603">
				<ele>838.608337</ele>
				<time>2026-07-17T16:26:37Z</time>
			</trkpt>
			<trkpt lat="48.044193" lon="-121.236534">
				<ele>838.185181</ele>
				<time>2026-07-17T16:26:43Z</time>
			</trkpt>
			<trkpt lat="48.044209" lon="-121.236473">
				<ele>838.989929</ele>
				<time>2026-07-17T16:26:48Z</time>
			</trkpt>
			<trkpt lat="48.04422" lon="-121.236397">
				<ele>837.855103</ele>
				<time>2026-07-17T16:26:56Z</time>
			</trkpt>
			<trkpt lat="48.044197" lon="-121.236343">
				<ele>838.088928</ele>
				<time>2026-07-17T16:27:02Z</time>
			</trkpt>
			<trkpt lat="48.044205" lon="-121.236168">
				<ele>841.865417</ele>
				<time>2026-07-17T16:27:22Z</time>
			</trkpt>
			<trkpt lat="48.044247" lon="-121.236176">
				<ele>841.596985</ele>
				<time>2026-07-17T16:27:26Z</time>
			</trkpt>
			<trkpt lat="48.044273" lon="-121.236137">
				<ele>848.339783</ele>
				<time>2026-07-17T16:27:52Z</time>
			</trkpt>
			<trkpt lat="48.044262" lon="-121.236069">
				<ele>848.60083</ele>
				<time>2026-07-17T16:28:00Z</time>
			</trkpt>
			<trkpt lat="48.044235" lon="-121.236023">
				<ele>848.069214</ele>
				<time>2026-07-17T16:28:05Z</time>
			</trkpt>
			<trkpt lat="48.044167" lon="-121.235924">
				<ele>852.306458</ele>
				<time>2026-07-17T16:28:24Z</time>
			</trkpt>
			<trkpt lat="48.044197" lon="-121.235718">
				<ele>847.598938</ele>
				<time>2026-07-17T16:28:40Z</time>
			</trkpt>
			<trkpt lat="48.044189" lon="-121.235641">
				<ele>847.683105</ele>
				<time>2026-07-17T16:28:45Z</time>
			</trkpt>
			<trkpt lat="48.044205" lon="-121.235451">
				<ele>850.174927</ele>
				<time>2026-07-17T16:29:00Z</time>
			</trkpt>
			<trkpt lat="48.044174" lon="-121.235306">
				<ele>847.887756</ele>
				<time>2026-07-17T16:29:12Z</time>
			</trkpt>
			<trkpt lat="48.044151" lon="-121.235252">
				<ele>847.854187</ele>
				<time>2026-07-17T16:29:17Z</time>
			</trkpt>
			<trkpt lat="48.044132" lon="-121.235191">
				<ele>848.332214</ele>
				<time>2026-07-17T16:29:21Z</time>
			</trkpt>
			<trkpt lat="48.044079" lon="-121.234993">
				<ele>847.300293</ele>
				<time>2026-07-17T16:29:38Z</time>
			</trkpt>
			<trkpt lat="48.044025" lon="-121.234886">
				<ele>847.975586</ele>
				<time>2026-07-17T16:29:49Z</time>
			</trkpt>
			<trkpt lat="48.043976" lon="-121.234772">
				<ele>845.047302</ele>
				<time>2026-07-17T16:30:01Z</time>
			</trkpt>
			<trkpt lat="48.043934" lon="-121.234726">
				<ele>845.418884</ele>
				<time>2026-07-17T16:30:07Z</time>
			</trkpt>
			<trkpt lat="48.043903" lon="-121.234673">
				<ele>842.927246</ele>
				<time>2026-07-17T16:30:16Z</time>
			</trkpt>
			<trkpt lat="48.043812" lon="-121.234642">
				<ele>842.738342</ele>
				<time>2026-07-17T16:30:28Z</time>
			</trkpt>
			<trkpt lat="48.043762" lon="-121.234642">
				<ele>840.846741</ele>
				<time>2026-07-17T16:30:33Z</time>
			</trkpt>
			<trkpt lat="48.04372" lon="-121.23465">
				<ele>842.260437</ele>
				<time>2026-07-17T16:30:37Z</time>
			</trkpt>
			<trkpt lat="48.043674" lon="-121.234634">
				<ele>841.492065</ele>
				<time>2026-07-17T16:30:41Z</time>
			</trkpt>
			<trkpt lat="48.043575" lon="-121.234322">
				<ele>835.502075</ele>
				<time>2026-07-17T16:31:07Z</time>
			</trkpt>
			<trkpt lat="48.043552" lon="-121.234261">
				<ele>835.689209</ele>
				<time>2026-07-17T16:31:12Z</time>
			</trkpt>
			<trkpt lat="48.043537" lon="-121.234192">
				<ele>835.133484</ele>
				<time>2026-07-17T16:31:16Z</time>
			</trkpt>
			<trkpt lat="48.043526" lon="-121.234116">
				<ele>835.259033</ele>
				<time>2026-07-17T16:31:21Z</time>
			</trkpt>
			<trkpt lat="48.043507" lon="-121.234047">
				<ele>835.14624</ele>
				<time>2026-07-17T16:31:26Z</time>
			</trkpt>
			<trkpt lat="48.043507" lon="-121.233978">
				<ele>837.439392</ele>
				<time>2026-07-17T16:31:32Z</time>
			</trkpt>
			<trkpt lat="48.043461" lon="-121.233856">
				<ele>834.754761</ele>
				<time>2026-07-17T16:31:41Z</time>
			</trkpt>
			<trkpt lat="48.043396" lon="-121.23365">
				<ele>838.898071</ele>
				<time>2026-07-17T16:31:58Z</time>
			</trkpt>
			<trkpt lat="48.043404" lon="-121.233582">
				<ele>838.25177</ele>
				<time>2026-07-17T16:32:04Z</time>
			</trkpt>
			<trkpt lat="48.043369" lon="-121.233513">
				<ele>839.091125</ele>
				<time>2026-07-17T16:32:09Z</time>
			</trkpt>
			<trkpt lat="48.043289" lon="-121.23336">
				<ele>835.481323</ele>
				<time>2026-07-17T16:32:24Z</time>
			</trkpt>
			<trkpt lat="48.043262" lon="-121.233307">
				<ele>837.715942</ele>
				<time>2026-07-17T16:32:26Z</time>
			</trkpt>
			<trkpt lat="48.04324" lon="-121.233238">
				<ele>837.703674</ele>
				<time>2026-07-17T16:32:31Z</time>
			</trkpt>
			<trkpt lat="48.043205" lon="-121.233109">
				<ele>836.130981</ele>
				<time>2026-07-17T16:32:41Z</time>
			</trkpt>
			<trkpt lat="48.043186" lon="-121.233047">
				<ele>836.249817</ele>
				<time>2026-07-17T16:32:50Z</time>
			</trkpt>
			<trkpt lat="48.043179" lon="-121.232971">
				<ele>835.672302</ele>
				<time>2026-07-17T16:32:57Z</time>
			</trkpt>
			<trkpt lat="48.043148" lon="-121.232841">
				<ele>837.385498</ele>
				<time>2026-07-17T16:33:09Z</time>
			</trkpt>
			<trkpt lat="48.043144" lon="-121.232773">
				<ele>835.591736</ele>
				<time>2026-07-17T16:33:14Z</time>
			</trkpt>
			<trkpt lat="48.043118" lon="-121.232635">
				<ele>836.377563</ele>
				<time>2026-07-17T16:33:28Z</time>
			</trkpt>
			<trkpt lat="48.043091" lon="-121.232437">
				<ele>833.713379</ele>
				<time>2026-07-17T16:33:41Z</time>
			</trkpt>
			<trkpt lat="48.043091" lon="-121.232239">
				<ele>837.148804</ele>
				<time>2026-07-17T16:33:55Z</time>
			</trkpt>
			<trkpt lat="48.043034" lon="-121.23185">
				<ele>834.122864</ele>
				<time>2026-07-17T16:34:23Z</time>
			</trkpt>
			<trkpt lat="48.043102" lon="-121.23159">
				<ele>836.946716</ele>
				<time>2026-07-17T16:34:42Z</time>
			</trkpt>
			<trkpt lat="48.04319" lon="-121.231415">
				<ele>841.307129</ele>
				<time>2026-07-17T16:35:07Z</time>
			</trkpt>
			<trkpt lat="48.043232" lon="-121.231392">
				<ele>841.296692</ele>
				<time>2026-07-17T16:35:14Z</time>
			</trkpt>
			<trkpt lat="48.04327" lon="-121.231339">
				<ele>841.813782</ele>
				<time>2026-07-17T16:35:21Z</time>
			</trkpt>
			<trkpt lat="48.043297" lon="-121.231277">
				<ele>840.943115</ele>
				<time>2026-07-17T16:35:27Z</time>
			</trkpt>
			<trkpt lat="48.043434" lon="-121.231026">
				<ele>844.454407</ele>
				<time>2026-07-17T16:36:00Z</time>
			</trkpt>
			<trkpt lat="48.043472" lon="-121.23098">
				<ele>842.296753</ele>
				<time>2026-07-17T16:36:04Z</time>
			</trkpt>
			<trkpt lat="48.043598" lon="-121.230766">
				<ele>852.824524</ele>
				<time>2026-07-17T16:36:42Z</time>
			</trkpt>
			<trkpt lat="48.04361" lon="-121.230705">
				<ele>852.411499</ele>
				<time>2026-07-17T16:36:47Z</time>
			</trkpt>
			<trkpt lat="48.043724" lon="-121.230568">
				<ele>854.103638</ele>
				<time>2026-07-17T16:37:09Z</time>
			</trkpt>
			<trkpt lat="48.043762" lon="-121.230537">
				<ele>853.789978</ele>
				<time>2026-07-17T16:37:16Z</time>
			</trkpt>
			<trkpt lat="48.043819" lon="-121.230438">
				<ele>855.897949</ele>
				<time>2026-07-17T16:37:31Z</time>
			</trkpt>
			<trkpt lat="48.043877" lon="-121.230331">
				<ele>853.99176</ele>
				<time>2026-07-17T16:37:42Z</time>
			</trkpt>
			<trkpt lat="48.043941" lon="-121.230148">
				<ele>856.715271</ele>
				<time>2026-07-17T16:38:00Z</time>
			</trkpt>
			<trkpt lat="48.04398" lon="-121.230118">
				<ele>854.538696</ele>
				<time>2026-07-17T16:38:09Z</time>
			</trkpt>
			<trkpt lat="48.043983" lon="-121.230049">
				<ele>855.325684</ele>
				<time>2026-07-17T16:38:14Z</time>
			</trkpt>
			<trkpt lat="48.044014" lon="-121.229927">
				<ele>855.383057</ele>
				<time>2026-07-17T16:38:26Z</time>
			</trkpt>
			<trkpt lat="48.044044" lon="-121.229866">
				<ele>855.145142</ele>
				<time>2026-07-17T16:38:32Z</time>
			</trkpt>
			<trkpt lat="48.044086" lon="-121.229721">
				<ele>856.173706</ele>
				<time>2026-07-17T16:38:42Z</time>
			</trkpt>
			<trkpt lat="48.044106" lon="-121.22966">
				<ele>855.81311</ele>
				<time>2026-07-17T16:38:50Z</time>
			</trkpt>
			<trkpt lat="48.044083" lon="-121.229599">
				<ele>859.152344</ele>
				<time>2026-07-17T16:38:54Z</time>
			</trkpt>
			<trkpt lat="48.044067" lon="-121.229462">
				<ele>857.571472</ele>
				<time>2026-07-17T16:39:04Z</time>
			</trkpt>
			<trkpt lat="48.044048" lon="-121.229332">
				<ele>859.300903</ele>
				<time>2026-07-17T16:39:14Z</time>
			</trkpt>
			<trkpt lat="48.04401" lon="-121.229195">
				<ele>858.79425</ele>
				<time>2026-07-17T16:39:23Z</time>
			</trkpt>
			<trkpt lat="48.043995" lon="-121.229118">
				<ele>860.112366</ele>
				<time>2026-07-17T16:39:27Z</time>
			</trkpt>
			<trkpt lat="48.043991" lon="-121.229042">
				<ele>860.093384</ele>
				<time>2026-07-17T16:39:31Z</time>
			</trkpt>
			<trkpt lat="48.043995" lon="-121.228973">
				<ele>860.752197</ele>
				<time>2026-07-17T16:39:36Z</time>
			</trkpt>
			<trkpt lat="48.043983" lon="-121.228836">
				<ele>859.509949</ele>
				<time>2026-07-17T16:39:48Z</time>
			</trkpt>
			<trkpt lat="48.043964" lon="-121.228691">
				<ele>861.200134</ele>
				<time>2026-07-17T16:39:58Z</time>
			</trkpt>
			<trkpt lat="48.043972" lon="-121.228333">
				<ele>857.105469</ele>
				<time>2026-07-17T16:40:20Z</time>
			</trkpt>
			<trkpt lat="48.043976" lon="-121.228271">
				<ele>854.976135</ele>
				<time>2026-07-17T16:40:24Z</time>
			</trkpt>
			<trkpt lat="48.043983" lon="-121.228134">
				<ele>854.694092</ele>
				<time>2026-07-17T16:40:32Z</time>
			</trkpt>
			<trkpt lat="48.043995" lon="-121.228065">
				<ele>855.419373</ele>
				<time>2026-07-17T16:40:37Z</time>
			</trkpt>
			<trkpt lat="48.044022" lon="-121.228012">
				<ele>853.072693</ele>
				<time>2026-07-17T16:40:41Z</time>
			</trkpt>
			<trkpt lat="48.044033" lon="-121.227951">
				<ele>854.547607</ele>
				<time>2026-07-17T16:40:45Z</time>
			</trkpt>
			<trkpt lat="48.04401" lon="-121.22789">
				<ele>853.567444</ele>
				<time>2026-07-17T16:40:52Z</time>
			</trkpt>
			<trkpt lat="48.044003" lon="-121.227745">
				<ele>855.271179</ele>
				<time>2026-07-17T16:41:05Z</time>
			</trkpt>
			<trkpt lat="48.044006" lon="-121.227676">
				<ele>853.23468</ele>
				<time>2026-07-17T16:41:09Z</time>
			</trkpt>
			<trkpt lat="48.04401" lon="-121.227608">
				<ele>855.267273</ele>
				<time>2026-07-17T16:41:14Z</time>
			</trkpt>
			<trkpt lat="48.044003" lon="-121.22747">
				<ele>852.997925</ele>
				<time>2026-07-17T16:41:23Z</time>
			</trkpt>
			<trkpt lat="48.043995" lon="-121.227402">
				<ele>852.519775</ele>
				<time>2026-07-17T16:41:28Z</time>
			</trkpt>
			<trkpt lat="48.044003" lon="-121.227325">
				<ele>852.756165</ele>
				<time>2026-07-17T16:41:32Z</time>
			</trkpt>
			<trkpt lat="48.044022" lon="-121.227188">
				<ele>850.805176</ele>
				<time>2026-07-17T16:41:42Z</time>
			</trkpt>
			<trkpt lat="48.044041" lon="-121.227119">
				<ele>850.792786</ele>
				<time>2026-07-17T16:41:47Z</time>
			</trkpt>
			<trkpt lat="48.044052" lon="-121.227051">
				<ele>851.245117</ele>
				<time>2026-07-17T16:41:51Z</time>
			</trkpt>
			<trkpt lat="48.044067" lon="-121.226982">
				<ele>849.691895</ele>
				<time>2026-07-17T16:41:57Z</time>
			</trkpt>
			<trkpt lat="48.044052" lon="-121.226837">
				<ele>852.481018</ele>
				<time>2026-07-17T16:42:07Z</time>
			</trkpt>
			<trkpt lat="48.044064" lon="-121.2267">
				<ele>849.74823</ele>
				<time>2026-07-17T16:42:18Z</time>
			</trkpt>
			<trkpt lat="48.044056" lon="-121.226631">
				<ele>851.473511</ele>
				<time>2026-07-17T16:42:22Z</time>
			</trkpt>
			<trkpt lat="48.044033" lon="-121.226555">
				<ele>851.603638</ele>
				<time>2026-07-17T16:42:28Z</time>
			</trkpt>
			<trkpt lat="48.044044" lon="-121.226494">
				<ele>849.956604</ele>
				<time>2026-07-17T16:42:36Z</time>
			</trkpt>
			<trkpt lat="48.044018" lon="-121.226372">
				<ele>851.75415</ele>
				<time>2026-07-17T16:42:45Z</time>
			</trkpt>
			<trkpt lat="48.044025" lon="-121.226303">
				<ele>851.765015</ele>
				<time>2026-07-17T16:42:50Z</time>
			</trkpt>
			<trkpt lat="48.044022" lon="-121.226242">
				<ele>851.727417</ele>
				<time>2026-07-17T16:42:54Z</time>
			</trkpt>
			<trkpt lat="48.044006" lon="-121.226166">
				<ele>852.203857</ele>
				<time>2026-07-17T16:42:59Z</time>
			</trkpt>
			<trkpt lat="48.043987" lon="-121.226105">
				<ele>853.767578</ele>
				<time>2026-07-17T16:43:04Z</time>
			</trkpt>
			<trkpt lat="48.04398" lon="-121.226028">
				<ele>851.988953</ele>
				<time>2026-07-17T16:43:10Z</time>
			</trkpt>
			<trkpt lat="48.043961" lon="-121.225952">
				<ele>852.140442</ele>
				<time>2026-07-17T16:43:15Z</time>
			</trkpt>
			<trkpt lat="48.043957" lon="-121.225876">
				<ele>851.936646</ele>
				<time>2026-07-17T16:43:20Z</time>
			</trkpt>
			<trkpt lat="48.043968" lon="-121.225807">
				<ele>849.613831</ele>
				<time>2026-07-17T16:43:26Z</time>
			</trkpt>
			<trkpt lat="48.043968" lon="-121.225739">
				<ele>849.57843</ele>
				<time>2026-07-17T16:43:33Z</time>
			</trkpt>
			<trkpt lat="48.04398" lon="-121.225662">
				<ele>850.004578</ele>
				<time>2026-07-17T16:43:41Z</time>
			</trkpt>
			<trkpt lat="48.043968" lon="-121.225586">
				<ele>849.057434</ele>
				<time>2026-07-17T16:43:47Z</time>
			</trkpt>
			<trkpt lat="48.043945" lon="-121.225525">
				<ele>852.352905</ele>
				<time>2026-07-17T16:43:56Z</time>
			</trkpt>
			<trkpt lat="48.043938" lon="-121.225456">
				<ele>851.967407</ele>
				<time>2026-07-17T16:44:00Z</time>
			</trkpt>
			<trkpt lat="48.043919" lon="-121.225311">
				<ele>854.778076</ele>
				<time>2026-07-17T16:44:15Z</time>
			</trkpt>
			<trkpt lat="48.04393" lon="-121.225235">
				<ele>853.660706</ele>
				<time>2026-07-17T16:44:20Z</time>
			</trkpt>
			<trkpt lat="48.043938" lon="-121.225166">
				<ele>854.934143</ele>
				<time>2026-07-17T16:44:25Z</time>
			</trkpt>
			<trkpt lat="48.043972" lon="-121.225037">
				<ele>852.251221</ele>
				<time>2026-07-17T16:44:33Z</time>
			</trkpt>
			<trkpt lat="48.043976" lon="-121.22496">
				<ele>854.724548</ele>
				<time>2026-07-17T16:44:38Z</time>
			</trkpt>
			<trkpt lat="48.043976" lon="-121.224884">
				<ele>853.544739</ele>
				<time>2026-07-17T16:44:43Z</time>
			</trkpt>
			<trkpt lat="48.043964" lon="-121.224823">
				<ele>854.037415</ele>
				<time>2026-07-17T16:44:49Z</time>
			</trkpt>
			<trkpt lat="48.04398" lon="-121.224754">
				<ele>853.311401</ele>
				<time>2026-07-17T16:44:53Z</time>
			</trkpt>
			<trkpt lat="48.043964" lon="-121.224686">
				<ele>853.505554</ele>
				<time>2026-07-17T16:44:56Z</time>
			</trkpt>
			<trkpt lat="48.04401" lon="-121.224495">
				<ele>858.171814</ele>
				<time>2026-07-17T16:45:12Z</time>
			</trkpt>
			<trkpt lat="48.044025" lon="-121.224304">
				<ele>860.127075</ele>
				<time>2026-07-17T16:45:27Z</time>
			</trkpt>
			<trkpt lat="48.044041" lon="-121.224236">
				<ele>863.185242</ele>
				<time>2026-07-17T16:45:35Z</time>
			</trkpt>
			<trkpt lat="48.043991" lon="-121.223747">
				<ele>856.076782</ele>
				<time>2026-07-17T16:46:16Z</time>
			</trkpt>
			<trkpt lat="48.043968" lon="-121.223618">
				<ele>859.59375</ele>
				<time>2026-07-17T16:46:28Z</time>
			</trkpt>
			<trkpt lat="48.044018" lon="-121.223495">
				<ele>858.147522</ele>
				<time>2026-07-17T16:46:36Z</time>
			</trkpt>
			<trkpt lat="48.043983" lon="-121.22345">
				<ele>858.362488</ele>
				<time>2026-07-17T16:46:45Z</time>
			</trkpt>
			<trkpt lat="48.043961" lon="-121.22332">
				<ele>855.648132</ele>
				<time>2026-07-17T16:46:59Z</time>
			</trkpt>
			<trkpt lat="48.043915" lon="-121.223206">
				<ele>858.452271</ele>
				<time>2026-07-17T16:47:07Z</time>
			</trkpt>
			<trkpt lat="48.043926" lon="-121.223145">
				<ele>856.647522</ele>
				<time>2026-07-17T16:47:11Z</time>
			</trkpt>
			<trkpt lat="48.043961" lon="-121.22303">
				<ele>857.70697</ele>
				<time>2026-07-17T16:47:24Z</time>
			</trkpt>
			<trkpt lat="48.043919" lon="-121.222839">
				<ele>855.221436</ele>
				<time>2026-07-17T16:47:38Z</time>
			</trkpt>
			<trkpt lat="48.043911" lon="-121.222771">
				<ele>856.050537</ele>
				<time>2026-07-17T16:47:43Z</time>
			</trkpt>
			<trkpt lat="48.043907" lon="-121.222694">
				<ele>854.813782</ele>
				<time>2026-07-17T16:47:50Z</time>
			</trkpt>
			<trkpt lat="48.043846" lon="-121.222572">
				<ele>857.151001</ele>
				<time>2026-07-17T16:48:05Z</time>
			</trkpt>
			<trkpt lat="48.043854" lon="-121.222366">
				<ele>852.798584</ele>
				<time>2026-07-17T16:48:20Z</time>
			</trkpt>
			<trkpt lat="48.043842" lon="-121.222298">
				<ele>852.744202</ele>
				<time>2026-07-17T16:48:24Z</time>
			</trkpt>
			<trkpt lat="48.043823" lon="-121.222229">
				<ele>853.699219</ele>
				<time>2026-07-17T16:48:29Z</time>
			</trkpt>
			<trkpt lat="48.043816" lon="-121.222084">
				<ele>851.845154</ele>
				<time>2026-07-17T16:48:42Z</time>
			</trkpt>
			<trkpt lat="48.043774" lon="-121.22197">
				<ele>852.359985</ele>
				<time>2026-07-17T16:48:52Z</time>
			</trkpt>
			<trkpt lat="48.043758" lon="-121.221893">
				<ele>854.742371</ele>
				<time>2026-07-17T16:48:58Z</time>
			</trkpt>
			<trkpt lat="48.043766" lon="-121.221756">
				<ele>851.602417</ele>
				<time>2026-07-17T16:49:09Z</time>
			</trkpt>
			<trkpt lat="48.043785" lon="-121.221626">
				<ele>854.859619</ele>
				<time>2026-07-17T16:49:21Z</time>
			</trkpt>
			<trkpt lat="48.043827" lon="-121.221581">
				<ele>854.71106</ele>
				<time>2026-07-17T16:49:28Z</time>
			</trkpt>
			<trkpt lat="48.043873" lon="-121.221458">
				<ele>855.947754</ele>
				<time>2026-07-17T16:49:46Z</time>
			</trkpt>
			<trkpt lat="48.04385" lon="-121.221405">
				<ele>858.711121</ele>
				<time>2026-07-17T16:49:52Z</time>
			</trkpt>
			<trkpt lat="48.04385" lon="-121.221336">
				<ele>858.918152</ele>
				<time>2026-07-17T16:49:57Z</time>
			</trkpt>
			<trkpt lat="48.043854" lon="-121.221268">
				<ele>858.575195</ele>
				<time>2026-07-17T16:50:03Z</time>
			</trkpt>
			<trkpt lat="48.04388" lon="-121.221184">
				<ele>860.19696</ele>
				<time>2026-07-17T16:50:09Z</time>
			</trkpt>
			<trkpt lat="48.043919" lon="-121.221146">
				<ele>859.791626</ele>
				<time>2026-07-17T16:50:17Z</time>
			</trkpt>
			<trkpt lat="48.043922" lon="-121.220871">
				<ele>865.895996</ele>
				<time>2026-07-17T16:50:49Z</time>
			</trkpt>
			<trkpt lat="48.043854" lon="-121.220612">
				<ele>860.456482</ele>
				<time>2026-07-17T16:51:10Z</time>
			</trkpt>
			<trkpt lat="48.043842" lon="-121.22049">
				<ele>861.352417</ele>
				<time>2026-07-17T16:51:20Z</time>
			</trkpt>
			<trkpt lat="48.043823" lon="-121.220428">
				<ele>860.336792</ele>
				<time>2026-07-17T16:51:25Z</time>
			</trkpt>
			<trkpt lat="48.043739" lon="-121.220177">
				<ele>854.900818</ele>
				<time>2026-07-17T16:51:49Z</time>
			</trkpt>
			<trkpt lat="48.043736" lon="-121.2201">
				<ele>854.564331</ele>
				<time>2026-07-17T16:51:55Z</time>
			</trkpt>
			<trkpt lat="48.043716" lon="-121.219971">
				<ele>858.272644</ele>
				<time>2026-07-17T16:52:10Z</time>
			</trkpt>
			<trkpt lat="48.043674" lon="-121.219765">
				<ele>857.322205</ele>
				<time>2026-07-17T16:52:25Z</time>
			</trkpt>
			<trkpt lat="48.043686" lon="-121.21962">
				<ele>855.978271</ele>
				<time>2026-07-17T16:52:36Z</time>
			</trkpt>
			<trkpt lat="48.043671" lon="-121.219482">
				<ele>855.851501</ele>
				<time>2026-07-17T16:52:47Z</time>
			</trkpt>
			<trkpt lat="48.043633" lon="-121.219353">
				<ele>852.779968</ele>
				<time>2026-07-17T16:52:56Z</time>
			</trkpt>
			<trkpt lat="48.043644" lon="-121.219284">
				<ele>853.707886</ele>
				<time>2026-07-17T16:53:02Z</time>
			</trkpt>
			<trkpt lat="48.043659" lon="-121.219215">
				<ele>852.159546</ele>
				<time>2026-07-17T16:53:06Z</time>
			</trkpt>
			<trkpt lat="48.043678" lon="-121.219078">
				<ele>855.548889</ele>
				<time>2026-07-17T16:53:20Z</time>
			</trkpt>
			<trkpt lat="48.043659" lon="-121.219017">
				<ele>855.533081</ele>
				<time>2026-07-17T16:53:26Z</time>
			</trkpt>
			<trkpt lat="48.043652" lon="-121.218948">
				<ele>855.564575</ele>
				<time>2026-07-17T16:53:33Z</time>
			</trkpt>
			<trkpt lat="48.043621" lon="-121.218826">
				<ele>858.231506</ele>
				<time>2026-07-17T16:53:47Z</time>
			</trkpt>
			<trkpt lat="48.043629" lon="-121.21875">
				<ele>858.2099</ele>
				<time>2026-07-17T16:53:53Z</time>
			</trkpt>
			<trkpt lat="48.043648" lon="-121.218689">
				<ele>858.77533</ele>
				<time>2026-07-17T16:53:59Z</time>
			</trkpt>
			<trkpt lat="48.043549" lon="-121.218384">
				<ele>853.976929</ele>
				<time>2026-07-17T16:54:26Z</time>
			</trkpt>
			<trkpt lat="48.043514" lon="-121.218239">
				<ele>856.898315</ele>
				<time>2026-07-17T16:54:38Z</time>
			</trkpt>
			<trkpt lat="48.043438" lon="-121.217987">
				<ele>853.947571</ele>
				<time>2026-07-17T16:55:02Z</time>
			</trkpt>
			<trkpt lat="48.043404" lon="-121.217918">
				<ele>854.571472</ele>
				<time>2026-07-17T16:55:08Z</time>
			</trkpt>
			<trkpt lat="48.043385" lon="-121.217857">
				<ele>854.567993</ele>
				<time>2026-07-17T16:55:14Z</time>
			</trkpt>
			<trkpt lat="48.043396" lon="-121.217789">
				<ele>854.249817</ele>
				<time>2026-07-17T16:55:18Z</time>
			</trkpt>
			<trkpt lat="48.043415" lon="-121.217636">
				<ele>856.793152</ele>
				<time>2026-07-17T16:55:31Z</time>
			</trkpt>
			<trkpt lat="48.043423" lon="-121.217499">
				<ele>856.19519</ele>
				<time>2026-07-17T16:55:42Z</time>
			</trkpt>
			<trkpt lat="48.043434" lon="-121.217354">
				<ele>858.436096</ele>
				<time>2026-07-17T16:55:58Z</time>
			</trkpt>
			<trkpt lat="48.043381" lon="-121.217247">
				<ele>856.396118</ele>
				<time>2026-07-17T16:56:09Z</time>
			</trkpt>
			<trkpt lat="48.043373" lon="-121.21711">
				<ele>859.243225</ele>
				<time>2026-07-17T16:56:20Z</time>
			</trkpt>
			<trkpt lat="48.043365" lon="-121.217049">
				<ele>859.590088</ele>
				<time>2026-07-17T16:56:25Z</time>
			</trkpt>
			<trkpt lat="48.04335" lon="-121.216988">
				<ele>858.975769</ele>
				<time>2026-07-17T16:56:30Z</time>
			</trkpt>
			<trkpt lat="48.04335" lon="-121.216843">
				<ele>860.652466</ele>
				<time>2026-07-17T16:56:41Z</time>
			</trkpt>
			<trkpt lat="48.043331" lon="-121.216782">
				<ele>859.771118</ele>
				<time>2026-07-17T16:56:47Z</time>
			</trkpt>
			<trkpt lat="48.043293" lon="-121.216644">
				<ele>860.456909</ele>
				<time>2026-07-17T16:56:58Z</time>
			</trkpt>
			<trkpt lat="48.043289" lon="-121.216576">
				<ele>859.288025</ele>
				<time>2026-07-17T16:57:04Z</time>
			</trkpt>
			<trkpt lat="48.043289" lon="-121.216507">
				<ele>861.210388</ele>
				<time>2026-07-17T16:57:08Z</time>
			</trkpt>
			<trkpt lat="48.043274" lon="-121.216438">
				<ele>860.170593</ele>
				<time>2026-07-17T16:57:12Z</time>
			</trkpt>
			<trkpt lat="48.043255" lon="-121.216377">
				<ele>861.973083</ele>
				<time>2026-07-17T16:57:15Z</time>
			</trkpt>
			<trkpt lat="48.043179" lon="-121.216209">
				<ele>858.246216</ele>
				<time>2026-07-17T16:57:31Z</time>
			</trkpt>
			<trkpt lat="48.043137" lon="-121.216179">
				<ele>858.407532</ele>
				<time>2026-07-17T16:57:37Z</time>
			</trkpt>
			<trkpt lat="48.043102" lon="-121.216133">
				<ele>857.683533</ele>
				<time>2026-07-17T16:57:41Z</time>
			</trkpt>
			<trkpt lat="48.043079" lon="-121.216064">
				<ele>858.67804</ele>
				<time>2026-07-17T16:57:46Z</time>
			</trkpt>
			<trkpt lat="48.04303" lon="-121.216064">
				<ele>858.994873</ele>
				<time>2026-07-17T16:57:53Z</time>
			</trkpt>
			<trkpt lat="48.04298" lon="-121.216087">
				<ele>858.088806</ele>
				<time>2026-07-17T16:57:58Z</time>
			</trkpt>
			<trkpt lat="48.042889" lon="-121.21611">
				<ele>859.160034</ele>
				<time>2026-07-17T16:58:08Z</time>
			</trkpt>
			<trkpt lat="48.042801" lon="-121.21608">
				<ele>855.505066</ele>
				<time>2026-07-17T16:58:17Z</time>
			</trkpt>
			<trkpt lat="48.042759" lon="-121.216087">
				<ele>856.026367</ele>
				<time>2026-07-17T16:58:23Z</time>
			</trkpt>
			<trkpt lat="48.042595" lon="-121.215988">
				<ele>853.857788</ele>
				<time>2026-07-17T16:58:41Z</time>
			</trkpt>
			<trkpt lat="48.042522" lon="-121.215897">
				<ele>856.151367</ele>
				<time>2026-07-17T16:58:55Z</time>
			</trkpt>
			<trkpt lat="48.042484" lon="-121.215858">
				<ele>855.335571</ele>
				<time>2026-07-17T16:59:01Z</time>
			</trkpt>
			<trkpt lat="48.042442" lon="-121.215836">
				<ele>855.849182</ele>
				<time>2026-07-17T16:59:07Z</time>
			</trkpt>
			<trkpt lat="48.042416" lon="-121.215767">
				<ele>854.629089</ele>
				<time>2026-07-17T16:59:16Z</time>
			</trkpt>
			<trkpt lat="48.0424" lon="-121.21563">
				<ele>855.966736</ele>
				<time>2026-07-17T16:59:26Z</time>
			</trkpt>
			<trkpt lat="48.042412" lon="-121.215492">
				<ele>855.120117</ele>
				<time>2026-07-17T16:59:35Z</time>
			</trkpt>
			<trkpt lat="48.042412" lon="-121.215416">
				<ele>855.481995</ele>
				<time>2026-07-17T16:59:40Z</time>
			</trkpt>
			<trkpt lat="48.042454" lon="-121.215096">
				<ele>859.547913</ele>
				<time>2026-07-17T17:00:07Z</time>
			</trkpt>
			<trkpt lat="48.042492" lon="-121.215057">
				<ele>859.118042</ele>
				<time>2026-07-17T17:00:15Z</time>
			</trkpt>
			<trkpt lat="48.0425" lon="-121.214989">
				<ele>859.253601</ele>
				<time>2026-07-17T17:00:21Z</time>
			</trkpt>
			<trkpt lat="48.042393" lon="-121.214851">
				<ele>861.364197</ele>
				<time>2026-07-17T17:00:42Z</time>
			</trkpt>
			<trkpt lat="48.042339" lon="-121.214737">
				<ele>858.349731</ele>
				<time>2026-07-17T17:00:52Z</time>
			</trkpt>
			<trkpt lat="48.04232" lon="-121.214661">
				<ele>858.521606</ele>
				<time>2026-07-17T17:00:58Z</time>
			</trkpt>
			<trkpt lat="48.04232" lon="-121.214584">
				<ele>857.969604</ele>
				<time>2026-07-17T17:01:04Z</time>
			</trkpt>
			<trkpt lat="48.042282" lon="-121.214539">
				<ele>860.114685</ele>
				<time>2026-07-17T17:01:09Z</time>
			</trkpt>
			<trkpt lat="48.042267" lon="-121.21447">
				<ele>859.859619</ele>
				<time>2026-07-17T17:01:15Z</time>
			</trkpt>
			<trkpt lat="48.042229" lon="-121.214424">
				<ele>859.995972</ele>
				<time>2026-07-17T17:01:21Z</time>
			</trkpt>
			<trkpt lat="48.042171" lon="-121.214325">
				<ele>858.969788</ele>
				<time>2026-07-17T17:01:34Z</time>
			</trkpt>
			<trkpt lat="48.042179" lon="-121.214104">
				<ele>859.594421</ele>
				<time>2026-07-17T17:02:08Z</time>
			</trkpt>
			<trkpt lat="48.042114" lon="-121.213989">
				<ele>858.602905</ele>
				<time>2026-07-17T17:03:04Z</time>
			</trkpt>
			<trkpt lat="48.042049" lon="-121.213905">
				<ele>862.603638</ele>
				<time>2026-07-17T17:03:20Z</time>
			</trkpt>
			<trkpt lat="48.042042" lon="-121.213837">
				<ele>861.600159</ele>
				<time>2026-07-17T17:03:30Z</time>
			</trkpt>
			<trkpt lat="48.041954" lon="-121.213585">
				<ele>867.456238</ele>
				<time>2026-07-17T17:03:52Z</time>
			</trkpt>
			<trkpt lat="48.041958" lon="-121.213509">
				<ele>866.490662</ele>
				<time>2026-07-17T17:04:00Z</time>
			</trkpt>
			<trkpt lat="48.041946" lon="-121.21344">
				<ele>866.620117</ele>
				<time>2026-07-17T17:04:04Z</time>
			</trkpt>
			<trkpt lat="48.041931" lon="-121.21331">
				<ele>866.24762</ele>
				<time>2026-07-17T17:04:13Z</time>
			</trkpt>
			<trkpt lat="48.041908" lon="-121.213173">
				<ele>868.164246</ele>
				<time>2026-07-17T17:04:26Z</time>
			</trkpt>
			<trkpt lat="48.041904" lon="-121.213097">
				<ele>866.291138</ele>
				<time>2026-07-17T17:04:35Z</time>
			</trkpt>
			<trkpt lat="48.041851" lon="-121.21299">
				<ele>867.421021</ele>
				<time>2026-07-17T17:04:43Z</time>
			</trkpt>
			<trkpt lat="48.04184" lon="-121.212929">
				<ele>866.554688</ele>
				<time>2026-07-17T17:04:48Z</time>
			</trkpt>
			<trkpt lat="48.041786" lon="-121.212776">
				<ele>868.346069</ele>
				<time>2026-07-17T17:04:58Z</time>
			</trkpt>
			<trkpt lat="48.04174" lon="-121.212524">
				<ele>866.513428</ele>
				<time>2026-07-17T17:05:16Z</time>
			</trkpt>
			<trkpt lat="48.041718" lon="-121.212448">
				<ele>867.59906</ele>
				<time>2026-07-17T17:05:20Z</time>
			</trkpt>
			<trkpt lat="48.041714" lon="-121.212318">
				<ele>866.662354</ele>
				<time>2026-07-17T17:05:30Z</time>
			</trkpt>
			<trkpt lat="48.041698" lon="-121.21225">
				<ele>867.773499</ele>
				<time>2026-07-17T17:05:35Z</time>
			</trkpt>
			<trkpt lat="48.04166" lon="-121.212128">
				<ele>866.358337</ele>
				<time>2026-07-17T17:05:44Z</time>
			</trkpt>
			<trkpt lat="48.041641" lon="-121.212067">
				<ele>867.303528</ele>
				<time>2026-07-17T17:05:49Z</time>
			</trkpt>
			<trkpt lat="48.041573" lon="-121.21196">
				<ele>865.232056</ele>
				<time>2026-07-17T17:06:00Z</time>
			</trkpt>
			<trkpt lat="48.041462" lon="-121.211739">
				<ele>867.43573</ele>
				<time>2026-07-17T17:06:19Z</time>
			</trkpt>
			<trkpt lat="48.041424" lon="-121.2117">
				<ele>867.267639</ele>
				<time>2026-07-17T17:06:24Z</time>
			</trkpt>
			<trkpt lat="48.041374" lon="-121.211678">
				<ele>868.813232</ele>
				<time>2026-07-17T17:06:30Z</time>
			</trkpt>
			<trkpt lat="48.041256" lon="-121.211441">
				<ele>865.862976</ele>
				<time>2026-07-17T17:06:50Z</time>
			</trkpt>
			<trkpt lat="48.04118" lon="-121.211258">
				<ele>869.111023</ele>
				<time>2026-07-17T17:07:09Z</time>
			</trkpt>
			<trkpt lat="48.041157" lon="-121.211182">
				<ele>867.439758</ele>
				<time>2026-07-17T17:07:14Z</time>
			</trkpt>
			<trkpt lat="48.041134" lon="-121.211121">
				<ele>867.824402</ele>
				<time>2026-07-17T17:07:20Z</time>
			</trkpt>
			<trkpt lat="48.04108" lon="-121.210922">
				<ele>866.070923</ele>
				<time>2026-07-17T17:07:39Z</time>
			</trkpt>
			<trkpt lat="48.04108" lon="-121.210854">
				<ele>866.30249</ele>
				<time>2026-07-17T17:07:45Z</time>
			</trkpt>
			<trkpt lat="48.041073" lon="-121.210785">
				<ele>865.067871</ele>
				<time>2026-07-17T17:07:51Z</time>
			</trkpt>
			<trkpt lat="48.041058" lon="-121.210724">
				<ele>867.106018</ele>
				<time>2026-07-17T17:07:59Z</time>
			</trkpt>
			<trkpt lat="48.041046" lon="-121.210655">
				<ele>867.309509</ele>
				<time>2026-07-17T17:08:03Z</time>
			</trkpt>
			<trkpt lat="48.041023" lon="-121.210587">
				<ele>866.213684</ele>
				<time>2026-07-17T17:08:08Z</time>
			</trkpt>
			<trkpt lat="48.040928" lon="-121.210381">
				<ele>870.022034</ele>
				<time>2026-07-17T17:08:30Z</time>
			</trkpt>
			<trkpt lat="48.040928" lon="-121.210236">
				<ele>868.754456</ele>
				<time>2026-07-17T17:08:41Z</time>
			</trkpt>
			<trkpt lat="48.040894" lon="-121.210068">
				<ele>870.927673</ele>
				<time>2026-07-17T17:08:58Z</time>
			</trkpt>
			<trkpt lat="48.040867" lon="-121.209923">
				<ele>875.384949</ele>
				<time>2026-07-17T17:09:14Z</time>
			</trkpt>
			<trkpt lat="48.040859" lon="-121.209854">
				<ele>873.711426</ele>
				<time>2026-07-17T17:09:19Z</time>
			</trkpt>
			<trkpt lat="48.04081" lon="-121.209724">
				<ele>875.409485</ele>
				<time>2026-07-17T17:09:34Z</time>
			</trkpt>
			<trkpt lat="48.040707" lon="-121.209648">
				<ele>880.140564</ele>
				<time>2026-07-17T17:09:56Z</time>
			</trkpt>
			<trkpt lat="48.040684" lon="-121.209587">
				<ele>880.21521</ele>
				<time>2026-07-17T17:10:01Z</time>
			</trkpt>
			<trkpt lat="48.040611" lon="-121.209511">
				<ele>877.525085</ele>
				<time>2026-07-17T17:10:12Z</time>
			</trkpt>
			<trkpt lat="48.040565" lon="-121.209465">
				<ele>878.798706</ele>
				<time>2026-07-17T17:10:18Z</time>
			</trkpt>
			<trkpt lat="48.040466" lon="-121.209427">
				<ele>876.420776</ele>
				<time>2026-07-17T17:10:29Z</time>
			</trkpt>
			<trkpt lat="48.040371" lon="-121.209389">
				<ele>877.753601</ele>
				<time>2026-07-17T17:10:38Z</time>
			</trkpt>
			<trkpt lat="48.040253" lon="-121.209167">
				<ele>875.864563</ele>
				<time>2026-07-17T17:11:05Z</time>
			</trkpt>
			<trkpt lat="48.040226" lon="-121.209106">
				<ele>878.593384</ele>
				<time>2026-07-17T17:11:12Z</time>
			</trkpt>
			<trkpt lat="48.040199" lon="-121.208969">
				<ele>876.390137</ele>
				<time>2026-07-17T17:11:23Z</time>
			</trkpt>
			<trkpt lat="48.040104" lon="-121.208916">
				<ele>878.266113</ele>
				<time>2026-07-17T17:11:33Z</time>
			</trkpt>
			<trkpt lat="48.040062" lon="-121.208885">
				<ele>877.891052</ele>
				<time>2026-07-17T17:11:38Z</time>
			</trkpt>
			<trkpt lat="48.04002" lon="-121.208855">
				<ele>882.47699</ele>
				<time>2026-07-17T17:11:49Z</time>
			</trkpt>
			<trkpt lat="48.039959" lon="-121.208664">
				<ele>878.402588</ele>
				<time>2026-07-17T17:12:08Z</time>
			</trkpt>
			<trkpt lat="48.039845" lon="-121.20845">
				<ele>883.338379</ele>
				<time>2026-07-17T17:12:32Z</time>
			</trkpt>
			<trkpt lat="48.03973" lon="-121.208252">
				<ele>880.616333</ele>
				<time>2026-07-17T17:12:54Z</time>
			</trkpt>
			<trkpt lat="48.039639" lon="-121.208214">
				<ele>881.246765</ele>
				<time>2026-07-17T17:13:03Z</time>
			</trkpt>
			<trkpt lat="48.039585" lon="-121.208099">
				<ele>880.628296</ele>
				<time>2026-07-17T17:13:13Z</time>
			</trkpt>
			<trkpt lat="48.039562" lon="-121.208046">
				<ele>882.44165</ele>
				<time>2026-07-17T17:13:17Z</time>
			</trkpt>
			<trkpt lat="48.039471" lon="-121.207863">
				<ele>880.246033</ele>
				<time>2026-07-17T17:13:33Z</time>
			</trkpt>
			<trkpt lat="48.03941" lon="-121.207764">
				<ele>876.574036</ele>
				<time>2026-07-17T17:13:44Z</time>
			</trkpt>
			<trkpt lat="48.039337" lon="-121.207657">
				<ele>877.857483</ele>
				<time>2026-07-17T17:13:56Z</time>
			</trkpt>
			<trkpt lat="48.039249" lon="-121.207565">
				<ele>877.116028</ele>
				<time>2026-07-17T17:14:08Z</time>
			</trkpt>
			<trkpt lat="48.039234" lon="-121.207489">
				<ele>875.514404</ele>
				<time>2026-07-17T17:14:12Z</time>
			</trkpt>
			<trkpt lat="48.039127" lon="-121.207275">
				<ele>880.40332</ele>
				<time>2026-07-17T17:14:31Z</time>
			</trkpt>
			<trkpt lat="48.039097" lon="-121.207123">
				<ele>878.670532</ele>
				<time>2026-07-17T17:14:45Z</time>
			</trkpt>
			<trkpt lat="48.039047" lon="-121.207016">
				<ele>880.586182</ele>
				<time>2026-07-17T17:14:54Z</time>
			</trkpt>
			<trkpt lat="48.039013" lon="-121.20697">
				<ele>879.894165</ele>
				<time>2026-07-17T17:14:58Z</time>
			</trkpt>
			<trkpt lat="48.038948" lon="-121.206795">
				<ele>881.172302</ele>
				<time>2026-07-17T17:15:16Z</time>
			</trkpt>
			<trkpt lat="48.038914" lon="-121.206749">
				<ele>881.113831</ele>
				<time>2026-07-17T17:15:23Z</time>
			</trkpt>
			<trkpt lat="48.038872" lon="-121.206734">
				<ele>881.796204</ele>
				<time>2026-07-17T17:15:27Z</time>
			</trkpt>
			<trkpt lat="48.038734" lon="-121.206703">
				<ele>876.940369</ele>
				<time>2026-07-17T17:15:42Z</time>
			</trkpt>
			<trkpt lat="48.038685" lon="-121.206703">
				<ele>877.2005</ele>
				<time>2026-07-17T17:15:49Z</time>
			</trkpt>
			<trkpt lat="48.038593" lon="-121.206711">
				<ele>875.811035</ele>
				<time>2026-07-17T17:15:57Z</time>
			</trkpt>
			<trkpt lat="48.038502" lon="-121.206657">
				<ele>874.809753</ele>
				<time>2026-07-17T17:16:08Z</time>
			</trkpt>
			<trkpt lat="48.038464" lon="-121.206619">
				<ele>875.275208</ele>
				<time>2026-07-17T17:16:13Z</time>
			</trkpt>
			<trkpt lat="48.03838" lon="-121.206558">
				<ele>874.679321</ele>
				<time>2026-07-17T17:16:22Z</time>
			</trkpt>
			<trkpt lat="48.038357" lon="-121.206497">
				<ele>873.41925</ele>
				<time>2026-07-17T17:16:28Z</time>
			</trkpt>
			<trkpt lat="48.03833" lon="-121.206436">
				<ele>874.019897</ele>
				<time>2026-07-17T17:16:35Z</time>
			</trkpt>
			<trkpt lat="48.038296" lon="-121.20639">
				<ele>873.758484</ele>
				<time>2026-07-17T17:16:43Z</time>
			</trkpt>
			<trkpt lat="48.038239" lon="-121.206276">
				<ele>876.214844</ele>
				<time>2026-07-17T17:16:59Z</time>
			</trkpt>
			<trkpt lat="48.038204" lon="-121.206146">
				<ele>876.55011</ele>
				<time>2026-07-17T17:17:14Z</time>
			</trkpt>
			<trkpt lat="48.038151" lon="-121.206039">
				<ele>877.913208</ele>
				<time>2026-07-17T17:17:29Z</time>
			</trkpt>
			<trkpt lat="48.038109" lon="-121.206055">
				<ele>879.779785</ele>
				<time>2026-07-17T17:17:39Z</time>
			</trkpt>
			<trkpt lat="48.038063" lon="-121.206047">
				<ele>879.156677</ele>
				<time>2026-07-17T17:17:43Z</time>
			</trkpt>
			<trkpt lat="48.037933" lon="-121.205971">
				<ele>878.864441</ele>
				<time>2026-07-17T17:17:59Z</time>
			</trkpt>
			<trkpt lat="48.037907" lon="-121.205925">
				<ele>880.537781</ele>
				<time>2026-07-17T17:18:06Z</time>
			</trkpt>
			<trkpt lat="48.037804" lon="-121.205765">
				<ele>876.838928</ele>
				<time>2026-07-17T17:18:24Z</time>
			</trkpt>
			<trkpt lat="48.03772" lon="-121.205688">
				<ele>878.268738</ele>
				<time>2026-07-17T17:18:34Z</time>
			</trkpt>
			<trkpt lat="48.037682" lon="-121.205643">
				<ele>877.587402</ele>
				<time>2026-07-17T17:18:39Z</time>
			</trkpt>
			<trkpt lat="48.037655" lon="-121.205582">
				<ele>878.651001</ele>
				<time>2026-07-17T17:18:44Z</time>
			</trkpt>
			<trkpt lat="48.037632" lon="-121.205521">
				<ele>878.291748</ele>
				<time>2026-07-17T17:18:51Z</time>
			</trkpt>
			<trkpt lat="48.037487" lon="-121.20533">
				<ele>879.913391</ele>
				<time>2026-07-17T17:19:11Z</time>
			</trkpt>
			<trkpt lat="48.037453" lon="-121.205284">
				<ele>879.838989</ele>
				<time>2026-07-17T17:19:17Z</time>
			</trkpt>
			<trkpt lat="48.037422" lon="-121.205223">
				<ele>881.5849</ele>
				<time>2026-07-17T17:19:25Z</time>
			</trkpt>
			<trkpt lat="48.037392" lon="-121.20517">
				<ele>880.82019</ele>
				<time>2026-07-17T17:19:31Z</time>
			</trkpt>
			<trkpt lat="48.037357" lon="-121.205124">
				<ele>880.887939</ele>
				<time>2026-07-17T17:19:38Z</time>
			</trkpt>
			<trkpt lat="48.037327" lon="-121.205063">
				<ele>883.072998</ele>
				<time>2026-07-17T17:19:44Z</time>
			</trkpt>
			<trkpt lat="48.037292" lon="-121.204926">
				<ele>881.78186</ele>
				<time>2026-07-17T17:19:56Z</time>
			</trkpt>
			<trkpt lat="48.037205" lon="-121.204758">
				<ele>885.423035</ele>
				<time>2026-07-17T17:20:14Z</time>
			</trkpt>
			<trkpt lat="48.037121" lon="-121.204582">
				<ele>881.577271</ele>
				<time>2026-07-17T17:20:29Z</time>
			</trkpt>
			<trkpt lat="48.037045" lon="-121.204414">
				<ele>882.836853</ele>
				<time>2026-07-17T17:20:44Z</time>
			</trkpt>
			<trkpt lat="48.037018" lon="-121.204346">
				<ele>884.951416</ele>
				<time>2026-07-17T17:20:49Z</time>
			</trkpt>
			<trkpt lat="48.036976" lon="-121.20433">
				<ele>884.713196</ele>
				<time>2026-07-17T17:20:52Z</time>
			</trkpt>
			<trkpt lat="48.036903" lon="-121.204155">
				<ele>886.45874</ele>
				<time>2026-07-17T17:21:06Z</time>
			</trkpt>
			<trkpt lat="48.036831" lon="-121.203972">
				<ele>887.179443</ele>
				<time>2026-07-17T17:21:23Z</time>
			</trkpt>
			<trkpt lat="48.036797" lon="-121.20385">
				<ele>886.340393</ele>
				<time>2026-07-17T17:21:33Z</time>
			</trkpt>
			<trkpt lat="48.036781" lon="-121.203781">
				<ele>888.670654</ele>
				<time>2026-07-17T17:21:38Z</time>
			</trkpt>
			<trkpt lat="48.036747" lon="-121.203728">
				<ele>888.943237</ele>
				<time>2026-07-17T17:21:44Z</time>
			</trkpt>
			<trkpt lat="48.036739" lon="-121.203667">
				<ele>888.791199</ele>
				<time>2026-07-17T17:21:49Z</time>
			</trkpt>
			<trkpt lat="48.036678" lon="-121.20356">
				<ele>890.341431</ele>
				<time>2026-07-17T17:21:59Z</time>
			</trkpt>
			<trkpt lat="48.036655" lon="-121.20343">
				<ele>889.469727</ele>
				<time>2026-07-17T17:22:10Z</time>
			</trkpt>
			<trkpt lat="48.036648" lon="-121.203362">
				<ele>889.971924</ele>
				<time>2026-07-17T17:22:15Z</time>
			</trkpt>
			<trkpt lat="48.036598" lon="-121.203316">
				<ele>889.267334</ele>
				<time>2026-07-17T17:22:19Z</time>
			</trkpt>
			<trkpt lat="48.036533" lon="-121.203209">
				<ele>890.700439</ele>
				<time>2026-07-17T17:22:30Z</time>
			</trkpt>
			<trkpt lat="48.036427" lon="-121.203072">
				<ele>887.731812</ele>
				<time>2026-07-17T17:22:45Z</time>
			</trkpt>
			<trkpt lat="48.036373" lon="-121.202972">
				<ele>889.19696</ele>
				<time>2026-07-17T17:22:54Z</time>
			</trkpt>
			<trkpt lat="48.036339" lon="-121.202919">
				<ele>889.057068</ele>
				<time>2026-07-17T17:23:00Z</time>
			</trkpt>
			<trkpt lat="48.036308" lon="-121.202873">
				<ele>890.671265</ele>
				<time>2026-07-17T17:23:05Z</time>
			</trkpt>
			<trkpt lat="48.036266" lon="-121.202751">
				<ele>890.218201</ele>
				<time>2026-07-17T17:23:15Z</time>
			</trkpt>
			<trkpt lat="48.036243" lon="-121.20269">
				<ele>890.565308</ele>
				<time>2026-07-17T17:23:20Z</time>
			</trkpt>
			<trkpt lat="48.036186" lon="-121.202576">
				<ele>892.959351</ele>
				<time>2026-07-17T17:23:31Z</time>
			</trkpt>
			<trkpt lat="48.036163" lon="-121.202515">
				<ele>891.261047</ele>
				<time>2026-07-17T17:23:36Z</time>
			</trkpt>
			<trkpt lat="48.036133" lon="-121.202461">
				<ele>892.664917</ele>
				<time>2026-07-17T17:23:41Z</time>
			</trkpt>
			<trkpt lat="48.036098" lon="-121.202415">
				<ele>890.658386</ele>
				<time>2026-07-17T17:23:46Z</time>
			</trkpt>
			<trkpt lat="48.036011" lon="-121.20224">
				<ele>893.061462</ele>
				<time>2026-07-17T17:24:02Z</time>
			</trkpt>
			<trkpt lat="48.03598" lon="-121.202187">
				<ele>892.732727</ele>
				<time>2026-07-17T17:24:08Z</time>
			</trkpt>
			<trkpt lat="48.035919" lon="-121.202087">
				<ele>893.657654</ele>
				<time>2026-07-17T17:24:17Z</time>
			</trkpt>
			<trkpt lat="48.035881" lon="-121.202057">
				<ele>893.187805</ele>
				<time>2026-07-17T17:24:21Z</time>
			</trkpt>
			<trkpt lat="48.035873" lon="-121.201973">
				<ele>894.298523</ele>
				<time>2026-07-17T17:24:27Z</time>
			</trkpt>
			<trkpt lat="48.035839" lon="-121.20192">
				<ele>894.187866</ele>
				<time>2026-07-17T17:24:31Z</time>
			</trkpt>
			<trkpt lat="48.035782" lon="-121.201752">
				<ele>898.301575</ele>
				<time>2026-07-17T17:24:47Z</time>
			</trkpt>
			<trkpt lat="48.035759" lon="-121.201675">
				<ele>898.331299</ele>
				<time>2026-07-17T17:24:53Z</time>
			</trkpt>
			<trkpt lat="48.03566" lon="-121.20153">
				<ele>897.240845</ele>
				<time>2026-07-17T17:25:09Z</time>
			</trkpt>
			<trkpt lat="48.035625" lon="-121.201477">
				<ele>895.615112</ele>
				<time>2026-07-17T17:25:13Z</time>
			</trkpt>
			<trkpt lat="48.035519" lon="-121.201347">
				<ele>898.3573</ele>
				<time>2026-07-17T17:25:28Z</time>
			</trkpt>
			<trkpt lat="48.035496" lon="-121.201286">
				<ele>897.430298</ele>
				<time>2026-07-17T17:25:32Z</time>
			</trkpt>
			<trkpt lat="48.035419" lon="-121.20121">
				<ele>899.758728</ele>
				<time>2026-07-17T17:25:44Z</time>
			</trkpt>
			<trkpt lat="48.035336" lon="-121.201118">
				<ele>898.28363</ele>
				<time>2026-07-17T17:25:53Z</time>
			</trkpt>
			<trkpt lat="48.035221" lon="-121.200981">
				<ele>902.110046</ele>
				<time>2026-07-17T17:26:09Z</time>
			</trkpt>
			<trkpt lat="48.035168" lon="-121.200882">
				<ele>899.675232</ele>
				<time>2026-07-17T17:26:18Z</time>
			</trkpt>
			<trkpt lat="48.035145" lon="-121.200813">
				<ele>899.263123</ele>
				<time>2026-07-17T17:26:22Z</time>
			</trkpt>
			<trkpt lat="48.03508" lon="-121.200729">
				<ele>899.689697</ele>
				<time>2026-07-17T17:26:31Z</time>
			</trkpt>
			<trkpt lat="48.035027" lon="-121.20063">
				<ele>898.309265</ele>
				<time>2026-07-17T17:26:40Z</time>
			</trkpt>
			<trkpt lat="48.035007" lon="-121.200562">
				<ele>899.157166</ele>
				<time>2026-07-17T17:26:46Z</time>
			</trkpt>
			<trkpt lat="48.034977" lon="-121.200508">
				<ele>898.308411</ele>
				<time>2026-07-17T17:26:52Z</time>
			</trkpt>
			<trkpt lat="48.034931" lon="-121.200371">
				<ele>900.733887</ele>
				<time>2026-07-17T17:27:02Z</time>
			</trkpt>
			<trkpt lat="48.034874" lon="-121.200249">
				<ele>900.485657</ele>
				<time>2026-07-17T17:27:12Z</time>
			</trkpt>
			<trkpt lat="48.034832" lon="-121.200119">
				<ele>898.743103</ele>
				<time>2026-07-17T17:27:23Z</time>
			</trkpt>
			<trkpt lat="48.034794" lon="-121.200073">
				<ele>899.101685</ele>
				<time>2026-07-17T17:27:29Z</time>
			</trkpt>
			<trkpt lat="48.034767" lon="-121.20002">
				<ele>898.380737</ele>
				<time>2026-07-17T17:27:34Z</time>
			</trkpt>
			<trkpt lat="48.034664" lon="-121.199791">
				<ele>900.716309</ele>
				<time>2026-07-17T17:27:57Z</time>
			</trkpt>
			<trkpt lat="48.03463" lon="-121.199745">
				<ele>900.064819</ele>
				<time>2026-07-17T17:28:07Z</time>
			</trkpt>
			<trkpt lat="48.034554" lon="-121.199562">
				<ele>903.207947</ele>
				<time>2026-07-17T17:28:30Z</time>
			</trkpt>
			<trkpt lat="48.03455" lon="-121.199493">
				<ele>903.174622</ele>
				<time>2026-07-17T17:28:34Z</time>
			</trkpt>
			<trkpt lat="48.034554" lon="-121.199425">
				<ele>901.009827</ele>
				<time>2026-07-17T17:28:43Z</time>
			</trkpt>
			<trkpt lat="48.034512" lon="-121.199303">
				<ele>905.645447</ele>
				<time>2026-07-17T17:29:02Z</time>
			</trkpt>
			<trkpt lat="48.034451" lon="-121.199203">
				<ele>904.209717</ele>
				<time>2026-07-17T17:29:15Z</time>
			</trkpt>
			<trkpt lat="48.034386" lon="-121.199074">
				<ele>907.696838</ele>
				<time>2026-07-17T17:29:27Z</time>
			</trkpt>
			<trkpt lat="48.034229" lon="-121.19883">
				<ele>900.059082</ele>
				<time>2026-07-17T17:29:59Z</time>
			</trkpt>
			<trkpt lat="48.034187" lon="-121.198799">
				<ele>899.706909</ele>
				<time>2026-07-17T17:30:06Z</time>
			</trkpt>
			<trkpt lat="48.034149" lon="-121.198761">
				<ele>900.421204</ele>
				<time>2026-07-17T17:30:11Z</time>
			</trkpt>
			<trkpt lat="48.034084" lon="-121.198669">
				<ele>900.746033</ele>
				<time>2026-07-17T17:30:22Z</time>
			</trkpt>
			<trkpt lat="48.033932" lon="-121.19838">
				<ele>895.658813</ele>
				<time>2026-07-17T17:30:47Z</time>
			</trkpt>
			<trkpt lat="48.033783" lon="-121.198036">
				<ele>899.557861</ele>
				<time>2026-07-17T17:31:21Z</time>
			</trkpt>
			<trkpt lat="48.033772" lon="-121.197968">
				<ele>897.635437</ele>
				<time>2026-07-17T17:31:29Z</time>
			</trkpt>
			<trkpt lat="48.033718" lon="-121.197861">
				<ele>899.387573</ele>
				<time>2026-07-17T17:31:39Z</time>
			</trkpt>
			<trkpt lat="48.033699" lon="-121.197731">
				<ele>898.508911</ele>
				<time>2026-07-17T17:31:48Z</time>
			</trkpt>
			<trkpt lat="48.033672" lon="-121.197662">
				<ele>898.752686</ele>
				<time>2026-07-17T17:31:53Z</time>
			</trkpt>
			<trkpt lat="48.033642" lon="-121.197617">
				<ele>900.793457</ele>
				<time>2026-07-17T17:32:04Z</time>
			</trkpt>
			<trkpt lat="48.033646" lon="-121.197548">
				<ele>899.301025</ele>
				<time>2026-07-17T17:32:13Z</time>
			</trkpt>
			<trkpt lat="48.033615" lon="-121.197495">
				<ele>901.706726</ele>
				<time>2026-07-17T17:32:20Z</time>
			</trkpt>
			<trkpt lat="48.033497" lon="-121.197296">
				<ele>904.292053</ele>
				<time>2026-07-17T17:32:49Z</time>
			</trkpt>
			<trkpt lat="48.033417" lon="-121.197212">
				<ele>902.579773</ele>
				<time>2026-07-17T17:33:00Z</time>
			</trkpt>
			<trkpt lat="48.033379" lon="-121.197174">
				<ele>902.679749</ele>
				<time>2026-07-17T17:33:04Z</time>
			</trkpt>
			<trkpt lat="48.033337" lon="-121.197052">
				<ele>901.870728</ele>
				<time>2026-07-17T17:33:13Z</time>
			</trkpt>
			<trkpt lat="48.03331" lon="-121.196991">
				<ele>903.346558</ele>
				<time>2026-07-17T17:33:21Z</time>
			</trkpt>
			<trkpt lat="48.033195" lon="-121.196884">
				<ele>900.943054</ele>
				<time>2026-07-17T17:33:38Z</time>
			</trkpt>
			<trkpt lat="48.033081" lon="-121.196762">
				<ele>903.010437</ele>
				<time>2026-07-17T17:33:58Z</time>
			</trkpt>
			<trkpt lat="48.032906" lon="-121.196609">
				<ele>898.757996</ele>
				<time>2026-07-17T17:34:25Z</time>
			</trkpt>
			<trkpt lat="48.032722" lon="-121.196526">
				<ele>903.13208</ele>
				<time>2026-07-17T17:34:50Z</time>
			</trkpt>
			<trkpt lat="48.032604" lon="-121.196434">
				<ele>900.819031</ele>
				<time>2026-07-17T17:35:05Z</time>
			</trkpt>
			<trkpt lat="48.032574" lon="-121.196381">
				<ele>900.967896</ele>
				<time>2026-07-17T17:35:11Z</time>
			</trkpt>
			<trkpt lat="48.032532" lon="-121.196335">
				<ele>900.074402</ele>
				<time>2026-07-17T17:35:17Z</time>
			</trkpt>
			<trkpt lat="48.032497" lon="-121.196281">
				<ele>900.755188</ele>
				<time>2026-07-17T17:35:25Z</time>
			</trkpt>
			<trkpt lat="48.032417" lon="-121.19619">
				<ele>899.299866</ele>
				<time>2026-07-17T17:35:36Z</time>
			</trkpt>
			<trkpt lat="48.032394" lon="-121.196121">
				<ele>899.336914</ele>
				<time>2026-07-17T17:35:41Z</time>
			</trkpt>
			<trkpt lat="48.03236" lon="-121.196068">
				<ele>897.957886</ele>
				<time>2026-07-17T17:35:47Z</time>
			</trkpt>
			<trkpt lat="48.032322" lon="-121.19603">
				<ele>898.227844</ele>
				<time>2026-07-17T17:35:53Z</time>
			</trkpt>
			<trkpt lat="48.03215" lon="-121.195709">
				<ele>894.233459</ele>
				<time>2026-07-17T17:36:26Z</time>
			</trkpt>
			<trkpt lat="48.032051" lon="-121.195549">
				<ele>896.060669</ele>
				<time>2026-07-17T17:36:44Z</time>
			</trkpt>
			<trkpt lat="48.032028" lon="-121.195488">
				<ele>895.367981</ele>
				<time>2026-07-17T17:36:50Z</time>
			</trkpt>
			<trkpt lat="48.03199" lon="-121.195366">
				<ele>896.890259</ele>
				<time>2026-07-17T17:37:03Z</time>
			</trkpt>
			<trkpt lat="48.031979" lon="-121.195297">
				<ele>896.700195</ele>
				<time>2026-07-17T17:37:08Z</time>
			</trkpt>
			<trkpt lat="48.031956" lon="-121.195152">
				<ele>896.911865</ele>
				<time>2026-07-17T17:37:22Z</time>
			</trkpt>
			<trkpt lat="48.031834" lon="-121.194855">
				<ele>898.909119</ele>
				<time>2026-07-17T17:37:51Z</time>
			</trkpt>
			<trkpt lat="48.03175" lon="-121.194611">
				<ele>898.060059</ele>
				<time>2026-07-17T17:38:18Z</time>
			</trkpt>
			<trkpt lat="48.031742" lon="-121.194267">
				<ele>901.197388</ele>
				<time>2026-07-17T17:38:52Z</time>
			</trkpt>
			<trkpt lat="48.031727" lon="-121.194206">
				<ele>900.606689</ele>
				<time>2026-07-17T17:38:59Z</time>
			</trkpt>
			<trkpt lat="48.031719" lon="-121.194077">
				<ele>901.098206</ele>
				<time>2026-07-17T17:39:10Z</time>
			</trkpt>
			<trkpt lat="48.031681" lon="-121.193947">
				<ele>904.496582</ele>
				<time>2026-07-17T17:39:24Z</time>
			</trkpt>
			<trkpt lat="48.031662" lon="-121.193886">
				<ele>903.486023</ele>
				<time>2026-07-17T17:39:29Z</time>
			</trkpt>
			<trkpt lat="48.031643" lon="-121.193825">
				<ele>903.882019</ele>
				<time>2026-07-17T17:39:35Z</time>
			</trkpt>
			<trkpt lat="48.031612" lon="-121.193779">
				<ele>906.371582</ele>
				<time>2026-07-17T17:39:41Z</time>
			</trkpt>
			<trkpt lat="48.031643" lon="-121.193657">
				<ele>905.189026</ele>
				<time>2026-07-17T17:39:52Z</time>
			</trkpt>
			<trkpt lat="48.031647" lon="-121.193581">
				<ele>902.641418</ele>
				<time>2026-07-17T17:39:59Z</time>
			</trkpt>
			<trkpt lat="48.031517" lon="-121.193558">
				<ele>906.472351</ele>
				<time>2026-07-17T17:40:30Z</time>
			</trkpt>
			<trkpt lat="48.031342" lon="-121.193489">
				<ele>902.611572</ele>
				<time>2026-07-17T17:40:55Z</time>
			</trkpt>
			<trkpt lat="48.031296" lon="-121.193466">
				<ele>904.224915</ele>
				<time>2026-07-17T17:41:01Z</time>
			</trkpt>
			<trkpt lat="48.031261" lon="-121.193413">
				<ele>903.860413</ele>
				<time>2026-07-17T17:41:08Z</time>
			</trkpt>
			<trkpt lat="48.031216" lon="-121.193436">
				<ele>906.774109</ele>
				<time>2026-07-17T17:41:15Z</time>
			</trkpt>
			<trkpt lat="48.031166" lon="-121.193443">
				<ele>906.118408</ele>
				<time>2026-07-17T17:41:24Z</time>
			</trkpt>
			<trkpt lat="48.031113" lon="-121.193542">
				<ele>905.809814</ele>
				<time>2026-07-17T17:41:31Z</time>
			</trkpt>
			<trkpt lat="48.031094" lon="-121.193611">
				<ele>906.867126</ele>
				<time>2026-07-17T17:41:34Z</time>
			</trkpt>
			<trkpt lat="48.031063" lon="-121.193672">
				<ele>905.687683</ele>
				<time>2026-07-17T17:41:38Z</time>
			</trkpt>
			<trkpt lat="48.031078" lon="-121.193733">
				<ele>906.901917</ele>
				<time>2026-07-17T17:41:46Z</time>
			</trkpt>
			<trkpt lat="48.030987" lon="-121.193764">
				<ele>905.941528</ele>
				<time>2026-07-17T17:43:46Z</time>
			</trkpt>
			<trkpt lat="48.031044" lon="-121.193726">
				<ele>905.664246</ele>
				<time>2026-07-17T17:44:10Z</time>
			</trkpt>
			<trkpt lat="48.030968" lon="-121.193756">
				<ele>902.546387</ele>
				<time>2026-07-17T17:45:11Z</time>
			</trkpt>
			<trkpt lat="48.031013" lon="-121.193741">
				<ele>907.357849</ele>
				<time>2026-07-17T17:45:46Z</time>
			</trkpt>
			<trkpt lat="48.030972" lon="-121.193771">
				<ele>904.746155</ele>
				<time>2026-07-17T17:47:02Z</time>
			</trkpt>
			<trkpt lat="48.031006" lon="-121.193726">
				<ele>907.044189</ele>
				<time>2026-07-17T17:48:14Z</time>
			</trkpt>
			<trkpt lat="48.030968" lon="-121.19368">
				<ele>903.899658</ele>
				<time>2026-07-17T17:50:22Z</time>
			</trkpt>
			<trkpt lat="48.030922" lon="-121.193604">
				<ele>907.664307</ele>
				<time>2026-07-17T17:56:12Z</time>
			</trkpt>
			<trkpt lat="48.030945" lon="-121.193657">
				<ele>907.440857</ele>
				<time>2026-07-17T17:56:26Z</time>
			</trkpt>
			<trkpt lat="48.03096" lon="-121.193718">
				<ele>910.774231</ele>
				<time>2026-07-17T17:56:56Z</time>
			</trkpt>
			<trkpt lat="48.031002" lon="-121.193733">
				<ele>901.505493</ele>
				<time>2026-07-17T17:58:43Z</time>
			</trkpt>
			<trkpt lat="48.031059" lon="-121.193642">
				<ele>897.529663</ele>
				<time>2026-07-17T18:01:16Z</time>
			</trkpt>
			<trkpt lat="48.03104" lon="-121.19371">
				<ele>903.538574</ele>
				<time>2026-07-17T18:08:58Z</time>
			</trkpt>
			<trkpt lat="48.031071" lon="-121.19352">
				<ele>906.308411</ele>
				<time>2026-07-17T18:10:35Z</time>
			</trkpt>
			<trkpt lat="48.031097" lon="-121.193466">
				<ele>905.936218</ele>
				<time>2026-07-17T18:10:41Z</time>
			</trkpt>
			<trkpt lat="48.031132" lon="-121.193413">
				<ele>908.045715</ele>
				<time>2026-07-17T18:10:45Z</time>
			</trkpt>
			<trkpt lat="48.031181" lon="-121.193382">
				<ele>906.426025</ele>
				<time>2026-07-17T18:10:49Z</time>
			</trkpt>
			<trkpt lat="48.031223" lon="-121.193344">
				<ele>906.528809</ele>
				<time>2026-07-17T18:10:55Z</time>
			</trkpt>
			<trkpt lat="48.031181" lon="-121.193359">
				<ele>908.887146</ele>
				<time>2026-07-17T18:11:05Z</time>
			</trkpt>
			<trkpt lat="48.031071" lon="-121.193245">
				<ele>911.217651</ele>
				<time>2026-07-17T18:11:21Z</time>
			</trkpt>
			<trkpt lat="48.03104" lon="-121.193184">
				<ele>911.336609</ele>
				<time>2026-07-17T18:11:26Z</time>
			</trkpt>
			<trkpt lat="48.030968" lon="-121.193077">
				<ele>909.485413</ele>
				<time>2026-07-17T18:11:34Z</time>
			</trkpt>
			<trkpt lat="48.030926" lon="-121.193047">
				<ele>910.169067</ele>
				<time>2026-07-17T18:11:38Z</time>
			</trkpt>
			<trkpt lat="48.030895" lon="-121.192978">
				<ele>909.008362</ele>
				<time>2026-07-17T18:11:44Z</time>
			</trkpt>
			<trkpt lat="48.030876" lon="-121.192688">
				<ele>915.221008</ele>
				<time>2026-07-17T18:12:14Z</time>
			</trkpt>
			<trkpt lat="48.030869" lon="-121.19252">
				<ele>915.572632</ele>
				<time>2026-07-17T18:12:31Z</time>
			</trkpt>
			<trkpt lat="48.0308" lon="-121.19236">
				<ele>919.272461</ele>
				<time>2026-07-17T18:12:45Z</time>
			</trkpt>
			<trkpt lat="48.030781" lon="-121.192299">
				<ele>917.457947</ele>
				<time>2026-07-17T18:12:51Z</time>
			</trkpt>
			<trkpt lat="48.030762" lon="-121.19223">
				<ele>917.947693</ele>
				<time>2026-07-17T18:12:58Z</time>
			</trkpt>
			<trkpt lat="48.03072" lon="-121.192192">
				<ele>917.084473</ele>
				<time>2026-07-17T18:13:02Z</time>
			</trkpt>
			<trkpt lat="48.030563" lon="-121.19207">
				<ele>921.048218</ele>
				<time>2026-07-17T18:13:21Z</time>
			</trkpt>
			<trkpt lat="48.030518" lon="-121.191887">
				<ele>922.040405</ele>
				<time>2026-07-17T18:13:39Z</time>
			</trkpt>
			<trkpt lat="48.030479" lon="-121.19175">
				<ele>920.872437</ele>
				<time>2026-07-17T18:13:53Z</time>
			</trkpt>
			<trkpt lat="48.030396" lon="-121.191513">
				<ele>926.52417</ele>
				<time>2026-07-17T18:14:24Z</time>
			</trkpt>
			<trkpt lat="48.03035" lon="-121.191467">
				<ele>925.757446</ele>
				<time>2026-07-17T18:14:28Z</time>
			</trkpt>
			<trkpt lat="48.030315" lon="-121.191261">
				<ele>929.231201</ele>
				<time>2026-07-17T18:14:46Z</time>
			</trkpt>
			<trkpt lat="48.030331" lon="-121.1912">
				<ele>928.295959</ele>
				<time>2026-07-17T18:14:53Z</time>
			</trkpt>
			<trkpt lat="48.0303" lon="-121.19101">
				<ele>930.817505</ele>
				<time>2026-07-17T18:15:16Z</time>
			</trkpt>
			<trkpt lat="48.030304" lon="-121.190933">
				<ele>930.196167</ele>
				<time>2026-07-17T18:15:24Z</time>
			</trkpt>
			<trkpt lat="48.030235" lon="-121.190765">
				<ele>937.76416</ele>
				<time>2026-07-17T18:15:53Z</time>
			</trkpt>
			<trkpt lat="48.030197" lon="-121.190712">
				<ele>938.252014</ele>
				<time>2026-07-17T18:16:01Z</time>
			</trkpt>
			<trkpt lat="48.030159" lon="-121.190651">
				<ele>937.562683</ele>
				<time>2026-07-17T18:16:11Z</time>
			</trkpt>
			<trkpt lat="48.030125" lon="-121.190613">
				<ele>939.867371</ele>
				<time>2026-07-17T18:16:23Z</time>
			</trkpt>
			<trkpt lat="48.030087" lon="-121.190498">
				<ele>939.187195</ele>
				<time>2026-07-17T18:16:38Z</time>
			</trkpt>
			<trkpt lat="48.03006" lon="-121.19043">
				<ele>941.391663</ele>
				<time>2026-07-17T18:16:46Z</time>
			</trkpt>
			<trkpt lat="48.030064" lon="-121.190285">
				<ele>942.341125</ele>
				<time>2026-07-17T18:17:01Z</time>
			</trkpt>
			<trkpt lat="48.030075" lon="-121.190216">
				<ele>941.518127</ele>
				<time>2026-07-17T18:17:06Z</time>
			</trkpt>
			<trkpt lat="48.030064" lon="-121.190155">
				<ele>944.79895</ele>
				<time>2026-07-17T18:17:14Z</time>
			</trkpt>
			<trkpt lat="48.03006" lon="-121.190079">
				<ele>943.489502</ele>
				<time>2026-07-17T18:17:18Z</time>
			</trkpt>
			<trkpt lat="48.030067" lon="-121.19001">
				<ele>944.273132</ele>
				<time>2026-07-17T18:17:25Z</time>
			</trkpt>
			<trkpt lat="48.030083" lon="-121.189598">
				<ele>954.61853</ele>
				<time>2026-07-17T18:18:03Z</time>
			</trkpt>
			<trkpt lat="48.03009" lon="-121.189529">
				<ele>955.043884</ele>
				<time>2026-07-17T18:18:10Z</time>
			</trkpt>
			<trkpt lat="48.030045" lon="-121.189484">
				<ele>954.943665</ele>
				<time>2026-07-17T18:18:27Z</time>
			</trkpt>
			<trkpt lat="48.030033" lon="-121.189415">
				<ele>955.130554</ele>
				<time>2026-07-17T18:18:35Z</time>
			</trkpt>
			<trkpt lat="48.029999" lon="-121.189369">
				<ele>954.880859</ele>
				<time>2026-07-17T18:18:41Z</time>
			</trkpt>
			<trkpt lat="48.029964" lon="-121.189308">
				<ele>955.466125</ele>
				<time>2026-07-17T18:18:47Z</time>
			</trkpt>
			<trkpt lat="48.02993" lon="-121.189262">
				<ele>954.378845</ele>
				<time>2026-07-17T18:18:52Z</time>
			</trkpt>
			<trkpt lat="48.029812" lon="-121.189178">
				<ele>961.101807</ele>
				<time>2026-07-17T18:19:17Z</time>
			</trkpt>
			<trkpt lat="48.029804" lon="-121.189117">
				<ele>959.484863</ele>
				<time>2026-07-17T18:19:22Z</time>
			</trkpt>
			<trkpt lat="48.029785" lon="-121.189049">
				<ele>959.830994</ele>
				<time>2026-07-17T18:19:29Z</time>
			</trkpt>
			<trkpt lat="48.029758" lon="-121.189003">
				<ele>958.894714</ele>
				<time>2026-07-17T18:19:37Z</time>
			</trkpt>
			<trkpt lat="48.029724" lon="-121.188889">
				<ele>960.961914</ele>
				<time>2026-07-17T18:19:53Z</time>
			</trkpt>
			<trkpt lat="48.02972" lon="-121.18882">
				<ele>958.062317</ele>
				<time>2026-07-17T18:20:01Z</time>
			</trkpt>
			<trkpt lat="48.02961" lon="-121.188629">
				<ele>967.137573</ele>
				<time>2026-07-17T18:20:39Z</time>
			</trkpt>
			<trkpt lat="48.029583" lon="-121.188507">
				<ele>969.662231</ele>
				<time>2026-07-17T18:20:58Z</time>
			</trkpt>
			<trkpt lat="48.029591" lon="-121.188385">
				<ele>969.087952</ele>
				<time>2026-07-17T18:21:15Z</time>
			</trkpt>
			<trkpt lat="48.029522" lon="-121.188126">
				<ele>975.184143</ele>
				<time>2026-07-17T18:21:49Z</time>
			</trkpt>
			<trkpt lat="48.029518" lon="-121.188057">
				<ele>975.093384</ele>
				<time>2026-07-17T18:21:57Z</time>
			</trkpt>
			<trkpt lat="48.029457" lon="-121.187881">
				<ele>982.312134</ele>
				<time>2026-07-17T18:22:20Z</time>
			</trkpt>
			<trkpt lat="48.029457" lon="-121.187805">
				<ele>981.972412</ele>
				<time>2026-07-17T18:22:28Z</time>
			</trkpt>
			<trkpt lat="48.029461" lon="-121.187592">
				<ele>985.707825</ele>
				<time>2026-07-17T18:22:58Z</time>
			</trkpt>
			<trkpt lat="48.029449" lon="-121.187515">
				<ele>985.088257</ele>
				<time>2026-07-17T18:23:04Z</time>
			</trkpt>
			<trkpt lat="48.029381" lon="-121.187401">
				<ele>991.131592</ele>
				<time>2026-07-17T18:23:31Z</time>
			</trkpt>
			<trkpt lat="48.029316" lon="-121.187309">
				<ele>991.709106</ele>
				<time>2026-07-17T18:23:50Z</time>
			</trkpt>
			<trkpt lat="48.029236" lon="-121.187241">
				<ele>995.798401</ele>
				<time>2026-07-17T18:24:04Z</time>
			</trkpt>
			<trkpt lat="48.029221" lon="-121.187172">
				<ele>993.496277</ele>
				<time>2026-07-17T18:24:14Z</time>
			</trkpt>
			<trkpt lat="48.029171" lon="-121.186981">
				<ele>998.168884</ele>
				<time>2026-07-17T18:24:39Z</time>
			</trkpt>
			<trkpt lat="48.029152" lon="-121.186913">
				<ele>998.441711</ele>
				<time>2026-07-17T18:24:53Z</time>
			</trkpt>
			<trkpt lat="48.02916" lon="-121.186836">
				<ele>998.274048</ele>
				<time>2026-07-17T18:25:03Z</time>
			</trkpt>
			<trkpt lat="48.02914" lon="-121.186699">
				<ele>1001.148193</ele>
				<time>2026-07-17T18:25:21Z</time>
			</trkpt>
			<trkpt lat="48.029163" lon="-121.186501">
				<ele>1006.713684</ele>
				<time>2026-07-17T18:25:54Z</time>
			</trkpt>
			<trkpt lat="48.029179" lon="-121.186371">
				<ele>1015.587463</ele>
				<time>2026-07-17T18:26:16Z</time>
			</trkpt>
			<trkpt lat="48.02919" lon="-121.186172">
				<ele>1017.827637</ele>
				<time>2026-07-17T18:26:45Z</time>
			</trkpt>
			<trkpt lat="48.029194" lon="-121.186104">
				<ele>1016.973206</ele>
				<time>2026-07-17T18:26:54Z</time>
			</trkpt>
			<trkpt lat="48.029282" lon="-121.186188">
				<ele>1019.386719</ele>
				<time>2026-07-17T18:27:10Z</time>
			</trkpt>
			<trkpt lat="48.029377" lon="-121.186241">
				<ele>1019.84906</ele>
				<time>2026-07-17T18:27:28Z</time>
			</trkpt>
			<trkpt lat="48.029419" lon="-121.186272">
				<ele>1017.02002</ele>
				<time>2026-07-17T18:27:34Z</time>
			</trkpt>
			<trkpt lat="48.029552" lon="-121.186539">
				<ele>1026.699707</ele>
				<time>2026-07-17T18:28:20Z</time>
			</trkpt>
			<trkpt lat="48.02956" lon="-121.186211">
				<ele>1036.341675</ele>
				<time>2026-07-17T18:29:07Z</time>
			</trkpt>
			<trkpt lat="48.029549" lon="-121.18615">
				<ele>1035.470093</ele>
				<time>2026-07-17T18:29:16Z</time>
			</trkpt>
			<trkpt lat="48.029499" lon="-121.186043">
				<ele>1035.357422</ele>
				<time>2026-07-17T18:29:35Z</time>
			</trkpt>
			<trkpt lat="48.029427" lon="-121.185791">
				<ele>1042.977051</ele>
				<time>2026-07-17T18:30:19Z</time>
			</trkpt>
			<trkpt lat="48.029469" lon="-121.185814">
				<ele>1043.870239</ele>
				<time>2026-07-17T18:30:28Z</time>
			</trkpt>
			<trkpt lat="48.029556" lon="-121.185883">
				<ele>1044.015259</ele>
				<time>2026-07-17T18:30:44Z</time>
			</trkpt>
			<trkpt lat="48.029594" lon="-121.185921">
				<ele>1046.755737</ele>
				<time>2026-07-17T18:30:53Z</time>
			</trkpt>
			<trkpt lat="48.029713" lon="-121.186012">
				<ele>1048.323486</ele>
				<time>2026-07-17T18:31:13Z</time>
			</trkpt>
			<trkpt lat="48.029751" lon="-121.186058">
				<ele>1048.008179</ele>
				<time>2026-07-17T18:31:22Z</time>
			</trkpt>
			<trkpt lat="48.029804" lon="-121.186157">
				<ele>1050.86499</ele>
				<time>2026-07-17T18:31:38Z</time>
			</trkpt>
			<trkpt lat="48.029831" lon="-121.186218">
				<ele>1050.314941</ele>
				<time>2026-07-17T18:31:45Z</time>
			</trkpt>
			<trkpt lat="48.029934" lon="-121.18644">
				<ele>1056.442017</ele>
				<time>2026-07-17T18:32:17Z</time>
			</trkpt>
			<trkpt lat="48.029984" lon="-121.186447">
				<ele>1053.195801</ele>
				<time>2026-07-17T18:32:24Z</time>
			</trkpt>
			<trkpt lat="48.030045" lon="-121.186539">
				<ele>1058.446777</ele>
				<time>2026-07-17T18:32:41Z</time>
			</trkpt>
			<trkpt lat="48.03009" lon="-121.186562">
				<ele>1058.303589</ele>
				<time>2026-07-17T18:32:50Z</time>
			</trkpt>
			<trkpt lat="48.030304" lon="-121.18679">
				<ele>1065.50708</ele>
				<time>2026-07-17T18:33:38Z</time>
			</trkpt>
			<trkpt lat="48.030212" lon="-121.186569">
				<ele>1073.578003</ele>
				<time>2026-07-17T18:34:17Z</time>
			</trkpt>
			<trkpt lat="48.030197" lon="-121.18644">
				<ele>1075.291016</ele>
				<time>2026-07-17T18:34:39Z</time>
			</trkpt>
			<trkpt lat="48.030167" lon="-121.186386">
				<ele>1075.285645</ele>
				<time>2026-07-17T18:34:49Z</time>
			</trkpt>
			<trkpt lat="48.030155" lon="-121.186317">
				<ele>1078.956543</ele>
				<time>2026-07-17T18:35:00Z</time>
			</trkpt>
			<trkpt lat="48.030132" lon="-121.186256">
				<ele>1079.030884</ele>
				<time>2026-07-17T18:35:10Z</time>
			</trkpt>
			<trkpt lat="48.030132" lon="-121.186188">
				<ele>1078.900146</ele>
				<time>2026-07-17T18:35:18Z</time>
			</trkpt>
			<trkpt lat="48.030106" lon="-121.186134">
				<ele>1083.158325</ele>
				<time>2026-07-17T18:35:31Z</time>
			</trkpt>
			<trkpt lat="48.03009" lon="-121.185997">
				<ele>1080.576416</ele>
				<time>2026-07-17T18:35:46Z</time>
			</trkpt>
			<trkpt lat="48.030075" lon="-121.185921">
				<ele>1084.291992</ele>
				<time>2026-07-17T18:35:52Z</time>
			</trkpt>
			<trkpt lat="48.03009" lon="-121.185585">
				<ele>1088.265747</ele>
				<time>2026-07-17T18:36:28Z</time>
			</trkpt>
			<trkpt lat="48.030075" lon="-121.185463">
				<ele>1092.56897</ele>
				<time>2026-07-17T18:36:49Z</time>
			</trkpt>
			<trkpt lat="48.030014" lon="-121.185204">
				<ele>1096.133789</ele>
				<time>2026-07-17T18:37:23Z</time>
			</trkpt>
			<trkpt lat="48.030025" lon="-121.185135">
				<ele>1098.37085</ele>
				<time>2026-07-17T18:37:32Z</time>
			</trkpt>
			<trkpt lat="48.030006" lon="-121.185005">
				<ele>1099.29834</ele>
				<time>2026-07-17T18:37:52Z</time>
			</trkpt>
			<trkpt lat="48.030022" lon="-121.184486">
				<ele>1109.790894</ele>
				<time>2026-07-17T18:39:02Z</time>
			</trkpt>
			<trkpt lat="48.030254" lon="-121.184708">
				<ele>1120.12915</ele>
				<time>2026-07-17T18:40:13Z</time>
			</trkpt>
			<trkpt lat="48.030281" lon="-121.184761">
				<ele>1119.968018</ele>
				<time>2026-07-17T18:40:21Z</time>
			</trkpt>
			<trkpt lat="48.030319" lon="-121.184814">
				<ele>1120.612427</ele>
				<time>2026-07-17T18:40:31Z</time>
			</trkpt>
			<trkpt lat="48.030361" lon="-121.184845">
				<ele>1120.368164</ele>
				<time>2026-07-17T18:40:38Z</time>
			</trkpt>
			<trkpt lat="48.030403" lon="-121.18486">
				<ele>1121.975952</ele>
				<time>2026-07-17T18:40:46Z</time>
			</trkpt>
			<trkpt lat="48.030449" lon="-121.184868">
				<ele>1119.962158</ele>
				<time>2026-07-17T18:40:52Z</time>
			</trkpt>
			<trkpt lat="48.030487" lon="-121.184898">
				<ele>1124.181519</ele>
				<time>2026-07-17T18:41:02Z</time>
			</trkpt>
			<trkpt lat="48.030659" lon="-121.185005">
				<ele>1129.682007</ele>
				<time>2026-07-17T18:41:38Z</time>
			</trkpt>
			<trkpt lat="48.030704" lon="-121.185028">
				<ele>1129.09436</ele>
				<time>2026-07-17T18:41:45Z</time>
			</trkpt>
			<trkpt lat="48.03075" lon="-121.185051">
				<ele>1129.540771</ele>
				<time>2026-07-17T18:41:54Z</time>
			</trkpt>
			<trkpt lat="48.030884" lon="-121.185127">
				<ele>1136.798462</ele>
				<time>2026-07-17T18:42:31Z</time>
			</trkpt>
			<trkpt lat="48.03093" lon="-121.185143">
				<ele>1135.698975</ele>
				<time>2026-07-17T18:42:39Z</time>
			</trkpt>
			<trkpt lat="48.031059" lon="-121.185204">
				<ele>1139.596191</ele>
				<time>2026-07-17T18:43:04Z</time>
			</trkpt>
			<trkpt lat="48.031208" lon="-121.185257">
				<ele>1138.647339</ele>
				<time>2026-07-17T18:43:27Z</time>
			</trkpt>
			<trkpt lat="48.031258" lon="-121.185249">
				<ele>1139.151245</ele>
				<time>2026-07-17T18:43:33Z</time>
			</trkpt>
			<trkpt lat="48.031342" lon="-121.185234">
				<ele>1145.692017</ele>
				<time>2026-07-17T18:43:50Z</time>
			</trkpt>
			<trkpt lat="48.031425" lon="-121.185303">
				<ele>1147.064087</ele>
				<time>2026-07-17T18:44:00Z</time>
			</trkpt>
			<trkpt lat="48.031467" lon="-121.18541">
				<ele>1146.009888</ele>
				<time>2026-07-17T18:44:16Z</time>
			</trkpt>
			<trkpt lat="48.03149" lon="-121.185463">
				<ele>1147.44519</ele>
				<time>2026-07-17T18:44:22Z</time>
			</trkpt>
			<trkpt lat="48.031609" lon="-121.185585">
				<ele>1145.529907</ele>
				<time>2026-07-17T18:44:42Z</time>
			</trkpt>
			<trkpt lat="48.031723" lon="-121.185684">
				<ele>1153.94458</ele>
				<time>2026-07-17T18:45:07Z</time>
			</trkpt>
			<trkpt lat="48.031757" lon="-121.185738">
				<ele>1152.204834</ele>
				<time>2026-07-17T18:45:13Z</time>
			</trkpt>
			<trkpt lat="48.031857" lon="-121.185799">
				<ele>1153.963135</ele>
				<time>2026-07-17T18:45:27Z</time>
			</trkpt>
			<trkpt lat="48.031841" lon="-121.185738">
				<ele>1161.02063</ele>
				<time>2026-07-17T18:45:54Z</time>
			</trkpt>
			<trkpt lat="48.031818" lon="-121.185608">
				<ele>1164.402466</ele>
				<time>2026-07-17T18:46:16Z</time>
			</trkpt>
			<trkpt lat="48.031796" lon="-121.185402">
				<ele>1165.604614</ele>
				<time>2026-07-17T18:46:42Z</time>
			</trkpt>
			<trkpt lat="48.031742" lon="-121.18515">
				<ele>1171.60791</ele>
				<time>2026-07-17T18:47:15Z</time>
			</trkpt>
			<trkpt lat="48.031757" lon="-121.184959">
				<ele>1169.345947</ele>
				<time>2026-07-17T18:47:40Z</time>
			</trkpt>
			<trkpt lat="48.031647" lon="-121.184875">
				<ele>1175.208374</ele>
				<time>2026-07-17T18:48:03Z</time>
			</trkpt>
			<trkpt lat="48.031616" lon="-121.18483">
				<ele>1174.835815</ele>
				<time>2026-07-17T18:48:12Z</time>
			</trkpt>
			<trkpt lat="48.031582" lon="-121.184784">
				<ele>1175.941162</ele>
				<time>2026-07-17T18:48:19Z</time>
			</trkpt>
			<trkpt lat="48.031532" lon="-121.184669">
				<ele>1174.760498</ele>
				<time>2026-07-17T18:48:36Z</time>
			</trkpt>
			<trkpt lat="48.031311" lon="-121.184158">
				<ele>1185.475342</ele>
				<time>2026-07-17T18:49:47Z</time>
			</trkpt>
			<trkpt lat="48.031532" lon="-121.184151">
				<ele>1196.467896</ele>
				<time>2026-07-17T18:50:39Z</time>
			</trkpt>
			<trkpt lat="48.031654" lon="-121.184242">
				<ele>1194.403198</ele>
				<time>2026-07-17T18:50:59Z</time>
			</trkpt>
			<trkpt lat="48.031765" lon="-121.184372">
				<ele>1197.634277</ele>
				<time>2026-07-17T18:51:27Z</time>
			</trkpt>
			<trkpt lat="48.031944" lon="-121.184372">
				<ele>1203.271729</ele>
				<time>2026-07-17T18:52:00Z</time>
			</trkpt>
			<trkpt lat="48.03191" lon="-121.184334">
				<ele>1203.164551</ele>
				<time>2026-07-17T18:52:17Z</time>
			</trkpt>
			<trkpt lat="48.031818" lon="-121.184189">
				<ele>1207.358521</ele>
				<time>2026-07-17T18:52:44Z</time>
			</trkpt>
			<trkpt lat="48.031742" lon="-121.183952">
				<ele>1210.463013</ele>
				<time>2026-07-17T18:53:18Z</time>
			</trkpt>
			<trkpt lat="48.031734" lon="-121.183884">
				<ele>1215.15918</ele>
				<time>2026-07-17T18:53:29Z</time>
			</trkpt>
			<trkpt lat="48.031738" lon="-121.1838">
				<ele>1214.247803</ele>
				<time>2026-07-17T18:53:38Z</time>
			</trkpt>
			<trkpt lat="48.031734" lon="-121.18367">
				<ele>1218.567017</ele>
				<time>2026-07-17T18:53:56Z</time>
			</trkpt>
			<trkpt lat="48.031784" lon="-121.183647">
				<ele>1218.093262</ele>
				<time>2026-07-17T18:54:10Z</time>
			</trkpt>
			<trkpt lat="48.03186" lon="-121.18383">
				<ele>1220.678223</ele>
				<time>2026-07-17T18:54:31Z</time>
			</trkpt>
			<trkpt lat="48.031906" lon="-121.183952">
				<ele>1219.655273</ele>
				<time>2026-07-17T18:54:43Z</time>
			</trkpt>
			<trkpt lat="48.031979" lon="-121.184036">
				<ele>1221.386108</ele>
				<time>2026-07-17T18:54:58Z</time>
			</trkpt>
			<trkpt lat="48.032024" lon="-121.184052">
				<ele>1220.587646</ele>
				<time>2026-07-17T18:55:05Z</time>
			</trkpt>
			<trkpt lat="48.032166" lon="-121.184113">
				<ele>1224.933716</ele>
				<time>2026-07-17T18:57:57Z</time>
			</trkpt>
			<trkpt lat="48.032124" lon="-121.184097">
				<ele>1227.508179</ele>
				<time>2026-07-17T18:58:11Z</time>
			</trkpt>
			<trkpt lat="48.032082" lon="-121.184059">
				<ele>1226.766113</ele>
				<time>2026-07-17T18:58:18Z</time>
			</trkpt>
			<trkpt lat="48.031937" lon="-121.183876">
				<ele>1228.525513</ele>
				<time>2026-07-17T18:58:45Z</time>
			</trkpt>
			<trkpt lat="48.031918" lon="-121.183746">
				<ele>1227.282471</ele>
				<time>2026-07-17T18:58:55Z</time>
			</trkpt>
			<trkpt lat="48.031914" lon="-121.183678">
				<ele>1228.85498</ele>
				<time>2026-07-17T18:59:00Z</time>
			</trkpt>
			<trkpt lat="48.031933" lon="-121.183624">
				<ele>1227.251709</ele>
				<time>2026-07-17T18:59:05Z</time>
			</trkpt>
			<trkpt lat="48.031937" lon="-121.183479">
				<ele>1231.026123</ele>
				<time>2026-07-17T18:59:20Z</time>
			</trkpt>
			<trkpt lat="48.032024" lon="-121.183617">
				<ele>1238.151123</ele>
				<time>2026-07-17T18:59:47Z</time>
			</trkpt>
			<trkpt lat="48.032173" lon="-121.183655">
				<ele>1240.487061</ele>
				<time>2026-07-17T19:00:18Z</time>
			</trkpt>
			<trkpt lat="48.032215" lon="-121.183701">
				<ele>1239.101074</ele>
				<time>2026-07-17T19:00:24Z</time>
			</trkpt>
			<trkpt lat="48.032326" lon="-121.183807">
				<ele>1244.1073</ele>
				<time>2026-07-17T19:00:48Z</time>
			</trkpt>
			<trkpt lat="48.032234" lon="-121.183571">
				<ele>1251.96936</ele>
				<time>2026-07-17T19:01:46Z</time>
			</trkpt>
			<trkpt lat="48.0322" lon="-121.183533">
				<ele>1250.791016</ele>
				<time>2026-07-17T19:01:53Z</time>
			</trkpt>
			<trkpt lat="48.03223" lon="-121.183472">
				<ele>1251.24353</ele>
				<time>2026-07-17T19:01:58Z</time>
			</trkpt>
			<trkpt lat="48.032272" lon="-121.183456">
				<ele>1252.721069</ele>
				<time>2026-07-17T19:02:07Z</time>
			</trkpt>
			<trkpt lat="48.032345" lon="-121.183556">
				<ele>1252.151489</ele>
				<time>2026-07-17T19:02:19Z</time>
			</trkpt>
			<trkpt lat="48.032383" lon="-121.183601">
				<ele>1252.873657</ele>
				<time>2026-07-17T19:02:27Z</time>
			</trkpt>
			<trkpt lat="48.032501" lon="-121.183723">
				<ele>1260.896973</ele>
				<time>2026-07-17T19:03:00Z</time>
			</trkpt>
			<trkpt lat="48.032539" lon="-121.183769">
				<ele>1260.03772</ele>
				<time>2026-07-17T19:03:08Z</time>
			</trkpt>
			<trkpt lat="48.032482" lon="-121.183662">
				<ele>1262.462036</ele>
				<time>2026-07-17T19:03:32Z</time>
			</trkpt>
			<trkpt lat="48.032433" lon="-121.18354">
				<ele>1261.848633</ele>
				<time>2026-07-17T19:03:43Z</time>
			</trkpt>
			<trkpt lat="48.032406" lon="-121.183487">
				<ele>1265.387695</ele>
				<time>2026-07-17T19:03:52Z</time>
			</trkpt>
			<trkpt lat="48.032345" lon="-121.183372">
				<ele>1266.590942</ele>
				<time>2026-07-17T19:04:09Z</time>
			</trkpt>
			<trkpt lat="48.032326" lon="-121.183311">
				<ele>1266.031006</ele>
				<time>2026-07-17T19:04:17Z</time>
			</trkpt>
			<trkpt lat="48.032307" lon="-121.18325">
				<ele>1268.980713</ele>
				<time>2026-07-17T19:04:27Z</time>
			</trkpt>
			<trkpt lat="48.032131" lon="-121.1828">
				<ele>1275.750488</ele>
				<time>2026-07-17T19:05:37Z</time>
			</trkpt>
			<trkpt lat="48.032089" lon="-121.182686">
				<ele>1280.025269</ele>
				<time>2026-07-17T19:05:59Z</time>
			</trkpt>
			<trkpt lat="48.032036" lon="-121.182358">
				<ele>1285.308838</ele>
				<time>2026-07-17T19:06:48Z</time>
			</trkpt>
			<trkpt lat="48.032082" lon="-121.182373">
				<ele>1289.040894</ele>
				<time>2026-07-17T19:07:05Z</time>
			</trkpt>
			<trkpt lat="48.03212" lon="-121.182419">
				<ele>1288.609497</ele>
				<time>2026-07-17T19:07:11Z</time>
			</trkpt>
			<trkpt lat="48.032192" lon="-121.18251">
				<ele>1291.626831</ele>
				<time>2026-07-17T19:07:27Z</time>
			</trkpt>
			<trkpt lat="48.032272" lon="-121.182594">
				<ele>1293.134399</ele>
				<time>2026-07-17T19:07:42Z</time>
			</trkpt>
			<trkpt lat="48.032299" lon="-121.18264">
				<ele>1292.307007</ele>
				<time>2026-07-17T19:07:48Z</time>
			</trkpt>
			<trkpt lat="48.032326" lon="-121.182693">
				<ele>1293.588745</ele>
				<time>2026-07-17T19:07:56Z</time>
			</trkpt>
			<trkpt lat="48.032368" lon="-121.182732">
				<ele>1293.991699</ele>
				<time>2026-07-17T19:08:02Z</time>
			</trkpt>
			<trkpt lat="48.032406" lon="-121.18277">
				<ele>1293.629395</ele>
				<time>2026-07-17T19:08:08Z</time>
			</trkpt>
			<trkpt lat="48.03249" lon="-121.182831">
				<ele>1294.42981</ele>
				<time>2026-07-17T19:08:25Z</time>
			</trkpt>
			<trkpt lat="48.032558" lon="-121.182899">
				<ele>1297.64624</ele>
				<time>2026-07-17T19:08:39Z</time>
			</trkpt>
			<trkpt lat="48.032631" lon="-121.182983">
				<ele>1297.992676</ele>
				<time>2026-07-17T19:08:54Z</time>
			</trkpt>
			<trkpt lat="48.032696" lon="-121.183083">
				<ele>1296.604126</ele>
				<time>2026-07-17T19:09:08Z</time>
			</trkpt>
			<trkpt lat="48.032925" lon="-121.183296">
				<ele>1304.242554</ele>
				<time>2026-07-17T19:09:53Z</time>
			</trkpt>
			<trkpt lat="48.032974" lon="-121.183296">
				<ele>1303.148193</ele>
				<time>2026-07-17T19:10:00Z</time>
			</trkpt>
			<trkpt lat="48.032921" lon="-121.183296">
				<ele>1308.701538</ele>
				<time>2026-07-17T19:10:25Z</time>
			</trkpt>
			<trkpt lat="48.032894" lon="-121.183243">
				<ele>1308.50293</ele>
				<time>2026-07-17T19:10:31Z</time>
			</trkpt>
			<trkpt lat="48.032871" lon="-121.183182">
				<ele>1308.523438</ele>
				<time>2026-07-17T19:10:36Z</time>
			</trkpt>
			<trkpt lat="48.032742" lon="-121.182907">
				<ele>1312.102295</ele>
				<time>2026-07-17T19:11:07Z</time>
			</trkpt>
			<trkpt lat="48.032703" lon="-121.18277">
				<ele>1312.36377</ele>
				<time>2026-07-17T19:11:18Z</time>
			</trkpt>
			<trkpt lat="48.032669" lon="-121.18264">
				<ele>1313.270996</ele>
				<time>2026-07-17T19:11:31Z</time>
			</trkpt>
			<trkpt lat="48.032627" lon="-121.182594">
				<ele>1314.873779</ele>
				<time>2026-07-17T19:11:39Z</time>
			</trkpt>
			<trkpt lat="48.032597" lon="-121.182533">
				<ele>1315.203003</ele>
				<time>2026-07-17T19:11:46Z</time>
			</trkpt>
			<trkpt lat="48.03257" lon="-121.182472">
				<ele>1315.093262</ele>
				<time>2026-07-17T19:11:54Z</time>
			</trkpt>
			<trkpt lat="48.032539" lon="-121.18235">
				<ele>1317.284302</ele>
				<time>2026-07-17T19:12:08Z</time>
			</trkpt>
			<trkpt lat="48.03252" lon="-121.182289">
				<ele>1317.235107</ele>
				<time>2026-07-17T19:12:15Z</time>
			</trkpt>
			<trkpt lat="48.032509" lon="-121.182228">
				<ele>1317.723999</ele>
				<time>2026-07-17T19:12:22Z</time>
			</trkpt>
			<trkpt lat="48.032448" lon="-121.181953">
				<ele>1323.853638</ele>
				<time>2026-07-17T19:12:51Z</time>
			</trkpt>
			<trkpt lat="48.032471" lon="-121.181831">
				<ele>1323.388062</ele>
				<time>2026-07-17T19:13:08Z</time>
			</trkpt>
			<trkpt lat="48.032391" lon="-121.18177">
				<ele>1328.016357</ele>
				<time>2026-07-17T19:13:25Z</time>
			</trkpt>
			<trkpt lat="48.032341" lon="-121.181671">
				<ele>1326.851563</ele>
				<time>2026-07-17T19:13:37Z</time>
			</trkpt>
			<trkpt lat="48.032295" lon="-121.181549">
				<ele>1328.774658</ele>
				<time>2026-07-17T19:13:50Z</time>
			</trkpt>
			<trkpt lat="48.03228" lon="-121.18148">
				<ele>1328.597778</ele>
				<time>2026-07-17T19:13:57Z</time>
			</trkpt>
			<trkpt lat="48.032265" lon="-121.181419">
				<ele>1329.00647</ele>
				<time>2026-07-17T19:14:03Z</time>
			</trkpt>
			<trkpt lat="48.032288" lon="-121.181282">
				<ele>1328.014648</ele>
				<time>2026-07-17T19:14:14Z</time>
			</trkpt>
			<trkpt lat="48.032269" lon="-121.181221">
				<ele>1329.942749</ele>
				<time>2026-07-17T19:14:20Z</time>
			</trkpt>
			<trkpt lat="48.032238" lon="-121.181076">
				<ele>1330.522827</ele>
				<time>2026-07-17T19:14:32Z</time>
			</trkpt>
			<trkpt lat="48.032211" lon="-121.181015">
				<ele>1331.95105</ele>
				<time>2026-07-17T19:14:38Z</time>
			</trkpt>
			<trkpt lat="48.032169" lon="-121.180878">
				<ele>1332.306519</ele>
				<time>2026-07-17T19:14:50Z</time>
			</trkpt>
			<trkpt lat="48.032097" lon="-121.180687">
				<ele>1334.358032</ele>
				<time>2026-07-17T19:15:14Z</time>
			</trkpt>
			<trkpt lat="48.032085" lon="-121.180618">
				<ele>1334.310669</ele>
				<time>2026-07-17T19:15:19Z</time>
			</trkpt>
			<trkpt lat="48.032066" lon="-121.180557">
				<ele>1336.095947</ele>
				<time>2026-07-17T19:15:24Z</time>
			</trkpt>
			<trkpt lat="48.032066" lon="-121.180428">
				<ele>1335.654297</ele>
				<time>2026-07-17T19:15:36Z</time>
			</trkpt>
			<trkpt lat="48.032059" lon="-121.180283">
				<ele>1337.499878</ele>
				<time>2026-07-17T19:15:49Z</time>
			</trkpt>
			<trkpt lat="48.032066" lon="-121.180214">
				<ele>1337.943115</ele>
				<time>2026-07-17T19:15:54Z</time>
			</trkpt>
			<trkpt lat="48.032078" lon="-121.180145">
				<ele>1337.556396</ele>
				<time>2026-07-17T19:15:59Z</time>
			</trkpt>
			<trkpt lat="48.032097" lon="-121.180084">
				<ele>1338.360107</ele>
				<time>2026-07-17T19:16:05Z</time>
			</trkpt>
			<trkpt lat="48.032185" lon="-121.180054">
				<ele>1336.010498</ele>
				<time>2026-07-17T19:16:14Z</time>
			</trkpt>
			<trkpt lat="48.032227" lon="-121.180031">
				<ele>1339.385986</ele>
				<time>2026-07-17T19:16:23Z</time>
			</trkpt>
			<trkpt lat="48.032303" lon="-121.179962">
				<ele>1339.842651</ele>
				<time>2026-07-17T19:16:37Z</time>
			</trkpt>
			<trkpt lat="48.032326" lon="-121.179909">
				<ele>1339.674561</ele>
				<time>2026-07-17T19:16:44Z</time>
			</trkpt>
			<trkpt lat="48.032333" lon="-121.179771">
				<ele>1345.450928</ele>
				<time>2026-07-17T19:17:00Z</time>
			</trkpt>
			<trkpt lat="48.032372" lon="-121.179657">
				<ele>1346.217529</ele>
				<time>2026-07-17T19:17:13Z</time>
			</trkpt>
			<trkpt lat="48.032402" lon="-121.179596">
				<ele>1346.199585</ele>
				<time>2026-07-17T19:17:21Z</time>
			</trkpt>
			<trkpt lat="48.032452" lon="-121.179489">
				<ele>1348.345825</ele>
				<time>2026-07-17T19:17:36Z</time>
			</trkpt>
			<trkpt lat="48.032463" lon="-121.17942">
				<ele>1347.628784</ele>
				<time>2026-07-17T19:17:41Z</time>
			</trkpt>
			<trkpt lat="48.032337" lon="-121.179382">
				<ele>1352.838989</ele>
				<time>2026-07-17T19:17:59Z</time>
			</trkpt>
			<trkpt lat="48.032291" lon="-121.17926">
				<ele>1355.268066</ele>
				<time>2026-07-17T19:18:13Z</time>
			</trkpt>
			<trkpt lat="48.032322" lon="-121.179123">
				<ele>1354.238403</ele>
				<time>2026-07-17T19:18:27Z</time>
			</trkpt>
			<trkpt lat="48.032352" lon="-121.178986">
				<ele>1356.835815</ele>
				<time>2026-07-17T19:18:42Z</time>
			</trkpt>
			<trkpt lat="48.032314" lon="-121.178879">
				<ele>1364.812988</ele>
				<time>2026-07-17T19:19:03Z</time>
			</trkpt>
			<trkpt lat="48.032314" lon="-121.17881">
				<ele>1365.111084</ele>
				<time>2026-07-17T19:19:11Z</time>
			</trkpt>
			<trkpt lat="48.032326" lon="-121.178749">
				<ele>1364.436157</ele>
				<time>2026-07-17T19:19:17Z</time>
			</trkpt>
			<trkpt lat="48.032322" lon="-121.17868">
				<ele>1365.089355</ele>
				<time>2026-07-17T19:19:24Z</time>
			</trkpt>
			<trkpt lat="48.032333" lon="-121.178551">
				<ele>1362.747925</ele>
				<time>2026-07-17T19:19:37Z</time>
			</trkpt>
			<trkpt lat="48.032341" lon="-121.178421">
				<ele>1366.790039</ele>
				<time>2026-07-17T19:19:51Z</time>
			</trkpt>
			<trkpt lat="48.032368" lon="-121.178352">
				<ele>1365.516602</ele>
				<time>2026-07-17T19:19:57Z</time>
			</trkpt>
			<trkpt lat="48.032379" lon="-121.178169">
				<ele>1371.17981</ele>
				<time>2026-07-17T19:20:21Z</time>
			</trkpt>
			<trkpt lat="48.032417" lon="-121.17804">
				<ele>1372.739258</ele>
				<time>2026-07-17T19:20:35Z</time>
			</trkpt>
			<trkpt lat="48.032433" lon="-121.177979">
				<ele>1372.544189</ele>
				<time>2026-07-17T19:20:42Z</time>
			</trkpt>
			<trkpt lat="48.032459" lon="-121.177856">
				<ele>1374.884888</ele>
				<time>2026-07-17T19:21:00Z</time>
			</trkpt>
			<trkpt lat="48.032463" lon="-121.17778">
				<ele>1373.54187</ele>
				<time>2026-07-17T19:21:07Z</time>
			</trkpt>
			<trkpt lat="48.032494" lon="-121.177589">
				<ele>1383.830811</ele>
				<time>2026-07-17T19:21:34Z</time>
			</trkpt>
			<trkpt lat="48.032486" lon="-121.177521">
				<ele>1383.136108</ele>
				<time>2026-07-17T19:21:44Z</time>
			</trkpt>
			<trkpt lat="48.032478" lon="-121.177452">
				<ele>1383.810913</ele>
				<time>2026-07-17T19:21:52Z</time>
			</trkpt>
			<trkpt lat="48.032513" lon="-121.177322">
				<ele>1382.330078</ele>
				<time>2026-07-17T19:22:06Z</time>
			</trkpt>
			<trkpt lat="48.032524" lon="-121.177254">
				<ele>1383.45105</ele>
				<time>2026-07-17T19:22:13Z</time>
			</trkpt>
			<trkpt lat="48.032551" lon="-121.177193">
				<ele>1382.853882</ele>
				<time>2026-07-17T19:22:23Z</time>
			</trkpt>
			<trkpt lat="48.032612" lon="-121.176826">
				<ele>1392.626343</ele>
				<time>2026-07-17T19:23:03Z</time>
			</trkpt>
			<trkpt lat="48.032677" lon="-121.176743">
				<ele>1390.308594</ele>
				<time>2026-07-17T19:23:16Z</time>
			</trkpt>
			<trkpt lat="48.032696" lon="-121.176682">
				<ele>1390.774536</ele>
				<time>2026-07-17T19:23:24Z</time>
			</trkpt>
			<trkpt lat="48.032703" lon="-121.176613">
				<ele>1390.549438</ele>
				<time>2026-07-17T19:23:32Z</time>
			</trkpt>
			<trkpt lat="48.032742" lon="-121.176567">
				<ele>1391.52478</ele>
				<time>2026-07-17T19:23:40Z</time>
			</trkpt>
			<trkpt lat="48.032745" lon="-121.176498">
				<ele>1398.503784</ele>
				<time>2026-07-17T19:23:52Z</time>
			</trkpt>
			<trkpt lat="48.032791" lon="-121.176178">
				<ele>1405.011475</ele>
				<time>2026-07-17T19:24:35Z</time>
			</trkpt>
			<trkpt lat="48.032787" lon="-121.176033">
				<ele>1402.016235</ele>
				<time>2026-07-17T19:24:49Z</time>
			</trkpt>
			<trkpt lat="48.03278" lon="-121.175964">
				<ele>1404.675171</ele>
				<time>2026-07-17T19:24:56Z</time>
			</trkpt>
			<trkpt lat="48.032791" lon="-121.175888">
				<ele>1404.652832</ele>
				<time>2026-07-17T19:25:04Z</time>
			</trkpt>
			<trkpt lat="48.032818" lon="-121.175835">
				<ele>1404.374634</ele>
				<time>2026-07-17T19:25:12Z</time>
			</trkpt>
			<trkpt lat="48.032825" lon="-121.175774">
				<ele>1408.113037</ele>
				<time>2026-07-17T19:25:21Z</time>
			</trkpt>
			<trkpt lat="48.032845" lon="-121.175713">
				<ele>1408.656738</ele>
				<time>2026-07-17T19:25:30Z</time>
			</trkpt>
			<trkpt lat="48.032852" lon="-121.175644">
				<ele>1407.519287</ele>
				<time>2026-07-17T19:25:39Z</time>
			</trkpt>
			<trkpt lat="48.032936" lon="-121.175476">
				<ele>1409.079712</ele>
				<time>2026-07-17T19:26:04Z</time>
			</trkpt>
			<trkpt lat="48.033031" lon="-121.175247">
				<ele>1413.35791</ele>
				<time>2026-07-17T19:26:41Z</time>
			</trkpt>
			<trkpt lat="48.033356" lon="-121.17527">
				<ele>1420.79187</ele>
				<time>2026-07-17T19:27:40Z</time>
			</trkpt>
			<trkpt lat="48.033485" lon="-121.175354">
				<ele>1425.582642</ele>
				<time>2026-07-17T19:28:11Z</time>
			</trkpt>
			<trkpt lat="48.033554" lon="-121.175514">
				<ele>1426.932495</ele>
				<time>2026-07-17T19:28:31Z</time>
			</trkpt>
			<trkpt lat="48.033566" lon="-121.175591">
				<ele>1426.563843</ele>
				<time>2026-07-17T19:28:39Z</time>
			</trkpt>
			<trkpt lat="48.033688" lon="-121.175774">
				<ele>1433.477417</ele>
				<time>2026-07-17T19:29:20Z</time>
			</trkpt>
			<trkpt lat="48.033714" lon="-121.175728">
				<ele>1432.880859</ele>
				<time>2026-07-17T19:29:32Z</time>
			</trkpt>
			<trkpt lat="48.03389" lon="-121.175331">
				<ele>1444.142578</ele>
				<time>2026-07-17T19:30:30Z</time>
			</trkpt>
			<trkpt lat="48.034012" lon="-121.175247">
				<ele>1442.125</ele>
				<time>2026-07-17T19:30:56Z</time>
			</trkpt>
			<trkpt lat="48.03413" lon="-121.175278">
				<ele>1446.912354</ele>
				<time>2026-07-17T19:31:20Z</time>
			</trkpt>
			<trkpt lat="48.034153" lon="-121.175331">
				<ele>1446.612793</ele>
				<time>2026-07-17T19:31:27Z</time>
			</trkpt>
			<trkpt lat="48.034222" lon="-121.17543">
				<ele>1451.080322</ele>
				<time>2026-07-17T19:31:44Z</time>
			</trkpt>
			<trkpt lat="48.034233" lon="-121.175499">
				<ele>1451.781006</ele>
				<time>2026-07-17T19:31:49Z</time>
			</trkpt>
			<trkpt lat="48.034256" lon="-121.17556">
				<ele>1450.909424</ele>
				<time>2026-07-17T19:31:57Z</time>
			</trkpt>
			<trkpt lat="48.034283" lon="-121.175621">
				<ele>1452.46936</ele>
				<time>2026-07-17T19:32:06Z</time>
			</trkpt>
			<trkpt lat="48.034374" lon="-121.175766">
				<ele>1459.617676</ele>
				<time>2026-07-17T19:32:34Z</time>
			</trkpt>
			<trkpt lat="48.034405" lon="-121.175827">
				<ele>1457.23999</ele>
				<time>2026-07-17T19:32:42Z</time>
			</trkpt>
			<trkpt lat="48.034443" lon="-121.175865">
				<ele>1460.346191</ele>
				<time>2026-07-17T19:32:53Z</time>
			</trkpt>
			<trkpt lat="48.034489" lon="-121.175987">
				<ele>1458.825073</ele>
				<time>2026-07-17T19:33:07Z</time>
			</trkpt>
			<trkpt lat="48.034573" lon="-121.176018">
				<ele>1463.674805</ele>
				<time>2026-07-17T19:33:25Z</time>
			</trkpt>
			<trkpt lat="48.034607" lon="-121.176132">
				<ele>1462.092651</ele>
				<time>2026-07-17T19:33:33Z</time>
			</trkpt>
			<trkpt lat="48.03463" lon="-121.176193">
				<ele>1465.610474</ele>
				<time>2026-07-17T19:33:41Z</time>
			</trkpt>
			<trkpt lat="48.034695" lon="-121.1763">
				<ele>1464.672607</ele>
				<time>2026-07-17T19:33:54Z</time>
			</trkpt>
			<trkpt lat="48.034729" lon="-121.176346">
				<ele>1465.119141</ele>
				<time>2026-07-17T19:34:01Z</time>
			</trkpt>
			<trkpt lat="48.034786" lon="-121.17646">
				<ele>1470.874756</ele>
				<time>2026-07-17T19:34:19Z</time>
			</trkpt>
			<trkpt lat="48.034824" lon="-121.17659">
				<ele>1468.067505</ele>
				<time>2026-07-17T19:34:30Z</time>
			</trkpt>
			<trkpt lat="48.034863" lon="-121.176628">
				<ele>1468.844238</ele>
				<time>2026-07-17T19:34:35Z</time>
			</trkpt>
			<trkpt lat="48.034878" lon="-121.176697">
				<ele>1467.825317</ele>
				<time>2026-07-17T19:34:42Z</time>
			</trkpt>
			<trkpt lat="48.03524" lon="-121.177399">
				<ele>1479.783691</ele>
				<time>2026-07-17T19:36:08Z</time>
			</trkpt>
			<trkpt lat="48.035252" lon="-121.17746">
				<ele>1478.626465</ele>
				<time>2026-07-17T19:36:15Z</time>
			</trkpt>
			<trkpt lat="48.035282" lon="-121.177513">
				<ele>1479.087646</ele>
				<time>2026-07-17T19:36:22Z</time>
			</trkpt>
			<trkpt lat="48.035316" lon="-121.177567">
				<ele>1478.95752</ele>
				<time>2026-07-17T19:36:29Z</time>
			</trkpt>
			<trkpt lat="48.035465" lon="-121.177727">
				<ele>1486.755371</ele>
				<time>2026-07-17T19:37:01Z</time>
			</trkpt>
			<trkpt lat="48.035503" lon="-121.177765">
				<ele>1486.525879</ele>
				<time>2026-07-17T19:37:09Z</time>
			</trkpt>
			<trkpt lat="48.03558" lon="-121.177834">
				<ele>1488.866577</ele>
				<time>2026-07-17T19:37:24Z</time>
			</trkpt>
			<trkpt lat="48.035671" lon="-121.177841">
				<ele>1491.027954</ele>
				<time>2026-07-17T19:37:42Z</time>
			</trkpt>
			<trkpt lat="48.035652" lon="-121.177773">
				<ele>1492.547729</ele>
				<time>2026-07-17T19:38:00Z</time>
			</trkpt>
			<trkpt lat="48.035625" lon="-121.17765">
				<ele>1491.039551</ele>
				<time>2026-07-17T19:38:15Z</time>
			</trkpt>
			<trkpt lat="48.03561" lon="-121.177589">
				<ele>1492.438354</ele>
				<time>2026-07-17T19:38:20Z</time>
			</trkpt>
			<trkpt lat="48.035587" lon="-121.177452">
				<ele>1492.920288</ele>
				<time>2026-07-17T19:38:33Z</time>
			</trkpt>
			<trkpt lat="48.03558" lon="-121.177315">
				<ele>1495.59668</ele>
				<time>2026-07-17T19:38:48Z</time>
			</trkpt>
			<trkpt lat="48.035603" lon="-121.177177">
				<ele>1495.060181</ele>
				<time>2026-07-17T19:39:00Z</time>
			</trkpt>
			<trkpt lat="48.035595" lon="-121.177109">
				<ele>1496.799194</ele>
				<time>2026-07-17T19:39:06Z</time>
			</trkpt>
			<trkpt lat="48.035622" lon="-121.176971">
				<ele>1495.392578</ele>
				<time>2026-07-17T19:39:17Z</time>
			</trkpt>
			<trkpt lat="48.035656" lon="-121.176643">
				<ele>1503.490479</ele>
				<time>2026-07-17T19:39:53Z</time>
			</trkpt>
			<trkpt lat="48.035671" lon="-121.176575">
				<ele>1504.099121</ele>
				<time>2026-07-17T19:40:00Z</time>
			</trkpt>
			<trkpt lat="48.035671" lon="-121.176498">
				<ele>1502.908936</ele>
				<time>2026-07-17T19:40:09Z</time>
			</trkpt>
			<trkpt lat="48.035648" lon="-121.176361">
				<ele>1505.237183</ele>
				<time>2026-07-17T19:40:21Z</time>
			</trkpt>
			<trkpt lat="48.035637" lon="-121.176216">
				<ele>1506.079468</ele>
				<time>2026-07-17T19:40:35Z</time>
			</trkpt>
			<trkpt lat="48.03566" lon="-121.176079">
				<ele>1510.397461</ele>
				<time>2026-07-17T19:40:49Z</time>
			</trkpt>
			<trkpt lat="48.035671" lon="-121.175957">
				<ele>1512.545166</ele>
				<time>2026-07-17T19:41:03Z</time>
			</trkpt>
			<trkpt lat="48.035694" lon="-121.175819">
				<ele>1513.136108</ele>
				<time>2026-07-17T19:41:17Z</time>
			</trkpt>
			<trkpt lat="48.035683" lon="-121.175751">
				<ele>1515.831055</ele>
				<time>2026-07-17T19:41:25Z</time>
			</trkpt>
			<trkpt lat="48.035725" lon="-121.175705">
				<ele>1514.767578</ele>
				<time>2026-07-17T19:41:33Z</time>
			</trkpt>
			<trkpt lat="48.035782" lon="-121.175705">
				<ele>1519.003662</ele>
				<time>2026-07-17T19:41:40Z</time>
			</trkpt>
			<trkpt lat="48.035839" lon="-121.175797">
				<ele>1515.129883</ele>
				<time>2026-07-17T19:41:50Z</time>
			</trkpt>
			<trkpt lat="48.035873" lon="-121.175835">
				<ele>1516.168213</ele>
				<time>2026-07-17T19:41:58Z</time>
			</trkpt>
			<trkpt lat="48.035892" lon="-121.175911">
				<ele>1515.661255</ele>
				<time>2026-07-17T19:42:06Z</time>
			</trkpt>
			<trkpt lat="48.035934" lon="-121.17601">
				<ele>1517.017456</ele>
				<time>2026-07-17T19:42:18Z</time>
			</trkpt>
			<trkpt lat="48.035961" lon="-121.176056">
				<ele>1516.361328</ele>
				<time>2026-07-17T19:42:24Z</time>
			</trkpt>
			<trkpt lat="48.036007" lon="-121.176109">
				<ele>1519.067139</ele>
				<time>2026-07-17T19:42:30Z</time>
			</trkpt>
			<trkpt lat="48.036026" lon="-121.176178">
				<ele>1517.804321</ele>
				<time>2026-07-17T19:42:36Z</time>
			</trkpt>
			<trkpt lat="48.036083" lon="-121.17643">
				<ele>1519.811279</ele>
				<time>2026-07-17T19:42:56Z</time>
			</trkpt>
			<trkpt lat="48.036102" lon="-121.176498">
				<ele>1518.998657</ele>
				<time>2026-07-17T19:43:03Z</time>
			</trkpt>
			<trkpt lat="48.036148" lon="-121.176605">
				<ele>1519.936279</ele>
				<time>2026-07-17T19:43:20Z</time>
			</trkpt>
			<trkpt lat="48.036171" lon="-121.176659">
				<ele>1519.855957</ele>
				<time>2026-07-17T19:43:27Z</time>
			</trkpt>
			<trkpt lat="48.036316" lon="-121.176926">
				<ele>1523.193726</ele>
				<time>2026-07-17T19:43:59Z</time>
			</trkpt>
			<trkpt lat="48.036446" lon="-121.176964">
				<ele>1529.476563</ele>
				<time>2026-07-17T19:44:31Z</time>
			</trkpt>
			<trkpt lat="48.036469" lon="-121.17691">
				<ele>1530.143188</ele>
				<time>2026-07-17T19:44:45Z</time>
			</trkpt>
			<trkpt lat="48.036457" lon="-121.176842">
				<ele>1529.193604</ele>
				<time>2026-07-17T19:44:53Z</time>
			</trkpt>
			<trkpt lat="48.036453" lon="-121.176697">
				<ele>1531.650269</ele>
				<time>2026-07-17T19:45:10Z</time>
			</trkpt>
			<trkpt lat="48.036453" lon="-121.176636">
				<ele>1531.574341</ele>
				<time>2026-07-17T19:45:16Z</time>
			</trkpt>
			<trkpt lat="48.036488" lon="-121.176437">
				<ele>1536.689453</ele>
				<time>2026-07-17T19:45:40Z</time>
			</trkpt>
			<trkpt lat="48.036518" lon="-121.176239">
				<ele>1538.854736</ele>
				<time>2026-07-17T19:46:05Z</time>
			</trkpt>
			<trkpt lat="48.036518" lon="-121.17617">
				<ele>1539.071289</ele>
				<time>2026-07-17T19:46:12Z</time>
			</trkpt>
			<trkpt lat="48.036541" lon="-121.176109">
				<ele>1539.00708</ele>
				<time>2026-07-17T19:46:20Z</time>
			</trkpt>
			<trkpt lat="48.036556" lon="-121.176048">
				<ele>1539.304199</ele>
				<time>2026-07-17T19:46:29Z</time>
			</trkpt>
			<trkpt lat="48.036591" lon="-121.175995">
				<ele>1546.079712</ele>
				<time>2026-07-17T19:46:41Z</time>
			</trkpt>
			<trkpt lat="48.036674" lon="-121.175835">
				<ele>1551.45105</ele>
				<time>2026-07-17T19:47:18Z</time>
			</trkpt>
			<trkpt lat="48.036766" lon="-121.175804">
				<ele>1547.583862</ele>
				<time>2026-07-17T19:47:30Z</time>
			</trkpt>
			<trkpt lat="48.03688" lon="-121.175896">
				<ele>1553.141968</ele>
				<time>2026-07-17T19:47:58Z</time>
			</trkpt>
			<trkpt lat="48.036961" lon="-121.176064">
				<ele>1556.268311</ele>
				<time>2026-07-17T19:48:20Z</time>
			</trkpt>
			<trkpt lat="48.036987" lon="-121.176117">
				<ele>1556.714111</ele>
				<time>2026-07-17T19:48:26Z</time>
			</trkpt>
			<trkpt lat="48.037018" lon="-121.17617">
				<ele>1556.225708</ele>
				<time>2026-07-17T19:48:33Z</time>
			</trkpt>
			<trkpt lat="48.037102" lon="-121.176315">
				<ele>1558.330688</ele>
				<time>2026-07-17T19:48:55Z</time>
			</trkpt>
			<trkpt lat="48.03714" lon="-121.176338">
				<ele>1560.935547</ele>
				<time>2026-07-17T19:49:03Z</time>
			</trkpt>
			<trkpt lat="48.037174" lon="-121.176384">
				<ele>1560.801147</ele>
				<time>2026-07-17T19:49:09Z</time>
			</trkpt>
			<trkpt lat="48.037346" lon="-121.176491">
				<ele>1564.912109</ele>
				<time>2026-07-17T19:49:42Z</time>
			</trkpt>
			<trkpt lat="48.037376" lon="-121.176392">
				<ele>1567.746094</ele>
				<time>2026-07-17T19:50:05Z</time>
			</trkpt>
			<trkpt lat="48.037373" lon="-121.176186">
				<ele>1568.929688</ele>
				<time>2026-07-17T19:50:30Z</time>
			</trkpt>
			<trkpt lat="48.03738" lon="-121.176056">
				<ele>1570.768311</ele>
				<time>2026-07-17T19:50:45Z</time>
			</trkpt>
			<trkpt lat="48.03743" lon="-121.176056">
				<ele>1571.812012</ele>
				<time>2026-07-17T19:50:53Z</time>
			</trkpt>
			<trkpt lat="48.037498" lon="-121.17617">
				<ele>1571.323608</ele>
				<time>2026-07-17T19:51:05Z</time>
			</trkpt>
			<trkpt lat="48.037689" lon="-121.176437">
				<ele>1577.464722</ele>
				<time>2026-07-17T19:51:45Z</time>
			</trkpt>
			<trkpt lat="48.037891" lon="-121.176804">
				<ele>1580.764282</ele>
				<time>2026-07-17T19:52:31Z</time>
			</trkpt>
			<trkpt lat="48.03791" lon="-121.176865">
				<ele>1582.759766</ele>
				<time>2026-07-17T19:52:38Z</time>
			</trkpt>
			<trkpt lat="48.037983" lon="-121.177025">
				<ele>1581.525757</ele>
				<time>2026-07-17T19:52:55Z</time>
			</trkpt>
			<trkpt lat="48.038189" lon="-121.177132">
				<ele>1586.376465</ele>
				<time>2026-07-17T19:53:35Z</time>
			</trkpt>
			<trkpt lat="48.038269" lon="-121.177208">
				<ele>1592.44519</ele>
				<time>2026-07-17T19:53:54Z</time>
			</trkpt>
			<trkpt lat="48.038479" lon="-121.177315">
				<ele>1594.883667</ele>
				<time>2026-07-17T19:54:41Z</time>
			</trkpt>
			<trkpt lat="48.038528" lon="-121.177338">
				<ele>1594.838257</ele>
				<time>2026-07-17T19:54:50Z</time>
			</trkpt>
			<trkpt lat="48.03867" lon="-121.177368">
				<ele>1598.639282</ele>
				<time>2026-07-17T19:55:26Z</time>
			</trkpt>
			<trkpt lat="48.038643" lon="-121.176964">
				<ele>1602.994385</ele>
				<time>2026-07-17T19:56:16Z</time>
			</trkpt>
			<trkpt lat="48.038643" lon="-121.176567">
				<ele>1610.007202</ele>
				<time>2026-07-17T19:57:05Z</time>
			</trkpt>
			<trkpt lat="48.038651" lon="-121.176506">
				<ele>1609.674927</ele>
				<time>2026-07-17T19:57:12Z</time>
			</trkpt>
			<trkpt lat="48.038654" lon="-121.176369">
				<ele>1611.823486</ele>
				<time>2026-07-17T19:57:28Z</time>
			</trkpt>
			<trkpt lat="48.038666" lon="-121.17617">
				<ele>1615.350342</ele>
				<time>2026-07-17T19:57:54Z</time>
			</trkpt>
			<trkpt lat="48.038666" lon="-121.176239">
				<ele>1615.17041</ele>
				<time>2026-07-17T20:07:00Z</time>
			</trkpt>
			<trkpt lat="48.038673" lon="-121.17617">
				<ele>1614.950928</ele>
				<time>2026-07-17T20:09:26Z</time>
			</trkpt>
			<trkpt lat="48.038628" lon="-121.176056">
				<ele>1619.041626</ele>
				<time>2026-07-17T20:19:40Z</time>
			</trkpt>
			<trkpt lat="48.038616" lon="-121.17598">
				<ele>1618.872681</ele>
				<time>2026-07-17T20:19:47Z</time>
			</trkpt>
			<trkpt lat="48.038612" lon="-121.175903">
				<ele>1620.312744</ele>
				<time>2026-07-17T20:19:53Z</time>
			</trkpt>
			<trkpt lat="48.038612" lon="-121.175835">
				<ele>1620.119873</ele>
				<time>2026-07-17T20:19:59Z</time>
			</trkpt>
			<trkpt lat="48.038601" lon="-121.175766">
				<ele>1621.039185</ele>
				<time>2026-07-17T20:20:04Z</time>
			</trkpt>
			<trkpt lat="48.038578" lon="-121.175636">
				<ele>1621.252075</ele>
				<time>2026-07-17T20:20:14Z</time>
			</trkpt>
			<trkpt lat="48.038563" lon="-121.175575">
				<ele>1621.048462</ele>
				<time>2026-07-17T20:20:18Z</time>
			</trkpt>
			<trkpt lat="48.03857" lon="-121.175438">
				<ele>1622.189697</ele>
				<time>2026-07-17T20:20:29Z</time>
			</trkpt>
			<trkpt lat="48.038475" lon="-121.174759">
				<ele>1631.412964</ele>
				<time>2026-07-17T20:21:31Z</time>
			</trkpt>
			<trkpt lat="48.038475" lon="-121.17469">
				<ele>1631.09436</ele>
				<time>2026-07-17T20:21:37Z</time>
			</trkpt>
			<trkpt lat="48.038425" lon="-121.174355">
				<ele>1639.358765</ele>
				<time>2026-07-17T20:22:10Z</time>
			</trkpt>
			<trkpt lat="48.038441" lon="-121.174225">
				<ele>1639.786743</ele>
				<time>2026-07-17T20:22:22Z</time>
			</trkpt>
			<trkpt lat="48.038479" lon="-121.173874">
				<ele>1647.792358</ele>
				<time>2026-07-17T20:22:57Z</time>
			</trkpt>
			<trkpt lat="48.038506" lon="-121.173737">
				<ele>1647.930542</ele>
				<time>2026-07-17T20:23:09Z</time>
			</trkpt>
			<trkpt lat="48.038528" lon="-121.173683">
				<ele>1650.727295</ele>
				<time>2026-07-17T20:23:18Z</time>
			</trkpt>
			<trkpt lat="48.038536" lon="-121.173607">
				<ele>1649.520752</ele>
				<time>2026-07-17T20:23:25Z</time>
			</trkpt>
			<trkpt lat="48.038517" lon="-121.173401">
				<ele>1655.394897</ele>
				<time>2026-07-17T20:23:45Z</time>
			</trkpt>
			<trkpt lat="48.038502" lon="-121.173332">
				<ele>1654.091064</ele>
				<time>2026-07-17T20:23:50Z</time>
			</trkpt>
			<trkpt lat="48.038498" lon="-121.173256">
				<ele>1654.427734</ele>
				<time>2026-07-17T20:23:56Z</time>
			</trkpt>
			<trkpt lat="48.038486" lon="-121.173195">
				<ele>1654.218384</ele>
				<time>2026-07-17T20:24:01Z</time>
			</trkpt>
			<trkpt lat="48.038483" lon="-121.173119">
				<ele>1655.080566</ele>
				<time>2026-07-17T20:24:06Z</time>
			</trkpt>
			<trkpt lat="48.038471" lon="-121.172974">
				<ele>1654.065796</ele>
				<time>2026-07-17T20:24:14Z</time>
			</trkpt>
			<trkpt lat="48.038433" lon="-121.172844">
				<ele>1655.624634</ele>
				<time>2026-07-17T20:24:25Z</time>
			</trkpt>
			<trkpt lat="48.038437" lon="-121.172699">
				<ele>1656.133179</ele>
				<time>2026-07-17T20:24:34Z</time>
			</trkpt>
			<trkpt lat="48.038418" lon="-121.17263">
				<ele>1655.580078</ele>
				<time>2026-07-17T20:24:39Z</time>
			</trkpt>
			<trkpt lat="48.03838" lon="-121.172585">
				<ele>1657.096558</ele>
				<time>2026-07-17T20:24:44Z</time>
			</trkpt>
			<trkpt lat="48.038326" lon="-121.172478">
				<ele>1656.049438</ele>
				<time>2026-07-17T20:25:40Z</time>
			</trkpt>
			<trkpt lat="48.038292" lon="-121.172424">
				<ele>1656.396851</ele>
				<time>2026-07-17T20:25:46Z</time>
			</trkpt>
			<trkpt lat="48.038227" lon="-121.172302">
				<ele>1657.741821</ele>
				<time>2026-07-17T20:25:56Z</time>
			</trkpt>
			<trkpt lat="48.038197" lon="-121.172256">
				<ele>1660.232666</ele>
				<time>2026-07-17T20:26:01Z</time>
			</trkpt>
			<trkpt lat="48.038193" lon="-121.172188">
				<ele>1659.712036</ele>
				<time>2026-07-17T20:26:05Z</time>
			</trkpt>
			<trkpt lat="48.038166" lon="-121.172127">
				<ele>1660.810059</ele>
				<time>2026-07-17T20:26:10Z</time>
			</trkpt>
			<trkpt lat="48.038174" lon="-121.172058">
				<ele>1659.64502</ele>
				<time>2026-07-17T20:26:14Z</time>
			</trkpt>
			<trkpt lat="48.038162" lon="-121.171852">
				<ele>1663.155518</ele>
				<time>2026-07-17T20:26:30Z</time>
			</trkpt>
			<trkpt lat="48.038185" lon="-121.171776">
				<ele>1661.637451</ele>
				<time>2026-07-17T20:26:37Z</time>
			</trkpt>
			<trkpt lat="48.038204" lon="-121.171722">
				<ele>1663.055054</ele>
				<time>2026-07-17T20:26:42Z</time>
			</trkpt>
			<trkpt lat="48.038223" lon="-121.171661">
				<ele>1662.288696</ele>
				<time>2026-07-17T20:26:48Z</time>
			</trkpt>
			<trkpt lat="48.038181" lon="-121.171547">
				<ele>1663.676514</ele>
				<time>2026-07-17T20:27:00Z</time>
			</trkpt>
			<trkpt lat="48.038158" lon="-121.171486">
				<ele>1663.346313</ele>
				<time>2026-07-17T20:27:04Z</time>
			</trkpt>
			<trkpt lat="48.03812" lon="-121.171295">
				<ele>1666.509033</ele>
				<time>2026-07-17T20:27:22Z</time>
			</trkpt>
			<trkpt lat="48.038033" lon="-121.171135">
				<ele>1667.217285</ele>
				<time>2026-07-17T20:27:56Z</time>
			</trkpt>
			<trkpt lat="48.037998" lon="-121.171082">
				<ele>1670.310547</ele>
				<time>2026-07-17T20:28:02Z</time>
			</trkpt>
			<trkpt lat="48.037979" lon="-121.171021">
				<ele>1670.015137</ele>
				<time>2026-07-17T20:28:09Z</time>
			</trkpt>
			<trkpt lat="48.037956" lon="-121.170967">
				<ele>1670.767822</ele>
				<time>2026-07-17T20:28:15Z</time>
			</trkpt>
			<trkpt lat="48.037952" lon="-121.170891">
				<ele>1670.164185</ele>
				<time>2026-07-17T20:28:21Z</time>
			</trkpt>
			<trkpt lat="48.037952" lon="-121.170761">
				<ele>1673.069092</ele>
				<time>2026-07-17T20:28:36Z</time>
			</trkpt>
			<trkpt lat="48.037926" lon="-121.170555">
				<ele>1675.14563</ele>
				<time>2026-07-17T20:28:52Z</time>
			</trkpt>
			<trkpt lat="48.037918" lon="-121.170479">
				<ele>1675.052612</ele>
				<time>2026-07-17T20:28:57Z</time>
			</trkpt>
			<trkpt lat="48.037827" lon="-121.170242">
				<ele>1677.526489</ele>
				<time>2026-07-17T20:29:17Z</time>
			</trkpt>
			<trkpt lat="48.037804" lon="-121.170181">
				<ele>1676.80188</ele>
				<time>2026-07-17T20:29:21Z</time>
			</trkpt>
			<trkpt lat="48.037766" lon="-121.170052">
				<ele>1678.757324</ele>
				<time>2026-07-17T20:29:31Z</time>
			</trkpt>
			<trkpt lat="48.037758" lon="-121.169991">
				<ele>1678.623901</ele>
				<time>2026-07-17T20:29:36Z</time>
			</trkpt>
			<trkpt lat="48.037739" lon="-121.169922">
				<ele>1678.911377</ele>
				<time>2026-07-17T20:29:42Z</time>
			</trkpt>
			<trkpt lat="48.037647" lon="-121.169609">
				<ele>1683.146851</ele>
				<time>2026-07-17T20:30:08Z</time>
			</trkpt>
			<trkpt lat="48.037258" lon="-121.169098">
				<ele>1690.861206</ele>
				<time>2026-07-17T20:31:09Z</time>
			</trkpt>
			<trkpt lat="48.037239" lon="-121.169037">
				<ele>1690.510986</ele>
				<time>2026-07-17T20:31:15Z</time>
			</trkpt>
			<trkpt lat="48.037045" lon="-121.168777">
				<ele>1697.574829</ele>
				<time>2026-07-17T20:32:36Z</time>
			</trkpt>
			<trkpt lat="48.036999" lon="-121.168755">
				<ele>1696.166016</ele>
				<time>2026-07-17T20:33:31Z</time>
			</trkpt>
			<trkpt lat="48.036964" lon="-121.168709">
				<ele>1696.423218</ele>
				<time>2026-07-17T20:37:50Z</time>
			</trkpt>
			<trkpt lat="48.03693" lon="-121.168655">
				<ele>1695.935913</ele>
				<time>2026-07-17T20:37:55Z</time>
			</trkpt>
			<trkpt lat="48.036793" lon="-121.16848">
				<ele>1697.638672</ele>
				<time>2026-07-17T20:38:16Z</time>
			</trkpt>
			<trkpt lat="48.036758" lon="-121.168434">
				<ele>1697.212891</ele>
				<time>2026-07-17T20:38:20Z</time>
			</trkpt>
			<trkpt lat="48.036724" lon="-121.168236">
				<ele>1699.456421</ele>
				<time>2026-07-17T20:38:46Z</time>
			</trkpt>
			<trkpt lat="48.036709" lon="-121.168106">
				<ele>1698.201416</ele>
				<time>2026-07-17T20:38:56Z</time>
			</trkpt>
			<trkpt lat="48.036678" lon="-121.167831">
				<ele>1699.891357</ele>
				<time>2026-07-17T20:39:23Z</time>
			</trkpt>
			<trkpt lat="48.036648" lon="-121.16777">
				<ele>1699.899292</ele>
				<time>2026-07-17T20:39:29Z</time>
			</trkpt>
			<trkpt lat="48.036629" lon="-121.167702">
				<ele>1700.250977</ele>
				<time>2026-07-17T20:39:35Z</time>
			</trkpt>
			<trkpt lat="48.036484" lon="-121.167549">
				<ele>1702.998291</ele>
				<time>2026-07-17T20:39:57Z</time>
			</trkpt>
			<trkpt lat="48.036438" lon="-121.167412">
				<ele>1701.983398</ele>
				<time>2026-07-17T20:40:09Z</time>
			</trkpt>
			<trkpt lat="48.036407" lon="-121.167358">
				<ele>1704.826782</ele>
				<time>2026-07-17T20:40:17Z</time>
			</trkpt>
			<trkpt lat="48.036373" lon="-121.167305">
				<ele>1704.550781</ele>
				<time>2026-07-17T20:40:23Z</time>
			</trkpt>
			<trkpt lat="48.036312" lon="-121.167213">
				<ele>1706.574097</ele>
				<time>2026-07-17T20:40:34Z</time>
			</trkpt>
			<trkpt lat="48.036263" lon="-121.167175">
				<ele>1706.04126</ele>
				<time>2026-07-17T20:40:40Z</time>
			</trkpt>
			<trkpt lat="48.036087" lon="-121.167046">
				<ele>1708.601807</ele>
				<time>2026-07-17T20:41:01Z</time>
			</trkpt>
			<trkpt lat="48.036045" lon="-121.167015">
				<ele>1708.215332</ele>
				<time>2026-07-17T20:41:06Z</time>
			</trkpt>
			<trkpt lat="48.035999" lon="-121.166985">
				<ele>1708.449829</ele>
				<time>2026-07-17T20:41:11Z</time>
			</trkpt>
			<trkpt lat="48.035786" lon="-121.166847">
				<ele>1713.574951</ele>
				<time>2026-07-17T20:41:36Z</time>
			</trkpt>
			<trkpt lat="48.035709" lon="-121.166756">
				<ele>1713.817383</ele>
				<time>2026-07-17T20:41:48Z</time>
			</trkpt>
			<trkpt lat="48.035679" lon="-121.166702">
				<ele>1713.282471</ele>
				<time>2026-07-17T20:41:54Z</time>
			</trkpt>
			<trkpt lat="48.035641" lon="-121.166664">
				<ele>1713.609985</ele>
				<time>2026-07-17T20:42:01Z</time>
			</trkpt>
			<trkpt lat="48.03561" lon="-121.166603">
				<ele>1713.346924</ele>
				<time>2026-07-17T20:42:06Z</time>
			</trkpt>
			<trkpt lat="48.035583" lon="-121.166542">
				<ele>1713.501343</ele>
				<time>2026-07-17T20:42:13Z</time>
			</trkpt>
			<trkpt lat="48.035534" lon="-121.166435">
				<ele>1715.089233</ele>
				<time>2026-07-17T20:42:24Z</time>
			</trkpt>
			<trkpt lat="48.0355" lon="-121.166382">
				<ele>1714.97876</ele>
				<time>2026-07-17T20:42:29Z</time>
			</trkpt>
			<trkpt lat="48.035297" lon="-121.166008">
				<ele>1721.83606</ele>
				<time>2026-07-17T20:43:13Z</time>
			</trkpt>
			<trkpt lat="48.035286" lon="-121.165939">
				<ele>1722.107422</ele>
				<time>2026-07-17T20:43:20Z</time>
			</trkpt>
			<trkpt lat="48.035282" lon="-121.165878">
				<ele>1721.901123</ele>
				<time>2026-07-17T20:43:26Z</time>
			</trkpt>
			<trkpt lat="48.035271" lon="-121.16581">
				<ele>1722.143799</ele>
				<time>2026-07-17T20:43:32Z</time>
			</trkpt>
			<trkpt lat="48.035229" lon="-121.165596">
				<ele>1723.688965</ele>
				<time>2026-07-17T20:43:49Z</time>
			</trkpt>
			<trkpt lat="48.035213" lon="-121.165527">
				<ele>1725.084717</ele>
				<time>2026-07-17T20:43:55Z</time>
			</trkpt>
			<trkpt lat="48.03521" lon="-121.165466">
				<ele>1725.081177</ele>
				<time>2026-07-17T20:44:00Z</time>
			</trkpt>
			<trkpt lat="48.035252" lon="-121.165276">
				<ele>1728.375732</ele>
				<time>2026-07-17T20:44:20Z</time>
			</trkpt>
			<trkpt lat="48.035275" lon="-121.165207">
				<ele>1727.374634</ele>
				<time>2026-07-17T20:44:25Z</time>
			</trkpt>
			<trkpt lat="48.035366" lon="-121.165039">
				<ele>1729.260376</ele>
				<time>2026-07-17T20:44:43Z</time>
			</trkpt>
			<trkpt lat="48.035397" lon="-121.164978">
				<ele>1732.312378</ele>
				<time>2026-07-17T20:44:50Z</time>
			</trkpt>
			<trkpt lat="48.035419" lon="-121.164909">
				<ele>1733.290283</ele>
				<time>2026-07-17T20:44:56Z</time>
			</trkpt>
			<trkpt lat="48.03545" lon="-121.164856">
				<ele>1732.910767</ele>
				<time>2026-07-17T20:45:02Z</time>
			</trkpt>
			<trkpt lat="48.035488" lon="-121.164734">
				<ele>1734.772339</ele>
				<time>2026-07-17T20:45:15Z</time>
			</trkpt>
			<trkpt lat="48.035515" lon="-121.164673">
				<ele>1733.755249</ele>
				<time>2026-07-17T20:45:20Z</time>
			</trkpt>
			<trkpt lat="48.035496" lon="-121.164612">
				<ele>1734.049805</ele>
				<time>2026-07-17T20:45:25Z</time>
			</trkpt>
			<trkpt lat="48.035347" lon="-121.164413">
				<ele>1737.729492</ele>
				<time>2026-07-17T20:45:44Z</time>
			</trkpt>
			<trkpt lat="48.035301" lon="-121.164391">
				<ele>1739.947144</ele>
				<time>2026-07-17T20:45:49Z</time>
			</trkpt>
			<trkpt lat="48.035221" lon="-121.164299">
				<ele>1737.87439</ele>
				<time>2026-07-17T20:46:02Z</time>
			</trkpt>
			<trkpt lat="48.035328" lon="-121.163994">
				<ele>1741.44104</ele>
				<time>2026-07-17T20:46:29Z</time>
			</trkpt>
			<trkpt lat="48.035381" lon="-121.163887">
				<ele>1740.929321</ele>
				<time>2026-07-17T20:46:41Z</time>
			</trkpt>
			<trkpt lat="48.035442" lon="-121.163719">
				<ele>1745.154663</ele>
				<time>2026-07-17T20:46:58Z</time>
			</trkpt>
			<trkpt lat="48.035461" lon="-121.163658">
				<ele>1743.314087</ele>
				<time>2026-07-17T20:47:03Z</time>
			</trkpt>
			<trkpt lat="48.035614" lon="-121.163399">
				<ele>1748.743286</ele>
				<time>2026-07-17T20:47:41Z</time>
			</trkpt>
			<trkpt lat="48.035564" lon="-121.163376">
				<ele>1749.053955</ele>
				<time>2026-07-17T20:47:46Z</time>
			</trkpt>
			<trkpt lat="48.035526" lon="-121.163345">
				<ele>1748.805908</ele>
				<time>2026-07-17T20:47:50Z</time>
			</trkpt>
			<trkpt lat="48.035408" lon="-121.163216">
				<ele>1752.633179</ele>
				<time>2026-07-17T20:48:07Z</time>
			</trkpt>
			<trkpt lat="48.035378" lon="-121.163162">
				<ele>1751.657593</ele>
				<time>2026-07-17T20:48:13Z</time>
			</trkpt>
			<trkpt lat="48.035339" lon="-121.163116">
				<ele>1752.127075</ele>
				<time>2026-07-17T20:48:18Z</time>
			</trkpt>
			<trkpt lat="48.035305" lon="-121.163078">
				<ele>1754.726318</ele>
				<time>2026-07-17T20:48:23Z</time>
			</trkpt>
			<trkpt lat="48.035305" lon="-121.16301">
				<ele>1754.7948</ele>
				<time>2026-07-17T20:48:30Z</time>
			</trkpt>
			<trkpt lat="48.035301" lon="-121.162941">
				<ele>1754.357056</ele>
				<time>2026-07-17T20:48:36Z</time>
			</trkpt>
			<trkpt lat="48.035294" lon="-121.162865">
				<ele>1756.376587</ele>
				<time>2026-07-17T20:48:42Z</time>
			</trkpt>
			<trkpt lat="48.035294" lon="-121.162788">
				<ele>1755.861084</ele>
				<time>2026-07-17T20:48:48Z</time>
			</trkpt>
			<trkpt lat="48.035313" lon="-121.162659">
				<ele>1758.390259</ele>
				<time>2026-07-17T20:49:02Z</time>
			</trkpt>
			<trkpt lat="48.035328" lon="-121.162582">
				<ele>1758.349854</ele>
				<time>2026-07-17T20:49:10Z</time>
			</trkpt>
			<trkpt lat="48.035362" lon="-121.162468">
				<ele>1759.533813</ele>
				<time>2026-07-17T20:49:20Z</time>
			</trkpt>
			<trkpt lat="48.035389" lon="-121.162422">
				<ele>1759.089478</ele>
				<time>2026-07-17T20:49:26Z</time>
			</trkpt>
			<trkpt lat="48.035477" lon="-121.162262">
				<ele>1763.066772</ele>
				<time>2026-07-17T20:49:47Z</time>
			</trkpt>
			<trkpt lat="48.035583" lon="-121.162125">
				<ele>1764.112549</ele>
				<time>2026-07-17T20:50:10Z</time>
			</trkpt>
			<trkpt lat="48.035683" lon="-121.161972">
				<ele>1767.513428</ele>
				<time>2026-07-17T20:50:35Z</time>
			</trkpt>
			<trkpt lat="48.035702" lon="-121.161911">
				<ele>1767.109009</ele>
				<time>2026-07-17T20:50:43Z</time>
			</trkpt>
			<trkpt lat="48.035725" lon="-121.16172">
				<ele>1773.220581</ele>
				<time>2026-07-17T20:51:04Z</time>
			</trkpt>
			<trkpt lat="48.035748" lon="-121.161652">
				<ele>1773.101807</ele>
				<time>2026-07-17T20:51:11Z</time>
			</trkpt>
			<trkpt lat="48.035744" lon="-121.161301">
				<ele>1778.934692</ele>
				<time>2026-07-17T20:51:43Z</time>
			</trkpt>
			<trkpt lat="48.035728" lon="-121.161232">
				<ele>1778.935791</ele>
				<time>2026-07-17T20:51:49Z</time>
			</trkpt>
			<trkpt lat="48.035713" lon="-121.161171">
				<ele>1778.720947</ele>
				<time>2026-07-17T20:51:57Z</time>
			</trkpt>
			<trkpt lat="48.035686" lon="-121.160904">
				<ele>1781.926636</ele>
				<time>2026-07-17T20:52:27Z</time>
			</trkpt>
			<trkpt lat="48.035683" lon="-121.160843">
				<ele>1781.68689</ele>
				<time>2026-07-17T20:52:32Z</time>
			</trkpt>
			<trkpt lat="48.035675" lon="-121.160645">
				<ele>1783.465332</ele>
				<time>2026-07-17T20:52:52Z</time>
			</trkpt>
			<trkpt lat="48.035667" lon="-121.160576">
				<ele>1783.064331</ele>
				<time>2026-07-17T20:52:57Z</time>
			</trkpt>
			<trkpt lat="48.035671" lon="-121.160507">
				<ele>1784.278687</ele>
				<time>2026-07-17T20:53:03Z</time>
			</trkpt>
			<trkpt lat="48.035686" lon="-121.160446">
				<ele>1783.921143</ele>
				<time>2026-07-17T20:53:08Z</time>
			</trkpt>
			<trkpt lat="48.035686" lon="-121.160378">
				<ele>1784.398926</ele>
				<time>2026-07-17T20:53:13Z</time>
			</trkpt>
			<trkpt lat="48.035698" lon="-121.16024">
				<ele>1786.630249</ele>
				<time>2026-07-17T20:53:24Z</time>
			</trkpt>
			<trkpt lat="48.035728" lon="-121.159981">
				<ele>1788.759766</ele>
				<time>2026-07-17T20:53:50Z</time>
			</trkpt>
			<trkpt lat="48.035725" lon="-121.159912">
				<ele>1790.644531</ele>
				<time>2026-07-17T20:53:56Z</time>
			</trkpt>
			<trkpt lat="48.035725" lon="-121.159843">
				<ele>1790.467041</ele>
				<time>2026-07-17T20:54:03Z</time>
			</trkpt>
			<trkpt lat="48.035751" lon="-121.159782">
				<ele>1792.688599</ele>
				<time>2026-07-17T20:54:12Z</time>
			</trkpt>
			<trkpt lat="48.035767" lon="-121.159714">
				<ele>1791.449707</ele>
				<time>2026-07-17T20:54:17Z</time>
			</trkpt>
			<trkpt lat="48.035828" lon="-121.159538">
				<ele>1793.801025</ele>
				<time>2026-07-17T20:54:33Z</time>
			</trkpt>
			<trkpt lat="48.035854" lon="-121.15947">
				<ele>1793.448486</ele>
				<time>2026-07-17T20:54:40Z</time>
			</trkpt>
			<trkpt lat="48.035896" lon="-121.15934">
				<ele>1794.355591</ele>
				<time>2026-07-17T20:54:52Z</time>
			</trkpt>
			<trkpt lat="48.035915" lon="-121.159279">
				<ele>1795.937012</ele>
				<time>2026-07-17T20:54:58Z</time>
			</trkpt>
			<trkpt lat="48.035923" lon="-121.15921">
				<ele>1796.604492</ele>
				<time>2026-07-17T20:55:03Z</time>
			</trkpt>
			<trkpt lat="48.035942" lon="-121.159142">
				<ele>1796.543457</ele>
				<time>2026-07-17T20:55:09Z</time>
			</trkpt>
			<trkpt lat="48.036007" lon="-121.158798">
				<ele>1800.332031</ele>
				<time>2026-07-17T20:55:40Z</time>
			</trkpt>
			<trkpt lat="48.036098" lon="-121.158562">
				<ele>1804.519653</ele>
				<time>2026-07-17T20:56:03Z</time>
			</trkpt>
			<trkpt lat="48.036179" lon="-121.158478">
				<ele>1804.271484</ele>
				<time>2026-07-17T20:56:15Z</time>
			</trkpt>
			<trkpt lat="48.036278" lon="-121.158333">
				<ele>1807.267822</ele>
				<time>2026-07-17T20:56:35Z</time>
			</trkpt>
			<trkpt lat="48.036312" lon="-121.158287">
				<ele>1806.717041</ele>
				<time>2026-07-17T20:56:42Z</time>
			</trkpt>
			<trkpt lat="48.036415" lon="-121.15815">
				<ele>1808.729492</ele>
				<time>2026-07-17T20:57:01Z</time>
			</trkpt>
			<trkpt lat="48.036453" lon="-121.158104">
				<ele>1808.477295</ele>
				<time>2026-07-17T20:57:06Z</time>
			</trkpt>
			<trkpt lat="48.036556" lon="-121.157875">
				<ele>1814.059204</ele>
				<time>2026-07-17T20:57:31Z</time>
			</trkpt>
			<trkpt lat="48.036568" lon="-121.157806">
				<ele>1814.230835</ele>
				<time>2026-07-17T20:58:00Z</time>
			</trkpt>
			<trkpt lat="48.036572" lon="-121.157669">
				<ele>1813.228394</ele>
				<time>2026-07-17T20:58:10Z</time>
			</trkpt>
			<trkpt lat="48.036575" lon="-121.157539">
				<ele>1814.349243</ele>
				<time>2026-07-17T20:58:19Z</time>
			</trkpt>
			<trkpt lat="48.036606" lon="-121.157486">
				<ele>1817.195557</ele>
				<time>2026-07-17T20:58:26Z</time>
			</trkpt>
			<trkpt lat="48.036591" lon="-121.157349">
				<ele>1817.07666</ele>
				<time>2026-07-17T20:58:39Z</time>
			</trkpt>
			<trkpt lat="48.036583" lon="-121.15728">
				<ele>1816.503174</ele>
				<time>2026-07-17T20:58:44Z</time>
			</trkpt>
			<trkpt lat="48.036575" lon="-121.157219">
				<ele>1817.509033</ele>
				<time>2026-07-17T20:58:49Z</time>
			</trkpt>
			<trkpt lat="48.036579" lon="-121.157074">
				<ele>1816.996094</ele>
				<time>2026-07-17T20:58:59Z</time>
			</trkpt>
			<trkpt lat="48.036587" lon="-121.157005">
				<ele>1817.741211</ele>
				<time>2026-07-17T20:59:04Z</time>
			</trkpt>
			<trkpt lat="48.036602" lon="-121.156944">
				<ele>1817.314697</ele>
				<time>2026-07-17T20:59:08Z</time>
			</trkpt>
			<trkpt lat="48.036541" lon="-121.156853">
				<ele>1818.473633</ele>
				<time>2026-07-17T20:59:17Z</time>
			</trkpt>
			<trkpt lat="48.036404" lon="-121.156677">
				<ele>1817.304443</ele>
				<time>2026-07-17T20:59:34Z</time>
			</trkpt>
			<trkpt lat="48.036377" lon="-121.156601">
				<ele>1815.96582</ele>
				<time>2026-07-17T20:59:42Z</time>
			</trkpt>
			<trkpt lat="48.036358" lon="-121.156326">
				<ele>1814.689941</ele>
				<time>2026-07-17T21:00:00Z</time>
			</trkpt>
			<trkpt lat="48.036369" lon="-121.156258">
				<ele>1815.362793</ele>
				<time>2026-07-17T21:00:05Z</time>
			</trkpt>
			<trkpt lat="48.036465" lon="-121.156105">
				<ele>1811.982544</ele>
				<time>2026-07-17T21:00:53Z</time>
			</trkpt>
			<trkpt lat="48.036446" lon="-121.156044">
				<ele>1812.36499</ele>
				<time>2026-07-17T21:00:59Z</time>
			</trkpt>
			<trkpt lat="48.036358" lon="-121.156006">
				<ele>1811.769165</ele>
				<time>2026-07-17T21:01:13Z</time>
			</trkpt>
			<trkpt lat="48.036327" lon="-121.155952">
				<ele>1812.274414</ele>
				<time>2026-07-17T21:01:17Z</time>
			</trkpt>
			<trkpt lat="48.036331" lon="-121.155884">
				<ele>1811.88855</ele>
				<time>2026-07-17T21:01:22Z</time>
			</trkpt>
			<trkpt lat="48.036312" lon="-121.155518">
				<ele>1815.280518</ele>
				<time>2026-07-17T21:01:54Z</time>
			</trkpt>
			<trkpt lat="48.036316" lon="-121.155449">
				<ele>1814.740845</ele>
				<time>2026-07-17T21:01:59Z</time>
			</trkpt>
			<trkpt lat="48.036293" lon="-121.15538">
				<ele>1816.231445</ele>
				<time>2026-07-17T21:02:04Z</time>
			</trkpt>
			<trkpt lat="48.036297" lon="-121.155151">
				<ele>1815.162109</ele>
				<time>2026-07-17T21:02:18Z</time>
			</trkpt>
			<trkpt lat="48.036236" lon="-121.1549">
				<ele>1817.53772</ele>
				<time>2026-07-17T21:02:36Z</time>
			</trkpt>
			<trkpt lat="48.036255" lon="-121.154823">
				<ele>1815.796997</ele>
				<time>2026-07-17T21:02:42Z</time>
			</trkpt>
			<trkpt lat="48.036205" lon="-121.154625">
				<ele>1819.664063</ele>
				<time>2026-07-17T21:02:56Z</time>
			</trkpt>
			<trkpt lat="48.036194" lon="-121.154556">
				<ele>1819.620361</ele>
				<time>2026-07-17T21:03:01Z</time>
			</trkpt>
			<trkpt lat="48.036125" lon="-121.154373">
				<ele>1820.25415</ele>
				<time>2026-07-17T21:03:15Z</time>
			</trkpt>
			<trkpt lat="48.036098" lon="-121.15432">
				<ele>1821.572754</ele>
				<time>2026-07-17T21:03:19Z</time>
			</trkpt>
			<trkpt lat="48.036057" lon="-121.154205">
				<ele>1820.105835</ele>
				<time>2026-07-17T21:03:28Z</time>
			</trkpt>
			<trkpt lat="48.036026" lon="-121.15387">
				<ele>1822.94751</ele>
				<time>2026-07-17T21:03:54Z</time>
			</trkpt>
			<trkpt lat="48.036011" lon="-121.153801">
				<ele>1822.899902</ele>
				<time>2026-07-17T21:03:58Z</time>
			</trkpt>
			<trkpt lat="48.036007" lon="-121.153725">
				<ele>1823.328735</ele>
				<time>2026-07-17T21:04:03Z</time>
			</trkpt>
			<trkpt lat="48.036026" lon="-121.153664">
				<ele>1822.794312</ele>
				<time>2026-07-17T21:04:08Z</time>
			</trkpt>
			<trkpt lat="48.036049" lon="-121.153442">
				<ele>1824.921631</ele>
				<time>2026-07-17T21:04:22Z</time>
			</trkpt>
			<trkpt lat="48.036053" lon="-121.153229">
				<ele>1823.223755</ele>
				<time>2026-07-17T21:04:36Z</time>
			</trkpt>
			<trkpt lat="48.03606" lon="-121.152878">
				<ele>1825.983154</ele>
				<time>2026-07-17T21:04:59Z</time>
			</trkpt>
			<trkpt lat="48.036076" lon="-121.152817">
				<ele>1828.486328</ele>
				<time>2026-07-17T21:05:05Z</time>
			</trkpt>
			<trkpt lat="48.036152" lon="-121.152725">
				<ele>1825.764648</ele>
				<time>2026-07-17T21:05:13Z</time>
			</trkpt>
			<trkpt lat="48.036118" lon="-121.152679">
				<ele>1826.564331</ele>
				<time>2026-07-17T21:05:17Z</time>
			</trkpt>
			<trkpt lat="48.036079" lon="-121.152626">
				<ele>1826.272095</ele>
				<time>2026-07-17T21:05:22Z</time>
			</trkpt>
			<trkpt lat="48.036072" lon="-121.152565">
				<ele>1826.682983</ele>
				<time>2026-07-17T21:05:27Z</time>
			</trkpt>
			<trkpt lat="48.036057" lon="-121.152496">
				<ele>1826.341797</ele>
				<time>2026-07-17T21:05:32Z</time>
			</trkpt>
			<trkpt lat="48.036045" lon="-121.152428">
				<ele>1826.918823</ele>
				<time>2026-07-17T21:05:36Z</time>
			</trkpt>
			<trkpt lat="48.036053" lon="-121.152351">
				<ele>1826.442505</ele>
				<time>2026-07-17T21:05:41Z</time>
			</trkpt>
			<trkpt lat="48.036045" lon="-121.15229">
				<ele>1827.296753</ele>
				<time>2026-07-17T21:05:46Z</time>
			</trkpt>
			<trkpt lat="48.035873" lon="-121.151863">
				<ele>1824.154419</ele>
				<time>2026-07-17T21:06:19Z</time>
			</trkpt>
			<trkpt lat="48.035824" lon="-121.151672">
				<ele>1825.270264</ele>
				<time>2026-07-17T21:06:32Z</time>
			</trkpt>
			<trkpt lat="48.035812" lon="-121.151604">
				<ele>1826.457397</ele>
				<time>2026-07-17T21:06:37Z</time>
			</trkpt>
			<trkpt lat="48.035809" lon="-121.151535">
				<ele>1825.05896</ele>
				<time>2026-07-17T21:06:41Z</time>
			</trkpt>
			<trkpt lat="48.03577" lon="-121.151398">
				<ele>1825.186279</ele>
				<time>2026-07-17T21:06:50Z</time>
			</trkpt>
			<trkpt lat="48.035713" lon="-121.151222">
				<ele>1824.563843</ele>
				<time>2026-07-17T21:07:03Z</time>
			</trkpt>
			<trkpt lat="48.035633" lon="-121.151024">
				<ele>1826.627197</ele>
				<time>2026-07-17T21:07:17Z</time>
			</trkpt>
			<trkpt lat="48.035603" lon="-121.15097">
				<ele>1826.420288</ele>
				<time>2026-07-17T21:07:21Z</time>
			</trkpt>
			<trkpt lat="48.035572" lon="-121.150925">
				<ele>1826.822021</ele>
				<time>2026-07-17T21:07:25Z</time>
			</trkpt>
			<trkpt lat="48.035522" lon="-121.15081">
				<ele>1826.341064</ele>
				<time>2026-07-17T21:07:33Z</time>
			</trkpt>
			<trkpt lat="48.035477" lon="-121.150703">
				<ele>1828.134033</ele>
				<time>2026-07-17T21:07:43Z</time>
			</trkpt>
			<trkpt lat="48.035408" lon="-121.15049">
				<ele>1825.191772</ele>
				<time>2026-07-17T21:07:57Z</time>
			</trkpt>
			<trkpt lat="48.035355" lon="-121.15036">
				<ele>1824.898315</ele>
				<time>2026-07-17T21:08:07Z</time>
			</trkpt>
			<trkpt lat="48.035339" lon="-121.150299">
				<ele>1824.390015</ele>
				<time>2026-07-17T21:08:11Z</time>
			</trkpt>
			<trkpt lat="48.035275" lon="-121.150192">
				<ele>1826.105469</ele>
				<time>2026-07-17T21:08:19Z</time>
			</trkpt>
			<trkpt lat="48.03524" lon="-121.150154">
				<ele>1825.378052</ele>
				<time>2026-07-17T21:08:23Z</time>
			</trkpt>
			<trkpt lat="48.035198" lon="-121.150108">
				<ele>1826.11145</ele>
				<time>2026-07-17T21:08:27Z</time>
			</trkpt>
			<trkpt lat="48.035172" lon="-121.150055">
				<ele>1825.856201</ele>
				<time>2026-07-17T21:08:31Z</time>
			</trkpt>
			<trkpt lat="48.035145" lon="-121.149994">
				<ele>1825.940186</ele>
				<time>2026-07-17T21:08:35Z</time>
			</trkpt>
			<trkpt lat="48.035118" lon="-121.149925">
				<ele>1825.887939</ele>
				<time>2026-07-17T21:08:40Z</time>
			</trkpt>
			<trkpt lat="48.035084" lon="-121.149796">
				<ele>1824.712158</ele>
				<time>2026-07-17T21:08:48Z</time>
			</trkpt>
			<trkpt lat="48.03508" lon="-121.149727">
				<ele>1822.146973</ele>
				<time>2026-07-17T21:08:53Z</time>
			</trkpt>
			<trkpt lat="48.034969" lon="-121.149582">
				<ele>1819.433838</ele>
				<time>2026-07-17T21:09:09Z</time>
			</trkpt>
			<trkpt lat="48.034939" lon="-121.149521">
				<ele>1819.474243</ele>
				<time>2026-07-17T21:09:13Z</time>
			</trkpt>
			<trkpt lat="48.034889" lon="-121.149498">
				<ele>1818.963501</ele>
				<time>2026-07-17T21:09:17Z</time>
			</trkpt>
			<trkpt lat="48.034851" lon="-121.149445">
				<ele>1819.530029</ele>
				<time>2026-07-17T21:09:22Z</time>
			</trkpt>
			<trkpt lat="48.034782" lon="-121.149269">
				<ele>1816.201172</ele>
				<time>2026-07-17T21:09:36Z</time>
			</trkpt>
			<trkpt lat="48.03476" lon="-121.149208">
				<ele>1816.163452</ele>
				<time>2026-07-17T21:09:40Z</time>
			</trkpt>
			<trkpt lat="48.034737" lon="-121.149147">
				<ele>1816.501709</ele>
				<time>2026-07-17T21:09:44Z</time>
			</trkpt>
			<trkpt lat="48.034683" lon="-121.149025">
				<ele>1815.661743</ele>
				<time>2026-07-17T21:09:57Z</time>
			</trkpt>
			<trkpt lat="48.034615" lon="-121.149078">
				<ele>1813.269653</ele>
				<time>2026-07-17T21:20:42Z</time>
			</trkpt>
			<trkpt lat="48.034687" lon="-121.149048">
				<ele>1815.471313</ele>
				<time>2026-07-17T21:24:11Z</time>
			</trkpt>
			<trkpt lat="48.034706" lon="-121.148857">
				<ele>1812.199829</ele>
				<time>2026-07-17T21:29:22Z</time>
			</trkpt>
			<trkpt lat="48.034801" lon="-121.148865">
				<ele>1814.753906</ele>
				<time>2026-07-17T21:29:32Z</time>
			</trkpt>
			<trkpt lat="48.034893" lon="-121.148842">
				<ele>1812.892212</ele>
				<time>2026-07-17T21:29:40Z</time>
			</trkpt>
			<trkpt lat="48.034931" lon="-121.148811">
				<ele>1813.016357</ele>
				<time>2026-07-17T21:29:44Z</time>
			</trkpt>
			<trkpt lat="48.034981" lon="-121.148796">
				<ele>1812.957153</ele>
				<time>2026-07-17T21:29:48Z</time>
			</trkpt>
			<trkpt lat="48.035023" lon="-121.148773">
				<ele>1812.962036</ele>
				<time>2026-07-17T21:29:52Z</time>
			</trkpt>
			<trkpt lat="48.035065" lon="-121.148743">
				<ele>1812.389526</ele>
				<time>2026-07-17T21:29:58Z</time>
			</trkpt>
			<trkpt lat="48.035194" lon="-121.148674">
				<ele>1815.070923</ele>
				<time>2026-07-17T21:30:12Z</time>
			</trkpt>
			<trkpt lat="48.035278" lon="-121.148605">
				<ele>1816.064087</ele>
				<time>2026-07-17T21:30:22Z</time>
			</trkpt>
			<trkpt lat="48.035324" lon="-121.148582">
				<ele>1815.740234</ele>
				<time>2026-07-17T21:30:27Z</time>
			</trkpt>
			<trkpt lat="48.03566" lon="-121.148376">
				<ele>1819.239868</ele>
				<time>2026-07-17T21:31:06Z</time>
			</trkpt>
			<trkpt lat="48.035706" lon="-121.148346">
				<ele>1820.670654</ele>
				<time>2026-07-17T21:31:11Z</time>
			</trkpt>
			<trkpt lat="48.035748" lon="-121.148331">
				<ele>1820.303955</ele>
				<time>2026-07-17T21:31:15Z</time>
			</trkpt>
			<trkpt lat="48.035793" lon="-121.148315">
				<ele>1821.392456</ele>
				<time>2026-07-17T21:31:19Z</time>
			</trkpt>
			<trkpt lat="48.035839" lon="-121.148308">
				<ele>1821.353882</ele>
				<time>2026-07-17T21:31:23Z</time>
			</trkpt>
			<trkpt lat="48.035984" lon="-121.148262">
				<ele>1822.593872</ele>
				<time>2026-07-17T21:31:38Z</time>
			</trkpt>
			<trkpt lat="48.03603" lon="-121.148247">
				<ele>1822.19165</ele>
				<time>2026-07-17T21:31:42Z</time>
			</trkpt>
			<trkpt lat="48.036175" lon="-121.148224">
				<ele>1823.651245</ele>
				<time>2026-07-17T21:31:55Z</time>
			</trkpt>
			<trkpt lat="48.036217" lon="-121.148216">
				<ele>1822.900635</ele>
				<time>2026-07-17T21:31:59Z</time>
			</trkpt>
			<trkpt lat="48.036301" lon="-121.14814">
				<ele>1825.295044</ele>
				<time>2026-07-17T21:32:09Z</time>
			</trkpt>
			<trkpt lat="48.036396" lon="-121.148109">
				<ele>1824.592407</ele>
				<time>2026-07-17T21:32:19Z</time>
			</trkpt>
			<trkpt lat="48.036583" lon="-121.148094">
				<ele>1826.138184</ele>
				<time>2026-07-17T21:32:38Z</time>
			</trkpt>
			<trkpt lat="48.036678" lon="-121.148125">
				<ele>1828.762329</ele>
				<time>2026-07-17T21:32:50Z</time>
			</trkpt>
			<trkpt lat="48.036728" lon="-121.148125">
				<ele>1828.830811</ele>
				<time>2026-07-17T21:32:56Z</time>
			</trkpt>
			<trkpt lat="48.036861" lon="-121.148056">
				<ele>1828.264648</ele>
				<time>2026-07-17T21:33:14Z</time>
			</trkpt>
			<trkpt lat="48.036907" lon="-121.148018">
				<ele>1828.610718</ele>
				<time>2026-07-17T21:33:19Z</time>
			</trkpt>
			<trkpt lat="48.036953" lon="-121.147987">
				<ele>1828.504272</ele>
				<time>2026-07-17T21:33:24Z</time>
			</trkpt>
			<trkpt lat="48.036995" lon="-121.147987">
				<ele>1828.609131</ele>
				<time>2026-07-17T21:33:28Z</time>
			</trkpt>
			<trkpt lat="48.037086" lon="-121.147903">
				<ele>1827.162231</ele>
				<time>2026-07-17T21:33:39Z</time>
			</trkpt>
			<trkpt lat="48.03722" lon="-121.147804">
				<ele>1829.115112</ele>
				<time>2026-07-17T21:33:53Z</time>
			</trkpt>
			<trkpt lat="48.037498" lon="-121.147888">
				<ele>1825.83606</ele>
				<time>2026-07-17T21:34:24Z</time>
			</trkpt>
			<trkpt lat="48.037544" lon="-121.147911">
				<ele>1826.503784</ele>
				<time>2026-07-17T21:34:28Z</time>
			</trkpt>
			<trkpt lat="48.037582" lon="-121.147949">
				<ele>1825.488403</ele>
				<time>2026-07-17T21:34:32Z</time>
			</trkpt>
			<trkpt lat="48.037628" lon="-121.147987">
				<ele>1826.08252</ele>
				<time>2026-07-17T21:34:37Z</time>
			</trkpt>
			<trkpt lat="48.037666" lon="-121.148026">
				<ele>1825.804565</ele>
				<time>2026-07-17T21:34:42Z</time>
			</trkpt>
			<trkpt lat="48.03772" lon="-121.14801">
				<ele>1828.155396</ele>
				<time>2026-07-17T21:34:49Z</time>
			</trkpt>
			<trkpt lat="48.037811" lon="-121.14801">
				<ele>1825.427002</ele>
				<time>2026-07-17T21:35:04Z</time>
			</trkpt>
			<trkpt lat="48.037849" lon="-121.147964">
				<ele>1828.459106</ele>
				<time>2026-07-17T21:35:10Z</time>
			</trkpt>
			<trkpt lat="48.037888" lon="-121.147926">
				<ele>1827.668579</ele>
				<time>2026-07-17T21:35:15Z</time>
			</trkpt>
			<trkpt lat="48.037964" lon="-121.14785">
				<ele>1828.905884</ele>
				<time>2026-07-17T21:35:23Z</time>
			</trkpt>
			<trkpt lat="48.038101" lon="-121.147652">
				<ele>1829.588867</ele>
				<time>2026-07-17T21:35:45Z</time>
			</trkpt>
			<trkpt lat="48.038124" lon="-121.147606">
				<ele>1830.37561</ele>
				<time>2026-07-17T21:35:50Z</time>
			</trkpt>
			<trkpt lat="48.038158" lon="-121.147552">
				<ele>1829.864014</ele>
				<time>2026-07-17T21:35:55Z</time>
			</trkpt>
			<trkpt lat="48.038235" lon="-121.147453">
				<ele>1831.387573</ele>
				<time>2026-07-17T21:36:06Z</time>
			</trkpt>
			<trkpt lat="48.038277" lon="-121.147415">
				<ele>1830.839233</ele>
				<time>2026-07-17T21:36:11Z</time>
			</trkpt>
			<trkpt lat="48.038471" lon="-121.147385">
				<ele>1832.173218</ele>
				<time>2026-07-17T21:36:31Z</time>
			</trkpt>
			<trkpt lat="48.038513" lon="-121.147385">
				<ele>1831.539307</ele>
				<time>2026-07-17T21:36:37Z</time>
			</trkpt>
			<trkpt lat="48.038712" lon="-121.147232">
				<ele>1835.818848</ele>
				<time>2026-07-17T21:37:05Z</time>
			</trkpt>
			<trkpt lat="48.038776" lon="-121.147156">
				<ele>1835.762451</ele>
				<time>2026-07-17T21:37:19Z</time>
			</trkpt>
			<trkpt lat="48.038807" lon="-121.147102">
				<ele>1836.524292</ele>
				<time>2026-07-17T21:37:24Z</time>
			</trkpt>
			<trkpt lat="48.038841" lon="-121.147064">
				<ele>1836.284912</ele>
				<time>2026-07-17T21:37:29Z</time>
			</trkpt>
			<trkpt lat="48.039051" lon="-121.146919">
				<ele>1839.387085</ele>
				<time>2026-07-17T21:37:57Z</time>
			</trkpt>
			<trkpt lat="48.039089" lon="-121.146889">
				<ele>1838.899536</ele>
				<time>2026-07-17T21:38:01Z</time>
			</trkpt>
			<trkpt lat="48.039261" lon="-121.14666">
				<ele>1842.1604</ele>
				<time>2026-07-17T21:38:26Z</time>
			</trkpt>
			<trkpt lat="48.03933" lon="-121.146568">
				<ele>1842.713745</ele>
				<time>2026-07-17T21:38:36Z</time>
			</trkpt>
			<trkpt lat="48.039413" lon="-121.146515">
				<ele>1841.549561</ele>
				<time>2026-07-17T21:38:48Z</time>
			</trkpt>
			<trkpt lat="48.03949" lon="-121.146439">
				<ele>1842.687866</ele>
				<time>2026-07-17T21:38:59Z</time>
			</trkpt>
			<trkpt lat="48.03952" lon="-121.146393">
				<ele>1842.999634</ele>
				<time>2026-07-17T21:39:05Z</time>
			</trkpt>
			<trkpt lat="48.039562" lon="-121.14637">
				<ele>1842.744751</ele>
				<time>2026-07-17T21:39:10Z</time>
			</trkpt>
			<trkpt lat="48.0396" lon="-121.146339">
				<ele>1843.160767</ele>
				<time>2026-07-17T21:39:15Z</time>
			</trkpt>
			<trkpt lat="48.039654" lon="-121.14624">
				<ele>1842.198853</ele>
				<time>2026-07-17T21:39:24Z</time>
			</trkpt>
			<trkpt lat="48.0397" lon="-121.146126">
				<ele>1842.516357</ele>
				<time>2026-07-17T21:39:35Z</time>
			</trkpt>
			<trkpt lat="48.039722" lon="-121.146057">
				<ele>1841.783813</ele>
				<time>2026-07-17T21:39:40Z</time>
			</trkpt>
			<trkpt lat="48.039772" lon="-121.14595">
				<ele>1842.824219</ele>
				<time>2026-07-17T21:39:49Z</time>
			</trkpt>
			<trkpt lat="48.039795" lon="-121.145889">
				<ele>1842.191406</ele>
				<time>2026-07-17T21:39:54Z</time>
			</trkpt>
			<trkpt lat="48.039825" lon="-121.145836">
				<ele>1842.66687</ele>
				<time>2026-07-17T21:39:58Z</time>
			</trkpt>
			<trkpt lat="48.039898" lon="-121.145721">
				<ele>1842.897461</ele>
				<time>2026-07-17T21:40:08Z</time>
			</trkpt>
			<trkpt lat="48.040051" lon="-121.145401">
				<ele>1846.433716</ele>
				<time>2026-07-17T21:40:43Z</time>
			</trkpt>
			<trkpt lat="48.040051" lon="-121.145332">
				<ele>1845.72522</ele>
				<time>2026-07-17T21:40:49Z</time>
			</trkpt>
			<trkpt lat="48.040096" lon="-121.145073">
				<ele>1851.570068</ele>
				<time>2026-07-17T21:41:26Z</time>
			</trkpt>
			<trkpt lat="48.040203" lon="-121.144936">
				<ele>1853.507446</ele>
				<time>2026-07-17T21:41:44Z</time>
			</trkpt>
			<trkpt lat="48.040241" lon="-121.144905">
				<ele>1853.442871</ele>
				<time>2026-07-17T21:41:50Z</time>
			</trkpt>
			<trkpt lat="48.040268" lon="-121.144852">
				<ele>1853.739624</ele>
				<time>2026-07-17T21:41:57Z</time>
			</trkpt>
			<trkpt lat="48.040398" lon="-121.144646">
				<ele>1859.240356</ele>
				<time>2026-07-17T21:42:27Z</time>
			</trkpt>
			<trkpt lat="48.040432" lon="-121.144592">
				<ele>1859.457031</ele>
				<time>2026-07-17T21:42:34Z</time>
			</trkpt>
			<trkpt lat="48.040508" lon="-121.144516">
				<ele>1857.97583</ele>
				<time>2026-07-17T21:42:44Z</time>
			</trkpt>
			<trkpt lat="48.040535" lon="-121.144447">
				<ele>1858.479004</ele>
				<time>2026-07-17T21:42:49Z</time>
			</trkpt>
			<trkpt lat="48.040531" lon="-121.144379">
				<ele>1858.465454</ele>
				<time>2026-07-17T21:42:54Z</time>
			</trkpt>
			<trkpt lat="48.040501" lon="-121.144325">
				<ele>1860.838257</ele>
				<time>2026-07-17T21:43:00Z</time>
			</trkpt>
			<trkpt lat="48.040482" lon="-121.144264">
				<ele>1859.721069</ele>
				<time>2026-07-17T21:43:06Z</time>
			</trkpt>
			<trkpt lat="48.040497" lon="-121.144203">
				<ele>1859.980591</ele>
				<time>2026-07-17T21:43:11Z</time>
			</trkpt>
			<trkpt lat="48.040585" lon="-121.144173">
				<ele>1864.506104</ele>
				<time>2026-07-17T21:43:29Z</time>
			</trkpt>
			<trkpt lat="48.040691" lon="-121.143745">
				<ele>1870.153687</ele>
				<time>2026-07-17T21:44:13Z</time>
			</trkpt>
			<trkpt lat="48.040691" lon="-121.143677">
				<ele>1869.177612</ele>
				<time>2026-07-17T21:44:18Z</time>
			</trkpt>
			<trkpt lat="48.040691" lon="-121.143608">
				<ele>1869.123047</ele>
				<time>2026-07-17T21:44:22Z</time>
			</trkpt>
			<trkpt lat="48.04071" lon="-121.143539">
				<ele>1869.192505</ele>
				<time>2026-07-17T21:44:27Z</time>
			</trkpt>
			<trkpt lat="48.040752" lon="-121.143425">
				<ele>1868.241455</ele>
				<time>2026-07-17T21:44:48Z</time>
			</trkpt>
			<trkpt lat="48.040791" lon="-121.143303">
				<ele>1865.768066</ele>
				<time>2026-07-17T21:45:13Z</time>
			</trkpt>
			<trkpt lat="48.040821" lon="-121.143181">
				<ele>1871.856689</ele>
				<time>2026-07-17T21:45:34Z</time>
			</trkpt>
			<trkpt lat="48.040794" lon="-121.143127">
				<ele>1870.664551</ele>
				<time>2026-07-17T21:45:41Z</time>
			</trkpt>
			<trkpt lat="48.040775" lon="-121.143059">
				<ele>1872.202026</ele>
				<time>2026-07-17T21:45:47Z</time>
			</trkpt>
			<trkpt lat="48.040783" lon="-121.14299">
				<ele>1871.774902</ele>
				<time>2026-07-17T21:45:52Z</time>
			</trkpt>
			<trkpt lat="48.040894" lon="-121.142845">
				<ele>1872.734741</ele>
				<time>2026-07-17T21:46:07Z</time>
			</trkpt>
			<trkpt lat="48.04092" lon="-121.142723">
				<ele>1872.595093</ele>
				<time>2026-07-17T21:46:17Z</time>
			</trkpt>
			<trkpt lat="48.040936" lon="-121.142662">
				<ele>1872.700928</ele>
				<time>2026-07-17T21:46:21Z</time>
			</trkpt>
			<trkpt lat="48.040989" lon="-121.142479">
				<ele>1871.843384</ele>
				<time>2026-07-17T21:46:35Z</time>
			</trkpt>
			<trkpt lat="48.041031" lon="-121.142441">
				<ele>1869.754272</ele>
				<time>2026-07-17T21:46:42Z</time>
			</trkpt>
			<trkpt lat="48.041054" lon="-121.14238">
				<ele>1871.118774</ele>
				<time>2026-07-17T21:46:47Z</time>
			</trkpt>
			<trkpt lat="48.041058" lon="-121.142319">
				<ele>1870.796631</ele>
				<time>2026-07-17T21:46:52Z</time>
			</trkpt>
			<trkpt lat="48.041058" lon="-121.14225">
				<ele>1871.64917</ele>
				<time>2026-07-17T21:46:57Z</time>
			</trkpt>
			<trkpt lat="48.041157" lon="-121.142113">
				<ele>1869.899048</ele>
				<time>2026-07-17T21:47:12Z</time>
			</trkpt>
			<trkpt lat="48.041176" lon="-121.142044">
				<ele>1870.001587</ele>
				<time>2026-07-17T21:47:17Z</time>
			</trkpt>
			<trkpt lat="48.041157" lon="-121.141899">
				<ele>1870.697388</ele>
				<time>2026-07-17T21:47:30Z</time>
			</trkpt>
			<trkpt lat="48.041142" lon="-121.141838">
				<ele>1872.789307</ele>
				<time>2026-07-17T21:47:35Z</time>
			</trkpt>
			<trkpt lat="48.041145" lon="-121.141693">
				<ele>1871.161621</ele>
				<time>2026-07-17T21:47:47Z</time>
			</trkpt>
			<trkpt lat="48.041145" lon="-121.141624">
				<ele>1871.150391</ele>
				<time>2026-07-17T21:48:06Z</time>
			</trkpt>
			<trkpt lat="48.041134" lon="-121.141548">
				<ele>1871.907227</ele>
				<time>2026-07-17T21:48:11Z</time>
			</trkpt>
			<trkpt lat="48.041145" lon="-121.141487">
				<ele>1871.7677</ele>
				<time>2026-07-17T21:48:18Z</time>
			</trkpt>
			<trkpt lat="48.041199" lon="-121.141342">
				<ele>1866.850342</ele>
				<time>2026-07-17T21:49:59Z</time>
			</trkpt>
			<trkpt lat="48.041195" lon="-121.141106">
				<ele>1871.770386</ele>
				<time>2026-07-17T21:50:31Z</time>
			</trkpt>
			<trkpt lat="48.041149" lon="-121.140785">
				<ele>1874.70813</ele>
				<time>2026-07-17T21:51:02Z</time>
			</trkpt>
			<trkpt lat="48.041126" lon="-121.140656">
				<ele>1877.573242</ele>
				<time>2026-07-17T21:51:16Z</time>
			</trkpt>
			<trkpt lat="48.041172" lon="-121.140526">
				<ele>1876.084595</ele>
				<time>2026-07-17T21:51:27Z</time>
			</trkpt>
			<trkpt lat="48.041206" lon="-121.140488">
				<ele>1876.770264</ele>
				<time>2026-07-17T21:51:39Z</time>
			</trkpt>
			<trkpt lat="48.041195" lon="-121.140427">
				<ele>1873.546997</ele>
				<time>2026-07-17T21:52:16Z</time>
			</trkpt>
			<trkpt lat="48.041233" lon="-121.140388">
				<ele>1873.699829</ele>
				<time>2026-07-17T21:52:24Z</time>
			</trkpt>
			<trkpt lat="48.041264" lon="-121.140335">
				<ele>1873.062744</ele>
				<time>2026-07-17T21:52:32Z</time>
			</trkpt>
			<trkpt lat="48.04137" lon="-121.140106">
				<ele>1881.631958</ele>
				<time>2026-07-17T21:53:18Z</time>
			</trkpt>
			<trkpt lat="48.041412" lon="-121.139938">
				<ele>1880.337036</ele>
				<time>2026-07-17T21:53:37Z</time>
			</trkpt>
			<trkpt lat="48.041412" lon="-121.13987">
				<ele>1881.353149</ele>
				<time>2026-07-17T21:53:42Z</time>
			</trkpt>
			<trkpt lat="48.041412" lon="-121.139801">
				<ele>1880.98645</ele>
				<time>2026-07-17T21:53:48Z</time>
			</trkpt>
			<trkpt lat="48.041389" lon="-121.139656">
				<ele>1881.879639</ele>
				<time>2026-07-17T21:53:59Z</time>
			</trkpt>
			<trkpt lat="48.041412" lon="-121.139328">
				<ele>1886.885498</ele>
				<time>2026-07-17T21:54:32Z</time>
			</trkpt>
			<trkpt lat="48.041492" lon="-121.139267">
				<ele>1886.739258</ele>
				<time>2026-07-17T21:54:45Z</time>
			</trkpt>
			<trkpt lat="48.041527" lon="-121.139214">
				<ele>1888.211914</ele>
				<time>2026-07-17T21:54:53Z</time>
			</trkpt>
			<trkpt lat="48.041557" lon="-121.139153">
				<ele>1887.670288</ele>
				<time>2026-07-17T21:54:58Z</time>
			</trkpt>
			<trkpt lat="48.041603" lon="-121.139122">
				<ele>1889.396606</ele>
				<time>2026-07-17T21:55:06Z</time>
			</trkpt>
			<trkpt lat="48.04166" lon="-121.139015">
				<ele>1889.1521</ele>
				<time>2026-07-17T21:55:22Z</time>
			</trkpt>
			<trkpt lat="48.041702" lon="-121.138985">
				<ele>1889.850586</ele>
				<time>2026-07-17T21:55:31Z</time>
			</trkpt>
			<trkpt lat="48.041664" lon="-121.138855">
				<ele>1889.298706</ele>
				<time>2026-07-17T21:55:42Z</time>
			</trkpt>
			<trkpt lat="48.04166" lon="-121.138786">
				<ele>1888.272217</ele>
				<time>2026-07-17T21:55:46Z</time>
			</trkpt>
			<trkpt lat="48.041737" lon="-121.138458">
				<ele>1894.919556</ele>
				<time>2026-07-17T21:56:15Z</time>
			</trkpt>
			<trkpt lat="48.041748" lon="-121.138397">
				<ele>1894.9823</ele>
				<time>2026-07-17T21:56:20Z</time>
			</trkpt>
			<trkpt lat="48.041855" lon="-121.1381">
				<ele>1892.125</ele>
				<time>2026-07-17T21:56:49Z</time>
			</trkpt>
			<trkpt lat="48.041927" lon="-121.138031">
				<ele>1889.705566</ele>
				<time>2026-07-17T21:57:00Z</time>
			</trkpt>
			<trkpt lat="48.041973" lon="-121.137978">
				<ele>1889.433472</ele>
				<time>2026-07-17T21:57:06Z</time>
			</trkpt>
			<trkpt lat="48.042" lon="-121.137932">
				<ele>1890.159424</ele>
				<time>2026-07-17T21:57:13Z</time>
			</trkpt>
			<trkpt lat="48.042027" lon="-121.137878">
				<ele>1888.884644</ele>
				<time>2026-07-17T21:57:21Z</time>
			</trkpt>
			<trkpt lat="48.042038" lon="-121.137802">
				<ele>1891.042358</ele>
				<time>2026-07-17T21:57:28Z</time>
			</trkpt>
			<trkpt lat="48.042068" lon="-121.13768">
				<ele>1889.143433</ele>
				<time>2026-07-17T21:57:39Z</time>
			</trkpt>
			<trkpt lat="48.042042" lon="-121.137337">
				<ele>1891.386475</ele>
				<time>2026-07-17T21:58:03Z</time>
			</trkpt>
			<trkpt lat="48.042027" lon="-121.137276">
				<ele>1891.076416</ele>
				<time>2026-07-17T21:58:08Z</time>
			</trkpt>
			<trkpt lat="48.041988" lon="-121.13723">
				<ele>1891.145752</ele>
				<time>2026-07-17T21:58:13Z</time>
			</trkpt>
			<trkpt lat="48.041965" lon="-121.137169">
				<ele>1892.251709</ele>
				<time>2026-07-17T21:58:18Z</time>
			</trkpt>
			<trkpt lat="48.04187" lon="-121.137032">
				<ele>1890.734863</ele>
				<time>2026-07-17T21:58:32Z</time>
			</trkpt>
			<trkpt lat="48.041847" lon="-121.136909">
				<ele>1892.772949</ele>
				<time>2026-07-17T21:58:43Z</time>
			</trkpt>
			<trkpt lat="48.041813" lon="-121.136864">
				<ele>1892.464478</ele>
				<time>2026-07-17T21:58:47Z</time>
			</trkpt>
			<trkpt lat="48.041782" lon="-121.136742">
				<ele>1895.989868</ele>
				<time>2026-07-17T21:58:59Z</time>
			</trkpt>
			<trkpt lat="48.041924" lon="-121.136559">
				<ele>1892.98999</ele>
				<time>2026-07-17T21:59:19Z</time>
			</trkpt>
			<trkpt lat="48.041969" lon="-121.136559">
				<ele>1893.266479</ele>
				<time>2026-07-17T21:59:23Z</time>
			</trkpt>
			<trkpt lat="48.041981" lon="-121.13649">
				<ele>1893.804321</ele>
				<time>2026-07-17T21:59:30Z</time>
			</trkpt>
			<trkpt lat="48.041939" lon="-121.136452">
				<ele>1893.51416</ele>
				<time>2026-07-17T21:59:35Z</time>
			</trkpt>
			<trkpt lat="48.041908" lon="-121.136406">
				<ele>1893.727783</ele>
				<time>2026-07-17T21:59:40Z</time>
			</trkpt>
			<trkpt lat="48.04187" lon="-121.136368">
				<ele>1892.463501</ele>
				<time>2026-07-17T21:59:44Z</time>
			</trkpt>
			<trkpt lat="48.041756" lon="-121.136078">
				<ele>1895.812988</ele>
				<time>2026-07-17T22:00:07Z</time>
			</trkpt>
			<trkpt lat="48.041786" lon="-121.135956">
				<ele>1894.437622</ele>
				<time>2026-07-17T22:00:16Z</time>
			</trkpt>
			<trkpt lat="48.041786" lon="-121.135887">
				<ele>1891.763062</ele>
				<time>2026-07-17T22:00:27Z</time>
			</trkpt>
			<trkpt lat="48.041767" lon="-121.135765">
				<ele>1891.366089</ele>
				<time>2026-07-17T22:00:38Z</time>
			</trkpt>
			<trkpt lat="48.041637" lon="-121.13546">
				<ele>1887.887451</ele>
				<time>2026-07-17T22:01:01Z</time>
			</trkpt>
			<trkpt lat="48.041607" lon="-121.135399">
				<ele>1887.973633</ele>
				<time>2026-07-17T22:01:06Z</time>
			</trkpt>
			<trkpt lat="48.041546" lon="-121.135269">
				<ele>1885.887695</ele>
				<time>2026-07-17T22:01:15Z</time>
			</trkpt>
			<trkpt lat="48.041523" lon="-121.135201">
				<ele>1886.49707</ele>
				<time>2026-07-17T22:01:19Z</time>
			</trkpt>
			<trkpt lat="48.041504" lon="-121.135139">
				<ele>1886.221191</ele>
				<time>2026-07-17T22:01:23Z</time>
			</trkpt>
			<trkpt lat="48.041477" lon="-121.135086">
				<ele>1887.04248</ele>
				<time>2026-07-17T22:01:27Z</time>
			</trkpt>
			<trkpt lat="48.041454" lon="-121.135033">
				<ele>1886.449707</ele>
				<time>2026-07-17T22:01:31Z</time>
			</trkpt>
			<trkpt lat="48.041439" lon="-121.134956">
				<ele>1887.443115</ele>
				<time>2026-07-17T22:01:36Z</time>
			</trkpt>
			<trkpt lat="48.041416" lon="-121.134895">
				<ele>1887.398193</ele>
				<time>2026-07-17T22:01:41Z</time>
			</trkpt>
			<trkpt lat="48.041405" lon="-121.13472">
				<ele>1888.347656</ele>
				<time>2026-07-17T22:01:56Z</time>
			</trkpt>
			<trkpt lat="48.041378" lon="-121.134659">
				<ele>1888.241333</ele>
				<time>2026-07-17T22:02:00Z</time>
			</trkpt>
			<trkpt lat="48.041393" lon="-121.134605">
				<ele>1888.281738</ele>
				<time>2026-07-17T22:02:05Z</time>
			</trkpt>
			<trkpt lat="48.04137" lon="-121.134422">
				<ele>1883.985718</ele>
				<time>2026-07-17T22:02:22Z</time>
			</trkpt>
			<trkpt lat="48.041332" lon="-121.134293">
				<ele>1885.70813</ele>
				<time>2026-07-17T22:02:31Z</time>
			</trkpt>
			<trkpt lat="48.041332" lon="-121.134232">
				<ele>1885.494141</ele>
				<time>2026-07-17T22:02:35Z</time>
			</trkpt>
			<trkpt lat="48.041367" lon="-121.134186">
				<ele>1885.739014</ele>
				<time>2026-07-17T22:02:39Z</time>
			</trkpt>
			<trkpt lat="48.041363" lon="-121.134109">
				<ele>1884.219604</ele>
				<time>2026-07-17T22:02:44Z</time>
			</trkpt>
			<trkpt lat="48.041355" lon="-121.13398">
				<ele>1884.78064</ele>
				<time>2026-07-17T22:02:53Z</time>
			</trkpt>
			<trkpt lat="48.041393" lon="-121.133949">
				<ele>1883.872681</ele>
				<time>2026-07-17T22:02:57Z</time>
			</trkpt>
			<trkpt lat="48.04142" lon="-121.133896">
				<ele>1884.206299</ele>
				<time>2026-07-17T22:03:02Z</time>
			</trkpt>
			<trkpt lat="48.041458" lon="-121.133865">
				<ele>1883.907715</ele>
				<time>2026-07-17T22:03:09Z</time>
			</trkpt>
			<trkpt lat="48.0415" lon="-121.133835">
				<ele>1882.608643</ele>
				<time>2026-07-17T22:03:14Z</time>
			</trkpt>
			<trkpt lat="48.041588" lon="-121.133766">
				<ele>1884.93811</ele>
				<time>2026-07-17T22:03:24Z</time>
			</trkpt>
			<trkpt lat="48.041603" lon="-121.133705">
				<ele>1884.796997</ele>
				<time>2026-07-17T22:03:31Z</time>
			</trkpt>
			<trkpt lat="48.041588" lon="-121.133636">
				<ele>1885.771851</ele>
				<time>2026-07-17T22:03:38Z</time>
			</trkpt>
			<trkpt lat="48.041553" lon="-121.133591">
				<ele>1885.607788</ele>
				<time>2026-07-17T22:03:43Z</time>
			</trkpt>
			<trkpt lat="48.041512" lon="-121.133553">
				<ele>1885.956665</ele>
				<time>2026-07-17T22:03:49Z</time>
			</trkpt>
			<trkpt lat="48.041523" lon="-121.133369">
				<ele>1888.806152</ele>
				<time>2026-07-17T22:04:05Z</time>
			</trkpt>
			<trkpt lat="48.04147" lon="-121.133102">
				<ele>1884.727051</ele>
				<time>2026-07-17T22:04:24Z</time>
			</trkpt>
			<trkpt lat="48.04142" lon="-121.132988">
				<ele>1886.320068</ele>
				<time>2026-07-17T22:04:32Z</time>
			</trkpt>
			<trkpt lat="48.041389" lon="-121.132919">
				<ele>1885.91748</ele>
				<time>2026-07-17T22:04:38Z</time>
			</trkpt>
			<trkpt lat="48.041382" lon="-121.132851">
				<ele>1886.678955</ele>
				<time>2026-07-17T22:04:45Z</time>
			</trkpt>
			<trkpt lat="48.041473" lon="-121.132683">
				<ele>1884.985962</ele>
				<time>2026-07-17T22:05:01Z</time>
			</trkpt>
			<trkpt lat="48.041519" lon="-121.132675">
				<ele>1885.894165</ele>
				<time>2026-07-17T22:05:06Z</time>
			</trkpt>
			<trkpt lat="48.041561" lon="-121.132629">
				<ele>1884.62146</ele>
				<time>2026-07-17T22:05:12Z</time>
			</trkpt>
			<trkpt lat="48.041588" lon="-121.132576">
				<ele>1885.196777</ele>
				<time>2026-07-17T22:05:17Z</time>
			</trkpt>
			<trkpt lat="48.041592" lon="-121.132507">
				<ele>1884.692017</ele>
				<time>2026-07-17T22:05:24Z</time>
			</trkpt>
			<trkpt lat="48.041603" lon="-121.132439">
				<ele>1886.866577</ele>
				<time>2026-07-17T22:05:36Z</time>
			</trkpt>
			<trkpt lat="48.041607" lon="-121.13224">
				<ele>1887.68042</ele>
				<time>2026-07-17T22:05:50Z</time>
			</trkpt>
			<trkpt lat="48.041683" lon="-121.132156">
				<ele>1885.792603</ele>
				<time>2026-07-17T22:05:59Z</time>
			</trkpt>
			<trkpt lat="48.041698" lon="-121.132027">
				<ele>1888.310669</ele>
				<time>2026-07-17T22:06:09Z</time>
			</trkpt>
			<trkpt lat="48.041775" lon="-121.131943">
				<ele>1887.295532</ele>
				<time>2026-07-17T22:06:19Z</time>
			</trkpt>
			<trkpt lat="48.041801" lon="-121.131889">
				<ele>1888.191895</ele>
				<time>2026-07-17T22:06:27Z</time>
			</trkpt>
			<trkpt lat="48.041786" lon="-121.131836">
				<ele>1890.757446</ele>
				<time>2026-07-17T22:06:33Z</time>
			</trkpt>
			<trkpt lat="48.041782" lon="-121.131775">
				<ele>1891.670044</ele>
				<time>2026-07-17T22:06:39Z</time>
			</trkpt>
			<trkpt lat="48.041794" lon="-121.131706">
				<ele>1891.03418</ele>
				<time>2026-07-17T22:06:44Z</time>
			</trkpt>
			<trkpt lat="48.041809" lon="-121.131287">
				<ele>1899.240601</ele>
				<time>2026-07-17T22:07:29Z</time>
			</trkpt>
			<trkpt lat="48.041813" lon="-121.131081">
				<ele>1900.717407</ele>
				<time>2026-07-17T22:07:48Z</time>
			</trkpt>
			<trkpt lat="48.041862" lon="-121.131042">
				<ele>1900.296753</ele>
				<time>2026-07-17T22:07:54Z</time>
			</trkpt>
			<trkpt lat="48.041924" lon="-121.130539">
				<ele>1909.823486</ele>
				<time>2026-07-17T22:08:54Z</time>
			</trkpt>
			<trkpt lat="48.041965" lon="-121.130508">
				<ele>1909.948853</ele>
				<time>2026-07-17T22:09:00Z</time>
			</trkpt>
			<trkpt lat="48.041988" lon="-121.130447">
				<ele>1909.820435</ele>
				<time>2026-07-17T22:09:08Z</time>
			</trkpt>
			<trkpt lat="48.041988" lon="-121.130379">
				<ele>1910.807739</ele>
				<time>2026-07-17T22:09:14Z</time>
			</trkpt>
			<trkpt lat="48.041885" lon="-121.130081">
				<ele>1918.515503</ele>
				<time>2026-07-17T22:09:54Z</time>
			</trkpt>
			<trkpt lat="48.041939" lon="-121.129936">
				<ele>1912.58313</ele>
				<time>2026-07-17T22:25:44Z</time>
			</trkpt>
			<trkpt lat="48.041977" lon="-121.129654">
				<ele>1915.800537</ele>
				<time>2026-07-17T22:26:21Z</time>
			</trkpt>
			<trkpt lat="48.041885" lon="-121.12944">
				<ele>1926.483765</ele>
				<time>2026-07-17T22:26:52Z</time>
			</trkpt>
			<trkpt lat="48.041897" lon="-121.129303">
				<ele>1928.855225</ele>
				<time>2026-07-17T22:27:03Z</time>
			</trkpt>
			<trkpt lat="48.041954" lon="-121.129097">
				<ele>1925.006226</ele>
				<time>2026-07-17T22:27:19Z</time>
			</trkpt>
			<trkpt lat="48.041924" lon="-121.129036">
				<ele>1925.637207</ele>
				<time>2026-07-17T22:27:25Z</time>
			</trkpt>
			<trkpt lat="48.041908" lon="-121.128983">
				<ele>1925.065063</ele>
				<time>2026-07-17T22:27:29Z</time>
			</trkpt>
			<trkpt lat="48.041893" lon="-121.128922">
				<ele>1925.104858</ele>
				<time>2026-07-17T22:27:33Z</time>
			</trkpt>
			<trkpt lat="48.041859" lon="-121.12886">
				<ele>1926.478149</ele>
				<time>2026-07-17T22:27:37Z</time>
			</trkpt>
			<trkpt lat="48.041824" lon="-121.128807">
				<ele>1925.254883</ele>
				<time>2026-07-17T22:27:42Z</time>
			</trkpt>
			<trkpt lat="48.041801" lon="-121.128662">
				<ele>1924.814819</ele>
				<time>2026-07-17T22:27:50Z</time>
			</trkpt>
			<trkpt lat="48.041767" lon="-121.12854">
				<ele>1925.913574</ele>
				<time>2026-07-17T22:27:59Z</time>
			</trkpt>
			<trkpt lat="48.04171" lon="-121.128426">
				<ele>1925.642456</ele>
				<time>2026-07-17T22:28:07Z</time>
			</trkpt>
			<trkpt lat="48.04171" lon="-121.128349">
				<ele>1925.628906</ele>
				<time>2026-07-17T22:28:11Z</time>
			</trkpt>
			<trkpt lat="48.041756" lon="-121.128075">
				<ele>1926.402466</ele>
				<time>2026-07-17T22:28:28Z</time>
			</trkpt>
			<trkpt lat="48.041771" lon="-121.127945">
				<ele>1924.751831</ele>
				<time>2026-07-17T22:28:37Z</time>
			</trkpt>
			<trkpt lat="48.041748" lon="-121.127884">
				<ele>1925.389893</ele>
				<time>2026-07-17T22:28:41Z</time>
			</trkpt>
			<trkpt lat="48.041683" lon="-121.127693">
				<ele>1924.603271</ele>
				<time>2026-07-17T22:28:53Z</time>
			</trkpt>
			<trkpt lat="48.041668" lon="-121.127625">
				<ele>1925.501953</ele>
				<time>2026-07-17T22:28:57Z</time>
			</trkpt>
			<trkpt lat="48.041656" lon="-121.127556">
				<ele>1924.27417</ele>
				<time>2026-07-17T22:29:01Z</time>
			</trkpt>
			<trkpt lat="48.041656" lon="-121.127487">
				<ele>1924.421265</ele>
				<time>2026-07-17T22:29:05Z</time>
			</trkpt>
			<trkpt lat="48.041679" lon="-121.127342">
				<ele>1923.764526</ele>
				<time>2026-07-17T22:29:14Z</time>
			</trkpt>
			<trkpt lat="48.04171" lon="-121.127281">
				<ele>1924.369141</ele>
				<time>2026-07-17T22:29:19Z</time>
			</trkpt>
			<trkpt lat="48.041958" lon="-121.126968">
				<ele>1930.901489</ele>
				<time>2026-07-17T22:29:57Z</time>
			</trkpt>
			<trkpt lat="48.042244" lon="-121.127182">
				<ele>1940.198608</ele>
				<time>2026-07-17T22:31:00Z</time>
			</trkpt>
			<trkpt lat="48.042465" lon="-121.127266">
				<ele>1951.360596</ele>
				<time>2026-07-17T22:31:39Z</time>
			</trkpt>
			<trkpt lat="48.042511" lon="-121.127258">
				<ele>1950.890137</ele>
				<time>2026-07-17T22:31:46Z</time>
			</trkpt>
			<trkpt lat="48.042706" lon="-121.127312">
				<ele>1954.320923</ele>
				<time>2026-07-17T22:32:17Z</time>
			</trkpt>
			<trkpt lat="48.042759" lon="-121.127312">
				<ele>1953.880615</ele>
				<time>2026-07-17T22:32:26Z</time>
			</trkpt>
			<trkpt lat="48.042843" lon="-121.127396">
				<ele>1954.101563</ele>
				<time>2026-07-17T22:32:59Z</time>
			</trkpt>
			<trkpt lat="48.042877" lon="-121.127457">
				<ele>1954.653198</ele>
				<time>2026-07-17T22:33:05Z</time>
			</trkpt>
			<trkpt lat="48.042919" lon="-121.127487">
				<ele>1955.781616</ele>
				<time>2026-07-17T22:33:11Z</time>
			</trkpt>
			<trkpt lat="48.043125" lon="-121.127617">
				<ele>1950.452271</ele>
				<time>2026-07-17T22:34:19Z</time>
			</trkpt>
			<trkpt lat="48.04361" lon="-121.128021">
				<ele>1922.905518</ele>
				<time>2026-07-17T22:36:33Z</time>
			</trkpt>
			<trkpt lat="48.043728" lon="-121.128151">
				<ele>1924.709595</ele>
				<time>2026-07-17T22:36:52Z</time>
			</trkpt>
			<trkpt lat="48.043774" lon="-121.128166">
				<ele>1921.943604</ele>
				<time>2026-07-17T22:37:02Z</time>
			</trkpt>
			<trkpt lat="48.043926" lon="-121.128304">
				<ele>1924.278198</ele>
				<time>2026-07-17T22:37:27Z</time>
			</trkpt>
			<trkpt lat="48.043972" lon="-121.128311">
				<ele>1921.509033</ele>
				<time>2026-07-17T22:37:33Z</time>
			</trkpt>
			<trkpt lat="48.044048" lon="-121.128372">
				<ele>1925.848755</ele>
				<time>2026-07-17T22:37:48Z</time>
			</trkpt>
			<trkpt lat="48.044407" lon="-121.128479">
				<ele>1917.412109</ele>
				<time>2026-07-17T22:38:43Z</time>
			</trkpt>
			<trkpt lat="48.044502" lon="-121.128464">
				<ele>1918.724609</ele>
				<time>2026-07-17T22:38:51Z</time>
			</trkpt>
			<trkpt lat="48.04454" lon="-121.128487">
				<ele>1917.956909</ele>
				<time>2026-07-17T22:38:55Z</time>
			</trkpt>
			<trkpt lat="48.044632" lon="-121.128502">
				<ele>1918.537231</ele>
				<time>2026-07-17T22:39:03Z</time>
			</trkpt>
			<trkpt lat="48.044716" lon="-121.128479">
				<ele>1922.405762</ele>
				<time>2026-07-17T22:39:11Z</time>
			</trkpt>
			<trkpt lat="48.044762" lon="-121.128456">
				<ele>1922.909668</ele>
				<time>2026-07-17T22:39:16Z</time>
			</trkpt>
			<trkpt lat="48.044815" lon="-121.128471">
				<ele>1921.320068</ele>
				<time>2026-07-17T22:39:23Z</time>
			</trkpt>
			<trkpt lat="48.044865" lon="-121.128471">
				<ele>1923.393677</ele>
				<time>2026-07-17T22:39:28Z</time>
			</trkpt>
			<trkpt lat="48.044918" lon="-121.128479">
				<ele>1921.427856</ele>
				<time>2026-07-17T22:39:33Z</time>
			</trkpt>
			<trkpt lat="48.044968" lon="-121.128464">
				<ele>1922.470215</ele>
				<time>2026-07-17T22:39:39Z</time>
			</trkpt>
			<trkpt lat="48.045021" lon="-121.128456">
				<ele>1922.238892</ele>
				<time>2026-07-17T22:39:48Z</time>
			</trkpt>
			<trkpt lat="48.045067" lon="-121.128448">
				<ele>1924.974243</ele>
				<time>2026-07-17T22:39:54Z</time>
			</trkpt>
			<trkpt lat="48.045109" lon="-121.128471">
				<ele>1923.459595</ele>
				<time>2026-07-17T22:40:00Z</time>
			</trkpt>
			<trkpt lat="48.045341" lon="-121.128433">
				<ele>1929.665527</ele>
				<time>2026-07-17T22:40:27Z</time>
			</trkpt>
			<trkpt lat="48.045475" lon="-121.128456">
				<ele>1929.171631</ele>
				<time>2026-07-17T22:40:44Z</time>
			</trkpt>
			<trkpt lat="48.045521" lon="-121.128448">
				<ele>1931.653198</ele>
				<time>2026-07-17T22:40:50Z</time>
			</trkpt>
			<trkpt lat="48.045597" lon="-121.128365">
				<ele>1930.562622</ele>
				<time>2026-07-17T22:41:01Z</time>
			</trkpt>
			<trkpt lat="48.045696" lon="-121.128342">
				<ele>1931.791992</ele>
				<time>2026-07-17T22:41:10Z</time>
			</trkpt>
			<trkpt lat="48.045742" lon="-121.128311">
				<ele>1930.142822</ele>
				<time>2026-07-17T22:41:14Z</time>
			</trkpt>
			<trkpt lat="48.045826" lon="-121.128273">
				<ele>1933.515137</ele>
				<time>2026-07-17T22:41:26Z</time>
			</trkpt>
			<trkpt lat="48.045876" lon="-121.128258">
				<ele>1931.908447</ele>
				<time>2026-07-17T22:41:30Z</time>
			</trkpt>
			<trkpt lat="48.046017" lon="-121.128159">
				<ele>1930.980835</ele>
				<time>2026-07-17T22:41:44Z</time>
			</trkpt>
			<trkpt lat="48.046059" lon="-121.128128">
				<ele>1929.624634</ele>
				<time>2026-07-17T22:41:48Z</time>
			</trkpt>
			<trkpt lat="48.046154" lon="-121.128067">
				<ele>1932.91687</ele>
				<time>2026-07-17T22:42:00Z</time>
			</trkpt>
			<trkpt lat="48.046192" lon="-121.128036">
				<ele>1932.017334</ele>
				<time>2026-07-17T22:42:04Z</time>
			</trkpt>
			<trkpt lat="48.046234" lon="-121.127998">
				<ele>1932.54126</ele>
				<time>2026-07-17T22:42:08Z</time>
			</trkpt>
			<trkpt lat="48.046272" lon="-121.127953">
				<ele>1930.304443</ele>
				<time>2026-07-17T22:42:13Z</time>
			</trkpt>
			<trkpt lat="48.04631" lon="-121.127922">
				<ele>1931.379761</ele>
				<time>2026-07-17T22:42:17Z</time>
			</trkpt>
			<trkpt lat="48.046379" lon="-121.127838">
				<ele>1930.017944</ele>
				<time>2026-07-17T22:42:25Z</time>
			</trkpt>
			<trkpt lat="48.046494" lon="-121.127701">
				<ele>1931.518799</ele>
				<time>2026-07-17T22:42:40Z</time>
			</trkpt>
			<trkpt lat="48.046566" lon="-121.127632">
				<ele>1928.86377</ele>
				<time>2026-07-17T22:42:51Z</time>
			</trkpt>
			<trkpt lat="48.046738" lon="-121.127518">
				<ele>1933.70166</ele>
				<time>2026-07-17T22:43:16Z</time>
			</trkpt>
			<trkpt lat="48.046822" lon="-121.127464">
				<ele>1932.685547</ele>
				<time>2026-07-17T22:43:29Z</time>
			</trkpt>
			<trkpt lat="48.047367" lon="-121.127235">
				<ele>1954.637939</ele>
				<time>2026-07-17T22:45:52Z</time>
			</trkpt>
			<trkpt lat="48.047455" lon="-121.127274">
				<ele>1961.223877</ele>
				<time>2026-07-17T22:46:21Z</time>
			</trkpt>
			<trkpt lat="48.047489" lon="-121.127235">
				<ele>1961.222534</ele>
				<time>2026-07-17T22:46:32Z</time>
			</trkpt>
			<trkpt lat="48.047882" lon="-121.127159">
				<ele>1975.807007</ele>
				<time>2026-07-17T22:48:06Z</time>
			</trkpt>
			<trkpt lat="48.047916" lon="-121.127113">
				<ele>1976.780029</ele>
				<time>2026-07-17T22:48:12Z</time>
			</trkpt>
			<trkpt lat="48.047958" lon="-121.12709">
				<ele>1975.907593</ele>
				<time>2026-07-17T22:48:18Z</time>
			</trkpt>
			<trkpt lat="48.048046" lon="-121.127121">
				<ele>1979.214478</ele>
				<time>2026-07-17T22:48:40Z</time>
			</trkpt>
			<trkpt lat="48.04826" lon="-121.126976">
				<ele>1986.179932</ele>
				<time>2026-07-17T22:49:36Z</time>
			</trkpt>
			<trkpt lat="48.048367" lon="-121.126846">
				<ele>1987.873535</ele>
				<time>2026-07-17T22:50:05Z</time>
			</trkpt>
			<trkpt lat="48.048561" lon="-121.126572">
				<ele>1996.276123</ele>
				<time>2026-07-17T22:51:18Z</time>
			</trkpt>
			<trkpt lat="48.048653" lon="-121.126556">
				<ele>2002.412109</ele>
				<time>2026-07-17T22:51:52Z</time>
			</trkpt>
			<trkpt lat="48.048786" lon="-121.126945">
				<ele>2013.956299</ele>
				<time>2026-07-17T22:54:16Z</time>
			</trkpt>
			<trkpt lat="48.04908" lon="-121.127159">
				<ele>2006.638306</ele>
				<time>2026-07-17T22:55:22Z</time>
			</trkpt>
			<trkpt lat="48.049419" lon="-121.12706">
				<ele>1999.330322</ele>
				<time>2026-07-17T22:56:12Z</time>
			</trkpt>
			<trkpt lat="48.049568" lon="-121.126907">
				<ele>1995.409424</ele>
				<time>2026-07-17T22:56:41Z</time>
			</trkpt>
			<trkpt lat="48.049656" lon="-121.126923">
				<ele>1993.503296</ele>
				<time>2026-07-17T22:57:12Z</time>
			</trkpt>
			<trkpt lat="48.049702" lon="-121.126953">
				<ele>1994.572876</ele>
				<time>2026-07-17T22:57:18Z</time>
			</trkpt>
			<trkpt lat="48.04974" lon="-121.12693">
				<ele>1992.126831</ele>
				<time>2026-07-17T22:57:26Z</time>
			</trkpt>
			<trkpt lat="48.049877" lon="-121.126877">
				<ele>1990.488403</ele>
				<time>2026-07-17T22:57:51Z</time>
			</trkpt>
			<trkpt lat="48.049919" lon="-121.126839">
				<ele>1990.63501</ele>
				<time>2026-07-17T22:57:57Z</time>
			</trkpt>
			<trkpt lat="48.04995" lon="-121.126793">
				<ele>1989.052002</ele>
				<time>2026-07-17T22:58:05Z</time>
			</trkpt>
			<trkpt lat="48.049988" lon="-121.12674">
				<ele>1989.971558</ele>
				<time>2026-07-17T22:58:12Z</time>
			</trkpt>
			<trkpt lat="48.050026" lon="-121.126686">
				<ele>1988.943604</ele>
				<time>2026-07-17T22:58:17Z</time>
			</trkpt>
			<trkpt lat="48.050068" lon="-121.126663">
				<ele>1986.667358</ele>
				<time>2026-07-17T22:58:22Z</time>
			</trkpt>
			<trkpt lat="48.050098" lon="-121.12661">
				<ele>1986.333984</ele>
				<time>2026-07-17T22:58:27Z</time>
			</trkpt>
			<trkpt lat="48.050194" lon="-121.126472">
				<ele>1986.944092</ele>
				<time>2026-07-17T22:58:43Z</time>
			</trkpt>
			<trkpt lat="48.050274" lon="-121.126419">
				<ele>1985.819092</ele>
				<time>2026-07-17T22:58:56Z</time>
			</trkpt>
			<trkpt lat="48.050472" lon="-121.126419">
				<ele>1975.8479</ele>
				<time>2026-07-17T22:59:37Z</time>
			</trkpt>
			<trkpt lat="48.050526" lon="-121.126419">
				<ele>1976.272461</ele>
				<time>2026-07-17T22:59:42Z</time>
			</trkpt>
			<trkpt lat="48.05077" lon="-121.126297">
				<ele>1971.574585</ele>
				<time>2026-07-17T23:00:22Z</time>
			</trkpt>
			<trkpt lat="48.050945" lon="-121.126289">
				<ele>1964.922485</ele>
				<time>2026-07-17T23:00:55Z</time>
			</trkpt>
			<trkpt lat="48.050972" lon="-121.126228">
				<ele>1965.006104</ele>
				<time>2026-07-17T23:01:02Z</time>
			</trkpt>
			<trkpt lat="48.051006" lon="-121.12619">
				<ele>1963.546997</ele>
				<time>2026-07-17T23:01:09Z</time>
			</trkpt>
			<trkpt lat="48.051048" lon="-121.12616">
				<ele>1964.300659</ele>
				<time>2026-07-17T23:01:28Z</time>
			</trkpt>
			<trkpt lat="48.051182" lon="-121.126144">
				<ele>1958.937866</ele>
				<time>2026-07-17T23:08:58Z</time>
			</trkpt>
			<trkpt lat="48.051289" lon="-121.126007">
				<ele>1955.570801</ele>
				<time>2026-07-17T23:13:48Z</time>
			</trkpt>
			<trkpt lat="48.05138" lon="-121.125938">
				<ele>1955.155151</ele>
				<time>2026-07-17T23:14:04Z</time>
			</trkpt>
			<trkpt lat="48.051697" lon="-121.125824">
				<ele>1949.485718</ele>
				<time>2026-07-17T23:14:48Z</time>
			</trkpt>
			<trkpt lat="48.051746" lon="-121.125809">
				<ele>1949.722168</ele>
				<time>2026-07-17T23:14:54Z</time>
			</trkpt>
			<trkpt lat="48.052074" lon="-121.125778">
				<ele>1946.397583</ele>
				<time>2026-07-17T23:15:36Z</time>
			</trkpt>
			<trkpt lat="48.052174" lon="-121.125793">
				<ele>1947.346191</ele>
				<time>2026-07-17T23:15:50Z</time>
			</trkpt>
			<trkpt lat="48.052216" lon="-121.125824">
				<ele>1946.7677</ele>
				<time>2026-07-17T23:15:56Z</time>
			</trkpt>
			<trkpt lat="48.052307" lon="-121.125793">
				<ele>1947.17749</ele>
				<time>2026-07-17T23:16:12Z</time>
			</trkpt>
			<trkpt lat="48.052395" lon="-121.125771">
				<ele>1943.994263</ele>
				<time>2026-07-17T23:16:25Z</time>
			</trkpt>
			<trkpt lat="48.05249" lon="-121.125763">
				<ele>1945.898804</ele>
				<time>2026-07-17T23:16:40Z</time>
			</trkpt>
			<trkpt lat="48.052536" lon="-121.125755">
				<ele>1944.995605</ele>
				<time>2026-07-17T23:16:48Z</time>
			</trkpt>
			<trkpt lat="48.05262" lon="-121.125732">
				<ele>1946.093506</ele>
				<time>2026-07-17T23:17:00Z</time>
			</trkpt>
			<trkpt lat="48.052666" lon="-121.125717">
				<ele>1944.733398</ele>
				<time>2026-07-17T23:17:06Z</time>
			</trkpt>
			<trkpt lat="48.052711" lon="-121.12571">
				<ele>1945.923096</ele>
				<time>2026-07-17T23:17:12Z</time>
			</trkpt>
			<trkpt lat="48.052761" lon="-121.125671">
				<ele>1945.571045</ele>
				<time>2026-07-17T23:17:19Z</time>
			</trkpt>
			<trkpt lat="48.052841" lon="-121.125702">
				<ele>1946.34668</ele>
				<time>2026-07-17T23:17:30Z</time>
			</trkpt>
			<trkpt lat="48.052963" lon="-121.125671">
				<ele>1944.695801</ele>
				<time>2026-07-17T23:17:57Z</time>
			</trkpt>
			<trkpt lat="48.053032" lon="-121.125587">
				<ele>1946.477417</ele>
				<time>2026-07-17T23:18:17Z</time>
			</trkpt>
			<trkpt lat="48.053062" lon="-121.125534">
				<ele>1945.250244</ele>
				<time>2026-07-17T23:18:24Z</time>
			</trkpt>
			<trkpt lat="48.053238" lon="-121.125534">
				<ele>1948.668701</ele>
				<time>2026-07-17T23:18:59Z</time>
			</trkpt>
			<trkpt lat="48.053288" lon="-121.125549">
				<ele>1948.871216</ele>
				<time>2026-07-17T23:19:13Z</time>
			</trkpt>
			<trkpt lat="48.053318" lon="-121.125603">
				<ele>1947.558472</ele>
				<time>2026-07-17T23:19:22Z</time>
			</trkpt>
			<trkpt lat="48.053524" lon="-121.125618">
				<ele>1949.677734</ele>
				<time>2026-07-17T23:20:20Z</time>
			</trkpt>
			<trkpt lat="48.053768" lon="-121.12558">
				<ele>1956.968872</ele>
				<time>2026-07-17T23:21:06Z</time>
			</trkpt>
			<trkpt lat="48.053806" lon="-121.125641">
				<ele>1958.045044</ele>
				<time>2026-07-17T23:21:15Z</time>
			</trkpt>
			<trkpt lat="48.05389" lon="-121.125664">
				<ele>1957.273071</ele>
				<time>2026-07-17T23:21:34Z</time>
			</trkpt>
			<trkpt lat="48.054024" lon="-121.125679">
				<ele>1963.750977</ele>
				<time>2026-07-17T23:22:01Z</time>
			</trkpt>
			<trkpt lat="48.054108" lon="-121.125778">
				<ele>1964.890137</ele>
				<time>2026-07-17T23:22:13Z</time>
			</trkpt>
			<trkpt lat="48.054146" lon="-121.125809">
				<ele>1962.336426</ele>
				<time>2026-07-17T23:22:19Z</time>
			</trkpt>
			<trkpt lat="48.054321" lon="-121.125519">
				<ele>1977.859375</ele>
				<time>2026-07-17T23:23:31Z</time>
			</trkpt>
			<trkpt lat="48.054363" lon="-121.125496">
				<ele>1976.865845</ele>
				<time>2026-07-17T23:23:39Z</time>
			</trkpt>
			<trkpt lat="48.054459" lon="-121.125313">
				<ele>1982.899292</ele>
				<time>2026-07-17T23:24:22Z</time>
			</trkpt>
			<trkpt lat="48.054646" lon="-121.125282">
				<ele>1989.970947</ele>
				<time>2026-07-17T23:25:05Z</time>
			</trkpt>
			<trkpt lat="48.054909" lon="-121.125351">
				<ele>1996.922974</ele>
				<time>2026-07-17T23:25:54Z</time>
			</trkpt>
			<trkpt lat="48.054985" lon="-121.125298">
				<ele>1997.45752</ele>
				<time>2026-07-17T23:26:14Z</time>
			</trkpt>
			<trkpt lat="48.055012" lon="-121.125168">
				<ele>2002.155762</ele>
				<time>2026-07-17T23:26:40Z</time>
			</trkpt>
			<trkpt lat="48.055187" lon="-121.124985">
				<ele>2007.832031</ele>
				<time>2026-07-17T23:27:36Z</time>
			</trkpt>
			<trkpt lat="48.055233" lon="-121.124992">
				<ele>2010.816162</ele>
				<time>2026-07-17T23:27:47Z</time>
			</trkpt>
			<trkpt lat="48.055283" lon="-121.124969">
				<ele>2010.692749</ele>
				<time>2026-07-17T23:27:59Z</time>
			</trkpt>
			<trkpt lat="48.055588" lon="-121.124886">
				<ele>2019.180176</ele>
				<time>2026-07-17T23:29:07Z</time>
			</trkpt>
			<trkpt lat="48.05563" lon="-121.124878">
				<ele>2018.958984</ele>
				<time>2026-07-17T23:29:13Z</time>
			</trkpt>
			<trkpt lat="48.055676" lon="-121.124863">
				<ele>2020.700806</ele>
				<time>2026-07-17T23:29:22Z</time>
			</trkpt>
			<trkpt lat="48.05571" lon="-121.124825">
				<ele>2020.376099</ele>
				<time>2026-07-17T23:29:34Z</time>
			</trkpt>
			<trkpt lat="48.05595" lon="-121.124641">
				<ele>2024.251343</ele>
				<time>2026-07-17T23:30:21Z</time>
			</trkpt>
			<trkpt lat="48.055996" lon="-121.124641">
				<ele>2023.51416</ele>
				<time>2026-07-17T23:30:29Z</time>
			</trkpt>
			<trkpt lat="48.056198" lon="-121.124496">
				<ele>2027.481567</ele>
				<time>2026-07-17T23:31:07Z</time>
			</trkpt>
			<trkpt lat="48.056244" lon="-121.124474">
				<ele>2027.314331</ele>
				<time>2026-07-17T23:31:15Z</time>
			</trkpt>
			<trkpt lat="48.056282" lon="-121.124443">
				<ele>2027.825317</ele>
				<time>2026-07-17T23:31:23Z</time>
			</trkpt>
			<trkpt lat="48.056366" lon="-121.12439">
				<ele>2027.582153</ele>
				<time>2026-07-17T23:31:37Z</time>
			</trkpt>
			<trkpt lat="48.056404" lon="-121.124367">
				<ele>2028.534546</ele>
				<time>2026-07-17T23:31:44Z</time>
			</trkpt>
			<trkpt lat="48.05645" lon="-121.124336">
				<ele>2028.397583</ele>
				<time>2026-07-17T23:31:51Z</time>
			</trkpt>
			<trkpt lat="48.056492" lon="-121.124306">
				<ele>2028.733887</ele>
				<time>2026-07-17T23:31:56Z</time>
			</trkpt>
			<trkpt lat="48.056614" lon="-121.124207">
				<ele>2027.214844</ele>
				<time>2026-07-17T23:32:20Z</time>
			</trkpt>
			<trkpt lat="48.056782" lon="-121.124107">
				<ele>2033.483398</ele>
				<time>2026-07-17T23:32:53Z</time>
			</trkpt>
			<trkpt lat="48.056862" lon="-121.124062">
				<ele>2033.329346</ele>
				<time>2026-07-17T23:33:04Z</time>
			</trkpt>
			<trkpt lat="48.05695" lon="-121.124001">
				<ele>2036.14917</ele>
				<time>2026-07-17T23:33:19Z</time>
			</trkpt>
			<trkpt lat="48.057079" lon="-121.123917">
				<ele>2034.437134</ele>
				<time>2026-07-17T23:33:40Z</time>
			</trkpt>
			<trkpt lat="48.057343" lon="-121.123802">
				<ele>2041.053345</ele>
				<time>2026-07-17T23:34:31Z</time>
			</trkpt>
			<trkpt lat="48.057419" lon="-121.123726">
				<ele>2041.67688</ele>
				<time>2026-07-17T23:34:46Z</time>
			</trkpt>
			<trkpt lat="48.057461" lon="-121.123711">
				<ele>2041.612915</ele>
				<time>2026-07-17T23:34:53Z</time>
			</trkpt>
			<trkpt lat="48.057541" lon="-121.12365">
				<ele>2043.65918</ele>
				<time>2026-07-17T23:35:05Z</time>
			</trkpt>
			<trkpt lat="48.057724" lon="-121.123688">
				<ele>2041.010254</ele>
				<time>2026-07-17T23:35:30Z</time>
			</trkpt>
			<trkpt lat="48.057865" lon="-121.123672">
				<ele>2043.311646</ele>
				<time>2026-07-17T23:35:54Z</time>
			</trkpt>
			<trkpt lat="48.05785" lon="-121.123741">
				<ele>2043.221191</ele>
				<time>2026-07-17T23:36:08Z</time>
			</trkpt>
			<trkpt lat="48.058937" lon="-121.122627">
				<ele>2043.984253</ele>
				<time>2026-07-18T11:07:11Z</time>
			</trkpt>
			<trkpt lat="48.058971" lon="-121.122589">
				<ele>2042.526611</ele>
				<time>2026-07-18T11:07:36Z</time>
			</trkpt>
			<trkpt lat="48.059059" lon="-121.12252">
				<ele>2043.505127</ele>
				<time>2026-07-18T11:07:47Z</time>
			</trkpt>
			<trkpt lat="48.059105" lon="-121.122498">
				<ele>2042.383545</ele>
				<time>2026-07-18T11:07:54Z</time>
			</trkpt>
			<trkpt lat="48.059147" lon="-121.122475">
				<ele>2042.915039</ele>
				<time>2026-07-18T11:07:59Z</time>
			</trkpt>
			<trkpt lat="48.059227" lon="-121.122398">
				<ele>2041.586914</ele>
				<time>2026-07-18T11:08:14Z</time>
			</trkpt>
			<trkpt lat="48.059269" lon="-121.122383">
				<ele>2041.915039</ele>
				<time>2026-07-18T11:08:19Z</time>
			</trkpt>
			<trkpt lat="48.059315" lon="-121.122353">
				<ele>2040.447632</ele>
				<time>2026-07-18T11:08:24Z</time>
			</trkpt>
			<trkpt lat="48.059353" lon="-121.122322">
				<ele>2041.787964</ele>
				<time>2026-07-18T11:08:28Z</time>
			</trkpt>
			<trkpt lat="48.059471" lon="-121.1222">
				<ele>2040.654907</ele>
				<time>2026-07-18T11:08:41Z</time>
			</trkpt>
			<trkpt lat="48.059505" lon="-121.122154">
				<ele>2040.755615</ele>
				<time>2026-07-18T11:08:45Z</time>
			</trkpt>
			<trkpt lat="48.05954" lon="-121.122108">
				<ele>2040.673828</ele>
				<time>2026-07-18T11:08:49Z</time>
			</trkpt>
			<trkpt lat="48.059669" lon="-121.121994">
				<ele>2038.411499</ele>
				<time>2026-07-18T11:09:03Z</time>
			</trkpt>
			<trkpt lat="48.059715" lon="-121.121971">
				<ele>2038.551392</ele>
				<time>2026-07-18T11:09:09Z</time>
			</trkpt>
			<trkpt lat="48.059757" lon="-121.121956">
				<ele>2036.783081</ele>
				<time>2026-07-18T11:09:22Z</time>
			</trkpt>
			<trkpt lat="48.059879" lon="-121.121864">
				<ele>2038.47998</ele>
				<time>2026-07-18T11:09:39Z</time>
			</trkpt>
			<trkpt lat="48.059971" lon="-121.121834">
				<ele>2037.442139</ele>
				<time>2026-07-18T11:09:49Z</time>
			</trkpt>
			<trkpt lat="48.06002" lon="-121.121811">
				<ele>2038.481079</ele>
				<time>2026-07-18T11:09:55Z</time>
			</trkpt>
			<trkpt lat="48.060101" lon="-121.121765">
				<ele>2035.286011</ele>
				<time>2026-07-18T11:10:11Z</time>
			</trkpt>
			<trkpt lat="48.060146" lon="-121.121758">
				<ele>2034.982422</ele>
				<time>2026-07-18T11:10:19Z</time>
			</trkpt>
			<trkpt lat="48.060184" lon="-121.121727">
				<ele>2035.396484</ele>
				<time>2026-07-18T11:10:24Z</time>
			</trkpt>
			<trkpt lat="48.06031" lon="-121.121613">
				<ele>2032.142578</ele>
				<time>2026-07-18T11:10:43Z</time>
			</trkpt>
			<trkpt lat="48.060341" lon="-121.121559">
				<ele>2031.962891</ele>
				<time>2026-07-18T11:10:50Z</time>
			</trkpt>
			<trkpt lat="48.060375" lon="-121.121506">
				<ele>2032.989746</ele>
				<time>2026-07-18T11:10:57Z</time>
			</trkpt>
			<trkpt lat="48.06044" lon="-121.121414">
				<ele>2033.192017</ele>
				<time>2026-07-18T11:11:09Z</time>
			</trkpt>
			<trkpt lat="48.060528" lon="-121.121376">
				<ele>2030.605347</ele>
				<time>2026-07-18T11:11:23Z</time>
			</trkpt>
			<trkpt lat="48.060612" lon="-121.121315">
				<ele>2029.889038</ele>
				<time>2026-07-18T11:11:35Z</time>
			</trkpt>
			<trkpt lat="48.060654" lon="-121.121284">
				<ele>2030.233276</ele>
				<time>2026-07-18T11:11:40Z</time>
			</trkpt>
			<trkpt lat="48.060692" lon="-121.121246">
				<ele>2030.139038</ele>
				<time>2026-07-18T11:11:46Z</time>
			</trkpt>
			<trkpt lat="48.060848" lon="-121.121086">
				<ele>2027.074097</ele>
				<time>2026-07-18T11:12:13Z</time>
			</trkpt>
			<trkpt lat="48.060875" lon="-121.121033">
				<ele>2028.325195</ele>
				<time>2026-07-18T11:12:20Z</time>
			</trkpt>
			<trkpt lat="48.060917" lon="-121.120987">
				<ele>2027.840576</ele>
				<time>2026-07-18T11:12:26Z</time>
			</trkpt>
			<trkpt lat="48.06115" lon="-121.120903">
				<ele>2023.013794</ele>
				<time>2026-07-18T11:13:02Z</time>
			</trkpt>
			<trkpt lat="48.061306" lon="-121.120773">
				<ele>2021.630737</ele>
				<time>2026-07-18T11:13:26Z</time>
			</trkpt>
			<trkpt lat="48.061375" lon="-121.120682">
				<ele>2019.749878</ele>
				<time>2026-07-18T11:13:51Z</time>
			</trkpt>
			<trkpt lat="48.061459" lon="-121.120613">
				<ele>2021.042969</ele>
				<time>2026-07-18T11:14:02Z</time>
			</trkpt>
			<trkpt lat="48.061569" lon="-121.120476">
				<ele>2021.414307</ele>
				<time>2026-07-18T11:14:14Z</time>
			</trkpt>
			<trkpt lat="48.061611" lon="-121.120445">
				<ele>2020.041016</ele>
				<time>2026-07-18T11:14:18Z</time>
			</trkpt>
			<trkpt lat="48.061676" lon="-121.120331">
				<ele>2020.596558</ele>
				<time>2026-07-18T11:14:29Z</time>
			</trkpt>
			<trkpt lat="48.061718" lon="-121.120285">
				<ele>2021.684814</ele>
				<time>2026-07-18T11:14:35Z</time>
			</trkpt>
			<trkpt lat="48.061745" lon="-121.120224">
				<ele>2021.719482</ele>
				<time>2026-07-18T11:14:41Z</time>
			</trkpt>
			<trkpt lat="48.061768" lon="-121.120163">
				<ele>2021.268677</ele>
				<time>2026-07-18T11:14:46Z</time>
			</trkpt>
			<trkpt lat="48.06181" lon="-121.120033">
				<ele>2021.631714</ele>
				<time>2026-07-18T11:15:02Z</time>
			</trkpt>
			<trkpt lat="48.061852" lon="-121.119995">
				<ele>2022.250122</ele>
				<time>2026-07-18T11:15:08Z</time>
			</trkpt>
			<trkpt lat="48.061932" lon="-121.119904">
				<ele>2021.301758</ele>
				<time>2026-07-18T11:15:21Z</time>
			</trkpt>
			<trkpt lat="48.062019" lon="-121.119865">
				<ele>2022.03894</ele>
				<time>2026-07-18T11:15:36Z</time>
			</trkpt>
			<trkpt lat="48.062065" lon="-121.119858">
				<ele>2021.848267</ele>
				<time>2026-07-18T11:15:42Z</time>
			</trkpt>
			<trkpt lat="48.062107" lon="-121.119888">
				<ele>2020.081177</ele>
				<time>2026-07-18T11:15:49Z</time>
			</trkpt>
			<trkpt lat="48.062149" lon="-121.119896">
				<ele>2020.913086</ele>
				<time>2026-07-18T11:15:53Z</time>
			</trkpt>
			<trkpt lat="48.062191" lon="-121.119858">
				<ele>2021.122437</ele>
				<time>2026-07-18T11:15:59Z</time>
			</trkpt>
			<trkpt lat="48.062206" lon="-121.11972">
				<ele>2020.583862</ele>
				<time>2026-07-18T11:16:10Z</time>
			</trkpt>
			<trkpt lat="48.062237" lon="-121.119667">
				<ele>2021.226563</ele>
				<time>2026-07-18T11:16:16Z</time>
			</trkpt>
			<trkpt lat="48.062267" lon="-121.119606">
				<ele>2020.80603</ele>
				<time>2026-07-18T11:16:25Z</time>
			</trkpt>
			<trkpt lat="48.062321" lon="-121.119507">
				<ele>2021.051392</ele>
				<time>2026-07-18T11:16:39Z</time>
			</trkpt>
			<trkpt lat="48.062344" lon="-121.119446">
				<ele>2021.798828</ele>
				<time>2026-07-18T11:16:45Z</time>
			</trkpt>
			<trkpt lat="48.062363" lon="-121.119385">
				<ele>2021.814331</ele>
				<time>2026-07-18T11:16:51Z</time>
			</trkpt>
			<trkpt lat="48.062393" lon="-121.119331">
				<ele>2023.329956</ele>
				<time>2026-07-18T11:16:57Z</time>
			</trkpt>
			<trkpt lat="48.062489" lon="-121.11908">
				<ele>2024.700684</ele>
				<time>2026-07-18T11:17:24Z</time>
			</trkpt>
			<trkpt lat="48.062569" lon="-121.118927">
				<ele>2026.863647</ele>
				<time>2026-07-18T11:17:43Z</time>
			</trkpt>
			<trkpt lat="48.062614" lon="-121.118797">
				<ele>2027.232178</ele>
				<time>2026-07-18T11:17:55Z</time>
			</trkpt>
			<trkpt lat="48.062683" lon="-121.11869">
				<ele>2029.484375</ele>
				<time>2026-07-18T11:18:09Z</time>
			</trkpt>
			<trkpt lat="48.062756" lon="-121.118614">
				<ele>2028.882446</ele>
				<time>2026-07-18T11:18:21Z</time>
			</trkpt>
			<trkpt lat="48.062794" lon="-121.118561">
				<ele>2029.226563</ele>
				<time>2026-07-18T11:18:27Z</time>
			</trkpt>
			<trkpt lat="48.06282" lon="-121.118507">
				<ele>2027.896484</ele>
				<time>2026-07-18T11:18:37Z</time>
			</trkpt>
			<trkpt lat="48.062851" lon="-121.118454">
				<ele>2028.69873</ele>
				<time>2026-07-18T11:18:45Z</time>
			</trkpt>
			<trkpt lat="48.062908" lon="-121.118347">
				<ele>2027.703369</ele>
				<time>2026-07-18T11:19:00Z</time>
			</trkpt>
			<trkpt lat="48.062981" lon="-121.118256">
				<ele>2028.755737</ele>
				<time>2026-07-18T11:19:12Z</time>
			</trkpt>
			<trkpt lat="48.06308" lon="-121.118134">
				<ele>2027.205322</ele>
				<time>2026-07-18T11:19:46Z</time>
			</trkpt>
			<trkpt lat="48.06316" lon="-121.118248">
				<ele>2025.232056</ele>
				<time>2026-07-18T11:20:23Z</time>
			</trkpt>
			<trkpt lat="48.063206" lon="-121.118225">
				<ele>2025.235107</ele>
				<time>2026-07-18T11:20:30Z</time>
			</trkpt>
			<trkpt lat="48.063248" lon="-121.118217">
				<ele>2025.106201</ele>
				<time>2026-07-18T11:20:37Z</time>
			</trkpt>
			<trkpt lat="48.06329" lon="-121.118195">
				<ele>2025.656372</ele>
				<time>2026-07-18T11:20:43Z</time>
			</trkpt>
			<trkpt lat="48.063381" lon="-121.118149">
				<ele>2025.020752</ele>
				<time>2026-07-18T11:20:55Z</time>
			</trkpt>
			<trkpt lat="48.063477" lon="-121.118103">
				<ele>2026.261475</ele>
				<time>2026-07-18T11:21:06Z</time>
			</trkpt>
			<trkpt lat="48.063526" lon="-121.118088">
				<ele>2026.021851</ele>
				<time>2026-07-18T11:21:12Z</time>
			</trkpt>
			<trkpt lat="48.063606" lon="-121.118057">
				<ele>2023.132202</ele>
				<time>2026-07-18T11:21:24Z</time>
			</trkpt>
			<trkpt lat="48.063625" lon="-121.118156">
				<ele>2026.083618</ele>
				<time>2026-07-18T11:22:07Z</time>
			</trkpt>
			<trkpt lat="48.06356" lon="-121.118279">
				<ele>2023.865112</ele>
				<time>2026-07-18T11:22:19Z</time>
			</trkpt>
			<trkpt lat="48.06356" lon="-121.118347">
				<ele>2024.599365</ele>
				<time>2026-07-18T11:22:24Z</time>
			</trkpt>
			<trkpt lat="48.063545" lon="-121.118698">
				<ele>2021.750854</ele>
				<time>2026-07-18T11:22:59Z</time>
			</trkpt>
			<trkpt lat="48.063595" lon="-121.118813">
				<ele>2022.790527</ele>
				<time>2026-07-18T11:23:14Z</time>
			</trkpt>
			<trkpt lat="48.063633" lon="-121.118843">
				<ele>2021.717407</ele>
				<time>2026-07-18T11:23:20Z</time>
			</trkpt>
			<trkpt lat="48.06382" lon="-121.118881">
				<ele>2025.592529</ele>
				<time>2026-07-18T11:23:43Z</time>
			</trkpt>
			<trkpt lat="48.063862" lon="-121.118896">
				<ele>2025.668213</ele>
				<time>2026-07-18T11:23:48Z</time>
			</trkpt>
			<trkpt lat="48.063904" lon="-121.118912">
				<ele>2025.639648</ele>
				<time>2026-07-18T11:23:54Z</time>
			</trkpt>
			<trkpt lat="48.063995" lon="-121.118919">
				<ele>2026.978027</ele>
				<time>2026-07-18T11:24:07Z</time>
			</trkpt>
			<trkpt lat="48.064079" lon="-121.118835">
				<ele>2025.05188</ele>
				<time>2026-07-18T11:24:23Z</time>
			</trkpt>
			<trkpt lat="48.064121" lon="-121.118805">
				<ele>2025.636597</ele>
				<time>2026-07-18T11:24:32Z</time>
			</trkpt>
			<trkpt lat="48.064167" lon="-121.118782">
				<ele>2025.04126</ele>
				<time>2026-07-18T11:24:40Z</time>
			</trkpt>
			<trkpt lat="48.064262" lon="-121.118736">
				<ele>2027.540039</ele>
				<time>2026-07-18T11:24:54Z</time>
			</trkpt>
			<trkpt lat="48.064308" lon="-121.118645">
				<ele>2027.173706</ele>
				<time>2026-07-18T11:25:53Z</time>
			</trkpt>
			<trkpt lat="48.06435" lon="-121.118622">
				<ele>2027.717773</ele>
				<time>2026-07-18T11:29:16Z</time>
			</trkpt>
			<trkpt lat="48.064396" lon="-121.118614">
				<ele>2027.705933</ele>
				<time>2026-07-18T11:29:25Z</time>
			</trkpt>
			<trkpt lat="48.064442" lon="-121.118614">
				<ele>2030.482788</ele>
				<time>2026-07-18T11:29:35Z</time>
			</trkpt>
			<trkpt lat="48.064651" lon="-121.118484">
				<ele>2027.664185</ele>
				<time>2026-07-18T11:30:06Z</time>
			</trkpt>
			<trkpt lat="48.064926" lon="-121.118385">
				<ele>2029.422852</ele>
				<time>2026-07-18T11:30:56Z</time>
			</trkpt>
			<trkpt lat="48.06501" lon="-121.118347">
				<ele>2035.284546</ele>
				<time>2026-07-18T11:31:21Z</time>
			</trkpt>
			<trkpt lat="48.065052" lon="-121.118355">
				<ele>2035.947388</ele>
				<time>2026-07-18T11:31:27Z</time>
			</trkpt>
			<trkpt lat="48.065102" lon="-121.118362">
				<ele>2035.371338</ele>
				<time>2026-07-18T11:31:35Z</time>
			</trkpt>
			<trkpt lat="48.065239" lon="-121.118332">
				<ele>2039.061401</ele>
				<time>2026-07-18T11:31:57Z</time>
			</trkpt>
			<trkpt lat="48.065311" lon="-121.11824">
				<ele>2038.218628</ele>
				<time>2026-07-18T11:32:13Z</time>
			</trkpt>
			<trkpt lat="48.065582" lon="-121.117966">
				<ele>2041.781494</ele>
				<time>2026-07-18T11:33:17Z</time>
			</trkpt>
			<trkpt lat="48.065617" lon="-121.117912">
				<ele>2041.617432</ele>
				<time>2026-07-18T11:33:25Z</time>
			</trkpt>
			<trkpt lat="48.065933" lon="-121.117638">
				<ele>2047.327393</ele>
				<time>2026-07-18T11:34:27Z</time>
			</trkpt>
			<trkpt lat="48.065968" lon="-121.117577">
				<ele>2047.275391</ele>
				<time>2026-07-18T11:34:33Z</time>
			</trkpt>
			<trkpt lat="48.066044" lon="-121.117523">
				<ele>2045.631592</ele>
				<time>2026-07-18T11:34:50Z</time>
			</trkpt>
			<trkpt lat="48.066082" lon="-121.117493">
				<ele>2045.966919</ele>
				<time>2026-07-18T11:34:56Z</time>
			</trkpt>
			<trkpt lat="48.066166" lon="-121.117462">
				<ele>2043.900635</ele>
				<time>2026-07-18T11:35:10Z</time>
			</trkpt>
			<trkpt lat="48.066257" lon="-121.11747">
				<ele>2044.807983</ele>
				<time>2026-07-18T11:35:22Z</time>
			</trkpt>
			<trkpt lat="48.066299" lon="-121.117462">
				<ele>2043.726685</ele>
				<time>2026-07-18T11:35:30Z</time>
			</trkpt>
			<trkpt lat="48.066391" lon="-121.117455">
				<ele>2044.140381</ele>
				<time>2026-07-18T11:35:41Z</time>
			</trkpt>
			<trkpt lat="48.066486" lon="-121.117485">
				<ele>2042.780884</ele>
				<time>2026-07-18T11:35:53Z</time>
			</trkpt>
			<trkpt lat="48.066532" lon="-121.11747">
				<ele>2043.383545</ele>
				<time>2026-07-18T11:35:59Z</time>
			</trkpt>
			<trkpt lat="48.066578" lon="-121.117455">
				<ele>2043.366089</ele>
				<time>2026-07-18T11:36:06Z</time>
			</trkpt>
			<trkpt lat="48.066616" lon="-121.117424">
				<ele>2043.522583</ele>
				<time>2026-07-18T11:36:11Z</time>
			</trkpt>
			<trkpt lat="48.066666" lon="-121.117424">
				<ele>2043.414307</ele>
				<time>2026-07-18T11:36:19Z</time>
			</trkpt>
			<trkpt lat="48.066715" lon="-121.117401">
				<ele>2043.746704</ele>
				<time>2026-07-18T11:36:25Z</time>
			</trkpt>
			<trkpt lat="48.066757" lon="-121.117386">
				<ele>2042.422485</ele>
				<time>2026-07-18T11:36:32Z</time>
			</trkpt>
			<trkpt lat="48.066887" lon="-121.11734">
				<ele>2045.251587</ele>
				<time>2026-07-18T11:36:59Z</time>
			</trkpt>
			<trkpt lat="48.066975" lon="-121.117294">
				<ele>2044.016846</ele>
				<time>2026-07-18T11:37:11Z</time>
			</trkpt>
			<trkpt lat="48.067059" lon="-121.117249">
				<ele>2044.661743</ele>
				<time>2026-07-18T11:37:24Z</time>
			</trkpt>
			<trkpt lat="48.067101" lon="-121.117241">
				<ele>2044.421997</ele>
				<time>2026-07-18T11:37:32Z</time>
			</trkpt>
			<trkpt lat="48.067142" lon="-121.117233">
				<ele>2042.651978</ele>
				<time>2026-07-18T11:37:40Z</time>
			</trkpt>
			<trkpt lat="48.0672" lon="-121.117142">
				<ele>2043.750244</ele>
				<time>2026-07-18T11:37:55Z</time>
			</trkpt>
			<trkpt lat="48.067272" lon="-121.117065">
				<ele>2042.770752</ele>
				<time>2026-07-18T11:38:10Z</time>
			</trkpt>
			<trkpt lat="48.067314" lon="-121.116959">
				<ele>2043.57312</ele>
				<time>2026-07-18T11:38:27Z</time>
			</trkpt>
			<trkpt lat="48.06736" lon="-121.116928">
				<ele>2042.343994</ele>
				<time>2026-07-18T11:38:40Z</time>
			</trkpt>
			<trkpt lat="48.067383" lon="-121.116859">
				<ele>2042.444214</ele>
				<time>2026-07-18T11:38:50Z</time>
			</trkpt>
			<trkpt lat="48.067417" lon="-121.116821">
				<ele>2041.922363</ele>
				<time>2026-07-18T11:38:55Z</time>
			</trkpt>
			<trkpt lat="48.067448" lon="-121.116768">
				<ele>2042.632446</ele>
				<time>2026-07-18T11:39:25Z</time>
			</trkpt>
			<trkpt lat="48.067524" lon="-121.116699">
				<ele>2042.703491</ele>
				<time>2026-07-18T11:39:56Z</time>
			</trkpt>
			<trkpt lat="48.067635" lon="-121.11657">
				<ele>2039.532349</ele>
				<time>2026-07-18T11:40:14Z</time>
			</trkpt>
			<trkpt lat="48.067673" lon="-121.116524">
				<ele>2041.467285</ele>
				<time>2026-07-18T11:40:19Z</time>
			</trkpt>
			<trkpt lat="48.067715" lon="-121.116478">
				<ele>2041.821045</ele>
				<time>2026-07-18T11:40:25Z</time>
			</trkpt>
			<trkpt lat="48.067749" lon="-121.11644">
				<ele>2041.628418</ele>
				<time>2026-07-18T11:40:29Z</time>
			</trkpt>
			<trkpt lat="48.06778" lon="-121.116394">
				<ele>2041.945068</ele>
				<time>2026-07-18T11:40:36Z</time>
			</trkpt>
			<trkpt lat="48.067909" lon="-121.116196">
				<ele>2036.669922</ele>
				<time>2026-07-18T11:41:07Z</time>
			</trkpt>
			<trkpt lat="48.067944" lon="-121.116066">
				<ele>2038.352783</ele>
				<time>2026-07-18T11:41:19Z</time>
			</trkpt>
			<trkpt lat="48.068047" lon="-121.115852">
				<ele>2033.502563</ele>
				<time>2026-07-18T11:42:01Z</time>
			</trkpt>
			<trkpt lat="48.068062" lon="-121.115784">
				<ele>2035.197754</ele>
				<time>2026-07-18T11:42:11Z</time>
			</trkpt>
			<trkpt lat="48.068134" lon="-121.115685">
				<ele>2033.18335</ele>
				<time>2026-07-18T11:42:31Z</time>
			</trkpt>
			<trkpt lat="48.068169" lon="-121.115631">
				<ele>2034.685425</ele>
				<time>2026-07-18T11:42:38Z</time>
			</trkpt>
			<trkpt lat="48.068253" lon="-121.115593">
				<ele>2032.819214</ele>
				<time>2026-07-18T11:42:53Z</time>
			</trkpt>
			<trkpt lat="48.068333" lon="-121.115616">
				<ele>2034.345093</ele>
				<time>2026-07-18T11:43:10Z</time>
			</trkpt>
			<trkpt lat="48.068413" lon="-121.115547">
				<ele>2032.034668</ele>
				<time>2026-07-18T11:43:22Z</time>
			</trkpt>
			<trkpt lat="48.068466" lon="-121.115547">
				<ele>2031.980591</ele>
				<time>2026-07-18T11:43:28Z</time>
			</trkpt>
			<trkpt lat="48.068512" lon="-121.11554">
				<ele>2033.150146</ele>
				<time>2026-07-18T11:43:34Z</time>
			</trkpt>
			<trkpt lat="48.068554" lon="-121.115517">
				<ele>2031.665649</ele>
				<time>2026-07-18T11:43:40Z</time>
			</trkpt>
			<trkpt lat="48.068607" lon="-121.115532">
				<ele>2032.339722</ele>
				<time>2026-07-18T11:43:47Z</time>
			</trkpt>
			<trkpt lat="48.068649" lon="-121.115562">
				<ele>2032.064575</ele>
				<time>2026-07-18T11:43:54Z</time>
			</trkpt>
			<trkpt lat="48.068703" lon="-121.11554">
				<ele>2032.353516</ele>
				<time>2026-07-18T11:44:04Z</time>
			</trkpt>
			<trkpt lat="48.068825" lon="-121.115616">
				<ele>2034.776733</ele>
				<time>2026-07-18T11:44:34Z</time>
			</trkpt>
			<trkpt lat="48.068913" lon="-121.115578">
				<ele>2032.829102</ele>
				<time>2026-07-18T11:44:52Z</time>
			</trkpt>
			<trkpt lat="48.069191" lon="-121.115562">
				<ele>2041.915527</ele>
				<time>2026-07-18T11:46:00Z</time>
			</trkpt>
			<trkpt lat="48.069717" lon="-121.115456">
				<ele>2051.469482</ele>
				<time>2026-07-18T11:47:43Z</time>
			</trkpt>
			<trkpt lat="48.069893" lon="-121.115517">
				<ele>2052.895264</ele>
				<time>2026-07-18T11:48:14Z</time>
			</trkpt>
			<trkpt lat="48.070007" lon="-121.115639">
				<ele>2051.96167</ele>
				<time>2026-07-18T11:48:39Z</time>
			</trkpt>
			<trkpt lat="48.07016" lon="-121.115746">
				<ele>2060.342529</ele>
				<time>2026-07-18T11:51:14Z</time>
			</trkpt>
			<trkpt lat="48.070202" lon="-121.115631">
				<ele>2066.914795</ele>
				<time>2026-07-18T11:51:41Z</time>
			</trkpt>
			<trkpt lat="48.070248" lon="-121.11544">
				<ele>2071.386475</ele>
				<time>2026-07-18T11:52:13Z</time>
			</trkpt>
			<trkpt lat="48.070389" lon="-121.115303">
				<ele>2083.758789</ele>
				<time>2026-07-18T11:53:31Z</time>
			</trkpt>
			<trkpt lat="48.070492" lon="-121.115326">
				<ele>2088.986572</ele>
				<time>2026-07-18T11:54:06Z</time>
			</trkpt>
			<trkpt lat="48.070621" lon="-121.115364">
				<ele>2090.946777</ele>
				<time>2026-07-18T11:54:34Z</time>
			</trkpt>
			<trkpt lat="48.070663" lon="-121.115341">
				<ele>2094.947266</ele>
				<time>2026-07-18T12:00:05Z</time>
			</trkpt>
			<trkpt lat="48.070839" lon="-121.115288">
				<ele>2098.937744</ele>
				<time>2026-07-18T12:00:46Z</time>
			</trkpt>
			<trkpt lat="48.070896" lon="-121.115196">
				<ele>2104.887451</ele>
				<time>2026-07-18T12:01:21Z</time>
			</trkpt>
			<trkpt lat="48.071178" lon="-121.114624">
				<ele>2122.426514</ele>
				<time>2026-07-18T12:03:37Z</time>
			</trkpt>
			<trkpt lat="48.071228" lon="-121.114128">
				<ele>2142.78125</ele>
				<time>2026-07-18T12:05:31Z</time>
			</trkpt>
			<trkpt lat="48.071323" lon="-121.113983">
				<ele>2140.988281</ele>
				<time>2026-07-18T12:05:50Z</time>
			</trkpt>
			<trkpt lat="48.071503" lon="-121.1138">
				<ele>2147.167236</ele>
				<time>2026-07-18T12:06:24Z</time>
			</trkpt>
			<trkpt lat="48.071533" lon="-121.113747">
				<ele>2146.769775</ele>
				<time>2026-07-18T12:06:29Z</time>
			</trkpt>
			<trkpt lat="48.071579" lon="-121.113556">
				<ele>2149.293213</ele>
				<time>2026-07-18T12:06:49Z</time>
			</trkpt>
			<trkpt lat="48.071606" lon="-121.113495">
				<ele>2149.310303</ele>
				<time>2026-07-18T12:06:57Z</time>
			</trkpt>
			<trkpt lat="48.07164" lon="-121.113365">
				<ele>2150.261475</ele>
				<time>2026-07-18T12:07:10Z</time>
			</trkpt>
			<trkpt lat="48.071663" lon="-121.113304">
				<ele>2149.671631</ele>
				<time>2026-07-18T12:07:17Z</time>
			</trkpt>
			<trkpt lat="48.071697" lon="-121.113235">
				<ele>2149.674805</ele>
				<time>2026-07-18T12:07:23Z</time>
			</trkpt>
			<trkpt lat="48.071743" lon="-121.113113">
				<ele>2150.753662</ele>
				<time>2026-07-18T12:07:35Z</time>
			</trkpt>
			<trkpt lat="48.071846" lon="-121.112885">
				<ele>2151.12085</ele>
				<time>2026-07-18T12:07:56Z</time>
			</trkpt>
			<trkpt lat="48.07188" lon="-121.112846">
				<ele>2151.456055</ele>
				<time>2026-07-18T12:08:02Z</time>
			</trkpt>
			<trkpt lat="48.071957" lon="-121.112747">
				<ele>2151.216309</ele>
				<time>2026-07-18T12:08:13Z</time>
			</trkpt>
			<trkpt lat="48.072098" lon="-121.112564">
				<ele>2152.550781</ele>
				<time>2026-07-18T12:08:35Z</time>
			</trkpt>
			<trkpt lat="48.072121" lon="-121.112503">
				<ele>2153.861084</ele>
				<time>2026-07-18T12:08:42Z</time>
			</trkpt>
			<trkpt lat="48.072277" lon="-121.11235">
				<ele>2153.139648</ele>
				<time>2026-07-18T12:09:03Z</time>
			</trkpt>
			<trkpt lat="48.072353" lon="-121.112282">
				<ele>2151.850342</ele>
				<time>2026-07-18T12:09:13Z</time>
			</trkpt>
			<trkpt lat="48.072418" lon="-121.11219">
				<ele>2153.158203</ele>
				<time>2026-07-18T12:09:23Z</time>
			</trkpt>
			<trkpt lat="48.072536" lon="-121.111969">
				<ele>2154.049316</ele>
				<time>2026-07-18T12:09:48Z</time>
			</trkpt>
			<trkpt lat="48.072563" lon="-121.111916">
				<ele>2153.572266</ele>
				<time>2026-07-18T12:09:54Z</time>
			</trkpt>
			<trkpt lat="48.07262" lon="-121.111809">
				<ele>2154.054688</ele>
				<time>2026-07-18T12:10:07Z</time>
			</trkpt>
			<trkpt lat="48.072659" lon="-121.111755">
				<ele>2154.01001</ele>
				<time>2026-07-18T12:10:13Z</time>
			</trkpt>
			<trkpt lat="48.072769" lon="-121.111542">
				<ele>2150.797363</ele>
				<time>2026-07-18T12:10:34Z</time>
			</trkpt>
			<trkpt lat="48.072803" lon="-121.111496">
				<ele>2151.353027</ele>
				<time>2026-07-18T12:10:40Z</time>
			</trkpt>
			<trkpt lat="48.072865" lon="-121.111397">
				<ele>2150.124268</ele>
				<time>2026-07-18T12:10:52Z</time>
			</trkpt>
			<trkpt lat="48.072899" lon="-121.111343">
				<ele>2152.163086</ele>
				<time>2026-07-18T12:10:58Z</time>
			</trkpt>
			<trkpt lat="48.072937" lon="-121.111298">
				<ele>2151.125244</ele>
				<time>2026-07-18T12:11:05Z</time>
			</trkpt>
			<trkpt lat="48.072968" lon="-121.111244">
				<ele>2151.406982</ele>
				<time>2026-07-18T12:11:11Z</time>
			</trkpt>
			<trkpt lat="48.072994" lon="-121.111191">
				<ele>2150.641602</ele>
				<time>2026-07-18T12:11:17Z</time>
			</trkpt>
			<trkpt lat="48.073044" lon="-121.111069">
				<ele>2151.173584</ele>
				<time>2026-07-18T12:11:30Z</time>
			</trkpt>
			<trkpt lat="48.073063" lon="-121.111">
				<ele>2150.676025</ele>
				<time>2026-07-18T12:11:35Z</time>
			</trkpt>
			<trkpt lat="48.073074" lon="-121.110939">
				<ele>2151.375977</ele>
				<time>2026-07-18T12:11:41Z</time>
			</trkpt>
			<trkpt lat="48.073063" lon="-121.11087">
				<ele>2150.789063</ele>
				<time>2026-07-18T12:11:46Z</time>
			</trkpt>
			<trkpt lat="48.073181" lon="-121.110588">
				<ele>2154.042236</ele>
				<time>2026-07-18T12:12:15Z</time>
			</trkpt>
			<trkpt lat="48.073238" lon="-121.110413">
				<ele>2154.301758</ele>
				<time>2026-07-18T12:12:35Z</time>
			</trkpt>
			<trkpt lat="48.073345" lon="-121.110184">
				<ele>2153.071045</ele>
				<time>2026-07-18T12:13:00Z</time>
			</trkpt>
			<trkpt lat="48.073391" lon="-121.109978">
				<ele>2155.265381</ele>
				<time>2026-07-18T12:13:20Z</time>
			</trkpt>
			<trkpt lat="48.073406" lon="-121.109917">
				<ele>2153.74707</ele>
				<time>2026-07-18T12:13:26Z</time>
			</trkpt>
			<trkpt lat="48.073429" lon="-121.109863">
				<ele>2153.792969</ele>
				<time>2026-07-18T12:13:31Z</time>
			</trkpt>
			<trkpt lat="48.073456" lon="-121.109802">
				<ele>2153.641846</ele>
				<time>2026-07-18T12:13:37Z</time>
			</trkpt>
			<trkpt lat="48.073517" lon="-121.109695">
				<ele>2154.562744</ele>
				<time>2026-07-18T12:13:49Z</time>
			</trkpt>
			<trkpt lat="48.073578" lon="-121.109589">
				<ele>2153.70459</ele>
				<time>2026-07-18T12:14:01Z</time>
			</trkpt>
			<trkpt lat="48.073608" lon="-121.109528">
				<ele>2154.233398</ele>
				<time>2026-07-18T12:14:07Z</time>
			</trkpt>
			<trkpt lat="48.073639" lon="-121.109467">
				<ele>2153.941895</ele>
				<time>2026-07-18T12:14:13Z</time>
			</trkpt>
			<trkpt lat="48.073723" lon="-121.10923">
				<ele>2151.320801</ele>
				<time>2026-07-18T12:14:36Z</time>
			</trkpt>
			<trkpt lat="48.07375" lon="-121.109184">
				<ele>2152.302246</ele>
				<time>2026-07-18T12:14:41Z</time>
			</trkpt>
			<trkpt lat="48.073811" lon="-121.10907">
				<ele>2152.792969</ele>
				<time>2026-07-18T12:14:54Z</time>
			</trkpt>
			<trkpt lat="48.073868" lon="-121.108963">
				<ele>2152.135742</ele>
				<time>2026-07-18T12:15:09Z</time>
			</trkpt>
			<trkpt lat="48.073891" lon="-121.10891">
				<ele>2152.252197</ele>
				<time>2026-07-18T12:15:16Z</time>
			</trkpt>
			<trkpt lat="48.073982" lon="-121.108749">
				<ele>2155.177246</ele>
				<time>2026-07-18T12:15:38Z</time>
			</trkpt>
			<trkpt lat="48.074009" lon="-121.108696">
				<ele>2154.973633</ele>
				<time>2026-07-18T12:15:45Z</time>
			</trkpt>
			<trkpt lat="48.074047" lon="-121.10865">
				<ele>2155.394775</ele>
				<time>2026-07-18T12:15:52Z</time>
			</trkpt>
			<trkpt lat="48.074085" lon="-121.108604">
				<ele>2155.393555</ele>
				<time>2026-07-18T12:15:59Z</time>
			</trkpt>
			<trkpt lat="48.074116" lon="-121.108551">
				<ele>2157.017822</ele>
				<time>2026-07-18T12:16:07Z</time>
			</trkpt>
			<trkpt lat="48.074146" lon="-121.10849">
				<ele>2156.615479</ele>
				<time>2026-07-18T12:16:14Z</time>
			</trkpt>
			<trkpt lat="48.074203" lon="-121.108391">
				<ele>2157.156738</ele>
				<time>2026-07-18T12:16:30Z</time>
			</trkpt>
			<trkpt lat="48.074234" lon="-121.108337">
				<ele>2156.979736</ele>
				<time>2026-07-18T12:16:38Z</time>
			</trkpt>
			<trkpt lat="48.074306" lon="-121.108238">
				<ele>2161.32251</ele>
				<time>2026-07-18T12:16:54Z</time>
			</trkpt>
			<trkpt lat="48.074322" lon="-121.108177">
				<ele>2160.929932</ele>
				<time>2026-07-18T12:17:01Z</time>
			</trkpt>
			<trkpt lat="48.074348" lon="-121.108124">
				<ele>2162.556641</ele>
				<time>2026-07-18T12:17:10Z</time>
			</trkpt>
			<trkpt lat="48.074417" lon="-121.108017">
				<ele>2161.61792</ele>
				<time>2026-07-18T12:17:25Z</time>
			</trkpt>
			<trkpt lat="48.074486" lon="-121.107933">
				<ele>2163.844971</ele>
				<time>2026-07-18T12:17:38Z</time>
			</trkpt>
			<trkpt lat="48.074512" lon="-121.10788">
				<ele>2163.734375</ele>
				<time>2026-07-18T12:17:46Z</time>
			</trkpt>
			<trkpt lat="48.074673" lon="-121.10762">
				<ele>2167.55542</ele>
				<time>2026-07-18T12:18:25Z</time>
			</trkpt>
			<trkpt lat="48.074703" lon="-121.107559">
				<ele>2167.204346</ele>
				<time>2026-07-18T12:18:34Z</time>
			</trkpt>
			<trkpt lat="48.074768" lon="-121.10746">
				<ele>2168.265625</ele>
				<time>2026-07-18T12:18:50Z</time>
			</trkpt>
			<trkpt lat="48.074795" lon="-121.107407">
				<ele>2170.521484</ele>
				<time>2026-07-18T12:18:59Z</time>
			</trkpt>
			<trkpt lat="48.074837" lon="-121.107292">
				<ele>2170.791504</ele>
				<time>2026-07-18T12:19:16Z</time>
			</trkpt>
			<trkpt lat="48.074863" lon="-121.107239">
				<ele>2172.541504</ele>
				<time>2026-07-18T12:19:25Z</time>
			</trkpt>
			<trkpt lat="48.074955" lon="-121.107086">
				<ele>2174.194824</ele>
				<time>2026-07-18T12:19:58Z</time>
			</trkpt>
			<trkpt lat="48.075142" lon="-121.106712">
				<ele>2190.21582</ele>
				<time>2026-07-18T12:22:05Z</time>
			</trkpt>
			<trkpt lat="48.075188" lon="-121.106689">
				<ele>2190.204102</ele>
				<time>2026-07-18T12:22:11Z</time>
			</trkpt>
			<trkpt lat="48.075314" lon="-121.106514">
				<ele>2196.591797</ele>
				<time>2026-07-18T12:22:46Z</time>
			</trkpt>
			<trkpt lat="48.075356" lon="-121.106483">
				<ele>2195.64209</ele>
				<time>2026-07-18T12:22:56Z</time>
			</trkpt>
			<trkpt lat="48.075485" lon="-121.106285">
				<ele>2198.907471</ele>
				<time>2026-07-18T12:23:29Z</time>
			</trkpt>
			<trkpt lat="48.07563" lon="-121.106133">
				<ele>2204.990723</ele>
				<time>2026-07-18T12:23:59Z</time>
			</trkpt>
			<trkpt lat="48.075626" lon="-121.106209">
				<ele>2204.557373</ele>
				<time>2026-07-18T12:24:11Z</time>
			</trkpt>
			<trkpt lat="48.075611" lon="-121.10614">
				<ele>2204.538818</ele>
				<time>2026-07-18T12:26:24Z</time>
			</trkpt>
			<trkpt lat="48.075569" lon="-121.106163">
				<ele>2203.615479</ele>
				<time>2026-07-18T12:27:01Z</time>
			</trkpt>
			<trkpt lat="48.07563" lon="-121.106125">
				<ele>2205.228271</ele>
				<time>2026-07-18T12:32:35Z</time>
			</trkpt>
			<trkpt lat="48.075653" lon="-121.106071">
				<ele>2205.225342</ele>
				<time>2026-07-18T12:32:44Z</time>
			</trkpt>
			<trkpt lat="48.075687" lon="-121.105865">
				<ele>2208.05835</ele>
				<time>2026-07-18T12:33:08Z</time>
			</trkpt>
			<trkpt lat="48.075726" lon="-121.105827">
				<ele>2210.635254</ele>
				<time>2026-07-18T12:33:18Z</time>
			</trkpt>
			<trkpt lat="48.07597" lon="-121.105553">
				<ele>2216.097168</ele>
				<time>2026-07-18T12:34:08Z</time>
			</trkpt>
			<trkpt lat="48.076008" lon="-121.105515">
				<ele>2215.938721</ele>
				<time>2026-07-18T12:34:13Z</time>
			</trkpt>
			<trkpt lat="48.07605" lon="-121.105492">
				<ele>2216.400146</ele>
				<time>2026-07-18T12:34:18Z</time>
			</trkpt>
			<trkpt lat="48.076096" lon="-121.105461">
				<ele>2216.04126</ele>
				<time>2026-07-18T12:34:23Z</time>
			</trkpt>
			<trkpt lat="48.076214" lon="-121.105324">
				<ele>2218.57373</ele>
				<time>2026-07-18T12:34:39Z</time>
			</trkpt>
			<trkpt lat="48.076252" lon="-121.105301">
				<ele>2218.086426</ele>
				<time>2026-07-18T12:34:44Z</time>
			</trkpt>
			<trkpt lat="48.076336" lon="-121.10524">
				<ele>2219.448975</ele>
				<time>2026-07-18T12:34:56Z</time>
			</trkpt>
			<trkpt lat="48.076378" lon="-121.105202">
				<ele>2219.437256</ele>
				<time>2026-07-18T12:35:02Z</time>
			</trkpt>
			<trkpt lat="48.076454" lon="-121.105133">
				<ele>2220.118896</ele>
				<time>2026-07-18T12:35:36Z</time>
			</trkpt>
			<trkpt lat="48.076496" lon="-121.10511">
				<ele>2219.146973</ele>
				<time>2026-07-18T12:35:41Z</time>
			</trkpt>
			<trkpt lat="48.076546" lon="-121.10511">
				<ele>2220.049316</ele>
				<time>2026-07-18T12:35:46Z</time>
			</trkpt>
			<trkpt lat="48.076679" lon="-121.105209">
				<ele>2219.349121</ele>
				<time>2026-07-18T12:36:01Z</time>
			</trkpt>
			<trkpt lat="48.076714" lon="-121.105247">
				<ele>2220.214355</ele>
				<time>2026-07-18T12:36:05Z</time>
			</trkpt>
			<trkpt lat="48.076736" lon="-121.105309">
				<ele>2219.255615</ele>
				<time>2026-07-18T12:36:09Z</time>
			</trkpt>
			<trkpt lat="48.076778" lon="-121.105324">
				<ele>2219.065674</ele>
				<time>2026-07-18T12:36:13Z</time>
			</trkpt>
			<trkpt lat="48.07687" lon="-121.105362">
				<ele>2219.801758</ele>
				<time>2026-07-18T12:36:22Z</time>
			</trkpt>
			<trkpt lat="48.076996" lon="-121.105461">
				<ele>2218.696533</ele>
				<time>2026-07-18T12:36:35Z</time>
			</trkpt>
			<trkpt lat="48.077026" lon="-121.105507">
				<ele>2218.991943</ele>
				<time>2026-07-18T12:36:39Z</time>
			</trkpt>
			<trkpt lat="48.07708" lon="-121.10553">
				<ele>2218.978516</ele>
				<time>2026-07-18T12:36:44Z</time>
			</trkpt>
			<trkpt lat="48.077156" lon="-121.105598">
				<ele>2221.207275</ele>
				<time>2026-07-18T12:36:52Z</time>
			</trkpt>
			<trkpt lat="48.07719" lon="-121.105644">
				<ele>2219.953125</ele>
				<time>2026-07-18T12:36:56Z</time>
			</trkpt>
			<trkpt lat="48.077316" lon="-121.105728">
				<ele>2219.044678</ele>
				<time>2026-07-18T12:37:08Z</time>
			</trkpt>
			<trkpt lat="48.077366" lon="-121.105728">
				<ele>2221.472656</ele>
				<time>2026-07-18T12:37:13Z</time>
			</trkpt>
			<trkpt lat="48.077408" lon="-121.105751">
				<ele>2221.030762</ele>
				<time>2026-07-18T12:37:18Z</time>
			</trkpt>
			<trkpt lat="48.077923" lon="-121.105995">
				<ele>2228.006836</ele>
				<time>2026-07-18T12:38:21Z</time>
			</trkpt>
			<trkpt lat="48.077961" lon="-121.106033">
				<ele>2227.408691</ele>
				<time>2026-07-18T12:38:26Z</time>
			</trkpt>
			<trkpt lat="48.078049" lon="-121.106056">
				<ele>2229.525879</ele>
				<time>2026-07-18T12:38:54Z</time>
			</trkpt>
			<trkpt lat="48.078098" lon="-121.106087">
				<ele>2229.404541</ele>
				<time>2026-07-18T12:39:01Z</time>
			</trkpt>
			<trkpt lat="48.078247" lon="-121.106239">
				<ele>2231.502197</ele>
				<time>2026-07-18T12:39:27Z</time>
			</trkpt>
			<trkpt lat="48.078426" lon="-121.106323">
				<ele>2238.985352</ele>
				<time>2026-07-18T12:39:56Z</time>
			</trkpt>
			<trkpt lat="48.078461" lon="-121.106369">
				<ele>2238.847168</ele>
				<time>2026-07-18T12:40:04Z</time>
			</trkpt>
			<trkpt lat="48.078537" lon="-121.106438">
				<ele>2242.11084</ele>
				<time>2026-07-18T12:40:22Z</time>
			</trkpt>
			<trkpt lat="48.078857" lon="-121.106689">
				<ele>2248.962646</ele>
				<time>2026-07-18T12:41:32Z</time>
			</trkpt>
			<trkpt lat="48.079273" lon="-121.107109">
				<ele>2264.882813</ele>
				<time>2026-07-18T12:43:23Z</time>
			</trkpt>
			<trkpt lat="48.079388" lon="-121.107323">
				<ele>2269.974609</ele>
				<time>2026-07-18T12:44:12Z</time>
			</trkpt>
			<trkpt lat="48.079422" lon="-121.107368">
				<ele>2269.707031</ele>
				<time>2026-07-18T12:44:21Z</time>
			</trkpt>
			<trkpt lat="48.079678" lon="-121.107903">
				<ele>2283.525146</ele>
				<time>2026-07-18T12:46:52Z</time>
			</trkpt>
			<trkpt lat="48.079754" lon="-121.107994">
				<ele>2284.401611</ele>
				<time>2026-07-18T12:47:09Z</time>
			</trkpt>
			<trkpt lat="48.079811" lon="-121.108101">
				<ele>2284.527832</ele>
				<time>2026-07-18T12:47:20Z</time>
			</trkpt>
			<trkpt lat="48.079876" lon="-121.108192">
				<ele>2286.134766</ele>
				<time>2026-07-18T12:47:32Z</time>
			</trkpt>
			<trkpt lat="48.079994" lon="-121.1082">
				<ele>2291.763672</ele>
				<time>2026-07-18T12:48:37Z</time>
			</trkpt>
			<trkpt lat="48.080009" lon="-121.108276">
				<ele>2291.69458</ele>
				<time>2026-07-18T12:48:58Z</time>
			</trkpt>
			<trkpt lat="48.080067" lon="-121.108368">
				<ele>2288.306396</ele>
				<time>2026-07-18T12:49:09Z</time>
			</trkpt>
			<trkpt lat="48.080467" lon="-121.10849">
				<ele>2281.005859</ele>
				<time>2026-07-18T12:54:28Z</time>
			</trkpt>
			<trkpt lat="48.080849" lon="-121.108696">
				<ele>2265.168457</ele>
				<time>2026-07-18T12:56:18Z</time>
			</trkpt>
			<trkpt lat="48.081135" lon="-121.108925">
				<ele>2259.169678</ele>
				<time>2026-07-18T12:57:16Z</time>
			</trkpt>
			<trkpt lat="48.081223" lon="-121.108978">
				<ele>2258.754883</ele>
				<time>2026-07-18T12:57:27Z</time>
			</trkpt>
			<trkpt lat="48.081276" lon="-121.109001">
				<ele>2258.842285</ele>
				<time>2026-07-18T12:57:33Z</time>
			</trkpt>
			<trkpt lat="48.081318" lon="-121.109047">
				<ele>2258.690674</ele>
				<time>2026-07-18T12:57:39Z</time>
			</trkpt>
			<trkpt lat="48.081364" lon="-121.109047">
				<ele>2259.019287</ele>
				<time>2026-07-18T12:57:46Z</time>
			</trkpt>
			<trkpt lat="48.08149" lon="-121.108994">
				<ele>2257.63916</ele>
				<time>2026-07-18T13:06:49Z</time>
			</trkpt>
			<trkpt lat="48.081707" lon="-121.109039">
				<ele>2250.213867</ele>
				<time>2026-07-18T13:07:33Z</time>
			</trkpt>
			<trkpt lat="48.081841" lon="-121.108971">
				<ele>2246.748291</ele>
				<time>2026-07-18T13:07:49Z</time>
			</trkpt>
			<trkpt lat="48.081882" lon="-121.108955">
				<ele>2247.505127</ele>
				<time>2026-07-18T13:07:53Z</time>
			</trkpt>
			<trkpt lat="48.082214" lon="-121.108795">
				<ele>2239.344971</ele>
				<time>2026-07-18T13:08:27Z</time>
			</trkpt>
			<trkpt lat="48.08226" lon="-121.108772">
				<ele>2240.790039</ele>
				<time>2026-07-18T13:08:33Z</time>
			</trkpt>
			<trkpt lat="48.082298" lon="-121.108742">
				<ele>2239.4104</ele>
				<time>2026-07-18T13:08:38Z</time>
			</trkpt>
			<trkpt lat="48.082424" lon="-121.108643">
				<ele>2243.520996</ele>
				<time>2026-07-18T13:08:55Z</time>
			</trkpt>
			<trkpt lat="48.082561" lon="-121.10865">
				<ele>2241.375</ele>
				<time>2026-07-18T13:09:11Z</time>
			</trkpt>
			<trkpt lat="48.082607" lon="-121.108665">
				<ele>2241.435547</ele>
				<time>2026-07-18T13:09:18Z</time>
			</trkpt>
			<trkpt lat="48.082813" lon="-121.108543">
				<ele>2238.13501</ele>
				<time>2026-07-18T13:09:48Z</time>
			</trkpt>
			<trkpt lat="48.082909" lon="-121.108513">
				<ele>2239.700195</ele>
				<time>2026-07-18T13:09:59Z</time>
			</trkpt>
			<trkpt lat="48.083" lon="-121.108505">
				<ele>2237.317871</ele>
				<time>2026-07-18T13:10:11Z</time>
			</trkpt>
			<trkpt lat="48.08313" lon="-121.108406">
				<ele>2238.4375</ele>
				<time>2026-07-18T13:10:28Z</time>
			</trkpt>
			<trkpt lat="48.083172" lon="-121.108391">
				<ele>2238.132568</ele>
				<time>2026-07-18T13:10:33Z</time>
			</trkpt>
			<trkpt lat="48.083267" lon="-121.10833">
				<ele>2238.873535</ele>
				<time>2026-07-18T13:10:45Z</time>
			</trkpt>
			<trkpt lat="48.083355" lon="-121.108269">
				<ele>2238.802002</ele>
				<time>2026-07-18T13:10:57Z</time>
			</trkpt>
			<trkpt lat="48.083389" lon="-121.108223">
				<ele>2236.856934</ele>
				<time>2026-07-18T13:11:02Z</time>
			</trkpt>
			<trkpt lat="48.08342" lon="-121.108177">
				<ele>2237.727783</ele>
				<time>2026-07-18T13:11:06Z</time>
			</trkpt>
			<trkpt lat="48.083466" lon="-121.108154">
				<ele>2237.213867</ele>
				<time>2026-07-18T13:11:12Z</time>
			</trkpt>
			<trkpt lat="48.083553" lon="-121.108086">
				<ele>2240.746094</ele>
				<time>2026-07-18T13:11:23Z</time>
			</trkpt>
			<trkpt lat="48.083599" lon="-121.108063">
				<ele>2239.705566</ele>
				<time>2026-07-18T13:11:29Z</time>
			</trkpt>
			<trkpt lat="48.083874" lon="-121.108032">
				<ele>2244.250977</ele>
				<time>2026-07-18T13:12:09Z</time>
			</trkpt>
			<trkpt lat="48.08392" lon="-121.108017">
				<ele>2244.100586</ele>
				<time>2026-07-18T13:12:15Z</time>
			</trkpt>
			<trkpt lat="48.084312" lon="-121.108017">
				<ele>2252.474854</ele>
				<time>2026-07-18T13:13:21Z</time>
			</trkpt>
			<trkpt lat="48.084766" lon="-121.107841">
				<ele>2265.244873</ele>
				<time>2026-07-18T13:14:53Z</time>
			</trkpt>
			<trkpt lat="48.084915" lon="-121.108002">
				<ele>2267.343018</ele>
				<time>2026-07-18T13:15:23Z</time>
			</trkpt>
			<trkpt lat="48.085209" lon="-121.108154">
				<ele>2273.788574</ele>
				<time>2026-07-18T13:16:13Z</time>
			</trkpt>
			<trkpt lat="48.085239" lon="-121.108208">
				<ele>2274.033691</ele>
				<time>2026-07-18T13:16:17Z</time>
			</trkpt>
			<trkpt lat="48.085285" lon="-121.108231">
				<ele>2273.68042</ele>
				<time>2026-07-18T13:16:25Z</time>
			</trkpt>
			<trkpt lat="48.085449" lon="-121.10833">
				<ele>2275.829346</ele>
				<time>2026-07-18T13:16:50Z</time>
			</trkpt>
			<trkpt lat="48.085751" lon="-121.10849">
				<ele>2282.436523</ele>
				<time>2026-07-18T13:17:45Z</time>
			</trkpt>
			<trkpt lat="48.085785" lon="-121.108536">
				<ele>2282.026611</ele>
				<time>2026-07-18T13:17:52Z</time>
			</trkpt>
			<trkpt lat="48.086388" lon="-121.109047">
				<ele>2299.160889</ele>
				<time>2026-07-18T13:20:08Z</time>
			</trkpt>
			<trkpt lat="48.086609" lon="-121.109299">
				<ele>2305.015625</ele>
				<time>2026-07-18T13:20:55Z</time>
			</trkpt>
			<trkpt lat="48.086765" lon="-121.109619">
				<ele>2309.624268</ele>
				<time>2026-07-18T13:22:18Z</time>
			</trkpt>
			<trkpt lat="48.087181" lon="-121.109924">
				<ele>2319.126709</ele>
				<time>2026-07-18T13:23:42Z</time>
			</trkpt>
			<trkpt lat="48.087227" lon="-121.109932">
				<ele>2318.650879</ele>
				<time>2026-07-18T13:23:50Z</time>
			</trkpt>
			<trkpt lat="48.087307" lon="-121.109993">
				<ele>2322.031738</ele>
				<time>2026-07-18T13:24:06Z</time>
			</trkpt>
			<trkpt lat="48.087627" lon="-121.109955">
				<ele>2331.67627</ele>
				<time>2026-07-18T13:25:16Z</time>
			</trkpt>
			<trkpt lat="48.087746" lon="-121.109856">
				<ele>2332.942871</ele>
				<time>2026-07-18T13:25:42Z</time>
			</trkpt>
			<trkpt lat="48.08778" lon="-121.10981">
				<ele>2335.213623</ele>
				<time>2026-07-18T13:25:49Z</time>
			</trkpt>
			<trkpt lat="48.087811" lon="-121.109772">
				<ele>2335.195801</ele>
				<time>2026-07-18T13:25:56Z</time>
			</trkpt>
			<trkpt lat="48.088001" lon="-121.109581">
				<ele>2339.581055</ele>
				<time>2026-07-18T13:26:31Z</time>
			</trkpt>
			<trkpt lat="48.088043" lon="-121.109543">
				<ele>2338.874023</ele>
				<time>2026-07-18T13:26:38Z</time>
			</trkpt>
			<trkpt lat="48.088081" lon="-121.109505">
				<ele>2339.003418</ele>
				<time>2026-07-18T13:26:45Z</time>
			</trkpt>
			<trkpt lat="48.088295" lon="-121.109451">
				<ele>2346.041016</ele>
				<time>2026-07-18T13:27:28Z</time>
			</trkpt>
			<trkpt lat="48.088516" lon="-121.109238">
				<ele>2349.48291</ele>
				<time>2026-07-18T13:28:12Z</time>
			</trkpt>
			<trkpt lat="48.088669" lon="-121.109077">
				<ele>2354.367432</ele>
				<time>2026-07-18T13:28:40Z</time>
			</trkpt>
			<trkpt lat="48.088696" lon="-121.109024">
				<ele>2354.149902</ele>
				<time>2026-07-18T13:28:47Z</time>
			</trkpt>
			<trkpt lat="48.088779" lon="-121.108971">
				<ele>2354.775635</ele>
				<time>2026-07-18T13:29:01Z</time>
			</trkpt>
			<trkpt lat="48.088821" lon="-121.108932">
				<ele>2356.714355</ele>
				<time>2026-07-18T13:29:08Z</time>
			</trkpt>
			<trkpt lat="48.088955" lon="-121.10894">
				<ele>2357.854004</ele>
				<time>2026-07-18T13:29:32Z</time>
			</trkpt>
			<trkpt lat="48.08905" lon="-121.109062">
				<ele>2362.631348</ele>
				<time>2026-07-18T13:29:55Z</time>
			</trkpt>
			<trkpt lat="48.089115" lon="-121.109154">
				<ele>2363.649658</ele>
				<time>2026-07-18T13:30:13Z</time>
			</trkpt>
			<trkpt lat="48.089149" lon="-121.1092">
				<ele>2363.346924</ele>
				<time>2026-07-18T13:30:22Z</time>
			</trkpt>
			<trkpt lat="48.089268" lon="-121.10936">
				<ele>2368.443848</ele>
				<time>2026-07-18T13:30:57Z</time>
			</trkpt>
			<trkpt lat="48.08947" lon="-121.109482">
				<ele>2376.091064</ele>
				<time>2026-07-18T13:31:56Z</time>
			</trkpt>
			<trkpt lat="48.089676" lon="-121.109756">
				<ele>2381.081299</ele>
				<time>2026-07-18T13:32:52Z</time>
			</trkpt>
			<trkpt lat="48.089928" lon="-121.109917">
				<ele>2389.692627</ele>
				<time>2026-07-18T13:33:48Z</time>
			</trkpt>
			<trkpt lat="48.090019" lon="-121.109932">
				<ele>2391.113037</ele>
				<time>2026-07-18T13:34:07Z</time>
			</trkpt>
			<trkpt lat="48.090115" lon="-121.10994">
				<ele>2391.38623</ele>
				<time>2026-07-18T13:34:21Z</time>
			</trkpt>
			<trkpt lat="48.090248" lon="-121.109909">
				<ele>2388.393799</ele>
				<time>2026-07-18T13:34:42Z</time>
			</trkpt>
			<trkpt lat="48.090298" lon="-121.109909">
				<ele>2389.062744</ele>
				<time>2026-07-18T13:34:49Z</time>
			</trkpt>
			<trkpt lat="48.090523" lon="-121.109848">
				<ele>2386.85083</ele>
				<time>2026-07-18T13:35:24Z</time>
			</trkpt>
			<trkpt lat="48.090565" lon="-121.109856">
				<ele>2387.942627</ele>
				<time>2026-07-18T13:35:30Z</time>
			</trkpt>
			<trkpt lat="48.090611" lon="-121.109848">
				<ele>2387.552734</ele>
				<time>2026-07-18T13:35:35Z</time>
			</trkpt>
			<trkpt lat="48.09066" lon="-121.10984">
				<ele>2388.258057</ele>
				<time>2026-07-18T13:35:43Z</time>
			</trkpt>
			<trkpt lat="48.090748" lon="-121.109863">
				<ele>2385.028076</ele>
				<time>2026-07-18T13:35:56Z</time>
			</trkpt>
			<trkpt lat="48.090801" lon="-121.109871">
				<ele>2386.255371</ele>
				<time>2026-07-18T13:36:03Z</time>
			</trkpt>
			<trkpt lat="48.090843" lon="-121.109749">
				<ele>2381.148193</ele>
				<time>2026-07-18T13:36:30Z</time>
			</trkpt>
			<trkpt lat="48.090939" lon="-121.109726">
				<ele>2385.235107</ele>
				<time>2026-07-18T13:36:46Z</time>
			</trkpt>
			<trkpt lat="48.091026" lon="-121.109741">
				<ele>2384.267822</ele>
				<time>2026-07-18T13:39:48Z</time>
			</trkpt>
			<trkpt lat="48.090996" lon="-121.109795">
				<ele>2384.625488</ele>
				<time>2026-07-18T13:44:24Z</time>
			</trkpt>
			<trkpt lat="48.091026" lon="-121.109749">
				<ele>2384.526123</ele>
				<time>2026-07-18T13:45:14Z</time>
			</trkpt>
			<trkpt lat="48.091526" lon="-121.109459">
				<ele>2394.789551</ele>
				<time>2026-07-18T13:58:32Z</time>
			</trkpt>
			<trkpt lat="48.091656" lon="-121.109459">
				<ele>2398.313965</ele>
				<time>2026-07-18T13:58:58Z</time>
			</trkpt>
			<trkpt lat="48.091747" lon="-121.109444">
				<ele>2397.5979</ele>
				<time>2026-07-18T13:59:12Z</time>
			</trkpt>
			<trkpt lat="48.092041" lon="-121.109283">
				<ele>2402.607422</ele>
				<time>2026-07-18T14:00:26Z</time>
			</trkpt>
			<trkpt lat="48.092083" lon="-121.109253">
				<ele>2402.553711</ele>
				<time>2026-07-18T14:00:35Z</time>
			</trkpt>
			<trkpt lat="48.092163" lon="-121.1092">
				<ele>2406.727783</ele>
				<time>2026-07-18T14:00:54Z</time>
			</trkpt>
			<trkpt lat="48.092255" lon="-121.109146">
				<ele>2407.433594</ele>
				<time>2026-07-18T14:01:11Z</time>
			</trkpt>
			<trkpt lat="48.092297" lon="-121.109138">
				<ele>2406.967773</ele>
				<time>2026-07-18T14:01:18Z</time>
			</trkpt>
			<trkpt lat="48.092392" lon="-121.1091">
				<ele>2407.173828</ele>
				<time>2026-07-18T14:01:36Z</time>
			</trkpt>
			<trkpt lat="48.092567" lon="-121.109024">
				<ele>2410.393311</ele>
				<time>2026-07-18T14:02:09Z</time>
			</trkpt>
			<trkpt lat="48.092609" lon="-121.109009">
				<ele>2409.448975</ele>
				<time>2026-07-18T14:02:16Z</time>
			</trkpt>
			<trkpt lat="48.092777" lon="-121.108925">
				<ele>2413.15625</ele>
				<time>2026-07-18T14:02:58Z</time>
			</trkpt>
			<trkpt lat="48.092819" lon="-121.108917">
				<ele>2413.509766</ele>
				<time>2026-07-18T14:03:07Z</time>
			</trkpt>
			<trkpt lat="48.092865" lon="-121.108902">
				<ele>2413.337891</ele>
				<time>2026-07-18T14:03:15Z</time>
			</trkpt>
			<trkpt lat="48.093262" lon="-121.108818">
				<ele>2417.259033</ele>
				<time>2026-07-18T14:04:27Z</time>
			</trkpt>
			<trkpt lat="48.093395" lon="-121.108818">
				<ele>2419.958008</ele>
				<time>2026-07-18T14:04:53Z</time>
			</trkpt>
			<trkpt lat="48.093445" lon="-121.10881">
				<ele>2419.882568</ele>
				<time>2026-07-18T14:05:04Z</time>
			</trkpt>
			<trkpt lat="48.093624" lon="-121.108772">
				<ele>2426.075439</ele>
				<time>2026-07-18T14:05:54Z</time>
			</trkpt>
			<trkpt lat="48.094063" lon="-121.10891">
				<ele>2434.741211</ele>
				<time>2026-07-18T14:07:44Z</time>
			</trkpt>
			<trkpt lat="48.094677" lon="-121.109428">
				<ele>2456.086182</ele>
				<time>2026-07-18T14:11:01Z</time>
			</trkpt>
			<trkpt lat="48.094715" lon="-121.109467">
				<ele>2455.960938</ele>
				<time>2026-07-18T14:11:12Z</time>
			</trkpt>
			<trkpt lat="48.094784" lon="-121.10955">
				<ele>2460.149902</ele>
				<time>2026-07-18T14:11:41Z</time>
			</trkpt>
			<trkpt lat="48.095009" lon="-121.10952">
				<ele>2469.16333</ele>
				<time>2026-07-18T14:12:52Z</time>
			</trkpt>
			<trkpt lat="48.095325" lon="-121.109879">
				<ele>2483.830566</ele>
				<time>2026-07-18T14:14:48Z</time>
			</trkpt>
			<trkpt lat="48.095417" lon="-121.109871">
				<ele>2488.439697</ele>
				<time>2026-07-18T14:19:18Z</time>
			</trkpt>
			<trkpt lat="48.095467" lon="-121.109886">
				<ele>2488.098389</ele>
				<time>2026-07-18T14:19:26Z</time>
			</trkpt>
			<trkpt lat="48.096275" lon="-121.109962">
				<ele>2510.546631</ele>
				<time>2026-07-18T14:22:34Z</time>
			</trkpt>
			<trkpt lat="48.096462" lon="-121.10994">
				<ele>2512.123047</ele>
				<time>2026-07-18T14:23:15Z</time>
			</trkpt>
			<trkpt lat="48.096729" lon="-121.109993">
				<ele>2521.470947</ele>
				<time>2026-07-18T14:24:14Z</time>
			</trkpt>
			<trkpt lat="48.096821" lon="-121.110008">
				<ele>2523.26709</ele>
				<time>2026-07-18T14:24:31Z</time>
			</trkpt>
			<trkpt lat="48.09687" lon="-121.110016">
				<ele>2522.8125</ele>
				<time>2026-07-18T14:24:40Z</time>
			</trkpt>
			<trkpt lat="48.097546" lon="-121.110085">
				<ele>2538.571045</ele>
				<time>2026-07-18T14:27:03Z</time>
			</trkpt>
			<trkpt lat="48.097588" lon="-121.110092">
				<ele>2538.491455</ele>
				<time>2026-07-18T14:27:14Z</time>
			</trkpt>
			<trkpt lat="48.09771" lon="-121.110176">
				<ele>2544.094971</ele>
				<time>2026-07-18T14:27:54Z</time>
			</trkpt>
			<trkpt lat="48.097786" lon="-121.110252">
				<ele>2544.491455</ele>
				<time>2026-07-18T14:28:23Z</time>
			</trkpt>
			<trkpt lat="48.097816" lon="-121.110298">
				<ele>2545.703857</ele>
				<time>2026-07-18T14:28:34Z</time>
			</trkpt>
			<trkpt lat="48.097958" lon="-121.110603">
				<ele>2559.577637</ele>
				<time>2026-07-18T14:30:00Z</time>
			</trkpt>
			<trkpt lat="48.098042" lon="-121.110558">
				<ele>2562.618164</ele>
				<time>2026-07-18T14:30:18Z</time>
			</trkpt>
			<trkpt lat="48.098083" lon="-121.110542">
				<ele>2562.583252</ele>
				<time>2026-07-18T14:30:27Z</time>
			</trkpt>
			<trkpt lat="48.098129" lon="-121.110527">
				<ele>2563.093262</ele>
				<time>2026-07-18T14:30:36Z</time>
			</trkpt>
			<trkpt lat="48.098221" lon="-121.110489">
				<ele>2561.958984</ele>
				<time>2026-07-18T14:30:51Z</time>
			</trkpt>
			<trkpt lat="48.098305" lon="-121.110428">
				<ele>2565.249268</ele>
				<time>2026-07-18T14:31:12Z</time>
			</trkpt>
			<trkpt lat="48.098469" lon="-121.110321">
				<ele>2567.725342</ele>
				<time>2026-07-18T14:31:53Z</time>
			</trkpt>
			<trkpt lat="48.098515" lon="-121.110298">
				<ele>2567.697754</ele>
				<time>2026-07-18T14:32:06Z</time>
			</trkpt>
			<trkpt lat="48.098553" lon="-121.110268">
				<ele>2567.729492</ele>
				<time>2026-07-18T14:32:14Z</time>
			</trkpt>
			<trkpt lat="48.098595" lon="-121.110245">
				<ele>2569.182861</ele>
				<time>2026-07-18T14:32:24Z</time>
			</trkpt>
			<trkpt lat="48.098633" lon="-121.110214">
				<ele>2568.994629</ele>
				<time>2026-07-18T14:32:33Z</time>
			</trkpt>
			<trkpt lat="48.098793" lon="-121.110069">
				<ele>2575.561035</ele>
				<time>2026-07-18T14:33:10Z</time>
			</trkpt>
			<trkpt lat="48.098831" lon="-121.110039">
				<ele>2576.385986</ele>
				<time>2026-07-18T14:33:19Z</time>
			</trkpt>
			<trkpt lat="48.098965" lon="-121.110023">
				<ele>2576.910889</ele>
				<time>2026-07-18T14:33:44Z</time>
			</trkpt>
			<trkpt lat="48.099098" lon="-121.109947">
				<ele>2580.954346</ele>
				<time>2026-07-18T14:34:14Z</time>
			</trkpt>
			<trkpt lat="48.09914" lon="-121.109932">
				<ele>2580.75708</ele>
				<time>2026-07-18T14:34:24Z</time>
			</trkpt>
			<trkpt lat="48.099438" lon="-121.109779">
				<ele>2592.623535</ele>
				<time>2026-07-18T14:35:36Z</time>
			</trkpt>
			<trkpt lat="48.100304" lon="-121.109177">
				<ele>2614.164795</ele>
				<time>2026-07-18T14:38:56Z</time>
			</trkpt>
			<trkpt lat="48.10075" lon="-121.108986">
				<ele>2626.471924</ele>
				<time>2026-07-18T14:40:20Z</time>
			</trkpt>
			<trkpt lat="48.100796" lon="-121.108971">
				<ele>2627.115967</ele>
				<time>2026-07-18T14:40:28Z</time>
			</trkpt>
			<trkpt lat="48.100838" lon="-121.108948">
				<ele>2627.10498</ele>
				<time>2026-07-18T14:40:35Z</time>
			</trkpt>
			<trkpt lat="48.100925" lon="-121.10891">
				<ele>2627.550537</ele>
				<time>2026-07-18T14:40:48Z</time>
			</trkpt>
			<trkpt lat="48.101021" lon="-121.108879">
				<ele>2630.275879</ele>
				<time>2026-07-18T14:41:04Z</time>
			</trkpt>
			<trkpt lat="48.101067" lon="-121.108864">
				<ele>2630.705322</ele>
				<time>2026-07-18T14:41:12Z</time>
			</trkpt>
			<trkpt lat="48.101109" lon="-121.108849">
				<ele>2630.660645</ele>
				<time>2026-07-18T14:41:19Z</time>
			</trkpt>
			<trkpt lat="48.101154" lon="-121.108818">
				<ele>2630.787598</ele>
				<time>2026-07-18T14:41:26Z</time>
			</trkpt>
			<trkpt lat="48.101227" lon="-121.108749">
				<ele>2633.307373</ele>
				<time>2026-07-18T14:41:40Z</time>
			</trkpt>
			<trkpt lat="48.101273" lon="-121.108719">
				<ele>2632.891357</ele>
				<time>2026-07-18T14:41:46Z</time>
			</trkpt>
			<trkpt lat="48.101315" lon="-121.108696">
				<ele>2634.050049</ele>
				<time>2026-07-18T14:41:54Z</time>
			</trkpt>
			<trkpt lat="48.101398" lon="-121.108658">
				<ele>2633.301025</ele>
				<time>2026-07-18T14:42:07Z</time>
			</trkpt>
			<trkpt lat="48.101479" lon="-121.108597">
				<ele>2635.169922</ele>
				<time>2026-07-18T14:42:19Z</time>
			</trkpt>
			<trkpt lat="48.101524" lon="-121.108574">
				<ele>2634.36792</ele>
				<time>2026-07-18T14:42:26Z</time>
			</trkpt>
			<trkpt lat="48.101776" lon="-121.108406">
				<ele>2639.593262</ele>
				<time>2026-07-18T14:43:11Z</time>
			</trkpt>
			<trkpt lat="48.101868" lon="-121.10836">
				<ele>2637.641846</ele>
				<time>2026-07-18T14:43:26Z</time>
			</trkpt>
			<trkpt lat="48.102036" lon="-121.108261">
				<ele>2641.653564</ele>
				<time>2026-07-18T14:43:55Z</time>
			</trkpt>
			<trkpt lat="48.102077" lon="-121.108223">
				<ele>2640.88208</ele>
				<time>2026-07-18T14:44:02Z</time>
			</trkpt>
			<trkpt lat="48.102146" lon="-121.108154">
				<ele>2644.157227</ele>
				<time>2026-07-18T14:44:18Z</time>
			</trkpt>
			<trkpt lat="48.102188" lon="-121.108147">
				<ele>2643.202148</ele>
				<time>2026-07-18T14:44:24Z</time>
			</trkpt>
			<trkpt lat="48.102394" lon="-121.107986">
				<ele>2646.181396</ele>
				<time>2026-07-18T14:45:13Z</time>
			</trkpt>
			<trkpt lat="48.102581" lon="-121.107834">
				<ele>2651.247803</ele>
				<time>2026-07-18T14:46:07Z</time>
			</trkpt>
			<trkpt lat="48.102818" lon="-121.107658">
				<ele>2663.086182</ele>
				<time>2026-07-18T14:47:34Z</time>
			</trkpt>
			<trkpt lat="48.103203" lon="-121.10762">
				<ele>2680.405518</ele>
				<time>2026-07-18T14:49:40Z</time>
			</trkpt>
			<trkpt lat="48.103703" lon="-121.107391">
				<ele>2695.145264</ele>
				<time>2026-07-18T14:52:05Z</time>
			</trkpt>
			<trkpt lat="48.104637" lon="-121.107025">
				<ele>2730.524902</ele>
				<time>2026-07-18T14:56:37Z</time>
			</trkpt>
			<trkpt lat="48.105404" lon="-121.106743">
				<ele>2764.293213</ele>
				<time>2026-07-18T15:00:38Z</time>
			</trkpt>
			<trkpt lat="48.10545" lon="-121.106728">
				<ele>2763.921875</ele>
				<time>2026-07-18T15:00:53Z</time>
			</trkpt>
			<trkpt lat="48.105652" lon="-121.106651">
				<ele>2771.416016</ele>
				<time>2026-07-18T15:02:11Z</time>
			</trkpt>
			<trkpt lat="48.105663" lon="-121.106583">
				<ele>2775.423096</ele>
				<time>2026-07-18T15:17:00Z</time>
			</trkpt>
			<trkpt lat="48.105644" lon="-121.106522">
				<ele>2774.770264</ele>
				<time>2026-07-18T15:17:12Z</time>
			</trkpt>
			<trkpt lat="48.105663" lon="-121.106583">
				<ele>2776.729004</ele>
				<time>2026-07-18T15:19:25Z</time>
			</trkpt>
			<trkpt lat="48.105675" lon="-121.106644">
				<ele>2775.196289</ele>
				<time>2026-07-18T15:19:45Z</time>
			</trkpt>
			<trkpt lat="48.105804" lon="-121.106697">
				<ele>2779.05957</ele>
				<time>2026-07-18T15:31:09Z</time>
			</trkpt>
			<trkpt lat="48.105976" lon="-121.106995">
				<ele>2790.973633</ele>
				<time>2026-07-18T15:32:57Z</time>
			</trkpt>
			<trkpt lat="48.106262" lon="-121.107727">
				<ele>2825.981201</ele>
				<time>2026-07-18T15:36:40Z</time>
			</trkpt>
			<trkpt lat="48.106358" lon="-121.107941">
				<ele>2831.169189</ele>
				<time>2026-07-18T15:37:44Z</time>
			</trkpt>
			<trkpt lat="48.106426" lon="-121.108665">
				<ele>2848.065918</ele>
				<time>2026-07-18T15:39:51Z</time>
			</trkpt>
			<trkpt lat="48.106438" lon="-121.108727">
				<ele>2847.986816</ele>
				<time>2026-07-18T15:40:07Z</time>
			</trkpt>
			<trkpt lat="48.106491" lon="-121.109795">
				<ele>2864.978027</ele>
				<time>2026-07-18T15:43:44Z</time>
			</trkpt>
			<trkpt lat="48.10659" lon="-121.111244">
				<ele>2901.804199</ele>
				<time>2026-07-18T15:48:25Z</time>
			</trkpt>
			<trkpt lat="48.106602" lon="-121.111786">
				<ele>2912.209961</ele>
				<time>2026-07-18T15:49:53Z</time>
			</trkpt>
			<trkpt lat="48.106533" lon="-121.112503">
				<ele>2928.974365</ele>
				<time>2026-07-18T15:52:00Z</time>
			</trkpt>
			<trkpt lat="48.106552" lon="-121.1129">
				<ele>2935.978027</ele>
				<time>2026-07-18T15:53:01Z</time>
			</trkpt>
			<trkpt lat="48.106606" lon="-121.113075">
				<ele>2937.838379</ele>
				<time>2026-07-18T16:01:42Z</time>
			</trkpt>
			<trkpt lat="48.106781" lon="-121.113136">
				<ele>2939.29541</ele>
				<time>2026-07-18T16:02:06Z</time>
			</trkpt>
			<trkpt lat="48.106949" lon="-121.113205">
				<ele>2943.27124</ele>
				<time>2026-07-18T16:02:41Z</time>
			</trkpt>
			<trkpt lat="48.106991" lon="-121.113235">
				<ele>2943.169922</ele>
				<time>2026-07-18T16:02:50Z</time>
			</trkpt>
			<trkpt lat="48.107056" lon="-121.113327">
				<ele>2951.527588</ele>
				<time>2026-07-18T16:03:23Z</time>
			</trkpt>
			<trkpt lat="48.107147" lon="-121.11335">
				<ele>2953.638672</ele>
				<time>2026-07-18T16:03:41Z</time>
			</trkpt>
			<trkpt lat="48.107185" lon="-121.11338">
				<ele>2952.691895</ele>
				<time>2026-07-18T16:03:47Z</time>
			</trkpt>
			<trkpt lat="48.107265" lon="-121.113457">
				<ele>2953.333252</ele>
				<time>2026-07-18T16:04:01Z</time>
			</trkpt>
			<trkpt lat="48.107388" lon="-121.113548">
				<ele>2957.262939</ele>
				<time>2026-07-18T16:04:29Z</time>
			</trkpt>
			<trkpt lat="48.107971" lon="-121.113884">
				<ele>2981.380859</ele>
				<time>2026-07-18T16:08:10Z</time>
			</trkpt>
			<trkpt lat="48.108315" lon="-121.113869">
				<ele>3000.964111</ele>
				<time>2026-07-18T16:11:07Z</time>
			</trkpt>
			<trkpt lat="48.108379" lon="-121.113968">
				<ele>3005.235352</ele>
				<time>2026-07-18T16:11:40Z</time>
			</trkpt>
			<trkpt lat="48.108624" lon="-121.113945">
				<ele>3016.089355</ele>
				<time>2026-07-18T16:13:15Z</time>
			</trkpt>
			<trkpt lat="48.108738" lon="-121.114029">
				<ele>3024.470947</ele>
				<time>2026-07-18T16:14:07Z</time>
			</trkpt>
			<trkpt lat="48.109119" lon="-121.114044">
				<ele>3041.79541</ele>
				<time>2026-07-18T16:17:43Z</time>
			</trkpt>
			<trkpt lat="48.109188" lon="-121.113968">
				<ele>3043.483887</ele>
				<time>2026-07-18T16:18:09Z</time>
			</trkpt>
			<trkpt lat="48.109432" lon="-121.114014">
				<ele>3056.497314</ele>
				<time>2026-07-18T16:19:51Z</time>
			</trkpt>
			<trkpt lat="48.109589" lon="-121.113922">
				<ele>3063.537842</ele>
				<time>2026-07-18T16:20:58Z</time>
			</trkpt>
			<trkpt lat="48.109879" lon="-121.11422">
				<ele>3077.509521</ele>
				<time>2026-07-18T16:23:03Z</time>
			</trkpt>
			<trkpt lat="48.109928" lon="-121.114105">
				<ele>3080.676514</ele>
				<time>2026-07-18T16:23:29Z</time>
			</trkpt>
			<trkpt lat="48.110039" lon="-121.114204">
				<ele>3087.30835</ele>
				<time>2026-07-18T16:24:18Z</time>
			</trkpt>
			<trkpt lat="48.110195" lon="-121.114166">
				<ele>3095.590576</ele>
				<time>2026-07-18T16:25:30Z</time>
			</trkpt>
			<trkpt lat="48.110252" lon="-121.114006">
				<ele>3100.410156</ele>
				<time>2026-07-18T16:28:42Z</time>
			</trkpt>
			<trkpt lat="48.110226" lon="-121.114151">
				<ele>3099.304932</ele>
				<time>2026-07-18T16:40:34Z</time>
			</trkpt>
			<trkpt lat="48.110428" lon="-121.114288">
				<ele>3105.324463</ele>
				<time>2026-07-18T16:41:27Z</time>
			</trkpt>
			<trkpt lat="48.110722" lon="-121.114212">
				<ele>3126.164063</ele>
				<time>2026-07-18T16:44:20Z</time>
			</trkpt>
			<trkpt lat="48.110874" lon="-121.114418">
				<ele>3139.17627</ele>
				<time>2026-07-18T16:46:01Z</time>
			</trkpt>
			<trkpt lat="48.110966" lon="-121.114555">
				<ele>3142.435303</ele>
				<time>2026-07-18T16:47:06Z</time>
			</trkpt>
			<trkpt lat="48.111248" lon="-121.114281">
				<ele>3162.864258</ele>
				<time>2026-07-18T16:50:19Z</time>
			</trkpt>
			<trkpt lat="48.111374" lon="-121.114296">
				<ele>3168.527588</ele>
				<time>2026-07-18T16:51:17Z</time>
			</trkpt>
			<trkpt lat="48.111572" lon="-121.113861">
				<ele>3192.214844</ele>
				<time>2026-07-18T16:55:32Z</time>
			</trkpt>
			<trkpt lat="48.111824" lon="-121.113831">
				<ele>3210.369141</ele>
				<time>2026-07-18T16:58:15Z</time>
			</trkpt>
			<trkpt lat="48.111885" lon="-121.114136">
				<ele>3217.344482</ele>
				<time>2026-07-18T16:59:14Z</time>
			</trkpt>
			<trkpt lat="48.111801" lon="-121.114159">
				<ele>3213.179199</ele>
				<time>2026-07-18T17:28:41Z</time>
			</trkpt>
			<trkpt lat="48.111847" lon="-121.114136">
				<ele>3213.376709</ele>
				<time>2026-07-18T17:30:35Z</time>
			</trkpt>
			<trkpt lat="48.111832" lon="-121.113884">
				<ele>3207.286377</ele>
				<time>2026-07-18T17:31:35Z</time>
			</trkpt>
			<trkpt lat="48.111828" lon="-121.113815">
				<ele>3207.603027</ele>
				<time>2026-07-18T17:31:40Z</time>
			</trkpt>
			<trkpt lat="48.111725" lon="-121.113594">
				<ele>3201.070801</ele>
				<time>2026-07-18T17:32:17Z</time>
			</trkpt>
			<trkpt lat="48.111515" lon="-121.113708">
				<ele>3186.390137</ele>
				<time>2026-07-18T17:33:55Z</time>
			</trkpt>
			<trkpt lat="48.111351" lon="-121.114166">
				<ele>3166.390869</ele>
				<time>2026-07-18T17:36:01Z</time>
			</trkpt>
			<trkpt lat="48.111336" lon="-121.114235">
				<ele>3166.8479</ele>
				<time>2026-07-18T17:36:11Z</time>
			</trkpt>
			<trkpt lat="48.111301" lon="-121.114342">
				<ele>3162.483643</ele>
				<time>2026-07-18T17:36:46Z</time>
			</trkpt>
			<trkpt lat="48.111046" lon="-121.114525">
				<ele>3145.968262</ele>
				<time>2026-07-18T17:38:17Z</time>
			</trkpt>
			<trkpt lat="48.110977" lon="-121.114464">
				<ele>3140.793213</ele>
				<time>2026-07-18T17:38:54Z</time>
			</trkpt>
			<trkpt lat="48.11092" lon="-121.114563">
				<ele>3137.75</ele>
				<time>2026-07-18T17:39:20Z</time>
			</trkpt>
			<trkpt lat="48.110825" lon="-121.114342">
				<ele>3131.787354</ele>
				<time>2026-07-18T17:40:25Z</time>
			</trkpt>
			<trkpt lat="48.110718" lon="-121.114212">
				<ele>3123.075928</ele>
				<time>2026-07-18T17:41:45Z</time>
			</trkpt>
			<trkpt lat="48.110336" lon="-121.114258">
				<ele>3097.523926</ele>
				<time>2026-07-18T17:44:34Z</time>
			</trkpt>
			<trkpt lat="48.110199" lon="-121.114166">
				<ele>3094.54834</ele>
				<time>2026-07-18T17:44:58Z</time>
			</trkpt>
			<trkpt lat="48.110039" lon="-121.114227">
				<ele>3085.871582</ele>
				<time>2026-07-18T17:45:37Z</time>
			</trkpt>
			<trkpt lat="48.109928" lon="-121.114105">
				<ele>3080.654785</ele>
				<time>2026-07-18T17:46:02Z</time>
			</trkpt>
			<trkpt lat="48.109875" lon="-121.114212">
				<ele>3076.807617</ele>
				<time>2026-07-18T17:46:21Z</time>
			</trkpt>
			<trkpt lat="48.109547" lon="-121.113922">
				<ele>3061.33667</ele>
				<time>2026-07-18T17:47:40Z</time>
			</trkpt>
			<trkpt lat="48.109486" lon="-121.114021">
				<ele>3057.095703</ele>
				<time>2026-07-18T17:47:56Z</time>
			</trkpt>
			<trkpt lat="48.109344" lon="-121.113945">
				<ele>3051.031006</ele>
				<time>2026-07-18T17:48:28Z</time>
			</trkpt>
			<trkpt lat="48.10928" lon="-121.114037">
				<ele>3048.307373</ele>
				<time>2026-07-18T17:48:42Z</time>
			</trkpt>
			<trkpt lat="48.109024" lon="-121.113998">
				<ele>3036.178711</ele>
				<time>2026-07-18T17:49:58Z</time>
			</trkpt>
			<trkpt lat="48.10891" lon="-121.114075">
				<ele>3031.137207</ele>
				<time>2026-07-18T17:50:21Z</time>
			</trkpt>
			<trkpt lat="48.108253" lon="-121.113884">
				<ele>3000.989014</ele>
				<time>2026-07-18T17:52:59Z</time>
			</trkpt>
			<trkpt lat="48.108067" lon="-121.113869">
				<ele>2988.007813</ele>
				<time>2026-07-18T17:53:36Z</time>
			</trkpt>
			<trkpt lat="48.108006" lon="-121.113968">
				<ele>2984.009766</ele>
				<time>2026-07-18T17:53:46Z</time>
			</trkpt>
			<trkpt lat="48.107933" lon="-121.113876">
				<ele>2981.409668</ele>
				<time>2026-07-18T17:53:56Z</time>
			</trkpt>
			<trkpt lat="48.10754" lon="-121.113663">
				<ele>2960.459717</ele>
				<time>2026-07-18T17:54:54Z</time>
			</trkpt>
			<trkpt lat="48.107414" lon="-121.113594">
				<ele>2958.720215</ele>
				<time>2026-07-18T17:55:11Z</time>
			</trkpt>
			<trkpt lat="48.107296" lon="-121.113487">
				<ele>2954.019043</ele>
				<time>2026-07-18T17:55:30Z</time>
			</trkpt>
			<trkpt lat="48.107128" lon="-121.113358">
				<ele>2951.782227</ele>
				<time>2026-07-18T17:55:48Z</time>
			</trkpt>
			<trkpt lat="48.106995" lon="-121.113327">
				<ele>2947.033691</ele>
				<time>2026-07-18T17:56:07Z</time>
			</trkpt>
			<trkpt lat="48.106686" lon="-121.113213">
				<ele>2940.934814</ele>
				<time>2026-07-18T17:56:45Z</time>
			</trkpt>
			<trkpt lat="48.106556" lon="-121.113029">
				<ele>2934.941162</ele>
				<time>2026-07-18T18:05:27Z</time>
			</trkpt>
			<trkpt lat="48.10651" lon="-121.11277">
				<ele>2930.797119</ele>
				<time>2026-07-18T18:05:53Z</time>
			</trkpt>
			<trkpt lat="48.106525" lon="-121.112267">
				<ele>2921.30542</ele>
				<time>2026-07-18T18:06:34Z</time>
			</trkpt>
			<trkpt lat="48.106632" lon="-121.111435">
				<ele>2901.585205</ele>
				<time>2026-07-18T18:07:41Z</time>
			</trkpt>
			<trkpt lat="48.106613" lon="-121.111015">
				<ele>2894.171387</ele>
				<time>2026-07-18T18:08:13Z</time>
			</trkpt>
			<trkpt lat="48.106495" lon="-121.109734">
				<ele>2861.852295</ele>
				<time>2026-07-18T18:10:23Z</time>
			</trkpt>
			<trkpt lat="48.106419" lon="-121.108711">
				<ele>2846.217773</ele>
				<time>2026-07-18T18:11:57Z</time>
			</trkpt>
			<trkpt lat="48.106339" lon="-121.107765">
				<ele>2825.79248</ele>
				<time>2026-07-18T18:16:04Z</time>
			</trkpt>
			<trkpt lat="48.106377" lon="-121.106873">
				<ele>2799.871826</ele>
				<time>2026-07-18T18:17:56Z</time>
			</trkpt>
			<trkpt lat="48.106201" lon="-121.106483">
				<ele>2787.351807</ele>
				<time>2026-07-18T18:19:34Z</time>
			</trkpt>
			<trkpt lat="48.105995" lon="-121.106613">
				<ele>2782.950928</ele>
				<time>2026-07-18T18:21:19Z</time>
			</trkpt>
			<trkpt lat="48.105972" lon="-121.106667">
				<ele>2783.697998</ele>
				<time>2026-07-18T18:21:31Z</time>
			</trkpt>
			<trkpt lat="48.105923" lon="-121.106682">
				<ele>2782.909668</ele>
				<time>2026-07-18T18:21:48Z</time>
			</trkpt>
			<trkpt lat="48.105701" lon="-121.106544">
				<ele>2773.081299</ele>
				<time>2026-07-18T18:23:14Z</time>
			</trkpt>
			<trkpt lat="48.105682" lon="-121.106613">
				<ele>2773.275146</ele>
				<time>2026-07-18T18:23:25Z</time>
			</trkpt>
			<trkpt lat="48.105629" lon="-121.106506">
				<ele>2773.8396</ele>
				<time>2026-07-18T18:26:22Z</time>
			</trkpt>
			<trkpt lat="48.105595" lon="-121.106461">
				<ele>2772.187744</ele>
				<time>2026-07-18T18:26:38Z</time>
			</trkpt>
			<trkpt lat="48.10564" lon="-121.106499">
				<ele>2772.716309</ele>
				<time>2026-07-18T18:27:54Z</time>
			</trkpt>
			<trkpt lat="48.105652" lon="-121.106567">
				<ele>2772.471436</ele>
				<time>2026-07-18T18:28:06Z</time>
			</trkpt>
			<trkpt lat="48.105663" lon="-121.106628">
				<ele>2772.695068</ele>
				<time>2026-07-18T18:32:12Z</time>
			</trkpt>
			<trkpt lat="48.105427" lon="-121.106827">
				<ele>2761.99707</ele>
				<time>2026-07-18T18:33:38Z</time>
			</trkpt>
			<trkpt lat="48.104839" lon="-121.106949">
				<ele>2735.32666</ele>
				<time>2026-07-18T18:35:12Z</time>
			</trkpt>
			<trkpt lat="48.104706" lon="-121.10701">
				<ele>2732.887695</ele>
				<time>2026-07-18T18:35:29Z</time>
			</trkpt>
			<trkpt lat="48.104038" lon="-121.107254">
				<ele>2706.754883</ele>
				<time>2026-07-18T18:37:09Z</time>
			</trkpt>
			<trkpt lat="48.103218" lon="-121.10762">
				<ele>2679.19873</ele>
				<time>2026-07-18T18:39:19Z</time>
			</trkpt>
			<trkpt lat="48.102943" lon="-121.107689">
				<ele>2664.541748</ele>
				<time>2026-07-18T18:40:05Z</time>
			</trkpt>
			<trkpt lat="48.102585" lon="-121.107834">
				<ele>2650.794189</ele>
				<time>2026-07-18T18:41:00Z</time>
			</trkpt>
			<trkpt lat="48.102547" lon="-121.107864">
				<ele>2651.143311</ele>
				<time>2026-07-18T18:41:05Z</time>
			</trkpt>
			<trkpt lat="48.102299" lon="-121.108063">
				<ele>2643.453613</ele>
				<time>2026-07-18T18:41:41Z</time>
			</trkpt>
			<trkpt lat="48.102177" lon="-121.108177">
				<ele>2642.617676</ele>
				<time>2026-07-18T18:41:57Z</time>
			</trkpt>
			<trkpt lat="48.102131" lon="-121.108185">
				<ele>2640.982666</ele>
				<time>2026-07-18T18:42:04Z</time>
			</trkpt>
			<trkpt lat="48.101875" lon="-121.108345">
				<ele>2637.665771</ele>
				<time>2026-07-18T18:42:35Z</time>
			</trkpt>
			<trkpt lat="48.10183" lon="-121.108383">
				<ele>2637.940674</ele>
				<time>2026-07-18T18:42:40Z</time>
			</trkpt>
			<trkpt lat="48.101391" lon="-121.108658">
				<ele>2630.381592</ele>
				<time>2026-07-18T18:43:32Z</time>
			</trkpt>
			<trkpt lat="48.101349" lon="-121.108681">
				<ele>2631.187012</ele>
				<time>2026-07-18T18:43:36Z</time>
			</trkpt>
			<trkpt lat="48.101215" lon="-121.10878">
				<ele>2627.581055</ele>
				<time>2026-07-18T18:43:52Z</time>
			</trkpt>
			<trkpt lat="48.101078" lon="-121.108864">
				<ele>2627.105225</ele>
				<time>2026-07-18T18:44:11Z</time>
			</trkpt>
			<trkpt lat="48.100994" lon="-121.108894">
				<ele>2624.277588</ele>
				<time>2026-07-18T18:44:42Z</time>
			</trkpt>
			<trkpt lat="48.100945" lon="-121.108902">
				<ele>2624.934814</ele>
				<time>2026-07-18T18:44:46Z</time>
			</trkpt>
			<trkpt lat="48.100582" lon="-121.109055">
				<ele>2619.66748</ele>
				<time>2026-07-18T18:45:27Z</time>
			</trkpt>
			<trkpt lat="48.099953" lon="-121.10939">
				<ele>2603.797607</ele>
				<time>2026-07-18T18:46:38Z</time>
			</trkpt>
			<trkpt lat="48.099911" lon="-121.109413">
				<ele>2604.255127</ele>
				<time>2026-07-18T18:46:42Z</time>
			</trkpt>
			<trkpt lat="48.099464" lon="-121.109756">
				<ele>2591.478516</ele>
				<time>2026-07-18T18:47:36Z</time>
			</trkpt>
			<trkpt lat="48.099373" lon="-121.109818">
				<ele>2586.910889</ele>
				<time>2026-07-18T18:47:47Z</time>
			</trkpt>
			<trkpt lat="48.098797" lon="-121.110085">
				<ele>2571.934814</ele>
				<time>2026-07-18T18:48:54Z</time>
			</trkpt>
			<trkpt lat="48.098419" lon="-121.110374">
				<ele>2562.740234</ele>
				<time>2026-07-18T18:49:43Z</time>
			</trkpt>
			<trkpt lat="48.098385" lon="-121.110413">
				<ele>2562.592529</ele>
				<time>2026-07-18T18:49:49Z</time>
			</trkpt>
			<trkpt lat="48.09832" lon="-121.110512">
				<ele>2565.103271</ele>
				<time>2026-07-18T18:58:51Z</time>
			</trkpt>
			<trkpt lat="48.097618" lon="-121.110718">
				<ele>2550.126953</ele>
				<time>2026-07-18T19:00:23Z</time>
			</trkpt>
			<trkpt lat="48.097572" lon="-121.11071">
				<ele>2550.785156</ele>
				<time>2026-07-18T19:00:27Z</time>
			</trkpt>
			<trkpt lat="48.097477" lon="-121.11071">
				<ele>2549.626953</ele>
				<time>2026-07-18T19:00:39Z</time>
			</trkpt>
			<trkpt lat="48.097328" lon="-121.110695">
				<ele>2549.168945</ele>
				<time>2026-07-18T19:00:54Z</time>
			</trkpt>
			<trkpt lat="48.097279" lon="-121.110703">
				<ele>2550.677002</ele>
				<time>2026-07-18T19:00:59Z</time>
			</trkpt>
			<trkpt lat="48.097137" lon="-121.110725">
				<ele>2547.614746</ele>
				<time>2026-07-18T19:01:16Z</time>
			</trkpt>
			<trkpt lat="48.097088" lon="-121.110733">
				<ele>2548.055664</ele>
				<time>2026-07-18T19:01:22Z</time>
			</trkpt>
			<trkpt lat="48.097046" lon="-121.110725">
				<ele>2545.730957</ele>
				<time>2026-07-18T19:01:27Z</time>
			</trkpt>
			<trkpt lat="48.096855" lon="-121.11068">
				<ele>2543.334473</ele>
				<time>2026-07-18T19:01:47Z</time>
			</trkpt>
			<trkpt lat="48.096809" lon="-121.110664">
				<ele>2543.505859</ele>
				<time>2026-07-18T19:01:53Z</time>
			</trkpt>
			<trkpt lat="48.096535" lon="-121.110542">
				<ele>2538.32666</ele>
				<time>2026-07-18T19:02:25Z</time>
			</trkpt>
			<trkpt lat="48.096134" lon="-121.110413">
				<ele>2525.435303</ele>
				<time>2026-07-18T19:03:16Z</time>
			</trkpt>
			<trkpt lat="48.095425" lon="-121.110001">
				<ele>2487.936035</ele>
				<time>2026-07-18T19:05:42Z</time>
			</trkpt>
			<trkpt lat="48.09515" lon="-121.109734">
				<ele>2475.342773</ele>
				<time>2026-07-18T19:06:38Z</time>
			</trkpt>
			<trkpt lat="48.09481" lon="-121.109604">
				<ele>2460.673096</ele>
				<time>2026-07-18T19:07:38Z</time>
			</trkpt>
			<trkpt lat="48.094357" lon="-121.109314">
				<ele>2447.156494</ele>
				<time>2026-07-18T19:08:29Z</time>
			</trkpt>
			<trkpt lat="48.094032" lon="-121.109085">
				<ele>2433.839355</ele>
				<time>2026-07-18T19:09:15Z</time>
			</trkpt>
			<trkpt lat="48.093678" lon="-121.108856">
				<ele>2425.400146</ele>
				<time>2026-07-18T19:09:54Z</time>
			</trkpt>
			<trkpt lat="48.093475" lon="-121.108818">
				<ele>2420.823486</ele>
				<time>2026-07-18T19:10:14Z</time>
			</trkpt>
			<trkpt lat="48.09343" lon="-121.108803">
				<ele>2420.561035</ele>
				<time>2026-07-18T19:10:18Z</time>
			</trkpt>
			<trkpt lat="48.093384" lon="-121.10878">
				<ele>2420.877686</ele>
				<time>2026-07-18T19:10:23Z</time>
			</trkpt>
			<trkpt lat="48.093334" lon="-121.108772">
				<ele>2420.244873</ele>
				<time>2026-07-18T19:10:27Z</time>
			</trkpt>
			<trkpt lat="48.093098" lon="-121.108795">
				<ele>2414.067871</ele>
				<time>2026-07-18T19:10:55Z</time>
			</trkpt>
			<trkpt lat="48.093052" lon="-121.108795">
				<ele>2415.206787</ele>
				<time>2026-07-18T19:11:00Z</time>
			</trkpt>
			<trkpt lat="48.093006" lon="-121.108795">
				<ele>2414.963135</ele>
				<time>2026-07-18T19:11:04Z</time>
			</trkpt>
			<trkpt lat="48.092957" lon="-121.108818">
				<ele>2415.27002</ele>
				<time>2026-07-18T19:11:09Z</time>
			</trkpt>
			<trkpt lat="48.092865" lon="-121.108864">
				<ele>2414.662354</ele>
				<time>2026-07-18T19:11:18Z</time>
			</trkpt>
			<trkpt lat="48.092735" lon="-121.108932">
				<ele>2409.295898</ele>
				<time>2026-07-18T19:11:33Z</time>
			</trkpt>
			<trkpt lat="48.092697" lon="-121.108955">
				<ele>2409.953369</ele>
				<time>2026-07-18T19:11:37Z</time>
			</trkpt>
			<trkpt lat="48.092384" lon="-121.1091">
				<ele>2407.054688</ele>
				<time>2026-07-18T19:12:11Z</time>
			</trkpt>
			<trkpt lat="48.092335" lon="-121.109108">
				<ele>2405.60083</ele>
				<time>2026-07-18T19:12:16Z</time>
			</trkpt>
			<trkpt lat="48.092293" lon="-121.109123">
				<ele>2405.851807</ele>
				<time>2026-07-18T19:12:20Z</time>
			</trkpt>
			<trkpt lat="48.092201" lon="-121.109177">
				<ele>2405.106445</ele>
				<time>2026-07-18T19:12:33Z</time>
			</trkpt>
			<trkpt lat="48.092117" lon="-121.109238">
				<ele>2401.203857</ele>
				<time>2026-07-18T19:12:45Z</time>
			</trkpt>
			<trkpt lat="48.092072" lon="-121.109268">
				<ele>2401.39624</ele>
				<time>2026-07-18T19:12:50Z</time>
			</trkpt>
			<trkpt lat="48.092022" lon="-121.109299">
				<ele>2400.995361</ele>
				<time>2026-07-18T19:12:55Z</time>
			</trkpt>
			<trkpt lat="48.09198" lon="-121.109337">
				<ele>2401.074707</ele>
				<time>2026-07-18T19:13:00Z</time>
			</trkpt>
			<trkpt lat="48.091892" lon="-121.109352">
				<ele>2398.791992</ele>
				<time>2026-07-18T19:13:08Z</time>
			</trkpt>
			<trkpt lat="48.09185" lon="-121.109375">
				<ele>2399.289551</ele>
				<time>2026-07-18T19:13:13Z</time>
			</trkpt>
			<trkpt lat="48.091633" lon="-121.109489">
				<ele>2397.453613</ele>
				<time>2026-07-18T19:13:38Z</time>
			</trkpt>
			<trkpt lat="48.091541" lon="-121.109474">
				<ele>2393.783691</ele>
				<time>2026-07-18T19:13:49Z</time>
			</trkpt>
			<trkpt lat="48.091499" lon="-121.10952">
				<ele>2392.896729</ele>
				<time>2026-07-18T19:13:54Z</time>
			</trkpt>
			<trkpt lat="48.091454" lon="-121.109535">
				<ele>2393.999023</ele>
				<time>2026-07-18T19:13:58Z</time>
			</trkpt>
			<trkpt lat="48.091187" lon="-121.10965">
				<ele>2385.090576</ele>
				<time>2026-07-18T19:14:30Z</time>
			</trkpt>
			<trkpt lat="48.091137" lon="-121.109673">
				<ele>2385.697021</ele>
				<time>2026-07-18T19:14:36Z</time>
			</trkpt>
			<trkpt lat="48.091045" lon="-121.109703">
				<ele>2384.372559</ele>
				<time>2026-07-18T19:14:47Z</time>
			</trkpt>
			<trkpt lat="48.091003" lon="-121.109726">
				<ele>2385.891113</ele>
				<time>2026-07-18T19:14:53Z</time>
			</trkpt>
			<trkpt lat="48.090828" lon="-121.109756">
				<ele>2382.243652</ele>
				<time>2026-07-18T19:19:06Z</time>
			</trkpt>
			<trkpt lat="48.090809" lon="-121.109879">
				<ele>2385.404785</ele>
				<time>2026-07-18T19:19:27Z</time>
			</trkpt>
			<trkpt lat="48.090675" lon="-121.10984">
				<ele>2387.472656</ele>
				<time>2026-07-18T19:19:46Z</time>
			</trkpt>
			<trkpt lat="48.090534" lon="-121.10984">
				<ele>2388.331299</ele>
				<time>2026-07-18T19:20:06Z</time>
			</trkpt>
			<trkpt lat="48.090485" lon="-121.109848">
				<ele>2387.700928</ele>
				<time>2026-07-18T19:20:13Z</time>
			</trkpt>
			<trkpt lat="48.090443" lon="-121.109871">
				<ele>2389.233154</ele>
				<time>2026-07-18T19:20:19Z</time>
			</trkpt>
			<trkpt lat="48.090302" lon="-121.109901">
				<ele>2389.677002</ele>
				<time>2026-07-18T19:20:37Z</time>
			</trkpt>
			<trkpt lat="48.090256" lon="-121.109894">
				<ele>2389.668945</ele>
				<time>2026-07-18T19:20:43Z</time>
			</trkpt>
			<trkpt lat="48.090065" lon="-121.109924">
				<ele>2391.663574</ele>
				<time>2026-07-18T19:21:07Z</time>
			</trkpt>
			<trkpt lat="48.090019" lon="-121.109932">
				<ele>2390.152344</ele>
				<time>2026-07-18T19:21:14Z</time>
			</trkpt>
			<trkpt lat="48.089973" lon="-121.109924">
				<ele>2390.603516</ele>
				<time>2026-07-18T19:21:20Z</time>
			</trkpt>
			<trkpt lat="48.089924" lon="-121.109909">
				<ele>2390.366943</ele>
				<time>2026-07-18T19:21:25Z</time>
			</trkpt>
			<trkpt lat="48.089615" lon="-121.109711">
				<ele>2381.694092</ele>
				<time>2026-07-18T19:22:14Z</time>
			</trkpt>
			<trkpt lat="48.089149" lon="-121.109108">
				<ele>2363.453613</ele>
				<time>2026-07-18T19:23:14Z</time>
			</trkpt>
			<trkpt lat="48.088951" lon="-121.108925">
				<ele>2359.14209</ele>
				<time>2026-07-18T19:23:31Z</time>
			</trkpt>
			<trkpt lat="48.08876" lon="-121.108971">
				<ele>2354.780518</ele>
				<time>2026-07-18T19:23:47Z</time>
			</trkpt>
			<trkpt lat="48.088615" lon="-121.109116">
				<ele>2352.410645</ele>
				<time>2026-07-18T19:24:05Z</time>
			</trkpt>
			<trkpt lat="48.088539" lon="-121.109207">
				<ele>2352.092285</ele>
				<time>2026-07-18T19:24:13Z</time>
			</trkpt>
			<trkpt lat="48.088493" lon="-121.109253">
				<ele>2350.129883</ele>
				<time>2026-07-18T19:24:17Z</time>
			</trkpt>
			<trkpt lat="48.088474" lon="-121.109322">
				<ele>2350.768799</ele>
				<time>2026-07-18T19:24:21Z</time>
			</trkpt>
			<trkpt lat="48.088249" lon="-121.109428">
				<ele>2345.858154</ele>
				<time>2026-07-18T19:24:42Z</time>
			</trkpt>
			<trkpt lat="48.088211" lon="-121.109459">
				<ele>2346.361572</ele>
				<time>2026-07-18T19:24:46Z</time>
			</trkpt>
			<trkpt lat="48.088123" lon="-121.109421">
				<ele>2342.467529</ele>
				<time>2026-07-18T19:24:54Z</time>
			</trkpt>
			<trkpt lat="48.087929" lon="-121.109627">
				<ele>2340.225342</ele>
				<time>2026-07-18T19:25:15Z</time>
			</trkpt>
			<trkpt lat="48.087761" lon="-121.109787">
				<ele>2335.59375</ele>
				<time>2026-07-18T19:25:33Z</time>
			</trkpt>
			<trkpt lat="48.087692" lon="-121.109879">
				<ele>2335.093018</ele>
				<time>2026-07-18T19:25:42Z</time>
			</trkpt>
			<trkpt lat="48.087616" lon="-121.109932">
				<ele>2333.459229</ele>
				<time>2026-07-18T19:25:50Z</time>
			</trkpt>
			<trkpt lat="48.08744" lon="-121.110023">
				<ele>2328.778809</ele>
				<time>2026-07-18T19:26:13Z</time>
			</trkpt>
			<trkpt lat="48.087265" lon="-121.109932">
				<ele>2322.097656</ele>
				<time>2026-07-18T19:26:33Z</time>
			</trkpt>
			<trkpt lat="48.086842" lon="-121.10965">
				<ele>2311.221191</ele>
				<time>2026-07-18T19:27:22Z</time>
			</trkpt>
			<trkpt lat="48.08672" lon="-121.109444">
				<ele>2309.242676</ele>
				<time>2026-07-18T19:27:38Z</time>
			</trkpt>
			<trkpt lat="48.086472" lon="-121.109108">
				<ele>2303.123779</ele>
				<time>2026-07-18T19:28:09Z</time>
			</trkpt>
			<trkpt lat="48.085747" lon="-121.108452">
				<ele>2281.958252</ele>
				<time>2026-07-18T19:29:35Z</time>
			</trkpt>
			<trkpt lat="48.085526" lon="-121.108353">
				<ele>2278.017334</ele>
				<time>2026-07-18T19:29:58Z</time>
			</trkpt>
			<trkpt lat="48.085484" lon="-121.10833">
				<ele>2278.768311</ele>
				<time>2026-07-18T19:30:02Z</time>
			</trkpt>
			<trkpt lat="48.084972" lon="-121.107994">
				<ele>2271.21582</ele>
				<time>2026-07-18T19:30:50Z</time>
			</trkpt>
			<trkpt lat="48.084766" lon="-121.107826">
				<ele>2266.02002</ele>
				<time>2026-07-18T19:31:12Z</time>
			</trkpt>
			<trkpt lat="48.084682" lon="-121.107849">
				<ele>2262.303223</ele>
				<time>2026-07-18T19:31:24Z</time>
			</trkpt>
			<trkpt lat="48.084335" lon="-121.108017">
				<ele>2254.649658</ele>
				<time>2026-07-18T19:32:04Z</time>
			</trkpt>
			<trkpt lat="48.084114" lon="-121.107979">
				<ele>2250.336426</ele>
				<time>2026-07-18T19:32:27Z</time>
			</trkpt>
			<trkpt lat="48.083679" lon="-121.108055">
				<ele>2244.026123</ele>
				<time>2026-07-18T19:33:07Z</time>
			</trkpt>
			<trkpt lat="48.08358" lon="-121.108063">
				<ele>2240.158691</ele>
				<time>2026-07-18T19:33:17Z</time>
			</trkpt>
			<trkpt lat="48.08345" lon="-121.108131">
				<ele>2238.588135</ele>
				<time>2026-07-18T19:33:30Z</time>
			</trkpt>
			<trkpt lat="48.083374" lon="-121.108231">
				<ele>2238.896729</ele>
				<time>2026-07-18T19:33:40Z</time>
			</trkpt>
			<trkpt lat="48.083248" lon="-121.10833">
				<ele>2240.269287</ele>
				<time>2026-07-18T19:33:55Z</time>
			</trkpt>
			<trkpt lat="48.083031" lon="-121.108475">
				<ele>2237.220947</ele>
				<time>2026-07-18T19:34:22Z</time>
			</trkpt>
			<trkpt lat="48.082939" lon="-121.108513">
				<ele>2238.632813</ele>
				<time>2026-07-18T19:34:35Z</time>
			</trkpt>
			<trkpt lat="48.082844" lon="-121.108536">
				<ele>2238.07666</ele>
				<time>2026-07-18T19:34:49Z</time>
			</trkpt>
			<trkpt lat="48.082645" lon="-121.108635">
				<ele>2240.333496</ele>
				<time>2026-07-18T19:35:21Z</time>
			</trkpt>
			<trkpt lat="48.082432" lon="-121.108643">
				<ele>2243.482666</ele>
				<time>2026-07-18T19:35:48Z</time>
			</trkpt>
			<trkpt lat="48.082237" lon="-121.108772">
				<ele>2241.805176</ele>
				<time>2026-07-18T19:36:09Z</time>
			</trkpt>
			<trkpt lat="48.082195" lon="-121.10881">
				<ele>2243.200928</ele>
				<time>2026-07-18T19:36:15Z</time>
			</trkpt>
			<trkpt lat="48.082153" lon="-121.108826">
				<ele>2242.425293</ele>
				<time>2026-07-18T19:36:22Z</time>
			</trkpt>
			<trkpt lat="48.081764" lon="-121.109024">
				<ele>2249.804932</ele>
				<time>2026-07-18T19:37:31Z</time>
			</trkpt>
			<trkpt lat="48.081722" lon="-121.109055">
				<ele>2249.50293</ele>
				<time>2026-07-18T19:37:41Z</time>
			</trkpt>
			<trkpt lat="48.081604" lon="-121.109154">
				<ele>2254.151855</ele>
				<time>2026-07-18T19:38:11Z</time>
			</trkpt>
			<trkpt lat="48.081558" lon="-121.109169">
				<ele>2253.929932</ele>
				<time>2026-07-18T19:38:28Z</time>
			</trkpt>
			<trkpt lat="48.08147" lon="-121.109146">
				<ele>2257.568359</ele>
				<time>2026-07-18T19:38:46Z</time>
			</trkpt>
			<trkpt lat="48.081299" lon="-121.10907">
				<ele>2259.265137</ele>
				<time>2026-07-18T19:39:16Z</time>
			</trkpt>
			<trkpt lat="48.081261" lon="-121.109032">
				<ele>2259.219238</ele>
				<time>2026-07-18T19:39:22Z</time>
			</trkpt>
			<trkpt lat="48.081223" lon="-121.108994">
				<ele>2259.35498</ele>
				<time>2026-07-18T19:39:28Z</time>
			</trkpt>
			<trkpt lat="48.081192" lon="-121.108948">
				<ele>2259.156982</ele>
				<time>2026-07-18T19:39:33Z</time>
			</trkpt>
			<trkpt lat="48.08115" lon="-121.108925">
				<ele>2259.174561</ele>
				<time>2026-07-18T19:39:41Z</time>
			</trkpt>
			<trkpt lat="48.080948" lon="-121.108772">
				<ele>2262.801758</ele>
				<time>2026-07-18T19:40:39Z</time>
			</trkpt>
			<trkpt lat="48.08054" lon="-121.108521">
				<ele>2281.432373</ele>
				<time>2026-07-18T19:42:36Z</time>
			</trkpt>
			<trkpt lat="48.080139" lon="-121.10836">
				<ele>2287.915039</ele>
				<time>2026-07-18T19:43:54Z</time>
			</trkpt>
			<trkpt lat="48.080097" lon="-121.108337">
				<ele>2287.182861</ele>
				<time>2026-07-18T19:54:41Z</time>
			</trkpt>
			<trkpt lat="48.07999" lon="-121.108253">
				<ele>2291.956787</ele>
				<time>2026-07-18T19:55:43Z</time>
			</trkpt>
			<trkpt lat="48.07983" lon="-121.108116">
				<ele>2286.716309</ele>
				<time>2026-07-18T19:56:14Z</time>
			</trkpt>
			<trkpt lat="48.079765" lon="-121.108017">
				<ele>2285.906982</ele>
				<time>2026-07-18T19:56:24Z</time>
			</trkpt>
			<trkpt lat="48.079742" lon="-121.107964">
				<ele>2285.949707</ele>
				<time>2026-07-18T19:56:28Z</time>
			</trkpt>
			<trkpt lat="48.079647" lon="-121.107811">
				<ele>2283.558594</ele>
				<time>2026-07-18T19:56:43Z</time>
			</trkpt>
			<trkpt lat="48.07962" lon="-121.10775">
				<ele>2283.612061</ele>
				<time>2026-07-18T19:56:48Z</time>
			</trkpt>
			<trkpt lat="48.079559" lon="-121.107643">
				<ele>2278.535889</ele>
				<time>2026-07-18T19:57:03Z</time>
			</trkpt>
			<trkpt lat="48.079445" lon="-121.107414">
				<ele>2275.496826</ele>
				<time>2026-07-18T19:57:23Z</time>
			</trkpt>
			<trkpt lat="48.079384" lon="-121.107323">
				<ele>2270.942871</ele>
				<time>2026-07-18T19:57:36Z</time>
			</trkpt>
			<trkpt lat="48.078979" lon="-121.106812">
				<ele>2255.810303</ele>
				<time>2026-07-18T19:58:56Z</time>
			</trkpt>
			<trkpt lat="48.078491" lon="-121.106384">
				<ele>2241.907959</ele>
				<time>2026-07-18T20:00:00Z</time>
			</trkpt>
			<trkpt lat="48.078266" lon="-121.106247">
				<ele>2237.962891</ele>
				<time>2026-07-18T20:00:30Z</time>
			</trkpt>
			<trkpt lat="48.07819" lon="-121.106155">
				<ele>2234.062012</ele>
				<time>2026-07-18T20:00:39Z</time>
			</trkpt>
			<trkpt lat="48.078148" lon="-121.106125">
				<ele>2234.216797</ele>
				<time>2026-07-18T20:00:43Z</time>
			</trkpt>
			<trkpt lat="48.077927" lon="-121.10598">
				<ele>2230.722168</ele>
				<time>2026-07-18T20:01:03Z</time>
			</trkpt>
			<trkpt lat="48.077885" lon="-121.10598">
				<ele>2228.932373</ele>
				<time>2026-07-18T20:01:06Z</time>
			</trkpt>
			<trkpt lat="48.077835" lon="-121.105957">
				<ele>2228.547363</ele>
				<time>2026-07-18T20:01:10Z</time>
			</trkpt>
			<trkpt lat="48.077789" lon="-121.105919">
				<ele>2229.296143</ele>
				<time>2026-07-18T20:01:14Z</time>
			</trkpt>
			<trkpt lat="48.077648" lon="-121.105843">
				<ele>2227.616699</ele>
				<time>2026-07-18T20:01:28Z</time>
			</trkpt>
			<trkpt lat="48.077606" lon="-121.105812">
				<ele>2223.144775</ele>
				<time>2026-07-18T20:01:35Z</time>
			</trkpt>
			<trkpt lat="48.077557" lon="-121.105812">
				<ele>2224.301758</ele>
				<time>2026-07-18T20:01:41Z</time>
			</trkpt>
			<trkpt lat="48.077515" lon="-121.105789">
				<ele>2224.033691</ele>
				<time>2026-07-18T20:01:46Z</time>
			</trkpt>
			<trkpt lat="48.077465" lon="-121.105759">
				<ele>2224.659912</ele>
				<time>2026-07-18T20:01:51Z</time>
			</trkpt>
			<trkpt lat="48.077415" lon="-121.105736">
				<ele>2222.977051</ele>
				<time>2026-07-18T20:01:55Z</time>
			</trkpt>
			<trkpt lat="48.077263" lon="-121.105698">
				<ele>2221.671875</ele>
				<time>2026-07-18T20:02:08Z</time>
			</trkpt>
			<trkpt lat="48.077221" lon="-121.105667">
				<ele>2221.428955</ele>
				<time>2026-07-18T20:02:12Z</time>
			</trkpt>
			<trkpt lat="48.077183" lon="-121.105629">
				<ele>2221.752686</ele>
				<time>2026-07-18T20:02:16Z</time>
			</trkpt>
			<trkpt lat="48.077103" lon="-121.10553">
				<ele>2221.409668</ele>
				<time>2026-07-18T20:02:24Z</time>
			</trkpt>
			<trkpt lat="48.077015" lon="-121.105476">
				<ele>2222.331055</ele>
				<time>2026-07-18T20:02:32Z</time>
			</trkpt>
			<trkpt lat="48.076923" lon="-121.105385">
				<ele>2221.233643</ele>
				<time>2026-07-18T20:02:41Z</time>
			</trkpt>
			<trkpt lat="48.076878" lon="-121.105354">
				<ele>2221.562256</ele>
				<time>2026-07-18T20:02:45Z</time>
			</trkpt>
			<trkpt lat="48.076832" lon="-121.105331">
				<ele>2221.430176</ele>
				<time>2026-07-18T20:02:49Z</time>
			</trkpt>
			<trkpt lat="48.076672" lon="-121.105179">
				<ele>2218.942627</ele>
				<time>2026-07-18T20:03:04Z</time>
			</trkpt>
			<trkpt lat="48.076626" lon="-121.105141">
				<ele>2219.679932</ele>
				<time>2026-07-18T20:03:08Z</time>
			</trkpt>
			<trkpt lat="48.07655" lon="-121.105049">
				<ele>2217.718018</ele>
				<time>2026-07-18T20:03:16Z</time>
			</trkpt>
			<trkpt lat="48.076504" lon="-121.105019">
				<ele>2218.384033</ele>
				<time>2026-07-18T20:03:20Z</time>
			</trkpt>
			<trkpt lat="48.076458" lon="-121.10498">
				<ele>2219.5</ele>
				<time>2026-07-18T20:03:26Z</time>
			</trkpt>
			<trkpt lat="48.076424" lon="-121.105103">
				<ele>2220.701172</ele>
				<time>2026-07-18T20:19:51Z</time>
			</trkpt>
			<trkpt lat="48.076405" lon="-121.105164">
				<ele>2220.104492</ele>
				<time>2026-07-18T20:19:56Z</time>
			</trkpt>
			<trkpt lat="48.076359" lon="-121.105209">
				<ele>2220.238281</ele>
				<time>2026-07-18T20:20:01Z</time>
			</trkpt>
			<trkpt lat="48.076275" lon="-121.10527">
				<ele>2218.416016</ele>
				<time>2026-07-18T20:20:09Z</time>
			</trkpt>
			<trkpt lat="48.076229" lon="-121.105309">
				<ele>2218.532227</ele>
				<time>2026-07-18T20:20:14Z</time>
			</trkpt>
			<trkpt lat="48.076199" lon="-121.105362">
				<ele>2217.782471</ele>
				<time>2026-07-18T20:20:18Z</time>
			</trkpt>
			<trkpt lat="48.076157" lon="-121.105392">
				<ele>2218.052734</ele>
				<time>2026-07-18T20:20:22Z</time>
			</trkpt>
			<trkpt lat="48.076065" lon="-121.105469">
				<ele>2216.51001</ele>
				<time>2026-07-18T20:20:30Z</time>
			</trkpt>
			<trkpt lat="48.076015" lon="-121.105507">
				<ele>2216.712402</ele>
				<time>2026-07-18T20:20:34Z</time>
			</trkpt>
			<trkpt lat="48.075977" lon="-121.105537">
				<ele>2216.612549</ele>
				<time>2026-07-18T20:20:38Z</time>
			</trkpt>
			<trkpt lat="48.075787" lon="-121.105774">
				<ele>2211.705566</ele>
				<time>2026-07-18T20:20:57Z</time>
			</trkpt>
			<trkpt lat="48.075756" lon="-121.10582">
				<ele>2212.597168</ele>
				<time>2026-07-18T20:21:00Z</time>
			</trkpt>
			<trkpt lat="48.075668" lon="-121.105881">
				<ele>2209.604492</ele>
				<time>2026-07-18T20:21:07Z</time>
			</trkpt>
			<trkpt lat="48.075642" lon="-121.106087">
				<ele>2207.282227</ele>
				<time>2026-07-18T20:21:19Z</time>
			</trkpt>
			<trkpt lat="48.075512" lon="-121.106262">
				<ele>2200.302246</ele>
				<time>2026-07-18T20:21:46Z</time>
			</trkpt>
			<trkpt lat="48.07547" lon="-121.106308">
				<ele>2199.940186</ele>
				<time>2026-07-18T20:21:50Z</time>
			</trkpt>
			<trkpt lat="48.075424" lon="-121.106331">
				<ele>2200.955322</ele>
				<time>2026-07-18T20:21:53Z</time>
			</trkpt>
			<trkpt lat="48.075336" lon="-121.106506">
				<ele>2198.399902</ele>
				<time>2026-07-18T20:22:04Z</time>
			</trkpt>
			<trkpt lat="48.074966" lon="-121.106903">
				<ele>2183.661865</ele>
				<time>2026-07-18T20:23:28Z</time>
			</trkpt>
			<trkpt lat="48.074951" lon="-121.107071">
				<ele>2174.886475</ele>
				<time>2026-07-18T20:24:20Z</time>
			</trkpt>
			<trkpt lat="48.074894" lon="-121.107178">
				<ele>2172.714355</ele>
				<time>2026-07-18T20:24:37Z</time>
			</trkpt>
			<trkpt lat="48.074608" lon="-121.107712">
				<ele>2165.950684</ele>
				<time>2026-07-18T20:25:27Z</time>
			</trkpt>
			<trkpt lat="48.074577" lon="-121.107773">
				<ele>2166.190674</ele>
				<time>2026-07-18T20:25:32Z</time>
			</trkpt>
			<trkpt lat="48.074543" lon="-121.107826">
				<ele>2166.164795</ele>
				<time>2026-07-18T20:25:37Z</time>
			</trkpt>
			<trkpt lat="48.074444" lon="-121.107964">
				<ele>2163.929932</ele>
				<time>2026-07-18T20:25:52Z</time>
			</trkpt>
			<trkpt lat="48.074348" lon="-121.108124">
				<ele>2163.262939</ele>
				<time>2026-07-18T20:26:10Z</time>
			</trkpt>
			<trkpt lat="48.074295" lon="-121.108231">
				<ele>2162.258057</ele>
				<time>2026-07-18T20:26:25Z</time>
			</trkpt>
			<trkpt lat="48.074268" lon="-121.108284">
				<ele>2162.40625</ele>
				<time>2026-07-18T20:26:31Z</time>
			</trkpt>
			<trkpt lat="48.0741" lon="-121.108597">
				<ele>2157.351563</ele>
				<time>2026-07-18T20:27:08Z</time>
			</trkpt>
			<trkpt lat="48.074055" lon="-121.108635">
				<ele>2157.633301</ele>
				<time>2026-07-18T20:27:14Z</time>
			</trkpt>
			<trkpt lat="48.073895" lon="-121.108879">
				<ele>2155.272949</ele>
				<time>2026-07-18T20:27:41Z</time>
			</trkpt>
			<trkpt lat="48.073872" lon="-121.10894">
				<ele>2155.408691</ele>
				<time>2026-07-18T20:27:47Z</time>
			</trkpt>
			<trkpt lat="48.073818" lon="-121.109039">
				<ele>2153.990967</ele>
				<time>2026-07-18T20:27:57Z</time>
			</trkpt>
			<trkpt lat="48.073765" lon="-121.109146">
				<ele>2154.718018</ele>
				<time>2026-07-18T20:28:07Z</time>
			</trkpt>
			<trkpt lat="48.073738" lon="-121.1092">
				<ele>2154.337402</ele>
				<time>2026-07-18T20:28:13Z</time>
			</trkpt>
			<trkpt lat="48.073711" lon="-121.109261">
				<ele>2154.441162</ele>
				<time>2026-07-18T20:28:20Z</time>
			</trkpt>
			<trkpt lat="48.073681" lon="-121.109306">
				<ele>2154.27417</ele>
				<time>2026-07-18T20:28:26Z</time>
			</trkpt>
			<trkpt lat="48.073666" lon="-121.109375">
				<ele>2155.179932</ele>
				<time>2026-07-18T20:28:32Z</time>
			</trkpt>
			<trkpt lat="48.073639" lon="-121.109436">
				<ele>2154.468994</ele>
				<time>2026-07-18T20:28:39Z</time>
			</trkpt>
			<trkpt lat="48.07354" lon="-121.109665">
				<ele>2157.395264</ele>
				<time>2026-07-18T20:29:03Z</time>
			</trkpt>
			<trkpt lat="48.073475" lon="-121.109756">
				<ele>2156.424072</ele>
				<time>2026-07-18T20:29:16Z</time>
			</trkpt>
			<trkpt lat="48.073395" lon="-121.109993">
				<ele>2157.737549</ele>
				<time>2026-07-18T20:30:34Z</time>
			</trkpt>
			<trkpt lat="48.073349" lon="-121.110184">
				<ele>2156.710693</ele>
				<time>2026-07-18T20:30:51Z</time>
			</trkpt>
			<trkpt lat="48.073318" lon="-121.110245">
				<ele>2157.120117</ele>
				<time>2026-07-18T20:30:57Z</time>
			</trkpt>
			<trkpt lat="48.073261" lon="-121.110359">
				<ele>2155.613281</ele>
				<time>2026-07-18T20:31:08Z</time>
			</trkpt>
			<trkpt lat="48.0732" lon="-121.110519">
				<ele>2157.376465</ele>
				<time>2026-07-18T20:31:29Z</time>
			</trkpt>
			<trkpt lat="48.073174" lon="-121.11058">
				<ele>2157.405273</ele>
				<time>2026-07-18T20:31:35Z</time>
			</trkpt>
			<trkpt lat="48.073101" lon="-121.110764">
				<ele>2154.758057</ele>
				<time>2026-07-18T20:31:53Z</time>
			</trkpt>
			<trkpt lat="48.073051" lon="-121.110878">
				<ele>2153.764404</ele>
				<time>2026-07-18T20:32:04Z</time>
			</trkpt>
			<trkpt lat="48.073048" lon="-121.110947">
				<ele>2153.844238</ele>
				<time>2026-07-18T20:32:10Z</time>
			</trkpt>
			<trkpt lat="48.073048" lon="-121.111023">
				<ele>2152.715576</ele>
				<time>2026-07-18T20:32:57Z</time>
			</trkpt>
			<trkpt lat="48.073025" lon="-121.111084">
				<ele>2153.074707</ele>
				<time>2026-07-18T20:33:02Z</time>
			</trkpt>
			<trkpt lat="48.072937" lon="-121.111259">
				<ele>2152.577637</ele>
				<time>2026-07-18T20:33:19Z</time>
			</trkpt>
			<trkpt lat="48.07288" lon="-121.111366">
				<ele>2153.529785</ele>
				<time>2026-07-18T20:33:32Z</time>
			</trkpt>
			<trkpt lat="48.072849" lon="-121.111412">
				<ele>2152.998047</ele>
				<time>2026-07-18T20:33:38Z</time>
			</trkpt>
			<trkpt lat="48.072826" lon="-121.111465">
				<ele>2153.97998</ele>
				<time>2026-07-18T20:33:45Z</time>
			</trkpt>
			<trkpt lat="48.072792" lon="-121.111519">
				<ele>2153.809814</ele>
				<time>2026-07-18T20:33:51Z</time>
			</trkpt>
			<trkpt lat="48.072758" lon="-121.111565">
				<ele>2153.961182</ele>
				<time>2026-07-18T20:33:57Z</time>
			</trkpt>
			<trkpt lat="48.072674" lon="-121.111725">
				<ele>2155.600342</ele>
				<time>2026-07-18T20:34:15Z</time>
			</trkpt>
			<trkpt lat="48.072609" lon="-121.111824">
				<ele>2153.9104</ele>
				<time>2026-07-18T20:34:26Z</time>
			</trkpt>
			<trkpt lat="48.072578" lon="-121.111877">
				<ele>2154.543457</ele>
				<time>2026-07-18T20:34:32Z</time>
			</trkpt>
			<trkpt lat="48.072521" lon="-121.111992">
				<ele>2154.382568</ele>
				<time>2026-07-18T20:34:43Z</time>
			</trkpt>
			<trkpt lat="48.072491" lon="-121.112038">
				<ele>2155.188965</ele>
				<time>2026-07-18T20:34:48Z</time>
			</trkpt>
			<trkpt lat="48.07243" lon="-121.112152">
				<ele>2153.517822</ele>
				<time>2026-07-18T20:34:59Z</time>
			</trkpt>
			<trkpt lat="48.072369" lon="-121.112251">
				<ele>2153.368408</ele>
				<time>2026-07-18T20:35:09Z</time>
			</trkpt>
			<trkpt lat="48.07214" lon="-121.112473">
				<ele>2155.400146</ele>
				<time>2026-07-18T20:35:40Z</time>
			</trkpt>
			<trkpt lat="48.072079" lon="-121.112579">
				<ele>2153.585938</ele>
				<time>2026-07-18T20:35:55Z</time>
			</trkpt>
			<trkpt lat="48.072037" lon="-121.112625">
				<ele>2154.680176</ele>
				<time>2026-07-18T20:36:02Z</time>
			</trkpt>
			<trkpt lat="48.072006" lon="-121.112679">
				<ele>2154.762939</ele>
				<time>2026-07-18T20:36:08Z</time>
			</trkpt>
			<trkpt lat="48.071976" lon="-121.112724">
				<ele>2154.677734</ele>
				<time>2026-07-18T20:36:13Z</time>
			</trkpt>
			<trkpt lat="48.071934" lon="-121.11277">
				<ele>2155.207031</ele>
				<time>2026-07-18T20:36:18Z</time>
			</trkpt>
			<trkpt lat="48.071762" lon="-121.113037">
				<ele>2153.398193</ele>
				<time>2026-07-18T20:36:46Z</time>
			</trkpt>
			<trkpt lat="48.071712" lon="-121.113152">
				<ele>2154.138184</ele>
				<time>2026-07-18T20:36:57Z</time>
			</trkpt>
			<trkpt lat="48.071693" lon="-121.113213">
				<ele>2152.878906</ele>
				<time>2026-07-18T20:37:03Z</time>
			</trkpt>
			<trkpt lat="48.071671" lon="-121.113274">
				<ele>2153.514404</ele>
				<time>2026-07-18T20:37:09Z</time>
			</trkpt>
			<trkpt lat="48.071613" lon="-121.113464">
				<ele>2151.177246</ele>
				<time>2026-07-18T20:37:27Z</time>
			</trkpt>
			<trkpt lat="48.071484" lon="-121.113853">
				<ele>2149.388672</ele>
				<time>2026-07-18T20:38:03Z</time>
			</trkpt>
			<trkpt lat="48.071262" lon="-121.114098">
				<ele>2144.942139</ele>
				<time>2026-07-18T20:38:40Z</time>
			</trkpt>
			<trkpt lat="48.071167" lon="-121.114235">
				<ele>2141.693115</ele>
				<time>2026-07-18T20:39:19Z</time>
			</trkpt>
			<trkpt lat="48.071201" lon="-121.114578">
				<ele>2128.645508</ele>
				<time>2026-07-18T20:41:22Z</time>
			</trkpt>
			<trkpt lat="48.070911" lon="-121.11515">
				<ele>2108.760254</ele>
				<time>2026-07-18T20:43:17Z</time>
			</trkpt>
			<trkpt lat="48.070744" lon="-121.115349">
				<ele>2096.044922</ele>
				<time>2026-07-18T20:44:24Z</time>
			</trkpt>
			<trkpt lat="48.070606" lon="-121.115364">
				<ele>2093.664307</ele>
				<time>2026-07-18T20:44:51Z</time>
			</trkpt>
			<trkpt lat="48.07056" lon="-121.115379">
				<ele>2094.529541</ele>
				<time>2026-07-18T20:45:06Z</time>
			</trkpt>
			<trkpt lat="48.070366" lon="-121.115318">
				<ele>2086.025146</ele>
				<time>2026-07-18T20:45:59Z</time>
			</trkpt>
			<trkpt lat="48.070221" lon="-121.115471">
				<ele>2074.280762</ele>
				<time>2026-07-18T20:47:34Z</time>
			</trkpt>
			<trkpt lat="48.070183" lon="-121.115723">
				<ele>2063.602051</ele>
				<time>2026-07-18T20:48:12Z</time>
			</trkpt>
			<trkpt lat="48.069996" lon="-121.115616">
				<ele>2051.529297</ele>
				<time>2026-07-18T20:49:19Z</time>
			</trkpt>
			<trkpt lat="48.06995" lon="-121.115578">
				<ele>2051.799561</ele>
				<time>2026-07-18T20:49:25Z</time>
			</trkpt>
			<trkpt lat="48.069904" lon="-121.115562">
				<ele>2051.420898</ele>
				<time>2026-07-18T20:49:30Z</time>
			</trkpt>
			<trkpt lat="48.069839" lon="-121.115555">
				<ele>2051.980713</ele>
				<time>2026-07-18T20:52:56Z</time>
			</trkpt>
			<trkpt lat="48.069748" lon="-121.115532">
				<ele>2050.754639</ele>
				<time>2026-07-18T20:53:12Z</time>
			</trkpt>
			<trkpt lat="48.069702" lon="-121.115562">
				<ele>2051.046631</ele>
				<time>2026-07-18T20:53:17Z</time>
			</trkpt>
			<trkpt lat="48.069607" lon="-121.115562">
				<ele>2048.641113</ele>
				<time>2026-07-18T20:53:36Z</time>
			</trkpt>
			<trkpt lat="48.069553" lon="-121.115456">
				<ele>2047.319214</ele>
				<time>2026-07-18T20:53:49Z</time>
			</trkpt>
			<trkpt lat="48.069458" lon="-121.115479">
				<ele>2046.951294</ele>
				<time>2026-07-18T20:53:57Z</time>
			</trkpt>
			<trkpt lat="48.069408" lon="-121.115494">
				<ele>2047.02124</ele>
				<time>2026-07-18T20:54:02Z</time>
			</trkpt>
			<trkpt lat="48.069138" lon="-121.115585">
				<ele>2040.92981</ele>
				<time>2026-07-18T20:54:28Z</time>
			</trkpt>
			<trkpt lat="48.068905" lon="-121.115578">
				<ele>2033.722168</ele>
				<time>2026-07-18T20:54:48Z</time>
			</trkpt>
			<trkpt lat="48.06855" lon="-121.115524">
				<ele>2029.375488</ele>
				<time>2026-07-18T20:55:38Z</time>
			</trkpt>
			<trkpt lat="48.068504" lon="-121.115532">
				<ele>2030.18689</ele>
				<time>2026-07-18T20:55:43Z</time>
			</trkpt>
			<trkpt lat="48.068455" lon="-121.11554">
				<ele>2029.45105</ele>
				<time>2026-07-18T20:55:48Z</time>
			</trkpt>
			<trkpt lat="48.06834" lon="-121.115608">
				<ele>2031.665771</ele>
				<time>2026-07-18T20:56:10Z</time>
			</trkpt>
			<trkpt lat="48.068249" lon="-121.115616">
				<ele>2030.408691</ele>
				<time>2026-07-18T20:56:27Z</time>
			</trkpt>
			<trkpt lat="48.06813" lon="-121.115646">
				<ele>2031.689453</ele>
				<time>2026-07-18T20:56:48Z</time>
			</trkpt>
			<trkpt lat="48.068111" lon="-121.1157">
				<ele>2031.076782</ele>
				<time>2026-07-18T20:57:03Z</time>
			</trkpt>
			<trkpt lat="48.068073" lon="-121.115738">
				<ele>2032.910156</ele>
				<time>2026-07-18T20:57:33Z</time>
			</trkpt>
			<trkpt lat="48.068035" lon="-121.115868">
				<ele>2030.826416</ele>
				<time>2026-07-18T20:58:05Z</time>
			</trkpt>
			<trkpt lat="48.067963" lon="-121.115944">
				<ele>2033.845337</ele>
				<time>2026-07-18T20:58:21Z</time>
			</trkpt>
			<trkpt lat="48.06789" lon="-121.116196">
				<ele>2035.728149</ele>
				<time>2026-07-18T20:58:48Z</time>
			</trkpt>
			<trkpt lat="48.067757" lon="-121.116379">
				<ele>2039.028198</ele>
				<time>2026-07-18T20:59:18Z</time>
			</trkpt>
			<trkpt lat="48.067715" lon="-121.116432">
				<ele>2037.388672</ele>
				<time>2026-07-18T20:59:25Z</time>
			</trkpt>
			<trkpt lat="48.067635" lon="-121.116524">
				<ele>2038.024292</ele>
				<time>2026-07-18T20:59:38Z</time>
			</trkpt>
			<trkpt lat="48.067581" lon="-121.116646">
				<ele>2036.460327</ele>
				<time>2026-07-18T21:00:03Z</time>
			</trkpt>
			<trkpt lat="48.067551" lon="-121.116684">
				<ele>2037.022461</ele>
				<time>2026-07-18T21:00:09Z</time>
			</trkpt>
			<trkpt lat="48.06752" lon="-121.116745">
				<ele>2035.689575</ele>
				<time>2026-07-18T21:00:20Z</time>
			</trkpt>
			<trkpt lat="48.067287" lon="-121.116936">
				<ele>2043.045532</ele>
				<time>2026-07-18T21:01:25Z</time>
			</trkpt>
			<trkpt lat="48.067242" lon="-121.117058">
				<ele>2040.625</ele>
				<time>2026-07-18T21:01:41Z</time>
			</trkpt>
			<trkpt lat="48.067169" lon="-121.117142">
				<ele>2041.075073</ele>
				<time>2026-07-18T21:01:54Z</time>
			</trkpt>
			<trkpt lat="48.066967" lon="-121.117279">
				<ele>2045.140747</ele>
				<time>2026-07-18T21:02:29Z</time>
			</trkpt>
			<trkpt lat="48.066788" lon="-121.117363">
				<ele>2043.182861</ele>
				<time>2026-07-18T21:03:03Z</time>
			</trkpt>
			<trkpt lat="48.066696" lon="-121.117393">
				<ele>2044.24707</ele>
				<time>2026-07-18T21:03:14Z</time>
			</trkpt>
			<trkpt lat="48.066608" lon="-121.117416">
				<ele>2041.802246</ele>
				<time>2026-07-18T21:03:27Z</time>
			</trkpt>
			<trkpt lat="48.066566" lon="-121.117432">
				<ele>2042.336182</ele>
				<time>2026-07-18T21:03:32Z</time>
			</trkpt>
			<trkpt lat="48.066433" lon="-121.117447">
				<ele>2041.45105</ele>
				<time>2026-07-18T21:03:48Z</time>
			</trkpt>
			<trkpt lat="48.066296" lon="-121.117447">
				<ele>2043.132813</ele>
				<time>2026-07-18T21:04:08Z</time>
			</trkpt>
			<trkpt lat="48.066162" lon="-121.117439">
				<ele>2041.952393</ele>
				<time>2026-07-18T21:04:30Z</time>
			</trkpt>
			<trkpt lat="48.066029" lon="-121.117508">
				<ele>2046.353882</ele>
				<time>2026-07-18T21:04:59Z</time>
			</trkpt>
			<trkpt lat="48.065861" lon="-121.11763">
				<ele>2047.716187</ele>
				<time>2026-07-18T21:05:28Z</time>
			</trkpt>
			<trkpt lat="48.065685" lon="-121.117821">
				<ele>2042.589722</ele>
				<time>2026-07-18T21:06:18Z</time>
			</trkpt>
			<trkpt lat="48.065544" lon="-121.11808">
				<ele>2039.092773</ele>
				<time>2026-07-18T21:06:50Z</time>
			</trkpt>
			<trkpt lat="48.065502" lon="-121.118088">
				<ele>2039.355225</ele>
				<time>2026-07-18T21:06:56Z</time>
			</trkpt>
			<trkpt lat="48.065376" lon="-121.118126">
				<ele>2036.10376</ele>
				<time>2026-07-18T21:07:23Z</time>
			</trkpt>
			<trkpt lat="48.065342" lon="-121.118172">
				<ele>2036.440552</ele>
				<time>2026-07-18T21:07:28Z</time>
			</trkpt>
			<trkpt lat="48.065304" lon="-121.11821">
				<ele>2035.835083</ele>
				<time>2026-07-18T21:07:34Z</time>
			</trkpt>
			<trkpt lat="48.065266" lon="-121.118248">
				<ele>2036.912231</ele>
				<time>2026-07-18T21:07:39Z</time>
			</trkpt>
			<trkpt lat="48.065235" lon="-121.118294">
				<ele>2035.533081</ele>
				<time>2026-07-18T21:07:44Z</time>
			</trkpt>
			<trkpt lat="48.065193" lon="-121.118317">
				<ele>2035.643677</ele>
				<time>2026-07-18T21:07:51Z</time>
			</trkpt>
			<trkpt lat="48.065056" lon="-121.118347">
				<ele>2034.479492</ele>
				<time>2026-07-18T21:08:17Z</time>
			</trkpt>
			<trkpt lat="48.064838" lon="-121.118416">
				<ele>2026.875488</ele>
				<time>2026-07-18T21:09:05Z</time>
			</trkpt>
			<trkpt lat="48.064697" lon="-121.118446">
				<ele>2024.779907</ele>
				<time>2026-07-18T21:09:24Z</time>
			</trkpt>
			<trkpt lat="48.064434" lon="-121.118576">
				<ele>2028.518311</ele>
				<time>2026-07-18T21:10:01Z</time>
			</trkpt>
			<trkpt lat="48.064297" lon="-121.118637">
				<ele>2023.718872</ele>
				<time>2026-07-18T21:10:23Z</time>
			</trkpt>
			<trkpt lat="48.064217" lon="-121.118729">
				<ele>2022.343262</ele>
				<time>2026-07-18T21:10:36Z</time>
			</trkpt>
			<trkpt lat="48.064171" lon="-121.118752">
				<ele>2022.206665</ele>
				<time>2026-07-18T21:10:43Z</time>
			</trkpt>
			<trkpt lat="48.064083" lon="-121.118797">
				<ele>2025.016968</ele>
				<time>2026-07-18T21:11:01Z</time>
			</trkpt>
			<trkpt lat="48.064041" lon="-121.118843">
				<ele>2024.003296</ele>
				<time>2026-07-18T21:11:07Z</time>
			</trkpt>
			<trkpt lat="48.063961" lon="-121.118904">
				<ele>2024.0896</ele>
				<time>2026-07-18T21:11:19Z</time>
			</trkpt>
			<trkpt lat="48.063889" lon="-121.118973">
				<ele>2022.396851</ele>
				<time>2026-07-18T21:11:35Z</time>
			</trkpt>
			<trkpt lat="48.06385" lon="-121.118996">
				<ele>2022.23877</ele>
				<time>2026-07-18T21:11:42Z</time>
			</trkpt>
			<trkpt lat="48.063805" lon="-121.119026">
				<ele>2022.265015</ele>
				<time>2026-07-18T21:11:47Z</time>
			</trkpt>
			<trkpt lat="48.063759" lon="-121.119034">
				<ele>2022.201904</ele>
				<time>2026-07-18T21:11:51Z</time>
			</trkpt>
			<trkpt lat="48.063717" lon="-121.119064">
				<ele>2023.365479</ele>
				<time>2026-07-18T21:11:57Z</time>
			</trkpt>
			<trkpt lat="48.063625" lon="-121.119095">
				<ele>2021.468384</ele>
				<time>2026-07-18T21:12:06Z</time>
			</trkpt>
			<trkpt lat="48.063503" lon="-121.118965">
				<ele>2019.556763</ele>
				<time>2026-07-18T21:12:23Z</time>
			</trkpt>
			<trkpt lat="48.063454" lon="-121.118958">
				<ele>2019.601929</ele>
				<time>2026-07-18T21:12:29Z</time>
			</trkpt>
			<trkpt lat="48.063412" lon="-121.119003">
				<ele>2019.444946</ele>
				<time>2026-07-18T21:12:36Z</time>
			</trkpt>
			<trkpt lat="48.063251" lon="-121.119141">
				<ele>2020.973877</ele>
				<time>2026-07-18T21:13:03Z</time>
			</trkpt>
			<trkpt lat="48.063225" lon="-121.119202">
				<ele>2020.946411</ele>
				<time>2026-07-18T21:13:09Z</time>
			</trkpt>
			<trkpt lat="48.063183" lon="-121.119247">
				<ele>2020.003662</ele>
				<time>2026-07-18T21:13:16Z</time>
			</trkpt>
			<trkpt lat="48.063141" lon="-121.11927">
				<ele>2021.566528</ele>
				<time>2026-07-18T21:13:22Z</time>
			</trkpt>
			<trkpt lat="48.062962" lon="-121.119339">
				<ele>2020.065186</ele>
				<time>2026-07-18T21:13:50Z</time>
			</trkpt>
			<trkpt lat="48.062904" lon="-121.119598">
				<ele>2018.862915</ele>
				<time>2026-07-18T21:14:15Z</time>
			</trkpt>
			<trkpt lat="48.062862" lon="-121.119637">
				<ele>2019.876465</ele>
				<time>2026-07-18T21:14:22Z</time>
			</trkpt>
			<trkpt lat="48.062828" lon="-121.11969">
				<ele>2018.994263</ele>
				<time>2026-07-18T21:14:28Z</time>
			</trkpt>
			<trkpt lat="48.062794" lon="-121.119743">
				<ele>2021.045532</ele>
				<time>2026-07-18T21:14:35Z</time>
			</trkpt>
			<trkpt lat="48.062672" lon="-121.119957">
				<ele>2023.112061</ele>
				<time>2026-07-18T21:15:05Z</time>
			</trkpt>
			<trkpt lat="48.062592" lon="-121.120018">
				<ele>2021.584717</ele>
				<time>2026-07-18T21:15:17Z</time>
			</trkpt>
			<trkpt lat="48.062572" lon="-121.120094">
				<ele>2021.776367</ele>
				<time>2026-07-18T21:15:23Z</time>
			</trkpt>
			<trkpt lat="48.062538" lon="-121.120132">
				<ele>2020.321167</ele>
				<time>2026-07-18T21:15:29Z</time>
			</trkpt>
			<trkpt lat="48.062485" lon="-121.120323">
				<ele>2020.865723</ele>
				<time>2026-07-18T21:15:45Z</time>
			</trkpt>
			<trkpt lat="48.06229" lon="-121.120537">
				<ele>2019.505737</ele>
				<time>2026-07-18T21:16:13Z</time>
			</trkpt>
			<trkpt lat="48.06226" lon="-121.120583">
				<ele>2019.515991</ele>
				<time>2026-07-18T21:16:19Z</time>
			</trkpt>
			<trkpt lat="48.062176" lon="-121.12059">
				<ele>2018.107056</ele>
				<time>2026-07-18T21:16:34Z</time>
			</trkpt>
			<trkpt lat="48.062134" lon="-121.120628">
				<ele>2017.931396</ele>
				<time>2026-07-18T21:16:43Z</time>
			</trkpt>
			<trkpt lat="48.061974" lon="-121.120743">
				<ele>2020.027588</ele>
				<time>2026-07-18T21:17:12Z</time>
			</trkpt>
			<trkpt lat="48.061928" lon="-121.120735">
				<ele>2018.905518</ele>
				<time>2026-07-18T21:17:18Z</time>
			</trkpt>
			<trkpt lat="48.061878" lon="-121.120743">
				<ele>2019.044189</ele>
				<time>2026-07-18T21:17:26Z</time>
			</trkpt>
			<trkpt lat="48.061825" lon="-121.12075">
				<ele>2018.888062</ele>
				<time>2026-07-18T21:17:31Z</time>
			</trkpt>
			<trkpt lat="48.061779" lon="-121.120758">
				<ele>2019.036621</ele>
				<time>2026-07-18T21:17:36Z</time>
			</trkpt>
			<trkpt lat="48.061741" lon="-121.12072">
				<ele>2018.974243</ele>
				<time>2026-07-18T21:17:40Z</time>
			</trkpt>
			<trkpt lat="48.061695" lon="-121.120728">
				<ele>2018.435791</ele>
				<time>2026-07-18T21:17:45Z</time>
			</trkpt>
			<trkpt lat="48.061646" lon="-121.120735">
				<ele>2019.079346</ele>
				<time>2026-07-18T21:17:50Z</time>
			</trkpt>
			<trkpt lat="48.061474" lon="-121.120827">
				<ele>2017.378662</ele>
				<time>2026-07-18T21:18:13Z</time>
			</trkpt>
			<trkpt lat="48.061428" lon="-121.120827">
				<ele>2017.981201</ele>
				<time>2026-07-18T21:18:22Z</time>
			</trkpt>
			<trkpt lat="48.061333" lon="-121.120789">
				<ele>2017.810791</ele>
				<time>2026-07-18T21:18:33Z</time>
			</trkpt>
			<trkpt lat="48.061253" lon="-121.120811">
				<ele>2020.952759</ele>
				<time>2026-07-18T21:18:48Z</time>
			</trkpt>
			<trkpt lat="48.061207" lon="-121.120842">
				<ele>2020.878418</ele>
				<time>2026-07-18T21:18:56Z</time>
			</trkpt>
			<trkpt lat="48.060886" lon="-121.120979">
				<ele>2026.223022</ele>
				<time>2026-07-18T21:19:48Z</time>
			</trkpt>
			<trkpt lat="48.060818" lon="-121.121078">
				<ele>2027.559448</ele>
				<time>2026-07-18T21:20:00Z</time>
			</trkpt>
			<trkpt lat="48.060776" lon="-121.121117">
				<ele>2026.308472</ele>
				<time>2026-07-18T21:20:07Z</time>
			</trkpt>
			<trkpt lat="48.060741" lon="-121.12117">
				<ele>2028.2052</ele>
				<time>2026-07-18T21:20:15Z</time>
			</trkpt>
			<trkpt lat="48.060692" lon="-121.121193">
				<ele>2026.960205</ele>
				<time>2026-07-18T21:20:21Z</time>
			</trkpt>
			<trkpt lat="48.060619" lon="-121.121284">
				<ele>2027.856201</ele>
				<time>2026-07-18T21:20:35Z</time>
			</trkpt>
			<trkpt lat="48.060379" lon="-121.121475">
				<ele>2032.140503</ele>
				<time>2026-07-18T21:21:21Z</time>
			</trkpt>
			<trkpt lat="48.06031" lon="-121.121574">
				<ele>2030.597778</ele>
				<time>2026-07-18T21:21:34Z</time>
			</trkpt>
			<trkpt lat="48.059929" lon="-121.121819">
				<ele>2036.705688</ele>
				<time>2026-07-18T21:22:38Z</time>
			</trkpt>
			<trkpt lat="48.059799" lon="-121.121902">
				<ele>2036.119385</ele>
				<time>2026-07-18T21:22:59Z</time>
			</trkpt>
			<trkpt lat="48.059761" lon="-121.121933">
				<ele>2036.831421</ele>
				<time>2026-07-18T21:23:05Z</time>
			</trkpt>
			<trkpt lat="48.059708" lon="-121.121948">
				<ele>2035.931519</ele>
				<time>2026-07-18T21:23:10Z</time>
			</trkpt>
			<trkpt lat="48.059589" lon="-121.12204">
				<ele>2036.56311</ele>
				<time>2026-07-18T21:23:29Z</time>
			</trkpt>
			<trkpt lat="48.059505" lon="-121.122108">
				<ele>2038.806763</ele>
				<time>2026-07-18T21:23:42Z</time>
			</trkpt>
			<trkpt lat="48.059475" lon="-121.122154">
				<ele>2038.158325</ele>
				<time>2026-07-18T21:23:48Z</time>
			</trkpt>
			<trkpt lat="48.059246" lon="-121.122368">
				<ele>2041.78125</ele>
				<time>2026-07-18T21:24:24Z</time>
			</trkpt>
			<trkpt lat="48.059208" lon="-121.122391">
				<ele>2041.478882</ele>
				<time>2026-07-18T21:24:30Z</time>
			</trkpt>
			<trkpt lat="48.059162" lon="-121.122421">
				<ele>2041.9646</ele>
				<time>2026-07-18T21:24:36Z</time>
			</trkpt>
			<trkpt lat="48.058952" lon="-121.122581">
				<ele>2040.420288</ele>
				<time>2026-07-18T21:25:05Z</time>
			</trkpt>
			<trkpt lat="48.058914" lon="-121.122612">
				<ele>2041.588867</ele>
				<time>2026-07-18T21:25:11Z</time>
			</trkpt>
			<trkpt lat="48.058872" lon="-121.12265">
				<ele>2041.391846</ele>
				<time>2026-07-18T21:25:17Z</time>
			</trkpt>
			<trkpt lat="48.05883" lon="-121.122681">
				<ele>2042.432007</ele>
				<time>2026-07-18T21:25:23Z</time>
			</trkpt>
			<trkpt lat="48.058704" lon="-121.122795">
				<ele>2042.929199</ele>
				<time>2026-07-18T21:25:40Z</time>
			</trkpt>
			<trkpt lat="48.058659" lon="-121.122826">
				<ele>2042.767822</ele>
				<time>2026-07-18T21:25:47Z</time>
			</trkpt>
			<trkpt lat="48.058609" lon="-121.122826">
				<ele>2043.627686</ele>
				<time>2026-07-18T21:25:52Z</time>
			</trkpt>
			<trkpt lat="48.058441" lon="-121.122925">
				<ele>2042.943604</ele>
				<time>2026-07-18T21:26:15Z</time>
			</trkpt>
			<trkpt lat="48.058407" lon="-121.122963">
				<ele>2043.431274</ele>
				<time>2026-07-18T21:26:20Z</time>
			</trkpt>
			<trkpt lat="48.058319" lon="-121.123039">
				<ele>2041.752686</ele>
				<time>2026-07-18T21:26:30Z</time>
			</trkpt>
			<trkpt lat="48.058239" lon="-121.123093">
				<ele>2042.832275</ele>
				<time>2026-07-18T21:26:41Z</time>
			</trkpt>
			<trkpt lat="48.058201" lon="-121.123138">
				<ele>2042.916016</ele>
				<time>2026-07-18T21:26:46Z</time>
			</trkpt>
			<trkpt lat="48.058159" lon="-121.123169">
				<ele>2042.295532</ele>
				<time>2026-07-18T21:26:51Z</time>
			</trkpt>
			<trkpt lat="48.058006" lon="-121.123489">
				<ele>2043.991577</ele>
				<time>2026-07-18T21:27:26Z</time>
			</trkpt>
			<trkpt lat="48.057934" lon="-121.123573">
				<ele>2041.806152</ele>
				<time>2026-07-18T21:27:38Z</time>
			</trkpt>
			<trkpt lat="48.057861" lon="-121.123711">
				<ele>2043.826294</ele>
				<time>2026-07-18T21:27:59Z</time>
			</trkpt>
			<trkpt lat="48.057858" lon="-121.123772">
				<ele>2043.141846</ele>
				<time>2026-07-18T21:35:52Z</time>
			</trkpt>
			<trkpt lat="48.057838" lon="-121.123711">
				<ele>2042.782593</ele>
				<time>2026-07-18T21:36:57Z</time>
			</trkpt>
			<trkpt lat="48.05785" lon="-121.123772">
				<ele>2045.325562</ele>
				<time>2026-07-18T21:48:11Z</time>
			</trkpt>
			<trkpt lat="48.057831" lon="-121.123711">
				<ele>2042.606323</ele>
				<time>2026-07-18T21:49:31Z</time>
			</trkpt>
			<trkpt lat="48.057842" lon="-121.123779">
				<ele>2045.388916</ele>
				<time>2026-07-18T21:51:38Z</time>
			</trkpt>
			<trkpt lat="48.057854" lon="-121.123711">
				<ele>2043.401123</ele>
				<time>2026-07-18T21:56:31Z</time>
			</trkpt>
			<trkpt lat="48.0578" lon="-121.12384">
				<ele>2042.44873</ele>
				<time>2026-07-18T21:59:40Z</time>
			</trkpt>
			<trkpt lat="48.057808" lon="-121.123779">
				<ele>2041.181274</ele>
				<time>2026-07-18T22:00:45Z</time>
			</trkpt>
			<trkpt lat="48.057842" lon="-121.123734">
				<ele>2043.795166</ele>
				<time>2026-07-18T22:00:53Z</time>
			</trkpt>
			<trkpt lat="48.057865" lon="-121.123672">
				<ele>2043.311646</ele>
				<time>2026-07-18T22:01:03Z</time>
			</trkpt>
			<trkpt lat="48.057724" lon="-121.123688">
				<ele>2041.010254</ele>
				<time>2026-07-18T22:01:33Z</time>
			</trkpt>
			<trkpt lat="48.057541" lon="-121.12365">
				<ele>2043.65918</ele>
				<time>2026-07-18T22:02:12Z</time>
			</trkpt>
			<trkpt lat="48.057461" lon="-121.123711">
				<ele>2041.612915</ele>
				<time>2026-07-18T22:02:31Z</time>
			</trkpt>
			<trkpt lat="48.057419" lon="-121.123726">
				<ele>2041.67688</ele>
				<time>2026-07-18T22:02:40Z</time>
			</trkpt>
			<trkpt lat="48.057343" lon="-121.123802">
				<ele>2041.053345</ele>
				<time>2026-07-18T22:02:59Z</time>
			</trkpt>
			<trkpt lat="48.057079" lon="-121.123917">
				<ele>2034.437134</ele>
				<time>2026-07-18T22:03:58Z</time>
			</trkpt>
			<trkpt lat="48.05695" lon="-121.124001">
				<ele>2036.14917</ele>
				<time>2026-07-18T22:04:27Z</time>
			</trkpt>
			<trkpt lat="48.056862" lon="-121.124062">
				<ele>2033.329346</ele>
				<time>2026-07-18T22:04:48Z</time>
			</trkpt>
			<trkpt lat="48.056782" lon="-121.124107">
				<ele>2033.483398</ele>
				<time>2026-07-18T22:05:06Z</time>
			</trkpt>
			<trkpt lat="48.056614" lon="-121.124207">
				<ele>2027.214844</ele>
				<time>2026-07-18T22:05:44Z</time>
			</trkpt>
			<trkpt lat="48.056492" lon="-121.124306">
				<ele>2028.733887</ele>
				<time>2026-07-18T22:06:14Z</time>
			</trkpt>
			<trkpt lat="48.05645" lon="-121.124336">
				<ele>2028.397583</ele>
				<time>2026-07-18T22:06:24Z</time>
			</trkpt>
			<trkpt lat="48.056404" lon="-121.124367">
				<ele>2028.534546</ele>
				<time>2026-07-18T22:06:34Z</time>
			</trkpt>
			<trkpt lat="48.056366" lon="-121.12439">
				<ele>2027.582153</ele>
				<time>2026-07-18T22:06:43Z</time>
			</trkpt>
			<trkpt lat="48.056282" lon="-121.124443">
				<ele>2027.825317</ele>
				<time>2026-07-18T22:07:03Z</time>
			</trkpt>
			<trkpt lat="48.056244" lon="-121.124474">
				<ele>2027.314331</ele>
				<time>2026-07-18T22:07:12Z</time>
			</trkpt>
			<trkpt lat="48.056198" lon="-121.124496">
				<ele>2027.481567</ele>
				<time>2026-07-18T22:07:22Z</time>
			</trkpt>
			<trkpt lat="48.055996" lon="-121.124641">
				<ele>2023.51416</ele>
				<time>2026-07-18T22:08:09Z</time>
			</trkpt>
			<trkpt lat="48.05595" lon="-121.124641">
				<ele>2024.251343</ele>
				<time>2026-07-18T22:08:19Z</time>
			</trkpt>
			<trkpt lat="48.05571" lon="-121.124825">
				<ele>2020.376099</ele>
				<time>2026-07-18T22:09:16Z</time>
			</trkpt>
			<trkpt lat="48.055676" lon="-121.124863">
				<ele>2020.700806</ele>
				<time>2026-07-18T22:09:25Z</time>
			</trkpt>
			<trkpt lat="48.05563" lon="-121.124878">
				<ele>2018.958984</ele>
				<time>2026-07-18T22:09:35Z</time>
			</trkpt>
			<trkpt lat="48.055588" lon="-121.124886">
				<ele>2019.180176</ele>
				<time>2026-07-18T22:09:44Z</time>
			</trkpt>
			<trkpt lat="48.055283" lon="-121.124969">
				<ele>2010.692749</ele>
				<time>2026-07-18T22:10:50Z</time>
			</trkpt>
			<trkpt lat="48.055233" lon="-121.124992">
				<ele>2010.816162</ele>
				<time>2026-07-18T22:11:01Z</time>
			</trkpt>
			<trkpt lat="48.055187" lon="-121.124985">
				<ele>2007.832031</ele>
				<time>2026-07-18T22:11:11Z</time>
			</trkpt>
			<trkpt lat="48.055012" lon="-121.125168">
				<ele>2002.155762</ele>
				<time>2026-07-18T22:11:56Z</time>
			</trkpt>
			<trkpt lat="48.054985" lon="-121.125298">
				<ele>1997.45752</ele>
				<time>2026-07-18T22:12:16Z</time>
			</trkpt>
			<trkpt lat="48.054909" lon="-121.125351">
				<ele>1996.922974</ele>
				<time>2026-07-18T22:12:33Z</time>
			</trkpt>
			<trkpt lat="48.054646" lon="-121.125282">
				<ele>1989.970947</ele>
				<time>2026-07-18T22:13:30Z</time>
			</trkpt>
			<trkpt lat="48.054459" lon="-121.125313">
				<ele>1982.899292</ele>
				<time>2026-07-18T22:14:10Z</time>
			</trkpt>
			<trkpt lat="48.054363" lon="-121.125496">
				<ele>1976.865845</ele>
				<time>2026-07-18T22:14:43Z</time>
			</trkpt>
			<trkpt lat="48.054321" lon="-121.125519">
				<ele>1977.859375</ele>
				<time>2026-07-18T22:14:52Z</time>
			</trkpt>
			<trkpt lat="48.054146" lon="-121.125809">
				<ele>1962.336426</ele>
				<time>2026-07-18T22:15:48Z</time>
			</trkpt>
			<trkpt lat="48.054108" lon="-121.125778">
				<ele>1964.890137</ele>
				<time>2026-07-18T22:15:57Z</time>
			</trkpt>
			<trkpt lat="48.054024" lon="-121.125679">
				<ele>1963.750977</ele>
				<time>2026-07-18T22:16:20Z</time>
			</trkpt>
			<trkpt lat="48.05389" lon="-121.125664">
				<ele>1957.273071</ele>
				<time>2026-07-18T22:16:48Z</time>
			</trkpt>
			<trkpt lat="48.053806" lon="-121.125641">
				<ele>1958.045044</ele>
				<time>2026-07-18T22:17:06Z</time>
			</trkpt>
			<trkpt lat="48.053768" lon="-121.12558">
				<ele>1956.968872</ele>
				<time>2026-07-18T22:17:18Z</time>
			</trkpt>
			<trkpt lat="48.053524" lon="-121.125618">
				<ele>1949.677734</ele>
				<time>2026-07-18T22:18:10Z</time>
			</trkpt>
			<trkpt lat="48.053318" lon="-121.125603">
				<ele>1947.558472</ele>
				<time>2026-07-18T22:18:54Z</time>
			</trkpt>
			<trkpt lat="48.053288" lon="-121.125549">
				<ele>1948.871216</ele>
				<time>2026-07-18T22:19:04Z</time>
			</trkpt>
			<trkpt lat="48.053238" lon="-121.125534">
				<ele>1948.668701</ele>
				<time>2026-07-18T22:19:15Z</time>
			</trkpt>
			<trkpt lat="48.053062" lon="-121.125534">
				<ele>1945.250244</ele>
				<time>2026-07-18T22:19:52Z</time>
			</trkpt>
			<trkpt lat="48.053032" lon="-121.125587">
				<ele>1946.477417</ele>
				<time>2026-07-18T22:20:02Z</time>
			</trkpt>
			<trkpt lat="48.052963" lon="-121.125671">
				<ele>1944.695801</ele>
				<time>2026-07-18T22:20:21Z</time>
			</trkpt>
			<trkpt lat="48.052841" lon="-121.125702">
				<ele>1946.34668</ele>
				<time>2026-07-18T22:20:47Z</time>
			</trkpt>
			<trkpt lat="48.052761" lon="-121.125671">
				<ele>1945.571045</ele>
				<time>2026-07-18T22:21:04Z</time>
			</trkpt>
			<trkpt lat="48.052711" lon="-121.12571">
				<ele>1945.923096</ele>
				<time>2026-07-18T22:21:16Z</time>
			</trkpt>
			<trkpt lat="48.052666" lon="-121.125717">
				<ele>1944.733398</ele>
				<time>2026-07-18T22:21:26Z</time>
			</trkpt>
			<trkpt lat="48.05262" lon="-121.125732">
				<ele>1946.093506</ele>
				<time>2026-07-18T22:21:36Z</time>
			</trkpt>
			<trkpt lat="48.052536" lon="-121.125755">
				<ele>1944.995605</ele>
				<time>2026-07-18T22:21:54Z</time>
			</trkpt>
			<trkpt lat="48.05249" lon="-121.125763">
				<ele>1945.898804</ele>
				<time>2026-07-18T22:22:04Z</time>
			</trkpt>
			<trkpt lat="48.052395" lon="-121.125771">
				<ele>1943.994263</ele>
				<time>2026-07-18T22:22:24Z</time>
			</trkpt>
			<trkpt lat="48.052307" lon="-121.125793">
				<ele>1947.17749</ele>
				<time>2026-07-18T22:22:43Z</time>
			</trkpt>
			<trkpt lat="48.052216" lon="-121.125824">
				<ele>1946.7677</ele>
				<time>2026-07-18T22:23:03Z</time>
			</trkpt>
			<trkpt lat="48.052174" lon="-121.125793">
				<ele>1947.346191</ele>
				<time>2026-07-18T22:23:13Z</time>
			</trkpt>
			<trkpt lat="48.052074" lon="-121.125778">
				<ele>1946.397583</ele>
				<time>2026-07-18T22:23:34Z</time>
			</trkpt>
			<trkpt lat="48.051746" lon="-121.125809">
				<ele>1949.722168</ele>
				<time>2026-07-18T22:24:44Z</time>
			</trkpt>
			<trkpt lat="48.051697" lon="-121.125824">
				<ele>1949.485718</ele>
				<time>2026-07-18T22:24:54Z</time>
			</trkpt>
			<trkpt lat="48.05138" lon="-121.125938">
				<ele>1955.155151</ele>
				<time>2026-07-18T22:26:03Z</time>
			</trkpt>
			<trkpt lat="48.051289" lon="-121.126007">
				<ele>1955.570801</ele>
				<time>2026-07-18T22:26:25Z</time>
			</trkpt>
			<trkpt lat="48.051182" lon="-121.126144">
				<ele>1958.937866</ele>
				<time>2026-07-18T22:26:55Z</time>
			</trkpt>
			<trkpt lat="48.051048" lon="-121.12616">
				<ele>1964.300659</ele>
				<time>2026-07-18T22:27:23Z</time>
			</trkpt>
			<trkpt lat="48.051006" lon="-121.12619">
				<ele>1963.546997</ele>
				<time>2026-07-18T22:27:33Z</time>
			</trkpt>
			<trkpt lat="48.050972" lon="-121.126228">
				<ele>1965.006104</ele>
				<time>2026-07-18T22:27:42Z</time>
			</trkpt>
			<trkpt lat="48.050945" lon="-121.126289">
				<ele>1964.922485</ele>
				<time>2026-07-18T22:27:53Z</time>
			</trkpt>
			<trkpt lat="48.05077" lon="-121.126297">
				<ele>1971.574585</ele>
				<time>2026-07-18T22:28:30Z</time>
			</trkpt>
			<trkpt lat="48.050526" lon="-121.126419">
				<ele>1976.272461</ele>
				<time>2026-07-18T22:29:24Z</time>
			</trkpt>
			<trkpt lat="48.050472" lon="-121.126419">
				<ele>1975.8479</ele>
				<time>2026-07-18T22:29:36Z</time>
			</trkpt>
			<trkpt lat="48.050274" lon="-121.126419">
				<ele>1985.819092</ele>
				<time>2026-07-18T22:30:18Z</time>
			</trkpt>
			<trkpt lat="48.050194" lon="-121.126472">
				<ele>1986.944092</ele>
				<time>2026-07-18T22:30:36Z</time>
			</trkpt>
			<trkpt lat="48.050098" lon="-121.12661">
				<ele>1986.333984</ele>
				<time>2026-07-18T22:31:05Z</time>
			</trkpt>
			<trkpt lat="48.050068" lon="-121.126663">
				<ele>1986.667358</ele>
				<time>2026-07-18T22:31:14Z</time>
			</trkpt>
			<trkpt lat="48.050026" lon="-121.126686">
				<ele>1988.943604</ele>
				<time>2026-07-18T22:31:24Z</time>
			</trkpt>
			<trkpt lat="48.049988" lon="-121.12674">
				<ele>1989.971558</ele>
				<time>2026-07-18T22:31:35Z</time>
			</trkpt>
			<trkpt lat="48.04995" lon="-121.126793">
				<ele>1989.052002</ele>
				<time>2026-07-18T22:31:46Z</time>
			</trkpt>
			<trkpt lat="48.049919" lon="-121.126839">
				<ele>1990.63501</ele>
				<time>2026-07-18T22:31:55Z</time>
			</trkpt>
			<trkpt lat="48.049877" lon="-121.126877">
				<ele>1990.488403</ele>
				<time>2026-07-18T22:32:06Z</time>
			</trkpt>
			<trkpt lat="48.04974" lon="-121.12693">
				<ele>1992.126831</ele>
				<time>2026-07-18T22:32:36Z</time>
			</trkpt>
			<trkpt lat="48.049702" lon="-121.126953">
				<ele>1994.572876</ele>
				<time>2026-07-18T22:32:44Z</time>
			</trkpt>
			<trkpt lat="48.049656" lon="-121.126923">
				<ele>1993.503296</ele>
				<time>2026-07-18T22:32:55Z</time>
			</trkpt>
			<trkpt lat="48.049568" lon="-121.126907">
				<ele>1995.409424</ele>
				<time>2026-07-18T22:33:14Z</time>
			</trkpt>
			<trkpt lat="48.049419" lon="-121.12706">
				<ele>1999.330322</ele>
				<time>2026-07-18T22:33:52Z</time>
			</trkpt>
			<trkpt lat="48.04908" lon="-121.127159">
				<ele>2006.638306</ele>
				<time>2026-07-18T22:35:05Z</time>
			</trkpt>
			<trkpt lat="48.048786" lon="-121.126945">
				<ele>2013.956299</ele>
				<time>2026-07-18T22:36:15Z</time>
			</trkpt>
			<trkpt lat="48.048653" lon="-121.126556">
				<ele>2002.412109</ele>
				<time>2026-07-18T22:37:17Z</time>
			</trkpt>
			<trkpt lat="48.048561" lon="-121.126572">
				<ele>1996.276123</ele>
				<time>2026-07-18T22:37:36Z</time>
			</trkpt>
			<trkpt lat="48.048367" lon="-121.126846">
				<ele>1987.873535</ele>
				<time>2026-07-18T22:38:33Z</time>
			</trkpt>
			<trkpt lat="48.04826" lon="-121.126976">
				<ele>1986.179932</ele>
				<time>2026-07-18T22:39:02Z</time>
			</trkpt>
			<trkpt lat="48.048046" lon="-121.127121">
				<ele>1979.214478</ele>
				<time>2026-07-18T22:39:52Z</time>
			</trkpt>
			<trkpt lat="48.047958" lon="-121.12709">
				<ele>1975.907593</ele>
				<time>2026-07-18T22:40:11Z</time>
			</trkpt>
			<trkpt lat="48.047916" lon="-121.127113">
				<ele>1976.780029</ele>
				<time>2026-07-18T22:40:21Z</time>
			</trkpt>
			<trkpt lat="48.047882" lon="-121.127159">
				<ele>1975.807007</ele>
				<time>2026-07-18T22:40:30Z</time>
			</trkpt>
			<trkpt lat="48.047489" lon="-121.127235">
				<ele>1961.222534</ele>
				<time>2026-07-18T22:41:54Z</time>
			</trkpt>
			<trkpt lat="48.047455" lon="-121.127274">
				<ele>1961.223877</ele>
				<time>2026-07-18T22:42:03Z</time>
			</trkpt>
			<trkpt lat="48.047367" lon="-121.127235">
				<ele>1954.637939</ele>
				<time>2026-07-18T22:42:23Z</time>
			</trkpt>
			<trkpt lat="48.046822" lon="-121.127464">
				<ele>1932.685547</ele>
				<time>2026-07-18T22:44:23Z</time>
			</trkpt>
			<trkpt lat="48.046738" lon="-121.127518">
				<ele>1933.70166</ele>
				<time>2026-07-18T22:44:42Z</time>
			</trkpt>
			<trkpt lat="48.046566" lon="-121.127632">
				<ele>1928.86377</ele>
				<time>2026-07-18T22:45:22Z</time>
			</trkpt>
			<trkpt lat="48.046494" lon="-121.127701">
				<ele>1931.518799</ele>
				<time>2026-07-18T22:45:40Z</time>
			</trkpt>
			<trkpt lat="48.046379" lon="-121.127838">
				<ele>1930.017944</ele>
				<time>2026-07-18T22:46:12Z</time>
			</trkpt>
			<trkpt lat="48.04631" lon="-121.127922">
				<ele>1931.379761</ele>
				<time>2026-07-18T22:46:30Z</time>
			</trkpt>
			<trkpt lat="48.046272" lon="-121.127953">
				<ele>1930.304443</ele>
				<time>2026-07-18T22:46:40Z</time>
			</trkpt>
			<trkpt lat="48.046234" lon="-121.127998">
				<ele>1932.54126</ele>
				<time>2026-07-18T22:46:50Z</time>
			</trkpt>
			<trkpt lat="48.046192" lon="-121.128036">
				<ele>1932.017334</ele>
				<time>2026-07-18T22:47:00Z</time>
			</trkpt>
			<trkpt lat="48.046154" lon="-121.128067">
				<ele>1932.91687</ele>
				<time>2026-07-18T22:47:09Z</time>
			</trkpt>
			<trkpt lat="48.046059" lon="-121.128128">
				<ele>1929.624634</ele>
				<time>2026-07-18T22:47:31Z</time>
			</trkpt>
			<trkpt lat="48.046017" lon="-121.128159">
				<ele>1930.980835</ele>
				<time>2026-07-18T22:47:41Z</time>
			</trkpt>
			<trkpt lat="48.045876" lon="-121.128258">
				<ele>1931.908447</ele>
				<time>2026-07-18T22:48:14Z</time>
			</trkpt>
			<trkpt lat="48.045826" lon="-121.128273">
				<ele>1933.515137</ele>
				<time>2026-07-18T22:48:25Z</time>
			</trkpt>
			<trkpt lat="48.045742" lon="-121.128311">
				<ele>1930.142822</ele>
				<time>2026-07-18T22:48:44Z</time>
			</trkpt>
			<trkpt lat="48.045696" lon="-121.128342">
				<ele>1931.791992</ele>
				<time>2026-07-18T22:48:54Z</time>
			</trkpt>
			<trkpt lat="48.045597" lon="-121.128365">
				<ele>1930.562622</ele>
				<time>2026-07-18T22:49:16Z</time>
			</trkpt>
			<trkpt lat="48.045521" lon="-121.128448">
				<ele>1931.653198</ele>
				<time>2026-07-18T22:49:36Z</time>
			</trkpt>
			<trkpt lat="48.045475" lon="-121.128456">
				<ele>1929.171631</ele>
				<time>2026-07-18T22:49:45Z</time>
			</trkpt>
			<trkpt lat="48.045341" lon="-121.128433">
				<ele>1929.665527</ele>
				<time>2026-07-18T22:50:14Z</time>
			</trkpt>
			<trkpt lat="48.045109" lon="-121.128471">
				<ele>1923.459595</ele>
				<time>2026-07-18T22:51:04Z</time>
			</trkpt>
			<trkpt lat="48.045067" lon="-121.128448">
				<ele>1924.974243</ele>
				<time>2026-07-18T22:51:13Z</time>
			</trkpt>
			<trkpt lat="48.045021" lon="-121.128456">
				<ele>1922.238892</ele>
				<time>2026-07-18T22:51:23Z</time>
			</trkpt>
			<trkpt lat="48.044968" lon="-121.128464">
				<ele>1922.470215</ele>
				<time>2026-07-18T22:51:34Z</time>
			</trkpt>
			<trkpt lat="48.044918" lon="-121.128479">
				<ele>1921.427856</ele>
				<time>2026-07-18T22:51:45Z</time>
			</trkpt>
			<trkpt lat="48.044865" lon="-121.128471">
				<ele>1923.393677</ele>
				<time>2026-07-18T22:51:56Z</time>
			</trkpt>
			<trkpt lat="48.044815" lon="-121.128471">
				<ele>1921.320068</ele>
				<time>2026-07-18T22:52:07Z</time>
			</trkpt>
			<trkpt lat="48.044762" lon="-121.128456">
				<ele>1922.909668</ele>
				<time>2026-07-18T22:52:18Z</time>
			</trkpt>
			<trkpt lat="48.044716" lon="-121.128479">
				<ele>1922.405762</ele>
				<time>2026-07-18T22:52:29Z</time>
			</trkpt>
			<trkpt lat="48.044632" lon="-121.128502">
				<ele>1918.537231</ele>
				<time>2026-07-18T22:52:47Z</time>
			</trkpt>
			<trkpt lat="48.04454" lon="-121.128487">
				<ele>1917.956909</ele>
				<time>2026-07-18T22:53:06Z</time>
			</trkpt>
			<trkpt lat="48.044502" lon="-121.128464">
				<ele>1918.724609</ele>
				<time>2026-07-18T22:53:15Z</time>
			</trkpt>
			<trkpt lat="48.044407" lon="-121.128479">
				<ele>1917.412109</ele>
				<time>2026-07-18T22:53:35Z</time>
			</trkpt>
			<trkpt lat="48.044048" lon="-121.128372">
				<ele>1925.848755</ele>
				<time>2026-07-18T22:54:53Z</time>
			</trkpt>
			<trkpt lat="48.043972" lon="-121.128311">
				<ele>1921.509033</ele>
				<time>2026-07-18T22:55:11Z</time>
			</trkpt>
			<trkpt lat="48.043926" lon="-121.128304">
				<ele>1924.278198</ele>
				<time>2026-07-18T22:55:21Z</time>
			</trkpt>
			<trkpt lat="48.043774" lon="-121.128166">
				<ele>1921.943604</ele>
				<time>2026-07-18T22:55:59Z</time>
			</trkpt>
			<trkpt lat="48.043728" lon="-121.128151">
				<ele>1924.709595</ele>
				<time>2026-07-18T22:56:09Z</time>
			</trkpt>
			<trkpt lat="48.04361" lon="-121.128021">
				<ele>1922.905518</ele>
				<time>2026-07-18T22:56:40Z</time>
			</trkpt>
			<trkpt lat="48.043125" lon="-121.127617">
				<ele>1950.452271</ele>
				<time>2026-07-18T22:58:37Z</time>
			</trkpt>
			<trkpt lat="48.042919" lon="-121.127487">
				<ele>1955.781616</ele>
				<time>2026-07-18T22:59:25Z</time>
			</trkpt>
			<trkpt lat="48.042877" lon="-121.127457">
				<ele>1954.653198</ele>
				<time>2026-07-18T22:59:35Z</time>
			</trkpt>
			<trkpt lat="48.042843" lon="-121.127396">
				<ele>1954.101563</ele>
				<time>2026-07-18T22:59:46Z</time>
			</trkpt>
			<trkpt lat="48.042759" lon="-121.127312">
				<ele>1953.880615</ele>
				<time>2026-07-18T23:00:07Z</time>
			</trkpt>
			<trkpt lat="48.042706" lon="-121.127312">
				<ele>1954.320923</ele>
				<time>2026-07-18T23:00:19Z</time>
			</trkpt>
			<trkpt lat="48.042511" lon="-121.127258">
				<ele>1950.890137</ele>
				<time>2026-07-18T23:01:01Z</time>
			</trkpt>
			<trkpt lat="48.042465" lon="-121.127266">
				<ele>1951.360596</ele>
				<time>2026-07-18T23:01:11Z</time>
			</trkpt>
			<trkpt lat="48.042244" lon="-121.127182">
				<ele>1940.198608</ele>
				<time>2026-07-18T23:01:59Z</time>
			</trkpt>
			<trkpt lat="48.041958" lon="-121.126968">
				<ele>1930.901489</ele>
				<time>2026-07-18T23:03:07Z</time>
			</trkpt>
			<trkpt lat="48.04171" lon="-121.127281">
				<ele>1924.369141</ele>
				<time>2026-07-18T23:04:16Z</time>
			</trkpt>
			<trkpt lat="48.041679" lon="-121.127342">
				<ele>1923.764526</ele>
				<time>2026-07-18T23:04:26Z</time>
			</trkpt>
			<trkpt lat="48.041656" lon="-121.127487">
				<ele>1924.421265</ele>
				<time>2026-07-18T23:04:48Z</time>
			</trkpt>
			<trkpt lat="48.041656" lon="-121.127556">
				<ele>1924.27417</ele>
				<time>2026-07-18T23:04:57Z</time>
			</trkpt>
			<trkpt lat="48.041668" lon="-121.127625">
				<ele>1925.501953</ele>
				<time>2026-07-18T23:05:07Z</time>
			</trkpt>
			<trkpt lat="48.041683" lon="-121.127693">
				<ele>1924.603271</ele>
				<time>2026-07-18T23:05:18Z</time>
			</trkpt>
			<trkpt lat="48.041748" lon="-121.127884">
				<ele>1925.389893</ele>
				<time>2026-07-18T23:05:48Z</time>
			</trkpt>
			<trkpt lat="48.041771" lon="-121.127945">
				<ele>1924.751831</ele>
				<time>2026-07-18T23:05:58Z</time>
			</trkpt>
			<trkpt lat="48.041756" lon="-121.128075">
				<ele>1926.402466</ele>
				<time>2026-07-18T23:06:17Z</time>
			</trkpt>
			<trkpt lat="48.04171" lon="-121.128349">
				<ele>1925.628906</ele>
				<time>2026-07-18T23:06:57Z</time>
			</trkpt>
			<trkpt lat="48.04171" lon="-121.128426">
				<ele>1925.642456</ele>
				<time>2026-07-18T23:07:08Z</time>
			</trkpt>
			<trkpt lat="48.041767" lon="-121.12854">
				<ele>1925.913574</ele>
				<time>2026-07-18T23:07:28Z</time>
			</trkpt>
			<trkpt lat="48.041801" lon="-121.128662">
				<ele>1924.814819</ele>
				<time>2026-07-18T23:07:47Z</time>
			</trkpt>
			<trkpt lat="48.041824" lon="-121.128807">
				<ele>1925.254883</ele>
				<time>2026-07-18T23:08:08Z</time>
			</trkpt>
			<trkpt lat="48.041859" lon="-121.12886">
				<ele>1926.478149</ele>
				<time>2026-07-18T23:08:18Z</time>
			</trkpt>
			<trkpt lat="48.041893" lon="-121.128922">
				<ele>1925.104858</ele>
				<time>2026-07-18T23:08:30Z</time>
			</trkpt>
			<trkpt lat="48.041908" lon="-121.128983">
				<ele>1925.065063</ele>
				<time>2026-07-18T23:08:39Z</time>
			</trkpt>
			<trkpt lat="48.041924" lon="-121.129036">
				<ele>1925.637207</ele>
				<time>2026-07-18T23:08:47Z</time>
			</trkpt>
			<trkpt lat="48.041954" lon="-121.129097">
				<ele>1925.006226</ele>
				<time>2026-07-18T23:08:58Z</time>
			</trkpt>
			<trkpt lat="48.041897" lon="-121.129303">
				<ele>1928.855225</ele>
				<time>2026-07-18T23:09:29Z</time>
			</trkpt>
			<trkpt lat="48.041885" lon="-121.12944">
				<ele>1926.483765</ele>
				<time>2026-07-18T23:09:49Z</time>
			</trkpt>
			<trkpt lat="48.041977" lon="-121.129654">
				<ele>1915.800537</ele>
				<time>2026-07-18T23:10:25Z</time>
			</trkpt>
			<trkpt lat="48.041939" lon="-121.129936">
				<ele>1912.58313</ele>
				<time>2026-07-18T23:11:06Z</time>
			</trkpt>
			<trkpt lat="48.041885" lon="-121.130081">
				<ele>1918.515503</ele>
				<time>2026-07-18T23:11:29Z</time>
			</trkpt>
			<trkpt lat="48.041988" lon="-121.130379">
				<ele>1910.807739</ele>
				<time>2026-07-18T23:12:17Z</time>
			</trkpt>
			<trkpt lat="48.041988" lon="-121.130447">
				<ele>1909.820435</ele>
				<time>2026-07-18T23:12:27Z</time>
			</trkpt>
			<trkpt lat="48.041965" lon="-121.130508">
				<ele>1909.948853</ele>
				<time>2026-07-18T23:12:37Z</time>
			</trkpt>
			<trkpt lat="48.041924" lon="-121.130539">
				<ele>1909.823486</ele>
				<time>2026-07-18T23:12:46Z</time>
			</trkpt>
			<trkpt lat="48.041862" lon="-121.131042">
				<ele>1900.296753</ele>
				<time>2026-07-18T23:13:59Z</time>
			</trkpt>
			<trkpt lat="48.041813" lon="-121.131081">
				<ele>1900.717407</ele>
				<time>2026-07-18T23:14:11Z</time>
			</trkpt>
			<trkpt lat="48.041809" lon="-121.131287">
				<ele>1899.240601</ele>
				<time>2026-07-18T23:14:40Z</time>
			</trkpt>
			<trkpt lat="48.041794" lon="-121.131706">
				<ele>1891.03418</ele>
				<time>2026-07-18T23:15:39Z</time>
			</trkpt>
			<trkpt lat="48.041782" lon="-121.131775">
				<ele>1891.670044</ele>
				<time>2026-07-18T23:15:49Z</time>
			</trkpt>
			<trkpt lat="48.041786" lon="-121.131836">
				<ele>1890.757446</ele>
				<time>2026-07-18T23:15:58Z</time>
			</trkpt>
			<trkpt lat="48.041801" lon="-121.131889">
				<ele>1888.191895</ele>
				<time>2026-07-18T23:16:06Z</time>
			</trkpt>
			<trkpt lat="48.041775" lon="-121.131943">
				<ele>1887.295532</ele>
				<time>2026-07-18T23:16:16Z</time>
			</trkpt>
			<trkpt lat="48.041698" lon="-121.132027">
				<ele>1888.310669</ele>
				<time>2026-07-18T23:16:36Z</time>
			</trkpt>
			<trkpt lat="48.041683" lon="-121.132156">
				<ele>1885.792603</ele>
				<time>2026-07-18T23:16:54Z</time>
			</trkpt>
			<trkpt lat="48.041607" lon="-121.13224">
				<ele>1887.68042</ele>
				<time>2026-07-18T23:17:14Z</time>
			</trkpt>
			<trkpt lat="48.041603" lon="-121.132439">
				<ele>1886.866577</ele>
				<time>2026-07-18T23:17:43Z</time>
			</trkpt>
			<trkpt lat="48.041592" lon="-121.132507">
				<ele>1884.692017</ele>
				<time>2026-07-18T23:17:53Z</time>
			</trkpt>
			<trkpt lat="48.041588" lon="-121.132576">
				<ele>1885.196777</ele>
				<time>2026-07-18T23:18:02Z</time>
			</trkpt>
			<trkpt lat="48.041561" lon="-121.132629">
				<ele>1884.62146</ele>
				<time>2026-07-18T23:18:12Z</time>
			</trkpt>
			<trkpt lat="48.041519" lon="-121.132675">
				<ele>1885.894165</ele>
				<time>2026-07-18T23:18:23Z</time>
			</trkpt>
			<trkpt lat="48.041473" lon="-121.132683">
				<ele>1884.985962</ele>
				<time>2026-07-18T23:18:33Z</time>
			</trkpt>
			<trkpt lat="48.041382" lon="-121.132851">
				<ele>1886.678955</ele>
				<time>2026-07-18T23:19:03Z</time>
			</trkpt>
			<trkpt lat="48.041389" lon="-121.132919">
				<ele>1885.91748</ele>
				<time>2026-07-18T23:19:13Z</time>
			</trkpt>
			<trkpt lat="48.04142" lon="-121.132988">
				<ele>1886.320068</ele>
				<time>2026-07-18T23:19:25Z</time>
			</trkpt>
			<trkpt lat="48.04147" lon="-121.133102">
				<ele>1884.727051</ele>
				<time>2026-07-18T23:19:44Z</time>
			</trkpt>
			<trkpt lat="48.041523" lon="-121.133369">
				<ele>1888.806152</ele>
				<time>2026-07-18T23:20:24Z</time>
			</trkpt>
			<trkpt lat="48.041512" lon="-121.133553">
				<ele>1885.956665</ele>
				<time>2026-07-18T23:20:50Z</time>
			</trkpt>
			<trkpt lat="48.041553" lon="-121.133591">
				<ele>1885.607788</ele>
				<time>2026-07-18T23:21:00Z</time>
			</trkpt>
			<trkpt lat="48.041588" lon="-121.133636">
				<ele>1885.771851</ele>
				<time>2026-07-18T23:21:10Z</time>
			</trkpt>
			<trkpt lat="48.041603" lon="-121.133705">
				<ele>1884.796997</ele>
				<time>2026-07-18T23:21:20Z</time>
			</trkpt>
			<trkpt lat="48.041588" lon="-121.133766">
				<ele>1884.93811</ele>
				<time>2026-07-18T23:21:29Z</time>
			</trkpt>
			<trkpt lat="48.0415" lon="-121.133835">
				<ele>1882.608643</ele>
				<time>2026-07-18T23:21:51Z</time>
			</trkpt>
			<trkpt lat="48.041458" lon="-121.133865">
				<ele>1883.907715</ele>
				<time>2026-07-18T23:22:00Z</time>
			</trkpt>
			<trkpt lat="48.04142" lon="-121.133896">
				<ele>1884.206299</ele>
				<time>2026-07-18T23:22:10Z</time>
			</trkpt>
			<trkpt lat="48.041393" lon="-121.133949">
				<ele>1883.872681</ele>
				<time>2026-07-18T23:22:19Z</time>
			</trkpt>
			<trkpt lat="48.041355" lon="-121.13398">
				<ele>1884.78064</ele>
				<time>2026-07-18T23:22:28Z</time>
			</trkpt>
			<trkpt lat="48.041363" lon="-121.134109">
				<ele>1884.219604</ele>
				<time>2026-07-18T23:22:47Z</time>
			</trkpt>
			<trkpt lat="48.041367" lon="-121.134186">
				<ele>1885.739014</ele>
				<time>2026-07-18T23:22:58Z</time>
			</trkpt>
			<trkpt lat="48.041332" lon="-121.134232">
				<ele>1885.494141</ele>
				<time>2026-07-18T23:23:07Z</time>
			</trkpt>
			<trkpt lat="48.041332" lon="-121.134293">
				<ele>1885.70813</ele>
				<time>2026-07-18T23:23:16Z</time>
			</trkpt>
			<trkpt lat="48.04137" lon="-121.134422">
				<ele>1883.985718</ele>
				<time>2026-07-18T23:23:36Z</time>
			</trkpt>
			<trkpt lat="48.041393" lon="-121.134605">
				<ele>1888.281738</ele>
				<time>2026-07-18T23:24:02Z</time>
			</trkpt>
			<trkpt lat="48.041378" lon="-121.134659">
				<ele>1888.241333</ele>
				<time>2026-07-18T23:24:11Z</time>
			</trkpt>
			<trkpt lat="48.041405" lon="-121.13472">
				<ele>1888.347656</ele>
				<time>2026-07-18T23:24:21Z</time>
			</trkpt>
			<trkpt lat="48.041416" lon="-121.134895">
				<ele>1887.398193</ele>
				<time>2026-07-18T23:24:46Z</time>
			</trkpt>
			<trkpt lat="48.041439" lon="-121.134956">
				<ele>1887.443115</ele>
				<time>2026-07-18T23:24:56Z</time>
			</trkpt>
			<trkpt lat="48.041454" lon="-121.135033">
				<ele>1886.449707</ele>
				<time>2026-07-18T23:25:07Z</time>
			</trkpt>
			<trkpt lat="48.041477" lon="-121.135086">
				<ele>1887.04248</ele>
				<time>2026-07-18T23:25:16Z</time>
			</trkpt>
			<trkpt lat="48.041504" lon="-121.135139">
				<ele>1886.221191</ele>
				<time>2026-07-18T23:25:26Z</time>
			</trkpt>
			<trkpt lat="48.041523" lon="-121.135201">
				<ele>1886.49707</ele>
				<time>2026-07-18T23:25:35Z</time>
			</trkpt>
			<trkpt lat="48.041546" lon="-121.135269">
				<ele>1885.887695</ele>
				<time>2026-07-18T23:25:46Z</time>
			</trkpt>
			<trkpt lat="48.041607" lon="-121.135399">
				<ele>1887.973633</ele>
				<time>2026-07-18T23:26:09Z</time>
			</trkpt>
			<trkpt lat="48.041637" lon="-121.13546">
				<ele>1887.887451</ele>
				<time>2026-07-18T23:26:19Z</time>
			</trkpt>
			<trkpt lat="48.041767" lon="-121.135765">
				<ele>1891.366089</ele>
				<time>2026-07-18T23:27:11Z</time>
			</trkpt>
			<trkpt lat="48.041786" lon="-121.135887">
				<ele>1891.763062</ele>
				<time>2026-07-18T23:27:29Z</time>
			</trkpt>
			<trkpt lat="48.041786" lon="-121.135956">
				<ele>1894.437622</ele>
				<time>2026-07-18T23:27:38Z</time>
			</trkpt>
			<trkpt lat="48.041756" lon="-121.136078">
				<ele>1895.812988</ele>
				<time>2026-07-18T23:27:57Z</time>
			</trkpt>
			<trkpt lat="48.04187" lon="-121.136368">
				<ele>1892.463501</ele>
				<time>2026-07-18T23:28:44Z</time>
			</trkpt>
			<trkpt lat="48.041908" lon="-121.136406">
				<ele>1893.727783</ele>
				<time>2026-07-18T23:28:54Z</time>
			</trkpt>
			<trkpt lat="48.041939" lon="-121.136452">
				<ele>1893.51416</ele>
				<time>2026-07-18T23:29:03Z</time>
			</trkpt>
			<trkpt lat="48.041981" lon="-121.13649">
				<ele>1893.804321</ele>
				<time>2026-07-18T23:29:14Z</time>
			</trkpt>
			<trkpt lat="48.041969" lon="-121.136559">
				<ele>1893.266479</ele>
				<time>2026-07-18T23:29:24Z</time>
			</trkpt>
			<trkpt lat="48.041924" lon="-121.136559">
				<ele>1892.98999</ele>
				<time>2026-07-18T23:29:33Z</time>
			</trkpt>
			<trkpt lat="48.041782" lon="-121.136742">
				<ele>1895.989868</ele>
				<time>2026-07-18T23:30:13Z</time>
			</trkpt>
			<trkpt lat="48.041813" lon="-121.136864">
				<ele>1892.464478</ele>
				<time>2026-07-18T23:30:32Z</time>
			</trkpt>
			<trkpt lat="48.041847" lon="-121.136909">
				<ele>1892.772949</ele>
				<time>2026-07-18T23:30:41Z</time>
			</trkpt>
			<trkpt lat="48.04187" lon="-121.137032">
				<ele>1890.734863</ele>
				<time>2026-07-18T23:30:59Z</time>
			</trkpt>
			<trkpt lat="48.041965" lon="-121.137169">
				<ele>1892.251709</ele>
				<time>2026-07-18T23:31:27Z</time>
			</trkpt>
			<trkpt lat="48.041988" lon="-121.13723">
				<ele>1891.145752</ele>
				<time>2026-07-18T23:31:37Z</time>
			</trkpt>
			<trkpt lat="48.042027" lon="-121.137276">
				<ele>1891.076416</ele>
				<time>2026-07-18T23:31:48Z</time>
			</trkpt>
			<trkpt lat="48.042042" lon="-121.137337">
				<ele>1891.386475</ele>
				<time>2026-07-18T23:31:57Z</time>
			</trkpt>
			<trkpt lat="48.042068" lon="-121.13768">
				<ele>1889.143433</ele>
				<time>2026-07-18T23:32:46Z</time>
			</trkpt>
			<trkpt lat="48.042038" lon="-121.137802">
				<ele>1891.042358</ele>
				<time>2026-07-18T23:33:04Z</time>
			</trkpt>
			<trkpt lat="48.042027" lon="-121.137878">
				<ele>1888.884644</ele>
				<time>2026-07-18T23:33:15Z</time>
			</trkpt>
			<trkpt lat="48.042" lon="-121.137932">
				<ele>1890.159424</ele>
				<time>2026-07-18T23:33:25Z</time>
			</trkpt>
			<trkpt lat="48.041973" lon="-121.137978">
				<ele>1889.433472</ele>
				<time>2026-07-18T23:33:34Z</time>
			</trkpt>
			<trkpt lat="48.041927" lon="-121.138031">
				<ele>1889.705566</ele>
				<time>2026-07-18T23:33:46Z</time>
			</trkpt>
			<trkpt lat="48.041855" lon="-121.1381">
				<ele>1892.125</ele>
				<time>2026-07-18T23:34:04Z</time>
			</trkpt>
			<trkpt lat="48.041748" lon="-121.138397">
				<ele>1894.9823</ele>
				<time>2026-07-18T23:34:52Z</time>
			</trkpt>
			<trkpt lat="48.041737" lon="-121.138458">
				<ele>1894.919556</ele>
				<time>2026-07-18T23:35:01Z</time>
			</trkpt>
			<trkpt lat="48.04166" lon="-121.138786">
				<ele>1888.272217</ele>
				<time>2026-07-18T23:35:50Z</time>
			</trkpt>
			<trkpt lat="48.041664" lon="-121.138855">
				<ele>1889.298706</ele>
				<time>2026-07-18T23:36:00Z</time>
			</trkpt>
			<trkpt lat="48.041702" lon="-121.138985">
				<ele>1889.850586</ele>
				<time>2026-07-18T23:36:20Z</time>
			</trkpt>
			<trkpt lat="48.04166" lon="-121.139015">
				<ele>1889.1521</ele>
				<time>2026-07-18T23:36:30Z</time>
			</trkpt>
			<trkpt lat="48.041603" lon="-121.139122">
				<ele>1889.396606</ele>
				<time>2026-07-18T23:36:49Z</time>
			</trkpt>
			<trkpt lat="48.041557" lon="-121.139153">
				<ele>1887.670288</ele>
				<time>2026-07-18T23:37:00Z</time>
			</trkpt>
			<trkpt lat="48.041527" lon="-121.139214">
				<ele>1888.211914</ele>
				<time>2026-07-18T23:37:11Z</time>
			</trkpt>
			<trkpt lat="48.041492" lon="-121.139267">
				<ele>1886.739258</ele>
				<time>2026-07-18T23:37:21Z</time>
			</trkpt>
			<trkpt lat="48.041412" lon="-121.139328">
				<ele>1886.885498</ele>
				<time>2026-07-18T23:37:40Z</time>
			</trkpt>
			<trkpt lat="48.041389" lon="-121.139656">
				<ele>1881.879639</ele>
				<time>2026-07-18T23:38:27Z</time>
			</trkpt>
			<trkpt lat="48.041412" lon="-121.139801">
				<ele>1880.98645</ele>
				<time>2026-07-18T23:38:48Z</time>
			</trkpt>
			<trkpt lat="48.041412" lon="-121.13987">
				<ele>1881.353149</ele>
				<time>2026-07-18T23:38:58Z</time>
			</trkpt>
			<trkpt lat="48.041412" lon="-121.139938">
				<ele>1880.337036</ele>
				<time>2026-07-18T23:39:08Z</time>
			</trkpt>
			<trkpt lat="48.04137" lon="-121.140106">
				<ele>1881.631958</ele>
				<time>2026-07-18T23:39:33Z</time>
			</trkpt>
			<trkpt lat="48.041264" lon="-121.140335">
				<ele>1873.062744</ele>
				<time>2026-07-18T23:40:13Z</time>
			</trkpt>
			<trkpt lat="48.041233" lon="-121.140388">
				<ele>1873.699829</ele>
				<time>2026-07-18T23:40:23Z</time>
			</trkpt>
			<trkpt lat="48.041195" lon="-121.140427">
				<ele>1873.546997</ele>
				<time>2026-07-18T23:40:32Z</time>
			</trkpt>
			<trkpt lat="48.041206" lon="-121.140488">
				<ele>1876.770264</ele>
				<time>2026-07-18T23:40:41Z</time>
			</trkpt>
			<trkpt lat="48.041172" lon="-121.140526">
				<ele>1876.084595</ele>
				<time>2026-07-18T23:40:50Z</time>
			</trkpt>
			<trkpt lat="48.041126" lon="-121.140656">
				<ele>1877.573242</ele>
				<time>2026-07-18T23:41:11Z</time>
			</trkpt>
			<trkpt lat="48.041149" lon="-121.140785">
				<ele>1874.70813</ele>
				<time>2026-07-18T23:41:30Z</time>
			</trkpt>
			<trkpt lat="48.041195" lon="-121.141106">
				<ele>1871.770386</ele>
				<time>2026-07-18T23:42:17Z</time>
			</trkpt>
			<trkpt lat="48.041199" lon="-121.141342">
				<ele>1866.850342</ele>
				<time>2026-07-18T23:42:50Z</time>
			</trkpt>
			<trkpt lat="48.041145" lon="-121.141487">
				<ele>1871.7677</ele>
				<time>2026-07-18T23:43:14Z</time>
			</trkpt>
			<trkpt lat="48.041134" lon="-121.141548">
				<ele>1871.907227</ele>
				<time>2026-07-18T23:43:23Z</time>
			</trkpt>
			<trkpt lat="48.041145" lon="-121.141624">
				<ele>1871.150391</ele>
				<time>2026-07-18T23:43:34Z</time>
			</trkpt>
			<trkpt lat="48.041145" lon="-121.141693">
				<ele>1871.161621</ele>
				<time>2026-07-18T23:43:44Z</time>
			</trkpt>
			<trkpt lat="48.041142" lon="-121.141838">
				<ele>1872.789307</ele>
				<time>2026-07-18T23:44:04Z</time>
			</trkpt>
			<trkpt lat="48.041157" lon="-121.141899">
				<ele>1870.697388</ele>
				<time>2026-07-18T23:44:13Z</time>
			</trkpt>
			<trkpt lat="48.041176" lon="-121.142044">
				<ele>1870.001587</ele>
				<time>2026-07-18T23:44:34Z</time>
			</trkpt>
			<trkpt lat="48.041157" lon="-121.142113">
				<ele>1869.899048</ele>
				<time>2026-07-18T23:44:45Z</time>
			</trkpt>
			<trkpt lat="48.041058" lon="-121.14225">
				<ele>1871.64917</ele>
				<time>2026-07-18T23:45:13Z</time>
			</trkpt>
			<trkpt lat="48.041058" lon="-121.142319">
				<ele>1870.796631</ele>
				<time>2026-07-18T23:45:23Z</time>
			</trkpt>
			<trkpt lat="48.041054" lon="-121.14238">
				<ele>1871.118774</ele>
				<time>2026-07-18T23:45:32Z</time>
			</trkpt>
			<trkpt lat="48.041031" lon="-121.142441">
				<ele>1869.754272</ele>
				<time>2026-07-18T23:45:42Z</time>
			</trkpt>
			<trkpt lat="48.040989" lon="-121.142479">
				<ele>1871.843384</ele>
				<time>2026-07-18T23:45:52Z</time>
			</trkpt>
			<trkpt lat="48.040936" lon="-121.142662">
				<ele>1872.700928</ele>
				<time>2026-07-18T23:46:21Z</time>
			</trkpt>
			<trkpt lat="48.04092" lon="-121.142723">
				<ele>1872.595093</ele>
				<time>2026-07-18T23:46:30Z</time>
			</trkpt>
			<trkpt lat="48.040894" lon="-121.142845">
				<ele>1872.734741</ele>
				<time>2026-07-18T23:46:48Z</time>
			</trkpt>
			<trkpt lat="48.040783" lon="-121.14299">
				<ele>1871.774902</ele>
				<time>2026-07-18T23:47:19Z</time>
			</trkpt>
			<trkpt lat="48.040775" lon="-121.143059">
				<ele>1872.202026</ele>
				<time>2026-07-18T23:47:29Z</time>
			</trkpt>
			<trkpt lat="48.040794" lon="-121.143127">
				<ele>1870.664551</ele>
				<time>2026-07-18T23:47:40Z</time>
			</trkpt>
			<trkpt lat="48.040821" lon="-121.143181">
				<ele>1871.856689</ele>
				<time>2026-07-18T23:47:49Z</time>
			</trkpt>
			<trkpt lat="48.040791" lon="-121.143303">
				<ele>1865.768066</ele>
				<time>2026-07-18T23:48:08Z</time>
			</trkpt>
			<trkpt lat="48.040752" lon="-121.143425">
				<ele>1868.241455</ele>
				<time>2026-07-18T23:48:27Z</time>
			</trkpt>
			<trkpt lat="48.04071" lon="-121.143539">
				<ele>1869.192505</ele>
				<time>2026-07-18T23:48:45Z</time>
			</trkpt>
			<trkpt lat="48.040691" lon="-121.143608">
				<ele>1869.123047</ele>
				<time>2026-07-18T23:48:56Z</time>
			</trkpt>
			<trkpt lat="48.040691" lon="-121.143677">
				<ele>1869.177612</ele>
				<time>2026-07-18T23:49:06Z</time>
			</trkpt>
			<trkpt lat="48.040691" lon="-121.143745">
				<ele>1870.153687</ele>
				<time>2026-07-18T23:49:15Z</time>
			</trkpt>
			<trkpt lat="48.040585" lon="-121.144173">
				<ele>1864.506104</ele>
				<time>2026-07-18T23:50:20Z</time>
			</trkpt>
			<trkpt lat="48.040497" lon="-121.144203">
				<ele>1859.980591</ele>
				<time>2026-07-18T23:50:39Z</time>
			</trkpt>
			<trkpt lat="48.040482" lon="-121.144264">
				<ele>1859.721069</ele>
				<time>2026-07-18T23:50:48Z</time>
			</trkpt>
			<trkpt lat="48.040501" lon="-121.144325">
				<ele>1860.838257</ele>
				<time>2026-07-18T23:50:58Z</time>
			</trkpt>
			<trkpt lat="48.040531" lon="-121.144379">
				<ele>1858.465454</ele>
				<time>2026-07-18T23:51:08Z</time>
			</trkpt>
			<trkpt lat="48.040535" lon="-121.144447">
				<ele>1858.479004</ele>
				<time>2026-07-18T23:51:17Z</time>
			</trkpt>
			<trkpt lat="48.040508" lon="-121.144516">
				<ele>1857.97583</ele>
				<time>2026-07-18T23:51:29Z</time>
			</trkpt>
			<trkpt lat="48.040432" lon="-121.144592">
				<ele>1859.457031</ele>
				<time>2026-07-18T23:51:48Z</time>
			</trkpt>
			<trkpt lat="48.040398" lon="-121.144646">
				<ele>1859.240356</ele>
				<time>2026-07-18T23:51:59Z</time>
			</trkpt>
			<trkpt lat="48.040268" lon="-121.144852">
				<ele>1853.739624</ele>
				<time>2026-07-18T23:52:39Z</time>
			</trkpt>
			<trkpt lat="48.040241" lon="-121.144905">
				<ele>1853.442871</ele>
				<time>2026-07-18T23:52:48Z</time>
			</trkpt>
			<trkpt lat="48.040203" lon="-121.144936">
				<ele>1853.507446</ele>
				<time>2026-07-18T23:52:58Z</time>
			</trkpt>
			<trkpt lat="48.040096" lon="-121.145073">
				<ele>1851.570068</ele>
				<time>2026-07-18T23:53:27Z</time>
			</trkpt>
			<trkpt lat="48.040051" lon="-121.145332">
				<ele>1845.72522</ele>
				<time>2026-07-18T23:54:05Z</time>
			</trkpt>
			<trkpt lat="48.040051" lon="-121.145401">
				<ele>1846.433716</ele>
				<time>2026-07-18T23:54:15Z</time>
			</trkpt>
			<trkpt lat="48.039898" lon="-121.145721">
				<ele>1842.897461</ele>
				<time>2026-07-18T23:55:11Z</time>
			</trkpt>
			<trkpt lat="48.039825" lon="-121.145836">
				<ele>1842.66687</ele>
				<time>2026-07-18T23:55:33Z</time>
			</trkpt>
			<trkpt lat="48.039795" lon="-121.145889">
				<ele>1842.191406</ele>
				<time>2026-07-18T23:55:43Z</time>
			</trkpt>
			<trkpt lat="48.039772" lon="-121.14595">
				<ele>1842.824219</ele>
				<time>2026-07-18T23:55:53Z</time>
			</trkpt>
			<trkpt lat="48.039722" lon="-121.146057">
				<ele>1841.783813</ele>
				<time>2026-07-18T23:56:12Z</time>
			</trkpt>
			<trkpt lat="48.0397" lon="-121.146126">
				<ele>1842.516357</ele>
				<time>2026-07-18T23:56:23Z</time>
			</trkpt>
			<trkpt lat="48.039654" lon="-121.14624">
				<ele>1842.198853</ele>
				<time>2026-07-18T23:56:41Z</time>
			</trkpt>
			<trkpt lat="48.0396" lon="-121.146339">
				<ele>1843.160767</ele>
				<time>2026-07-18T23:57:00Z</time>
			</trkpt>
			<trkpt lat="48.039562" lon="-121.14637">
				<ele>1842.744751</ele>
				<time>2026-07-18T23:57:09Z</time>
			</trkpt>
			<trkpt lat="48.03952" lon="-121.146393">
				<ele>1842.999634</ele>
				<time>2026-07-18T23:57:18Z</time>
			</trkpt>
			<trkpt lat="48.03949" lon="-121.146439">
				<ele>1842.687866</ele>
				<time>2026-07-18T23:57:27Z</time>
			</trkpt>
			<trkpt lat="48.039413" lon="-121.146515">
				<ele>1841.549561</ele>
				<time>2026-07-18T23:57:47Z</time>
			</trkpt>
			<trkpt lat="48.03933" lon="-121.146568">
				<ele>1842.713745</ele>
				<time>2026-07-18T23:58:06Z</time>
			</trkpt>
			<trkpt lat="48.039261" lon="-121.14666">
				<ele>1842.1604</ele>
				<time>2026-07-18T23:58:26Z</time>
			</trkpt>
			<trkpt lat="48.039089" lon="-121.146889">
				<ele>1838.899536</ele>
				<time>2026-07-18T23:59:14Z</time>
			</trkpt>
			<trkpt lat="48.039051" lon="-121.146919">
				<ele>1839.387085</ele>
				<time>2026-07-18T23:59:24Z</time>
			</trkpt>
			<trkpt lat="48.038841" lon="-121.147064">
				<ele>1836.284912</ele>
				<time>2026-07-19T00:00:13Z</time>
			</trkpt>
			<trkpt lat="48.038807" lon="-121.147102">
				<ele>1836.524292</ele>
				<time>2026-07-19T00:00:22Z</time>
			</trkpt>
			<trkpt lat="48.038776" lon="-121.147156">
				<ele>1835.762451</ele>
				<time>2026-07-19T00:00:32Z</time>
			</trkpt>
			<trkpt lat="48.038712" lon="-121.147232">
				<ele>1835.818848</ele>
				<time>2026-07-19T00:00:49Z</time>
			</trkpt>
			<trkpt lat="48.038513" lon="-121.147385">
				<ele>1831.539307</ele>
				<time>2026-07-19T00:01:36Z</time>
			</trkpt>
			<trkpt lat="48.038471" lon="-121.147385">
				<ele>1832.173218</ele>
				<time>2026-07-19T00:01:45Z</time>
			</trkpt>
			<trkpt lat="48.038277" lon="-121.147415">
				<ele>1830.839233</ele>
				<time>2026-07-19T00:02:27Z</time>
			</trkpt>
			<trkpt lat="48.038235" lon="-121.147453">
				<ele>1831.387573</ele>
				<time>2026-07-19T00:02:37Z</time>
			</trkpt>
			<trkpt lat="48.038158" lon="-121.147552">
				<ele>1829.864014</ele>
				<time>2026-07-19T00:02:59Z</time>
			</trkpt>
			<trkpt lat="48.038124" lon="-121.147606">
				<ele>1830.37561</ele>
				<time>2026-07-19T00:03:09Z</time>
			</trkpt>
			<trkpt lat="48.038101" lon="-121.147652">
				<ele>1829.588867</ele>
				<time>2026-07-19T00:03:17Z</time>
			</trkpt>
			<trkpt lat="48.037964" lon="-121.14785">
				<ele>1828.905884</ele>
				<time>2026-07-19T00:03:58Z</time>
			</trkpt>
			<trkpt lat="48.037888" lon="-121.147926">
				<ele>1827.668579</ele>
				<time>2026-07-19T00:04:17Z</time>
			</trkpt>
			<trkpt lat="48.037849" lon="-121.147964">
				<ele>1828.459106</ele>
				<time>2026-07-19T00:04:27Z</time>
			</trkpt>
			<trkpt lat="48.037811" lon="-121.14801">
				<ele>1825.427002</ele>
				<time>2026-07-19T00:04:37Z</time>
			</trkpt>
			<trkpt lat="48.03772" lon="-121.14801">
				<ele>1828.155396</ele>
				<time>2026-07-19T00:04:57Z</time>
			</trkpt>
			<trkpt lat="48.037666" lon="-121.148026">
				<ele>1825.804565</ele>
				<time>2026-07-19T00:05:08Z</time>
			</trkpt>
			<trkpt lat="48.037628" lon="-121.147987">
				<ele>1826.08252</ele>
				<time>2026-07-19T00:05:18Z</time>
			</trkpt>
			<trkpt lat="48.037582" lon="-121.147949">
				<ele>1825.488403</ele>
				<time>2026-07-19T00:05:29Z</time>
			</trkpt>
			<trkpt lat="48.037544" lon="-121.147911">
				<ele>1826.503784</ele>
				<time>2026-07-19T00:05:39Z</time>
			</trkpt>
			<trkpt lat="48.037498" lon="-121.147888">
				<ele>1825.83606</ele>
				<time>2026-07-19T00:05:49Z</time>
			</trkpt>
			<trkpt lat="48.03722" lon="-121.147804">
				<ele>1829.115112</ele>
				<time>2026-07-19T00:06:49Z</time>
			</trkpt>
			<trkpt lat="48.037086" lon="-121.147903">
				<ele>1827.162231</ele>
				<time>2026-07-19T00:07:21Z</time>
			</trkpt>
			<trkpt lat="48.036995" lon="-121.147987">
				<ele>1828.609131</ele>
				<time>2026-07-19T00:07:44Z</time>
			</trkpt>
			<trkpt lat="48.036953" lon="-121.147987">
				<ele>1828.504272</ele>
				<time>2026-07-19T00:07:53Z</time>
			</trkpt>
			<trkpt lat="48.036907" lon="-121.148018">
				<ele>1828.610718</ele>
				<time>2026-07-19T00:08:03Z</time>
			</trkpt>
			<trkpt lat="48.036861" lon="-121.148056">
				<ele>1828.264648</ele>
				<time>2026-07-19T00:08:14Z</time>
			</trkpt>
			<trkpt lat="48.036728" lon="-121.148125">
				<ele>1828.830811</ele>
				<time>2026-07-19T00:08:44Z</time>
			</trkpt>
			<trkpt lat="48.036678" lon="-121.148125">
				<ele>1828.762329</ele>
				<time>2026-07-19T00:08:55Z</time>
			</trkpt>
			<trkpt lat="48.036583" lon="-121.148094">
				<ele>1826.138184</ele>
				<time>2026-07-19T00:09:16Z</time>
			</trkpt>
			<trkpt lat="48.036396" lon="-121.148109">
				<ele>1824.592407</ele>
				<time>2026-07-19T00:09:55Z</time>
			</trkpt>
			<trkpt lat="48.036301" lon="-121.14814">
				<ele>1825.295044</ele>
				<time>2026-07-19T00:10:16Z</time>
			</trkpt>
			<trkpt lat="48.036217" lon="-121.148216">
				<ele>1822.900635</ele>
				<time>2026-07-19T00:10:37Z</time>
			</trkpt>
			<trkpt lat="48.036175" lon="-121.148224">
				<ele>1823.651245</ele>
				<time>2026-07-19T00:10:46Z</time>
			</trkpt>
			<trkpt lat="48.03603" lon="-121.148247">
				<ele>1822.19165</ele>
				<time>2026-07-19T00:11:17Z</time>
			</trkpt>
			<trkpt lat="48.035984" lon="-121.148262">
				<ele>1822.593872</ele>
				<time>2026-07-19T00:11:27Z</time>
			</trkpt>
			<trkpt lat="48.035839" lon="-121.148308">
				<ele>1821.353882</ele>
				<time>2026-07-19T00:11:58Z</time>
			</trkpt>
			<trkpt lat="48.035793" lon="-121.148315">
				<ele>1821.392456</ele>
				<time>2026-07-19T00:12:08Z</time>
			</trkpt>
			<trkpt lat="48.035748" lon="-121.148331">
				<ele>1820.303955</ele>
				<time>2026-07-19T00:12:18Z</time>
			</trkpt>
			<trkpt lat="48.035706" lon="-121.148346">
				<ele>1820.670654</ele>
				<time>2026-07-19T00:12:27Z</time>
			</trkpt>
			<trkpt lat="48.03566" lon="-121.148376">
				<ele>1819.239868</ele>
				<time>2026-07-19T00:12:37Z</time>
			</trkpt>
			<trkpt lat="48.035324" lon="-121.148582">
				<ele>1815.740234</ele>
				<time>2026-07-19T00:13:54Z</time>
			</trkpt>
			<trkpt lat="48.035278" lon="-121.148605">
				<ele>1816.064087</ele>
				<time>2026-07-19T00:14:05Z</time>
			</trkpt>
			<trkpt lat="48.035194" lon="-121.148674">
				<ele>1815.070923</ele>
				<time>2026-07-19T00:14:25Z</time>
			</trkpt>
			<trkpt lat="48.035065" lon="-121.148743">
				<ele>1812.389526</ele>
				<time>2026-07-19T00:14:54Z</time>
			</trkpt>
			<trkpt lat="48.035023" lon="-121.148773">
				<ele>1812.962036</ele>
				<time>2026-07-19T00:15:04Z</time>
			</trkpt>
			<trkpt lat="48.034981" lon="-121.148796">
				<ele>1812.957153</ele>
				<time>2026-07-19T00:15:13Z</time>
			</trkpt>
			<trkpt lat="48.034931" lon="-121.148811">
				<ele>1813.016357</ele>
				<time>2026-07-19T00:15:24Z</time>
			</trkpt>
			<trkpt lat="48.034893" lon="-121.148842">
				<ele>1812.892212</ele>
				<time>2026-07-19T00:15:33Z</time>
			</trkpt>
			<trkpt lat="48.034801" lon="-121.148865">
				<ele>1814.753906</ele>
				<time>2026-07-19T00:15:53Z</time>
			</trkpt>
			<trkpt lat="48.034706" lon="-121.148857">
				<ele>1812.199829</ele>
				<time>2026-07-19T00:16:13Z</time>
			</trkpt>
			<trkpt lat="48.034687" lon="-121.149048">
				<ele>1815.471313</ele>
				<time>2026-07-19T00:16:41Z</time>
			</trkpt>
			<trkpt lat="48.034615" lon="-121.149078">
				<ele>1813.269653</ele>
				<time>2026-07-19T00:16:57Z</time>
			</trkpt>
			<trkpt lat="48.033756" lon="-121.148857">
				<ele>1803.648438</ele>
				<time>2026-07-19T00:20:02Z</time>
			</trkpt>
			<trkpt lat="48.03376" lon="-121.148933">
				<ele>1804.740967</ele>
				<time>2026-07-19T00:20:05Z</time>
			</trkpt>
			<trkpt lat="48.03381" lon="-121.148811">
				<ele>1801.839844</ele>
				<time>2026-07-19T15:08:02Z</time>
			</trkpt>
			<trkpt lat="48.033833" lon="-121.148796">
				<ele>1802.283203</ele>
				<time>2026-07-19T15:08:05Z</time>
			</trkpt>
			<trkpt lat="48.033859" lon="-121.148796">
				<ele>1802.137695</ele>
				<time>2026-07-19T15:08:07Z</time>
			</trkpt>
			<trkpt lat="48.033958" lon="-121.148827">
				<ele>1802.549927</ele>
				<time>2026-07-19T15:08:16Z</time>
			</trkpt>
			<trkpt lat="48.034008" lon="-121.148827">
				<ele>1804.003418</ele>
				<time>2026-07-19T15:08:21Z</time>
			</trkpt>
			<trkpt lat="48.03405" lon="-121.148842">
				<ele>1803.981812</ele>
				<time>2026-07-19T15:08:26Z</time>
			</trkpt>
			<trkpt lat="48.034142" lon="-121.148849">
				<ele>1809.328857</ele>
				<time>2026-07-19T15:08:37Z</time>
			</trkpt>
			<trkpt lat="48.034233" lon="-121.148849">
				<ele>1810.841064</ele>
				<time>2026-07-19T15:08:48Z</time>
			</trkpt>
			<trkpt lat="48.034279" lon="-121.148849">
				<ele>1810.46228</ele>
				<time>2026-07-19T15:08:54Z</time>
			</trkpt>
			<trkpt lat="48.034328" lon="-121.148865">
				<ele>1812.421143</ele>
				<time>2026-07-19T15:09:00Z</time>
			</trkpt>
			<trkpt lat="48.034416" lon="-121.148888">
				<ele>1811.456787</ele>
				<time>2026-07-19T15:09:10Z</time>
			</trkpt>
			<trkpt lat="48.034504" lon="-121.148918">
				<ele>1812.780273</ele>
				<time>2026-07-19T15:09:19Z</time>
			</trkpt>
			<trkpt lat="48.034554" lon="-121.148933">
				<ele>1812.089844</ele>
				<time>2026-07-19T15:09:25Z</time>
			</trkpt>
			<trkpt lat="48.034702" lon="-121.14904">
				<ele>1819.957275</ele>
				<time>2026-07-19T15:09:49Z</time>
			</trkpt>
			<trkpt lat="48.034729" lon="-121.149109">
				<ele>1819.899902</ele>
				<time>2026-07-19T15:09:53Z</time>
			</trkpt>
			<trkpt lat="48.034752" lon="-121.14917">
				<ele>1819.247681</ele>
				<time>2026-07-19T15:09:57Z</time>
			</trkpt>
			<trkpt lat="48.034779" lon="-121.149223">
				<ele>1820.775024</ele>
				<time>2026-07-19T15:10:01Z</time>
			</trkpt>
			<trkpt lat="48.034847" lon="-121.149414">
				<ele>1822.106323</ele>
				<time>2026-07-19T15:10:15Z</time>
			</trkpt>
			<trkpt lat="48.034878" lon="-121.149467">
				<ele>1821.831421</ele>
				<time>2026-07-19T15:10:20Z</time>
			</trkpt>
			<trkpt lat="48.034924" lon="-121.149498">
				<ele>1822.106323</ele>
				<time>2026-07-19T15:10:30Z</time>
			</trkpt>
			<trkpt lat="48.034969" lon="-121.149536">
				<ele>1821.650024</ele>
				<time>2026-07-19T15:10:45Z</time>
			</trkpt>
			<trkpt lat="48.035042" lon="-121.149635">
				<ele>1823.30188</ele>
				<time>2026-07-19T15:10:57Z</time>
			</trkpt>
			<trkpt lat="48.03508" lon="-121.149673">
				<ele>1827.523193</ele>
				<time>2026-07-19T15:11:05Z</time>
			</trkpt>
			<trkpt lat="48.035103" lon="-121.149818">
				<ele>1826.719971</ele>
				<time>2026-07-19T15:11:18Z</time>
			</trkpt>
			<trkpt lat="48.035141" lon="-121.149948">
				<ele>1828.595703</ele>
				<time>2026-07-19T15:11:28Z</time>
			</trkpt>
			<trkpt lat="48.035244" lon="-121.150108">
				<ele>1824.719727</ele>
				<time>2026-07-19T15:11:55Z</time>
			</trkpt>
			<trkpt lat="48.03532" lon="-121.150192">
				<ele>1826.266968</ele>
				<time>2026-07-19T15:12:04Z</time>
			</trkpt>
			<trkpt lat="48.03537" lon="-121.150314">
				<ele>1825.69397</ele>
				<time>2026-07-19T15:12:13Z</time>
			</trkpt>
			<trkpt lat="48.035385" lon="-121.150375">
				<ele>1826.161743</ele>
				<time>2026-07-19T15:12:19Z</time>
			</trkpt>
			<trkpt lat="48.035442" lon="-121.150497">
				<ele>1824.714844</ele>
				<time>2026-07-19T15:12:28Z</time>
			</trkpt>
			<trkpt lat="48.035503" lon="-121.150703">
				<ele>1828.008301</ele>
				<time>2026-07-19T15:12:43Z</time>
			</trkpt>
			<trkpt lat="48.035522" lon="-121.150764">
				<ele>1825.810913</ele>
				<time>2026-07-19T15:12:47Z</time>
			</trkpt>
			<trkpt lat="48.03558" lon="-121.150879">
				<ele>1827.476685</ele>
				<time>2026-07-19T15:12:56Z</time>
			</trkpt>
			<trkpt lat="48.03561" lon="-121.150925">
				<ele>1826.33728</ele>
				<time>2026-07-19T15:13:00Z</time>
			</trkpt>
			<trkpt lat="48.035637" lon="-121.150978">
				<ele>1828.462158</ele>
				<time>2026-07-19T15:13:04Z</time>
			</trkpt>
			<trkpt lat="48.035664" lon="-121.151031">
				<ele>1827.326538</ele>
				<time>2026-07-19T15:13:08Z</time>
			</trkpt>
			<trkpt lat="48.03569" lon="-121.151093">
				<ele>1828.448242</ele>
				<time>2026-07-19T15:13:12Z</time>
			</trkpt>
			<trkpt lat="48.035732" lon="-121.151215">
				<ele>1827.371704</ele>
				<time>2026-07-19T15:13:20Z</time>
			</trkpt>
			<trkpt lat="48.035755" lon="-121.151276">
				<ele>1827.926758</ele>
				<time>2026-07-19T15:13:24Z</time>
			</trkpt>
			<trkpt lat="48.035797" lon="-121.151405">
				<ele>1826.656128</ele>
				<time>2026-07-19T15:13:32Z</time>
			</trkpt>
			<trkpt lat="48.035812" lon="-121.151474">
				<ele>1827.80481</ele>
				<time>2026-07-19T15:13:36Z</time>
			</trkpt>
			<trkpt lat="48.035828" lon="-121.151535">
				<ele>1826.680542</ele>
				<time>2026-07-19T15:13:40Z</time>
			</trkpt>
			<trkpt lat="48.035835" lon="-121.151604">
				<ele>1827.877197</ele>
				<time>2026-07-19T15:13:44Z</time>
			</trkpt>
			<trkpt lat="48.035847" lon="-121.15168">
				<ele>1826.40271</ele>
				<time>2026-07-19T15:13:48Z</time>
			</trkpt>
			<trkpt lat="48.035862" lon="-121.151749">
				<ele>1826.958618</ele>
				<time>2026-07-19T15:13:52Z</time>
			</trkpt>
			<trkpt lat="48.035881" lon="-121.151817">
				<ele>1825.966309</ele>
				<time>2026-07-19T15:13:56Z</time>
			</trkpt>
			<trkpt lat="48.035919" lon="-121.151939">
				<ele>1829.542236</ele>
				<time>2026-07-19T15:14:04Z</time>
			</trkpt>
			<trkpt lat="48.035961" lon="-121.151993">
				<ele>1828.59436</ele>
				<time>2026-07-19T15:14:09Z</time>
			</trkpt>
			<trkpt lat="48.035976" lon="-121.152054">
				<ele>1829.619507</ele>
				<time>2026-07-19T15:14:13Z</time>
			</trkpt>
			<trkpt lat="48.035999" lon="-121.15213">
				<ele>1827.929932</ele>
				<time>2026-07-19T15:14:18Z</time>
			</trkpt>
			<trkpt lat="48.036049" lon="-121.152252">
				<ele>1831.525391</ele>
				<time>2026-07-19T15:14:28Z</time>
			</trkpt>
			<trkpt lat="48.036068" lon="-121.152405">
				<ele>1826.509399</ele>
				<time>2026-07-19T15:14:36Z</time>
			</trkpt>
			<trkpt lat="48.036064" lon="-121.152466">
				<ele>1828.167358</ele>
				<time>2026-07-19T15:14:40Z</time>
			</trkpt>
			<trkpt lat="48.036133" lon="-121.152649">
				<ele>1827.467773</ele>
				<time>2026-07-19T15:14:53Z</time>
			</trkpt>
			<trkpt lat="48.036129" lon="-121.152763">
				<ele>1828.462646</ele>
				<time>2026-07-19T15:15:15Z</time>
			</trkpt>
			<trkpt lat="48.036079" lon="-121.152878">
				<ele>1826.464111</ele>
				<time>2026-07-19T15:15:26Z</time>
			</trkpt>
			<trkpt lat="48.036083" lon="-121.153038">
				<ele>1829.220337</ele>
				<time>2026-07-19T15:15:35Z</time>
			</trkpt>
			<trkpt lat="48.036068" lon="-121.153114">
				<ele>1827.523926</ele>
				<time>2026-07-19T15:15:41Z</time>
			</trkpt>
			<trkpt lat="48.036057" lon="-121.153183">
				<ele>1827.38269</ele>
				<time>2026-07-19T15:15:45Z</time>
			</trkpt>
			<trkpt lat="48.036072" lon="-121.153389">
				<ele>1828.543701</ele>
				<time>2026-07-19T15:16:00Z</time>
			</trkpt>
			<trkpt lat="48.036072" lon="-121.153458">
				<ele>1826.958374</ele>
				<time>2026-07-19T15:16:06Z</time>
			</trkpt>
			<trkpt lat="48.036057" lon="-121.153519">
				<ele>1828.124146</ele>
				<time>2026-07-19T15:16:12Z</time>
			</trkpt>
			<trkpt lat="48.03603" lon="-121.153648">
				<ele>1826.999634</ele>
				<time>2026-07-19T15:17:52Z</time>
			</trkpt>
			<trkpt lat="48.036018" lon="-121.153778">
				<ele>1826.774292</ele>
				<time>2026-07-19T15:18:02Z</time>
			</trkpt>
			<trkpt lat="48.036018" lon="-121.153915">
				<ele>1828.131104</ele>
				<time>2026-07-19T15:18:19Z</time>
			</trkpt>
			<trkpt lat="48.036034" lon="-121.154045">
				<ele>1826.168579</ele>
				<time>2026-07-19T15:18:28Z</time>
			</trkpt>
			<trkpt lat="48.036091" lon="-121.154221">
				<ele>1825.419189</ele>
				<time>2026-07-19T15:18:40Z</time>
			</trkpt>
			<trkpt lat="48.036114" lon="-121.154282">
				<ele>1825.457031</ele>
				<time>2026-07-19T15:18:44Z</time>
			</trkpt>
			<trkpt lat="48.03614" lon="-121.15435">
				<ele>1824.908569</ele>
				<time>2026-07-19T15:18:48Z</time>
			</trkpt>
			<trkpt lat="48.03616" lon="-121.154411">
				<ele>1825.02002</ele>
				<time>2026-07-19T15:18:52Z</time>
			</trkpt>
			<trkpt lat="48.036243" lon="-121.154663">
				<ele>1823.798706</ele>
				<time>2026-07-19T15:19:13Z</time>
			</trkpt>
			<trkpt lat="48.036247" lon="-121.154869">
				<ele>1820.282837</ele>
				<time>2026-07-19T15:19:25Z</time>
			</trkpt>
			<trkpt lat="48.036251" lon="-121.154938">
				<ele>1820.911011</ele>
				<time>2026-07-19T15:19:29Z</time>
			</trkpt>
			<trkpt lat="48.036285" lon="-121.155098">
				<ele>1819.886108</ele>
				<time>2026-07-19T15:19:38Z</time>
			</trkpt>
			<trkpt lat="48.036308" lon="-121.155151">
				<ele>1820.162109</ele>
				<time>2026-07-19T15:19:42Z</time>
			</trkpt>
			<trkpt lat="48.036331" lon="-121.155434">
				<ele>1816.981567</ele>
				<time>2026-07-19T15:19:58Z</time>
			</trkpt>
			<trkpt lat="48.036346" lon="-121.155495">
				<ele>1817.862061</ele>
				<time>2026-07-19T15:20:01Z</time>
			</trkpt>
			<trkpt lat="48.036324" lon="-121.155624">
				<ele>1817.040283</ele>
				<time>2026-07-19T15:20:09Z</time>
			</trkpt>
			<trkpt lat="48.036343" lon="-121.155693">
				<ele>1817.089844</ele>
				<time>2026-07-19T15:20:13Z</time>
			</trkpt>
			<trkpt lat="48.036343" lon="-121.155907">
				<ele>1813.044312</ele>
				<time>2026-07-19T15:20:44Z</time>
			</trkpt>
			<trkpt lat="48.036354" lon="-121.155975">
				<ele>1815.411865</ele>
				<time>2026-07-19T15:20:48Z</time>
			</trkpt>
			<trkpt lat="48.036461" lon="-121.156021">
				<ele>1816.294922</ele>
				<time>2026-07-19T15:20:57Z</time>
			</trkpt>
			<trkpt lat="48.036472" lon="-121.156082">
				<ele>1814.714111</ele>
				<time>2026-07-19T15:21:01Z</time>
			</trkpt>
			<trkpt lat="48.036407" lon="-121.156212">
				<ele>1818.408813</ele>
				<time>2026-07-19T15:21:11Z</time>
			</trkpt>
			<trkpt lat="48.036385" lon="-121.156265">
				<ele>1817.177979</ele>
				<time>2026-07-19T15:21:15Z</time>
			</trkpt>
			<trkpt lat="48.036373" lon="-121.156342">
				<ele>1817.270508</ele>
				<time>2026-07-19T15:21:19Z</time>
			</trkpt>
			<trkpt lat="48.036366" lon="-121.156403">
				<ele>1818.893311</ele>
				<time>2026-07-19T15:21:23Z</time>
			</trkpt>
			<trkpt lat="48.036381" lon="-121.156471">
				<ele>1817.087646</ele>
				<time>2026-07-19T15:21:27Z</time>
			</trkpt>
			<trkpt lat="48.036404" lon="-121.156601">
				<ele>1818.606445</ele>
				<time>2026-07-19T15:21:35Z</time>
			</trkpt>
			<trkpt lat="48.036427" lon="-121.156662">
				<ele>1818.14502</ele>
				<time>2026-07-19T15:21:39Z</time>
			</trkpt>
			<trkpt lat="48.036575" lon="-121.156845">
				<ele>1820.944824</ele>
				<time>2026-07-19T15:21:59Z</time>
			</trkpt>
			<trkpt lat="48.03661" lon="-121.156937">
				<ele>1819.684082</ele>
				<time>2026-07-19T15:22:19Z</time>
			</trkpt>
			<trkpt lat="48.036583" lon="-121.157082">
				<ele>1821.236816</ele>
				<time>2026-07-19T15:22:30Z</time>
			</trkpt>
			<trkpt lat="48.036575" lon="-121.157143">
				<ele>1820.586182</ele>
				<time>2026-07-19T15:22:35Z</time>
			</trkpt>
			<trkpt lat="48.036583" lon="-121.157211">
				<ele>1820.810059</ele>
				<time>2026-07-19T15:22:39Z</time>
			</trkpt>
			<trkpt lat="48.036598" lon="-121.157295">
				<ele>1820.645752</ele>
				<time>2026-07-19T15:22:44Z</time>
			</trkpt>
			<trkpt lat="48.036613" lon="-121.157364">
				<ele>1821.094849</ele>
				<time>2026-07-19T15:22:49Z</time>
			</trkpt>
			<trkpt lat="48.036629" lon="-121.15744">
				<ele>1820.174438</ele>
				<time>2026-07-19T15:22:54Z</time>
			</trkpt>
			<trkpt lat="48.03661" lon="-121.157516">
				<ele>1821.212646</ele>
				<time>2026-07-19T15:22:59Z</time>
			</trkpt>
			<trkpt lat="48.036579" lon="-121.157776">
				<ele>1814.958862</ele>
				<time>2026-07-19T15:23:16Z</time>
			</trkpt>
			<trkpt lat="48.036533" lon="-121.15789">
				<ele>1818.332886</ele>
				<time>2026-07-19T15:26:07Z</time>
			</trkpt>
			<trkpt lat="48.03635" lon="-121.158211">
				<ele>1812.540405</ele>
				<time>2026-07-19T15:26:35Z</time>
			</trkpt>
			<trkpt lat="48.036316" lon="-121.158249">
				<ele>1812.043457</ele>
				<time>2026-07-19T15:26:39Z</time>
			</trkpt>
			<trkpt lat="48.036247" lon="-121.158348">
				<ele>1811.937012</ele>
				<time>2026-07-19T15:26:48Z</time>
			</trkpt>
			<trkpt lat="48.036205" lon="-121.158394">
				<ele>1811.651489</ele>
				<time>2026-07-19T15:26:53Z</time>
			</trkpt>
			<trkpt lat="48.036148" lon="-121.158501">
				<ele>1807.552856</ele>
				<time>2026-07-19T15:27:03Z</time>
			</trkpt>
			<trkpt lat="48.03611" lon="-121.158554">
				<ele>1807.579102</ele>
				<time>2026-07-19T15:27:08Z</time>
			</trkpt>
			<trkpt lat="48.035995" lon="-121.158867">
				<ele>1801.71167</ele>
				<time>2026-07-19T15:27:36Z</time>
			</trkpt>
			<trkpt lat="48.035988" lon="-121.158936">
				<ele>1802.148315</ele>
				<time>2026-07-19T15:27:40Z</time>
			</trkpt>
			<trkpt lat="48.035973" lon="-121.158997">
				<ele>1802.038452</ele>
				<time>2026-07-19T15:27:44Z</time>
			</trkpt>
			<trkpt lat="48.035957" lon="-121.159058">
				<ele>1802.251709</ele>
				<time>2026-07-19T15:27:48Z</time>
			</trkpt>
			<trkpt lat="48.035938" lon="-121.159134">
				<ele>1802.269165</ele>
				<time>2026-07-19T15:27:52Z</time>
			</trkpt>
			<trkpt lat="48.0359" lon="-121.15934">
				<ele>1798.322632</ele>
				<time>2026-07-19T15:28:04Z</time>
			</trkpt>
			<trkpt lat="48.035862" lon="-121.15947">
				<ele>1797.699829</ele>
				<time>2026-07-19T15:28:12Z</time>
			</trkpt>
			<trkpt lat="48.03582" lon="-121.159592">
				<ele>1795.524414</ele>
				<time>2026-07-19T15:28:20Z</time>
			</trkpt>
			<trkpt lat="48.035789" lon="-121.159637">
				<ele>1796.134888</ele>
				<time>2026-07-19T15:28:24Z</time>
			</trkpt>
			<trkpt lat="48.035744" lon="-121.15976">
				<ele>1793.725952</ele>
				<time>2026-07-19T15:28:32Z</time>
			</trkpt>
			<trkpt lat="48.03569" lon="-121.159897">
				<ele>1795.935669</ele>
				<time>2026-07-19T15:28:42Z</time>
			</trkpt>
			<trkpt lat="48.035713" lon="-121.159958">
				<ele>1795.665161</ele>
				<time>2026-07-19T15:28:46Z</time>
			</trkpt>
			<trkpt lat="48.035717" lon="-121.160172">
				<ele>1791.028564</ele>
				<time>2026-07-19T15:29:02Z</time>
			</trkpt>
			<trkpt lat="48.035683" lon="-121.160439">
				<ele>1789.19519</ele>
				<time>2026-07-19T15:29:19Z</time>
			</trkpt>
			<trkpt lat="48.035671" lon="-121.1605">
				<ele>1789.483032</ele>
				<time>2026-07-19T15:29:23Z</time>
			</trkpt>
			<trkpt lat="48.035679" lon="-121.160698">
				<ele>1786.107666</ele>
				<time>2026-07-19T15:29:36Z</time>
			</trkpt>
			<trkpt lat="48.035671" lon="-121.160767">
				<ele>1786.460571</ele>
				<time>2026-07-19T15:29:40Z</time>
			</trkpt>
			<trkpt lat="48.035683" lon="-121.160828">
				<ele>1785.302979</ele>
				<time>2026-07-19T15:29:44Z</time>
			</trkpt>
			<trkpt lat="48.035694" lon="-121.160904">
				<ele>1785.421143</ele>
				<time>2026-07-19T15:29:48Z</time>
			</trkpt>
			<trkpt lat="48.035698" lon="-121.160973">
				<ele>1785.224976</ele>
				<time>2026-07-19T15:29:52Z</time>
			</trkpt>
			<trkpt lat="48.035725" lon="-121.161034">
				<ele>1783.044678</ele>
				<time>2026-07-19T15:29:57Z</time>
			</trkpt>
			<trkpt lat="48.035706" lon="-121.161095">
				<ele>1783.134033</ele>
				<time>2026-07-19T15:30:02Z</time>
			</trkpt>
			<trkpt lat="48.035736" lon="-121.161232">
				<ele>1782.607178</ele>
				<time>2026-07-19T15:30:11Z</time>
			</trkpt>
			<trkpt lat="48.035767" lon="-121.161514">
				<ele>1778.488159</ele>
				<time>2026-07-19T15:30:29Z</time>
			</trkpt>
			<trkpt lat="48.035767" lon="-121.161583">
				<ele>1779.195435</ele>
				<time>2026-07-19T15:30:33Z</time>
			</trkpt>
			<trkpt lat="48.03566" lon="-121.16198">
				<ele>1772.320313</ele>
				<time>2026-07-19T15:31:05Z</time>
			</trkpt>
			<trkpt lat="48.035332" lon="-121.162514">
				<ele>1763.536133</ele>
				<time>2026-07-19T15:32:02Z</time>
			</trkpt>
			<trkpt lat="48.035316" lon="-121.162575">
				<ele>1764.567505</ele>
				<time>2026-07-19T15:32:06Z</time>
			</trkpt>
			<trkpt lat="48.035301" lon="-121.162857">
				<ele>1758.035645</ele>
				<time>2026-07-19T15:32:26Z</time>
			</trkpt>
			<trkpt lat="48.035305" lon="-121.162994">
				<ele>1756.674194</ele>
				<time>2026-07-19T15:32:37Z</time>
			</trkpt>
			<trkpt lat="48.035313" lon="-121.163063">
				<ele>1756.525391</ele>
				<time>2026-07-19T15:32:43Z</time>
			</trkpt>
			<trkpt lat="48.035343" lon="-121.163101">
				<ele>1756.842529</ele>
				<time>2026-07-19T15:32:47Z</time>
			</trkpt>
			<trkpt lat="48.035416" lon="-121.163193">
				<ele>1756.145874</ele>
				<time>2026-07-19T15:32:55Z</time>
			</trkpt>
			<trkpt lat="48.035492" lon="-121.163284">
				<ele>1752.274048</ele>
				<time>2026-07-19T15:33:04Z</time>
			</trkpt>
			<trkpt lat="48.035622" lon="-121.163399">
				<ele>1751.287354</ele>
				<time>2026-07-19T15:33:19Z</time>
			</trkpt>
			<trkpt lat="48.035553" lon="-121.16349">
				<ele>1752.509277</ele>
				<time>2026-07-19T15:33:29Z</time>
			</trkpt>
			<trkpt lat="48.035435" lon="-121.163696">
				<ele>1748.190186</ele>
				<time>2026-07-19T15:33:52Z</time>
			</trkpt>
			<trkpt lat="48.035408" lon="-121.163757">
				<ele>1748.310303</ele>
				<time>2026-07-19T15:33:58Z</time>
			</trkpt>
			<trkpt lat="48.035275" lon="-121.164063">
				<ele>1743.62561</ele>
				<time>2026-07-19T15:34:21Z</time>
			</trkpt>
			<trkpt lat="48.035252" lon="-121.164131">
				<ele>1744.783691</ele>
				<time>2026-07-19T15:34:26Z</time>
			</trkpt>
			<trkpt lat="48.035213" lon="-121.164253">
				<ele>1741.567383</ele>
				<time>2026-07-19T15:34:36Z</time>
			</trkpt>
			<trkpt lat="48.035244" lon="-121.164307">
				<ele>1740.826416</ele>
				<time>2026-07-19T15:34:42Z</time>
			</trkpt>
			<trkpt lat="48.035282" lon="-121.164345">
				<ele>1741.55896</ele>
				<time>2026-07-19T15:34:48Z</time>
			</trkpt>
			<trkpt lat="48.035332" lon="-121.164368">
				<ele>1739.2771</ele>
				<time>2026-07-19T15:34:53Z</time>
			</trkpt>
			<trkpt lat="48.0354" lon="-121.164467">
				<ele>1740.892334</ele>
				<time>2026-07-19T15:35:01Z</time>
			</trkpt>
			<trkpt lat="48.035439" lon="-121.164497">
				<ele>1738.401978</ele>
				<time>2026-07-19T15:35:05Z</time>
			</trkpt>
			<trkpt lat="48.035488" lon="-121.164612">
				<ele>1739.139404</ele>
				<time>2026-07-19T15:35:13Z</time>
			</trkpt>
			<trkpt lat="48.035484" lon="-121.164688">
				<ele>1738.487427</ele>
				<time>2026-07-19T15:35:18Z</time>
			</trkpt>
			<trkpt lat="48.035355" lon="-121.164993">
				<ele>1735.155273</ele>
				<time>2026-07-19T15:35:41Z</time>
			</trkpt>
			<trkpt lat="48.035271" lon="-121.165161">
				<ele>1731.618774</ele>
				<time>2026-07-19T15:35:55Z</time>
			</trkpt>
			<trkpt lat="48.035248" lon="-121.16523">
				<ele>1731.617676</ele>
				<time>2026-07-19T15:36:00Z</time>
			</trkpt>
			<trkpt lat="48.035233" lon="-121.165298">
				<ele>1731.424683</ele>
				<time>2026-07-19T15:36:06Z</time>
			</trkpt>
			<trkpt lat="48.03521" lon="-121.165443">
				<ele>1727.747559</ele>
				<time>2026-07-19T15:36:16Z</time>
			</trkpt>
			<trkpt lat="48.035217" lon="-121.165581">
				<ele>1729.418335</ele>
				<time>2026-07-19T15:36:25Z</time>
			</trkpt>
			<trkpt lat="48.035252" lon="-121.165726">
				<ele>1726.574219</ele>
				<time>2026-07-19T15:36:33Z</time>
			</trkpt>
			<trkpt lat="48.035278" lon="-121.165794">
				<ele>1726.867554</ele>
				<time>2026-07-19T15:36:37Z</time>
			</trkpt>
			<trkpt lat="48.035332" lon="-121.166039">
				<ele>1724.190552</ele>
				<time>2026-07-19T15:36:57Z</time>
			</trkpt>
			<trkpt lat="48.035473" lon="-121.166321">
				<ele>1718.969727</ele>
				<time>2026-07-19T15:37:20Z</time>
			</trkpt>
			<trkpt lat="48.035507" lon="-121.166374">
				<ele>1718.30603</ele>
				<time>2026-07-19T15:37:25Z</time>
			</trkpt>
			<trkpt lat="48.035542" lon="-121.16642">
				<ele>1718.624023</ele>
				<time>2026-07-19T15:37:34Z</time>
			</trkpt>
			<trkpt lat="48.035568" lon="-121.166481">
				<ele>1718.584229</ele>
				<time>2026-07-19T15:37:39Z</time>
			</trkpt>
			<trkpt lat="48.035595" lon="-121.166534">
				<ele>1717.164795</ele>
				<time>2026-07-19T15:37:44Z</time>
			</trkpt>
			<trkpt lat="48.035801" lon="-121.166824">
				<ele>1714.91626</ele>
				<time>2026-07-19T15:39:14Z</time>
			</trkpt>
			<trkpt lat="48.035923" lon="-121.166908">
				<ele>1712.026001</ele>
				<time>2026-07-19T15:39:28Z</time>
			</trkpt>
			<trkpt lat="48.036053" lon="-121.166992">
				<ele>1711.205322</ele>
				<time>2026-07-19T15:39:41Z</time>
			</trkpt>
			<trkpt lat="48.036091" lon="-121.167007">
				<ele>1711.304443</ele>
				<time>2026-07-19T15:39:45Z</time>
			</trkpt>
			<trkpt lat="48.036137" lon="-121.167038">
				<ele>1711.152222</ele>
				<time>2026-07-19T15:39:49Z</time>
			</trkpt>
			<trkpt lat="48.036366" lon="-121.167259">
				<ele>1707.548096</ele>
				<time>2026-07-19T15:40:14Z</time>
			</trkpt>
			<trkpt lat="48.036392" lon="-121.16732">
				<ele>1708.266357</ele>
				<time>2026-07-19T15:40:19Z</time>
			</trkpt>
			<trkpt lat="48.036472" lon="-121.167503">
				<ele>1703.641602</ele>
				<time>2026-07-19T15:40:34Z</time>
			</trkpt>
			<trkpt lat="48.036503" lon="-121.167549">
				<ele>1704.228149</ele>
				<time>2026-07-19T15:40:38Z</time>
			</trkpt>
			<trkpt lat="48.036636" lon="-121.167732">
				<ele>1701.357056</ele>
				<time>2026-07-19T15:40:56Z</time>
			</trkpt>
			<trkpt lat="48.036686" lon="-121.167862">
				<ele>1701.779663</ele>
				<time>2026-07-19T15:41:06Z</time>
			</trkpt>
			<trkpt lat="48.036697" lon="-121.168068">
				<ele>1699.539795</ele>
				<time>2026-07-19T15:41:19Z</time>
			</trkpt>
			<trkpt lat="48.036709" lon="-121.168137">
				<ele>1700.256592</ele>
				<time>2026-07-19T15:41:24Z</time>
			</trkpt>
			<trkpt lat="48.036739" lon="-121.168282">
				<ele>1699.546631</ele>
				<time>2026-07-19T15:41:32Z</time>
			</trkpt>
			<trkpt lat="48.036739" lon="-121.16835">
				<ele>1700.059326</ele>
				<time>2026-07-19T15:41:37Z</time>
			</trkpt>
			<trkpt lat="48.036758" lon="-121.168411">
				<ele>1699.88855</ele>
				<time>2026-07-19T15:41:41Z</time>
			</trkpt>
			<trkpt lat="48.036789" lon="-121.168457">
				<ele>1700.962646</ele>
				<time>2026-07-19T15:41:45Z</time>
			</trkpt>
			<trkpt lat="48.036942" lon="-121.168648">
				<ele>1697.976563</ele>
				<time>2026-07-19T15:42:02Z</time>
			</trkpt>
			<trkpt lat="48.037014" lon="-121.168724">
				<ele>1698.815552</ele>
				<time>2026-07-19T15:42:11Z</time>
			</trkpt>
			<trkpt lat="48.037186" lon="-121.16893">
				<ele>1694.074219</ele>
				<time>2026-07-19T15:42:39Z</time>
			</trkpt>
			<trkpt lat="48.037361" lon="-121.169205">
				<ele>1691.586304</ele>
				<time>2026-07-19T15:43:05Z</time>
			</trkpt>
			<trkpt lat="48.037399" lon="-121.169228">
				<ele>1690.362305</ele>
				<time>2026-07-19T15:43:10Z</time>
			</trkpt>
			<trkpt lat="48.037441" lon="-121.169266">
				<ele>1690.422119</ele>
				<time>2026-07-19T15:43:15Z</time>
			</trkpt>
			<trkpt lat="48.037468" lon="-121.169327">
				<ele>1690.188232</ele>
				<time>2026-07-19T15:43:19Z</time>
			</trkpt>
			<trkpt lat="48.037495" lon="-121.169388">
				<ele>1688.954834</ele>
				<time>2026-07-19T15:43:24Z</time>
			</trkpt>
			<trkpt lat="48.037529" lon="-121.169456">
				<ele>1689.474731</ele>
				<time>2026-07-19T15:43:29Z</time>
			</trkpt>
			<trkpt lat="48.037651" lon="-121.169579">
				<ele>1685.906616</ele>
				<time>2026-07-19T15:43:41Z</time>
			</trkpt>
			<trkpt lat="48.037708" lon="-121.1698">
				<ele>1683.514893</ele>
				<time>2026-07-19T15:43:57Z</time>
			</trkpt>
			<trkpt lat="48.037716" lon="-121.169861">
				<ele>1683.518921</ele>
				<time>2026-07-19T15:44:02Z</time>
			</trkpt>
			<trkpt lat="48.037788" lon="-121.170135">
				<ele>1679.133667</ele>
				<time>2026-07-19T15:44:26Z</time>
			</trkpt>
			<trkpt lat="48.037838" lon="-121.170258">
				<ele>1679.509277</ele>
				<time>2026-07-19T15:44:35Z</time>
			</trkpt>
			<trkpt lat="48.037861" lon="-121.170334">
				<ele>1679.378418</ele>
				<time>2026-07-19T15:44:40Z</time>
			</trkpt>
			<trkpt lat="48.037876" lon="-121.170395">
				<ele>1680.736938</ele>
				<time>2026-07-19T15:44:44Z</time>
			</trkpt>
			<trkpt lat="48.037907" lon="-121.170456">
				<ele>1678.942993</ele>
				<time>2026-07-19T15:44:49Z</time>
			</trkpt>
			<trkpt lat="48.037945" lon="-121.170662">
				<ele>1677.103149</ele>
				<time>2026-07-19T15:45:03Z</time>
			</trkpt>
			<trkpt lat="48.037933" lon="-121.170799">
				<ele>1673.401489</ele>
				<time>2026-07-19T15:45:14Z</time>
			</trkpt>
			<trkpt lat="48.037937" lon="-121.170868">
				<ele>1673.226196</ele>
				<time>2026-07-19T15:45:19Z</time>
			</trkpt>
			<trkpt lat="48.037952" lon="-121.170944">
				<ele>1673.376953</ele>
				<time>2026-07-19T15:45:24Z</time>
			</trkpt>
			<trkpt lat="48.037998" lon="-121.171059">
				<ele>1670.805176</ele>
				<time>2026-07-19T15:45:35Z</time>
			</trkpt>
			<trkpt lat="48.038029" lon="-121.171112">
				<ele>1670.811401</ele>
				<time>2026-07-19T15:45:42Z</time>
			</trkpt>
			<trkpt lat="48.038197" lon="-121.171539">
				<ele>1666.494751</ele>
				<time>2026-07-19T15:46:17Z</time>
			</trkpt>
			<trkpt lat="48.038212" lon="-121.171616">
				<ele>1667.003906</ele>
				<time>2026-07-19T15:46:22Z</time>
			</trkpt>
			<trkpt lat="48.03817" lon="-121.17202">
				<ele>1664.388306</ele>
				<time>2026-07-19T15:46:46Z</time>
			</trkpt>
			<trkpt lat="48.038235" lon="-121.172295">
				<ele>1659.525391</ele>
				<time>2026-07-19T15:47:02Z</time>
			</trkpt>
			<trkpt lat="48.038261" lon="-121.172356">
				<ele>1659.02063</ele>
				<time>2026-07-19T15:47:06Z</time>
			</trkpt>
			<trkpt lat="48.038345" lon="-121.172531">
				<ele>1661.472412</ele>
				<time>2026-07-19T15:47:22Z</time>
			</trkpt>
			<trkpt lat="48.038422" lon="-121.172623">
				<ele>1659.051147</ele>
				<time>2026-07-19T15:47:32Z</time>
			</trkpt>
			<trkpt lat="48.038433" lon="-121.172691">
				<ele>1659.213013</ele>
				<time>2026-07-19T15:47:36Z</time>
			</trkpt>
			<trkpt lat="48.038471" lon="-121.172958">
				<ele>1656.181274</ele>
				<time>2026-07-19T15:47:52Z</time>
			</trkpt>
			<trkpt lat="48.038486" lon="-121.173035">
				<ele>1655.778564</ele>
				<time>2026-07-19T15:47:57Z</time>
			</trkpt>
			<trkpt lat="48.038494" lon="-121.173111">
				<ele>1657.222534</ele>
				<time>2026-07-19T15:48:02Z</time>
			</trkpt>
			<trkpt lat="48.038502" lon="-121.173195">
				<ele>1655.97583</ele>
				<time>2026-07-19T15:48:07Z</time>
			</trkpt>
			<trkpt lat="48.038502" lon="-121.173264">
				<ele>1655.966431</ele>
				<time>2026-07-19T15:48:11Z</time>
			</trkpt>
			<trkpt lat="48.038513" lon="-121.173332">
				<ele>1656.035889</ele>
				<time>2026-07-19T15:48:16Z</time>
			</trkpt>
			<trkpt lat="48.038536" lon="-121.173477">
				<ele>1654.052734</ele>
				<time>2026-07-19T15:48:25Z</time>
			</trkpt>
			<trkpt lat="48.038521" lon="-121.173553">
				<ele>1654.410522</ele>
				<time>2026-07-19T15:48:30Z</time>
			</trkpt>
			<trkpt lat="48.038521" lon="-121.173698">
				<ele>1648.10144</ele>
				<time>2026-07-19T15:48:42Z</time>
			</trkpt>
			<trkpt lat="48.038475" lon="-121.173935">
				<ele>1647.172119</ele>
				<time>2026-07-19T15:48:58Z</time>
			</trkpt>
			<trkpt lat="48.038445" lon="-121.174286">
				<ele>1638.671021</ele>
				<time>2026-07-19T15:49:24Z</time>
			</trkpt>
			<trkpt lat="48.038448" lon="-121.174355">
				<ele>1639.01355</ele>
				<time>2026-07-19T15:49:28Z</time>
			</trkpt>
			<trkpt lat="48.038479" lon="-121.174736">
				<ele>1635.605103</ele>
				<time>2026-07-19T15:49:49Z</time>
			</trkpt>
			<trkpt lat="48.038513" lon="-121.17495">
				<ele>1628.167847</ele>
				<time>2026-07-19T15:50:03Z</time>
			</trkpt>
			<trkpt lat="48.038525" lon="-121.175011">
				<ele>1628.540894</ele>
				<time>2026-07-19T15:50:07Z</time>
			</trkpt>
			<trkpt lat="48.038567" lon="-121.175224">
				<ele>1626.350098</ele>
				<time>2026-07-19T15:50:22Z</time>
			</trkpt>
			<trkpt lat="48.03857" lon="-121.175293">
				<ele>1624.080688</ele>
				<time>2026-07-19T15:50:27Z</time>
			</trkpt>
			<trkpt lat="48.038567" lon="-121.175499">
				<ele>1623.032104</ele>
				<time>2026-07-19T15:50:41Z</time>
			</trkpt>
			<trkpt lat="48.038559" lon="-121.175568">
				<ele>1623.050049</ele>
				<time>2026-07-19T15:50:46Z</time>
			</trkpt>
			<trkpt lat="48.038593" lon="-121.175697">
				<ele>1624.522949</ele>
				<time>2026-07-19T15:50:55Z</time>
			</trkpt>
			<trkpt lat="48.038612" lon="-121.175896">
				<ele>1622.501343</ele>
				<time>2026-07-19T15:51:07Z</time>
			</trkpt>
			<trkpt lat="48.038612" lon="-121.175964">
				<ele>1623.017944</ele>
				<time>2026-07-19T15:51:11Z</time>
			</trkpt>
			<trkpt lat="48.038643" lon="-121.176384">
				<ele>1614.981567</ele>
				<time>2026-07-19T15:51:40Z</time>
			</trkpt>
			<trkpt lat="48.038624" lon="-121.177437">
				<ele>1601.060059</ele>
				<time>2026-07-19T15:53:33Z</time>
			</trkpt>
			<trkpt lat="48.03849" lon="-121.177345">
				<ele>1599.112793</ele>
				<time>2026-07-19T15:53:50Z</time>
			</trkpt>
			<trkpt lat="48.038445" lon="-121.177338">
				<ele>1600.302734</ele>
				<time>2026-07-19T15:53:55Z</time>
			</trkpt>
			<trkpt lat="48.038399" lon="-121.177322">
				<ele>1599.805664</ele>
				<time>2026-07-19T15:54:01Z</time>
			</trkpt>
			<trkpt lat="48.038265" lon="-121.177231">
				<ele>1593.436401</ele>
				<time>2026-07-19T15:54:21Z</time>
			</trkpt>
			<trkpt lat="48.037899" lon="-121.176956">
				<ele>1584.702393</ele>
				<time>2026-07-19T15:55:03Z</time>
			</trkpt>
			<trkpt lat="48.037788" lon="-121.176628">
				<ele>1582.701294</ele>
				<time>2026-07-19T15:55:23Z</time>
			</trkpt>
			<trkpt lat="48.037701" lon="-121.176537">
				<ele>1583.690552</ele>
				<time>2026-07-19T15:55:31Z</time>
			</trkpt>
			<trkpt lat="48.037579" lon="-121.176392">
				<ele>1578.512207</ele>
				<time>2026-07-19T15:55:45Z</time>
			</trkpt>
			<trkpt lat="48.037544" lon="-121.176338">
				<ele>1578.074463</ele>
				<time>2026-07-19T15:55:49Z</time>
			</trkpt>
			<trkpt lat="48.037521" lon="-121.17627">
				<ele>1578.915649</ele>
				<time>2026-07-19T15:55:53Z</time>
			</trkpt>
			<trkpt lat="48.037457" lon="-121.17617">
				<ele>1575.879028</ele>
				<time>2026-07-19T15:56:02Z</time>
			</trkpt>
			<trkpt lat="48.037434" lon="-121.176109">
				<ele>1576.002808</ele>
				<time>2026-07-19T15:56:06Z</time>
			</trkpt>
			<trkpt lat="48.037407" lon="-121.176048">
				<ele>1575.472656</ele>
				<time>2026-07-19T15:56:11Z</time>
			</trkpt>
			<trkpt lat="48.037369" lon="-121.176147">
				<ele>1571.031982</ele>
				<time>2026-07-19T15:56:25Z</time>
			</trkpt>
			<trkpt lat="48.037373" lon="-121.176361">
				<ele>1570.19812</ele>
				<time>2026-07-19T15:56:39Z</time>
			</trkpt>
			<trkpt lat="48.037357" lon="-121.176498">
				<ele>1567.802979</ele>
				<time>2026-07-19T15:56:50Z</time>
			</trkpt>
			<trkpt lat="48.037174" lon="-121.17643">
				<ele>1564.942871</ele>
				<time>2026-07-19T15:57:10Z</time>
			</trkpt>
			<trkpt lat="48.036964" lon="-121.176155">
				<ele>1560.661987</ele>
				<time>2026-07-19T15:57:35Z</time>
			</trkpt>
			<trkpt lat="48.036938" lon="-121.176102">
				<ele>1560.827759</ele>
				<time>2026-07-19T15:57:38Z</time>
			</trkpt>
			<trkpt lat="48.036743" lon="-121.175743">
				<ele>1546.375854</ele>
				<time>2026-07-19T15:58:09Z</time>
			</trkpt>
			<trkpt lat="48.036701" lon="-121.175774">
				<ele>1541.882324</ele>
				<time>2026-07-19T15:58:20Z</time>
			</trkpt>
			<trkpt lat="48.036625" lon="-121.175964">
				<ele>1547.438721</ele>
				<time>2026-07-19T15:58:31Z</time>
			</trkpt>
			<trkpt lat="48.036564" lon="-121.176056">
				<ele>1545.007202</ele>
				<time>2026-07-19T15:58:43Z</time>
			</trkpt>
			<trkpt lat="48.03653" lon="-121.176201">
				<ele>1543.963257</ele>
				<time>2026-07-19T15:58:52Z</time>
			</trkpt>
			<trkpt lat="48.03653" lon="-121.176262">
				<ele>1543.975586</ele>
				<time>2026-07-19T15:58:56Z</time>
			</trkpt>
			<trkpt lat="48.036507" lon="-121.176338">
				<ele>1542.782959</ele>
				<time>2026-07-19T15:59:02Z</time>
			</trkpt>
			<trkpt lat="48.036457" lon="-121.176529">
				<ele>1537.591919</ele>
				<time>2026-07-19T15:59:19Z</time>
			</trkpt>
			<trkpt lat="48.036453" lon="-121.176605">
				<ele>1537.760742</ele>
				<time>2026-07-19T15:59:24Z</time>
			</trkpt>
			<trkpt lat="48.036457" lon="-121.176941">
				<ele>1533.925415</ele>
				<time>2026-07-19T15:59:47Z</time>
			</trkpt>
			<trkpt lat="48.036369" lon="-121.176979">
				<ele>1531.404907</ele>
				<time>2026-07-19T15:59:56Z</time>
			</trkpt>
			<trkpt lat="48.03624" lon="-121.176872">
				<ele>1527.95166</ele>
				<time>2026-07-19T16:00:09Z</time>
			</trkpt>
			<trkpt lat="48.036201" lon="-121.176819">
				<ele>1527.461182</ele>
				<time>2026-07-19T16:00:14Z</time>
			</trkpt>
			<trkpt lat="48.036163" lon="-121.176765">
				<ele>1527.519287</ele>
				<time>2026-07-19T16:00:17Z</time>
			</trkpt>
			<trkpt lat="48.03611" lon="-121.176636">
				<ele>1525.29187</ele>
				<time>2026-07-19T16:00:25Z</time>
			</trkpt>
			<trkpt lat="48.036095" lon="-121.176498">
				<ele>1517.464722</ele>
				<time>2026-07-19T16:00:37Z</time>
			</trkpt>
			<trkpt lat="48.036045" lon="-121.176369">
				<ele>1517.898926</ele>
				<time>2026-07-19T16:00:45Z</time>
			</trkpt>
			<trkpt lat="48.036022" lon="-121.176308">
				<ele>1517.555664</ele>
				<time>2026-07-19T16:00:49Z</time>
			</trkpt>
			<trkpt lat="48.036007" lon="-121.17617">
				<ele>1518.154297</ele>
				<time>2026-07-19T16:00:57Z</time>
			</trkpt>
			<trkpt lat="48.035984" lon="-121.176109">
				<ele>1517.373535</ele>
				<time>2026-07-19T16:01:03Z</time>
			</trkpt>
			<trkpt lat="48.035942" lon="-121.176071">
				<ele>1519.138184</ele>
				<time>2026-07-19T16:01:07Z</time>
			</trkpt>
			<trkpt lat="48.035881" lon="-121.175987">
				<ele>1518.183105</ele>
				<time>2026-07-19T16:01:15Z</time>
			</trkpt>
			<trkpt lat="48.035824" lon="-121.175865">
				<ele>1518.880005</ele>
				<time>2026-07-19T16:01:24Z</time>
			</trkpt>
			<trkpt lat="48.035789" lon="-121.175804">
				<ele>1517.698486</ele>
				<time>2026-07-19T16:01:28Z</time>
			</trkpt>
			<trkpt lat="48.035767" lon="-121.175743">
				<ele>1517.854492</ele>
				<time>2026-07-19T16:01:32Z</time>
			</trkpt>
			<trkpt lat="48.035732" lon="-121.175682">
				<ele>1517.710571</ele>
				<time>2026-07-19T16:01:37Z</time>
			</trkpt>
			<trkpt lat="48.035728" lon="-121.175751">
				<ele>1515.453613</ele>
				<time>2026-07-19T16:01:48Z</time>
			</trkpt>
			<trkpt lat="48.035713" lon="-121.17588">
				<ele>1517.221558</ele>
				<time>2026-07-19T16:01:57Z</time>
			</trkpt>
			<trkpt lat="48.035683" lon="-121.176086">
				<ele>1505.232178</ele>
				<time>2026-07-19T16:02:12Z</time>
			</trkpt>
			<trkpt lat="48.035686" lon="-121.176163">
				<ele>1506.992065</ele>
				<time>2026-07-19T16:02:16Z</time>
			</trkpt>
			<trkpt lat="48.035667" lon="-121.176582">
				<ele>1501.225342</ele>
				<time>2026-07-19T16:02:38Z</time>
			</trkpt>
			<trkpt lat="48.03566" lon="-121.176651">
				<ele>1501.991821</ele>
				<time>2026-07-19T16:02:41Z</time>
			</trkpt>
			<trkpt lat="48.035652" lon="-121.17672">
				<ele>1499.992554</ele>
				<time>2026-07-19T16:02:45Z</time>
			</trkpt>
			<trkpt lat="48.035656" lon="-121.176788">
				<ele>1499.351074</ele>
				<time>2026-07-19T16:02:48Z</time>
			</trkpt>
			<trkpt lat="48.035652" lon="-121.176857">
				<ele>1499.796143</ele>
				<time>2026-07-19T16:02:52Z</time>
			</trkpt>
			<trkpt lat="48.035614" lon="-121.176987">
				<ele>1498.37793</ele>
				<time>2026-07-19T16:03:01Z</time>
			</trkpt>
			<trkpt lat="48.035614" lon="-121.177139">
				<ele>1500.425903</ele>
				<time>2026-07-19T16:03:07Z</time>
			</trkpt>
			<trkpt lat="48.035603" lon="-121.177216">
				<ele>1499.169067</ele>
				<time>2026-07-19T16:03:11Z</time>
			</trkpt>
			<trkpt lat="48.03558" lon="-121.177284">
				<ele>1500.300903</ele>
				<time>2026-07-19T16:03:15Z</time>
			</trkpt>
			<trkpt lat="48.035576" lon="-121.177361">
				<ele>1498.802612</ele>
				<time>2026-07-19T16:03:19Z</time>
			</trkpt>
			<trkpt lat="48.035583" lon="-121.177422">
				<ele>1498.957886</ele>
				<time>2026-07-19T16:03:23Z</time>
			</trkpt>
			<trkpt lat="48.03561" lon="-121.177483">
				<ele>1494.805542</ele>
				<time>2026-07-19T16:03:28Z</time>
			</trkpt>
			<trkpt lat="48.035622" lon="-121.177559">
				<ele>1494.105957</ele>
				<time>2026-07-19T16:03:32Z</time>
			</trkpt>
			<trkpt lat="48.035633" lon="-121.177704">
				<ele>1494.817261</ele>
				<time>2026-07-19T16:03:40Z</time>
			</trkpt>
			<trkpt lat="48.035652" lon="-121.177765">
				<ele>1493.990356</ele>
				<time>2026-07-19T16:03:44Z</time>
			</trkpt>
			<trkpt lat="48.035652" lon="-121.177872">
				<ele>1488.672241</ele>
				<time>2026-07-19T16:03:53Z</time>
			</trkpt>
			<trkpt lat="48.03561" lon="-121.177849">
				<ele>1487.649048</ele>
				<time>2026-07-19T16:03:57Z</time>
			</trkpt>
			<trkpt lat="48.035519" lon="-121.177841">
				<ele>1490.027466</ele>
				<time>2026-07-19T16:04:04Z</time>
			</trkpt>
			<trkpt lat="48.03537" lon="-121.177658">
				<ele>1485.412231</ele>
				<time>2026-07-19T16:04:22Z</time>
			</trkpt>
			<trkpt lat="48.035339" lon="-121.177597">
				<ele>1484.937378</ele>
				<time>2026-07-19T16:04:26Z</time>
			</trkpt>
			<trkpt lat="48.035286" lon="-121.177597">
				<ele>1485.327881</ele>
				<time>2026-07-19T16:04:30Z</time>
			</trkpt>
			<trkpt lat="48.035244" lon="-121.177567">
				<ele>1484.021484</ele>
				<time>2026-07-19T16:04:34Z</time>
			</trkpt>
			<trkpt lat="48.035179" lon="-121.177307">
				<ele>1477.209961</ele>
				<time>2026-07-19T16:04:52Z</time>
			</trkpt>
			<trkpt lat="48.035152" lon="-121.177238">
				<ele>1476.751953</ele>
				<time>2026-07-19T16:04:56Z</time>
			</trkpt>
			<trkpt lat="48.035069" lon="-121.177155">
				<ele>1479.319092</ele>
				<time>2026-07-19T16:05:04Z</time>
			</trkpt>
			<trkpt lat="48.034954" lon="-121.176956">
				<ele>1474.250732</ele>
				<time>2026-07-19T16:05:21Z</time>
			</trkpt>
			<trkpt lat="48.034939" lon="-121.17688">
				<ele>1474.051514</ele>
				<time>2026-07-19T16:05:25Z</time>
			</trkpt>
			<trkpt lat="48.034904" lon="-121.176842">
				<ele>1474.766479</ele>
				<time>2026-07-19T16:05:46Z</time>
			</trkpt>
			<trkpt lat="48.034836" lon="-121.176743">
				<ele>1474.233643</ele>
				<time>2026-07-19T16:05:57Z</time>
			</trkpt>
			<trkpt lat="48.034805" lon="-121.176689">
				<ele>1475.55481</ele>
				<time>2026-07-19T16:06:00Z</time>
			</trkpt>
			<trkpt lat="48.034782" lon="-121.176628">
				<ele>1472.809692</ele>
				<time>2026-07-19T16:06:05Z</time>
			</trkpt>
			<trkpt lat="48.034668" lon="-121.176384">
				<ele>1468.88562</ele>
				<time>2026-07-19T16:06:23Z</time>
			</trkpt>
			<trkpt lat="48.034637" lon="-121.176331">
				<ele>1469.874512</ele>
				<time>2026-07-19T16:06:26Z</time>
			</trkpt>
			<trkpt lat="48.034573" lon="-121.176216">
				<ele>1467.079346</ele>
				<time>2026-07-19T16:06:35Z</time>
			</trkpt>
			<trkpt lat="48.034527" lon="-121.17617">
				<ele>1469.538818</ele>
				<time>2026-07-19T16:06:39Z</time>
			</trkpt>
			<trkpt lat="48.034386" lon="-121.175888">
				<ele>1461.998779</ele>
				<time>2026-07-19T16:07:04Z</time>
			</trkpt>
			<trkpt lat="48.034309" lon="-121.175789">
				<ele>1461.075439</ele>
				<time>2026-07-19T16:07:13Z</time>
			</trkpt>
			<trkpt lat="48.034206" lon="-121.17556">
				<ele>1455.602905</ele>
				<time>2026-07-19T16:07:31Z</time>
			</trkpt>
			<trkpt lat="48.034172" lon="-121.175491">
				<ele>1456.460571</ele>
				<time>2026-07-19T16:07:35Z</time>
			</trkpt>
			<trkpt lat="48.034119" lon="-121.175308">
				<ele>1452.668701</ele>
				<time>2026-07-19T16:07:49Z</time>
			</trkpt>
			<trkpt lat="48.034046" lon="-121.175224">
				<ele>1448.980347</ele>
				<time>2026-07-19T16:08:00Z</time>
			</trkpt>
			<trkpt lat="48.033932" lon="-121.175346">
				<ele>1443.601685</ele>
				<time>2026-07-19T16:08:18Z</time>
			</trkpt>
			<trkpt lat="48.033871" lon="-121.175438">
				<ele>1441.239014</ele>
				<time>2026-07-19T16:08:28Z</time>
			</trkpt>
			<trkpt lat="48.033836" lon="-121.175491">
				<ele>1443.041382</ele>
				<time>2026-07-19T16:08:34Z</time>
			</trkpt>
			<trkpt lat="48.033749" lon="-121.175667">
				<ele>1436.643677</ele>
				<time>2026-07-19T16:08:48Z</time>
			</trkpt>
			<trkpt lat="48.033646" lon="-121.175797">
				<ele>1434.141357</ele>
				<time>2026-07-19T16:09:03Z</time>
			</trkpt>
			<trkpt lat="48.033558" lon="-121.175644">
				<ele>1432.66626</ele>
				<time>2026-07-19T16:09:17Z</time>
			</trkpt>
			<trkpt lat="48.033459" lon="-121.175369">
				<ele>1427.240723</ele>
				<time>2026-07-19T16:09:37Z</time>
			</trkpt>
			<trkpt lat="48.033054" lon="-121.175278">
				<ele>1414.635132</ele>
				<time>2026-07-19T16:10:27Z</time>
			</trkpt>
			<trkpt lat="48.03299" lon="-121.175385">
				<ele>1413.495483</ele>
				<time>2026-07-19T16:10:38Z</time>
			</trkpt>
			<trkpt lat="48.032883" lon="-121.175613">
				<ele>1407.53125</ele>
				<time>2026-07-19T16:11:02Z</time>
			</trkpt>
			<trkpt lat="48.032856" lon="-121.175758">
				<ele>1406.672485</ele>
				<time>2026-07-19T16:11:13Z</time>
			</trkpt>
			<trkpt lat="48.032825" lon="-121.175819">
				<ele>1404.167236</ele>
				<time>2026-07-19T16:11:19Z</time>
			</trkpt>
			<trkpt lat="48.032799" lon="-121.175949">
				<ele>1402.650635</ele>
				<time>2026-07-19T16:11:28Z</time>
			</trkpt>
			<trkpt lat="48.032806" lon="-121.17601">
				<ele>1402.998413</ele>
				<time>2026-07-19T16:11:32Z</time>
			</trkpt>
			<trkpt lat="48.032814" lon="-121.176086">
				<ele>1401.490601</ele>
				<time>2026-07-19T16:11:37Z</time>
			</trkpt>
			<trkpt lat="48.032829" lon="-121.176216">
				<ele>1401.78125</ele>
				<time>2026-07-19T16:11:47Z</time>
			</trkpt>
			<trkpt lat="48.032822" lon="-121.176285">
				<ele>1401.199097</ele>
				<time>2026-07-19T16:11:52Z</time>
			</trkpt>
			<trkpt lat="48.032795" lon="-121.176414">
				<ele>1396.992432</ele>
				<time>2026-07-19T16:12:03Z</time>
			</trkpt>
			<trkpt lat="48.032745" lon="-121.176529">
				<ele>1396.260864</ele>
				<time>2026-07-19T16:12:11Z</time>
			</trkpt>
			<trkpt lat="48.0327" lon="-121.176659">
				<ele>1393.544434</ele>
				<time>2026-07-19T16:12:22Z</time>
			</trkpt>
			<trkpt lat="48.032642" lon="-121.176834">
				<ele>1392.512695</ele>
				<time>2026-07-19T16:12:34Z</time>
			</trkpt>
			<trkpt lat="48.032612" lon="-121.176971">
				<ele>1389.74585</ele>
				<time>2026-07-19T16:12:43Z</time>
			</trkpt>
			<trkpt lat="48.032566" lon="-121.177094">
				<ele>1389.995117</ele>
				<time>2026-07-19T16:12:52Z</time>
			</trkpt>
			<trkpt lat="48.032501" lon="-121.177559">
				<ele>1381.088745</ele>
				<time>2026-07-19T16:13:23Z</time>
			</trkpt>
			<trkpt lat="48.03249" lon="-121.177635">
				<ele>1382.108643</ele>
				<time>2026-07-19T16:13:28Z</time>
			</trkpt>
			<trkpt lat="48.032486" lon="-121.177704">
				<ele>1379.321777</ele>
				<time>2026-07-19T16:13:35Z</time>
			</trkpt>
			<trkpt lat="48.032486" lon="-121.177849">
				<ele>1381.586426</ele>
				<time>2026-07-19T16:13:46Z</time>
			</trkpt>
			<trkpt lat="48.032398" lon="-121.178078">
				<ele>1374.792847</ele>
				<time>2026-07-19T16:14:04Z</time>
			</trkpt>
			<trkpt lat="48.032398" lon="-121.178146">
				<ele>1373.738037</ele>
				<time>2026-07-19T16:14:08Z</time>
			</trkpt>
			<trkpt lat="48.032383" lon="-121.178215">
				<ele>1373.772949</ele>
				<time>2026-07-19T16:14:12Z</time>
			</trkpt>
			<trkpt lat="48.03236" lon="-121.17836">
				<ele>1369.884033</ele>
				<time>2026-07-19T16:14:23Z</time>
			</trkpt>
			<trkpt lat="48.032352" lon="-121.178429">
				<ele>1369.921997</ele>
				<time>2026-07-19T16:14:28Z</time>
			</trkpt>
			<trkpt lat="48.032337" lon="-121.178566">
				<ele>1368.042236</ele>
				<time>2026-07-19T16:14:37Z</time>
			</trkpt>
			<trkpt lat="48.032341" lon="-121.178635">
				<ele>1368.61499</ele>
				<time>2026-07-19T16:14:42Z</time>
			</trkpt>
			<trkpt lat="48.032307" lon="-121.179207">
				<ele>1356.733154</ele>
				<time>2026-07-19T16:15:22Z</time>
			</trkpt>
			<trkpt lat="48.032433" lon="-121.17939">
				<ele>1354.530273</ele>
				<time>2026-07-19T16:15:39Z</time>
			</trkpt>
			<trkpt lat="48.03244" lon="-121.179466">
				<ele>1354.983765</ele>
				<time>2026-07-19T16:15:44Z</time>
			</trkpt>
			<trkpt lat="48.032413" lon="-121.179527">
				<ele>1354.860229</ele>
				<time>2026-07-19T16:15:48Z</time>
			</trkpt>
			<trkpt lat="48.032394" lon="-121.179581">
				<ele>1351.494873</ele>
				<time>2026-07-19T16:15:54Z</time>
			</trkpt>
			<trkpt lat="48.03233" lon="-121.179832">
				<ele>1346.626343</ele>
				<time>2026-07-19T16:16:15Z</time>
			</trkpt>
			<trkpt lat="48.032303" lon="-121.179886">
				<ele>1348.712402</ele>
				<time>2026-07-19T16:16:20Z</time>
			</trkpt>
			<trkpt lat="48.032158" lon="-121.180069">
				<ele>1345.263794</ele>
				<time>2026-07-19T16:16:38Z</time>
			</trkpt>
			<trkpt lat="48.03212" lon="-121.180107">
				<ele>1341.080566</ele>
				<time>2026-07-19T16:16:43Z</time>
			</trkpt>
			<trkpt lat="48.032082" lon="-121.180237">
				<ele>1339.280884</ele>
				<time>2026-07-19T16:16:53Z</time>
			</trkpt>
			<trkpt lat="48.032089" lon="-121.180305">
				<ele>1339.666748</ele>
				<time>2026-07-19T16:16:58Z</time>
			</trkpt>
			<trkpt lat="48.032085" lon="-121.180367">
				<ele>1338.693359</ele>
				<time>2026-07-19T16:17:02Z</time>
			</trkpt>
			<trkpt lat="48.032078" lon="-121.180435">
				<ele>1339.730957</ele>
				<time>2026-07-19T16:17:06Z</time>
			</trkpt>
			<trkpt lat="48.032211" lon="-121.180817">
				<ele>1331.482666</ele>
				<time>2026-07-19T16:17:31Z</time>
			</trkpt>
			<trkpt lat="48.032249" lon="-121.180946">
				<ele>1332.169189</ele>
				<time>2026-07-19T16:17:40Z</time>
			</trkpt>
			<trkpt lat="48.032276" lon="-121.181">
				<ele>1330.448364</ele>
				<time>2026-07-19T16:17:44Z</time>
			</trkpt>
			<trkpt lat="48.032288" lon="-121.181084">
				<ele>1330.551636</ele>
				<time>2026-07-19T16:17:48Z</time>
			</trkpt>
			<trkpt lat="48.032303" lon="-121.181145">
				<ele>1329.438599</ele>
				<time>2026-07-19T16:17:52Z</time>
			</trkpt>
			<trkpt lat="48.032276" lon="-121.181313">
				<ele>1332.12915</ele>
				<time>2026-07-19T16:17:59Z</time>
			</trkpt>
			<trkpt lat="48.032303" lon="-121.18145">
				<ele>1330.854492</ele>
				<time>2026-07-19T16:18:07Z</time>
			</trkpt>
			<trkpt lat="48.032337" lon="-121.181564">
				<ele>1331.29187</ele>
				<time>2026-07-19T16:18:15Z</time>
			</trkpt>
			<trkpt lat="48.032356" lon="-121.181625">
				<ele>1329.590942</ele>
				<time>2026-07-19T16:18:19Z</time>
			</trkpt>
			<trkpt lat="48.032394" lon="-121.181679">
				<ele>1331.287354</ele>
				<time>2026-07-19T16:18:24Z</time>
			</trkpt>
			<trkpt lat="48.032463" lon="-121.1819">
				<ele>1324.953369</ele>
				<time>2026-07-19T16:18:48Z</time>
			</trkpt>
			<trkpt lat="48.032475" lon="-121.18203">
				<ele>1324.61853</ele>
				<time>2026-07-19T16:18:56Z</time>
			</trkpt>
			<trkpt lat="48.032566" lon="-121.182419">
				<ele>1319.212769</ele>
				<time>2026-07-19T16:19:22Z</time>
			</trkpt>
			<trkpt lat="48.032593" lon="-121.182472">
				<ele>1319.504639</ele>
				<time>2026-07-19T16:19:26Z</time>
			</trkpt>
			<trkpt lat="48.032681" lon="-121.182617">
				<ele>1317.796753</ele>
				<time>2026-07-19T16:19:39Z</time>
			</trkpt>
			<trkpt lat="48.032703" lon="-121.182678">
				<ele>1318.172363</ele>
				<time>2026-07-19T16:19:43Z</time>
			</trkpt>
			<trkpt lat="48.032726" lon="-121.182732">
				<ele>1317.803711</ele>
				<time>2026-07-19T16:19:47Z</time>
			</trkpt>
			<trkpt lat="48.032764" lon="-121.182861">
				<ele>1314.240356</ele>
				<time>2026-07-19T16:19:55Z</time>
			</trkpt>
			<trkpt lat="48.03281" lon="-121.182999">
				<ele>1313.415283</ele>
				<time>2026-07-19T16:20:03Z</time>
			</trkpt>
			<trkpt lat="48.032829" lon="-121.183067">
				<ele>1312.084229</ele>
				<time>2026-07-19T16:20:07Z</time>
			</trkpt>
			<trkpt lat="48.032864" lon="-121.183128">
				<ele>1313.274536</ele>
				<time>2026-07-19T16:20:11Z</time>
			</trkpt>
			<trkpt lat="48.032986" lon="-121.183243">
				<ele>1309.355591</ele>
				<time>2026-07-19T16:20:25Z</time>
			</trkpt>
			<trkpt lat="48.032913" lon="-121.183334">
				<ele>1311.682983</ele>
				<time>2026-07-19T16:20:33Z</time>
			</trkpt>
			<trkpt lat="48.032787" lon="-121.183235">
				<ele>1305.087402</ele>
				<time>2026-07-19T16:20:49Z</time>
			</trkpt>
			<trkpt lat="48.032745" lon="-121.183197">
				<ele>1304.543579</ele>
				<time>2026-07-19T16:20:53Z</time>
			</trkpt>
			<trkpt lat="48.032696" lon="-121.183159">
				<ele>1305.128418</ele>
				<time>2026-07-19T16:20:58Z</time>
			</trkpt>
			<trkpt lat="48.032627" lon="-121.183052">
				<ele>1304.486328</ele>
				<time>2026-07-19T16:21:05Z</time>
			</trkpt>
			<trkpt lat="48.032589" lon="-121.183014">
				<ele>1302.224731</ele>
				<time>2026-07-19T16:21:11Z</time>
			</trkpt>
			<trkpt lat="48.03252" lon="-121.182907">
				<ele>1303.376099</ele>
				<time>2026-07-19T16:21:19Z</time>
			</trkpt>
			<trkpt lat="48.032284" lon="-121.182671">
				<ele>1295.797119</ele>
				<time>2026-07-19T16:21:45Z</time>
			</trkpt>
			<trkpt lat="48.032101" lon="-121.182419">
				<ele>1291.295532</ele>
				<time>2026-07-19T16:22:08Z</time>
			</trkpt>
			<trkpt lat="48.032078" lon="-121.182365">
				<ele>1291.596558</ele>
				<time>2026-07-19T16:22:12Z</time>
			</trkpt>
			<trkpt lat="48.032055" lon="-121.182312">
				<ele>1289.536377</ele>
				<time>2026-07-19T16:22:17Z</time>
			</trkpt>
			<trkpt lat="48.032043" lon="-121.182373">
				<ele>1289.723633</ele>
				<time>2026-07-19T16:22:22Z</time>
			</trkpt>
			<trkpt lat="48.032089" lon="-121.182579">
				<ele>1282.52124</ele>
				<time>2026-07-19T16:22:41Z</time>
			</trkpt>
			<trkpt lat="48.032101" lon="-121.182655">
				<ele>1282.831787</ele>
				<time>2026-07-19T16:22:46Z</time>
			</trkpt>
			<trkpt lat="48.032246" lon="-121.183075">
				<ele>1273.785278</ele>
				<time>2026-07-19T16:23:21Z</time>
			</trkpt>
			<trkpt lat="48.032257" lon="-121.183136">
				<ele>1274.684692</ele>
				<time>2026-07-19T16:23:27Z</time>
			</trkpt>
			<trkpt lat="48.032467" lon="-121.183517">
				<ele>1263.718384</ele>
				<time>2026-07-19T16:24:02Z</time>
			</trkpt>
			<trkpt lat="48.032478" lon="-121.183601">
				<ele>1265.524048</ele>
				<time>2026-07-19T16:24:06Z</time>
			</trkpt>
			<trkpt lat="48.032543" lon="-121.183792">
				<ele>1262.984741</ele>
				<time>2026-07-19T16:24:21Z</time>
			</trkpt>
			<trkpt lat="48.032375" lon="-121.183662">
				<ele>1257.231567</ele>
				<time>2026-07-19T16:24:56Z</time>
			</trkpt>
			<trkpt lat="48.032345" lon="-121.183617">
				<ele>1256.501465</ele>
				<time>2026-07-19T16:25:00Z</time>
			</trkpt>
			<trkpt lat="48.032307" lon="-121.183571">
				<ele>1256.502319</ele>
				<time>2026-07-19T16:25:05Z</time>
			</trkpt>
			<trkpt lat="48.032272" lon="-121.183517">
				<ele>1256.354614</ele>
				<time>2026-07-19T16:25:10Z</time>
			</trkpt>
			<trkpt lat="48.032234" lon="-121.183479">
				<ele>1256.483032</ele>
				<time>2026-07-19T16:25:14Z</time>
			</trkpt>
			<trkpt lat="48.032295" lon="-121.183586">
				<ele>1251.354004</ele>
				<time>2026-07-19T16:25:28Z</time>
			</trkpt>
			<trkpt lat="48.032352" lon="-121.183823">
				<ele>1248.041504</ele>
				<time>2026-07-19T16:25:47Z</time>
			</trkpt>
			<trkpt lat="48.032322" lon="-121.183868">
				<ele>1244.145508</ele>
				<time>2026-07-19T16:25:55Z</time>
			</trkpt>
			<trkpt lat="48.03228" lon="-121.183838">
				<ele>1244.724976</ele>
				<time>2026-07-19T16:25:59Z</time>
			</trkpt>
			<trkpt lat="48.032207" lon="-121.183762">
				<ele>1242.974731</ele>
				<time>2026-07-19T16:26:11Z</time>
			</trkpt>
			<trkpt lat="48.032162" lon="-121.183731">
				<ele>1243.475098</ele>
				<time>2026-07-19T16:26:16Z</time>
			</trkpt>
			<trkpt lat="48.032108" lon="-121.183723">
				<ele>1242.653931</ele>
				<time>2026-07-19T16:26:22Z</time>
			</trkpt>
			<trkpt lat="48.031956" lon="-121.183479">
				<ele>1233.956177</ele>
				<time>2026-07-19T16:26:44Z</time>
			</trkpt>
			<trkpt lat="48.031933" lon="-121.18354">
				<ele>1232.825684</ele>
				<time>2026-07-19T16:26:53Z</time>
			</trkpt>
			<trkpt lat="48.031925" lon="-121.183617">
				<ele>1233.523315</ele>
				<time>2026-07-19T16:26:57Z</time>
			</trkpt>
			<trkpt lat="48.031933" lon="-121.183693">
				<ele>1229.432861</ele>
				<time>2026-07-19T16:27:03Z</time>
			</trkpt>
			<trkpt lat="48.031944" lon="-121.183762">
				<ele>1232.078735</ele>
				<time>2026-07-19T16:27:06Z</time>
			</trkpt>
			<trkpt lat="48.032021" lon="-121.183937">
				<ele>1229.334229</ele>
				<time>2026-07-19T16:27:20Z</time>
			</trkpt>
			<trkpt lat="48.032063" lon="-121.18399">
				<ele>1229.345215</ele>
				<time>2026-07-19T16:27:25Z</time>
			</trkpt>
			<trkpt lat="48.032104" lon="-121.184029">
				<ele>1230.587646</ele>
				<time>2026-07-19T16:27:29Z</time>
			</trkpt>
			<trkpt lat="48.03215" lon="-121.184044">
				<ele>1228.112915</ele>
				<time>2026-07-19T16:27:33Z</time>
			</trkpt>
			<trkpt lat="48.032135" lon="-121.18412">
				<ele>1227.756836</ele>
				<time>2026-07-19T16:27:43Z</time>
			</trkpt>
			<trkpt lat="48.032089" lon="-121.184113">
				<ele>1227.600952</ele>
				<time>2026-07-19T16:27:47Z</time>
			</trkpt>
			<trkpt lat="48.032043" lon="-121.184097">
				<ele>1227.980591</ele>
				<time>2026-07-19T16:27:51Z</time>
			</trkpt>
			<trkpt lat="48.031918" lon="-121.18399">
				<ele>1222.980103</ele>
				<time>2026-07-19T16:28:05Z</time>
			</trkpt>
			<trkpt lat="48.031883" lon="-121.183937">
				<ele>1222.358765</ele>
				<time>2026-07-19T16:28:08Z</time>
			</trkpt>
			<trkpt lat="48.031857" lon="-121.183876">
				<ele>1223.842896</ele>
				<time>2026-07-19T16:28:12Z</time>
			</trkpt>
			<trkpt lat="48.031788" lon="-121.183708">
				<ele>1220.722168</ele>
				<time>2026-07-19T16:28:24Z</time>
			</trkpt>
			<trkpt lat="48.031773" lon="-121.18364">
				<ele>1220.915894</ele>
				<time>2026-07-19T16:28:29Z</time>
			</trkpt>
			<trkpt lat="48.031788" lon="-121.18399">
				<ele>1214.374634</ele>
				<time>2026-07-19T16:29:00Z</time>
			</trkpt>
			<trkpt lat="48.031876" lon="-121.184143">
				<ele>1208.838013</ele>
				<time>2026-07-19T16:29:15Z</time>
			</trkpt>
			<trkpt lat="48.031906" lon="-121.184296">
				<ele>1208.331665</ele>
				<time>2026-07-19T16:29:25Z</time>
			</trkpt>
			<trkpt lat="48.031918" lon="-121.184402">
				<ele>1205.855957</ele>
				<time>2026-07-19T16:29:40Z</time>
			</trkpt>
			<trkpt lat="48.031784" lon="-121.184395">
				<ele>1201.529175</ele>
				<time>2026-07-19T16:29:55Z</time>
			</trkpt>
			<trkpt lat="48.031525" lon="-121.184189">
				<ele>1196.403931</ele>
				<time>2026-07-19T16:30:24Z</time>
			</trkpt>
			<trkpt lat="48.031487" lon="-121.184151">
				<ele>1194.189209</ele>
				<time>2026-07-19T16:30:29Z</time>
			</trkpt>
			<trkpt lat="48.031441" lon="-121.184166">
				<ele>1194.910645</ele>
				<time>2026-07-19T16:30:34Z</time>
			</trkpt>
			<trkpt lat="48.031326" lon="-121.184212">
				<ele>1188.290771</ele>
				<time>2026-07-19T16:30:54Z</time>
			</trkpt>
			<trkpt lat="48.031353" lon="-121.184273">
				<ele>1188.674316</ele>
				<time>2026-07-19T16:30:59Z</time>
			</trkpt>
			<trkpt lat="48.03162" lon="-121.184738">
				<ele>1175.307495</ele>
				<time>2026-07-19T16:31:45Z</time>
			</trkpt>
			<trkpt lat="48.031776" lon="-121.185043">
				<ele>1173.03418</ele>
				<time>2026-07-19T16:32:12Z</time>
			</trkpt>
			<trkpt lat="48.031803" lon="-121.185226">
				<ele>1167.967285</ele>
				<time>2026-07-19T16:32:30Z</time>
			</trkpt>
			<trkpt lat="48.031841" lon="-121.185516">
				<ele>1167.208984</ele>
				<time>2026-07-19T16:32:48Z</time>
			</trkpt>
			<trkpt lat="48.031864" lon="-121.185799">
				<ele>1162.956055</ele>
				<time>2026-07-19T16:33:08Z</time>
			</trkpt>
			<trkpt lat="48.031837" lon="-121.185844">
				<ele>1162.974121</ele>
				<time>2026-07-19T16:33:16Z</time>
			</trkpt>
			<trkpt lat="48.031712" lon="-121.185738">
				<ele>1155.494019</ele>
				<time>2026-07-19T16:33:31Z</time>
			</trkpt>
			<trkpt lat="48.031628" lon="-121.185661">
				<ele>1155.710571</ele>
				<time>2026-07-19T16:33:39Z</time>
			</trkpt>
			<trkpt lat="48.031479" lon="-121.185463">
				<ele>1149.543091</ele>
				<time>2026-07-19T16:33:59Z</time>
			</trkpt>
			<trkpt lat="48.031445" lon="-121.18541">
				<ele>1150.605591</ele>
				<time>2026-07-19T16:34:03Z</time>
			</trkpt>
			<trkpt lat="48.031376" lon="-121.185287">
				<ele>1147.937134</ele>
				<time>2026-07-19T16:34:12Z</time>
			</trkpt>
			<trkpt lat="48.031326" lon="-121.185272">
				<ele>1148.370239</ele>
				<time>2026-07-19T16:34:16Z</time>
			</trkpt>
			<trkpt lat="48.031227" lon="-121.185265">
				<ele>1144.334229</ele>
				<time>2026-07-19T16:34:26Z</time>
			</trkpt>
			<trkpt lat="48.031174" lon="-121.185272">
				<ele>1144.893433</ele>
				<time>2026-07-19T16:34:30Z</time>
			</trkpt>
			<trkpt lat="48.031128" lon="-121.185265">
				<ele>1144.642944</ele>
				<time>2026-07-19T16:34:33Z</time>
			</trkpt>
			<trkpt lat="48.030991" lon="-121.185181">
				<ele>1137.827148</ele>
				<time>2026-07-19T16:34:46Z</time>
			</trkpt>
			<trkpt lat="48.030895" lon="-121.185165">
				<ele>1138.646851</ele>
				<time>2026-07-19T16:34:55Z</time>
			</trkpt>
			<trkpt lat="48.030628" lon="-121.185051">
				<ele>1130.799683</ele>
				<time>2026-07-19T16:35:24Z</time>
			</trkpt>
			<trkpt lat="48.03054" lon="-121.184998">
				<ele>1132.458862</ele>
				<time>2026-07-19T16:35:33Z</time>
			</trkpt>
			<trkpt lat="48.030514" lon="-121.184944">
				<ele>1131.647461</ele>
				<time>2026-07-19T16:35:37Z</time>
			</trkpt>
			<trkpt lat="48.030472" lon="-121.184937">
				<ele>1127.449829</ele>
				<time>2026-07-19T16:35:42Z</time>
			</trkpt>
			<trkpt lat="48.030426" lon="-121.184921">
				<ele>1127.83313</ele>
				<time>2026-07-19T16:35:46Z</time>
			</trkpt>
			<trkpt lat="48.030289" lon="-121.184868">
				<ele>1123.64917</ele>
				<time>2026-07-19T16:36:00Z</time>
			</trkpt>
			<trkpt lat="48.030117" lon="-121.184555">
				<ele>1107.977295</ele>
				<time>2026-07-19T16:36:32Z</time>
			</trkpt>
			<trkpt lat="48.030071" lon="-121.184517">
				<ele>1107.984375</ele>
				<time>2026-07-19T16:36:36Z</time>
			</trkpt>
			<trkpt lat="48.030048" lon="-121.184464">
				<ele>1107.499268</ele>
				<time>2026-07-19T16:36:41Z</time>
			</trkpt>
			<trkpt lat="48.03001" lon="-121.184494">
				<ele>1104.246826</ele>
				<time>2026-07-19T16:36:51Z</time>
			</trkpt>
			<trkpt lat="48.02998" lon="-121.184624">
				<ele>1110.920898</ele>
				<time>2026-07-19T16:37:50Z</time>
			</trkpt>
			<trkpt lat="48.029961" lon="-121.184692">
				<ele>1111.050537</ele>
				<time>2026-07-19T16:37:55Z</time>
			</trkpt>
			<trkpt lat="48.030022" lon="-121.184959">
				<ele>1103.010986</ele>
				<time>2026-07-19T16:38:17Z</time>
			</trkpt>
			<trkpt lat="48.030033" lon="-121.185181">
				<ele>1100.883423</ele>
				<time>2026-07-19T16:38:32Z</time>
			</trkpt>
			<trkpt lat="48.030102" lon="-121.185501">
				<ele>1095.165039</ele>
				<time>2026-07-19T16:38:55Z</time>
			</trkpt>
			<trkpt lat="48.030098" lon="-121.185707">
				<ele>1089.618896</ele>
				<time>2026-07-19T16:39:10Z</time>
			</trkpt>
			<trkpt lat="48.030136" lon="-121.186066">
				<ele>1084.018799</ele>
				<time>2026-07-19T16:39:32Z</time>
			</trkpt>
			<trkpt lat="48.03022" lon="-121.186409">
				<ele>1075.146362</ele>
				<time>2026-07-19T16:39:55Z</time>
			</trkpt>
			<trkpt lat="48.030247" lon="-121.186554">
				<ele>1072.59436</ele>
				<time>2026-07-19T16:40:05Z</time>
			</trkpt>
			<trkpt lat="48.030285" lon="-121.18676">
				<ele>1071.207031</ele>
				<time>2026-07-19T16:40:18Z</time>
			</trkpt>
			<trkpt lat="48.030106" lon="-121.186653">
				<ele>1063.404541</ele>
				<time>2026-07-19T16:40:42Z</time>
			</trkpt>
			<trkpt lat="48.030052" lon="-121.186615">
				<ele>1066.42981</ele>
				<time>2026-07-19T16:40:46Z</time>
			</trkpt>
			<trkpt lat="48.029819" lon="-121.186287">
				<ele>1054.496826</ele>
				<time>2026-07-19T16:41:15Z</time>
			</trkpt>
			<trkpt lat="48.029766" lon="-121.186172">
				<ele>1051.850342</ele>
				<time>2026-07-19T16:41:23Z</time>
			</trkpt>
			<trkpt lat="48.02972" lon="-121.18605">
				<ele>1052.040771</ele>
				<time>2026-07-19T16:41:31Z</time>
			</trkpt>
			<trkpt lat="48.029644" lon="-121.185959">
				<ele>1048.919434</ele>
				<time>2026-07-19T16:41:39Z</time>
			</trkpt>
			<trkpt lat="48.029602" lon="-121.185921">
				<ele>1048.964355</ele>
				<time>2026-07-19T16:41:43Z</time>
			</trkpt>
			<trkpt lat="48.029556" lon="-121.185905">
				<ele>1048.893188</ele>
				<time>2026-07-19T16:41:47Z</time>
			</trkpt>
			<trkpt lat="48.029453" lon="-121.185753">
				<ele>1043.206909</ele>
				<time>2026-07-19T16:42:00Z</time>
			</trkpt>
			<trkpt lat="48.029449" lon="-121.185822">
				<ele>1040.667603</ele>
				<time>2026-07-19T16:42:07Z</time>
			</trkpt>
			<trkpt lat="48.029472" lon="-121.185875">
				<ele>1041.86145</ele>
				<time>2026-07-19T16:42:13Z</time>
			</trkpt>
			<trkpt lat="48.029591" lon="-121.186241">
				<ele>1036.168823</ele>
				<time>2026-07-19T16:42:41Z</time>
			</trkpt>
			<trkpt lat="48.029575" lon="-121.186302">
				<ele>1037.395874</ele>
				<time>2026-07-19T16:42:45Z</time>
			</trkpt>
			<trkpt lat="48.029583" lon="-121.186378">
				<ele>1033.610474</ele>
				<time>2026-07-19T16:42:50Z</time>
			</trkpt>
			<trkpt lat="48.029594" lon="-121.186516">
				<ele>1032.876221</ele>
				<time>2026-07-19T16:42:58Z</time>
			</trkpt>
			<trkpt lat="48.029556" lon="-121.186562">
				<ele>1031.674072</ele>
				<time>2026-07-19T16:43:04Z</time>
			</trkpt>
			<trkpt lat="48.029469" lon="-121.186394">
				<ele>1026.214722</ele>
				<time>2026-07-19T16:43:18Z</time>
			</trkpt>
			<trkpt lat="48.029224" lon="-121.186104">
				<ele>1020.71582</ele>
				<time>2026-07-19T16:43:50Z</time>
			</trkpt>
			<trkpt lat="48.029213" lon="-121.186234">
				<ele>1017.523438</ele>
				<time>2026-07-19T16:44:05Z</time>
			</trkpt>
			<trkpt lat="48.02919" lon="-121.186363">
				<ele>1016.789551</ele>
				<time>2026-07-19T16:44:14Z</time>
			</trkpt>
			<trkpt lat="48.029194" lon="-121.186447">
				<ele>1011.915527</ele>
				<time>2026-07-19T16:44:20Z</time>
			</trkpt>
			<trkpt lat="48.02916" lon="-121.186592">
				<ele>1010.014526</ele>
				<time>2026-07-19T16:44:30Z</time>
			</trkpt>
			<trkpt lat="48.029179" lon="-121.186852">
				<ele>1001.028259</ele>
				<time>2026-07-19T16:44:49Z</time>
			</trkpt>
			<trkpt lat="48.029266" lon="-121.187157">
				<ele>995.223145</ele>
				<time>2026-07-19T16:45:12Z</time>
			</trkpt>
			<trkpt lat="48.029366" lon="-121.187294">
				<ele>993.513916</ele>
				<time>2026-07-19T16:45:27Z</time>
			</trkpt>
			<trkpt lat="48.029442" lon="-121.187386">
				<ele>988.961975</ele>
				<time>2026-07-19T16:45:35Z</time>
			</trkpt>
			<trkpt lat="48.029461" lon="-121.187531">
				<ele>990.034668</ele>
				<time>2026-07-19T16:45:45Z</time>
			</trkpt>
			<trkpt lat="48.029469" lon="-121.187599">
				<ele>987.262817</ele>
				<time>2026-07-19T16:45:52Z</time>
			</trkpt>
			<trkpt lat="48.02953" lon="-121.187996">
				<ele>981.829773</ele>
				<time>2026-07-19T16:46:20Z</time>
			</trkpt>
			<trkpt lat="48.029575" lon="-121.188217">
				<ele>976.599548</ele>
				<time>2026-07-19T16:46:33Z</time>
			</trkpt>
			<trkpt lat="48.029594" lon="-121.188286">
				<ele>976.763428</ele>
				<time>2026-07-19T16:46:37Z</time>
			</trkpt>
			<trkpt lat="48.029648" lon="-121.188622">
				<ele>966.677612</ele>
				<time>2026-07-19T16:47:02Z</time>
			</trkpt>
			<trkpt lat="48.02972" lon="-121.188805">
				<ele>962.250122</ele>
				<time>2026-07-19T16:47:14Z</time>
			</trkpt>
			<trkpt lat="48.029743" lon="-121.188858">
				<ele>963.146912</ele>
				<time>2026-07-19T16:47:17Z</time>
			</trkpt>
			<trkpt lat="48.029827" lon="-121.189034">
				<ele>960.698792</ele>
				<time>2026-07-19T16:47:30Z</time>
			</trkpt>
			<trkpt lat="48.02985" lon="-121.189095">
				<ele>958.049744</ele>
				<time>2026-07-19T16:47:35Z</time>
			</trkpt>
			<trkpt lat="48.029892" lon="-121.189148">
				<ele>958.501343</ele>
				<time>2026-07-19T16:47:39Z</time>
			</trkpt>
			<trkpt lat="48.02993" lon="-121.189209">
				<ele>957.821594</ele>
				<time>2026-07-19T16:47:42Z</time>
			</trkpt>
			<trkpt lat="48.03001" lon="-121.189301">
				<ele>952.755554</ele>
				<time>2026-07-19T16:47:49Z</time>
			</trkpt>
			<trkpt lat="48.030064" lon="-121.189415">
				<ele>954.983459</ele>
				<time>2026-07-19T16:47:59Z</time>
			</trkpt>
			<trkpt lat="48.030128" lon="-121.189499">
				<ele>954.627991</ele>
				<time>2026-07-19T16:48:07Z</time>
			</trkpt>
			<trkpt lat="48.030132" lon="-121.189629">
				<ele>956.333313</ele>
				<time>2026-07-19T16:48:14Z</time>
			</trkpt>
			<trkpt lat="48.030121" lon="-121.189812">
				<ele>952.384888</ele>
				<time>2026-07-19T16:48:25Z</time>
			</trkpt>
			<trkpt lat="48.030106" lon="-121.189873">
				<ele>952.498901</ele>
				<time>2026-07-19T16:48:27Z</time>
			</trkpt>
			<trkpt lat="48.030075" lon="-121.190002">
				<ele>950.737427</ele>
				<time>2026-07-19T16:48:37Z</time>
			</trkpt>
			<trkpt lat="48.030071" lon="-121.190132">
				<ele>946.202026</ele>
				<time>2026-07-19T16:48:44Z</time>
			</trkpt>
			<trkpt lat="48.030083" lon="-121.190201">
				<ele>947.298462</ele>
				<time>2026-07-19T16:48:48Z</time>
			</trkpt>
			<trkpt lat="48.030098" lon="-121.190269">
				<ele>943.479187</ele>
				<time>2026-07-19T16:48:51Z</time>
			</trkpt>
			<trkpt lat="48.030098" lon="-121.190407">
				<ele>942.866089</ele>
				<time>2026-07-19T16:48:58Z</time>
			</trkpt>
			<trkpt lat="48.030128" lon="-121.19046">
				<ele>945.342957</ele>
				<time>2026-07-19T16:49:01Z</time>
			</trkpt>
			<trkpt lat="48.030216" lon="-121.190636">
				<ele>938.190735</ele>
				<time>2026-07-19T16:49:16Z</time>
			</trkpt>
			<trkpt lat="48.030231" lon="-121.190704">
				<ele>938.849731</ele>
				<time>2026-07-19T16:49:21Z</time>
			</trkpt>
			<trkpt lat="48.030262" lon="-121.190842">
				<ele>935.865234</ele>
				<time>2026-07-19T16:49:35Z</time>
			</trkpt>
			<trkpt lat="48.030277" lon="-121.19091">
				<ele>936.402527</ele>
				<time>2026-07-19T16:49:39Z</time>
			</trkpt>
			<trkpt lat="48.030354" lon="-121.191223">
				<ele>927.100281</ele>
				<time>2026-07-19T16:50:06Z</time>
			</trkpt>
			<trkpt lat="48.030357" lon="-121.191292">
				<ele>926.546936</ele>
				<time>2026-07-19T16:50:11Z</time>
			</trkpt>
			<trkpt lat="48.030388" lon="-121.191414">
				<ele>928.692932</ele>
				<time>2026-07-19T16:50:19Z</time>
			</trkpt>
			<trkpt lat="48.030422" lon="-121.191467">
				<ele>926.294861</ele>
				<time>2026-07-19T16:50:22Z</time>
			</trkpt>
			<trkpt lat="48.030457" lon="-121.191513">
				<ele>927.437561</ele>
				<time>2026-07-19T16:50:25Z</time>
			</trkpt>
			<trkpt lat="48.030499" lon="-121.19165">
				<ele>921.566223</ele>
				<time>2026-07-19T16:50:34Z</time>
			</trkpt>
			<trkpt lat="48.030518" lon="-121.191849">
				<ele>924.164185</ele>
				<time>2026-07-19T16:50:50Z</time>
			</trkpt>
			<trkpt lat="48.030571" lon="-121.191978">
				<ele>919.528809</ele>
				<time>2026-07-19T16:51:01Z</time>
			</trkpt>
			<trkpt lat="48.030605" lon="-121.192024">
				<ele>919.59552</ele>
				<time>2026-07-19T16:51:04Z</time>
			</trkpt>
			<trkpt lat="48.030659" lon="-121.192039">
				<ele>919.424805</ele>
				<time>2026-07-19T16:51:07Z</time>
			</trkpt>
			<trkpt lat="48.030697" lon="-121.192085">
				<ele>920.346252</ele>
				<time>2026-07-19T16:51:10Z</time>
			</trkpt>
			<trkpt lat="48.030819" lon="-121.192299">
				<ele>917.338501</ele>
				<time>2026-07-19T16:51:25Z</time>
			</trkpt>
			<trkpt lat="48.030842" lon="-121.192368">
				<ele>920.560547</ele>
				<time>2026-07-19T16:51:29Z</time>
			</trkpt>
			<trkpt lat="48.030888" lon="-121.192497">
				<ele>919.136169</ele>
				<time>2026-07-19T16:51:38Z</time>
			</trkpt>
			<trkpt lat="48.03091" lon="-121.192711">
				<ele>915.60675</ele>
				<time>2026-07-19T16:51:50Z</time>
			</trkpt>
			<trkpt lat="48.030903" lon="-121.19278">
				<ele>912.367493</ele>
				<time>2026-07-19T16:51:55Z</time>
			</trkpt>
			<trkpt lat="48.030918" lon="-121.192848">
				<ele>911.597961</ele>
				<time>2026-07-19T16:51:59Z</time>
			</trkpt>
			<trkpt lat="48.03093" lon="-121.192917">
				<ele>912.306702</ele>
				<time>2026-07-19T16:52:02Z</time>
			</trkpt>
			<trkpt lat="48.030972" lon="-121.192986">
				<ele>910.440979</ele>
				<time>2026-07-19T16:52:07Z</time>
			</trkpt>
			<trkpt lat="48.03101" lon="-121.193024">
				<ele>910.735291</ele>
				<time>2026-07-19T16:52:10Z</time>
			</trkpt>
			<trkpt lat="48.031059" lon="-121.193153">
				<ele>910.075256</ele>
				<time>2026-07-19T16:52:19Z</time>
			</trkpt>
			<trkpt lat="48.031101" lon="-121.193207">
				<ele>906.168884</ele>
				<time>2026-07-19T16:52:24Z</time>
			</trkpt>
			<trkpt lat="48.031158" lon="-121.193237">
				<ele>907.588623</ele>
				<time>2026-07-19T16:52:29Z</time>
			</trkpt>
			<trkpt lat="48.031235" lon="-121.193321">
				<ele>906.044678</ele>
				<time>2026-07-19T16:52:39Z</time>
			</trkpt>
			<trkpt lat="48.031235" lon="-121.19339">
				<ele>905.597595</ele>
				<time>2026-07-19T16:52:44Z</time>
			</trkpt>
			<trkpt lat="48.031189" lon="-121.193398">
				<ele>907.417053</ele>
				<time>2026-07-19T16:52:48Z</time>
			</trkpt>
			<trkpt lat="48.031097" lon="-121.193565">
				<ele>905.162598</ele>
				<time>2026-07-19T16:53:02Z</time>
			</trkpt>
			<trkpt lat="48.031067" lon="-121.193687">
				<ele>901.350403</ele>
				<time>2026-07-19T16:53:11Z</time>
			</trkpt>
			<trkpt lat="48.030968" lon="-121.193787">
				<ele>905.274963</ele>
				<time>2026-07-19T16:57:37Z</time>
			</trkpt>
			<trkpt lat="48.030987" lon="-121.193756">
				<ele>907.280579</ele>
				<time>2026-07-19T16:58:59Z</time>
			</trkpt>
			<trkpt lat="48.031075" lon="-121.193718">
				<ele>897.34198</ele>
				<time>2026-07-19T17:05:02Z</time>
			</trkpt>
			<trkpt lat="48.031013" lon="-121.193764">
				<ele>906.732544</ele>
				<time>2026-07-19T17:10:05Z</time>
			</trkpt>
			<trkpt lat="48.031101" lon="-121.193787">
				<ele>914.521545</ele>
				<time>2026-07-19T17:10:28Z</time>
			</trkpt>
			<trkpt lat="48.031002" lon="-121.193733">
				<ele>895.252747</ele>
				<time>2026-07-19T17:16:25Z</time>
			</trkpt>
			<trkpt lat="48.031082" lon="-121.193672">
				<ele>908.164307</ele>
				<time>2026-07-19T17:18:55Z</time>
			</trkpt>
			<trkpt lat="48.031204" lon="-121.193581">
				<ele>903.96759</ele>
				<time>2026-07-19T17:19:06Z</time>
			</trkpt>
			<trkpt lat="48.031254" lon="-121.193558">
				<ele>905.418945</ele>
				<time>2026-07-19T17:19:09Z</time>
			</trkpt>
			<trkpt lat="48.031319" lon="-121.193466">
				<ele>902.853149</ele>
				<time>2026-07-19T17:19:22Z</time>
			</trkpt>
			<trkpt lat="48.031368" lon="-121.193451">
				<ele>904.19751</ele>
				<time>2026-07-19T17:19:25Z</time>
			</trkpt>
			<trkpt lat="48.03146" lon="-121.193466">
				<ele>901.917969</ele>
				<time>2026-07-19T17:19:33Z</time>
			</trkpt>
			<trkpt lat="48.03154" lon="-121.193512">
				<ele>904.160889</ele>
				<time>2026-07-19T17:19:49Z</time>
			</trkpt>
			<trkpt lat="48.031593" lon="-121.193634">
				<ele>902.42688</ele>
				<time>2026-07-19T17:20:10Z</time>
			</trkpt>
			<trkpt lat="48.031612" lon="-121.19371">
				<ele>904.952698</ele>
				<time>2026-07-19T17:20:14Z</time>
			</trkpt>
			<trkpt lat="48.031673" lon="-121.193825">
				<ele>902.16571</ele>
				<time>2026-07-19T17:20:22Z</time>
			</trkpt>
			<trkpt lat="48.031689" lon="-121.193901">
				<ele>902.733948</ele>
				<time>2026-07-19T17:20:26Z</time>
			</trkpt>
			<trkpt lat="48.031757" lon="-121.194176">
				<ele>900.405151</ele>
				<time>2026-07-19T17:20:43Z</time>
			</trkpt>
			<trkpt lat="48.031761" lon="-121.194244">
				<ele>901.517151</ele>
				<time>2026-07-19T17:20:47Z</time>
			</trkpt>
			<trkpt lat="48.031754" lon="-121.194542">
				<ele>899.055908</ele>
				<time>2026-07-19T17:21:04Z</time>
			</trkpt>
			<trkpt lat="48.031754" lon="-121.194611">
				<ele>900.087646</ele>
				<time>2026-07-19T17:21:08Z</time>
			</trkpt>
			<trkpt lat="48.031818" lon="-121.194733">
				<ele>896.773621</ele>
				<time>2026-07-19T17:21:17Z</time>
			</trkpt>
			<trkpt lat="48.031845" lon="-121.194786">
				<ele>898.305603</ele>
				<time>2026-07-19T17:21:20Z</time>
			</trkpt>
			<trkpt lat="48.031868" lon="-121.194855">
				<ele>897.276794</ele>
				<time>2026-07-19T17:21:24Z</time>
			</trkpt>
			<trkpt lat="48.031887" lon="-121.194923">
				<ele>897.744812</ele>
				<time>2026-07-19T17:21:28Z</time>
			</trkpt>
			<trkpt lat="48.03196" lon="-121.195099">
				<ele>896.570068</ele>
				<time>2026-07-19T17:21:39Z</time>
			</trkpt>
			<trkpt lat="48.031975" lon="-121.195175">
				<ele>896.843079</ele>
				<time>2026-07-19T17:21:43Z</time>
			</trkpt>
			<trkpt lat="48.032001" lon="-121.195236">
				<ele>896.607178</ele>
				<time>2026-07-19T17:21:47Z</time>
			</trkpt>
			<trkpt lat="48.032028" lon="-121.195366">
				<ele>895.339844</ele>
				<time>2026-07-19T17:21:55Z</time>
			</trkpt>
			<trkpt lat="48.032055" lon="-121.195435">
				<ele>895.672485</ele>
				<time>2026-07-19T17:21:59Z</time>
			</trkpt>
			<trkpt lat="48.032074" lon="-121.195503">
				<ele>893.980957</ele>
				<time>2026-07-19T17:22:03Z</time>
			</trkpt>
			<trkpt lat="48.032101" lon="-121.19558">
				<ele>894.59259</ele>
				<time>2026-07-19T17:22:07Z</time>
			</trkpt>
			<trkpt lat="48.032124" lon="-121.195633">
				<ele>894.201965</ele>
				<time>2026-07-19T17:22:11Z</time>
			</trkpt>
			<trkpt lat="48.032192" lon="-121.195747">
				<ele>895.404419</ele>
				<time>2026-07-19T17:22:19Z</time>
			</trkpt>
			<trkpt lat="48.032223" lon="-121.195808">
				<ele>894.87677</ele>
				<time>2026-07-19T17:22:23Z</time>
			</trkpt>
			<trkpt lat="48.032291" lon="-121.195908">
				<ele>895.50946</ele>
				<time>2026-07-19T17:22:32Z</time>
			</trkpt>
			<trkpt lat="48.032337" lon="-121.196022">
				<ele>898.200378</ele>
				<time>2026-07-19T17:22:41Z</time>
			</trkpt>
			<trkpt lat="48.032375" lon="-121.19606">
				<ele>896.427185</ele>
				<time>2026-07-19T17:22:45Z</time>
			</trkpt>
			<trkpt lat="48.032444" lon="-121.196175">
				<ele>899.345886</ele>
				<time>2026-07-19T17:22:55Z</time>
			</trkpt>
			<trkpt lat="48.032475" lon="-121.196236">
				<ele>898.024658</ele>
				<time>2026-07-19T17:22:59Z</time>
			</trkpt>
			<trkpt lat="48.032516" lon="-121.196259">
				<ele>899.643311</ele>
				<time>2026-07-19T17:23:03Z</time>
			</trkpt>
			<trkpt lat="48.032539" lon="-121.196312">
				<ele>898.568237</ele>
				<time>2026-07-19T17:23:07Z</time>
			</trkpt>
			<trkpt lat="48.032616" lon="-121.196396">
				<ele>898.654419</ele>
				<time>2026-07-19T17:23:17Z</time>
			</trkpt>
			<trkpt lat="48.03265" lon="-121.196434">
				<ele>897.071045</ele>
				<time>2026-07-19T17:23:22Z</time>
			</trkpt>
			<trkpt lat="48.032745" lon="-121.196495">
				<ele>899.361755</ele>
				<time>2026-07-19T17:23:30Z</time>
			</trkpt>
			<trkpt lat="48.032799" lon="-121.196495">
				<ele>898.588562</ele>
				<time>2026-07-19T17:23:34Z</time>
			</trkpt>
			<trkpt lat="48.032894" lon="-121.196556">
				<ele>899.584351</ele>
				<time>2026-07-19T17:23:41Z</time>
			</trkpt>
			<trkpt lat="48.032944" lon="-121.196579">
				<ele>901.492493</ele>
				<time>2026-07-19T17:23:45Z</time>
			</trkpt>
			<trkpt lat="48.033089" lon="-121.196709">
				<ele>899.22821</ele>
				<time>2026-07-19T17:24:01Z</time>
			</trkpt>
			<trkpt lat="48.033157" lon="-121.196793">
				<ele>899.613098</ele>
				<time>2026-07-19T17:24:07Z</time>
			</trkpt>
			<trkpt lat="48.03323" lon="-121.196877">
				<ele>896.681152</ele>
				<time>2026-07-19T17:24:15Z</time>
			</trkpt>
			<trkpt lat="48.033333" lon="-121.19693">
				<ele>900.454529</ele>
				<time>2026-07-19T17:24:24Z</time>
			</trkpt>
			<trkpt lat="48.033413" lon="-121.197105">
				<ele>903.356201</ele>
				<time>2026-07-19T17:24:35Z</time>
			</trkpt>
			<trkpt lat="48.033489" lon="-121.197182">
				<ele>903.876526</ele>
				<time>2026-07-19T17:24:45Z</time>
			</trkpt>
			<trkpt lat="48.033535" lon="-121.197212">
				<ele>901.383972</ele>
				<time>2026-07-19T17:24:49Z</time>
			</trkpt>
			<trkpt lat="48.033566" lon="-121.197273">
				<ele>902.077209</ele>
				<time>2026-07-19T17:24:53Z</time>
			</trkpt>
			<trkpt lat="48.033607" lon="-121.197327">
				<ele>901.561523</ele>
				<time>2026-07-19T17:24:57Z</time>
			</trkpt>
			<trkpt lat="48.033649" lon="-121.197464">
				<ele>903.840149</ele>
				<time>2026-07-19T17:25:06Z</time>
			</trkpt>
			<trkpt lat="48.033672" lon="-121.197548">
				<ele>903.730835</ele>
				<time>2026-07-19T17:25:10Z</time>
			</trkpt>
			<trkpt lat="48.033741" lon="-121.197762">
				<ele>905.048157</ele>
				<time>2026-07-19T17:25:29Z</time>
			</trkpt>
			<trkpt lat="48.033749" lon="-121.197899">
				<ele>901.700989</ele>
				<time>2026-07-19T17:25:38Z</time>
			</trkpt>
			<trkpt lat="48.033787" lon="-121.197937">
				<ele>902.937317</ele>
				<time>2026-07-19T17:25:42Z</time>
			</trkpt>
			<trkpt lat="48.033817" lon="-121.19799">
				<ele>901.19635</ele>
				<time>2026-07-19T17:25:46Z</time>
			</trkpt>
			<trkpt lat="48.033859" lon="-121.198029">
				<ele>901.235229</ele>
				<time>2026-07-19T17:25:49Z</time>
			</trkpt>
			<trkpt lat="48.033859" lon="-121.198097">
				<ele>900.769714</ele>
				<time>2026-07-19T17:25:52Z</time>
			</trkpt>
			<trkpt lat="48.033878" lon="-121.198151">
				<ele>901.211426</ele>
				<time>2026-07-19T17:25:56Z</time>
			</trkpt>
			<trkpt lat="48.033913" lon="-121.198227">
				<ele>900.166809</ele>
				<time>2026-07-19T17:26:02Z</time>
			</trkpt>
			<trkpt lat="48.033966" lon="-121.198364">
				<ele>896.520264</ele>
				<time>2026-07-19T17:26:11Z</time>
			</trkpt>
			<trkpt lat="48.034004" lon="-121.19841">
				<ele>898.05896</ele>
				<time>2026-07-19T17:26:13Z</time>
			</trkpt>
			<trkpt lat="48.034031" lon="-121.198486">
				<ele>895.165405</ele>
				<time>2026-07-19T17:26:17Z</time>
			</trkpt>
			<trkpt lat="48.034153" lon="-121.198639">
				<ele>900.577942</ele>
				<time>2026-07-19T17:26:30Z</time>
			</trkpt>
			<trkpt lat="48.034176" lon="-121.1987">
				<ele>896.575195</ele>
				<time>2026-07-19T17:26:34Z</time>
			</trkpt>
			<trkpt lat="48.034214" lon="-121.198746">
				<ele>902.491028</ele>
				<time>2026-07-19T17:26:40Z</time>
			</trkpt>
			<trkpt lat="48.034279" lon="-121.198837">
				<ele>903.868958</ele>
				<time>2026-07-19T17:26:48Z</time>
			</trkpt>
			<trkpt lat="48.034302" lon="-121.198891">
				<ele>903.687866</ele>
				<time>2026-07-19T17:26:53Z</time>
			</trkpt>
			<trkpt lat="48.034355" lon="-121.198891">
				<ele>903.93042</ele>
				<time>2026-07-19T17:27:01Z</time>
			</trkpt>
			<trkpt lat="48.034393" lon="-121.198944">
				<ele>903.350891</ele>
				<time>2026-07-19T17:27:05Z</time>
			</trkpt>
			<trkpt lat="48.034412" lon="-121.198997">
				<ele>903.380981</ele>
				<time>2026-07-19T17:27:10Z</time>
			</trkpt>
			<trkpt lat="48.034508" lon="-121.199219">
				<ele>906.445251</ele>
				<time>2026-07-19T17:27:26Z</time>
			</trkpt>
			<trkpt lat="48.034561" lon="-121.199341">
				<ele>902.815491</ele>
				<time>2026-07-19T17:27:37Z</time>
			</trkpt>
			<trkpt lat="48.034592" lon="-121.199478">
				<ele>901.652344</ele>
				<time>2026-07-19T17:27:46Z</time>
			</trkpt>
			<trkpt lat="48.034615" lon="-121.199539">
				<ele>901.871582</ele>
				<time>2026-07-19T17:27:50Z</time>
			</trkpt>
			<trkpt lat="48.034649" lon="-121.199593">
				<ele>900.172424</ele>
				<time>2026-07-19T17:27:55Z</time>
			</trkpt>
			<trkpt lat="48.034679" lon="-121.199715">
				<ele>902.393127</ele>
				<time>2026-07-19T17:28:02Z</time>
			</trkpt>
			<trkpt lat="48.034721" lon="-121.199829">
				<ele>900.315552</ele>
				<time>2026-07-19T17:28:11Z</time>
			</trkpt>
			<trkpt lat="48.034824" lon="-121.199989">
				<ele>901.319153</ele>
				<time>2026-07-19T17:28:21Z</time>
			</trkpt>
			<trkpt lat="48.034855" lon="-121.20005">
				<ele>900.459778</ele>
				<time>2026-07-19T17:28:25Z</time>
			</trkpt>
			<trkpt lat="48.034912" lon="-121.200172">
				<ele>900.912598</ele>
				<time>2026-07-19T17:28:33Z</time>
			</trkpt>
			<trkpt lat="48.03495" lon="-121.200233">
				<ele>899.6875</ele>
				<time>2026-07-19T17:28:37Z</time>
			</trkpt>
			<trkpt lat="48.034981" lon="-121.200279">
				<ele>901.096313</ele>
				<time>2026-07-19T17:28:41Z</time>
			</trkpt>
			<trkpt lat="48.035023" lon="-121.200424">
				<ele>898.619324</ele>
				<time>2026-07-19T17:28:49Z</time>
			</trkpt>
			<trkpt lat="48.035069" lon="-121.200554">
				<ele>899.658813</ele>
				<time>2026-07-19T17:28:59Z</time>
			</trkpt>
			<trkpt lat="48.03508" lon="-121.20063">
				<ele>897.80835</ele>
				<time>2026-07-19T17:29:07Z</time>
			</trkpt>
			<trkpt lat="48.035141" lon="-121.200737">
				<ele>896.65979</ele>
				<time>2026-07-19T17:29:15Z</time>
			</trkpt>
			<trkpt lat="48.035187" lon="-121.200775">
				<ele>896.748413</ele>
				<time>2026-07-19T17:29:19Z</time>
			</trkpt>
			<trkpt lat="48.035221" lon="-121.200813">
				<ele>896.448608</ele>
				<time>2026-07-19T17:29:23Z</time>
			</trkpt>
			<trkpt lat="48.035362" lon="-121.200981">
				<ele>898.713196</ele>
				<time>2026-07-19T17:29:39Z</time>
			</trkpt>
			<trkpt lat="48.035404" lon="-121.201111">
				<ele>895.408142</ele>
				<time>2026-07-19T17:29:49Z</time>
			</trkpt>
			<trkpt lat="48.035545" lon="-121.201317">
				<ele>901.190002</ele>
				<time>2026-07-19T17:30:07Z</time>
			</trkpt>
			<trkpt lat="48.035591" lon="-121.201347">
				<ele>899.625854</ele>
				<time>2026-07-19T17:30:12Z</time>
			</trkpt>
			<trkpt lat="48.035679" lon="-121.201401">
				<ele>900.090027</ele>
				<time>2026-07-19T17:30:19Z</time>
			</trkpt>
			<trkpt lat="48.035698" lon="-121.201462">
				<ele>898.65918</ele>
				<time>2026-07-19T17:30:23Z</time>
			</trkpt>
			<trkpt lat="48.035767" lon="-121.201576">
				<ele>899.726257</ele>
				<time>2026-07-19T17:30:32Z</time>
			</trkpt>
			<trkpt lat="48.035797" lon="-121.20163">
				<ele>899.249817</ele>
				<time>2026-07-19T17:30:36Z</time>
			</trkpt>
			<trkpt lat="48.035824" lon="-121.201691">
				<ele>900.165283</ele>
				<time>2026-07-19T17:30:39Z</time>
			</trkpt>
			<trkpt lat="48.035851" lon="-121.201752">
				<ele>899.625183</ele>
				<time>2026-07-19T17:30:43Z</time>
			</trkpt>
			<trkpt lat="48.035858" lon="-121.201828">
				<ele>900.000122</ele>
				<time>2026-07-19T17:30:47Z</time>
			</trkpt>
			<trkpt lat="48.035931" lon="-121.202011">
				<ele>895.965942</ele>
				<time>2026-07-19T17:31:01Z</time>
			</trkpt>
			<trkpt lat="48.036037" lon="-121.202187">
				<ele>895.08551</ele>
				<time>2026-07-19T17:31:14Z</time>
			</trkpt>
			<trkpt lat="48.036068" lon="-121.202232">
				<ele>895.822876</ele>
				<time>2026-07-19T17:31:17Z</time>
			</trkpt>
			<trkpt lat="48.036129" lon="-121.202339">
				<ele>892.422546</ele>
				<time>2026-07-19T17:31:24Z</time>
			</trkpt>
			<trkpt lat="48.036156" lon="-121.202408">
				<ele>892.623657</ele>
				<time>2026-07-19T17:31:28Z</time>
			</trkpt>
			<trkpt lat="48.03624" lon="-121.202499">
				<ele>891.490662</ele>
				<time>2026-07-19T17:31:36Z</time>
			</trkpt>
			<trkpt lat="48.036243" lon="-121.202568">
				<ele>891.738525</ele>
				<time>2026-07-19T17:31:40Z</time>
			</trkpt>
			<trkpt lat="48.036312" lon="-121.202751">
				<ele>888.00769</ele>
				<time>2026-07-19T17:31:53Z</time>
			</trkpt>
			<trkpt lat="48.036354" lon="-121.202805">
				<ele>888.548584</ele>
				<time>2026-07-19T17:31:56Z</time>
			</trkpt>
			<trkpt lat="48.036388" lon="-121.202873">
				<ele>887.010254</ele>
				<time>2026-07-19T17:32:01Z</time>
			</trkpt>
			<trkpt lat="48.036503" lon="-121.203041">
				<ele>889.852295</ele>
				<time>2026-07-19T17:32:13Z</time>
			</trkpt>
			<trkpt lat="48.03653" lon="-121.203094">
				<ele>889.813354</ele>
				<time>2026-07-19T17:32:17Z</time>
			</trkpt>
			<trkpt lat="48.03656" lon="-121.203148">
				<ele>890.165283</ele>
				<time>2026-07-19T17:32:20Z</time>
			</trkpt>
			<trkpt lat="48.036625" lon="-121.203262">
				<ele>889.519287</ele>
				<time>2026-07-19T17:32:29Z</time>
			</trkpt>
			<trkpt lat="48.036663" lon="-121.203308">
				<ele>887.774048</ele>
				<time>2026-07-19T17:32:33Z</time>
			</trkpt>
			<trkpt lat="48.036694" lon="-121.203453">
				<ele>890.017151</ele>
				<time>2026-07-19T17:32:42Z</time>
			</trkpt>
			<trkpt lat="48.036716" lon="-121.203522">
				<ele>888.835571</ele>
				<time>2026-07-19T17:32:45Z</time>
			</trkpt>
			<trkpt lat="48.036716" lon="-121.203598">
				<ele>888.810669</ele>
				<time>2026-07-19T17:32:49Z</time>
			</trkpt>
			<trkpt lat="48.036781" lon="-121.20372">
				<ele>889.597046</ele>
				<time>2026-07-19T17:32:59Z</time>
			</trkpt>
			<trkpt lat="48.036839" lon="-121.203842">
				<ele>886.460999</ele>
				<time>2026-07-19T17:33:07Z</time>
			</trkpt>
			<trkpt lat="48.036919" lon="-121.204079">
				<ele>889.094482</ele>
				<time>2026-07-19T17:33:23Z</time>
			</trkpt>
			<trkpt lat="48.037117" lon="-121.204407">
				<ele>884.998535</ele>
				<time>2026-07-19T17:33:49Z</time>
			</trkpt>
			<trkpt lat="48.037151" lon="-121.204468">
				<ele>881.786865</ele>
				<time>2026-07-19T17:33:53Z</time>
			</trkpt>
			<trkpt lat="48.037189" lon="-121.204605">
				<ele>882.893127</ele>
				<time>2026-07-19T17:34:02Z</time>
			</trkpt>
			<trkpt lat="48.037228" lon="-121.204735">
				<ele>881.191589</ele>
				<time>2026-07-19T17:34:11Z</time>
			</trkpt>
			<trkpt lat="48.03727" lon="-121.204765">
				<ele>882.602234</ele>
				<time>2026-07-19T17:34:14Z</time>
			</trkpt>
			<trkpt lat="48.037308" lon="-121.204826">
				<ele>882.368774</ele>
				<time>2026-07-19T17:34:19Z</time>
			</trkpt>
			<trkpt lat="48.037346" lon="-121.204948">
				<ele>887.113831</ele>
				<time>2026-07-19T17:34:26Z</time>
			</trkpt>
			<trkpt lat="48.037376" lon="-121.205002">
				<ele>886.137207</ele>
				<time>2026-07-19T17:34:30Z</time>
			</trkpt>
			<trkpt lat="48.037407" lon="-121.205055">
				<ele>887.194153</ele>
				<time>2026-07-19T17:34:34Z</time>
			</trkpt>
			<trkpt lat="48.037506" lon="-121.205368">
				<ele>878.434509</ele>
				<time>2026-07-19T17:34:55Z</time>
			</trkpt>
			<trkpt lat="48.037659" lon="-121.205551">
				<ele>881.582092</ele>
				<time>2026-07-19T17:35:11Z</time>
			</trkpt>
			<trkpt lat="48.03772" lon="-121.20565">
				<ele>879.745117</ele>
				<time>2026-07-19T17:35:19Z</time>
			</trkpt>
			<trkpt lat="48.037758" lon="-121.205711">
				<ele>880.046204</ele>
				<time>2026-07-19T17:35:24Z</time>
			</trkpt>
			<trkpt lat="48.037796" lon="-121.20575">
				<ele>882.186951</ele>
				<time>2026-07-19T17:35:28Z</time>
			</trkpt>
			<trkpt lat="48.037941" lon="-121.205925">
				<ele>876.928589</ele>
				<time>2026-07-19T17:35:45Z</time>
			</trkpt>
			<trkpt lat="48.03809" lon="-121.206017">
				<ele>880.185974</ele>
				<time>2026-07-19T17:35:57Z</time>
			</trkpt>
			<trkpt lat="48.038204" lon="-121.206093">
				<ele>877.174805</ele>
				<time>2026-07-19T17:36:09Z</time>
			</trkpt>
			<trkpt lat="48.038349" lon="-121.206451">
				<ele>873.708252</ele>
				<time>2026-07-19T17:36:35Z</time>
			</trkpt>
			<trkpt lat="48.03846" lon="-121.206581">
				<ele>874.590637</ele>
				<time>2026-07-19T17:36:47Z</time>
			</trkpt>
			<trkpt lat="48.038502" lon="-121.206612">
				<ele>873.058289</ele>
				<time>2026-07-19T17:36:53Z</time>
			</trkpt>
			<trkpt lat="48.038597" lon="-121.206665">
				<ele>872.759216</ele>
				<time>2026-07-19T17:37:03Z</time>
			</trkpt>
			<trkpt lat="48.038822" lon="-121.206665">
				<ele>878.102112</ele>
				<time>2026-07-19T17:37:27Z</time>
			</trkpt>
			<trkpt lat="48.038868" lon="-121.206665">
				<ele>876.614014</ele>
				<time>2026-07-19T17:37:30Z</time>
			</trkpt>
			<trkpt lat="48.038967" lon="-121.206734">
				<ele>881.419678</ele>
				<time>2026-07-19T17:37:39Z</time>
			</trkpt>
			<trkpt lat="48.039032" lon="-121.206856">
				<ele>879.899231</ele>
				<time>2026-07-19T17:37:47Z</time>
			</trkpt>
			<trkpt lat="48.039146" lon="-121.207161">
				<ele>884.299683</ele>
				<time>2026-07-19T17:38:06Z</time>
			</trkpt>
			<trkpt lat="48.039227" lon="-121.207344">
				<ele>882.844177</ele>
				<time>2026-07-19T17:38:17Z</time>
			</trkpt>
			<trkpt lat="48.039268" lon="-121.207382">
				<ele>884.109375</ele>
				<time>2026-07-19T17:38:21Z</time>
			</trkpt>
			<trkpt lat="48.039272" lon="-121.207458">
				<ele>882.693726</ele>
				<time>2026-07-19T17:38:25Z</time>
			</trkpt>
			<trkpt lat="48.03928" lon="-121.207527">
				<ele>882.430908</ele>
				<time>2026-07-19T17:38:32Z</time>
			</trkpt>
			<trkpt lat="48.039322" lon="-121.207558">
				<ele>882.832947</ele>
				<time>2026-07-19T17:38:35Z</time>
			</trkpt>
			<trkpt lat="48.039413" lon="-121.20771">
				<ele>880.988953</ele>
				<time>2026-07-19T17:38:47Z</time>
			</trkpt>
			<trkpt lat="48.039459" lon="-121.207718">
				<ele>884.061768</ele>
				<time>2026-07-19T17:38:51Z</time>
			</trkpt>
			<trkpt lat="48.039494" lon="-121.207764">
				<ele>882.162231</ele>
				<time>2026-07-19T17:38:54Z</time>
			</trkpt>
			<trkpt lat="48.039566" lon="-121.207932">
				<ele>885.562378</ele>
				<time>2026-07-19T17:39:08Z</time>
			</trkpt>
			<trkpt lat="48.039654" lon="-121.20813">
				<ele>881.298584</ele>
				<time>2026-07-19T17:39:22Z</time>
			</trkpt>
			<trkpt lat="48.039734" lon="-121.208199">
				<ele>883.219482</ele>
				<time>2026-07-19T17:39:31Z</time>
			</trkpt>
			<trkpt lat="48.039787" lon="-121.208214">
				<ele>882.969788</ele>
				<time>2026-07-19T17:39:36Z</time>
			</trkpt>
			<trkpt lat="48.03986" lon="-121.20829">
				<ele>886.559875</ele>
				<time>2026-07-19T17:39:43Z</time>
			</trkpt>
			<trkpt lat="48.039951" lon="-121.208588">
				<ele>879.855713</ele>
				<time>2026-07-19T17:40:04Z</time>
			</trkpt>
			<trkpt lat="48.039986" lon="-121.208656">
				<ele>881.60144</ele>
				<time>2026-07-19T17:40:08Z</time>
			</trkpt>
			<trkpt lat="48.040012" lon="-121.20871">
				<ele>880.92157</ele>
				<time>2026-07-19T17:40:12Z</time>
			</trkpt>
			<trkpt lat="48.040077" lon="-121.208832">
				<ele>881.834656</ele>
				<time>2026-07-19T17:40:23Z</time>
			</trkpt>
			<trkpt lat="48.040127" lon="-121.208855">
				<ele>880.40918</ele>
				<time>2026-07-19T17:40:27Z</time>
			</trkpt>
			<trkpt lat="48.040203" lon="-121.208908">
				<ele>881.47583</ele>
				<time>2026-07-19T17:40:35Z</time>
			</trkpt>
			<trkpt lat="48.04023" lon="-121.208961">
				<ele>880.103577</ele>
				<time>2026-07-19T17:40:39Z</time>
			</trkpt>
			<trkpt lat="48.040234" lon="-121.209038">
				<ele>883.167969</ele>
				<time>2026-07-19T17:40:43Z</time>
			</trkpt>
			<trkpt lat="48.040264" lon="-121.209084">
				<ele>880.851929</ele>
				<time>2026-07-19T17:40:46Z</time>
			</trkpt>
			<trkpt lat="48.040302" lon="-121.209114">
				<ele>881.420532</ele>
				<time>2026-07-19T17:40:50Z</time>
			</trkpt>
			<trkpt lat="48.040462" lon="-121.209351">
				<ele>876.299255</ele>
				<time>2026-07-19T17:41:13Z</time>
			</trkpt>
			<trkpt lat="48.040504" lon="-121.209358">
				<ele>879.811584</ele>
				<time>2026-07-19T17:41:17Z</time>
			</trkpt>
			<trkpt lat="48.040554" lon="-121.209358">
				<ele>879.075928</ele>
				<time>2026-07-19T17:41:21Z</time>
			</trkpt>
			<trkpt lat="48.040665" lon="-121.209496">
				<ele>878.454712</ele>
				<time>2026-07-19T17:41:34Z</time>
			</trkpt>
			<trkpt lat="48.040779" lon="-121.209564">
				<ele>879.666077</ele>
				<time>2026-07-19T17:41:45Z</time>
			</trkpt>
			<trkpt lat="48.040836" lon="-121.209663">
				<ele>876.851379</ele>
				<time>2026-07-19T17:41:55Z</time>
			</trkpt>
			<trkpt lat="48.040874" lon="-121.209862">
				<ele>878.754395</ele>
				<time>2026-07-19T17:42:18Z</time>
			</trkpt>
			<trkpt lat="48.04089" lon="-121.20993">
				<ele>876.862854</ele>
				<time>2026-07-19T17:42:23Z</time>
			</trkpt>
			<trkpt lat="48.04092" lon="-121.209984">
				<ele>878.670227</ele>
				<time>2026-07-19T17:42:26Z</time>
			</trkpt>
			<trkpt lat="48.040939" lon="-121.210167">
				<ele>875.78009</ele>
				<time>2026-07-19T17:42:37Z</time>
			</trkpt>
			<trkpt lat="48.040939" lon="-121.210251">
				<ele>876.74646</ele>
				<time>2026-07-19T17:42:41Z</time>
			</trkpt>
			<trkpt lat="48.040947" lon="-121.21032">
				<ele>873.626404</ele>
				<time>2026-07-19T17:42:46Z</time>
			</trkpt>
			<trkpt lat="48.041077" lon="-121.210541">
				<ele>870.383301</ele>
				<time>2026-07-19T17:43:02Z</time>
			</trkpt>
			<trkpt lat="48.041111" lon="-121.210663">
				<ele>871.873291</ele>
				<time>2026-07-19T17:43:09Z</time>
			</trkpt>
			<trkpt lat="48.041103" lon="-121.210724">
				<ele>871.614319</ele>
				<time>2026-07-19T17:43:13Z</time>
			</trkpt>
			<trkpt lat="48.0411" lon="-121.210793">
				<ele>871.872375</ele>
				<time>2026-07-19T17:43:17Z</time>
			</trkpt>
			<trkpt lat="48.041092" lon="-121.210869">
				<ele>868.868652</ele>
				<time>2026-07-19T17:43:22Z</time>
			</trkpt>
			<trkpt lat="48.04113" lon="-121.210991">
				<ele>866.889465</ele>
				<time>2026-07-19T17:43:30Z</time>
			</trkpt>
			<trkpt lat="48.041172" lon="-121.211121">
				<ele>867.921631</ele>
				<time>2026-07-19T17:43:38Z</time>
			</trkpt>
			<trkpt lat="48.041206" lon="-121.21125">
				<ele>864.184143</ele>
				<time>2026-07-19T17:43:47Z</time>
			</trkpt>
			<trkpt lat="48.041229" lon="-121.211311">
				<ele>866.458862</ele>
				<time>2026-07-19T17:43:52Z</time>
			</trkpt>
			<trkpt lat="48.041328" lon="-121.211487">
				<ele>868.406494</ele>
				<time>2026-07-19T17:44:04Z</time>
			</trkpt>
			<trkpt lat="48.041359" lon="-121.211533">
				<ele>866.930542</ele>
				<time>2026-07-19T17:44:08Z</time>
			</trkpt>
			<trkpt lat="48.041431" lon="-121.211624">
				<ele>867.430664</ele>
				<time>2026-07-19T17:44:16Z</time>
			</trkpt>
			<trkpt lat="48.041515" lon="-121.211769">
				<ele>870.81604</ele>
				<time>2026-07-19T17:44:28Z</time>
			</trkpt>
			<trkpt lat="48.041584" lon="-121.211884">
				<ele>868.577637</ele>
				<time>2026-07-19T17:44:37Z</time>
			</trkpt>
			<trkpt lat="48.041653" lon="-121.211983">
				<ele>873.319519</ele>
				<time>2026-07-19T17:44:45Z</time>
			</trkpt>
			<trkpt lat="48.041664" lon="-121.212059">
				<ele>873.549744</ele>
				<time>2026-07-19T17:44:49Z</time>
			</trkpt>
			<trkpt lat="48.041714" lon="-121.212181">
				<ele>871.180908</ele>
				<time>2026-07-19T17:44:56Z</time>
			</trkpt>
			<trkpt lat="48.041763" lon="-121.212303">
				<ele>870.72406</ele>
				<time>2026-07-19T17:45:04Z</time>
			</trkpt>
			<trkpt lat="48.04179" lon="-121.212379">
				<ele>871.859497</ele>
				<time>2026-07-19T17:45:09Z</time>
			</trkpt>
			<trkpt lat="48.041771" lon="-121.212448">
				<ele>869.75592</ele>
				<time>2026-07-19T17:45:13Z</time>
			</trkpt>
			<trkpt lat="48.041801" lon="-121.212509">
				<ele>871.577271</ele>
				<time>2026-07-19T17:45:17Z</time>
			</trkpt>
			<trkpt lat="48.041805" lon="-121.212585">
				<ele>870.13739</ele>
				<time>2026-07-19T17:45:21Z</time>
			</trkpt>
			<trkpt lat="48.041828" lon="-121.212646">
				<ele>870.664185</ele>
				<time>2026-07-19T17:45:25Z</time>
			</trkpt>
			<trkpt lat="48.04184" lon="-121.212715">
				<ele>869.804199</ele>
				<time>2026-07-19T17:45:29Z</time>
			</trkpt>
			<trkpt lat="48.041862" lon="-121.212852">
				<ele>872.059509</ele>
				<time>2026-07-19T17:45:38Z</time>
			</trkpt>
			<trkpt lat="48.041882" lon="-121.212921">
				<ele>870.817444</ele>
				<time>2026-07-19T17:45:43Z</time>
			</trkpt>
			<trkpt lat="48.041916" lon="-121.213066">
				<ele>872.206726</ele>
				<time>2026-07-19T17:45:52Z</time>
			</trkpt>
			<trkpt lat="48.041927" lon="-121.213135">
				<ele>870.380493</ele>
				<time>2026-07-19T17:45:57Z</time>
			</trkpt>
			<trkpt lat="48.041924" lon="-121.213272">
				<ele>869.652588</ele>
				<time>2026-07-19T17:46:06Z</time>
			</trkpt>
			<trkpt lat="48.041943" lon="-121.213356">
				<ele>870.616089</ele>
				<time>2026-07-19T17:46:11Z</time>
			</trkpt>
			<trkpt lat="48.041946" lon="-121.213425">
				<ele>870.107971</ele>
				<time>2026-07-19T17:46:15Z</time>
			</trkpt>
			<trkpt lat="48.041946" lon="-121.213509">
				<ele>870.688293</ele>
				<time>2026-07-19T17:46:19Z</time>
			</trkpt>
			<trkpt lat="48.041969" lon="-121.21357">
				<ele>870.506592</ele>
				<time>2026-07-19T17:46:23Z</time>
			</trkpt>
			<trkpt lat="48.041996" lon="-121.213699">
				<ele>869.169556</ele>
				<time>2026-07-19T17:46:32Z</time>
			</trkpt>
			<trkpt lat="48.042011" lon="-121.213768">
				<ele>869.17981</ele>
				<time>2026-07-19T17:46:36Z</time>
			</trkpt>
			<trkpt lat="48.04208" lon="-121.213928">
				<ele>861.591675</ele>
				<time>2026-07-19T17:46:53Z</time>
			</trkpt>
			<trkpt lat="48.042126" lon="-121.213959">
				<ele>861.815247</ele>
				<time>2026-07-19T17:46:58Z</time>
			</trkpt>
			<trkpt lat="48.042168" lon="-121.213989">
				<ele>860.584839</ele>
				<time>2026-07-19T17:47:01Z</time>
			</trkpt>
			<trkpt lat="48.042183" lon="-121.214066">
				<ele>861.87384</ele>
				<time>2026-07-19T17:47:09Z</time>
			</trkpt>
			<trkpt lat="48.04221" lon="-121.214218">
				<ele>861.458069</ele>
				<time>2026-07-19T17:47:18Z</time>
			</trkpt>
			<trkpt lat="48.042187" lon="-121.214279">
				<ele>861.509827</ele>
				<time>2026-07-19T17:47:20Z</time>
			</trkpt>
			<trkpt lat="48.042282" lon="-121.214409">
				<ele>858.589844</ele>
				<time>2026-07-19T17:47:34Z</time>
			</trkpt>
			<trkpt lat="48.042309" lon="-121.214462">
				<ele>859.612915</ele>
				<time>2026-07-19T17:47:37Z</time>
			</trkpt>
			<trkpt lat="48.042324" lon="-121.214539">
				<ele>858.65033</ele>
				<time>2026-07-19T17:47:42Z</time>
			</trkpt>
			<trkpt lat="48.042389" lon="-121.214722">
				<ele>863.012634</ele>
				<time>2026-07-19T17:47:54Z</time>
			</trkpt>
			<trkpt lat="48.042465" lon="-121.214905">
				<ele>860.923035</ele>
				<time>2026-07-19T17:48:09Z</time>
			</trkpt>
			<trkpt lat="48.042526" lon="-121.215012">
				<ele>862.901001</ele>
				<time>2026-07-19T17:48:19Z</time>
			</trkpt>
			<trkpt lat="48.042423" lon="-121.215347">
				<ele>856.922729</ele>
				<time>2026-07-19T17:48:41Z</time>
			</trkpt>
			<trkpt lat="48.042419" lon="-121.2155">
				<ele>858.05365</ele>
				<time>2026-07-19T17:48:49Z</time>
			</trkpt>
			<trkpt lat="48.042416" lon="-121.215721">
				<ele>856.430298</ele>
				<time>2026-07-19T17:49:01Z</time>
			</trkpt>
			<trkpt lat="48.042458" lon="-121.215775">
				<ele>854.576721</ele>
				<time>2026-07-19T17:49:07Z</time>
			</trkpt>
			<trkpt lat="48.0425" lon="-121.21579">
				<ele>854.704834</ele>
				<time>2026-07-19T17:49:11Z</time>
			</trkpt>
			<trkpt lat="48.042549" lon="-121.215828">
				<ele>854.380066</ele>
				<time>2026-07-19T17:49:14Z</time>
			</trkpt>
			<trkpt lat="48.04258" lon="-121.215881">
				<ele>855.329468</ele>
				<time>2026-07-19T17:49:17Z</time>
			</trkpt>
			<trkpt lat="48.042622" lon="-121.215912">
				<ele>854.774841</ele>
				<time>2026-07-19T17:49:20Z</time>
			</trkpt>
			<trkpt lat="48.042671" lon="-121.21595">
				<ele>856.334534</ele>
				<time>2026-07-19T17:49:25Z</time>
			</trkpt>
			<trkpt lat="48.042709" lon="-121.215981">
				<ele>855.150208</ele>
				<time>2026-07-19T17:49:30Z</time>
			</trkpt>
			<trkpt lat="48.042782" lon="-121.215988">
				<ele>856.539063</ele>
				<time>2026-07-19T17:49:39Z</time>
			</trkpt>
			<trkpt lat="48.042912" lon="-121.216019">
				<ele>857.112183</ele>
				<time>2026-07-19T17:49:51Z</time>
			</trkpt>
			<trkpt lat="48.043053" lon="-121.215996">
				<ele>860.763672</ele>
				<time>2026-07-19T17:50:04Z</time>
			</trkpt>
			<trkpt lat="48.043095" lon="-121.216011">
				<ele>860.296021</ele>
				<time>2026-07-19T17:50:08Z</time>
			</trkpt>
			<trkpt lat="48.043121" lon="-121.21608">
				<ele>861.668579</ele>
				<time>2026-07-19T17:50:12Z</time>
			</trkpt>
			<trkpt lat="48.043167" lon="-121.216125">
				<ele>861.372437</ele>
				<time>2026-07-19T17:50:17Z</time>
			</trkpt>
			<trkpt lat="48.043205" lon="-121.216179">
				<ele>863.986816</ele>
				<time>2026-07-19T17:50:22Z</time>
			</trkpt>
			<trkpt lat="48.043251" lon="-121.216225">
				<ele>862.714233</ele>
				<time>2026-07-19T17:50:25Z</time>
			</trkpt>
			<trkpt lat="48.043285" lon="-121.216278">
				<ele>865.609192</ele>
				<time>2026-07-19T17:50:30Z</time>
			</trkpt>
			<trkpt lat="48.043312" lon="-121.216331">
				<ele>862.903381</ele>
				<time>2026-07-19T17:50:34Z</time>
			</trkpt>
			<trkpt lat="48.043316" lon="-121.216415">
				<ele>862.913147</ele>
				<time>2026-07-19T17:50:37Z</time>
			</trkpt>
			<trkpt lat="48.043327" lon="-121.216537">
				<ele>860.503174</ele>
				<time>2026-07-19T17:50:44Z</time>
			</trkpt>
			<trkpt lat="48.043354" lon="-121.216591">
				<ele>860.924377</ele>
				<time>2026-07-19T17:50:48Z</time>
			</trkpt>
			<trkpt lat="48.043381" lon="-121.216652">
				<ele>860.740051</ele>
				<time>2026-07-19T17:50:52Z</time>
			</trkpt>
			<trkpt lat="48.043404" lon="-121.216705">
				<ele>860.780701</ele>
				<time>2026-07-19T17:50:56Z</time>
			</trkpt>
			<trkpt lat="48.0434" lon="-121.216782">
				<ele>860.339478</ele>
				<time>2026-07-19T17:51:00Z</time>
			</trkpt>
			<trkpt lat="48.043404" lon="-121.216919">
				<ele>861.254395</ele>
				<time>2026-07-19T17:51:07Z</time>
			</trkpt>
			<trkpt lat="48.043423" lon="-121.216972">
				<ele>861.104614</ele>
				<time>2026-07-19T17:51:11Z</time>
			</trkpt>
			<trkpt lat="48.043427" lon="-121.217056">
				<ele>862.81665</ele>
				<time>2026-07-19T17:51:16Z</time>
			</trkpt>
			<trkpt lat="48.043419" lon="-121.217125">
				<ele>860.262329</ele>
				<time>2026-07-19T17:51:20Z</time>
			</trkpt>
			<trkpt lat="48.043411" lon="-121.217201">
				<ele>859.444641</ele>
				<time>2026-07-19T17:51:24Z</time>
			</trkpt>
			<trkpt lat="48.043392" lon="-121.21727">
				<ele>860.029114</ele>
				<time>2026-07-19T17:51:28Z</time>
			</trkpt>
			<trkpt lat="48.043419" lon="-121.217323">
				<ele>858.484375</ele>
				<time>2026-07-19T17:51:33Z</time>
			</trkpt>
			<trkpt lat="48.043438" lon="-121.217384">
				<ele>858.746582</ele>
				<time>2026-07-19T17:51:37Z</time>
			</trkpt>
			<trkpt lat="48.043442" lon="-121.217468">
				<ele>858.015747</ele>
				<time>2026-07-19T17:51:42Z</time>
			</trkpt>
			<trkpt lat="48.043438" lon="-121.217545">
				<ele>859.825317</ele>
				<time>2026-07-19T17:51:46Z</time>
			</trkpt>
			<trkpt lat="48.0434" lon="-121.217766">
				<ele>857.411072</ele>
				<time>2026-07-19T17:52:00Z</time>
			</trkpt>
			<trkpt lat="48.043381" lon="-121.217827">
				<ele>858.222534</ele>
				<time>2026-07-19T17:52:04Z</time>
			</trkpt>
			<trkpt lat="48.043442" lon="-121.217957">
				<ele>853.803284</ele>
				<time>2026-07-19T17:52:15Z</time>
			</trkpt>
			<trkpt lat="48.043514" lon="-121.218056">
				<ele>855.004089</ele>
				<time>2026-07-19T17:52:24Z</time>
			</trkpt>
			<trkpt lat="48.043541" lon="-121.218124">
				<ele>854.06073</ele>
				<time>2026-07-19T17:52:28Z</time>
			</trkpt>
			<trkpt lat="48.043552" lon="-121.218185">
				<ele>855.558594</ele>
				<time>2026-07-19T17:52:32Z</time>
			</trkpt>
			<trkpt lat="48.043541" lon="-121.218407">
				<ele>857.052368</ele>
				<time>2026-07-19T17:52:46Z</time>
			</trkpt>
			<trkpt lat="48.043556" lon="-121.218475">
				<ele>856.185059</ele>
				<time>2026-07-19T17:52:52Z</time>
			</trkpt>
			<trkpt lat="48.043663" lon="-121.21862">
				<ele>859.641907</ele>
				<time>2026-07-19T17:53:07Z</time>
			</trkpt>
			<trkpt lat="48.043674" lon="-121.218689">
				<ele>859.316162</ele>
				<time>2026-07-19T17:53:10Z</time>
			</trkpt>
			<trkpt lat="48.043655" lon="-121.218826">
				<ele>860.143799</ele>
				<time>2026-07-19T17:53:20Z</time>
			</trkpt>
			<trkpt lat="48.043682" lon="-121.219093">
				<ele>858.211304</ele>
				<time>2026-07-19T17:53:41Z</time>
			</trkpt>
			<trkpt lat="48.043674" lon="-121.219162">
				<ele>859.686646</ele>
				<time>2026-07-19T17:53:45Z</time>
			</trkpt>
			<trkpt lat="48.043678" lon="-121.219238">
				<ele>859.178589</ele>
				<time>2026-07-19T17:53:48Z</time>
			</trkpt>
			<trkpt lat="48.043694" lon="-121.219315">
				<ele>859.662415</ele>
				<time>2026-07-19T17:53:52Z</time>
			</trkpt>
			<trkpt lat="48.043663" lon="-121.21936">
				<ele>857.968384</ele>
				<time>2026-07-19T17:53:55Z</time>
			</trkpt>
			<trkpt lat="48.043674" lon="-121.219498">
				<ele>857.276184</ele>
				<time>2026-07-19T17:54:04Z</time>
			</trkpt>
			<trkpt lat="48.043686" lon="-121.219559">
				<ele>857.842407</ele>
				<time>2026-07-19T17:54:09Z</time>
			</trkpt>
			<trkpt lat="48.043701" lon="-121.219627">
				<ele>856.281067</ele>
				<time>2026-07-19T17:54:13Z</time>
			</trkpt>
			<trkpt lat="48.043724" lon="-121.219696">
				<ele>858.402588</ele>
				<time>2026-07-19T17:54:17Z</time>
			</trkpt>
			<trkpt lat="48.043701" lon="-121.21978">
				<ele>856.105774</ele>
				<time>2026-07-19T17:54:21Z</time>
			</trkpt>
			<trkpt lat="48.043713" lon="-121.219849">
				<ele>858.041382</ele>
				<time>2026-07-19T17:54:25Z</time>
			</trkpt>
			<trkpt lat="48.043736" lon="-121.21991">
				<ele>855.463867</ele>
				<time>2026-07-19T17:54:30Z</time>
			</trkpt>
			<trkpt lat="48.043747" lon="-121.219986">
				<ele>855.827087</ele>
				<time>2026-07-19T17:54:35Z</time>
			</trkpt>
			<trkpt lat="48.043736" lon="-121.220062">
				<ele>855.655396</ele>
				<time>2026-07-19T17:54:39Z</time>
			</trkpt>
			<trkpt lat="48.043743" lon="-121.2202">
				<ele>857.436279</ele>
				<time>2026-07-19T17:54:47Z</time>
			</trkpt>
			<trkpt lat="48.043808" lon="-121.220284">
				<ele>863.470398</ele>
				<time>2026-07-19T17:54:57Z</time>
			</trkpt>
			<trkpt lat="48.043835" lon="-121.220337">
				<ele>863.88446</ele>
				<time>2026-07-19T17:55:02Z</time>
			</trkpt>
			<trkpt lat="48.04388" lon="-121.220551">
				<ele>860.286987</ele>
				<time>2026-07-19T17:55:16Z</time>
			</trkpt>
			<trkpt lat="48.043926" lon="-121.220741">
				<ele>861.266663</ele>
				<time>2026-07-19T17:55:28Z</time>
			</trkpt>
			<trkpt lat="48.043941" lon="-121.220818">
				<ele>863.630676</ele>
				<time>2026-07-19T17:55:35Z</time>
			</trkpt>
			<trkpt lat="48.043999" lon="-121.220924">
				<ele>864.572266</ele>
				<time>2026-07-19T17:55:44Z</time>
			</trkpt>
			<trkpt lat="48.04398" lon="-121.220993">
				<ele>864.360718</ele>
				<time>2026-07-19T17:55:49Z</time>
			</trkpt>
			<trkpt lat="48.04398" lon="-121.221062">
				<ele>868.852112</ele>
				<time>2026-07-19T17:56:02Z</time>
			</trkpt>
			<trkpt lat="48.043873" lon="-121.221375">
				<ele>863.687012</ele>
				<time>2026-07-19T17:56:23Z</time>
			</trkpt>
			<trkpt lat="48.0439" lon="-121.221428">
				<ele>859.874146</ele>
				<time>2026-07-19T17:56:28Z</time>
			</trkpt>
			<trkpt lat="48.043888" lon="-121.221565">
				<ele>857.895935</ele>
				<time>2026-07-19T17:56:37Z</time>
			</trkpt>
			<trkpt lat="48.043858" lon="-121.221649">
				<ele>859.612976</ele>
				<time>2026-07-19T17:56:42Z</time>
			</trkpt>
			<trkpt lat="48.043816" lon="-121.22168">
				<ele>858.791443</ele>
				<time>2026-07-19T17:56:45Z</time>
			</trkpt>
			<trkpt lat="48.0438" lon="-121.221901">
				<ele>849.768616</ele>
				<time>2026-07-19T17:57:01Z</time>
			</trkpt>
			<trkpt lat="48.043854" lon="-121.222115">
				<ele>852.690735</ele>
				<time>2026-07-19T17:57:15Z</time>
			</trkpt>
			<trkpt lat="48.04388" lon="-121.222252">
				<ele>851.163757</ele>
				<time>2026-07-19T17:57:23Z</time>
			</trkpt>
			<trkpt lat="48.043888" lon="-121.22245">
				<ele>856.695923</ele>
				<time>2026-07-19T17:57:36Z</time>
			</trkpt>
			<trkpt lat="48.043922" lon="-121.22258">
				<ele>853.873535</ele>
				<time>2026-07-19T17:57:49Z</time>
			</trkpt>
			<trkpt lat="48.043953" lon="-121.223038">
				<ele>859.661316</ele>
				<time>2026-07-19T17:58:19Z</time>
			</trkpt>
			<trkpt lat="48.043964" lon="-121.223175">
				<ele>855.268982</ele>
				<time>2026-07-19T17:58:27Z</time>
			</trkpt>
			<trkpt lat="48.043976" lon="-121.223244">
				<ele>855.075562</ele>
				<time>2026-07-19T17:58:30Z</time>
			</trkpt>
			<trkpt lat="48.043987" lon="-121.223312">
				<ele>855.857666</ele>
				<time>2026-07-19T17:58:33Z</time>
			</trkpt>
			<trkpt lat="48.044018" lon="-121.22345">
				<ele>853.929016</ele>
				<time>2026-07-19T17:58:45Z</time>
			</trkpt>
			<trkpt lat="48.044025" lon="-121.223511">
				<ele>856.51825</ele>
				<time>2026-07-19T17:58:55Z</time>
			</trkpt>
			<trkpt lat="48.044018" lon="-121.223572">
				<ele>857.176697</ele>
				<time>2026-07-19T17:59:00Z</time>
			</trkpt>
			<trkpt lat="48.044044" lon="-121.223724">
				<ele>857.539734</ele>
				<time>2026-07-19T17:59:11Z</time>
			</trkpt>
			<trkpt lat="48.044067" lon="-121.223801">
				<ele>859.882019</ele>
				<time>2026-07-19T17:59:15Z</time>
			</trkpt>
			<trkpt lat="48.044075" lon="-121.223877">
				<ele>857.563965</ele>
				<time>2026-07-19T17:59:19Z</time>
			</trkpt>
			<trkpt lat="48.044071" lon="-121.223938">
				<ele>860.062012</ele>
				<time>2026-07-19T17:59:22Z</time>
			</trkpt>
			<trkpt lat="48.044102" lon="-121.224083">
				<ele>857.134094</ele>
				<time>2026-07-19T17:59:31Z</time>
			</trkpt>
			<trkpt lat="48.044098" lon="-121.224213">
				<ele>858.369629</ele>
				<time>2026-07-19T17:59:39Z</time>
			</trkpt>
			<trkpt lat="48.044117" lon="-121.224274">
				<ele>857.769104</ele>
				<time>2026-07-19T17:59:43Z</time>
			</trkpt>
			<trkpt lat="48.044098" lon="-121.224464">
				<ele>859.880005</ele>
				<time>2026-07-19T17:59:54Z</time>
			</trkpt>
			<trkpt lat="48.044067" lon="-121.224548">
				<ele>859.722595</ele>
				<time>2026-07-19T17:59:58Z</time>
			</trkpt>
			<trkpt lat="48.044025" lon="-121.22467">
				<ele>861.847595</ele>
				<time>2026-07-19T18:00:04Z</time>
			</trkpt>
			<trkpt lat="48.044033" lon="-121.22496">
				<ele>854.631348</ele>
				<time>2026-07-19T18:00:19Z</time>
			</trkpt>
			<trkpt lat="48.044006" lon="-121.225021">
				<ele>855.198486</ele>
				<time>2026-07-19T18:00:24Z</time>
			</trkpt>
			<trkpt lat="48.04398" lon="-121.225098">
				<ele>854.067627</ele>
				<time>2026-07-19T18:00:29Z</time>
			</trkpt>
			<trkpt lat="48.043945" lon="-121.225243">
				<ele>855.657043</ele>
				<time>2026-07-19T18:00:37Z</time>
			</trkpt>
			<trkpt lat="48.043953" lon="-121.225319">
				<ele>850.872131</ele>
				<time>2026-07-19T18:01:09Z</time>
			</trkpt>
			<trkpt lat="48.043972" lon="-121.225388">
				<ele>851.018066</ele>
				<time>2026-07-19T18:01:13Z</time>
			</trkpt>
			<trkpt lat="48.043957" lon="-121.225449">
				<ele>850.950989</ele>
				<time>2026-07-19T18:01:16Z</time>
			</trkpt>
			<trkpt lat="48.04398" lon="-121.225517">
				<ele>851.359436</ele>
				<time>2026-07-19T18:01:20Z</time>
			</trkpt>
			<trkpt lat="48.043999" lon="-121.22567">
				<ele>850.320007</ele>
				<time>2026-07-19T18:01:29Z</time>
			</trkpt>
			<trkpt lat="48.043991" lon="-121.225883">
				<ele>846.728882</ele>
				<time>2026-07-19T18:01:42Z</time>
			</trkpt>
			<trkpt lat="48.044064" lon="-121.22628">
				<ele>854.396423</ele>
				<time>2026-07-19T18:02:06Z</time>
			</trkpt>
			<trkpt lat="48.044067" lon="-121.226357">
				<ele>853.414673</ele>
				<time>2026-07-19T18:02:11Z</time>
			</trkpt>
			<trkpt lat="48.044086" lon="-121.226494">
				<ele>856.026245</ele>
				<time>2026-07-19T18:02:19Z</time>
			</trkpt>
			<trkpt lat="48.044109" lon="-121.226646">
				<ele>851.65863</ele>
				<time>2026-07-19T18:02:28Z</time>
			</trkpt>
			<trkpt lat="48.044109" lon="-121.226799">
				<ele>854.047729</ele>
				<time>2026-07-19T18:02:36Z</time>
			</trkpt>
			<trkpt lat="48.04409" lon="-121.227013">
				<ele>851.446594</ele>
				<time>2026-07-19T18:02:46Z</time>
			</trkpt>
			<trkpt lat="48.04406" lon="-121.227219">
				<ele>853.566956</ele>
				<time>2026-07-19T18:02:57Z</time>
			</trkpt>
			<trkpt lat="48.044064" lon="-121.22728">
				<ele>851.272522</ele>
				<time>2026-07-19T18:03:01Z</time>
			</trkpt>
			<trkpt lat="48.044022" lon="-121.227478">
				<ele>858.366516</ele>
				<time>2026-07-19T18:03:17Z</time>
			</trkpt>
			<trkpt lat="48.044025" lon="-121.227623">
				<ele>856.049377</ele>
				<time>2026-07-19T18:03:24Z</time>
			</trkpt>
			<trkpt lat="48.044041" lon="-121.227676">
				<ele>857.885986</ele>
				<time>2026-07-19T18:03:28Z</time>
			</trkpt>
			<trkpt lat="48.044022" lon="-121.227737">
				<ele>854.794861</ele>
				<time>2026-07-19T18:03:32Z</time>
			</trkpt>
			<trkpt lat="48.044029" lon="-121.227959">
				<ele>852.930481</ele>
				<time>2026-07-19T18:03:45Z</time>
			</trkpt>
			<trkpt lat="48.044044" lon="-121.228111">
				<ele>855.232422</ele>
				<time>2026-07-19T18:03:52Z</time>
			</trkpt>
			<trkpt lat="48.044014" lon="-121.228157">
				<ele>855.046082</ele>
				<time>2026-07-19T18:03:56Z</time>
			</trkpt>
			<trkpt lat="48.044033" lon="-121.228294">
				<ele>860.154846</ele>
				<time>2026-07-19T18:04:06Z</time>
			</trkpt>
			<trkpt lat="48.044003" lon="-121.2286">
				<ele>855.975342</ele>
				<time>2026-07-19T18:04:24Z</time>
			</trkpt>
			<trkpt lat="48.044025" lon="-121.228737">
				<ele>856.321167</ele>
				<time>2026-07-19T18:04:32Z</time>
			</trkpt>
			<trkpt lat="48.044033" lon="-121.228798">
				<ele>854.500488</ele>
				<time>2026-07-19T18:04:36Z</time>
			</trkpt>
			<trkpt lat="48.044025" lon="-121.228867">
				<ele>855.753174</ele>
				<time>2026-07-19T18:04:40Z</time>
			</trkpt>
			<trkpt lat="48.044022" lon="-121.228943">
				<ele>855.859924</ele>
				<time>2026-07-19T18:04:44Z</time>
			</trkpt>
			<trkpt lat="48.044022" lon="-121.229012">
				<ele>852.389282</ele>
				<time>2026-07-19T18:04:48Z</time>
			</trkpt>
			<trkpt lat="48.044041" lon="-121.229149">
				<ele>854.081543</ele>
				<time>2026-07-19T18:04:55Z</time>
			</trkpt>
			<trkpt lat="48.044048" lon="-121.229218">
				<ele>853.397949</ele>
				<time>2026-07-19T18:04:59Z</time>
			</trkpt>
			<trkpt lat="48.044075" lon="-121.229279">
				<ele>855.795471</ele>
				<time>2026-07-19T18:05:03Z</time>
			</trkpt>
			<trkpt lat="48.044102" lon="-121.22934">
				<ele>854.409912</ele>
				<time>2026-07-19T18:05:06Z</time>
			</trkpt>
			<trkpt lat="48.044128" lon="-121.229645">
				<ele>862.595886</ele>
				<time>2026-07-19T18:05:25Z</time>
			</trkpt>
			<trkpt lat="48.044117" lon="-121.229721">
				<ele>862.358704</ele>
				<time>2026-07-19T18:05:28Z</time>
			</trkpt>
			<trkpt lat="48.044102" lon="-121.229782">
				<ele>863.747681</ele>
				<time>2026-07-19T18:05:31Z</time>
			</trkpt>
			<trkpt lat="48.044086" lon="-121.229851">
				<ele>862.961243</ele>
				<time>2026-07-19T18:05:35Z</time>
			</trkpt>
			<trkpt lat="48.04406" lon="-121.229912">
				<ele>863.622009</ele>
				<time>2026-07-19T18:05:39Z</time>
			</trkpt>
			<trkpt lat="48.044022" lon="-121.229973">
				<ele>862.541992</ele>
				<time>2026-07-19T18:05:44Z</time>
			</trkpt>
			<trkpt lat="48.043999" lon="-121.230042">
				<ele>863.141235</ele>
				<time>2026-07-19T18:05:50Z</time>
			</trkpt>
			<trkpt lat="48.04398" lon="-121.230118">
				<ele>861.882935</ele>
				<time>2026-07-19T18:05:54Z</time>
			</trkpt>
			<trkpt lat="48.043957" lon="-121.230194">
				<ele>862.475098</ele>
				<time>2026-07-19T18:05:58Z</time>
			</trkpt>
			<trkpt lat="48.04385" lon="-121.230324">
				<ele>856.132263</ele>
				<time>2026-07-19T18:06:11Z</time>
			</trkpt>
			<trkpt lat="48.043831" lon="-121.230385">
				<ele>856.180176</ele>
				<time>2026-07-19T18:06:15Z</time>
			</trkpt>
			<trkpt lat="48.0438" lon="-121.230537">
				<ele>854.061646</ele>
				<time>2026-07-19T18:06:25Z</time>
			</trkpt>
			<trkpt lat="48.043762" lon="-121.230583">
				<ele>854.639648</ele>
				<time>2026-07-19T18:06:29Z</time>
			</trkpt>
			<trkpt lat="48.043743" lon="-121.230644">
				<ele>853.507202</ele>
				<time>2026-07-19T18:06:33Z</time>
			</trkpt>
			<trkpt lat="48.043629" lon="-121.230782">
				<ele>846.530029</ele>
				<time>2026-07-19T18:06:46Z</time>
			</trkpt>
			<trkpt lat="48.043556" lon="-121.230865">
				<ele>845.064758</ele>
				<time>2026-07-19T18:06:54Z</time>
			</trkpt>
			<trkpt lat="48.04353" lon="-121.230927">
				<ele>846.38739</ele>
				<time>2026-07-19T18:07:00Z</time>
			</trkpt>
			<trkpt lat="48.043484" lon="-121.230965">
				<ele>845.970581</ele>
				<time>2026-07-19T18:07:04Z</time>
			</trkpt>
			<trkpt lat="48.043423" lon="-121.231071">
				<ele>841.548584</ele>
				<time>2026-07-19T18:07:12Z</time>
			</trkpt>
			<trkpt lat="48.043339" lon="-121.231247">
				<ele>838.406738</ele>
				<time>2026-07-19T18:07:25Z</time>
			</trkpt>
			<trkpt lat="48.043282" lon="-121.231384">
				<ele>839.361084</ele>
				<time>2026-07-19T18:07:34Z</time>
			</trkpt>
			<trkpt lat="48.04319" lon="-121.231453">
				<ele>836.65802</ele>
				<time>2026-07-19T18:07:41Z</time>
			</trkpt>
			<trkpt lat="48.043114" lon="-121.231537">
				<ele>836.314331</ele>
				<time>2026-07-19T18:07:47Z</time>
			</trkpt>
			<trkpt lat="48.043064" lon="-121.231567">
				<ele>836.380127</ele>
				<time>2026-07-19T18:07:51Z</time>
			</trkpt>
			<trkpt lat="48.043034" lon="-121.231628">
				<ele>833.039978</ele>
				<time>2026-07-19T18:07:55Z</time>
			</trkpt>
			<trkpt lat="48.04303" lon="-121.231781">
				<ele>836.738342</ele>
				<time>2026-07-19T18:08:01Z</time>
			</trkpt>
			<trkpt lat="48.042999" lon="-121.231918">
				<ele>834.869995</ele>
				<time>2026-07-19T18:08:07Z</time>
			</trkpt>
			<trkpt lat="48.043003" lon="-121.231987">
				<ele>835.054199</ele>
				<time>2026-07-19T18:08:11Z</time>
			</trkpt>
			<trkpt lat="48.043049" lon="-121.232124">
				<ele>834.738281</ele>
				<time>2026-07-19T18:08:22Z</time>
			</trkpt>
			<trkpt lat="48.04306" lon="-121.232201">
				<ele>835.495178</ele>
				<time>2026-07-19T18:08:27Z</time>
			</trkpt>
			<trkpt lat="48.043083" lon="-121.232353">
				<ele>834.079773</ele>
				<time>2026-07-19T18:08:38Z</time>
			</trkpt>
			<trkpt lat="48.043083" lon="-121.232491">
				<ele>835.59845</ele>
				<time>2026-07-19T18:08:46Z</time>
			</trkpt>
			<trkpt lat="48.04311" lon="-121.232628">
				<ele>834.293213</ele>
				<time>2026-07-19T18:08:54Z</time>
			</trkpt>
			<trkpt lat="48.043125" lon="-121.232681">
				<ele>835.47467</ele>
				<time>2026-07-19T18:08:57Z</time>
			</trkpt>
			<trkpt lat="48.043152" lon="-121.232819">
				<ele>835.217896</ele>
				<time>2026-07-19T18:09:05Z</time>
			</trkpt>
			<trkpt lat="48.043175" lon="-121.23288">
				<ele>835.87439</ele>
				<time>2026-07-19T18:09:09Z</time>
			</trkpt>
			<trkpt lat="48.04319" lon="-121.233009">
				<ele>833.105042</ele>
				<time>2026-07-19T18:09:16Z</time>
			</trkpt>
			<trkpt lat="48.043217" lon="-121.233086">
				<ele>833.382874</ele>
				<time>2026-07-19T18:09:22Z</time>
			</trkpt>
			<trkpt lat="48.043236" lon="-121.233223">
				<ele>832.252686</ele>
				<time>2026-07-19T18:09:30Z</time>
			</trkpt>
			<trkpt lat="48.043255" lon="-121.233292">
				<ele>832.795349</ele>
				<time>2026-07-19T18:09:34Z</time>
			</trkpt>
			<trkpt lat="48.043293" lon="-121.233353">
				<ele>832.796387</ele>
				<time>2026-07-19T18:09:39Z</time>
			</trkpt>
			<trkpt lat="48.043331" lon="-121.233398">
				<ele>835.617737</ele>
				<time>2026-07-19T18:09:45Z</time>
			</trkpt>
			<trkpt lat="48.043365" lon="-121.233459">
				<ele>832.793091</ele>
				<time>2026-07-19T18:09:50Z</time>
			</trkpt>
			<trkpt lat="48.043438" lon="-121.233719">
				<ele>835.936096</ele>
				<time>2026-07-19T18:10:07Z</time>
			</trkpt>
			<trkpt lat="48.043503" lon="-121.23391">
				<ele>833.424316</ele>
				<time>2026-07-19T18:10:19Z</time>
			</trkpt>
			<trkpt lat="48.043541" lon="-121.234116">
				<ele>835.508789</ele>
				<time>2026-07-19T18:10:31Z</time>
			</trkpt>
			<trkpt lat="48.043549" lon="-121.234192">
				<ele>835.554382</ele>
				<time>2026-07-19T18:10:35Z</time>
			</trkpt>
			<trkpt lat="48.043571" lon="-121.234276">
				<ele>834.512939</ele>
				<time>2026-07-19T18:10:40Z</time>
			</trkpt>
			<trkpt lat="48.043602" lon="-121.234406">
				<ele>836.707336</ele>
				<time>2026-07-19T18:10:49Z</time>
			</trkpt>
			<trkpt lat="48.043613" lon="-121.234467">
				<ele>836.387085</ele>
				<time>2026-07-19T18:10:53Z</time>
			</trkpt>
			<trkpt lat="48.043674" lon="-121.234566">
				<ele>836.582764</ele>
				<time>2026-07-19T18:11:03Z</time>
			</trkpt>
			<trkpt lat="48.043934" lon="-121.234642">
				<ele>843.858215</ele>
				<time>2026-07-19T18:11:30Z</time>
			</trkpt>
			<trkpt lat="48.043964" lon="-121.234703">
				<ele>842.933105</ele>
				<time>2026-07-19T18:11:35Z</time>
			</trkpt>
			<trkpt lat="48.043991" lon="-121.234756">
				<ele>843.006836</ele>
				<time>2026-07-19T18:11:41Z</time>
			</trkpt>
			<trkpt lat="48.044022" lon="-121.23481">
				<ele>842.701538</ele>
				<time>2026-07-19T18:11:47Z</time>
			</trkpt>
			<trkpt lat="48.044098" lon="-121.235001">
				<ele>845.682983</ele>
				<time>2026-07-19T18:12:04Z</time>
			</trkpt>
			<trkpt lat="48.044117" lon="-121.235062">
				<ele>844.701355</ele>
				<time>2026-07-19T18:12:08Z</time>
			</trkpt>
			<trkpt lat="48.044125" lon="-121.235123">
				<ele>846.431519</ele>
				<time>2026-07-19T18:12:13Z</time>
			</trkpt>
			<trkpt lat="48.044147" lon="-121.235252">
				<ele>846.006714</ele>
				<time>2026-07-19T18:12:20Z</time>
			</trkpt>
			<trkpt lat="48.044209" lon="-121.235367">
				<ele>848.053406</ele>
				<time>2026-07-19T18:12:28Z</time>
			</trkpt>
			<trkpt lat="48.044231" lon="-121.235504">
				<ele>846.875244</ele>
				<time>2026-07-19T18:12:37Z</time>
			</trkpt>
			<trkpt lat="48.044216" lon="-121.235573">
				<ele>849.662903</ele>
				<time>2026-07-19T18:12:40Z</time>
			</trkpt>
			<trkpt lat="48.044189" lon="-121.23571">
				<ele>847.359985</ele>
				<time>2026-07-19T18:12:48Z</time>
			</trkpt>
			<trkpt lat="48.044167" lon="-121.235786">
				<ele>847.791626</ele>
				<time>2026-07-19T18:12:52Z</time>
			</trkpt>
			<trkpt lat="48.044163" lon="-121.235855">
				<ele>847.170105</ele>
				<time>2026-07-19T18:12:56Z</time>
			</trkpt>
			<trkpt lat="48.04425" lon="-121.236015">
				<ele>843.306946</ele>
				<time>2026-07-19T18:13:12Z</time>
			</trkpt>
			<trkpt lat="48.044292" lon="-121.236237">
				<ele>840.905212</ele>
				<time>2026-07-19T18:13:25Z</time>
			</trkpt>
			<trkpt lat="48.044205" lon="-121.236183">
				<ele>837.086121</ele>
				<time>2026-07-19T18:13:35Z</time>
			</trkpt>
			<trkpt lat="48.044174" lon="-121.236237">
				<ele>837.23822</ele>
				<time>2026-07-19T18:13:39Z</time>
			</trkpt>
			<trkpt lat="48.044193" lon="-121.236305">
				<ele>836.064148</ele>
				<time>2026-07-19T18:13:45Z</time>
			</trkpt>
			<trkpt lat="48.044209" lon="-121.236496">
				<ele>837.54657</ele>
				<time>2026-07-19T18:13:56Z</time>
			</trkpt>
			<trkpt lat="48.044197" lon="-121.236656">
				<ele>837.106018</ele>
				<time>2026-07-19T18:14:05Z</time>
			</trkpt>
			<trkpt lat="48.044132" lon="-121.236748">
				<ele>834.307922</ele>
				<time>2026-07-19T18:14:15Z</time>
			</trkpt>
			<trkpt lat="48.044151" lon="-121.237038">
				<ele>829.132385</ele>
				<time>2026-07-19T18:14:34Z</time>
			</trkpt>
			<trkpt lat="48.044182" lon="-121.237099">
				<ele>829.150879</ele>
				<time>2026-07-19T18:14:39Z</time>
			</trkpt>
			<trkpt lat="48.044216" lon="-121.237144">
				<ele>828.769043</ele>
				<time>2026-07-19T18:14:43Z</time>
			</trkpt>
			<trkpt lat="48.044239" lon="-121.237289">
				<ele>829.84436</ele>
				<time>2026-07-19T18:14:51Z</time>
			</trkpt>
			<trkpt lat="48.04422" lon="-121.237366">
				<ele>829.001648</ele>
				<time>2026-07-19T18:14:56Z</time>
			</trkpt>
			<trkpt lat="48.044239" lon="-121.237427">
				<ele>829.267883</ele>
				<time>2026-07-19T18:15:00Z</time>
			</trkpt>
			<trkpt lat="48.044235" lon="-121.237503">
				<ele>829.131775</ele>
				<time>2026-07-19T18:15:04Z</time>
			</trkpt>
			<trkpt lat="48.04422" lon="-121.237587">
				<ele>829.857544</ele>
				<time>2026-07-19T18:15:09Z</time>
			</trkpt>
			<trkpt lat="48.044228" lon="-121.237663">
				<ele>828.459595</ele>
				<time>2026-07-19T18:15:12Z</time>
			</trkpt>
			<trkpt lat="48.044243" lon="-121.23774">
				<ele>829.634216</ele>
				<time>2026-07-19T18:15:16Z</time>
			</trkpt>
			<trkpt lat="48.044273" lon="-121.237785">
				<ele>829.449341</ele>
				<time>2026-07-19T18:15:19Z</time>
			</trkpt>
			<trkpt lat="48.044315" lon="-121.237839">
				<ele>827.280762</ele>
				<time>2026-07-19T18:15:25Z</time>
			</trkpt>
			<trkpt lat="48.044357" lon="-121.237885">
				<ele>829.03949</ele>
				<time>2026-07-19T18:15:30Z</time>
			</trkpt>
			<trkpt lat="48.044395" lon="-121.237923">
				<ele>828.872314</ele>
				<time>2026-07-19T18:15:36Z</time>
			</trkpt>
			<trkpt lat="48.044422" lon="-121.237984">
				<ele>829.179993</ele>
				<time>2026-07-19T18:15:41Z</time>
			</trkpt>
			<trkpt lat="48.044415" lon="-121.238068">
				<ele>828.613281</ele>
				<time>2026-07-19T18:15:46Z</time>
			</trkpt>
			<trkpt lat="48.044376" lon="-121.238205">
				<ele>829.400024</ele>
				<time>2026-07-19T18:15:54Z</time>
			</trkpt>
			<trkpt lat="48.044296" lon="-121.238281">
				<ele>826.006104</ele>
				<time>2026-07-19T18:16:05Z</time>
			</trkpt>
			<trkpt lat="48.044292" lon="-121.238342">
				<ele>825.527466</ele>
				<time>2026-07-19T18:16:10Z</time>
			</trkpt>
			<trkpt lat="48.044292" lon="-121.238419">
				<ele>826.497498</ele>
				<time>2026-07-19T18:16:14Z</time>
			</trkpt>
			<trkpt lat="48.044289" lon="-121.23848">
				<ele>825.412415</ele>
				<time>2026-07-19T18:16:20Z</time>
			</trkpt>
			<trkpt lat="48.044277" lon="-121.238556">
				<ele>825.473511</ele>
				<time>2026-07-19T18:16:24Z</time>
			</trkpt>
			<trkpt lat="48.044289" lon="-121.238625">
				<ele>826.570862</ele>
				<time>2026-07-19T18:16:28Z</time>
			</trkpt>
			<trkpt lat="48.044292" lon="-121.238838">
				<ele>824.946777</ele>
				<time>2026-07-19T18:16:40Z</time>
			</trkpt>
			<trkpt lat="48.044296" lon="-121.238907">
				<ele>823.118103</ele>
				<time>2026-07-19T18:16:43Z</time>
			</trkpt>
			<trkpt lat="48.044334" lon="-121.239037">
				<ele>824.233765</ele>
				<time>2026-07-19T18:16:54Z</time>
			</trkpt>
			<trkpt lat="48.044342" lon="-121.239098">
				<ele>823.287659</ele>
				<time>2026-07-19T18:16:57Z</time>
			</trkpt>
			<trkpt lat="48.044346" lon="-121.239166">
				<ele>823.408752</ele>
				<time>2026-07-19T18:17:00Z</time>
			</trkpt>
			<trkpt lat="48.044361" lon="-121.239243">
				<ele>825.438599</ele>
				<time>2026-07-19T18:17:05Z</time>
			</trkpt>
			<trkpt lat="48.044365" lon="-121.239304">
				<ele>824.89856</ele>
				<time>2026-07-19T18:17:10Z</time>
			</trkpt>
			<trkpt lat="48.044407" lon="-121.239357">
				<ele>826.186035</ele>
				<time>2026-07-19T18:17:14Z</time>
			</trkpt>
			<trkpt lat="48.044418" lon="-121.239426">
				<ele>824.137451</ele>
				<time>2026-07-19T18:17:18Z</time>
			</trkpt>
			<trkpt lat="48.044449" lon="-121.239555">
				<ele>825.926514</ele>
				<time>2026-07-19T18:17:25Z</time>
			</trkpt>
			<trkpt lat="48.044506" lon="-121.239685">
				<ele>824.90271</ele>
				<time>2026-07-19T18:17:34Z</time>
			</trkpt>
			<trkpt lat="48.044525" lon="-121.239746">
				<ele>826.017151</ele>
				<time>2026-07-19T18:17:40Z</time>
			</trkpt>
			<trkpt lat="48.044559" lon="-121.239799">
				<ele>823.493164</ele>
				<time>2026-07-19T18:17:44Z</time>
			</trkpt>
			<trkpt lat="48.044636" lon="-121.240013">
				<ele>826.688965</ele>
				<time>2026-07-19T18:17:56Z</time>
			</trkpt>
			<trkpt lat="48.044655" lon="-121.24015">
				<ele>825.907104</ele>
				<time>2026-07-19T18:18:04Z</time>
			</trkpt>
			<trkpt lat="48.044655" lon="-121.240219">
				<ele>827.300964</ele>
				<time>2026-07-19T18:18:08Z</time>
			</trkpt>
			<trkpt lat="48.044647" lon="-121.240463">
				<ele>828.710388</ele>
				<time>2026-07-19T18:18:19Z</time>
			</trkpt>
			<trkpt lat="48.044624" lon="-121.24054">
				<ele>828.799438</ele>
				<time>2026-07-19T18:18:24Z</time>
			</trkpt>
			<trkpt lat="48.044624" lon="-121.2407">
				<ele>827.307556</ele>
				<time>2026-07-19T18:18:36Z</time>
			</trkpt>
			<trkpt lat="48.044662" lon="-121.240852">
				<ele>828.561584</ele>
				<time>2026-07-19T18:18:45Z</time>
			</trkpt>
			<trkpt lat="48.044666" lon="-121.240921">
				<ele>828.322266</ele>
				<time>2026-07-19T18:18:49Z</time>
			</trkpt>
			<trkpt lat="48.044643" lon="-121.24099">
				<ele>830.449951</ele>
				<time>2026-07-19T18:18:52Z</time>
			</trkpt>
			<trkpt lat="48.044559" lon="-121.241158">
				<ele>825.434082</ele>
				<time>2026-07-19T18:19:06Z</time>
			</trkpt>
			<trkpt lat="48.044468" lon="-121.241165">
				<ele>822.463379</ele>
				<time>2026-07-19T18:19:16Z</time>
			</trkpt>
			<trkpt lat="48.044395" lon="-121.241249">
				<ele>823.449402</ele>
				<time>2026-07-19T18:19:24Z</time>
			</trkpt>
			<trkpt lat="48.044319" lon="-121.241417">
				<ele>819.532593</ele>
				<time>2026-07-19T18:19:38Z</time>
			</trkpt>
			<trkpt lat="48.044323" lon="-121.241554">
				<ele>823.463562</ele>
				<time>2026-07-19T18:19:46Z</time>
			</trkpt>
			<trkpt lat="48.044292" lon="-121.24176">
				<ele>820.720459</ele>
				<time>2026-07-19T18:20:00Z</time>
			</trkpt>
			<trkpt lat="48.0443" lon="-121.241837">
				<ele>820.876465</ele>
				<time>2026-07-19T18:20:04Z</time>
			</trkpt>
			<trkpt lat="48.0443" lon="-121.241913">
				<ele>820.704651</ele>
				<time>2026-07-19T18:20:09Z</time>
			</trkpt>
			<trkpt lat="48.044292" lon="-121.242073">
				<ele>823.264221</ele>
				<time>2026-07-19T18:20:19Z</time>
			</trkpt>
			<trkpt lat="48.044262" lon="-121.242218">
				<ele>821.556702</ele>
				<time>2026-07-19T18:20:28Z</time>
			</trkpt>
			<trkpt lat="48.044224" lon="-121.24234">
				<ele>823.313599</ele>
				<time>2026-07-19T18:20:35Z</time>
			</trkpt>
			<trkpt lat="48.044163" lon="-121.242455">
				<ele>822.330872</ele>
				<time>2026-07-19T18:20:54Z</time>
			</trkpt>
			<trkpt lat="48.044144" lon="-121.242523">
				<ele>823.125122</ele>
				<time>2026-07-19T18:20:58Z</time>
			</trkpt>
			<trkpt lat="48.04414" lon="-121.242676">
				<ele>822.649414</ele>
				<time>2026-07-19T18:21:06Z</time>
			</trkpt>
			<trkpt lat="48.044182" lon="-121.242874">
				<ele>823.928589</ele>
				<time>2026-07-19T18:21:18Z</time>
			</trkpt>
			<trkpt lat="48.044205" lon="-121.243019">
				<ele>819.73584</ele>
				<time>2026-07-19T18:21:27Z</time>
			</trkpt>
			<trkpt lat="48.044216" lon="-121.24308">
				<ele>820.536621</ele>
				<time>2026-07-19T18:21:31Z</time>
			</trkpt>
			<trkpt lat="48.044308" lon="-121.24324">
				<ele>819.228088</ele>
				<time>2026-07-19T18:21:43Z</time>
			</trkpt>
			<trkpt lat="48.044395" lon="-121.243324">
				<ele>819.796814</ele>
				<time>2026-07-19T18:21:53Z</time>
			</trkpt>
			<trkpt lat="48.044441" lon="-121.24337">
				<ele>823.401123</ele>
				<time>2026-07-19T18:21:59Z</time>
			</trkpt>
			<trkpt lat="48.044476" lon="-121.243423">
				<ele>821.275146</ele>
				<time>2026-07-19T18:22:03Z</time>
			</trkpt>
			<trkpt lat="48.044617" lon="-121.243614">
				<ele>825.694946</ele>
				<time>2026-07-19T18:22:18Z</time>
			</trkpt>
			<trkpt lat="48.044659" lon="-121.243683">
				<ele>822.85083</ele>
				<time>2026-07-19T18:22:23Z</time>
			</trkpt>
			<trkpt lat="48.044712" lon="-121.243797">
				<ele>821.632996</ele>
				<time>2026-07-19T18:22:31Z</time>
			</trkpt>
			<trkpt lat="48.044739" lon="-121.243935">
				<ele>823.774536</ele>
				<time>2026-07-19T18:22:38Z</time>
			</trkpt>
			<trkpt lat="48.044861" lon="-121.244247">
				<ele>817.092468</ele>
				<time>2026-07-19T18:22:58Z</time>
			</trkpt>
			<trkpt lat="48.045002" lon="-121.244514">
				<ele>813.19635</ele>
				<time>2026-07-19T18:23:18Z</time>
			</trkpt>
			<trkpt lat="48.045055" lon="-121.244629">
				<ele>812.556213</ele>
				<time>2026-07-19T18:23:26Z</time>
			</trkpt>
			<trkpt lat="48.04509" lon="-121.24469">
				<ele>809.853088</ele>
				<time>2026-07-19T18:23:31Z</time>
			</trkpt>
			<trkpt lat="48.045162" lon="-121.244957">
				<ele>807.632202</ele>
				<time>2026-07-19T18:23:49Z</time>
			</trkpt>
			<trkpt lat="48.0452" lon="-121.244995">
				<ele>804.658203</ele>
				<time>2026-07-19T18:23:53Z</time>
			</trkpt>
			<trkpt lat="48.045227" lon="-121.245056">
				<ele>805.571411</ele>
				<time>2026-07-19T18:23:57Z</time>
			</trkpt>
			<trkpt lat="48.045258" lon="-121.245125">
				<ele>803.612732</ele>
				<time>2026-07-19T18:24:01Z</time>
			</trkpt>
			<trkpt lat="48.045284" lon="-121.245178">
				<ele>803.836365</ele>
				<time>2026-07-19T18:24:05Z</time>
			</trkpt>
			<trkpt lat="48.045319" lon="-121.245216">
				<ele>803.071533</ele>
				<time>2026-07-19T18:24:09Z</time>
			</trkpt>
			<trkpt lat="48.045399" lon="-121.245384">
				<ele>805.132507</ele>
				<time>2026-07-19T18:24:23Z</time>
			</trkpt>
			<trkpt lat="48.045494" lon="-121.245781">
				<ele>796.073975</ele>
				<time>2026-07-19T18:24:48Z</time>
			</trkpt>
			<trkpt lat="48.045521" lon="-121.245834">
				<ele>796.32605</ele>
				<time>2026-07-19T18:24:51Z</time>
			</trkpt>
			<trkpt lat="48.045547" lon="-121.245888">
				<ele>795.20874</ele>
				<time>2026-07-19T18:24:55Z</time>
			</trkpt>
			<trkpt lat="48.045593" lon="-121.246017">
				<ele>797.428772</ele>
				<time>2026-07-19T18:25:03Z</time>
			</trkpt>
			<trkpt lat="48.045609" lon="-121.246086">
				<ele>795.953552</ele>
				<time>2026-07-19T18:25:08Z</time>
			</trkpt>
			<trkpt lat="48.04562" lon="-121.246147">
				<ele>796.886719</ele>
				<time>2026-07-19T18:25:12Z</time>
			</trkpt>
			<trkpt lat="48.045731" lon="-121.246483">
				<ele>790.511597</ele>
				<time>2026-07-19T18:25:33Z</time>
			</trkpt>
			<trkpt lat="48.045784" lon="-121.246521">
				<ele>792.645996</ele>
				<time>2026-07-19T18:25:37Z</time>
			</trkpt>
			<trkpt lat="48.045883" lon="-121.246681">
				<ele>791.234314</ele>
				<time>2026-07-19T18:25:49Z</time>
			</trkpt>
			<trkpt lat="48.045879" lon="-121.246758">
				<ele>792.066223</ele>
				<time>2026-07-19T18:25:53Z</time>
			</trkpt>
			<trkpt lat="48.045887" lon="-121.246826">
				<ele>791.917725</ele>
				<time>2026-07-19T18:25:57Z</time>
			</trkpt>
			<trkpt lat="48.045906" lon="-121.24691">
				<ele>793.658264</ele>
				<time>2026-07-19T18:26:02Z</time>
			</trkpt>
			<trkpt lat="48.04591" lon="-121.246986">
				<ele>792.419983</ele>
				<time>2026-07-19T18:26:06Z</time>
			</trkpt>
			<trkpt lat="48.045925" lon="-121.247124">
				<ele>791.694946</ele>
				<time>2026-07-19T18:26:14Z</time>
			</trkpt>
			<trkpt lat="48.045933" lon="-121.247192">
				<ele>792.191406</ele>
				<time>2026-07-19T18:26:18Z</time>
			</trkpt>
			<trkpt lat="48.045933" lon="-121.247261">
				<ele>791.104492</ele>
				<time>2026-07-19T18:26:22Z</time>
			</trkpt>
			<trkpt lat="48.045918" lon="-121.247322">
				<ele>791.673096</ele>
				<time>2026-07-19T18:26:26Z</time>
			</trkpt>
			<trkpt lat="48.045921" lon="-121.247406">
				<ele>791.348755</ele>
				<time>2026-07-19T18:26:30Z</time>
			</trkpt>
			<trkpt lat="48.045971" lon="-121.247749">
				<ele>781.990417</ele>
				<time>2026-07-19T18:26:55Z</time>
			</trkpt>
			<trkpt lat="48.04599" lon="-121.247818">
				<ele>782.629333</ele>
				<time>2026-07-19T18:27:00Z</time>
			</trkpt>
			<trkpt lat="48.046017" lon="-121.247879">
				<ele>780.965393</ele>
				<time>2026-07-19T18:27:04Z</time>
			</trkpt>
			<trkpt lat="48.046036" lon="-121.24794">
				<ele>780.923279</ele>
				<time>2026-07-19T18:27:08Z</time>
			</trkpt>
			<trkpt lat="48.04604" lon="-121.248024">
				<ele>782.134399</ele>
				<time>2026-07-19T18:27:13Z</time>
			</trkpt>
			<trkpt lat="48.046055" lon="-121.2481">
				<ele>781.652161</ele>
				<time>2026-07-19T18:27:18Z</time>
			</trkpt>
			<trkpt lat="48.046078" lon="-121.248169">
				<ele>781.990417</ele>
				<time>2026-07-19T18:27:23Z</time>
			</trkpt>
			<trkpt lat="48.046116" lon="-121.248383">
				<ele>778.123901</ele>
				<time>2026-07-19T18:27:36Z</time>
			</trkpt>
			<trkpt lat="48.046135" lon="-121.248528">
				<ele>779.985901</ele>
				<time>2026-07-19T18:27:45Z</time>
			</trkpt>
			<trkpt lat="48.046146" lon="-121.248604">
				<ele>779.409058</ele>
				<time>2026-07-19T18:27:50Z</time>
			</trkpt>
			<trkpt lat="48.046074" lon="-121.248619">
				<ele>775.913025</ele>
				<time>2026-07-19T18:27:59Z</time>
			</trkpt>
			<trkpt lat="48.046047" lon="-121.24855">
				<ele>775.976501</ele>
				<time>2026-07-19T18:28:04Z</time>
			</trkpt>
			<trkpt lat="48.045998" lon="-121.248428">
				<ele>774.340271</ele>
				<time>2026-07-19T18:28:14Z</time>
			</trkpt>
			<trkpt lat="48.045959" lon="-121.248383">
				<ele>774.891541</ele>
				<time>2026-07-19T18:28:21Z</time>
			</trkpt>
			<trkpt lat="48.045906" lon="-121.248589">
				<ele>766.572632</ele>
				<time>2026-07-19T18:28:45Z</time>
			</trkpt>
			<trkpt lat="48.045914" lon="-121.248657">
				<ele>766.972656</ele>
				<time>2026-07-19T18:28:50Z</time>
			</trkpt>
			<trkpt lat="48.045952" lon="-121.248787">
				<ele>765.62323</ele>
				<time>2026-07-19T18:28:59Z</time>
			</trkpt>
			<trkpt lat="48.045982" lon="-121.248848">
				<ele>765.936157</ele>
				<time>2026-07-19T18:29:04Z</time>
			</trkpt>
			<trkpt lat="48.045998" lon="-121.248924">
				<ele>765.303345</ele>
				<time>2026-07-19T18:29:08Z</time>
			</trkpt>
			<trkpt lat="48.046219" lon="-121.249252">
				<ele>758.563049</ele>
				<time>2026-07-19T18:29:34Z</time>
			</trkpt>
			<trkpt lat="48.046284" lon="-121.249359">
				<ele>759.201172</ele>
				<time>2026-07-19T18:29:42Z</time>
			</trkpt>
			<trkpt lat="48.046303" lon="-121.249428">
				<ele>757.787659</ele>
				<time>2026-07-19T18:29:46Z</time>
			</trkpt>
			<trkpt lat="48.046379" lon="-121.249519">
				<ele>758.759094</ele>
				<time>2026-07-19T18:29:55Z</time>
			</trkpt>
			<trkpt lat="48.046417" lon="-121.249557">
				<ele>757.647949</ele>
				<time>2026-07-19T18:29:59Z</time>
			</trkpt>
			<trkpt lat="48.046436" lon="-121.249695">
				<ele>758.338745</ele>
				<time>2026-07-19T18:30:07Z</time>
			</trkpt>
			<trkpt lat="48.046482" lon="-121.249901">
				<ele>753.802368</ele>
				<time>2026-07-19T18:30:21Z</time>
			</trkpt>
			<trkpt lat="48.046505" lon="-121.249962">
				<ele>754.470459</ele>
				<time>2026-07-19T18:30:25Z</time>
			</trkpt>
			<trkpt lat="48.046551" lon="-121.250145">
				<ele>752.057739</ele>
				<time>2026-07-19T18:30:39Z</time>
			</trkpt>
			<trkpt lat="48.046562" lon="-121.250206">
				<ele>753.137329</ele>
				<time>2026-07-19T18:30:43Z</time>
			</trkpt>
			<trkpt lat="48.046619" lon="-121.250389">
				<ele>750.624023</ele>
				<time>2026-07-19T18:30:57Z</time>
			</trkpt>
			<trkpt lat="48.046585" lon="-121.250511">
				<ele>745.446777</ele>
				<time>2026-07-19T18:31:27Z</time>
			</trkpt>
			<trkpt lat="48.046593" lon="-121.250443">
				<ele>750.499084</ele>
				<time>2026-07-19T18:36:36Z</time>
			</trkpt>
			<trkpt lat="48.046642" lon="-121.250458">
				<ele>749.142761</ele>
				<time>2026-07-19T18:36:42Z</time>
			</trkpt>
			<trkpt lat="48.046696" lon="-121.250565">
				<ele>750.288269</ele>
				<time>2026-07-19T18:36:50Z</time>
			</trkpt>
			<trkpt lat="48.046684" lon="-121.250641">
				<ele>748.681213</ele>
				<time>2026-07-19T18:36:54Z</time>
			</trkpt>
			<trkpt lat="48.046715" lon="-121.250694">
				<ele>749.654602</ele>
				<time>2026-07-19T18:36:59Z</time>
			</trkpt>
			<trkpt lat="48.046741" lon="-121.250832">
				<ele>749.16217</ele>
				<time>2026-07-19T18:37:10Z</time>
			</trkpt>
			<trkpt lat="48.046741" lon="-121.2509">
				<ele>747.953308</ele>
				<time>2026-07-19T18:37:13Z</time>
			</trkpt>
			<trkpt lat="48.046741" lon="-121.250969">
				<ele>750.728394</ele>
				<time>2026-07-19T18:37:17Z</time>
			</trkpt>
			<trkpt lat="48.046741" lon="-121.251045">
				<ele>747.579834</ele>
				<time>2026-07-19T18:37:22Z</time>
			</trkpt>
			<trkpt lat="48.046753" lon="-121.251183">
				<ele>750.125488</ele>
				<time>2026-07-19T18:37:30Z</time>
			</trkpt>
			<trkpt lat="48.04678" lon="-121.251236">
				<ele>748.300659</ele>
				<time>2026-07-19T18:37:34Z</time>
			</trkpt>
			<trkpt lat="48.046818" lon="-121.251274">
				<ele>748.829224</ele>
				<time>2026-07-19T18:37:38Z</time>
			</trkpt>
			<trkpt lat="48.046867" lon="-121.251312">
				<ele>752.127991</ele>
				<time>2026-07-19T18:37:42Z</time>
			</trkpt>
			<trkpt lat="48.046902" lon="-121.251358">
				<ele>750.318237</ele>
				<time>2026-07-19T18:37:46Z</time>
			</trkpt>
			<trkpt lat="48.046982" lon="-121.251457">
				<ele>749.45929</ele>
				<time>2026-07-19T18:37:55Z</time>
			</trkpt>
			<trkpt lat="48.046997" lon="-121.251518">
				<ele>751.117188</ele>
				<time>2026-07-19T18:37:59Z</time>
			</trkpt>
			<trkpt lat="48.047012" lon="-121.251595">
				<ele>750.632813</ele>
				<time>2026-07-19T18:38:04Z</time>
			</trkpt>
			<trkpt lat="48.04702" lon="-121.251663">
				<ele>751.530823</ele>
				<time>2026-07-19T18:38:08Z</time>
			</trkpt>
			<trkpt lat="48.047035" lon="-121.25174">
				<ele>751.480591</ele>
				<time>2026-07-19T18:38:13Z</time>
			</trkpt>
			<trkpt lat="48.047142" lon="-121.251884">
				<ele>746.216064</ele>
				<time>2026-07-19T18:38:24Z</time>
			</trkpt>
			<trkpt lat="48.047165" lon="-121.251945">
				<ele>747.031982</ele>
				<time>2026-07-19T18:38:28Z</time>
			</trkpt>
			<trkpt lat="48.04723" lon="-121.25206">
				<ele>745.046143</ele>
				<time>2026-07-19T18:38:37Z</time>
			</trkpt>
			<trkpt lat="48.047256" lon="-121.252129">
				<ele>745.504639</ele>
				<time>2026-07-19T18:38:41Z</time>
			</trkpt>
			<trkpt lat="48.047256" lon="-121.252205">
				<ele>744.152405</ele>
				<time>2026-07-19T18:38:46Z</time>
			</trkpt>
			<trkpt lat="48.047249" lon="-121.252281">
				<ele>744.173889</ele>
				<time>2026-07-19T18:38:51Z</time>
			</trkpt>
			<trkpt lat="48.047268" lon="-121.252426">
				<ele>743.680542</ele>
				<time>2026-07-19T18:39:00Z</time>
			</trkpt>
			<trkpt lat="48.047253" lon="-121.252487">
				<ele>743.850037</ele>
				<time>2026-07-19T18:39:03Z</time>
			</trkpt>
			<trkpt lat="48.047249" lon="-121.252563">
				<ele>742.907776</ele>
				<time>2026-07-19T18:39:07Z</time>
			</trkpt>
			<trkpt lat="48.047237" lon="-121.252708">
				<ele>744.388794</ele>
				<time>2026-07-19T18:39:15Z</time>
			</trkpt>
			<trkpt lat="48.047241" lon="-121.252769">
				<ele>742.516602</ele>
				<time>2026-07-19T18:39:19Z</time>
			</trkpt>
			<trkpt lat="48.047245" lon="-121.252846">
				<ele>742.45874</ele>
				<time>2026-07-19T18:39:24Z</time>
			</trkpt>
			<trkpt lat="48.047256" lon="-121.252914">
				<ele>743.008728</ele>
				<time>2026-07-19T18:39:28Z</time>
			</trkpt>
			<trkpt lat="48.047291" lon="-121.252975">
				<ele>740.883179</ele>
				<time>2026-07-19T18:39:33Z</time>
			</trkpt>
			<trkpt lat="48.047306" lon="-121.253044">
				<ele>740.761292</ele>
				<time>2026-07-19T18:39:37Z</time>
			</trkpt>
			<trkpt lat="48.04731" lon="-121.25312">
				<ele>742.219849</ele>
				<time>2026-07-19T18:39:41Z</time>
			</trkpt>
			<trkpt lat="48.047344" lon="-121.253189">
				<ele>741.335938</ele>
				<time>2026-07-19T18:39:46Z</time>
			</trkpt>
			<trkpt lat="48.047398" lon="-121.253372">
				<ele>743.565674</ele>
				<time>2026-07-19T18:39:58Z</time>
			</trkpt>
			<trkpt lat="48.047421" lon="-121.253448">
				<ele>743.496277</ele>
				<time>2026-07-19T18:40:02Z</time>
			</trkpt>
			<trkpt lat="48.047421" lon="-121.253525">
				<ele>744.175964</ele>
				<time>2026-07-19T18:40:06Z</time>
			</trkpt>
			<trkpt lat="48.047394" lon="-121.253654">
				<ele>741.55603</ele>
				<time>2026-07-19T18:40:14Z</time>
			</trkpt>
			<trkpt lat="48.047367" lon="-121.253731">
				<ele>742.167114</ele>
				<time>2026-07-19T18:40:18Z</time>
			</trkpt>
			<trkpt lat="48.04734" lon="-121.25386">
				<ele>739.565125</ele>
				<time>2026-07-19T18:40:26Z</time>
			</trkpt>
			<trkpt lat="48.047348" lon="-121.254005">
				<ele>741.420837</ele>
				<time>2026-07-19T18:40:33Z</time>
			</trkpt>
			<trkpt lat="48.047291" lon="-121.254211">
				<ele>740.178223</ele>
				<time>2026-07-19T18:40:46Z</time>
			</trkpt>
			<trkpt lat="48.047276" lon="-121.254272">
				<ele>742.396973</ele>
				<time>2026-07-19T18:40:50Z</time>
			</trkpt>
			<trkpt lat="48.04731" lon="-121.254395">
				<ele>738.754028</ele>
				<time>2026-07-19T18:40:58Z</time>
			</trkpt>
			<trkpt lat="48.047352" lon="-121.254532">
				<ele>741.664856</ele>
				<time>2026-07-19T18:41:09Z</time>
			</trkpt>
			<trkpt lat="48.047375" lon="-121.254677">
				<ele>739.266479</ele>
				<time>2026-07-19T18:41:17Z</time>
			</trkpt>
			<trkpt lat="48.047417" lon="-121.254715">
				<ele>741.158813</ele>
				<time>2026-07-19T18:41:20Z</time>
			</trkpt>
			<trkpt lat="48.047436" lon="-121.254776">
				<ele>737.552063</ele>
				<time>2026-07-19T18:41:24Z</time>
			</trkpt>
			<trkpt lat="48.047466" lon="-121.254829">
				<ele>737.517883</ele>
				<time>2026-07-19T18:41:28Z</time>
			</trkpt>
			<trkpt lat="48.047466" lon="-121.254898">
				<ele>740.654297</ele>
				<time>2026-07-19T18:41:32Z</time>
			</trkpt>
			<trkpt lat="48.047546" lon="-121.254974">
				<ele>740.219177</ele>
				<time>2026-07-19T18:41:42Z</time>
			</trkpt>
			<trkpt lat="48.047642" lon="-121.254974">
				<ele>738.828125</ele>
				<time>2026-07-19T18:41:51Z</time>
			</trkpt>
			<trkpt lat="48.047695" lon="-121.254997">
				<ele>739.112549</ele>
				<time>2026-07-19T18:41:55Z</time>
			</trkpt>
			<trkpt lat="48.047741" lon="-121.25502">
				<ele>737.66272</ele>
				<time>2026-07-19T18:41:58Z</time>
			</trkpt>
			<trkpt lat="48.047783" lon="-121.255066">
				<ele>739.657959</ele>
				<time>2026-07-19T18:42:02Z</time>
			</trkpt>
			<trkpt lat="48.04784" lon="-121.25518">
				<ele>737.021057</ele>
				<time>2026-07-19T18:42:09Z</time>
			</trkpt>
			<trkpt lat="48.047848" lon="-121.255257">
				<ele>738.802246</ele>
				<time>2026-07-19T18:42:13Z</time>
			</trkpt>
			<trkpt lat="48.047863" lon="-121.255417">
				<ele>736.604187</ele>
				<time>2026-07-19T18:42:22Z</time>
			</trkpt>
			<trkpt lat="48.047874" lon="-121.255501">
				<ele>737.242981</ele>
				<time>2026-07-19T18:42:27Z</time>
			</trkpt>
			<trkpt lat="48.047909" lon="-121.25563">
				<ele>736.961365</ele>
				<time>2026-07-19T18:42:35Z</time>
			</trkpt>
			<trkpt lat="48.04792" lon="-121.255692">
				<ele>735.393066</ele>
				<time>2026-07-19T18:42:38Z</time>
			</trkpt>
			<trkpt lat="48.047924" lon="-121.25576">
				<ele>735.347412</ele>
				<time>2026-07-19T18:42:41Z</time>
			</trkpt>
			<trkpt lat="48.047916" lon="-121.255829">
				<ele>735.783386</ele>
				<time>2026-07-19T18:42:45Z</time>
			</trkpt>
			<trkpt lat="48.047932" lon="-121.255898">
				<ele>735.161743</ele>
				<time>2026-07-19T18:42:48Z</time>
			</trkpt>
			<trkpt lat="48.047935" lon="-121.255974">
				<ele>735.938293</ele>
				<time>2026-07-19T18:42:52Z</time>
			</trkpt>
			<trkpt lat="48.047943" lon="-121.25605">
				<ele>735.929077</ele>
				<time>2026-07-19T18:42:56Z</time>
			</trkpt>
			<trkpt lat="48.047974" lon="-121.256096">
				<ele>736.229248</ele>
				<time>2026-07-19T18:43:00Z</time>
			</trkpt>
			<trkpt lat="48.047981" lon="-121.256165">
				<ele>736.132141</ele>
				<time>2026-07-19T18:43:05Z</time>
			</trkpt>
			<trkpt lat="48.047981" lon="-121.256233">
				<ele>737.205505</ele>
				<time>2026-07-19T18:43:08Z</time>
			</trkpt>
			<trkpt lat="48.048042" lon="-121.25634">
				<ele>733.466675</ele>
				<time>2026-07-19T18:43:17Z</time>
			</trkpt>
			<trkpt lat="48.048058" lon="-121.256409">
				<ele>733.764832</ele>
				<time>2026-07-19T18:43:21Z</time>
			</trkpt>
			<trkpt lat="48.048084" lon="-121.256462">
				<ele>733.540771</ele>
				<time>2026-07-19T18:43:25Z</time>
			</trkpt>
			<trkpt lat="48.048115" lon="-121.256516">
				<ele>733.929016</ele>
				<time>2026-07-19T18:43:29Z</time>
			</trkpt>
			<trkpt lat="48.048138" lon="-121.256577">
				<ele>735.432922</ele>
				<time>2026-07-19T18:43:33Z</time>
			</trkpt>
			<trkpt lat="48.048183" lon="-121.256622">
				<ele>734.060547</ele>
				<time>2026-07-19T18:43:37Z</time>
			</trkpt>
			<trkpt lat="48.048264" lon="-121.256714">
				<ele>739.283691</ele>
				<time>2026-07-19T18:43:47Z</time>
			</trkpt>
			<trkpt lat="48.048298" lon="-121.256767">
				<ele>737.074341</ele>
				<time>2026-07-19T18:43:51Z</time>
			</trkpt>
			<trkpt lat="48.048317" lon="-121.256836">
				<ele>737.204895</ele>
				<time>2026-07-19T18:43:54Z</time>
			</trkpt>
			<trkpt lat="48.048325" lon="-121.256905">
				<ele>737.187256</ele>
				<time>2026-07-19T18:43:58Z</time>
			</trkpt>
			<trkpt lat="48.048328" lon="-121.256973">
				<ele>737.981812</ele>
				<time>2026-07-19T18:44:02Z</time>
			</trkpt>
			<trkpt lat="48.048321" lon="-121.257057">
				<ele>737.402222</ele>
				<time>2026-07-19T18:44:06Z</time>
			</trkpt>
			<trkpt lat="48.048313" lon="-121.257126">
				<ele>738.153503</ele>
				<time>2026-07-19T18:44:11Z</time>
			</trkpt>
			<trkpt lat="48.048317" lon="-121.25721">
				<ele>737.87677</ele>
				<time>2026-07-19T18:44:16Z</time>
			</trkpt>
			<trkpt lat="48.048359" lon="-121.257355">
				<ele>738.360596</ele>
				<time>2026-07-19T18:44:24Z</time>
			</trkpt>
			<trkpt lat="48.048424" lon="-121.25753">
				<ele>734.792847</ele>
				<time>2026-07-19T18:44:35Z</time>
			</trkpt>
			<trkpt lat="48.048454" lon="-121.257591">
				<ele>736.670349</ele>
				<time>2026-07-19T18:44:39Z</time>
			</trkpt>
			<trkpt lat="48.048504" lon="-121.257713">
				<ele>732.679565</ele>
				<time>2026-07-19T18:44:47Z</time>
			</trkpt>
			<trkpt lat="48.048523" lon="-121.257767">
				<ele>733.169678</ele>
				<time>2026-07-19T18:44:51Z</time>
			</trkpt>
			<trkpt lat="48.048561" lon="-121.257828">
				<ele>733.100708</ele>
				<time>2026-07-19T18:44:56Z</time>
			</trkpt>
			<trkpt lat="48.048634" lon="-121.257996">
				<ele>736.80481</ele>
				<time>2026-07-19T18:45:05Z</time>
			</trkpt>
			<trkpt lat="48.048618" lon="-121.258125">
				<ele>734.786987</ele>
				<time>2026-07-19T18:45:13Z</time>
			</trkpt>
			<trkpt lat="48.048599" lon="-121.258186">
				<ele>734.788208</ele>
				<time>2026-07-19T18:45:18Z</time>
			</trkpt>
			<trkpt lat="48.048637" lon="-121.258316">
				<ele>731.439636</ele>
				<time>2026-07-19T18:45:26Z</time>
			</trkpt>
			<trkpt lat="48.048672" lon="-121.258438">
				<ele>734.237732</ele>
				<time>2026-07-19T18:45:34Z</time>
			</trkpt>
			<trkpt lat="48.048683" lon="-121.258713">
				<ele>728.361267</ele>
				<time>2026-07-19T18:45:51Z</time>
			</trkpt>
			<trkpt lat="48.048721" lon="-121.258766">
				<ele>729.49585</ele>
				<time>2026-07-19T18:45:55Z</time>
			</trkpt>
			<trkpt lat="48.048759" lon="-121.25882">
				<ele>726.857788</ele>
				<time>2026-07-19T18:45:59Z</time>
			</trkpt>
			<trkpt lat="48.048801" lon="-121.259026">
				<ele>732.262207</ele>
				<time>2026-07-19T18:46:13Z</time>
			</trkpt>
			<trkpt lat="48.048874" lon="-121.259216">
				<ele>731.116516</ele>
				<time>2026-07-19T18:46:25Z</time>
			</trkpt>
			<trkpt lat="48.048916" lon="-121.259338">
				<ele>726.142334</ele>
				<time>2026-07-19T18:46:33Z</time>
			</trkpt>
			<trkpt lat="48.048985" lon="-121.259544">
				<ele>724.036255</ele>
				<time>2026-07-19T18:46:45Z</time>
			</trkpt>
			<trkpt lat="48.049099" lon="-121.259743">
				<ele>726.299438</ele>
				<time>2026-07-19T18:46:59Z</time>
			</trkpt>
			<trkpt lat="48.049084" lon="-121.259804">
				<ele>726.316772</ele>
				<time>2026-07-19T18:47:03Z</time>
			</trkpt>
			<trkpt lat="48.049091" lon="-121.259895">
				<ele>726.043579</ele>
				<time>2026-07-19T18:47:07Z</time>
			</trkpt>
			<trkpt lat="48.049145" lon="-121.260025">
				<ele>726.687378</ele>
				<time>2026-07-19T18:47:14Z</time>
			</trkpt>
			<trkpt lat="48.049168" lon="-121.260086">
				<ele>723.153137</ele>
				<time>2026-07-19T18:47:18Z</time>
			</trkpt>
			<trkpt lat="48.049179" lon="-121.260239">
				<ele>725.1922</ele>
				<time>2026-07-19T18:47:26Z</time>
			</trkpt>
			<trkpt lat="48.049202" lon="-121.260368">
				<ele>723.906555</ele>
				<time>2026-07-19T18:47:34Z</time>
			</trkpt>
			<trkpt lat="48.049194" lon="-121.260437">
				<ele>720.518738</ele>
				<time>2026-07-19T18:47:38Z</time>
			</trkpt>
			<trkpt lat="48.049187" lon="-121.260513">
				<ele>721.730652</ele>
				<time>2026-07-19T18:47:42Z</time>
			</trkpt>
			<trkpt lat="48.049236" lon="-121.260727">
				<ele>720.016296</ele>
				<time>2026-07-19T18:47:58Z</time>
			</trkpt>
			<trkpt lat="48.049271" lon="-121.26078">
				<ele>722.188232</ele>
				<time>2026-07-19T18:48:03Z</time>
			</trkpt>
			<trkpt lat="48.049305" lon="-121.260826">
				<ele>718.331055</ele>
				<time>2026-07-19T18:48:07Z</time>
			</trkpt>
			<trkpt lat="48.049377" lon="-121.261009">
				<ele>721.859741</ele>
				<time>2026-07-19T18:48:20Z</time>
			</trkpt>
			<trkpt lat="48.049389" lon="-121.261086">
				<ele>718.57019</ele>
				<time>2026-07-19T18:48:25Z</time>
			</trkpt>
			<trkpt lat="48.049416" lon="-121.261139">
				<ele>718.799622</ele>
				<time>2026-07-19T18:48:30Z</time>
			</trkpt>
			<trkpt lat="48.049435" lon="-121.2612">
				<ele>717.546997</ele>
				<time>2026-07-19T18:48:35Z</time>
			</trkpt>
			<trkpt lat="48.049442" lon="-121.261269">
				<ele>719.905701</ele>
				<time>2026-07-19T18:48:38Z</time>
			</trkpt>
			<trkpt lat="48.049458" lon="-121.261337">
				<ele>719.349487</ele>
				<time>2026-07-19T18:48:43Z</time>
			</trkpt>
			<trkpt lat="48.049465" lon="-121.261482">
				<ele>714.901062</ele>
				<time>2026-07-19T18:48:51Z</time>
			</trkpt>
			<trkpt lat="48.049522" lon="-121.261681">
				<ele>717.59436</ele>
				<time>2026-07-19T18:49:03Z</time>
			</trkpt>
			<trkpt lat="48.049568" lon="-121.261787">
				<ele>714.37384</ele>
				<time>2026-07-19T18:49:10Z</time>
			</trkpt>
			<trkpt lat="48.04958" lon="-121.261864">
				<ele>715.867126</ele>
				<time>2026-07-19T18:49:15Z</time>
			</trkpt>
			<trkpt lat="48.049568" lon="-121.261925">
				<ele>714.210632</ele>
				<time>2026-07-19T18:49:20Z</time>
			</trkpt>
			<trkpt lat="48.04958" lon="-121.262085">
				<ele>714.713196</ele>
				<time>2026-07-19T18:49:29Z</time>
			</trkpt>
			<trkpt lat="48.049587" lon="-121.262154">
				<ele>714.509399</ele>
				<time>2026-07-19T18:49:33Z</time>
			</trkpt>
			<trkpt lat="48.04961" lon="-121.262207">
				<ele>714.641479</ele>
				<time>2026-07-19T18:49:39Z</time>
			</trkpt>
			<trkpt lat="48.049656" lon="-121.262245">
				<ele>713.852905</ele>
				<time>2026-07-19T18:49:42Z</time>
			</trkpt>
			<trkpt lat="48.049683" lon="-121.262383">
				<ele>718.119751</ele>
				<time>2026-07-19T18:49:51Z</time>
			</trkpt>
			<trkpt lat="48.049732" lon="-121.262634">
				<ele>712.449829</ele>
				<time>2026-07-19T18:50:04Z</time>
			</trkpt>
			<trkpt lat="48.049774" lon="-121.26265">
				<ele>712.340759</ele>
				<time>2026-07-19T18:50:09Z</time>
			</trkpt>
			<trkpt lat="48.049828" lon="-121.262665">
				<ele>714.013855</ele>
				<time>2026-07-19T18:50:14Z</time>
			</trkpt>
			<trkpt lat="48.049866" lon="-121.262703">
				<ele>711.829407</ele>
				<time>2026-07-19T18:50:17Z</time>
			</trkpt>
			<trkpt lat="48.049942" lon="-121.262772">
				<ele>714.786072</ele>
				<time>2026-07-19T18:50:29Z</time>
			</trkpt>
			<trkpt lat="48.050003" lon="-121.262871">
				<ele>712.209167</ele>
				<time>2026-07-19T18:50:52Z</time>
			</trkpt>
			<trkpt lat="48.050011" lon="-121.262947">
				<ele>714.771606</ele>
				<time>2026-07-19T18:50:57Z</time>
			</trkpt>
			<trkpt lat="48.050056" lon="-121.262993">
				<ele>712.615601</ele>
				<time>2026-07-19T18:51:02Z</time>
			</trkpt>
			<trkpt lat="48.05014" lon="-121.263145">
				<ele>716.973206</ele>
				<time>2026-07-19T18:51:15Z</time>
			</trkpt>
			<trkpt lat="48.050171" lon="-121.263214">
				<ele>716.79248</ele>
				<time>2026-07-19T18:51:20Z</time>
			</trkpt>
			<trkpt lat="48.050194" lon="-121.263275">
				<ele>714.746765</ele>
				<time>2026-07-19T18:51:23Z</time>
			</trkpt>
			<trkpt lat="48.050266" lon="-121.263382">
				<ele>714.449402</ele>
				<time>2026-07-19T18:51:31Z</time>
			</trkpt>
			<trkpt lat="48.050301" lon="-121.263435">
				<ele>716.647461</ele>
				<time>2026-07-19T18:51:36Z</time>
			</trkpt>
			<trkpt lat="48.050331" lon="-121.263496">
				<ele>714.898804</ele>
				<time>2026-07-19T18:51:39Z</time>
			</trkpt>
			<trkpt lat="48.050381" lon="-121.263626">
				<ele>714.248901</ele>
				<time>2026-07-19T18:51:46Z</time>
			</trkpt>
			<trkpt lat="48.050407" lon="-121.263687">
				<ele>715.109741</ele>
				<time>2026-07-19T18:51:50Z</time>
			</trkpt>
			<trkpt lat="48.050461" lon="-121.263802">
				<ele>714.699341</ele>
				<time>2026-07-19T18:51:59Z</time>
			</trkpt>
			<trkpt lat="48.050503" lon="-121.263863">
				<ele>714.76416</ele>
				<time>2026-07-19T18:52:04Z</time>
			</trkpt>
			<trkpt lat="48.050549" lon="-121.263885">
				<ele>716.124695</ele>
				<time>2026-07-19T18:52:09Z</time>
			</trkpt>
			<trkpt lat="48.050594" lon="-121.263901">
				<ele>716.185242</ele>
				<time>2026-07-19T18:52:12Z</time>
			</trkpt>
			<trkpt lat="48.050632" lon="-121.263931">
				<ele>716.087524</ele>
				<time>2026-07-19T18:52:16Z</time>
			</trkpt>
			<trkpt lat="48.050663" lon="-121.264">
				<ele>716.34613</ele>
				<time>2026-07-19T18:52:19Z</time>
			</trkpt>
			<trkpt lat="48.050716" lon="-121.263985">
				<ele>719.000427</ele>
				<time>2026-07-19T18:52:27Z</time>
			</trkpt>
			<trkpt lat="48.050774" lon="-121.264008">
				<ele>717.156372</ele>
				<time>2026-07-19T18:52:31Z</time>
			</trkpt>
			<trkpt lat="48.050819" lon="-121.264023">
				<ele>722.422119</ele>
				<time>2026-07-19T18:52:36Z</time>
			</trkpt>
			<trkpt lat="48.050842" lon="-121.264084">
				<ele>720.60437</ele>
				<time>2026-07-19T18:52:39Z</time>
			</trkpt>
			<trkpt lat="48.050827" lon="-121.264244">
				<ele>722.821655</ele>
				<time>2026-07-19T18:52:48Z</time>
			</trkpt>
			<trkpt lat="48.05088" lon="-121.264351">
				<ele>719.434814</ele>
				<time>2026-07-19T18:52:57Z</time>
			</trkpt>
			<trkpt lat="48.050953" lon="-121.26445">
				<ele>720.123535</ele>
				<time>2026-07-19T18:53:06Z</time>
			</trkpt>
			<trkpt lat="48.050987" lon="-121.264488">
				<ele>723.741699</ele>
				<time>2026-07-19T18:53:10Z</time>
			</trkpt>
			<trkpt lat="48.051029" lon="-121.264542">
				<ele>723.443726</ele>
				<time>2026-07-19T18:53:14Z</time>
			</trkpt>
			<trkpt lat="48.05109" lon="-121.264641">
				<ele>724.376587</ele>
				<time>2026-07-19T18:53:23Z</time>
			</trkpt>
			<trkpt lat="48.051132" lon="-121.264839">
				<ele>717.514709</ele>
				<time>2026-07-19T18:53:36Z</time>
			</trkpt>
			<trkpt lat="48.051197" lon="-121.265022">
				<ele>719.793579</ele>
				<time>2026-07-19T18:53:50Z</time>
			</trkpt>
			<trkpt lat="48.051285" lon="-121.26519">
				<ele>714.264282</ele>
				<time>2026-07-19T18:54:00Z</time>
			</trkpt>
			<trkpt lat="48.051388" lon="-121.265297">
				<ele>719.739075</ele>
				<time>2026-07-19T18:54:13Z</time>
			</trkpt>
			<trkpt lat="48.05146" lon="-121.265388">
				<ele>721.115784</ele>
				<time>2026-07-19T18:54:22Z</time>
			</trkpt>
			<trkpt lat="48.051506" lon="-121.265404">
				<ele>717.55011</ele>
				<time>2026-07-19T18:54:28Z</time>
			</trkpt>
			<trkpt lat="48.051514" lon="-121.265533">
				<ele>720.896606</ele>
				<time>2026-07-19T18:54:40Z</time>
			</trkpt>
			<trkpt lat="48.051548" lon="-121.265587">
				<ele>718.05072</ele>
				<time>2026-07-19T18:54:47Z</time>
			</trkpt>
			<trkpt lat="48.051628" lon="-121.265671">
				<ele>720.487183</ele>
				<time>2026-07-19T18:54:55Z</time>
			</trkpt>
			<trkpt lat="48.051689" lon="-121.265678">
				<ele>718.192017</ele>
				<time>2026-07-19T18:54:59Z</time>
			</trkpt>
			<trkpt lat="48.051819" lon="-121.265808">
				<ele>719.79425</ele>
				<time>2026-07-19T18:55:13Z</time>
			</trkpt>
			<trkpt lat="48.051857" lon="-121.265854">
				<ele>717.361511</ele>
				<time>2026-07-19T18:55:19Z</time>
			</trkpt>
			<trkpt lat="48.051891" lon="-121.265907">
				<ele>717.371704</ele>
				<time>2026-07-19T18:55:24Z</time>
			</trkpt>
			<trkpt lat="48.051918" lon="-121.265976">
				<ele>719.011597</ele>
				<time>2026-07-19T18:55:30Z</time>
			</trkpt>
			<trkpt lat="48.051922" lon="-121.266037">
				<ele>716.395447</ele>
				<time>2026-07-19T18:55:35Z</time>
			</trkpt>
			<trkpt lat="48.051945" lon="-121.266174">
				<ele>715.30957</ele>
				<time>2026-07-19T18:55:46Z</time>
			</trkpt>
			<trkpt lat="48.05196" lon="-121.266327">
				<ele>717.007935</ele>
				<time>2026-07-19T18:55:54Z</time>
			</trkpt>
			<trkpt lat="48.051998" lon="-121.266716">
				<ele>701.735413</ele>
				<time>2026-07-19T18:56:20Z</time>
			</trkpt>
			<trkpt lat="48.052029" lon="-121.266785">
				<ele>700.926636</ele>
				<time>2026-07-19T18:56:24Z</time>
			</trkpt>
			<trkpt lat="48.052059" lon="-121.266914">
				<ele>704.562378</ele>
				<time>2026-07-19T18:56:33Z</time>
			</trkpt>
			<trkpt lat="48.052067" lon="-121.266983">
				<ele>700.449463</ele>
				<time>2026-07-19T18:56:37Z</time>
			</trkpt>
			<trkpt lat="48.052086" lon="-121.267044">
				<ele>702.504333</ele>
				<time>2026-07-19T18:56:41Z</time>
			</trkpt>
			<trkpt lat="48.052147" lon="-121.267151">
				<ele>700.479736</ele>
				<time>2026-07-19T18:56:51Z</time>
			</trkpt>
			<trkpt lat="48.052208" lon="-121.267357">
				<ele>703.059204</ele>
				<time>2026-07-19T18:57:04Z</time>
			</trkpt>
			<trkpt lat="48.052238" lon="-121.26741">
				<ele>702.01532</ele>
				<time>2026-07-19T18:57:09Z</time>
			</trkpt>
			<trkpt lat="48.05228" lon="-121.267441">
				<ele>702.861877</ele>
				<time>2026-07-19T18:57:14Z</time>
			</trkpt>
			<trkpt lat="48.052311" lon="-121.267502">
				<ele>702.853577</ele>
				<time>2026-07-19T18:57:19Z</time>
			</trkpt>
			<trkpt lat="48.052425" lon="-121.267578">
				<ele>709.992737</ele>
				<time>2026-07-19T18:57:36Z</time>
			</trkpt>
			<trkpt lat="48.052475" lon="-121.267647">
				<ele>709.554932</ele>
				<time>2026-07-19T18:57:42Z</time>
			</trkpt>
			<trkpt lat="48.052494" lon="-121.2677">
				<ele>711.267151</ele>
				<time>2026-07-19T18:57:47Z</time>
			</trkpt>
			<trkpt lat="48.052505" lon="-121.267845">
				<ele>707.384827</ele>
				<time>2026-07-19T18:57:58Z</time>
			</trkpt>
			<trkpt lat="48.05254" lon="-121.267975">
				<ele>710.347595</ele>
				<time>2026-07-19T18:58:12Z</time>
			</trkpt>
			<trkpt lat="48.052547" lon="-121.26812">
				<ele>719.094116</ele>
				<time>2026-07-19T18:58:28Z</time>
			</trkpt>
			<trkpt lat="48.052567" lon="-121.26841">
				<ele>713.081909</ele>
				<time>2026-07-19T18:58:47Z</time>
			</trkpt>
			<trkpt lat="48.052586" lon="-121.268547">
				<ele>715.461304</ele>
				<time>2026-07-19T18:58:56Z</time>
			</trkpt>
			<trkpt lat="48.052597" lon="-121.268631">
				<ele>711.944946</ele>
				<time>2026-07-19T18:59:01Z</time>
			</trkpt>
			<trkpt lat="48.052628" lon="-121.268692">
				<ele>713.591797</ele>
				<time>2026-07-19T18:59:36Z</time>
			</trkpt>
			<trkpt lat="48.052654" lon="-121.268745">
				<ele>709.8526</ele>
				<time>2026-07-19T18:59:42Z</time>
			</trkpt>
			<trkpt lat="48.052696" lon="-121.268791">
				<ele>710.465942</ele>
				<time>2026-07-19T18:59:48Z</time>
			</trkpt>
			<trkpt lat="48.052776" lon="-121.26886">
				<ele>709.266846</ele>
				<time>2026-07-19T18:59:59Z</time>
			</trkpt>
			<trkpt lat="48.052826" lon="-121.268883">
				<ele>713.343811</ele>
				<time>2026-07-19T19:00:07Z</time>
			</trkpt>
			<trkpt lat="48.052853" lon="-121.268951">
				<ele>713.276001</ele>
				<time>2026-07-19T19:00:13Z</time>
			</trkpt>
			<trkpt lat="48.052837" lon="-121.269012">
				<ele>711.546875</ele>
				<time>2026-07-19T19:00:17Z</time>
			</trkpt>
			<trkpt lat="48.052944" lon="-121.269028">
				<ele>717.151855</ele>
				<time>2026-07-19T19:00:40Z</time>
			</trkpt>
			<trkpt lat="48.052902" lon="-121.269165">
				<ele>711.703979</ele>
				<time>2026-07-19T19:00:49Z</time>
			</trkpt>
			<trkpt lat="48.052849" lon="-121.269447">
				<ele>708.502869</ele>
				<time>2026-07-19T19:01:09Z</time>
			</trkpt>
			<trkpt lat="48.052906" lon="-121.269562">
				<ele>705.886536</ele>
				<time>2026-07-19T19:01:17Z</time>
			</trkpt>
			<trkpt lat="48.052944" lon="-121.2696">
				<ele>706.340942</ele>
				<time>2026-07-19T19:01:22Z</time>
			</trkpt>
			<trkpt lat="48.053059" lon="-121.269737">
				<ele>704.263123</ele>
				<time>2026-07-19T19:01:39Z</time>
			</trkpt>
			<trkpt lat="48.053097" lon="-121.269775">
				<ele>705.722656</ele>
				<time>2026-07-19T19:01:44Z</time>
			</trkpt>
			<trkpt lat="48.053143" lon="-121.269913">
				<ele>700.732117</ele>
				<time>2026-07-19T19:01:54Z</time>
			</trkpt>
			<trkpt lat="48.053192" lon="-121.269951">
				<ele>701.228577</ele>
				<time>2026-07-19T19:01:58Z</time>
			</trkpt>
			<trkpt lat="48.053238" lon="-121.269981">
				<ele>701.010315</ele>
				<time>2026-07-19T19:02:02Z</time>
			</trkpt>
			<trkpt lat="48.053295" lon="-121.270081">
				<ele>702.770447</ele>
				<time>2026-07-19T19:02:11Z</time>
			</trkpt>
			<trkpt lat="48.053391" lon="-121.270073">
				<ele>699.873352</ele>
				<time>2026-07-19T19:02:22Z</time>
			</trkpt>
			<trkpt lat="48.053581" lon="-121.270149">
				<ele>705.510925</ele>
				<time>2026-07-19T19:02:41Z</time>
			</trkpt>
			<trkpt lat="48.053623" lon="-121.270172">
				<ele>703.482849</ele>
				<time>2026-07-19T19:02:45Z</time>
			</trkpt>
			<trkpt lat="48.053719" lon="-121.270195">
				<ele>704.614075</ele>
				<time>2026-07-19T19:02:54Z</time>
			</trkpt>
			<trkpt lat="48.053825" lon="-121.270355">
				<ele>700.686584</ele>
				<time>2026-07-19T19:03:05Z</time>
			</trkpt>
			<trkpt lat="48.053841" lon="-121.270424">
				<ele>704.096741</ele>
				<time>2026-07-19T19:03:10Z</time>
			</trkpt>
			<trkpt lat="48.053925" lon="-121.270599">
				<ele>705.477112</ele>
				<time>2026-07-19T19:03:23Z</time>
			</trkpt>
			<trkpt lat="48.053905" lon="-121.270676">
				<ele>707.787659</ele>
				<time>2026-07-19T19:03:26Z</time>
			</trkpt>
			<trkpt lat="48.053898" lon="-121.270744">
				<ele>708.47467</ele>
				<time>2026-07-19T19:03:30Z</time>
			</trkpt>
			<trkpt lat="48.053909" lon="-121.270813">
				<ele>707.89209</ele>
				<time>2026-07-19T19:03:34Z</time>
			</trkpt>
			<trkpt lat="48.053932" lon="-121.270874">
				<ele>709.223022</ele>
				<time>2026-07-19T19:03:40Z</time>
			</trkpt>
			<trkpt lat="48.053959" lon="-121.270943">
				<ele>709.075989</ele>
				<time>2026-07-19T19:03:44Z</time>
			</trkpt>
			<trkpt lat="48.053978" lon="-121.271004">
				<ele>709.865112</ele>
				<time>2026-07-19T19:03:48Z</time>
			</trkpt>
			<trkpt lat="48.054043" lon="-121.271202">
				<ele>706.217834</ele>
				<time>2026-07-19T19:04:01Z</time>
			</trkpt>
			<trkpt lat="48.054058" lon="-121.271263">
				<ele>706.210022</ele>
				<time>2026-07-19T19:04:05Z</time>
			</trkpt>
			<trkpt lat="48.054062" lon="-121.271332">
				<ele>707.72644</ele>
				<time>2026-07-19T19:04:09Z</time>
			</trkpt>
			<trkpt lat="48.054085" lon="-121.2714">
				<ele>705.505371</ele>
				<time>2026-07-19T19:04:13Z</time>
			</trkpt>
			<trkpt lat="48.054089" lon="-121.271477">
				<ele>707.068542</ele>
				<time>2026-07-19T19:04:19Z</time>
			</trkpt>
			<trkpt lat="48.054131" lon="-121.271675">
				<ele>702.371277</ele>
				<time>2026-07-19T19:04:34Z</time>
			</trkpt>
			<trkpt lat="48.054142" lon="-121.271751">
				<ele>705.53186</ele>
				<time>2026-07-19T19:04:38Z</time>
			</trkpt>
			<trkpt lat="48.054138" lon="-121.271828">
				<ele>704.034546</ele>
				<time>2026-07-19T19:04:43Z</time>
			</trkpt>
			<trkpt lat="48.054131" lon="-121.271889">
				<ele>704.955933</ele>
				<time>2026-07-19T19:04:47Z</time>
			</trkpt>
			<trkpt lat="48.054104" lon="-121.272018">
				<ele>702.593994</ele>
				<time>2026-07-19T19:04:58Z</time>
			</trkpt>
			<trkpt lat="48.054092" lon="-121.272095">
				<ele>702.703857</ele>
				<time>2026-07-19T19:05:04Z</time>
			</trkpt>
			<trkpt lat="48.054077" lon="-121.272171">
				<ele>701.736511</ele>
				<time>2026-07-19T19:05:09Z</time>
			</trkpt>
			<trkpt lat="48.05402" lon="-121.272392">
				<ele>696.067322</ele>
				<time>2026-07-19T19:05:24Z</time>
			</trkpt>
			<trkpt lat="48.053997" lon="-121.272453">
				<ele>695.250244</ele>
				<time>2026-07-19T19:05:28Z</time>
			</trkpt>
			<trkpt lat="48.054001" lon="-121.272514">
				<ele>695.934814</ele>
				<time>2026-07-19T19:05:36Z</time>
			</trkpt>
			<trkpt lat="48.053955" lon="-121.272644">
				<ele>694.130371</ele>
				<time>2026-07-19T19:05:43Z</time>
			</trkpt>
			<trkpt lat="48.053883" lon="-121.272736">
				<ele>694.336548</ele>
				<time>2026-07-19T19:05:50Z</time>
			</trkpt>
			<trkpt lat="48.053867" lon="-121.272797">
				<ele>693.501221</ele>
				<time>2026-07-19T19:05:57Z</time>
			</trkpt>
			<trkpt lat="48.053848" lon="-121.273003">
				<ele>701.205627</ele>
				<time>2026-07-19T19:06:11Z</time>
			</trkpt>
			<trkpt lat="48.053875" lon="-121.27314">
				<ele>697.070251</ele>
				<time>2026-07-19T19:06:19Z</time>
			</trkpt>
			<trkpt lat="48.053909" lon="-121.273201">
				<ele>699.451599</ele>
				<time>2026-07-19T19:06:24Z</time>
			</trkpt>
			<trkpt lat="48.05389" lon="-121.273338">
				<ele>697.697754</ele>
				<time>2026-07-19T19:06:32Z</time>
			</trkpt>
			<trkpt lat="48.053856" lon="-121.27346">
				<ele>692.963135</ele>
				<time>2026-07-19T19:06:41Z</time>
			</trkpt>
			<trkpt lat="48.053802" lon="-121.273567">
				<ele>695.440186</ele>
				<time>2026-07-19T19:06:51Z</time>
			</trkpt>
			<trkpt lat="48.053818" lon="-121.273697">
				<ele>693.275452</ele>
				<time>2026-07-19T19:07:00Z</time>
			</trkpt>
			<trkpt lat="48.053829" lon="-121.273773">
				<ele>695.693298</ele>
				<time>2026-07-19T19:07:05Z</time>
			</trkpt>
			<trkpt lat="48.053848" lon="-121.273827">
				<ele>693.781189</ele>
				<time>2026-07-19T19:07:09Z</time>
			</trkpt>
			<trkpt lat="48.053841" lon="-121.273895">
				<ele>694.91687</ele>
				<time>2026-07-19T19:07:13Z</time>
			</trkpt>
			<trkpt lat="48.053864" lon="-121.274086">
				<ele>691.870483</ele>
				<time>2026-07-19T19:07:28Z</time>
			</trkpt>
			<trkpt lat="48.053894" lon="-121.274216">
				<ele>693.649658</ele>
				<time>2026-07-19T19:07:39Z</time>
			</trkpt>
			<trkpt lat="48.053913" lon="-121.274277">
				<ele>691.169373</ele>
				<time>2026-07-19T19:07:43Z</time>
			</trkpt>
			<trkpt lat="48.053947" lon="-121.274323">
				<ele>691.646912</ele>
				<time>2026-07-19T19:07:49Z</time>
			</trkpt>
			<trkpt lat="48.054066" lon="-121.274559">
				<ele>689.964783</ele>
				<time>2026-07-19T19:08:06Z</time>
			</trkpt>
			<trkpt lat="48.054153" lon="-121.274734">
				<ele>687.336914</ele>
				<time>2026-07-19T19:08:22Z</time>
			</trkpt>
			<trkpt lat="48.054188" lon="-121.27478">
				<ele>688.393921</ele>
				<time>2026-07-19T19:08:29Z</time>
			</trkpt>
			<trkpt lat="48.05426" lon="-121.274887">
				<ele>685.904114</ele>
				<time>2026-07-19T19:08:42Z</time>
			</trkpt>
			<trkpt lat="48.054314" lon="-121.275108">
				<ele>689.744812</ele>
				<time>2026-07-19T19:08:58Z</time>
			</trkpt>
			<trkpt lat="48.054344" lon="-121.275177">
				<ele>687.584778</ele>
				<time>2026-07-19T19:09:04Z</time>
			</trkpt>
			<trkpt lat="48.054356" lon="-121.275238">
				<ele>689.008484</ele>
				<time>2026-07-19T19:09:07Z</time>
			</trkpt>
			<trkpt lat="48.054268" lon="-121.275627">
				<ele>672.229187</ele>
				<time>2026-07-19T19:09:49Z</time>
			</trkpt>
			<trkpt lat="48.054268" lon="-121.275703">
				<ele>674.421631</ele>
				<time>2026-07-19T19:09:54Z</time>
			</trkpt>
			<trkpt lat="48.054283" lon="-121.275772">
				<ele>674.734009</ele>
				<time>2026-07-19T19:09:58Z</time>
			</trkpt>
			<trkpt lat="48.054298" lon="-121.275841">
				<ele>673.708008</ele>
				<time>2026-07-19T19:10:02Z</time>
			</trkpt>
			<trkpt lat="48.054291" lon="-121.275917">
				<ele>673.736938</ele>
				<time>2026-07-19T19:10:08Z</time>
			</trkpt>
			<trkpt lat="48.054359" lon="-121.276031">
				<ele>675.346802</ele>
				<time>2026-07-19T19:10:20Z</time>
			</trkpt>
			<trkpt lat="48.054375" lon="-121.2761">
				<ele>674.044861</ele>
				<time>2026-07-19T19:10:23Z</time>
			</trkpt>
			<trkpt lat="48.054333" lon="-121.27623">
				<ele>676.061096</ele>
				<time>2026-07-19T19:10:31Z</time>
			</trkpt>
			<trkpt lat="48.054348" lon="-121.276291">
				<ele>674.634888</ele>
				<time>2026-07-19T19:10:34Z</time>
			</trkpt>
			<trkpt lat="48.054352" lon="-121.276367">
				<ele>675.145569</ele>
				<time>2026-07-19T19:10:38Z</time>
			</trkpt>
			<trkpt lat="48.054398" lon="-121.276497">
				<ele>673.355103</ele>
				<time>2026-07-19T19:10:48Z</time>
			</trkpt>
			<trkpt lat="48.054405" lon="-121.276566">
				<ele>673.953003</ele>
				<time>2026-07-19T19:10:53Z</time>
			</trkpt>
			<trkpt lat="48.054405" lon="-121.276634">
				<ele>673.041626</ele>
				<time>2026-07-19T19:10:58Z</time>
			</trkpt>
			<trkpt lat="48.054409" lon="-121.276802">
				<ele>674.12323</ele>
				<time>2026-07-19T19:11:07Z</time>
			</trkpt>
			<trkpt lat="48.054405" lon="-121.276863">
				<ele>673.006531</ele>
				<time>2026-07-19T19:11:12Z</time>
			</trkpt>
			<trkpt lat="48.054386" lon="-121.276924">
				<ele>673.133972</ele>
				<time>2026-07-19T19:11:14Z</time>
			</trkpt>
			<trkpt lat="48.054375" lon="-121.276985">
				<ele>673.056274</ele>
				<time>2026-07-19T19:11:18Z</time>
			</trkpt>
			<trkpt lat="48.05442" lon="-121.277153">
				<ele>668.435364</ele>
				<time>2026-07-19T19:11:37Z</time>
			</trkpt>
			<trkpt lat="48.054466" lon="-121.277176">
				<ele>668.682739</ele>
				<time>2026-07-19T19:11:42Z</time>
			</trkpt>
			<trkpt lat="48.054516" lon="-121.277306">
				<ele>668.221191</ele>
				<time>2026-07-19T19:11:56Z</time>
			</trkpt>
			<trkpt lat="48.054562" lon="-121.277435">
				<ele>671.032043</ele>
				<time>2026-07-19T19:12:07Z</time>
			</trkpt>
			<trkpt lat="48.054577" lon="-121.277504">
				<ele>670.841248</ele>
				<time>2026-07-19T19:12:12Z</time>
			</trkpt>
			<trkpt lat="48.054596" lon="-121.277573">
				<ele>668.439575</ele>
				<time>2026-07-19T19:12:18Z</time>
			</trkpt>
			<trkpt lat="48.054623" lon="-121.277718">
				<ele>667.212524</ele>
				<time>2026-07-19T19:12:26Z</time>
			</trkpt>
			<trkpt lat="48.054607" lon="-121.277779">
				<ele>668.669739</ele>
				<time>2026-07-19T19:12:32Z</time>
			</trkpt>
			<trkpt lat="48.054581" lon="-121.277832">
				<ele>667.722229</ele>
				<time>2026-07-19T19:12:39Z</time>
			</trkpt>
			<trkpt lat="48.054546" lon="-121.277969">
				<ele>670.074524</ele>
				<time>2026-07-19T19:12:49Z</time>
			</trkpt>
			<trkpt lat="48.05455" lon="-121.278122">
				<ele>664.480713</ele>
				<time>2026-07-19T19:12:58Z</time>
			</trkpt>
			<trkpt lat="48.05455" lon="-121.278198">
				<ele>667.23291</ele>
				<time>2026-07-19T19:13:04Z</time>
			</trkpt>
			<trkpt lat="48.054596" lon="-121.27832">
				<ele>663.984924</ele>
				<time>2026-07-19T19:13:13Z</time>
			</trkpt>
			<trkpt lat="48.054573" lon="-121.278389">
				<ele>666.068481</ele>
				<time>2026-07-19T19:13:17Z</time>
			</trkpt>
			<trkpt lat="48.05455" lon="-121.27845">
				<ele>661.116394</ele>
				<time>2026-07-19T19:13:22Z</time>
			</trkpt>
			<trkpt lat="48.05452" lon="-121.278511">
				<ele>663.245911</ele>
				<time>2026-07-19T19:13:27Z</time>
			</trkpt>
			<trkpt lat="48.054512" lon="-121.278641">
				<ele>663.15741</ele>
				<time>2026-07-19T19:13:36Z</time>
			</trkpt>
			<trkpt lat="48.054474" lon="-121.278847">
				<ele>657.510193</ele>
				<time>2026-07-19T19:13:52Z</time>
			</trkpt>
			<trkpt lat="48.054455" lon="-121.278908">
				<ele>661.864502</ele>
				<time>2026-07-19T19:13:56Z</time>
			</trkpt>
			<trkpt lat="48.054455" lon="-121.27906">
				<ele>658.487183</ele>
				<time>2026-07-19T19:14:10Z</time>
			</trkpt>
			<trkpt lat="48.054455" lon="-121.279198">
				<ele>662.420227</ele>
				<time>2026-07-19T19:14:19Z</time>
			</trkpt>
			<trkpt lat="48.054474" lon="-121.279327">
				<ele>655.975525</ele>
				<time>2026-07-19T19:14:29Z</time>
			</trkpt>
			<trkpt lat="48.054478" lon="-121.279411">
				<ele>655.982971</ele>
				<time>2026-07-19T19:14:33Z</time>
			</trkpt>
			<trkpt lat="48.054466" lon="-121.279472">
				<ele>655.905884</ele>
				<time>2026-07-19T19:14:37Z</time>
			</trkpt>
			<trkpt lat="48.054497" lon="-121.27961">
				<ele>658.012268</ele>
				<time>2026-07-19T19:14:45Z</time>
			</trkpt>
			<trkpt lat="48.054504" lon="-121.2799">
				<ele>653.412048</ele>
				<time>2026-07-19T19:15:04Z</time>
			</trkpt>
			<trkpt lat="48.054516" lon="-121.280121">
				<ele>654.821472</ele>
				<time>2026-07-19T19:15:19Z</time>
			</trkpt>
			<trkpt lat="48.054546" lon="-121.280174">
				<ele>654.138062</ele>
				<time>2026-07-19T19:15:23Z</time>
			</trkpt>
			<trkpt lat="48.054577" lon="-121.280228">
				<ele>656.668823</ele>
				<time>2026-07-19T19:15:28Z</time>
			</trkpt>
			<trkpt lat="48.054604" lon="-121.28035">
				<ele>657.063538</ele>
				<time>2026-07-19T19:15:39Z</time>
			</trkpt>
			<trkpt lat="48.054604" lon="-121.280418">
				<ele>658.547668</ele>
				<time>2026-07-19T19:15:43Z</time>
			</trkpt>
			<trkpt lat="48.054588" lon="-121.280487">
				<ele>655.22522</ele>
				<time>2026-07-19T19:15:47Z</time>
			</trkpt>
			<trkpt lat="48.054619" lon="-121.280769">
				<ele>652.20752</ele>
				<time>2026-07-19T19:16:06Z</time>
			</trkpt>
			<trkpt lat="48.054634" lon="-121.280838">
				<ele>653.005066</ele>
				<time>2026-07-19T19:16:10Z</time>
			</trkpt>
			<trkpt lat="48.054668" lon="-121.280968">
				<ele>649.226135</ele>
				<time>2026-07-19T19:16:21Z</time>
			</trkpt>
			<trkpt lat="48.054676" lon="-121.281036">
				<ele>652.038147</ele>
				<time>2026-07-19T19:16:26Z</time>
			</trkpt>
			<trkpt lat="48.054691" lon="-121.281265">
				<ele>651.204834</ele>
				<time>2026-07-19T19:16:43Z</time>
			</trkpt>
			<trkpt lat="48.054707" lon="-121.281395">
				<ele>648.124878</ele>
				<time>2026-07-19T19:16:53Z</time>
			</trkpt>
			<trkpt lat="48.054733" lon="-121.281448">
				<ele>648.844238</ele>
				<time>2026-07-19T19:16:57Z</time>
			</trkpt>
			<trkpt lat="48.054794" lon="-121.281555">
				<ele>646.778564</ele>
				<time>2026-07-19T19:17:06Z</time>
			</trkpt>
			<trkpt lat="48.054863" lon="-121.281662">
				<ele>648.124268</ele>
				<time>2026-07-19T19:17:19Z</time>
			</trkpt>
			<trkpt lat="48.054977" lon="-121.281792">
				<ele>644.736755</ele>
				<time>2026-07-19T19:17:36Z</time>
			</trkpt>
			<trkpt lat="48.055065" lon="-121.281952">
				<ele>646.383789</ele>
				<time>2026-07-19T19:17:52Z</time>
			</trkpt>
			<trkpt lat="48.055008" lon="-121.282066">
				<ele>644.45282</ele>
				<time>2026-07-19T19:17:59Z</time>
			</trkpt>
			<trkpt lat="48.054947" lon="-121.282242">
				<ele>647.783813</ele>
				<time>2026-07-19T19:18:10Z</time>
			</trkpt>
			<trkpt lat="48.054935" lon="-121.28231">
				<ele>648.099121</ele>
				<time>2026-07-19T19:18:15Z</time>
			</trkpt>
			<trkpt lat="48.054955" lon="-121.282448">
				<ele>646.423279</ele>
				<time>2026-07-19T19:18:24Z</time>
			</trkpt>
			<trkpt lat="48.054985" lon="-121.282654">
				<ele>648.581848</ele>
				<time>2026-07-19T19:18:38Z</time>
			</trkpt>
			<trkpt lat="48.054996" lon="-121.282936">
				<ele>642.36969</ele>
				<time>2026-07-19T19:18:55Z</time>
			</trkpt>
			<trkpt lat="48.055084" lon="-121.282997">
				<ele>640.617798</ele>
				<time>2026-07-19T19:19:04Z</time>
			</trkpt>
			<trkpt lat="48.055126" lon="-121.283012">
				<ele>640.795166</ele>
				<time>2026-07-19T19:19:09Z</time>
			</trkpt>
			<trkpt lat="48.055321" lon="-121.283112">
				<ele>638.765564</ele>
				<time>2026-07-19T19:19:27Z</time>
			</trkpt>
			<trkpt lat="48.05537" lon="-121.283127">
				<ele>639.516846</ele>
				<time>2026-07-19T19:19:31Z</time>
			</trkpt>
			<trkpt lat="48.05542" lon="-121.283119">
				<ele>638.468933</ele>
				<time>2026-07-19T19:19:36Z</time>
			</trkpt>
			<trkpt lat="48.055553" lon="-121.283127">
				<ele>641.019287</ele>
				<time>2026-07-19T19:19:48Z</time>
			</trkpt>
			<trkpt lat="48.055683" lon="-121.283218">
				<ele>639.608704</ele>
				<time>2026-07-19T19:20:01Z</time>
			</trkpt>
			<trkpt lat="48.055771" lon="-121.283371">
				<ele>641.965881</ele>
				<time>2026-07-19T19:20:14Z</time>
			</trkpt>
			<trkpt lat="48.055824" lon="-121.283493">
				<ele>638.397705</ele>
				<time>2026-07-19T19:20:21Z</time>
			</trkpt>
			<trkpt lat="48.055882" lon="-121.283592">
				<ele>641.748535</ele>
				<time>2026-07-19T19:20:29Z</time>
			</trkpt>
			<trkpt lat="48.055885" lon="-121.283661">
				<ele>640.155457</ele>
				<time>2026-07-19T19:20:36Z</time>
			</trkpt>
			<trkpt lat="48.055912" lon="-121.28373">
				<ele>641.225403</ele>
				<time>2026-07-19T19:20:44Z</time>
			</trkpt>
			<trkpt lat="48.056068" lon="-121.284035">
				<ele>637.538757</ele>
				<time>2026-07-19T19:21:10Z</time>
			</trkpt>
			<trkpt lat="48.056107" lon="-121.284164">
				<ele>639.379333</ele>
				<time>2026-07-19T19:21:19Z</time>
			</trkpt>
			<trkpt lat="48.056114" lon="-121.284225">
				<ele>637.910828</ele>
				<time>2026-07-19T19:21:23Z</time>
			</trkpt>
			<trkpt lat="48.05611" lon="-121.284302">
				<ele>638.679688</ele>
				<time>2026-07-19T19:21:28Z</time>
			</trkpt>
			<trkpt lat="48.056194" lon="-121.284607">
				<ele>635.150146</ele>
				<time>2026-07-19T19:21:49Z</time>
			</trkpt>
			<trkpt lat="48.056213" lon="-121.284668">
				<ele>635.460144</ele>
				<time>2026-07-19T19:21:53Z</time>
			</trkpt>
			<trkpt lat="48.056309" lon="-121.284828">
				<ele>632.682922</ele>
				<time>2026-07-19T19:22:06Z</time>
			</trkpt>
			<trkpt lat="48.056389" lon="-121.284904">
				<ele>632.085449</ele>
				<time>2026-07-19T19:22:16Z</time>
			</trkpt>
			<trkpt lat="48.056427" lon="-121.284935">
				<ele>633.510193</ele>
				<time>2026-07-19T19:22:20Z</time>
			</trkpt>
			<trkpt lat="48.056465" lon="-121.284973">
				<ele>633.920471</ele>
				<time>2026-07-19T19:22:24Z</time>
			</trkpt>
			<trkpt lat="48.056503" lon="-121.285034">
				<ele>633.63092</ele>
				<time>2026-07-19T19:22:28Z</time>
			</trkpt>
			<trkpt lat="48.056595" lon="-121.28508">
				<ele>635.103333</ele>
				<time>2026-07-19T19:22:39Z</time>
			</trkpt>
			<trkpt lat="48.05669" lon="-121.285088">
				<ele>633.062073</ele>
				<time>2026-07-19T19:22:47Z</time>
			</trkpt>
			<trkpt lat="48.05674" lon="-121.285103">
				<ele>633.864563</ele>
				<time>2026-07-19T19:22:52Z</time>
			</trkpt>
			<trkpt lat="48.056793" lon="-121.28511">
				<ele>631.403015</ele>
				<time>2026-07-19T19:22:56Z</time>
			</trkpt>
			<trkpt lat="48.056835" lon="-121.285149">
				<ele>631.316467</ele>
				<time>2026-07-19T19:23:00Z</time>
			</trkpt>
			<trkpt lat="48.05698" lon="-121.285133">
				<ele>633.92041</ele>
				<time>2026-07-19T19:23:13Z</time>
			</trkpt>
			<trkpt lat="48.057068" lon="-121.285179">
				<ele>631.296875</ele>
				<time>2026-07-19T19:23:20Z</time>
			</trkpt>
			<trkpt lat="48.057117" lon="-121.28521">
				<ele>631.539673</ele>
				<time>2026-07-19T19:23:25Z</time>
			</trkpt>
			<trkpt lat="48.057156" lon="-121.285271">
				<ele>630.379456</ele>
				<time>2026-07-19T19:23:31Z</time>
			</trkpt>
			<trkpt lat="48.057217" lon="-121.2854">
				<ele>631.743774</ele>
				<time>2026-07-19T19:23:38Z</time>
			</trkpt>
			<trkpt lat="48.057251" lon="-121.285439">
				<ele>630.617188</ele>
				<time>2026-07-19T19:23:42Z</time>
			</trkpt>
			<trkpt lat="48.057281" lon="-121.285561">
				<ele>631.34491</ele>
				<time>2026-07-19T19:23:50Z</time>
			</trkpt>
			<trkpt lat="48.057301" lon="-121.285622">
				<ele>629.881042</ele>
				<time>2026-07-19T19:23:53Z</time>
			</trkpt>
			<trkpt lat="48.057407" lon="-121.285774">
				<ele>628.428894</ele>
				<time>2026-07-19T19:24:06Z</time>
			</trkpt>
			<trkpt lat="48.057503" lon="-121.285942">
				<ele>631.087463</ele>
				<time>2026-07-19T19:24:19Z</time>
			</trkpt>
			<trkpt lat="48.057575" lon="-121.286018">
				<ele>635.972656</ele>
				<time>2026-07-19T19:24:29Z</time>
			</trkpt>
			<trkpt lat="48.057613" lon="-121.286072">
				<ele>634.896729</ele>
				<time>2026-07-19T19:24:33Z</time>
			</trkpt>
			<trkpt lat="48.057648" lon="-121.28611">
				<ele>636.867615</ele>
				<time>2026-07-19T19:24:37Z</time>
			</trkpt>
			<trkpt lat="48.057701" lon="-121.286232">
				<ele>634.318481</ele>
				<time>2026-07-19T19:24:46Z</time>
			</trkpt>
			<trkpt lat="48.057743" lon="-121.286278">
				<ele>636.120972</ele>
				<time>2026-07-19T19:24:49Z</time>
			</trkpt>
			<trkpt lat="48.057819" lon="-121.286339">
				<ele>635.305176</ele>
				<time>2026-07-19T19:24:59Z</time>
			</trkpt>
			<trkpt lat="48.057858" lon="-121.286377">
				<ele>636.535767</ele>
				<time>2026-07-19T19:25:04Z</time>
			</trkpt>
			<trkpt lat="48.05798" lon="-121.286507">
				<ele>635.586182</ele>
				<time>2026-07-19T19:25:17Z</time>
			</trkpt>
			<trkpt lat="48.058006" lon="-121.286552">
				<ele>636.256836</ele>
				<time>2026-07-19T19:25:21Z</time>
			</trkpt>
			<trkpt lat="48.058105" lon="-121.286728">
				<ele>633.215881</ele>
				<time>2026-07-19T19:25:31Z</time>
			</trkpt>
			<trkpt lat="48.05814" lon="-121.286774">
				<ele>633.729797</ele>
				<time>2026-07-19T19:25:35Z</time>
			</trkpt>
			<trkpt lat="48.058178" lon="-121.286827">
				<ele>632.724854</ele>
				<time>2026-07-19T19:25:40Z</time>
			</trkpt>
			<trkpt lat="48.058208" lon="-121.28688">
				<ele>633.300903</ele>
				<time>2026-07-19T19:25:44Z</time>
			</trkpt>
			<trkpt lat="48.058235" lon="-121.286942">
				<ele>631.242249</ele>
				<time>2026-07-19T19:25:48Z</time>
			</trkpt>
			<trkpt lat="48.058304" lon="-121.287033">
				<ele>632.718323</ele>
				<time>2026-07-19T19:25:56Z</time>
			</trkpt>
			<trkpt lat="48.058331" lon="-121.287086">
				<ele>632.114319</ele>
				<time>2026-07-19T19:26:00Z</time>
			</trkpt>
			<trkpt lat="48.058376" lon="-121.28714">
				<ele>632.623779</ele>
				<time>2026-07-19T19:26:04Z</time>
			</trkpt>
			<trkpt lat="48.058395" lon="-121.287201">
				<ele>634.045227</ele>
				<time>2026-07-19T19:26:07Z</time>
			</trkpt>
			<trkpt lat="48.058422" lon="-121.287346">
				<ele>629.754761</ele>
				<time>2026-07-19T19:26:28Z</time>
			</trkpt>
			<trkpt lat="48.058472" lon="-121.287483">
				<ele>630.473022</ele>
				<time>2026-07-19T19:26:37Z</time>
			</trkpt>
			<trkpt lat="48.058552" lon="-121.287659">
				<ele>633.840881</ele>
				<time>2026-07-19T19:26:49Z</time>
			</trkpt>
			<trkpt lat="48.058472" lon="-121.287849">
				<ele>629.61377</ele>
				<time>2026-07-19T19:27:03Z</time>
			</trkpt>
			<trkpt lat="48.058434" lon="-121.28788">
				<ele>629.341797</ele>
				<time>2026-07-19T19:27:07Z</time>
			</trkpt>
			<trkpt lat="48.058338" lon="-121.287926">
				<ele>631.58252</ele>
				<time>2026-07-19T19:27:39Z</time>
			</trkpt>
			<trkpt lat="48.058365" lon="-121.287865">
				<ele>632.172058</ele>
				<time>2026-07-19T19:28:22Z</time>
			</trkpt>
			<trkpt lat="48.058346" lon="-121.287933">
				<ele>632.120667</ele>
				<time>2026-07-19T19:29:01Z</time>
			</trkpt>
			<trkpt lat="48.058384" lon="-121.287895">
				<ele>629.375305</ele>
				<time>2026-07-19T19:29:50Z</time>
			</trkpt>
			<trkpt lat="48.058365" lon="-121.287895">
				<ele>631.558716</ele>
				<time>2026-07-19T19:31:37Z</time>
			</trkpt>
			<trkpt lat="48.058353" lon="-121.287956">
				<ele>629.36145</ele>
				<time>2026-07-19T19:32:22Z</time>
			</trkpt>
			<trkpt lat="48.058334" lon="-121.288025">
				<ele>629.689026</ele>
				<time>2026-07-19T19:32:36Z</time>
			</trkpt>
			<trkpt lat="48.058304" lon="-121.288071">
				<ele>629.138306</ele>
				<time>2026-07-19T19:32:41Z</time>
			</trkpt>
			<trkpt lat="48.058262" lon="-121.288109">
				<ele>630.31842</ele>
				<time>2026-07-19T19:32:45Z</time>
			</trkpt>
			<trkpt lat="48.058147" lon="-121.288147">
				<ele>627.91333</ele>
				<time>2026-07-19T19:33:38Z</time>
			</trkpt>
			<trkpt lat="48.05817" lon="-121.288094">
				<ele>628.377808</ele>
				<time>2026-07-19T19:33:44Z</time>
			</trkpt>
		</trkseg>
	</trk>
</gpx>