<gpx xmlns:onx="https://wwww.onxmaps.com/" xmlns="http://www.topografix.com/GPX/1/1" xmlns:xsi="http://www.w3.org/2001/XMLSchema-instance" xsi:schemaLocation="http://www.topografix.com/GPX/1/1 http://www.topografix.com/GPX/1/1/gpx.xsd" version="1.1" creator="onXmaps backcountry web"><metadata/><trk><name>Putrid Pete, Web, Mount Defiance</name><desc>name=Putrid Pete, Web, Mount Defiance
notes=
id=285257c4-9a11-4f08-afb8-4aefd317d143
color=rgba(0,255,255,1)
style=dash
weight=4.0</desc><extensions><onx:color>rgba(0,255,255,1)</onx:color><onx:style>dash</onx:style><onx:weight>4.0</onx:weight></extensions><trkseg><trkpt lat="47.425728" lon="-121.584274"><ele>665.353394</ele><time>2026-05-23T17:14:31.086Z</time></trkpt><trkpt lat="47.425961" lon="-121.584511"><ele>670.108765</ele><time>2026-05-23T17:14:35.077Z</time></trkpt><trkpt lat="47.426029" lon="-121.58461"><ele>672.042358</ele><time>2026-05-23T17:14:39.080Z</time></trkpt><trkpt lat="47.426048" lon="-121.584679"><ele>675.010437</ele><time>2026-05-23T17:14:43.075Z</time></trkpt><trkpt lat="47.42617" lon="-121.584915"><ele>676.436646</ele><time>2026-05-23T17:14:47.080Z</time></trkpt><trkpt lat="47.42627" lon="-121.585091"><ele>677.584595</ele><time>2026-05-23T17:14:52.075Z</time></trkpt><trkpt lat="47.426315" lon="-121.585121"><ele>676.669373</ele><time>2026-05-23T17:14:52.075Z</time></trkpt><trkpt lat="47.426338" lon="-121.585197"><ele>676.060608</ele><time>2026-05-23T17:14:57.079Z</time></trkpt><trkpt lat="47.426533" lon="-121.58551"><ele>671.668945</ele><time>2026-05-23T17:15:02.083Z</time></trkpt><trkpt lat="47.426586" lon="-121.585724"><ele>668.376953</ele><time>2026-05-23T17:15:06.079Z</time></trkpt><trkpt lat="47.426598" lon="-121.58593"><ele>668.933533</ele><time>2026-05-23T17:15:11.078Z</time></trkpt><trkpt lat="47.42664" lon="-121.586128"><ele>672.267212</ele><time>2026-05-23T17:15:11.078Z</time></trkpt><trkpt lat="47.426651" lon="-121.586349"><ele>676.209839</ele><time>2026-05-23T17:15:14.080Z</time></trkpt><trkpt lat="47.426708" lon="-121.586456"><ele>678.416504</ele><time>2026-05-23T17:15:17.080Z</time></trkpt><trkpt lat="47.426716" lon="-121.586525"><ele>679.353333</ele><time>2026-05-23T17:15:20.080Z</time></trkpt><trkpt lat="47.426754" lon="-121.586563"><ele>678.52832</ele><time>2026-05-23T17:15:26.084Z</time></trkpt><trkpt lat="47.426746" lon="-121.586662"><ele>677.24353</ele><time>2026-05-23T17:15:30.079Z</time></trkpt><trkpt lat="47.426762" lon="-121.586807"><ele>673.173401</ele><time>2026-05-23T17:15:30.079Z</time></trkpt><trkpt lat="47.426819" lon="-121.587006"><ele>678.871643</ele><time>2026-05-23T17:15:34.077Z</time></trkpt><trkpt lat="47.426926" lon="-121.58728"><ele>674.146301</ele><time>2026-05-23T17:15:39.078Z</time></trkpt><trkpt lat="47.42762" lon="-121.58931"><ele>684.353027</ele><time>2026-05-23T17:15:43.080Z</time></trkpt><trkpt lat="47.427807" lon="-121.589615"><ele>685.820007</ele><time>2026-05-23T17:15:47.274Z</time></trkpt><trkpt lat="47.428112" lon="-121.590302"><ele>690.642883</ele><time>2026-05-23T17:15:52.077Z</time></trkpt><trkpt lat="47.428135" lon="-121.590431"><ele>690.183105</ele><time>2026-05-23T17:15:52.077Z</time></trkpt><trkpt lat="47.428139" lon="-121.590652"><ele>693.487366</ele><time>2026-05-23T17:15:57.080Z</time></trkpt><trkpt lat="47.428181" lon="-121.590782"><ele>694.520142</ele><time>2026-05-23T17:16:08.077Z</time></trkpt><trkpt lat="47.428196" lon="-121.590919"><ele>697.450256</ele><time>2026-05-23T17:16:11.075Z</time></trkpt><trkpt lat="47.428288" lon="-121.59127"><ele>695.82373</ele><time>2026-05-23T17:16:11.075Z</time></trkpt><trkpt lat="47.428299" lon="-121.591408"><ele>692.630005</ele><time>2026-05-23T17:16:14.080Z</time></trkpt><trkpt lat="47.428356" lon="-121.59153"><ele>691.186584</ele><time>2026-05-23T17:16:19.075Z</time></trkpt><trkpt lat="47.428513" lon="-121.591972"><ele>700.306213</ele><time>2026-05-23T17:16:23.080Z</time></trkpt><trkpt lat="47.42868" lon="-121.592308"><ele>704.590088</ele><time>2026-05-23T17:16:27.077Z</time></trkpt><trkpt lat="47.42873" lon="-121.592445"><ele>709.738281</ele><time>2026-05-23T17:16:30.080Z</time></trkpt><trkpt lat="47.428776" lon="-121.592712"><ele>710.419922</ele><time>2026-05-23T17:16:30.080Z</time></trkpt><trkpt lat="47.428772" lon="-121.592781"><ele>711.327026</ele><time>2026-05-23T17:16:33.078Z</time></trkpt><trkpt lat="47.42873" lon="-121.592834"><ele>714.406006</ele><time>2026-05-23T17:16:36.077Z</time></trkpt><trkpt lat="47.428799" lon="-121.592926"><ele>718.197876</ele><time>2026-05-23T17:16:39.077Z</time></trkpt><trkpt lat="47.428894" lon="-121.59317"><ele>716.882813</ele><time>2026-05-23T17:16:43.078Z</time></trkpt><trkpt lat="47.428936" lon="-121.593216"><ele>715.601135</ele><time>2026-05-23T17:16:47.078Z</time></trkpt><trkpt lat="47.428989" lon="-121.593338"><ele>722.280823</ele><time>2026-05-23T17:16:50.078Z</time></trkpt><trkpt lat="47.42907" lon="-121.593597"><ele>729.484863</ele><time>2026-05-23T17:16:50.078Z</time></trkpt><trkpt lat="47.429131" lon="-121.593697"><ele>728.6922</ele><time>2026-05-23T17:16:54.075Z</time></trkpt><trkpt lat="47.429138" lon="-121.593773"><ele>729.074585</ele><time>2026-05-23T17:16:59.076Z</time></trkpt><trkpt lat="47.429199" lon="-121.593903"><ele>728.267761</ele><time>2026-05-23T17:17:03.077Z</time></trkpt><trkpt lat="47.429214" lon="-121.594032"><ele>731.872925</ele><time>2026-05-23T17:17:08.077Z</time></trkpt><trkpt lat="47.429253" lon="-121.593994"><ele>731.233765</ele><time>2026-05-23T17:17:11.080Z</time></trkpt><trkpt lat="47.429276" lon="-121.593857"><ele>734.329773</ele><time>2026-05-23T17:17:11.080Z</time></trkpt><trkpt lat="47.429325" lon="-121.593742"><ele>736.084961</ele><time>2026-05-23T17:17:14.077Z</time></trkpt><trkpt lat="47.429321" lon="-121.593552"><ele>738.649292</ele><time>2026-05-23T17:17:18.077Z</time></trkpt><trkpt lat="47.429337" lon="-121.593475"><ele>739.921387</ele><time>2026-05-23T17:17:22.076Z</time></trkpt><trkpt lat="47.429314" lon="-121.593071"><ele>744.835266</ele><time>2026-05-23T17:17:26.077Z</time></trkpt><trkpt lat="47.429333" lon="-121.59301"><ele>744.648499</ele><time>2026-05-23T17:17:36.079Z</time></trkpt><trkpt lat="47.42934" lon="-121.592682"><ele>749.897766</ele><time>2026-05-23T17:17:36.079Z</time></trkpt><trkpt lat="47.429363" lon="-121.592628"><ele>751.278564</ele><time>2026-05-23T17:17:48.078Z</time></trkpt><trkpt lat="47.429398" lon="-121.592422"><ele>753.575684</ele><time>2026-05-23T17:17:55.077Z</time></trkpt><trkpt lat="47.429344" lon="-121.592316"><ele>753.759521</ele><time>2026-05-23T17:17:55.077Z</time></trkpt><trkpt lat="47.429325" lon="-121.592094"><ele>756.424438</ele><time>2026-05-23T17:17:59.077Z</time></trkpt><trkpt lat="47.429344" lon="-121.592026"><ele>754.494873</ele><time>2026-05-23T17:18:03.072Z</time></trkpt><trkpt lat="47.429386" lon="-121.591995"><ele>759.538513</ele><time>2026-05-23T17:18:06.073Z</time></trkpt><trkpt lat="47.42963" lon="-121.592529"><ele>769.894348</ele><time>2026-05-23T17:18:10.078Z</time></trkpt><trkpt lat="47.429733" lon="-121.59288"><ele>772.349976</ele><time>2026-05-23T17:18:16.078Z</time></trkpt><trkpt lat="47.429775" lon="-121.592926"><ele>772.837036</ele><time>2026-05-23T17:18:16.078Z</time></trkpt><trkpt lat="47.429802" lon="-121.592987"><ele>774.845398</ele><time>2026-05-23T17:18:23.076Z</time></trkpt><trkpt lat="47.42981" lon="-121.593056"><ele>777.71344</ele><time>2026-05-23T17:18:28.078Z</time></trkpt><trkpt lat="47.429844" lon="-121.593102"><ele>777.234192</ele><time>2026-05-23T17:18:36.080Z</time></trkpt><trkpt lat="47.430008" lon="-121.593544"><ele>782.224976</ele><time>2026-05-23T17:18:36.080Z</time></trkpt><trkpt lat="47.430061" lon="-121.593735"><ele>792.922913</ele><time>2026-05-23T17:18:40.080Z</time></trkpt><trkpt lat="47.43018" lon="-121.593987"><ele>792.24176</ele><time>2026-05-23T17:18:47.079Z</time></trkpt><trkpt lat="47.43021" lon="-121.594124"><ele>794.796021</ele><time>2026-05-23T17:18:57.078Z</time></trkpt><trkpt lat="47.430279" lon="-121.594299"><ele>792.795715</ele><time>2026-05-23T17:18:57.078Z</time></trkpt><trkpt lat="47.430248" lon="-121.594719"><ele>798.550598</ele><time>2026-05-23T17:19:06.078Z</time></trkpt><trkpt lat="47.430305" lon="-121.59491"><ele>798.792847</ele><time>2026-05-23T17:19:11.083Z</time></trkpt><trkpt lat="47.430302" lon="-121.594978"><ele>797.928223</ele><time>2026-05-23T17:19:15.078Z</time></trkpt><trkpt lat="47.43034" lon="-121.595116"><ele>800.231201</ele><time>2026-05-23T17:19:21.077Z</time></trkpt><trkpt lat="47.430309" lon="-121.595161"><ele>800.089539</ele><time>2026-05-23T17:19:21.077Z</time></trkpt><trkpt lat="47.430328" lon="-121.595306"><ele>799.793579</ele><time>2026-05-23T17:19:26.082Z</time></trkpt><trkpt lat="47.43042" lon="-121.595612"><ele>805.229004</ele><time>2026-05-23T17:19:30.080Z</time></trkpt><trkpt lat="47.430485" lon="-121.595718"><ele>807.576233</ele><time>2026-05-23T17:19:33.078Z</time></trkpt><trkpt lat="47.430744" lon="-121.596054"><ele>813.728516</ele><time>2026-05-23T17:19:36.079Z</time></trkpt><trkpt lat="47.430874" lon="-121.596123"><ele>816.250183</ele><time>2026-05-23T17:19:39.074Z</time></trkpt><trkpt lat="47.43095" lon="-121.596199"><ele>817.610352</ele><time>2026-05-23T17:19:44.080Z</time></trkpt><trkpt lat="47.431046" lon="-121.596237"><ele>819.339294</ele><time>2026-05-23T17:19:44.080Z</time></trkpt><trkpt lat="47.431087" lon="-121.596214"><ele>819.824524</ele><time>2026-05-23T17:19:48.078Z</time></trkpt><trkpt lat="47.431179" lon="-121.596214"><ele>822.049072</ele><time>2026-05-23T17:19:52.080Z</time></trkpt><trkpt lat="47.431263" lon="-121.596245"><ele>822.738403</ele><time>2026-05-23T17:19:57.079Z</time></trkpt><trkpt lat="47.431305" lon="-121.596207"><ele>823.898315</ele><time>2026-05-23T17:20:04.082Z</time></trkpt><trkpt lat="47.431351" lon="-121.596237"><ele>825.848877</ele><time>2026-05-23T17:20:04.082Z</time></trkpt><trkpt lat="47.431393" lon="-121.59623"><ele>825.012085</ele><time>2026-05-23T17:20:09.088Z</time></trkpt><trkpt lat="47.431423" lon="-121.596283"><ele>826.647156</ele><time>2026-05-23T17:20:14.080Z</time></trkpt><trkpt lat="47.431469" lon="-121.59626"><ele>827.777405</ele><time>2026-05-23T17:20:18.076Z</time></trkpt><trkpt lat="47.431561" lon="-121.596298"><ele>828.226563</ele><time>2026-05-23T17:20:23.078Z</time></trkpt><trkpt lat="47.431656" lon="-121.596275"><ele>829.400452</ele><time>2026-05-23T17:20:23.078Z</time></trkpt><trkpt lat="47.431767" lon="-121.596397"><ele>833.409241</ele><time>2026-05-23T17:20:29.083Z</time></trkpt><trkpt lat="47.431789" lon="-121.596535"><ele>829.694885</ele><time>2026-05-23T17:20:33.077Z</time></trkpt><trkpt lat="47.431812" lon="-121.596588"><ele>831.625305</ele><time>2026-05-23T17:20:37.082Z</time></trkpt><trkpt lat="47.431782" lon="-121.596535"><ele>833.274475</ele><time>2026-05-23T17:20:41.078Z</time></trkpt><trkpt lat="47.43174" lon="-121.596542"><ele>837.973633</ele><time>2026-05-23T17:20:45.078Z</time></trkpt><trkpt lat="47.431786" lon="-121.596542"><ele>832.040527</ele><time>2026-05-23T17:20:45.078Z</time></trkpt><trkpt lat="47.431824" lon="-121.596512"><ele>835.842163</ele><time>2026-05-23T17:20:49.083Z</time></trkpt><trkpt lat="47.43182" lon="-121.596367"><ele>837.724304</ele><time>2026-05-23T17:20:53.080Z</time></trkpt><trkpt lat="47.431774" lon="-121.596359"><ele>842.68103</ele><time>2026-05-23T17:20:58.079Z</time></trkpt><trkpt lat="47.431747" lon="-121.59623"><ele>839.905396</ele><time>2026-05-23T17:21:04.079Z</time></trkpt><trkpt lat="47.431644" lon="-121.596107"><ele>841.291992</ele><time>2026-05-23T17:21:04.079Z</time></trkpt><trkpt lat="47.431515" lon="-121.595802"><ele>846.322266</ele><time>2026-05-23T17:21:09.083Z</time></trkpt><trkpt lat="47.431442" lon="-121.595711"><ele>850.085571</ele><time>2026-05-23T17:21:13.077Z</time></trkpt><trkpt lat="47.431442" lon="-121.595505"><ele>851.69458</ele><time>2026-05-23T17:21:18.080Z</time></trkpt><trkpt lat="47.431381" lon="-121.595222"><ele>857.339783</ele><time>2026-05-23T17:21:23.080Z</time></trkpt><trkpt lat="47.431385" lon="-121.595154"><ele>857.931702</ele><time>2026-05-23T17:21:23.080Z</time></trkpt><trkpt lat="47.431484" lon="-121.595123"><ele>858.683533</ele><time>2026-05-23T17:21:27.078Z</time></trkpt><trkpt lat="47.43153" lon="-121.595253"><ele>860.713867</ele><time>2026-05-23T17:21:31.082Z</time></trkpt><trkpt lat="47.431652" lon="-121.595367"><ele>862.557556</ele><time>2026-05-23T17:21:35.079Z</time></trkpt><trkpt lat="47.431744" lon="-121.595398"><ele>869.167725</ele><time>2026-05-23T17:21:40.082Z</time></trkpt><trkpt lat="47.43185" lon="-121.595398"><ele>868.5224</ele><time>2026-05-23T17:21:47.084Z</time></trkpt><trkpt lat="47.432022" lon="-121.595535"><ele>875.051514</ele><time>2026-05-23T17:21:47.084Z</time></trkpt><trkpt lat="47.432163" lon="-121.595558"><ele>878.138672</ele><time>2026-05-23T17:21:54.077Z</time></trkpt><trkpt lat="47.432209" lon="-121.595589"><ele>880.483459</ele><time>2026-05-23T17:21:58.079Z</time></trkpt><trkpt lat="47.432255" lon="-121.595589"><ele>880.7948</ele><time>2026-05-23T17:22:03.083Z</time></trkpt><trkpt lat="47.432442" lon="-121.595665"><ele>883.623047</ele><time>2026-05-23T17:22:09.079Z</time></trkpt><trkpt lat="47.432499" lon="-121.595673"><ele>884.9823</ele><time>2026-05-23T17:22:09.079Z</time></trkpt><trkpt lat="47.432537" lon="-121.595711"><ele>887.184326</ele><time>2026-05-23T17:22:15.080Z</time></trkpt><trkpt lat="47.432579" lon="-121.595726"><ele>888.124023</ele><time>2026-05-23T17:22:20.074Z</time></trkpt><trkpt lat="47.43261" lon="-121.595772"><ele>890.088013</ele><time>2026-05-23T17:22:24.078Z</time></trkpt><trkpt lat="47.432655" lon="-121.595787"><ele>893.007874</ele><time>2026-05-23T17:22:28.080Z</time></trkpt><trkpt lat="47.432705" lon="-121.595772"><ele>891.598816</ele><time>2026-05-23T17:22:28.080Z</time></trkpt><trkpt lat="47.432716" lon="-121.595703"><ele>892.343079</ele><time>2026-05-23T17:22:31.080Z</time></trkpt><trkpt lat="47.432655" lon="-121.595596"><ele>893.984192</ele><time>2026-05-23T17:22:37.080Z</time></trkpt><trkpt lat="47.432636" lon="-121.59552"><ele>891.664185</ele><time>2026-05-23T17:22:42.080Z</time></trkpt><trkpt lat="47.432503" lon="-121.595436"><ele>894.676636</ele><time>2026-05-23T17:22:49.082Z</time></trkpt><trkpt lat="47.432468" lon="-121.59539"><ele>898.274719</ele><time>2026-05-23T17:22:49.082Z</time></trkpt><trkpt lat="47.43243" lon="-121.595276"><ele>897.462708</ele><time>2026-05-23T17:22:58.079Z</time></trkpt><trkpt lat="47.432411" lon="-121.594994"><ele>902</ele><time>2026-05-23T17:23:01.078Z</time></trkpt><trkpt lat="47.432377" lon="-121.59494"><ele>905.531555</ele><time>2026-05-23T17:23:11.076Z</time></trkpt><trkpt lat="47.432373" lon="-121.594879"><ele>908.140015</ele><time>2026-05-23T17:23:11.076Z</time></trkpt><trkpt lat="47.432339" lon="-121.594826"><ele>909.911926</ele><time>2026-05-23T17:23:15.079Z</time></trkpt><trkpt lat="47.432362" lon="-121.594635"><ele>908.226135</ele><time>2026-05-23T17:23:19.085Z</time></trkpt><trkpt lat="47.432323" lon="-121.594437"><ele>911.311707</ele><time>2026-05-23T17:23:23.079Z</time></trkpt><trkpt lat="47.432281" lon="-121.594315"><ele>914.50061</ele><time>2026-05-23T17:23:28.080Z</time></trkpt><trkpt lat="47.432251" lon="-121.594101"><ele>916.587219</ele><time>2026-05-23T17:23:31.082Z</time></trkpt><trkpt lat="47.432186" lon="-121.593918"><ele>920.679443</ele><time>2026-05-23T17:23:31.082Z</time></trkpt><trkpt lat="47.432175" lon="-121.593719"><ele>923.52832</ele><time>2026-05-23T17:23:33.084Z</time></trkpt><trkpt lat="47.432194" lon="-121.593651"><ele>922.778137</ele><time>2026-05-23T17:23:36.082Z</time></trkpt><trkpt lat="47.432228" lon="-121.593613"><ele>925.024719</ele><time>2026-05-23T17:23:41.080Z</time></trkpt><trkpt lat="47.432274" lon="-121.593643"><ele>929.480164</ele><time>2026-05-23T17:23:47.080Z</time></trkpt><trkpt lat="47.43232" lon="-121.593781"><ele>929.374573</ele><time>2026-05-23T17:23:56.080Z</time></trkpt><trkpt lat="47.432461" lon="-121.593987"><ele>930.211426</ele><time>2026-05-23T17:23:56.080Z</time></trkpt><trkpt lat="47.432617" lon="-121.594147"><ele>936.289429</ele><time>2026-05-23T17:24:02.077Z</time></trkpt><trkpt lat="47.432663" lon="-121.594162"><ele>936.859375</ele><time>2026-05-23T17:24:09.082Z</time></trkpt><trkpt lat="47.432747" lon="-121.594231"><ele>939.094421</ele><time>2026-05-23T17:24:13.080Z</time></trkpt><trkpt lat="47.432777" lon="-121.594284"><ele>941.045044</ele><time>2026-05-23T17:24:16.083Z</time></trkpt><trkpt lat="47.432823" lon="-121.594322"><ele>941.80188</ele><time>2026-05-23T17:24:16.083Z</time></trkpt><trkpt lat="47.432854" lon="-121.594406"><ele>943.537415</ele><time>2026-05-23T17:24:21.080Z</time></trkpt><trkpt lat="47.432964" lon="-121.594521"><ele>942.43512</ele><time>2026-05-23T17:24:26.079Z</time></trkpt><trkpt lat="47.433018" lon="-121.594635"><ele>940.902466</ele><time>2026-05-23T17:24:31.085Z</time></trkpt><trkpt lat="47.43309" lon="-121.594742"><ele>941.155457</ele><time>2026-05-23T17:24:35.080Z</time></trkpt><trkpt lat="47.433132" lon="-121.594765"><ele>943.463257</ele><time>2026-05-23T17:24:35.080Z</time></trkpt><trkpt lat="47.433159" lon="-121.594818"><ele>947.30426</ele><time>2026-05-23T17:24:46.080Z</time></trkpt><trkpt lat="47.433201" lon="-121.594833"><ele>949.413635</ele><time>2026-05-23T17:24:53.088Z</time></trkpt><trkpt lat="47.433239" lon="-121.594879"><ele>948.213501</ele><time>2026-05-23T17:24:59.082Z</time></trkpt><trkpt lat="47.433323" lon="-121.594917"><ele>946.915955</ele><time>2026-05-23T17:24:59.082Z</time></trkpt><trkpt lat="47.433285" lon="-121.594872"><ele>948.49585</ele><time>2026-05-23T17:25:07.076Z</time></trkpt><trkpt lat="47.433273" lon="-121.594803"><ele>948.871704</ele><time>2026-05-23T17:25:12.078Z</time></trkpt><trkpt lat="47.433235" lon="-121.594772"><ele>951.741089</ele><time>2026-05-23T17:25:19.082Z</time></trkpt><trkpt lat="47.433178" lon="-121.594666"><ele>951.3078</ele><time>2026-05-23T17:25:19.082Z</time></trkpt><trkpt lat="47.433182" lon="-121.594528"><ele>955.452454</ele><time>2026-05-23T17:25:24.085Z</time></trkpt><trkpt lat="47.43314" lon="-121.594406"><ele>963.502319</ele><time>2026-05-23T17:25:28.083Z</time></trkpt><trkpt lat="47.433117" lon="-121.594124"><ele>961.912292</ele><time>2026-05-23T17:25:34.079Z</time></trkpt><trkpt lat="47.433067" lon="-121.594017"><ele>961.777588</ele><time>2026-05-23T17:25:39.082Z</time></trkpt><trkpt lat="47.433056" lon="-121.593925"><ele>961.249146</ele><time>2026-05-23T17:25:39.082Z</time></trkpt><trkpt lat="47.433025" lon="-121.59388"><ele>963.030029</ele><time>2026-05-23T17:26:31.084Z</time></trkpt><trkpt lat="47.433018" lon="-121.593811"><ele>962.509705</ele><time>2026-05-23T17:26:31.084Z</time></trkpt><trkpt lat="47.432941" lon="-121.593735"><ele>967.746765</ele><time>2026-05-23T17:26:37.080Z</time></trkpt><trkpt lat="47.432884" lon="-121.593407"><ele>966.878601</ele><time>2026-05-23T17:26:44.076Z</time></trkpt><trkpt lat="47.432846" lon="-121.593369"><ele>969.095581</ele><time>2026-05-23T17:26:50.080Z</time></trkpt><trkpt lat="47.432804" lon="-121.593246"><ele>974.966187</ele><time>2026-05-23T17:26:50.080Z</time></trkpt><trkpt lat="47.432812" lon="-121.593185"><ele>973.246399</ele><time>2026-05-23T17:26:57.080Z</time></trkpt><trkpt lat="47.432796" lon="-121.593124"><ele>975.411926</ele><time>2026-05-23T17:27:05.079Z</time></trkpt><trkpt lat="47.432808" lon="-121.593063"><ele>976.78833</ele><time>2026-05-23T17:27:14.075Z</time></trkpt><trkpt lat="47.432846" lon="-121.593025"><ele>979.566956</ele><time>2026-05-23T17:27:14.075Z</time></trkpt><trkpt lat="47.433022" lon="-121.593185"><ele>984.592712</ele><time>2026-05-23T17:27:20.080Z</time></trkpt><trkpt lat="47.433041" lon="-121.593254"><ele>985.613586</ele><time>2026-05-23T17:27:30.080Z</time></trkpt><trkpt lat="47.433079" lon="-121.593292"><ele>984.527283</ele><time>2026-05-23T17:27:35.083Z</time></trkpt><trkpt lat="47.433083" lon="-121.593353"><ele>990.657654</ele><time>2026-05-23T17:27:35.083Z</time></trkpt><trkpt lat="47.433155" lon="-121.593437"><ele>991.941589</ele><time>2026-05-23T17:27:43.080Z</time></trkpt><trkpt lat="47.433262" lon="-121.593506"><ele>991.94104</ele><time>2026-05-23T17:27:51.087Z</time></trkpt><trkpt lat="47.433483" lon="-121.593781"><ele>988.68158</ele><time>2026-05-23T17:27:56.082Z</time></trkpt><trkpt lat="47.433567" lon="-121.593849"><ele>991.89093</ele><time>2026-05-23T17:27:56.082Z</time></trkpt><trkpt lat="47.433586" lon="-121.59391"><ele>998.921875</ele><time>2026-05-23T17:28:02.080Z</time></trkpt><trkpt lat="47.433723" lon="-121.593948"><ele>999.886536</ele><time>2026-05-23T17:28:08.083Z</time></trkpt><trkpt lat="47.433754" lon="-121.594002"><ele>1003.646301</ele><time>2026-05-23T17:28:14.080Z</time></trkpt><trkpt lat="47.433765" lon="-121.59388"><ele>1006.625732</ele><time>2026-05-23T17:28:19.083Z</time></trkpt><trkpt lat="47.433674" lon="-121.593468"><ele>1018.331055</ele><time>2026-05-23T17:28:19.083Z</time></trkpt><trkpt lat="47.433594" lon="-121.593277"><ele>1019.36322</ele><time>2026-05-23T17:28:23.082Z</time></trkpt><trkpt lat="47.433582" lon="-121.593201"><ele>1018.567627</ele><time>2026-05-23T17:28:30.086Z</time></trkpt><trkpt lat="47.433601" lon="-121.59314"><ele>1022.49884</ele><time>2026-05-23T17:28:37.086Z</time></trkpt><trkpt lat="47.433655" lon="-121.593147"><ele>1025.518066</ele><time>2026-05-23T17:28:45.080Z</time></trkpt><trkpt lat="47.433731" lon="-121.593216"><ele>1027.243164</ele><time>2026-05-23T17:28:45.080Z</time></trkpt><trkpt lat="47.433777" lon="-121.593224"><ele>1027.210205</ele><time>2026-05-23T17:29:04.084Z</time></trkpt><trkpt lat="47.433857" lon="-121.593285"><ele>1027.669678</ele><time>2026-05-23T17:29:04.084Z</time></trkpt><trkpt lat="47.434052" lon="-121.593513"><ele>1030.647827</ele><time>2026-05-23T17:29:11.084Z</time></trkpt><trkpt lat="47.434086" lon="-121.593567"><ele>1031.37439</ele><time>2026-05-23T17:29:18.079Z</time></trkpt><trkpt lat="47.434151" lon="-121.593758"><ele>1032.813721</ele><time>2026-05-23T17:29:23.080Z</time></trkpt><trkpt lat="47.434189" lon="-121.593788"><ele>1032.1698</ele><time>2026-05-23T17:29:23.080Z</time></trkpt><trkpt lat="47.43417" lon="-121.593658"><ele>1039.240845</ele><time>2026-05-23T17:29:29.082Z</time></trkpt><trkpt lat="47.434212" lon="-121.593666"><ele>1042.033813</ele><time>2026-05-23T17:29:36.083Z</time></trkpt><trkpt lat="47.434258" lon="-121.593651"><ele>1046.754883</ele><time>2026-05-23T17:29:42.082Z</time></trkpt><trkpt lat="47.434299" lon="-121.593658"><ele>1046.545532</ele><time>2026-05-23T17:29:42.082Z</time></trkpt><trkpt lat="47.434395" lon="-121.593735"><ele>1045.667603</ele><time>2026-05-23T17:29:46.082Z</time></trkpt><trkpt lat="47.43449" lon="-121.593765"><ele>1041.582153</ele><time>2026-05-23T17:29:52.082Z</time></trkpt><trkpt lat="47.434517" lon="-121.593826"><ele>1043.372559</ele><time>2026-05-23T17:29:59.084Z</time></trkpt><trkpt lat="47.434738" lon="-121.59388"><ele>1050.385864</ele><time>2026-05-23T17:30:04.082Z</time></trkpt><trkpt lat="47.434692" lon="-121.593864"><ele>1051.444336</ele><time>2026-05-23T17:30:04.082Z</time></trkpt><trkpt lat="47.434658" lon="-121.593826"><ele>1050.223999</ele><time>2026-05-23T17:30:11.080Z</time></trkpt><trkpt lat="47.43457" lon="-121.593674"><ele>1054.07019</ele><time>2026-05-23T17:30:16.080Z</time></trkpt><trkpt lat="47.434532" lon="-121.593559"><ele>1060.96936</ele><time>2026-05-23T17:30:25.080Z</time></trkpt><trkpt lat="47.434536" lon="-121.593491"><ele>1064.120483</ele><time>2026-05-23T17:30:25.080Z</time></trkpt><trkpt lat="47.434494" lon="-121.59343"><ele>1064.883545</ele><time>2026-05-23T17:30:31.080Z</time></trkpt><trkpt lat="47.434452" lon="-121.593407"><ele>1065.993286</ele><time>2026-05-23T17:30:38.080Z</time></trkpt><trkpt lat="47.43446" lon="-121.59333"><ele>1065.264771</ele><time>2026-05-23T17:30:59.087Z</time></trkpt><trkpt lat="47.434448" lon="-121.593269"><ele>1067.766113</ele><time>2026-05-23T17:30:59.087Z</time></trkpt><trkpt lat="47.43441" lon="-121.593315"><ele>1074.847046</ele><time>2026-05-23T17:31:28.080Z</time></trkpt><trkpt lat="47.434475" lon="-121.593224"><ele>1069.949341</ele><time>2026-05-23T17:31:28.080Z</time></trkpt><trkpt lat="47.434521" lon="-121.593216"><ele>1071.010742</ele><time>2026-05-23T17:31:34.080Z</time></trkpt><trkpt lat="47.434479" lon="-121.593155"><ele>1076.468872</ele><time>2026-05-23T17:31:40.083Z</time></trkpt><trkpt lat="47.434525" lon="-121.593178"><ele>1074.122314</ele><time>2026-05-23T17:31:46.083Z</time></trkpt><trkpt lat="47.434612" lon="-121.593147"><ele>1079.466064</ele><time>2026-05-23T17:31:53.080Z</time></trkpt><trkpt lat="47.434666" lon="-121.593033"><ele>1086.47998</ele><time>2026-05-23T17:31:53.080Z</time></trkpt><trkpt lat="47.434643" lon="-121.592979"><ele>1089.421143</ele><time>2026-05-23T17:32:00.083Z</time></trkpt><trkpt lat="47.434647" lon="-121.59269"><ele>1096.805908</ele><time>2026-05-23T17:32:05.079Z</time></trkpt><trkpt lat="47.434547" lon="-121.592461"><ele>1100.500244</ele><time>2026-05-23T17:32:12.084Z</time></trkpt><trkpt lat="47.434536" lon="-121.592384"><ele>1099.154785</ele><time>2026-05-23T17:32:12.084Z</time></trkpt><trkpt lat="47.434494" lon="-121.592361"><ele>1101.579834</ele><time>2026-05-23T17:32:18.084Z</time></trkpt><trkpt lat="47.434471" lon="-121.5923"><ele>1102.307861</ele><time>2026-05-23T17:32:24.082Z</time></trkpt><trkpt lat="47.434475" lon="-121.592232"><ele>1102.012817</ele><time>2026-05-23T17:32:31.087Z</time></trkpt><trkpt lat="47.434517" lon="-121.592239"><ele>1109.605957</ele><time>2026-05-23T17:32:31.087Z</time></trkpt><trkpt lat="47.434563" lon="-121.592209"><ele>1109.112793</ele><time>2026-05-23T17:32:35.079Z</time></trkpt><trkpt lat="47.434605" lon="-121.592216"><ele>1109.655762</ele><time>2026-05-23T17:32:40.082Z</time></trkpt><trkpt lat="47.434647" lon="-121.592178"><ele>1111.831055</ele><time>2026-05-23T17:32:45.085Z</time></trkpt><trkpt lat="47.434784" lon="-121.592209"><ele>1116.556763</ele><time>2026-05-23T17:32:56.088Z</time></trkpt><trkpt lat="47.434742" lon="-121.592087"><ele>1123.871704</ele><time>2026-05-23T17:32:56.088Z</time></trkpt><trkpt lat="47.434711" lon="-121.592041"><ele>1128.333862</ele><time>2026-05-23T17:33:12.083Z</time></trkpt><trkpt lat="47.434765" lon="-121.591919"><ele>1127.31897</ele><time>2026-05-23T17:33:17.086Z</time></trkpt><trkpt lat="47.434853" lon="-121.591873"><ele>1135.224731</ele><time>2026-05-23T17:33:17.086Z</time></trkpt><trkpt lat="47.434963" lon="-121.591866"><ele>1136.722656</ele><time>2026-05-23T17:33:24.083Z</time></trkpt><trkpt lat="47.435005" lon="-121.591843"><ele>1141.221191</ele><time>2026-05-23T17:33:31.084Z</time></trkpt><trkpt lat="47.43502" lon="-121.591713"><ele>1152.094971</ele><time>2026-05-23T17:33:37.084Z</time></trkpt><trkpt lat="47.435009" lon="-121.591644"><ele>1152.87085</ele><time>2026-05-23T17:33:37.084Z</time></trkpt><trkpt lat="47.434948" lon="-121.591553"><ele>1153.384521</ele><time>2026-05-23T17:33:41.084Z</time></trkpt><trkpt lat="47.434902" lon="-121.591537"><ele>1154.367432</ele><time>2026-05-23T17:33:49.085Z</time></trkpt><trkpt lat="47.434872" lon="-121.591492"><ele>1154.676514</ele><time>2026-05-23T17:33:56.083Z</time></trkpt><trkpt lat="47.434772" lon="-121.591248"><ele>1157.653564</ele><time>2026-05-23T17:33:56.083Z</time></trkpt><trkpt lat="47.434692" lon="-121.591164"><ele>1163.829224</ele><time>2026-05-23T17:34:03.088Z</time></trkpt><trkpt lat="47.434731" lon="-121.590981"><ele>1170.693726</ele><time>2026-05-23T17:34:09.080Z</time></trkpt><trkpt lat="47.434864" lon="-121.590927"><ele>1179.249146</ele><time>2026-05-23T17:34:15.084Z</time></trkpt><trkpt lat="47.434952" lon="-121.590927"><ele>1188.815186</ele><time>2026-05-23T17:34:15.084Z</time></trkpt><trkpt lat="47.435108" lon="-121.590759"><ele>1199.12146</ele><time>2026-05-23T17:34:21.078Z</time></trkpt><trkpt lat="47.435192" lon="-121.590706"><ele>1204.489258</ele><time>2026-05-23T17:34:27.089Z</time></trkpt><trkpt lat="47.435261" lon="-121.59063"><ele>1211.07959</ele><time>2026-05-23T17:34:33.080Z</time></trkpt><trkpt lat="47.435284" lon="-121.590569"><ele>1211.953247</ele><time>2026-05-23T17:34:41.080Z</time></trkpt><trkpt lat="47.435322" lon="-121.590546"><ele>1215.490845</ele><time>2026-05-23T17:34:41.080Z</time></trkpt><trkpt lat="47.435459" lon="-121.590378"><ele>1228.670776</ele><time>2026-05-23T17:34:48.084Z</time></trkpt><trkpt lat="47.435501" lon="-121.590355"><ele>1229.86499</ele><time>2026-05-23T17:34:53.080Z</time></trkpt><trkpt lat="47.435516" lon="-121.590294"><ele>1234.433472</ele><time>2026-05-23T17:34:59.077Z</time></trkpt><trkpt lat="47.435589" lon="-121.590218"><ele>1240.053711</ele><time>2026-05-23T17:35:08.079Z</time></trkpt><trkpt lat="47.435619" lon="-121.590088"><ele>1245.358521</ele><time>2026-05-23T17:35:08.079Z</time></trkpt><trkpt lat="47.435699" lon="-121.590034"><ele>1255.148193</ele><time>2026-05-23T17:35:12.080Z</time></trkpt><trkpt lat="47.435726" lon="-121.589989"><ele>1260.873779</ele><time>2026-05-23T17:35:16.083Z</time></trkpt><trkpt lat="47.435768" lon="-121.589973"><ele>1261.879883</ele><time>2026-05-23T17:35:22.082Z</time></trkpt><trkpt lat="47.435776" lon="-121.589905"><ele>1265.699463</ele><time>2026-05-23T17:35:26.085Z</time></trkpt><trkpt lat="47.43581" lon="-121.589867"><ele>1268.241211</ele><time>2026-05-23T17:35:33.075Z</time></trkpt><trkpt lat="47.435844" lon="-121.589745"><ele>1271.864868</ele><time>2026-05-23T17:35:33.075Z</time></trkpt><trkpt lat="47.435902" lon="-121.589645"><ele>1281.195313</ele><time>2026-05-23T17:35:42.083Z</time></trkpt><trkpt lat="47.435997" lon="-121.589645"><ele>1289.744141</ele><time>2026-05-23T17:35:51.083Z</time></trkpt><trkpt lat="47.436077" lon="-121.5896"><ele>1295.636963</ele><time>2026-05-23T17:35:55.080Z</time></trkpt><trkpt lat="47.436127" lon="-121.589493"><ele>1302.741211</ele><time>2026-05-23T17:35:55.080Z</time></trkpt><trkpt lat="47.436169" lon="-121.589516"><ele>1303.848755</ele><time>2026-05-23T17:35:57.082Z</time></trkpt><trkpt lat="47.436211" lon="-121.589478"><ele>1307.867188</ele><time>2026-05-23T17:36:03.082Z</time></trkpt><trkpt lat="47.436298" lon="-121.589447"><ele>1317.505981</ele><time>2026-05-23T17:36:16.080Z</time></trkpt><trkpt lat="47.436306" lon="-121.589386"><ele>1322.601196</ele><time>2026-05-23T17:36:16.080Z</time></trkpt><trkpt lat="47.436344" lon="-121.589348"><ele>1323.737427</ele><time>2026-05-23T17:36:20.084Z</time></trkpt><trkpt lat="47.436382" lon="-121.589317"><ele>1327.702393</ele><time>2026-05-23T17:36:27.076Z</time></trkpt><trkpt lat="47.43642" lon="-121.589348"><ele>1331.184937</ele><time>2026-05-23T17:36:32.083Z</time></trkpt><trkpt lat="47.436447" lon="-121.589294"><ele>1334.151001</ele><time>2026-05-23T17:36:37.082Z</time></trkpt><trkpt lat="47.436531" lon="-121.589241"><ele>1344.452515</ele><time>2026-05-23T17:36:37.082Z</time></trkpt><trkpt lat="47.436573" lon="-121.589111"><ele>1351.429688</ele><time>2026-05-23T17:36:42.083Z</time></trkpt><trkpt lat="47.436588" lon="-121.588852"><ele>1363.643921</ele><time>2026-05-23T17:36:48.080Z</time></trkpt><trkpt lat="47.436607" lon="-121.588791"><ele>1366.328491</ele><time>2026-05-23T17:36:52.086Z</time></trkpt><trkpt lat="47.43663" lon="-121.588737"><ele>1370.543945</ele><time>2026-05-23T17:36:56.082Z</time></trkpt><trkpt lat="47.436672" lon="-121.588722"><ele>1375.046753</ele><time>2026-05-23T17:36:56.082Z</time></trkpt><trkpt lat="47.436691" lon="-121.588593"><ele>1379.972534</ele><time>2026-05-23T17:37:02.080Z</time></trkpt><trkpt lat="47.436733" lon="-121.58857"><ele>1382.856323</ele><time>2026-05-23T17:37:08.084Z</time></trkpt><trkpt lat="47.436737" lon="-121.588501"><ele>1386.137085</ele><time>2026-05-23T17:37:15.083Z</time></trkpt><trkpt lat="47.436768" lon="-121.588448"><ele>1390.849976</ele><time>2026-05-23T17:37:15.083Z</time></trkpt><trkpt lat="47.436806" lon="-121.588417"><ele>1391.084106</ele><time>2026-05-23T17:37:19.083Z</time></trkpt><trkpt lat="47.436852" lon="-121.588425"><ele>1395.983154</ele><time>2026-05-23T17:37:24.080Z</time></trkpt><trkpt lat="47.436874" lon="-121.588371"><ele>1399.119995</ele><time>2026-05-23T17:37:30.082Z</time></trkpt><trkpt lat="47.43692" lon="-121.588387"><ele>1399.983398</ele><time>2026-05-23T17:37:34.080Z</time></trkpt><trkpt lat="47.436958" lon="-121.588272"><ele>1409.030396</ele><time>2026-05-23T17:37:34.080Z</time></trkpt><trkpt lat="47.436943" lon="-121.588142"><ele>1413.127563</ele><time>2026-05-23T17:37:40.085Z</time></trkpt><trkpt lat="47.436977" lon="-121.588097"><ele>1415.944702</ele><time>2026-05-23T17:37:46.082Z</time></trkpt><trkpt lat="47.437065" lon="-121.588135"><ele>1419.960815</ele><time>2026-05-23T17:37:50.083Z</time></trkpt><trkpt lat="47.437107" lon="-121.588112"><ele>1422.479858</ele><time>2026-05-23T17:37:53.078Z</time></trkpt><trkpt lat="47.437153" lon="-121.588127"><ele>1422.901489</ele><time>2026-05-23T17:37:53.078Z</time></trkpt><trkpt lat="47.437195" lon="-121.58812"><ele>1424.460327</ele><time>2026-05-23T17:37:57.083Z</time></trkpt><trkpt lat="47.437241" lon="-121.58802"><ele>1430.399536</ele><time>2026-05-23T17:38:01.080Z</time></trkpt><trkpt lat="47.437325" lon="-121.588005"><ele>1437.218262</ele><time>2026-05-23T17:38:09.080Z</time></trkpt><trkpt lat="47.437366" lon="-121.58802"><ele>1438.447754</ele><time>2026-05-23T17:38:13.083Z</time></trkpt><trkpt lat="47.437756" lon="-121.587883"><ele>1466.218628</ele><time>2026-05-23T17:38:13.083Z</time></trkpt><trkpt lat="47.437801" lon="-121.587898"><ele>1468.80481</ele><time>2026-05-23T17:38:19.078Z</time></trkpt><trkpt lat="47.437889" lon="-121.587875"><ele>1469.328369</ele><time>2026-05-23T17:38:23.080Z</time></trkpt><trkpt lat="47.437973" lon="-121.587814"><ele>1480.342041</ele><time>2026-05-23T17:38:32.085Z</time></trkpt><trkpt lat="47.438023" lon="-121.587814"><ele>1481.992432</ele><time>2026-05-23T17:38:32.085Z</time></trkpt><trkpt lat="47.438133" lon="-121.587715"><ele>1488.284546</ele><time>2026-05-23T17:38:37.088Z</time></trkpt><trkpt lat="47.438175" lon="-121.587715"><ele>1490.692871</ele><time>2026-05-23T17:38:43.079Z</time></trkpt><trkpt lat="47.438217" lon="-121.587685"><ele>1494.036621</ele><time>2026-05-23T17:38:48.082Z</time></trkpt><trkpt lat="47.438282" lon="-121.587593"><ele>1500.355957</ele><time>2026-05-23T17:38:52.083Z</time></trkpt><trkpt lat="47.43837" lon="-121.587563"><ele>1505.449097</ele><time>2026-05-23T17:38:52.083Z</time></trkpt><trkpt lat="47.438492" lon="-121.587471"><ele>1514.809448</ele><time>2026-05-23T17:39:00.082Z</time></trkpt><trkpt lat="47.438538" lon="-121.587479"><ele>1517.31604</ele><time>2026-05-23T17:39:04.080Z</time></trkpt><trkpt lat="47.43858" lon="-121.587456"><ele>1520.886597</ele><time>2026-05-23T17:39:14.080Z</time></trkpt><trkpt lat="47.438618" lon="-121.587425"><ele>1525.578003</ele><time>2026-05-23T17:39:14.080Z</time></trkpt><trkpt lat="47.438633" lon="-121.587364"><ele>1528.253418</ele><time>2026-05-23T17:39:20.080Z</time></trkpt><trkpt lat="47.438675" lon="-121.587349"><ele>1529.528687</ele><time>2026-05-23T17:39:25.078Z</time></trkpt><trkpt lat="47.438766" lon="-121.587364"><ele>1535.26355</ele><time>2026-05-23T17:39:30.074Z</time></trkpt><trkpt lat="47.438835" lon="-121.58728"><ele>1544.925171</ele><time>2026-05-23T17:39:35.080Z</time></trkpt><trkpt lat="47.438881" lon="-121.58728"><ele>1545.970825</ele><time>2026-05-23T17:39:35.080Z</time></trkpt><trkpt lat="47.438919" lon="-121.587158"><ele>1555.86377</ele><time>2026-05-23T17:39:42.080Z</time></trkpt><trkpt lat="47.439022" lon="-121.587021"><ele>1564.187256</ele><time>2026-05-23T17:39:48.080Z</time></trkpt><trkpt lat="47.439064" lon="-121.587013"><ele>1566.009888</ele><time>2026-05-23T17:39:57.080Z</time></trkpt><trkpt lat="47.439156" lon="-121.586876"><ele>1574.68042</ele><time>2026-05-23T17:39:57.080Z</time></trkpt><trkpt lat="47.43927" lon="-121.586769"><ele>1583.719849</ele><time>2026-05-23T17:40:07.080Z</time></trkpt><trkpt lat="47.439274" lon="-121.5867"><ele>1584.088501</ele><time>2026-05-23T17:40:12.082Z</time></trkpt><trkpt lat="47.439312" lon="-121.58667"><ele>1585.752319</ele><time>2026-05-23T17:40:18.079Z</time></trkpt><trkpt lat="47.439358" lon="-121.586647"><ele>1592.725708</ele><time>2026-05-23T17:40:18.079Z</time></trkpt><trkpt lat="47.439327" lon="-121.5867"><ele>1588.795166</ele><time>2026-05-23T17:40:23.079Z</time></trkpt><trkpt lat="47.439285" lon="-121.586716"><ele>1583.240967</ele><time>2026-05-23T17:40:26.080Z</time></trkpt><trkpt lat="47.439285" lon="-121.586777"><ele>1584.167847</ele><time>2026-05-23T17:40:31.079Z</time></trkpt><trkpt lat="47.439377" lon="-121.586807"><ele>1582.102539</ele><time>2026-05-23T17:40:35.080Z</time></trkpt><trkpt lat="47.439445" lon="-121.586891"><ele>1582.910767</ele><time>2026-05-23T17:40:42.079Z</time></trkpt><trkpt lat="47.439491" lon="-121.586899"><ele>1582.245972</ele><time>2026-05-23T17:40:42.079Z</time></trkpt><trkpt lat="47.439564" lon="-121.586983"><ele>1581.015503</ele><time>2026-05-23T17:40:47.078Z</time></trkpt><trkpt lat="47.439693" lon="-121.58709"><ele>1581.982544</ele><time>2026-05-23T17:40:53.080Z</time></trkpt><trkpt lat="47.439861" lon="-121.587311"><ele>1582.1698</ele><time>2026-05-23T17:40:58.084Z</time></trkpt><trkpt lat="47.439957" lon="-121.587532"><ele>1580.518921</ele><time>2026-05-23T17:41:03.084Z</time></trkpt><trkpt lat="47.440029" lon="-121.587616"><ele>1578.974731</ele><time>2026-05-23T17:41:03.084Z</time></trkpt><trkpt lat="47.440155" lon="-121.587685"><ele>1586.482422</ele><time>2026-05-23T17:41:08.079Z</time></trkpt><trkpt lat="47.440308" lon="-121.587822"><ele>1588.645508</ele><time>2026-05-23T17:41:13.082Z</time></trkpt><trkpt lat="47.440361" lon="-121.587921"><ele>1585.872437</ele><time>2026-05-23T17:41:20.082Z</time></trkpt><trkpt lat="47.440403" lon="-121.587952"><ele>1587.292969</ele><time>2026-05-23T17:41:25.082Z</time></trkpt><trkpt lat="47.440422" lon="-121.588013"><ele>1586.055176</ele><time>2026-05-23T17:41:25.082Z</time></trkpt><trkpt lat="47.440483" lon="-121.588104"><ele>1583.753906</ele><time>2026-05-23T17:41:31.083Z</time></trkpt><trkpt lat="47.440685" lon="-121.588295"><ele>1588.824585</ele><time>2026-05-23T17:41:37.078Z</time></trkpt><trkpt lat="47.440712" lon="-121.588348"><ele>1588.865356</ele><time>2026-05-23T17:41:42.083Z</time></trkpt><trkpt lat="47.44075" lon="-121.588379"><ele>1589.896484</ele><time>2026-05-23T17:44:29.080Z</time></trkpt><trkpt lat="47.440891" lon="-121.588661"><ele>1591.254028</ele><time>2026-05-23T17:44:29.080Z</time></trkpt><trkpt lat="47.440929" lon="-121.588699"><ele>1591.662842</ele><time>2026-05-23T17:44:53.083Z</time></trkpt><trkpt lat="47.440952" lon="-121.58876"><ele>1591.51062</ele><time>2026-05-23T17:44:53.083Z</time></trkpt><trkpt lat="47.441029" lon="-121.588837"><ele>1593.455444</ele><time>2026-05-23T17:46:08.085Z</time></trkpt><trkpt lat="47.441036" lon="-121.588905"><ele>1592.240601</ele><time>2026-05-23T17:46:08.085Z</time></trkpt><trkpt lat="47.441116" lon="-121.588974"><ele>1596.309937</ele><time>2026-05-23T17:47:02.083Z</time></trkpt><trkpt lat="47.441128" lon="-121.589043"><ele>1594.7146</ele><time>2026-05-23T17:47:02.083Z</time></trkpt><trkpt lat="47.441227" lon="-121.589195"><ele>1594.077026</ele><time>2026-05-23T17:48:28.085Z</time></trkpt><trkpt lat="47.441288" lon="-121.589378"><ele>1596.605469</ele><time>2026-05-23T17:48:28.085Z</time></trkpt><trkpt lat="47.441357" lon="-121.589478"><ele>1599.583984</ele><time>2026-05-23T17:48:36.088Z</time></trkpt><trkpt lat="47.441433" lon="-121.589745"><ele>1603.528442</ele><time>2026-05-23T17:48:52.079Z</time></trkpt><trkpt lat="47.441479" lon="-121.589767"><ele>1603.68103</ele><time>2026-05-23T17:48:52.079Z</time></trkpt><trkpt lat="47.441555" lon="-121.589844"><ele>1612.869019</ele><time>2026-05-23T17:48:56.085Z</time></trkpt><trkpt lat="47.441643" lon="-121.59008"><ele>1617.351318</ele><time>2026-05-23T17:49:05.089Z</time></trkpt><trkpt lat="47.441757" lon="-121.59021"><ele>1618.200684</ele><time>2026-05-23T17:49:09.085Z</time></trkpt><trkpt lat="47.441803" lon="-121.590324"><ele>1616.985718</ele><time>2026-05-23T17:49:17.085Z</time></trkpt><trkpt lat="47.441837" lon="-121.590363"><ele>1618.615356</ele><time>2026-05-23T17:49:17.085Z</time></trkpt><trkpt lat="47.441879" lon="-121.590363"><ele>1620.922485</ele><time>2026-05-23T17:49:23.085Z</time></trkpt><trkpt lat="47.441956" lon="-121.590523"><ele>1621.009644</ele><time>2026-05-23T17:49:26.080Z</time></trkpt><trkpt lat="47.442036" lon="-121.590584"><ele>1622.019043</ele><time>2026-05-23T17:49:35.082Z</time></trkpt><trkpt lat="47.44207" lon="-121.590637"><ele>1623.875732</ele><time>2026-05-23T17:49:41.084Z</time></trkpt><trkpt lat="47.442101" lon="-121.590752"><ele>1623.681274</ele><time>2026-05-23T17:49:41.084Z</time></trkpt><trkpt lat="47.442196" lon="-121.590897"><ele>1627.0896</ele><time>2026-05-23T17:49:46.086Z</time></trkpt><trkpt lat="47.442196" lon="-121.590965"><ele>1631.334473</ele><time>2026-05-23T17:49:51.080Z</time></trkpt><trkpt lat="47.442234" lon="-121.590996"><ele>1632.144409</ele><time>2026-05-23T17:49:58.087Z</time></trkpt><trkpt lat="47.442257" lon="-121.591057"><ele>1633.651855</ele><time>2026-05-23T17:50:05.087Z</time></trkpt><trkpt lat="47.442242" lon="-121.590996"><ele>1632.05542</ele><time>2026-05-23T17:50:05.087Z</time></trkpt><trkpt lat="47.442223" lon="-121.591057"><ele>1627.137939</ele><time>2026-05-23T17:50:21.082Z</time></trkpt><trkpt lat="47.442184" lon="-121.591095"><ele>1624.498535</ele><time>2026-05-23T17:50:27.085Z</time></trkpt><trkpt lat="47.442165" lon="-121.591148"><ele>1622.231323</ele><time>2026-05-23T17:50:27.085Z</time></trkpt><trkpt lat="47.44212" lon="-121.591148"><ele>1618.308472</ele><time>2026-05-23T17:50:31.080Z</time></trkpt><trkpt lat="47.44207" lon="-121.591042"><ele>1615.619751</ele><time>2026-05-23T17:50:35.079Z</time></trkpt><trkpt lat="47.442051" lon="-121.590889"><ele>1617.073853</ele><time>2026-05-23T17:50:39.080Z</time></trkpt><trkpt lat="47.441975" lon="-121.590721"><ele>1613.644653</ele><time>2026-05-23T17:50:45.080Z</time></trkpt><trkpt lat="47.441803" lon="-121.590416"><ele>1613.77478</ele><time>2026-05-23T17:50:55.086Z</time></trkpt><trkpt lat="47.441761" lon="-121.590393"><ele>1610.694336</ele><time>2026-05-23T17:50:55.086Z</time></trkpt><trkpt lat="47.441639" lon="-121.59021"><ele>1611.470215</ele><time>2026-05-23T17:50:59.080Z</time></trkpt><trkpt lat="47.441494" lon="-121.58979"><ele>1607.892578</ele><time>2026-05-23T17:51:06.086Z</time></trkpt><trkpt lat="47.441414" lon="-121.589729"><ele>1602.74292</ele><time>2026-05-23T17:51:12.082Z</time></trkpt><trkpt lat="47.44128" lon="-121.589302"><ele>1600.782349</ele><time>2026-05-23T17:51:20.082Z</time></trkpt><trkpt lat="47.441242" lon="-121.589249"><ele>1596.928101</ele><time>2026-05-23T17:51:20.082Z</time></trkpt><trkpt lat="47.441196" lon="-121.589134"><ele>1596.505493</ele><time>2026-05-23T17:51:28.087Z</time></trkpt><trkpt lat="47.441063" lon="-121.588959"><ele>1593.150879</ele><time>2026-05-23T17:51:34.082Z</time></trkpt><trkpt lat="47.440983" lon="-121.588707"><ele>1594.651733</ele><time>2026-05-23T17:51:44.082Z</time></trkpt><trkpt lat="47.440937" lon="-121.588684"><ele>1593.274902</ele><time>2026-05-23T17:51:44.082Z</time></trkpt><trkpt lat="47.440865" lon="-121.5886"><ele>1589.690796</ele><time>2026-05-23T17:51:50.080Z</time></trkpt><trkpt lat="47.440681" lon="-121.588287"><ele>1588.454346</ele><time>2026-05-23T17:51:55.083Z</time></trkpt><trkpt lat="47.440632" lon="-121.588264"><ele>1587.796143</ele><time>2026-05-23T17:52:03.085Z</time></trkpt><trkpt lat="47.440563" lon="-121.588173"><ele>1586.724854</ele><time>2026-05-23T17:52:03.085Z</time></trkpt><trkpt lat="47.440521" lon="-121.58815"><ele>1583.870239</ele><time>2026-05-23T17:52:11.079Z</time></trkpt><trkpt lat="47.440269" lon="-121.587784"><ele>1587.471069</ele><time>2026-05-23T17:52:18.086Z</time></trkpt><trkpt lat="47.440182" lon="-121.587715"><ele>1586.170166</ele><time>2026-05-23T17:52:25.078Z</time></trkpt><trkpt lat="47.440151" lon="-121.587669"><ele>1585.436157</ele><time>2026-05-23T17:52:25.078Z</time></trkpt><trkpt lat="47.440105" lon="-121.587669"><ele>1583.401001</ele><time>2026-05-23T17:52:30.086Z</time></trkpt><trkpt lat="47.440014" lon="-121.587593"><ele>1581.727173</ele><time>2026-05-23T17:52:36.085Z</time></trkpt><trkpt lat="47.439945" lon="-121.587509"><ele>1582.51709</ele><time>2026-05-23T17:52:43.080Z</time></trkpt><trkpt lat="47.439869" lon="-121.587334"><ele>1581.944702</ele><time>2026-05-23T17:52:54.083Z</time></trkpt><trkpt lat="47.439827" lon="-121.587303"><ele>1581.541504</ele><time>2026-05-23T17:52:54.083Z</time></trkpt><trkpt lat="47.439816" lon="-121.587242"><ele>1582.191895</ele><time>2026-05-23T17:53:02.084Z</time></trkpt><trkpt lat="47.439777" lon="-121.587212"><ele>1582.726074</ele><time>2026-05-23T17:53:07.080Z</time></trkpt><trkpt lat="47.439674" lon="-121.587067"><ele>1581.818726</ele><time>2026-05-23T17:53:16.083Z</time></trkpt><trkpt lat="47.439548" lon="-121.58696"><ele>1580.622314</ele><time>2026-05-23T17:53:16.083Z</time></trkpt><trkpt lat="47.439453" lon="-121.586906"><ele>1582.332764</ele><time>2026-05-23T17:53:24.083Z</time></trkpt><trkpt lat="47.439339" lon="-121.586777"><ele>1580.594727</ele><time>2026-05-23T17:53:28.078Z</time></trkpt><trkpt lat="47.439289" lon="-121.586754"><ele>1580.794678</ele><time>2026-05-23T17:53:34.084Z</time></trkpt><trkpt lat="47.439034" lon="-121.585892"><ele>1567.774536</ele><time>2026-05-23T17:53:40.086Z</time></trkpt><trkpt lat="47.439011" lon="-121.585693"><ele>1566.904175</ele><time>2026-05-23T17:53:40.086Z</time></trkpt><trkpt lat="47.438988" lon="-121.585632"><ele>1565.935669</ele><time>2026-05-23T17:53:47.080Z</time></trkpt><trkpt lat="47.438866" lon="-121.584969"><ele>1561.268921</ele><time>2026-05-23T17:53:52.079Z</time></trkpt><trkpt lat="47.438782" lon="-121.584663"><ele>1558.032593</ele><time>2026-05-23T17:53:59.078Z</time></trkpt><trkpt lat="47.438782" lon="-121.584602"><ele>1558.179932</ele><time>2026-05-23T17:53:59.078Z</time></trkpt><trkpt lat="47.438721" lon="-121.584503"><ele>1556.787476</ele><time>2026-05-23T17:54:08.083Z</time></trkpt><trkpt lat="47.438679" lon="-121.584389"><ele>1555.427368</ele><time>2026-05-23T17:54:17.080Z</time></trkpt><trkpt lat="47.43866" lon="-121.584244"><ele>1552.606934</ele><time>2026-05-23T17:54:44.085Z</time></trkpt><trkpt lat="47.438549" lon="-121.584038"><ele>1546.836182</ele><time>2026-05-23T17:54:44.085Z</time></trkpt><trkpt lat="47.43848" lon="-121.583862"><ele>1542.2052</ele><time>2026-05-23T17:54:52.086Z</time></trkpt><trkpt lat="47.438419" lon="-121.583763"><ele>1534.416138</ele><time>2026-05-23T17:54:56.080Z</time></trkpt><trkpt lat="47.438381" lon="-121.583733"><ele>1533.34436</ele><time>2026-05-23T17:55:07.082Z</time></trkpt><trkpt lat="47.438343" lon="-121.583611"><ele>1529.480957</ele><time>2026-05-23T17:55:07.082Z</time></trkpt><trkpt lat="47.438309" lon="-121.583572"><ele>1527.554443</ele><time>2026-05-23T17:55:14.084Z</time></trkpt><trkpt lat="47.43824" lon="-121.583405"><ele>1524.583984</ele><time>2026-05-23T17:55:18.086Z</time></trkpt><trkpt lat="47.438179" lon="-121.583221"><ele>1521.13916</ele><time>2026-05-23T17:55:25.080Z</time></trkpt><trkpt lat="47.438118" lon="-121.583122"><ele>1518.063477</ele><time>2026-05-23T17:55:34.080Z</time></trkpt><trkpt lat="47.438049" lon="-121.582962"><ele>1516.202393</ele><time>2026-05-23T17:55:34.080Z</time></trkpt><trkpt lat="47.438007" lon="-121.582703"><ele>1514.660522</ele><time>2026-05-23T17:55:42.084Z</time></trkpt><trkpt lat="47.437973" lon="-121.582649"><ele>1514.130371</ele><time>2026-05-23T17:55:46.085Z</time></trkpt><trkpt lat="47.437965" lon="-121.582573"><ele>1513.290039</ele><time>2026-05-23T17:55:55.083Z</time></trkpt><trkpt lat="47.437862" lon="-121.582268"><ele>1507.984131</ele><time>2026-05-23T17:55:55.083Z</time></trkpt><trkpt lat="47.437813" lon="-121.582153"><ele>1506.220337</ele><time>2026-05-23T17:56:03.083Z</time></trkpt><trkpt lat="47.437778" lon="-121.582115"><ele>1504.087158</ele><time>2026-05-23T17:56:07.084Z</time></trkpt><trkpt lat="47.437725" lon="-121.582008"><ele>1501.572266</ele><time>2026-05-23T17:56:14.083Z</time></trkpt><trkpt lat="47.437664" lon="-121.581825"><ele>1497.617432</ele><time>2026-05-23T17:56:14.083Z</time></trkpt><trkpt lat="47.437626" lon="-121.581787"><ele>1496.365845</ele><time>2026-05-23T17:56:19.086Z</time></trkpt><trkpt lat="47.437611" lon="-121.581726"><ele>1497.048828</ele><time>2026-05-23T17:56:31.084Z</time></trkpt><trkpt lat="47.437519" lon="-121.581581"><ele>1494.818726</ele><time>2026-05-23T17:56:35.083Z</time></trkpt><trkpt lat="47.437519" lon="-121.581512"><ele>1494.230225</ele><time>2026-05-23T17:56:35.083Z</time></trkpt><trkpt lat="47.437492" lon="-121.581444"><ele>1493.931152</ele><time>2026-05-23T17:56:41.082Z</time></trkpt><trkpt lat="47.437496" lon="-121.581383"><ele>1492.661743</ele><time>2026-05-23T17:56:49.085Z</time></trkpt><trkpt lat="47.437428" lon="-121.581276"><ele>1494.63623</ele><time>2026-05-23T17:56:57.080Z</time></trkpt><trkpt lat="47.437351" lon="-121.581032"><ele>1491.92981</ele><time>2026-05-23T17:56:57.080Z</time></trkpt><trkpt lat="47.437344" lon="-121.580963"><ele>1493.014282</ele><time>2026-05-23T17:57:15.080Z</time></trkpt><trkpt lat="47.437317" lon="-121.58091"><ele>1492.053711</ele><time>2026-05-23T17:57:21.085Z</time></trkpt><trkpt lat="47.437305" lon="-121.58078"><ele>1493.626221</ele><time>2026-05-23T17:57:21.085Z</time></trkpt><trkpt lat="47.437313" lon="-121.580719"><ele>1493.376953</ele><time>2026-05-23T17:57:33.086Z</time></trkpt><trkpt lat="47.437344" lon="-121.580666"><ele>1494.500366</ele><time>2026-05-23T17:57:37.080Z</time></trkpt><trkpt lat="47.437347" lon="-121.580521"><ele>1492.128906</ele><time>2026-05-23T17:57:43.080Z</time></trkpt><trkpt lat="47.437321" lon="-121.580391"><ele>1488.182861</ele><time>2026-05-23T17:57:43.080Z</time></trkpt><trkpt lat="47.437222" lon="-121.580177"><ele>1485.923828</ele><time>2026-05-23T17:57:48.084Z</time></trkpt><trkpt lat="47.437202" lon="-121.580032"><ele>1488.112183</ele><time>2026-05-23T17:57:56.089Z</time></trkpt><trkpt lat="47.437214" lon="-121.579964"><ele>1494.946289</ele><time>2026-05-23T17:58:00.080Z</time></trkpt><trkpt lat="47.437244" lon="-121.57991"><ele>1494.188354</ele><time>2026-05-23T17:58:05.082Z</time></trkpt><trkpt lat="47.437248" lon="-121.579842"><ele>1492.826904</ele><time>2026-05-23T17:58:05.082Z</time></trkpt><trkpt lat="47.437191" lon="-121.579521"><ele>1492.154785</ele><time>2026-05-23T17:58:20.083Z</time></trkpt><trkpt lat="47.437111" lon="-121.579353"><ele>1493.163208</ele><time>2026-05-23T17:58:26.090Z</time></trkpt><trkpt lat="47.437099" lon="-121.579285"><ele>1492.55835</ele><time>2026-05-23T17:58:26.090Z</time></trkpt><trkpt lat="47.437119" lon="-121.579224"><ele>1492.026855</ele><time>2026-05-23T17:58:33.079Z</time></trkpt><trkpt lat="47.437054" lon="-121.57914"><ele>1491.643677</ele><time>2026-05-23T17:58:37.085Z</time></trkpt><trkpt lat="47.437031" lon="-121.578949"><ele>1494.170776</ele><time>2026-05-23T17:58:45.082Z</time></trkpt><trkpt lat="47.436966" lon="-121.578781"><ele>1491.104492</ele><time>2026-05-23T17:58:45.082Z</time></trkpt><trkpt lat="47.43692" lon="-121.578522"><ele>1488.510254</ele><time>2026-05-23T17:58:50.082Z</time></trkpt><trkpt lat="47.436855" lon="-121.57843"><ele>1487.158691</ele><time>2026-05-23T17:59:02.080Z</time></trkpt><trkpt lat="47.436852" lon="-121.578354"><ele>1487.261597</ele><time>2026-05-23T17:59:20.083Z</time></trkpt><trkpt lat="47.436794" lon="-121.578255"><ele>1485.582764</ele><time>2026-05-23T17:59:20.083Z</time></trkpt><trkpt lat="47.436779" lon="-121.578117"><ele>1486.517944</ele><time>2026-05-23T17:59:28.079Z</time></trkpt><trkpt lat="47.436733" lon="-121.578003"><ele>1486.82373</ele><time>2026-05-23T17:59:32.085Z</time></trkpt><trkpt lat="47.436676" lon="-121.577766"><ele>1487.601196</ele><time>2026-05-23T17:59:37.080Z</time></trkpt><trkpt lat="47.436665" lon="-121.577621"><ele>1488.233154</ele><time>2026-05-23T17:59:42.083Z</time></trkpt><trkpt lat="47.436642" lon="-121.577568"><ele>1487.312378</ele><time>2026-05-23T17:59:42.083Z</time></trkpt><trkpt lat="47.436619" lon="-121.577225"><ele>1481.704468</ele><time>2026-05-23T17:59:52.088Z</time></trkpt><trkpt lat="47.436668" lon="-121.577118"><ele>1483.039307</ele><time>2026-05-23T17:59:57.082Z</time></trkpt><trkpt lat="47.436657" lon="-121.577049"><ele>1482.032349</ele><time>2026-05-23T18:00:05.082Z</time></trkpt><trkpt lat="47.436691" lon="-121.576859"><ele>1481.473633</ele><time>2026-05-23T18:00:05.082Z</time></trkpt><trkpt lat="47.436665" lon="-121.576591"><ele>1485.311768</ele><time>2026-05-23T18:00:10.084Z</time></trkpt><trkpt lat="47.436653" lon="-121.57653"><ele>1486.452271</ele><time>2026-05-23T18:00:16.084Z</time></trkpt><trkpt lat="47.436615" lon="-121.576477"><ele>1487.57959</ele><time>2026-05-23T18:00:22.078Z</time></trkpt><trkpt lat="47.436626" lon="-121.576401"><ele>1486.371948</ele><time>2026-05-23T18:00:30.080Z</time></trkpt><trkpt lat="47.43655" lon="-121.576233"><ele>1490.248535</ele><time>2026-05-23T18:00:30.080Z</time></trkpt><trkpt lat="47.436504" lon="-121.575966"><ele>1491.946655</ele><time>2026-05-23T18:00:39.084Z</time></trkpt><trkpt lat="47.436459" lon="-121.575829"><ele>1491.619507</ele><time>2026-05-23T18:00:46.082Z</time></trkpt><trkpt lat="47.436306" lon="-121.575546"><ele>1495.387085</ele><time>2026-05-23T18:00:51.083Z</time></trkpt><trkpt lat="47.436268" lon="-121.575523"><ele>1493.483154</ele><time>2026-05-23T18:00:51.083Z</time></trkpt><trkpt lat="47.436237" lon="-121.575401"><ele>1492.43457</ele><time>2026-05-23T18:00:55.082Z</time></trkpt><trkpt lat="47.436237" lon="-121.575333"><ele>1493.233765</ele><time>2026-05-23T18:01:04.084Z</time></trkpt><trkpt lat="47.43615" lon="-121.575188"><ele>1492.200439</ele><time>2026-05-23T18:01:09.087Z</time></trkpt><trkpt lat="47.436119" lon="-121.574913"><ele>1493.068604</ele><time>2026-05-23T18:01:15.088Z</time></trkpt><trkpt lat="47.43615" lon="-121.574654"><ele>1494.378906</ele><time>2026-05-23T18:01:15.088Z</time></trkpt><trkpt lat="47.436108" lon="-121.574028"><ele>1498.922729</ele><time>2026-05-23T18:01:20.088Z</time></trkpt><trkpt lat="47.436058" lon="-121.574013"><ele>1500.668335</ele><time>2026-05-23T18:01:26.087Z</time></trkpt><trkpt lat="47.436031" lon="-121.573959"><ele>1500.903809</ele><time>2026-05-23T18:01:32.083Z</time></trkpt><trkpt lat="47.435993" lon="-121.573769"><ele>1502.576416</ele><time>2026-05-23T18:01:40.080Z</time></trkpt><trkpt lat="47.436001" lon="-121.5737"><ele>1503.280518</ele><time>2026-05-23T18:01:40.080Z</time></trkpt><trkpt lat="47.435902" lon="-121.573387"><ele>1514.431763</ele><time>2026-05-23T18:01:45.085Z</time></trkpt><trkpt lat="47.435898" lon="-121.573326"><ele>1514.883545</ele><time>2026-05-23T18:01:52.086Z</time></trkpt><trkpt lat="47.435879" lon="-121.573265"><ele>1514.631714</ele><time>2026-05-23T18:02:00.083Z</time></trkpt><trkpt lat="47.43581" lon="-121.573166"><ele>1514.917969</ele><time>2026-05-23T18:02:00.083Z</time></trkpt><trkpt lat="47.435799" lon="-121.573097"><ele>1514.835083</ele><time>2026-05-23T18:02:04.085Z</time></trkpt><trkpt lat="47.435696" lon="-121.572868"><ele>1517.748535</ele><time>2026-05-23T18:02:10.085Z</time></trkpt><trkpt lat="47.435699" lon="-121.5728"><ele>1516.758179</ele><time>2026-05-23T18:02:15.088Z</time></trkpt><trkpt lat="47.435661" lon="-121.57267"><ele>1514.080688</ele><time>2026-05-23T18:02:25.089Z</time></trkpt><trkpt lat="47.435669" lon="-121.572594"><ele>1513.125</ele><time>2026-05-23T18:02:25.089Z</time></trkpt><trkpt lat="47.435642" lon="-121.572456"><ele>1514.458374</ele><time>2026-05-23T18:02:34.093Z</time></trkpt><trkpt lat="47.4356" lon="-121.572342"><ele>1516.54541</ele><time>2026-05-23T18:02:42.087Z</time></trkpt><trkpt lat="47.435539" lon="-121.572014"><ele>1516.912964</ele><time>2026-05-23T18:02:51.088Z</time></trkpt><trkpt lat="47.435463" lon="-121.571838"><ele>1519.101074</ele><time>2026-05-23T18:02:51.088Z</time></trkpt><trkpt lat="47.435471" lon="-121.571777"><ele>1520.311035</ele><time>2026-05-23T18:02:56.088Z</time></trkpt><trkpt lat="47.435444" lon="-121.571716"><ele>1520.647339</ele><time>2026-05-23T18:03:01.087Z</time></trkpt><trkpt lat="47.435425" lon="-121.571579"><ele>1522.95459</ele><time>2026-05-23T18:03:10.085Z</time></trkpt><trkpt lat="47.435402" lon="-121.57122"><ele>1519.832397</ele><time>2026-05-23T18:03:10.085Z</time></trkpt><trkpt lat="47.435314" lon="-121.570976"><ele>1518.200317</ele><time>2026-05-23T18:03:20.085Z</time></trkpt><trkpt lat="47.435326" lon="-121.570839"><ele>1514.054565</ele><time>2026-05-23T18:03:28.084Z</time></trkpt><trkpt lat="47.435272" lon="-121.570633"><ele>1516.358154</ele><time>2026-05-23T18:04:02.087Z</time></trkpt><trkpt lat="47.435261" lon="-121.570488"><ele>1517.900757</ele><time>2026-05-23T18:04:02.087Z</time></trkpt><trkpt lat="47.435207" lon="-121.570381"><ele>1517.686646</ele><time>2026-05-23T18:04:06.088Z</time></trkpt><trkpt lat="47.4352" lon="-121.570175"><ele>1520.919922</ele><time>2026-05-23T18:04:14.083Z</time></trkpt><trkpt lat="47.435158" lon="-121.570145"><ele>1521.031494</ele><time>2026-05-23T18:04:27.088Z</time></trkpt><trkpt lat="47.435154" lon="-121.570084"><ele>1523.310425</ele><time>2026-05-23T18:04:27.088Z</time></trkpt><trkpt lat="47.435196" lon="-121.570038"><ele>1524.541016</ele><time>2026-05-23T18:04:32.091Z</time></trkpt><trkpt lat="47.435219" lon="-121.569969"><ele>1524.548096</ele><time>2026-05-23T18:04:37.083Z</time></trkpt><trkpt lat="47.435215" lon="-121.569839"><ele>1525.090576</ele><time>2026-05-23T18:04:42.085Z</time></trkpt><trkpt lat="47.435123" lon="-121.569603"><ele>1527.608887</ele><time>2026-05-23T18:04:47.087Z</time></trkpt><trkpt lat="47.435127" lon="-121.569534"><ele>1526.045166</ele><time>2026-05-23T18:04:47.087Z</time></trkpt><trkpt lat="47.43507" lon="-121.569427"><ele>1531.377197</ele><time>2026-05-23T18:04:58.086Z</time></trkpt><trkpt lat="47.435024" lon="-121.569389"><ele>1532.012939</ele><time>2026-05-23T18:05:07.087Z</time></trkpt><trkpt lat="47.434914" lon="-121.569107"><ele>1542.015503</ele><time>2026-05-23T18:05:07.087Z</time></trkpt><trkpt lat="47.434914" lon="-121.568977"><ele>1547.087158</ele><time>2026-05-23T18:05:13.085Z</time></trkpt><trkpt lat="47.434933" lon="-121.568916"><ele>1549.536499</ele><time>2026-05-23T18:05:20.093Z</time></trkpt><trkpt lat="47.434971" lon="-121.568871"><ele>1549.023193</ele><time>2026-05-23T18:05:26.092Z</time></trkpt><trkpt lat="47.434864" lon="-121.568657"><ele>1556.688965</ele><time>2026-05-23T18:05:26.092Z</time></trkpt><trkpt lat="47.434826" lon="-121.568634"><ele>1560.010986</ele><time>2026-05-23T18:05:32.089Z</time></trkpt><trkpt lat="47.434803" lon="-121.568489"><ele>1557.376465</ele><time>2026-05-23T18:05:36.089Z</time></trkpt><trkpt lat="47.434803" lon="-121.568359"><ele>1563.821167</ele><time>2026-05-23T18:05:46.085Z</time></trkpt><trkpt lat="47.434578" lon="-121.5681"><ele>1557.728638</ele><time>2026-05-23T18:05:46.085Z</time></trkpt><trkpt lat="47.434532" lon="-121.568077"><ele>1558.330444</ele><time>2026-05-23T18:05:52.082Z</time></trkpt><trkpt lat="47.434452" lon="-121.568001"><ele>1558.582764</ele><time>2026-05-23T18:05:57.092Z</time></trkpt><trkpt lat="47.434311" lon="-121.56797"><ele>1559.282227</ele><time>2026-05-23T18:06:02.084Z</time></trkpt><trkpt lat="47.434227" lon="-121.567902"><ele>1560.1698</ele><time>2026-05-23T18:06:10.087Z</time></trkpt><trkpt lat="47.434181" lon="-121.567886"><ele>1561.699463</ele><time>2026-05-23T18:06:10.087Z</time></trkpt><trkpt lat="47.434132" lon="-121.567894"><ele>1561.776489</ele><time>2026-05-23T18:06:16.086Z</time></trkpt><trkpt lat="47.434097" lon="-121.567841"><ele>1560.223389</ele><time>2026-05-23T18:06:23.086Z</time></trkpt><trkpt lat="47.433964" lon="-121.567841"><ele>1558.915161</ele><time>2026-05-23T18:06:38.084Z</time></trkpt><trkpt lat="47.433868" lon="-121.567818"><ele>1561.775513</ele><time>2026-05-23T18:06:38.084Z</time></trkpt><trkpt lat="47.433796" lon="-121.567719"><ele>1562.547485</ele><time>2026-05-23T18:06:50.083Z</time></trkpt><trkpt lat="47.433842" lon="-121.567589"><ele>1572.152222</ele><time>2026-05-23T18:07:04.086Z</time></trkpt><trkpt lat="47.433895" lon="-121.567589"><ele>1573.189209</ele><time>2026-05-23T18:07:04.086Z</time></trkpt><trkpt lat="47.433922" lon="-121.567535"><ele>1574.780029</ele><time>2026-05-23T18:07:14.080Z</time></trkpt><trkpt lat="47.433964" lon="-121.56752"><ele>1576.264771</ele><time>2026-05-23T18:07:22.084Z</time></trkpt><trkpt lat="47.433979" lon="-121.567383"><ele>1581.316528</ele><time>2026-05-23T18:07:25.087Z</time></trkpt><trkpt lat="47.434002" lon="-121.567329"><ele>1584.324341</ele><time>2026-05-23T18:07:25.087Z</time></trkpt><trkpt lat="47.434025" lon="-121.567276"><ele>1586.784912</ele><time>2026-05-23T18:07:30.085Z</time></trkpt><trkpt lat="47.434071" lon="-121.567268"><ele>1589.44873</ele><time>2026-05-23T18:07:37.085Z</time></trkpt><trkpt lat="47.434109" lon="-121.567146"><ele>1594.669922</ele><time>2026-05-23T18:07:52.085Z</time></trkpt><trkpt lat="47.434143" lon="-121.567101"><ele>1596.88501</ele><time>2026-05-23T18:07:52.085Z</time></trkpt><trkpt lat="47.434189" lon="-121.567093"><ele>1600.135864</ele><time>2026-05-23T18:07:55.085Z</time></trkpt><trkpt lat="47.434227" lon="-121.567123"><ele>1600.006714</ele><time>2026-05-23T18:08:02.084Z</time></trkpt><trkpt lat="47.434296" lon="-121.567039"><ele>1605.659058</ele><time>2026-05-23T18:08:10.087Z</time></trkpt><trkpt lat="47.434311" lon="-121.566978"><ele>1608.688965</ele><time>2026-05-23T18:08:18.082Z</time></trkpt><trkpt lat="47.434353" lon="-121.566978"><ele>1609.478394</ele><time>2026-05-23T18:08:18.082Z</time></trkpt><trkpt lat="47.434391" lon="-121.566948"><ele>1611.251343</ele><time>2026-05-23T18:08:23.083Z</time></trkpt><trkpt lat="47.434429" lon="-121.566826"><ele>1615.182861</ele><time>2026-05-23T18:08:27.082Z</time></trkpt><trkpt lat="47.434521" lon="-121.566345"><ele>1617.260864</ele><time>2026-05-23T18:08:43.084Z</time></trkpt><trkpt lat="47.434555" lon="-121.566292"><ele>1619.392212</ele><time>2026-05-23T18:08:43.084Z</time></trkpt><trkpt lat="47.434589" lon="-121.566338"><ele>1620.907715</ele><time>2026-05-23T18:08:55.089Z</time></trkpt><trkpt lat="47.434631" lon="-121.566223"><ele>1624.782471</ele><time>2026-05-23T18:08:59.087Z</time></trkpt><trkpt lat="47.43462" lon="-121.566162"><ele>1624.932373</ele><time>2026-05-23T18:09:06.089Z</time></trkpt><trkpt lat="47.4347" lon="-121.565994"><ele>1630.706909</ele><time>2026-05-23T18:09:06.089Z</time></trkpt><trkpt lat="47.434761" lon="-121.565796"><ele>1634.877563</ele><time>2026-05-23T18:09:15.091Z</time></trkpt><trkpt lat="47.434799" lon="-121.565765"><ele>1639.652588</ele><time>2026-05-23T18:09:29.084Z</time></trkpt><trkpt lat="47.434845" lon="-121.565788"><ele>1644.105591</ele><time>2026-05-23T18:09:29.084Z</time></trkpt><trkpt lat="47.434898" lon="-121.565781"><ele>1643.716675</ele><time>2026-05-23T18:09:42.090Z</time></trkpt><trkpt lat="47.434917" lon="-121.565842"><ele>1644.944214</ele><time>2026-05-23T18:09:56.087Z</time></trkpt><trkpt lat="47.434929" lon="-121.565773"><ele>1649.823486</ele><time>2026-05-23T18:09:56.087Z</time></trkpt><trkpt lat="47.434921" lon="-121.565697"><ele>1652.008667</ele><time>2026-05-23T18:10:02.085Z</time></trkpt><trkpt lat="47.434982" lon="-121.565521"><ele>1656.202759</ele><time>2026-05-23T18:10:17.086Z</time></trkpt><trkpt lat="47.435028" lon="-121.565536"><ele>1655.386108</ele><time>2026-05-23T18:10:17.086Z</time></trkpt><trkpt lat="47.435097" lon="-121.565453"><ele>1662.055176</ele><time>2026-05-23T18:10:41.084Z</time></trkpt><trkpt lat="47.43515" lon="-121.565208"><ele>1671.335815</ele><time>2026-05-23T18:10:41.084Z</time></trkpt><trkpt lat="47.435215" lon="-121.565041"><ele>1675.697998</ele><time>2026-05-23T18:10:51.090Z</time></trkpt><trkpt lat="47.435261" lon="-121.565033"><ele>1678.663452</ele><time>2026-05-23T18:11:01.086Z</time></trkpt><trkpt lat="47.43528" lon="-121.564972"><ele>1680.588867</ele><time>2026-05-23T18:11:01.086Z</time></trkpt><trkpt lat="47.435356" lon="-121.564896"><ele>1686.411743</ele><time>2026-05-23T18:11:09.083Z</time></trkpt><trkpt lat="47.435402" lon="-121.564873"><ele>1691.247681</ele><time>2026-05-23T18:11:15.089Z</time></trkpt><trkpt lat="47.435452" lon="-121.564758"><ele>1693.890137</ele><time>2026-05-23T18:11:24.085Z</time></trkpt><trkpt lat="47.435421" lon="-121.564636"><ele>1695.526123</ele><time>2026-05-23T18:11:24.085Z</time></trkpt><trkpt lat="47.435413" lon="-121.564438"><ele>1696.610474</ele><time>2026-05-23T18:11:34.087Z</time></trkpt><trkpt lat="47.435425" lon="-121.564377"><ele>1697.18457</ele><time>2026-05-23T18:11:43.087Z</time></trkpt><trkpt lat="47.435394" lon="-121.564331"><ele>1697.123169</ele><time>2026-05-23T18:11:43.087Z</time></trkpt><trkpt lat="47.435425" lon="-121.564377"><ele>1696.963379</ele><time>2026-05-23T18:11:43.087Z</time></trkpt><trkpt lat="47.435417" lon="-121.564644"><ele>1695.664307</ele><time>2026-05-23T18:11:54.080Z</time></trkpt><trkpt lat="47.435452" lon="-121.56469"><ele>1695.572266</ele><time>2026-05-23T18:12:01.090Z</time></trkpt><trkpt lat="47.435452" lon="-121.564827"><ele>1693.147217</ele><time>2026-05-23T18:12:06.087Z</time></trkpt><trkpt lat="47.43541" lon="-121.564857"><ele>1691.090088</ele><time>2026-05-23T18:12:06.087Z</time></trkpt><trkpt lat="47.435371" lon="-121.564972"><ele>1687.711792</ele><time>2026-05-23T18:12:23.091Z</time></trkpt><trkpt lat="47.435326" lon="-121.564949"><ele>1682.713013</ele><time>2026-05-23T18:12:36.089Z</time></trkpt><trkpt lat="47.435291" lon="-121.564987"><ele>1680.470459</ele><time>2026-05-23T18:12:36.089Z</time></trkpt><trkpt lat="47.435268" lon="-121.565048"><ele>1676.84375</ele><time>2026-05-23T18:12:43.085Z</time></trkpt><trkpt lat="47.435223" lon="-121.565041"><ele>1673.481323</ele><time>2026-05-23T18:12:54.087Z</time></trkpt><trkpt lat="47.435196" lon="-121.56517"><ele>1671.078247</ele><time>2026-05-23T18:13:01.092Z</time></trkpt><trkpt lat="47.435165" lon="-121.565216"><ele>1668.125244</ele><time>2026-05-23T18:13:01.092Z</time></trkpt><trkpt lat="47.435101" lon="-121.565399"><ele>1664.672852</ele><time>2026-05-23T18:13:07.090Z</time></trkpt><trkpt lat="47.435097" lon="-121.565468"><ele>1661.432007</ele><time>2026-05-23T18:13:16.086Z</time></trkpt><trkpt lat="47.43504" lon="-121.565575"><ele>1657.87146</ele><time>2026-05-23T18:13:23.083Z</time></trkpt><trkpt lat="47.435001" lon="-121.565544"><ele>1658.81958</ele><time>2026-05-23T18:13:23.083Z</time></trkpt><trkpt lat="47.434959" lon="-121.565651"><ele>1651.848145</ele><time>2026-05-23T18:13:31.086Z</time></trkpt><trkpt lat="47.43494" lon="-121.565712"><ele>1650.363525</ele><time>2026-05-23T18:13:35.091Z</time></trkpt><trkpt lat="47.434971" lon="-121.565834"><ele>1647.476563</ele><time>2026-05-23T18:13:43.084Z</time></trkpt><trkpt lat="47.434944" lon="-121.565887"><ele>1647.125854</ele><time>2026-05-23T18:13:43.084Z</time></trkpt><trkpt lat="47.434898" lon="-121.565887"><ele>1645.931885</ele><time>2026-05-23T18:13:54.088Z</time></trkpt><trkpt lat="47.434864" lon="-121.565849"><ele>1644.720215</ele><time>2026-05-23T18:13:58.089Z</time></trkpt><trkpt lat="47.43478" lon="-121.565804"><ele>1641.406128</ele><time>2026-05-23T18:14:04.089Z</time></trkpt><trkpt lat="47.434769" lon="-121.565872"><ele>1633.302002</ele><time>2026-05-23T18:14:04.089Z</time></trkpt><trkpt lat="47.434734" lon="-121.565918"><ele>1630.957031</ele><time>2026-05-23T18:14:13.090Z</time></trkpt><trkpt lat="47.434731" lon="-121.565987"><ele>1632.174805</ele><time>2026-05-23T18:14:21.085Z</time></trkpt><trkpt lat="47.434662" lon="-121.566078"><ele>1626.109619</ele><time>2026-05-23T18:14:35.091Z</time></trkpt><trkpt lat="47.434639" lon="-121.566154"><ele>1624.79895</ele><time>2026-05-23T18:14:35.091Z</time></trkpt><trkpt lat="47.434654" lon="-121.566223"><ele>1623.950073</ele><time>2026-05-23T18:14:52.083Z</time></trkpt><trkpt lat="47.434624" lon="-121.566345"><ele>1623.216797</ele><time>2026-05-23T18:15:02.087Z</time></trkpt><trkpt lat="47.434582" lon="-121.56636"><ele>1620.317383</ele><time>2026-05-23T18:15:02.087Z</time></trkpt><trkpt lat="47.434551" lon="-121.566315"><ele>1618.453125</ele><time>2026-05-23T18:15:15.089Z</time></trkpt><trkpt lat="47.434498" lon="-121.566444"><ele>1617.275024</ele><time>2026-05-23T18:15:26.085Z</time></trkpt><trkpt lat="47.434494" lon="-121.566589"><ele>1617.041748</ele><time>2026-05-23T18:15:26.085Z</time></trkpt><trkpt lat="47.434456" lon="-121.566864"><ele>1612.994629</ele><time>2026-05-23T18:15:31.087Z</time></trkpt><trkpt lat="47.434368" lon="-121.567017"><ele>1611.072632</ele><time>2026-05-23T18:15:36.087Z</time></trkpt><trkpt lat="47.434319" lon="-121.567017"><ele>1608.887817</ele><time>2026-05-23T18:15:41.086Z</time></trkpt><trkpt lat="47.43425" lon="-121.567116"><ele>1601.354126</ele><time>2026-05-23T18:15:46.086Z</time></trkpt><trkpt lat="47.434116" lon="-121.567123"><ele>1594.638672</ele><time>2026-05-23T18:15:46.086Z</time></trkpt><trkpt lat="47.434116" lon="-121.567184"><ele>1592.512451</ele><time>2026-05-23T18:15:49.085Z</time></trkpt><trkpt lat="47.434086" lon="-121.567245"><ele>1590.42395</ele><time>2026-05-23T18:15:58.088Z</time></trkpt><trkpt lat="47.434044" lon="-121.567276"><ele>1585.911743</ele><time>2026-05-23T18:16:10.088Z</time></trkpt><trkpt lat="47.433983" lon="-121.567383"><ele>1581.766357</ele><time>2026-05-23T18:16:10.088Z</time></trkpt><trkpt lat="47.433971" lon="-121.567513"><ele>1579.425415</ele><time>2026-05-23T18:16:17.085Z</time></trkpt><trkpt lat="47.433926" lon="-121.567535"><ele>1576.614746</ele><time>2026-05-23T18:16:25.086Z</time></trkpt><trkpt lat="47.433907" lon="-121.567589"><ele>1573.640625</ele><time>2026-05-23T18:16:31.082Z</time></trkpt><trkpt lat="47.433861" lon="-121.567604"><ele>1570.201172</ele><time>2026-05-23T18:16:31.082Z</time></trkpt><trkpt lat="47.433846" lon="-121.567665"><ele>1566.265259</ele><time>2026-05-23T18:16:45.091Z</time></trkpt><trkpt lat="47.433804" lon="-121.567665"><ele>1565.216064</ele><time>2026-05-23T18:17:01.089Z</time></trkpt><trkpt lat="47.433765" lon="-121.567635"><ele>1563.258789</ele><time>2026-05-23T18:17:01.089Z</time></trkpt><trkpt lat="47.433693" lon="-121.567108"><ele>1559.312622</ele><time>2026-05-23T18:17:08.086Z</time></trkpt><trkpt lat="47.433735" lon="-121.566757"><ele>1562.788574</ele><time>2026-05-23T18:17:15.086Z</time></trkpt><trkpt lat="47.433815" lon="-121.566528"><ele>1562.776611</ele><time>2026-05-23T18:17:25.085Z</time></trkpt><trkpt lat="47.433868" lon="-121.566261"><ele>1564.117065</ele><time>2026-05-23T18:17:25.085Z</time></trkpt><trkpt lat="47.433834" lon="-121.565819"><ele>1563.833862</ele><time>2026-05-23T18:17:35.085Z</time></trkpt><trkpt lat="47.433861" lon="-121.565689"><ele>1563.831299</ele><time>2026-05-23T18:17:49.087Z</time></trkpt><trkpt lat="47.433853" lon="-121.565613"><ele>1564.281372</ele><time>2026-05-23T18:17:49.087Z</time></trkpt><trkpt lat="47.433865" lon="-121.565544"><ele>1565.443481</ele><time>2026-05-23T18:18:01.088Z</time></trkpt><trkpt lat="47.433907" lon="-121.565422"><ele>1565.372314</ele><time>2026-05-23T18:18:17.084Z</time></trkpt><trkpt lat="47.433903" lon="-121.565285"><ele>1565.750977</ele><time>2026-05-23T18:18:17.084Z</time></trkpt><trkpt lat="47.433865" lon="-121.565155"><ele>1565.366211</ele><time>2026-05-23T18:18:27.085Z</time></trkpt><trkpt lat="47.433876" lon="-121.565025"><ele>1563.480591</ele><time>2026-05-23T18:18:29.083Z</time></trkpt><trkpt lat="47.433853" lon="-121.564873"><ele>1563.693848</ele><time>2026-05-23T18:18:30.093Z</time></trkpt><trkpt lat="47.433819" lon="-121.564819"><ele>1561.605835</ele><time>2026-05-23T18:18:42.087Z</time></trkpt><trkpt lat="47.433826" lon="-121.564751"><ele>1561.606445</ele><time>2026-05-23T18:18:42.087Z</time></trkpt><trkpt lat="47.433746" lon="-121.564568"><ele>1560.344482</ele><time>2026-05-23T18:19:59.088Z</time></trkpt><trkpt lat="47.433712" lon="-121.564438"><ele>1558.069092</ele><time>2026-05-23T18:19:59.088Z</time></trkpt><trkpt lat="47.433701" lon="-121.564301"><ele>1558.203613</ele><time>2026-05-23T18:20:33.086Z</time></trkpt><trkpt lat="47.433586" lon="-121.563667"><ele>1558.996094</ele><time>2026-05-23T18:20:33.086Z</time></trkpt><trkpt lat="47.433586" lon="-121.563599"><ele>1558.684814</ele><time>2026-05-23T18:20:45.089Z</time></trkpt><trkpt lat="47.433544" lon="-121.563469"><ele>1557.774902</ele><time>2026-05-23T18:20:51.086Z</time></trkpt><trkpt lat="47.433544" lon="-121.563324"><ele>1554.850952</ele><time>2026-05-23T18:21:41.085Z</time></trkpt><trkpt lat="47.433517" lon="-121.563263"><ele>1556.980591</ele><time>2026-05-23T18:21:41.085Z</time></trkpt><trkpt lat="47.433491" lon="-121.563126"><ele>1558.162476</ele><time>2026-05-23T18:21:59.088Z</time></trkpt><trkpt lat="47.433487" lon="-121.562889"><ele>1555.558716</ele><time>2026-05-23T18:22:26.092Z</time></trkpt><trkpt lat="47.433456" lon="-121.562759"><ele>1552.808716</ele><time>2026-05-23T18:22:26.092Z</time></trkpt><trkpt lat="47.433453" lon="-121.562622"><ele>1547.680786</ele><time>2026-05-23T18:23:22.089Z</time></trkpt><trkpt lat="47.433426" lon="-121.562561"><ele>1546.768799</ele><time>2026-05-23T18:23:22.089Z</time></trkpt><trkpt lat="47.43343" lon="-121.562492"><ele>1545.401733</ele><time>2026-05-23T18:24:13.087Z</time></trkpt><trkpt lat="47.43335" lon="-121.562317"><ele>1547.242432</ele><time>2026-05-23T18:24:13.087Z</time></trkpt><trkpt lat="47.433334" lon="-121.56218"><ele>1544.644775</ele><time>2026-05-23T18:24:22.086Z</time></trkpt><trkpt lat="47.4333" lon="-121.562134"><ele>1544.320435</ele><time>2026-05-23T18:24:33.089Z</time></trkpt><trkpt lat="47.4333" lon="-121.561996"><ele>1539.029419</ele><time>2026-05-23T18:24:33.089Z</time></trkpt><trkpt lat="47.433281" lon="-121.561935"><ele>1538.998779</ele><time>2026-05-23T18:24:45.088Z</time></trkpt><trkpt lat="47.43322" lon="-121.561836"><ele>1538.8927</ele><time>2026-05-23T18:25:01.088Z</time></trkpt><trkpt lat="47.433208" lon="-121.561707"><ele>1536.017334</ele><time>2026-05-23T18:25:01.088Z</time></trkpt><trkpt lat="47.433186" lon="-121.561646"><ele>1534.942627</ele><time>2026-05-23T18:25:07.088Z</time></trkpt><trkpt lat="47.433144" lon="-121.561623"><ele>1532.832031</ele><time>2026-05-23T18:25:13.095Z</time></trkpt><trkpt lat="47.433113" lon="-121.561668"><ele>1526.07959</ele><time>2026-05-23T18:25:19.091Z</time></trkpt><trkpt lat="47.433105" lon="-121.561737"><ele>1525.139526</ele><time>2026-05-23T18:25:32.087Z</time></trkpt><trkpt lat="47.43306" lon="-121.561867"><ele>1524.307617</ele><time>2026-05-23T18:25:32.087Z</time></trkpt><trkpt lat="47.433025" lon="-121.562126"><ele>1521.621582</ele><time>2026-05-23T18:25:43.089Z</time></trkpt><trkpt lat="47.432987" lon="-121.562096"><ele>1521.086304</ele><time>2026-05-23T18:25:49.089Z</time></trkpt><trkpt lat="47.432945" lon="-121.561974"><ele>1516.970581</ele><time>2026-05-23T18:25:56.092Z</time></trkpt><trkpt lat="47.432907" lon="-121.561913"><ele>1516.628662</ele><time>2026-05-23T18:25:56.092Z</time></trkpt><trkpt lat="47.432911" lon="-121.561852"><ele>1516.867188</ele><time>2026-05-23T18:26:06.091Z</time></trkpt><trkpt lat="47.432884" lon="-121.561783"><ele>1514.995483</ele><time>2026-05-23T18:26:13.087Z</time></trkpt><trkpt lat="47.432888" lon="-121.561691"><ele>1512.990601</ele><time>2026-05-23T18:26:22.093Z</time></trkpt><trkpt lat="47.432842" lon="-121.561554"><ele>1511.444458</ele><time>2026-05-23T18:26:22.093Z</time></trkpt><trkpt lat="47.43285" lon="-121.561485"><ele>1512.480957</ele><time>2026-05-23T18:26:42.091Z</time></trkpt><trkpt lat="47.432835" lon="-121.561409"><ele>1513.07959</ele><time>2026-05-23T18:26:42.091Z</time></trkpt><trkpt lat="47.432777" lon="-121.561279"><ele>1511.436035</ele><time>2026-05-23T18:26:53.090Z</time></trkpt><trkpt lat="47.432724" lon="-121.561081"><ele>1506.199463</ele><time>2026-05-23T18:26:56.087Z</time></trkpt><trkpt lat="47.43269" lon="-121.561028"><ele>1503.833374</ele><time>2026-05-23T18:27:05.093Z</time></trkpt><trkpt lat="47.432686" lon="-121.560944"><ele>1499.766357</ele><time>2026-05-23T18:27:05.093Z</time></trkpt><trkpt lat="47.432556" lon="-121.560745"><ele>1493.927612</ele><time>2026-05-23T18:27:26.092Z</time></trkpt><trkpt lat="47.43256" lon="-121.560669"><ele>1493.269043</ele><time>2026-05-23T18:27:26.092Z</time></trkpt><trkpt lat="47.432514" lon="-121.560677"><ele>1491.049683</ele><time>2026-05-23T18:27:30.085Z</time></trkpt><trkpt lat="47.432465" lon="-121.560562"><ele>1489.296631</ele><time>2026-05-23T18:27:41.089Z</time></trkpt><trkpt lat="47.432461" lon="-121.560501"><ele>1487.162476</ele><time>2026-05-23T18:28:17.091Z</time></trkpt><trkpt lat="47.432343" lon="-121.560379"><ele>1480.591187</ele><time>2026-05-23T18:28:17.091Z</time></trkpt><trkpt lat="47.432312" lon="-121.560318"><ele>1479.237915</ele><time>2026-05-23T18:28:30.092Z</time></trkpt><trkpt lat="47.432331" lon="-121.560249"><ele>1478.804199</ele><time>2026-05-23T18:28:50.090Z</time></trkpt><trkpt lat="47.432426" lon="-121.560234"><ele>1475.594971</ele><time>2026-05-23T18:28:50.090Z</time></trkpt><trkpt lat="47.432468" lon="-121.560242"><ele>1475.023682</ele><time>2026-05-23T18:28:54.085Z</time></trkpt><trkpt lat="47.432465" lon="-121.560173"><ele>1469.450317</ele><time>2026-05-23T18:29:00.088Z</time></trkpt><trkpt lat="47.432564" lon="-121.560143"><ele>1467.965332</ele><time>2026-05-23T18:29:14.091Z</time></trkpt><trkpt lat="47.432659" lon="-121.560196"><ele>1468.789429</ele><time>2026-05-23T18:29:14.091Z</time></trkpt><trkpt lat="47.432713" lon="-121.560188"><ele>1467.360718</ele><time>2026-05-23T18:29:35.100Z</time></trkpt><trkpt lat="47.432755" lon="-121.560226"><ele>1466.919434</ele><time>2026-05-23T18:29:35.100Z</time></trkpt><trkpt lat="47.4328" lon="-121.560242"><ele>1466.400513</ele><time>2026-05-23T18:29:53.088Z</time></trkpt><trkpt lat="47.432846" lon="-121.560242"><ele>1464.544189</ele><time>2026-05-23T18:30:17.087Z</time></trkpt><trkpt lat="47.432888" lon="-121.560211"><ele>1463.899292</ele><time>2026-05-23T18:30:17.087Z</time></trkpt><trkpt lat="47.432793" lon="-121.56015"><ele>1461.959961</ele><time>2026-05-23T18:32:30.089Z</time></trkpt><trkpt lat="47.432899" lon="-121.559998"><ele>1457.030396</ele><time>2026-05-23T18:32:30.089Z</time></trkpt><trkpt lat="47.432751" lon="-121.559952"><ele>1454.401123</ele><time>2026-05-23T18:33:10.089Z</time></trkpt><trkpt lat="47.432682" lon="-121.559868"><ele>1453.258911</ele><time>2026-05-23T18:33:10.089Z</time></trkpt><trkpt lat="47.432671" lon="-121.559799"><ele>1450.913818</ele><time>2026-05-23T18:33:36.096Z</time></trkpt><trkpt lat="47.432632" lon="-121.559769"><ele>1450.133423</ele><time>2026-05-23T18:33:36.096Z</time></trkpt><trkpt lat="47.432606" lon="-121.559715"><ele>1446.562256</ele><time>2026-05-23T18:33:44.085Z</time></trkpt><trkpt lat="47.432602" lon="-121.559647"><ele>1443.575439</ele><time>2026-05-23T18:33:53.089Z</time></trkpt><trkpt lat="47.432697" lon="-121.559624"><ele>1442.234009</ele><time>2026-05-23T18:34:04.088Z</time></trkpt><trkpt lat="47.432743" lon="-121.559586"><ele>1440.44812</ele><time>2026-05-23T18:34:04.088Z</time></trkpt><trkpt lat="47.432693" lon="-121.55957"><ele>1434.316528</ele><time>2026-05-23T18:34:10.092Z</time></trkpt><trkpt lat="47.432652" lon="-121.559532"><ele>1437.804199</ele><time>2026-05-23T18:34:19.087Z</time></trkpt><trkpt lat="47.432629" lon="-121.559479"><ele>1439.015991</ele><time>2026-05-23T18:34:29.087Z</time></trkpt><trkpt lat="47.432613" lon="-121.55941"><ele>1436.863403</ele><time>2026-05-23T18:34:29.087Z</time></trkpt><trkpt lat="47.432636" lon="-121.55928"><ele>1431.058594</ele><time>2026-05-23T18:35:12.082Z</time></trkpt><trkpt lat="47.432606" lon="-121.559227"><ele>1428.149048</ele><time>2026-05-23T18:35:12.082Z</time></trkpt><trkpt lat="47.432701" lon="-121.559067"><ele>1425.498779</ele><time>2026-05-23T18:36:01.093Z</time></trkpt><trkpt lat="47.432785" lon="-121.559113"><ele>1425.548584</ele><time>2026-05-23T18:36:01.093Z</time></trkpt><trkpt lat="47.432831" lon="-121.559082"><ele>1425.210205</ele><time>2026-05-23T18:36:12.093Z</time></trkpt><trkpt lat="47.432819" lon="-121.559021"><ele>1421.567383</ele><time>2026-05-23T18:36:19.092Z</time></trkpt><trkpt lat="47.432743" lon="-121.558945"><ele>1420.133911</ele><time>2026-05-23T18:36:35.084Z</time></trkpt><trkpt lat="47.432724" lon="-121.558884"><ele>1418.505493</ele><time>2026-05-23T18:36:35.084Z</time></trkpt><trkpt lat="47.432686" lon="-121.558846"><ele>1417.563354</ele><time>2026-05-23T18:36:44.091Z</time></trkpt><trkpt lat="47.432671" lon="-121.558777"><ele>1415.025269</ele><time>2026-05-23T18:37:00.086Z</time></trkpt><trkpt lat="47.432629" lon="-121.558762"><ele>1416.172241</ele><time>2026-05-23T18:37:00.086Z</time></trkpt><trkpt lat="47.43259" lon="-121.558723"><ele>1414.5802</ele><time>2026-05-23T18:37:13.088Z</time></trkpt><trkpt lat="47.432587" lon="-121.558655"><ele>1412.394165</ele><time>2026-05-23T18:37:35.088Z</time></trkpt><trkpt lat="47.432541" lon="-121.558647"><ele>1411.565063</ele><time>2026-05-23T18:37:35.088Z</time></trkpt><trkpt lat="47.432514" lon="-121.558594"><ele>1411.591064</ele><time>2026-05-23T18:37:55.091Z</time></trkpt><trkpt lat="47.432415" lon="-121.55854"><ele>1410.735352</ele><time>2026-05-23T18:37:55.091Z</time></trkpt><trkpt lat="47.432373" lon="-121.558418"><ele>1407.557983</ele><time>2026-05-23T18:38:16.093Z</time></trkpt><trkpt lat="47.432373" lon="-121.558289"><ele>1401.132446</ele><time>2026-05-23T18:38:16.093Z</time></trkpt><trkpt lat="47.432331" lon="-121.558258"><ele>1399.908813</ele><time>2026-05-23T18:38:32.091Z</time></trkpt><trkpt lat="47.432304" lon="-121.558136"><ele>1397.476807</ele><time>2026-05-23T18:39:02.090Z</time></trkpt><trkpt lat="47.432213" lon="-121.55806"><ele>1397.995361</ele><time>2026-05-23T18:39:02.090Z</time></trkpt><trkpt lat="47.432117" lon="-121.558006"><ele>1396.631836</ele><time>2026-05-23T18:39:25.093Z</time></trkpt><trkpt lat="47.432087" lon="-121.557953"><ele>1396.315674</ele><time>2026-05-23T18:39:25.093Z</time></trkpt><trkpt lat="47.432083" lon="-121.557884"><ele>1395.789551</ele><time>2026-05-23T18:45:58.089Z</time></trkpt><trkpt lat="47.432053" lon="-121.557823"><ele>1390.804321</ele><time>2026-05-23T18:45:58.089Z</time></trkpt><trkpt lat="47.431942" lon="-121.557678"><ele>1388.399048</ele><time>2026-05-23T18:46:15.086Z</time></trkpt><trkpt lat="47.431858" lon="-121.557632"><ele>1386.121826</ele><time>2026-05-23T18:46:29.087Z</time></trkpt><trkpt lat="47.431793" lon="-121.557533"><ele>1385.877197</ele><time>2026-05-23T18:46:29.087Z</time></trkpt><trkpt lat="47.431671" lon="-121.557243"><ele>1376.229614</ele><time>2026-05-23T18:46:54.091Z</time></trkpt><trkpt lat="47.431587" lon="-121.557198"><ele>1374.797974</ele><time>2026-05-23T18:46:54.091Z</time></trkpt><trkpt lat="47.431496" lon="-121.557045"><ele>1372.169189</ele><time>2026-05-23T18:47:03.088Z</time></trkpt><trkpt lat="47.431454" lon="-121.557037"><ele>1372.554443</ele><time>2026-05-23T18:47:23.088Z</time></trkpt><trkpt lat="47.431313" lon="-121.556931"><ele>1372.42395</ele><time>2026-05-23T18:47:23.088Z</time></trkpt><trkpt lat="47.431305" lon="-121.556862"><ele>1370.711792</ele><time>2026-05-23T18:47:40.089Z</time></trkpt><trkpt lat="47.431252" lon="-121.556816"><ele>1370.501465</ele><time>2026-05-23T18:47:55.087Z</time></trkpt><trkpt lat="47.431099" lon="-121.556541"><ele>1362.874634</ele><time>2026-05-23T18:47:55.087Z</time></trkpt><trkpt lat="47.431076" lon="-121.556488"><ele>1362.19873</ele><time>2026-05-23T18:48:11.085Z</time></trkpt><trkpt lat="47.431061" lon="-121.556343"><ele>1358.836182</ele><time>2026-05-23T18:48:25.093Z</time></trkpt><trkpt lat="47.430939" lon="-121.556107"><ele>1355.832764</ele><time>2026-05-23T18:48:25.093Z</time></trkpt><trkpt lat="47.430859" lon="-121.556015"><ele>1356.809082</ele><time>2026-05-23T18:48:41.088Z</time></trkpt><trkpt lat="47.430767" lon="-121.555962"><ele>1359.442261</ele><time>2026-05-23T18:49:08.092Z</time></trkpt><trkpt lat="47.430721" lon="-121.555916"><ele>1359.322754</ele><time>2026-05-23T18:49:08.092Z</time></trkpt><trkpt lat="47.430649" lon="-121.555801"><ele>1359.79895</ele><time>2026-05-23T18:49:22.088Z</time></trkpt><trkpt lat="47.430634" lon="-121.555733"><ele>1359.173218</ele><time>2026-05-23T18:49:48.088Z</time></trkpt><trkpt lat="47.430542" lon="-121.555664"><ele>1356.865845</ele><time>2026-05-23T18:49:48.088Z</time></trkpt><trkpt lat="47.430492" lon="-121.555542"><ele>1355.427124</ele><time>2026-05-23T18:50:02.086Z</time></trkpt><trkpt lat="47.430363" lon="-121.555328"><ele>1354.017334</ele><time>2026-05-23T18:50:26.086Z</time></trkpt><trkpt lat="47.430321" lon="-121.555305"><ele>1354.748047</ele><time>2026-05-23T18:50:26.086Z</time></trkpt><trkpt lat="47.430233" lon="-121.555161"><ele>1349.498413</ele><time>2026-05-23T18:50:41.088Z</time></trkpt><trkpt lat="47.430187" lon="-121.555145"><ele>1349.979004</ele><time>2026-05-23T18:50:56.087Z</time></trkpt><trkpt lat="47.430145" lon="-121.555099"><ele>1348.301514</ele><time>2026-05-23T18:50:56.087Z</time></trkpt><trkpt lat="47.43013" lon="-121.555031"><ele>1346.526733</ele><time>2026-05-23T18:51:17.087Z</time></trkpt><trkpt lat="47.430073" lon="-121.554924"><ele>1346.19043</ele><time>2026-05-23T18:51:17.087Z</time></trkpt><trkpt lat="47.429947" lon="-121.554802"><ele>1348.702881</ele><time>2026-05-23T18:51:52.087Z</time></trkpt><trkpt lat="47.429905" lon="-121.554817"><ele>1348.391602</ele><time>2026-05-23T18:51:52.087Z</time></trkpt><trkpt lat="47.429863" lon="-121.554802"><ele>1348.795776</ele><time>2026-05-23T18:52:28.090Z</time></trkpt><trkpt lat="47.429779" lon="-121.554733"><ele>1348.564209</ele><time>2026-05-23T18:52:28.090Z</time></trkpt><trkpt lat="47.429596" lon="-121.554672"><ele>1349.910034</ele><time>2026-05-23T18:52:52.087Z</time></trkpt><trkpt lat="47.429543" lon="-121.55455"><ele>1347.429077</ele><time>2026-05-23T18:52:52.087Z</time></trkpt><trkpt lat="47.429501" lon="-121.554527"><ele>1346.994873</ele><time>2026-05-23T18:53:14.089Z</time></trkpt><trkpt lat="47.429459" lon="-121.55452"><ele>1344.637329</ele><time>2026-05-23T18:53:14.089Z</time></trkpt><trkpt lat="47.429272" lon="-121.554596"><ele>1342.614258</ele><time>2026-05-23T18:55:08.090Z</time></trkpt><trkpt lat="47.429222" lon="-121.554588"><ele>1343.188354</ele><time>2026-05-23T18:55:08.090Z</time></trkpt><trkpt lat="47.429176" lon="-121.554543"><ele>1344.796997</ele><time>2026-05-23T18:55:39.084Z</time></trkpt><trkpt lat="47.429157" lon="-121.554474"><ele>1343.686401</ele><time>2026-05-23T18:55:39.084Z</time></trkpt><trkpt lat="47.429123" lon="-121.554428"><ele>1344.269531</ele><time>2026-05-23T18:55:54.084Z</time></trkpt><trkpt lat="47.429081" lon="-121.554398"><ele>1344.272827</ele><time>2026-05-23T18:56:08.090Z</time></trkpt><trkpt lat="47.428993" lon="-121.554359"><ele>1345.403931</ele><time>2026-05-23T18:56:08.090Z</time></trkpt><trkpt lat="47.428905" lon="-121.554382"><ele>1341.963379</ele><time>2026-05-23T18:56:31.085Z</time></trkpt><trkpt lat="47.428856" lon="-121.554367"><ele>1339.654785</ele><time>2026-05-23T18:56:31.085Z</time></trkpt><trkpt lat="47.428692" lon="-121.554184"><ele>1340.981445</ele><time>2026-05-23T18:56:58.088Z</time></trkpt><trkpt lat="47.428627" lon="-121.554054"><ele>1340.180664</ele><time>2026-05-23T18:56:58.088Z</time></trkpt><trkpt lat="47.428585" lon="-121.554031"><ele>1340.186035</ele><time>2026-05-23T18:57:31.089Z</time></trkpt><trkpt lat="47.428452" lon="-121.553871"><ele>1338.398804</ele><time>2026-05-23T18:57:31.089Z</time></trkpt><trkpt lat="47.428383" lon="-121.553757"><ele>1330.933594</ele><time>2026-05-23T18:58:10.084Z</time></trkpt><trkpt lat="47.428337" lon="-121.553741"><ele>1331.35144</ele><time>2026-05-23T18:58:10.084Z</time></trkpt><trkpt lat="47.428185" lon="-121.553734"><ele>1325.108398</ele><time>2026-05-23T18:58:30.080Z</time></trkpt><trkpt lat="47.428135" lon="-121.553764"><ele>1321.518921</ele><time>2026-05-23T18:58:30.080Z</time></trkpt><trkpt lat="47.428104" lon="-121.553719"><ele>1320.584473</ele><time>2026-05-23T18:58:52.087Z</time></trkpt><trkpt lat="47.42807" lon="-121.553589"><ele>1320.521118</ele><time>2026-05-23T18:58:52.087Z</time></trkpt><trkpt lat="47.427998" lon="-121.553452"><ele>1318.543579</ele><time>2026-05-23T18:59:27.085Z</time></trkpt><trkpt lat="47.427944" lon="-121.553421"><ele>1319.526733</ele><time>2026-05-23T18:59:27.085Z</time></trkpt><trkpt lat="47.42791" lon="-121.553375"><ele>1317.498535</ele><time>2026-05-23T18:59:47.086Z</time></trkpt><trkpt lat="47.427864" lon="-121.55336"><ele>1316.883301</ele><time>2026-05-23T18:59:47.086Z</time></trkpt><trkpt lat="47.427853" lon="-121.553291"><ele>1316.309082</ele><time>2026-05-23T19:00:01.086Z</time></trkpt><trkpt lat="47.42778" lon="-121.553207"><ele>1316.751343</ele><time>2026-05-23T19:00:48.084Z</time></trkpt><trkpt lat="47.427799" lon="-121.553078"><ele>1311.723633</ele><time>2026-05-23T19:00:48.084Z</time></trkpt><trkpt lat="47.427738" lon="-121.552963"><ele>1314.568848</ele><time>2026-05-23T19:01:11.087Z</time></trkpt><trkpt lat="47.427708" lon="-121.552917"><ele>1313.776611</ele><time>2026-05-23T19:01:11.087Z</time></trkpt><trkpt lat="47.42762" lon="-121.552856"><ele>1313.653931</ele><time>2026-05-23T19:01:45.080Z</time></trkpt><trkpt lat="47.427513" lon="-121.552689"><ele>1314.164063</ele><time>2026-05-23T19:01:45.080Z</time></trkpt><trkpt lat="47.42746" lon="-121.552666"><ele>1314.367798</ele><time>2026-05-23T19:02:03.086Z</time></trkpt><trkpt lat="47.427414" lon="-121.55262"><ele>1313.432861</ele><time>2026-05-23T19:02:24.084Z</time></trkpt><trkpt lat="47.427345" lon="-121.552277"><ele>1310.376587</ele><time>2026-05-23T19:02:24.084Z</time></trkpt><trkpt lat="47.427338" lon="-121.551994"><ele>1306.953003</ele><time>2026-05-23T19:02:40.086Z</time></trkpt><trkpt lat="47.427406" lon="-121.551895"><ele>1305.913452</ele><time>2026-05-23T19:03:17.084Z</time></trkpt><trkpt lat="47.427391" lon="-121.551834"><ele>1304.868164</ele><time>2026-05-23T19:03:17.084Z</time></trkpt><trkpt lat="47.427357" lon="-121.551804"><ele>1304.165283</ele><time>2026-05-23T19:03:46.085Z</time></trkpt><trkpt lat="47.427326" lon="-121.551666"><ele>1301.848511</ele><time>2026-05-23T19:03:46.085Z</time></trkpt><trkpt lat="47.427338" lon="-121.55159"><ele>1300.093872</ele><time>2026-05-23T19:04:10.092Z</time></trkpt><trkpt lat="47.427254" lon="-121.551369"><ele>1301.571533</ele><time>2026-05-23T19:04:10.092Z</time></trkpt><trkpt lat="47.427223" lon="-121.551323"><ele>1302.293579</ele><time>2026-05-23T19:04:53.082Z</time></trkpt><trkpt lat="47.427177" lon="-121.551323"><ele>1302.283325</ele><time>2026-05-23T19:04:53.082Z</time></trkpt><trkpt lat="47.42709" lon="-121.551247"><ele>1300.642822</ele><time>2026-05-23T19:05:35.088Z</time></trkpt><trkpt lat="47.42704" lon="-121.551239"><ele>1300.02063</ele><time>2026-05-23T19:05:35.088Z</time></trkpt><trkpt lat="47.426941" lon="-121.551186"><ele>1299.444824</ele><time>2026-05-23T19:06:29.086Z</time></trkpt><trkpt lat="47.426899" lon="-121.55114"><ele>1298.812012</ele><time>2026-05-23T19:06:29.086Z</time></trkpt><trkpt lat="47.426823" lon="-121.550957"><ele>1297.553101</ele><time>2026-05-23T19:07:04.087Z</time></trkpt><trkpt lat="47.426723" lon="-121.550987"><ele>1293.319946</ele><time>2026-05-23T19:07:04.087Z</time></trkpt><trkpt lat="47.42667" lon="-121.550987"><ele>1293.402588</ele><time>2026-05-23T19:07:18.085Z</time></trkpt><trkpt lat="47.426624" lon="-121.550972"><ele>1295.984741</ele><time>2026-05-23T19:08:13.088Z</time></trkpt><trkpt lat="47.426609" lon="-121.550911"><ele>1296.557495</ele><time>2026-05-23T19:08:13.088Z</time></trkpt><trkpt lat="47.426567" lon="-121.550949"><ele>1292.234131</ele><time>2026-05-23T19:09:27.086Z</time></trkpt><trkpt lat="47.426472" lon="-121.550919"><ele>1296.417358</ele><time>2026-05-23T19:09:27.086Z</time></trkpt><trkpt lat="47.426426" lon="-121.550941"><ele>1296.862915</ele><time>2026-05-23T19:09:47.091Z</time></trkpt><trkpt lat="47.426399" lon="-121.551003"><ele>1295.631714</ele><time>2026-05-23T19:09:47.091Z</time></trkpt><trkpt lat="47.426357" lon="-121.551048"><ele>1296.057983</ele><time>2026-05-23T19:10:09.087Z</time></trkpt><trkpt lat="47.42625" lon="-121.551086"><ele>1297.414917</ele><time>2026-05-23T19:10:09.087Z</time></trkpt><trkpt lat="47.426216" lon="-121.551048"><ele>1298.279297</ele><time>2026-05-23T19:10:25.089Z</time></trkpt><trkpt lat="47.426174" lon="-121.551041"><ele>1298.249268</ele><time>2026-05-23T19:10:53.085Z</time></trkpt><trkpt lat="47.426071" lon="-121.551071"><ele>1298.720459</ele><time>2026-05-23T19:10:53.085Z</time></trkpt><trkpt lat="47.425983" lon="-121.551132"><ele>1300.00708</ele><time>2026-05-23T19:11:47.085Z</time></trkpt><trkpt lat="47.425888" lon="-121.551094"><ele>1296.342529</ele><time>2026-05-23T19:11:47.085Z</time></trkpt><trkpt lat="47.425835" lon="-121.551117"><ele>1296.141357</ele><time>2026-05-23T19:12:01.085Z</time></trkpt><trkpt lat="47.425838" lon="-121.551186"><ele>1295.255859</ele><time>2026-05-23T19:12:36.087Z</time></trkpt><trkpt lat="47.425808" lon="-121.551331"><ele>1294.815796</ele><time>2026-05-23T19:12:36.087Z</time></trkpt><trkpt lat="47.425709" lon="-121.551567"><ele>1291.758911</ele><time>2026-05-23T19:12:51.088Z</time></trkpt><trkpt lat="47.425724" lon="-121.551643"><ele>1290.656616</ele><time>2026-05-23T19:13:15.087Z</time></trkpt><trkpt lat="47.425709" lon="-121.551773"><ele>1288.938599</ele><time>2026-05-23T19:13:15.087Z</time></trkpt><trkpt lat="47.425667" lon="-121.551796"><ele>1286.626709</ele><time>2026-05-23T19:13:34.089Z</time></trkpt><trkpt lat="47.425591" lon="-121.551987"><ele>1284.664917</ele><time>2026-05-23T19:13:34.089Z</time></trkpt><trkpt lat="47.425556" lon="-121.552032"><ele>1284.9375</ele><time>2026-05-23T19:14:23.080Z</time></trkpt><trkpt lat="47.425549" lon="-121.552101"><ele>1285.348145</ele><time>2026-05-23T19:14:23.080Z</time></trkpt><trkpt lat="47.425461" lon="-121.552162"><ele>1283.379395</ele><time>2026-05-23T19:14:55.079Z</time></trkpt><trkpt lat="47.425449" lon="-121.552292"><ele>1282.272095</ele><time>2026-05-23T19:14:55.079Z</time></trkpt><trkpt lat="47.425465" lon="-121.552498"><ele>1281.898682</ele><time>2026-05-23T19:15:35.083Z</time></trkpt><trkpt lat="47.425438" lon="-121.55262"><ele>1280.895752</ele><time>2026-05-23T19:15:35.083Z</time></trkpt><trkpt lat="47.42532" lon="-121.552742"><ele>1281.797119</ele><time>2026-05-23T19:15:48.091Z</time></trkpt><trkpt lat="47.425278" lon="-121.552872"><ele>1283.115112</ele><time>2026-05-23T19:16:00.089Z</time></trkpt><trkpt lat="47.425232" lon="-121.552895"><ele>1284.000122</ele><time>2026-05-23T19:16:00.089Z</time></trkpt><trkpt lat="47.425209" lon="-121.552971"><ele>1283.261597</ele><time>2026-05-23T19:19:26.090Z</time></trkpt><trkpt lat="47.425232" lon="-121.553024"><ele>1282.602661</ele><time>2026-05-23T19:19:26.090Z</time></trkpt><trkpt lat="47.425198" lon="-121.55307"><ele>1281.94104</ele><time>2026-05-23T19:20:25.087Z</time></trkpt><trkpt lat="47.42519" lon="-121.553139"><ele>1281.406128</ele><time>2026-05-23T19:20:25.087Z</time></trkpt><trkpt lat="47.425156" lon="-121.553207"><ele>1281.372681</ele><time>2026-05-23T19:20:36.093Z</time></trkpt><trkpt lat="47.425156" lon="-121.553268"><ele>1281.233398</ele><time>2026-05-23T19:20:49.085Z</time></trkpt><trkpt lat="47.425179" lon="-121.553337"><ele>1282.454224</ele><time>2026-05-23T19:20:49.085Z</time></trkpt><trkpt lat="47.425179" lon="-121.553474"><ele>1284.427979</ele><time>2026-05-23T19:21:02.085Z</time></trkpt><trkpt lat="47.425114" lon="-121.553665"><ele>1279.964722</ele><time>2026-05-23T19:21:22.087Z</time></trkpt><trkpt lat="47.425114" lon="-121.553802"><ele>1279.720581</ele><time>2026-05-23T19:21:22.087Z</time></trkpt><trkpt lat="47.425053" lon="-121.553909"><ele>1276.763672</ele><time>2026-05-23T19:21:44.090Z</time></trkpt><trkpt lat="47.425045" lon="-121.554039"><ele>1277.15979</ele><time>2026-05-23T19:21:44.090Z</time></trkpt><trkpt lat="47.425018" lon="-121.554092"><ele>1277.099976</ele><time>2026-05-23T19:21:59.085Z</time></trkpt><trkpt lat="47.425034" lon="-121.554649"><ele>1276.370239</ele><time>2026-05-23T19:22:26.090Z</time></trkpt><trkpt lat="47.424992" lon="-121.554779"><ele>1276.960083</ele><time>2026-05-23T19:22:26.090Z</time></trkpt><trkpt lat="47.424995" lon="-121.554848"><ele>1273.959839</ele><time>2026-05-23T19:22:48.085Z</time></trkpt><trkpt lat="47.424938" lon="-121.554955"><ele>1270.556519</ele><time>2026-05-23T19:22:48.085Z</time></trkpt><trkpt lat="47.424892" lon="-121.554955"><ele>1271.694214</ele><time>2026-05-23T19:23:13.082Z</time></trkpt><trkpt lat="47.42482" lon="-121.555061"><ele>1269.373779</ele><time>2026-05-23T19:23:13.082Z</time></trkpt><trkpt lat="47.424755" lon="-121.555191"><ele>1269.585938</ele><time>2026-05-23T19:23:37.084Z</time></trkpt><trkpt lat="47.424709" lon="-121.555351"><ele>1269.978027</ele><time>2026-05-23T19:23:37.084Z</time></trkpt><trkpt lat="47.424675" lon="-121.555389"><ele>1268.491333</ele><time>2026-05-23T19:23:55.087Z</time></trkpt><trkpt lat="47.424652" lon="-121.55545"><ele>1269.678101</ele><time>2026-05-23T19:24:12.087Z</time></trkpt><trkpt lat="47.42461" lon="-121.555489"><ele>1269.080078</ele><time>2026-05-23T19:24:12.087Z</time></trkpt><trkpt lat="47.424541" lon="-121.555679"><ele>1270.834595</ele><time>2026-05-23T19:24:31.086Z</time></trkpt><trkpt lat="47.424374" lon="-121.555855"><ele>1266.922363</ele><time>2026-05-23T19:24:31.086Z</time></trkpt><trkpt lat="47.424328" lon="-121.555977"><ele>1265.996338</ele><time>2026-05-23T19:24:48.082Z</time></trkpt><trkpt lat="47.424259" lon="-121.556061"><ele>1269.875</ele><time>2026-05-23T19:25:04.083Z</time></trkpt><trkpt lat="47.424107" lon="-121.556206"><ele>1270.381348</ele><time>2026-05-23T19:25:04.083Z</time></trkpt><trkpt lat="47.424061" lon="-121.556221"><ele>1268.880493</ele><time>2026-05-23T19:25:26.084Z</time></trkpt><trkpt lat="47.423882" lon="-121.556252"><ele>1269.539917</ele><time>2026-05-23T19:25:26.084Z</time></trkpt><trkpt lat="47.423786" lon="-121.556229"><ele>1269.960083</ele><time>2026-05-23T19:25:52.087Z</time></trkpt><trkpt lat="47.423649" lon="-121.556267"><ele>1271.796753</ele><time>2026-05-23T19:25:52.087Z</time></trkpt><trkpt lat="47.423607" lon="-121.556252"><ele>1269.773804</ele><time>2026-05-23T19:26:09.085Z</time></trkpt><trkpt lat="47.423576" lon="-121.556305"><ele>1270.484375</ele><time>2026-05-23T19:26:23.086Z</time></trkpt><trkpt lat="47.423534" lon="-121.556297"><ele>1271.134766</ele><time>2026-05-23T19:26:23.086Z</time></trkpt><trkpt lat="47.423435" lon="-121.556313"><ele>1274.501465</ele><time>2026-05-23T19:26:40.089Z</time></trkpt><trkpt lat="47.42334" lon="-121.556282"><ele>1274.437012</ele><time>2026-05-23T19:26:53.089Z</time></trkpt><trkpt lat="47.423244" lon="-121.556282"><ele>1274.759766</ele><time>2026-05-23T19:26:53.089Z</time></trkpt><trkpt lat="47.423149" lon="-121.556297"><ele>1277.325684</ele><time>2026-05-23T19:27:35.082Z</time></trkpt><trkpt lat="47.423061" lon="-121.556335"><ele>1275.744141</ele><time>2026-05-23T19:27:35.082Z</time></trkpt><trkpt lat="47.423027" lon="-121.556381"><ele>1278.21875</ele><time>2026-05-23T19:28:49.085Z</time></trkpt><trkpt lat="47.422836" lon="-121.556381"><ele>1280.801758</ele><time>2026-05-23T19:28:49.085Z</time></trkpt><trkpt lat="47.422668" lon="-121.556656"><ele>1279.074341</ele><time>2026-05-23T19:28:59.090Z</time></trkpt><trkpt lat="47.422642" lon="-121.556786"><ele>1283.604126</ele><time>2026-05-23T19:29:15.088Z</time></trkpt><trkpt lat="47.422569" lon="-121.556862"><ele>1283.435303</ele><time>2026-05-23T19:29:15.088Z</time></trkpt><trkpt lat="47.422546" lon="-121.556732"><ele>1284.457275</ele><time>2026-05-23T19:29:29.088Z</time></trkpt><trkpt lat="47.42255" lon="-121.556664"><ele>1285.306763</ele><time>2026-05-23T19:29:42.085Z</time></trkpt><trkpt lat="47.422489" lon="-121.556564"><ele>1287.641235</ele><time>2026-05-23T19:29:42.085Z</time></trkpt><trkpt lat="47.422504" lon="-121.556419"><ele>1287.403931</ele><time>2026-05-23T19:30:00.088Z</time></trkpt><trkpt lat="47.422489" lon="-121.556274"><ele>1288.835327</ele><time>2026-05-23T19:30:16.088Z</time></trkpt><trkpt lat="47.422501" lon="-121.556213"><ele>1290.345337</ele><time>2026-05-23T19:30:16.088Z</time></trkpt><trkpt lat="47.422443" lon="-121.556038"><ele>1294.677979</ele><time>2026-05-23T19:30:35.085Z</time></trkpt><trkpt lat="47.422413" lon="-121.555992"><ele>1294.867065</ele><time>2026-05-23T19:30:35.085Z</time></trkpt><trkpt lat="47.422367" lon="-121.555984"><ele>1295.358887</ele><time>2026-05-23T19:30:59.304Z</time></trkpt><trkpt lat="47.42234" lon="-121.556122"><ele>1292.153687</ele><time>2026-05-23T19:30:59.304Z</time></trkpt><trkpt lat="47.422371" lon="-121.556259"><ele>1292.628296</ele><time>2026-05-23T19:31:14.085Z</time></trkpt><trkpt lat="47.422363" lon="-121.556404"><ele>1295.683594</ele><time>2026-05-23T19:31:30.086Z</time></trkpt><trkpt lat="47.422379" lon="-121.556473"><ele>1293.881836</ele><time>2026-05-23T19:31:30.086Z</time></trkpt><trkpt lat="47.422321" lon="-121.556717"><ele>1295.264282</ele><time>2026-05-23T19:31:54.086Z</time></trkpt><trkpt lat="47.422287" lon="-121.556763"><ele>1295.654541</ele><time>2026-05-23T19:31:54.086Z</time></trkpt><trkpt lat="47.422272" lon="-121.556824"><ele>1295.531616</ele><time>2026-05-23T19:32:29.088Z</time></trkpt><trkpt lat="47.422283" lon="-121.5569"><ele>1297.247192</ele><time>2026-05-23T19:32:29.088Z</time></trkpt><trkpt lat="47.422218" lon="-121.557076"><ele>1298.115967</ele><time>2026-05-23T19:32:46.089Z</time></trkpt><trkpt lat="47.42218" lon="-121.557106"><ele>1298.247925</ele><time>2026-05-23T19:33:08.090Z</time></trkpt><trkpt lat="47.42218" lon="-121.557472"><ele>1299.167358</ele><time>2026-05-23T19:33:08.090Z</time></trkpt><trkpt lat="47.422165" lon="-121.557602"><ele>1298.155151</ele><time>2026-05-23T19:33:32.090Z</time></trkpt><trkpt lat="47.422188" lon="-121.557663"><ele>1300.005981</ele><time>2026-05-23T19:33:32.090Z</time></trkpt><trkpt lat="47.422192" lon="-121.557793"><ele>1298.692261</ele><time>2026-05-23T19:33:55.092Z</time></trkpt><trkpt lat="47.422161" lon="-121.557915"><ele>1299.106445</ele><time>2026-05-23T19:33:55.092Z</time></trkpt><trkpt lat="47.422173" lon="-121.557991"><ele>1302.032715</ele><time>2026-05-23T19:34:09.087Z</time></trkpt><trkpt lat="47.422153" lon="-121.558052"><ele>1305.288452</ele><time>2026-05-23T19:34:33.086Z</time></trkpt><trkpt lat="47.422153" lon="-121.558121"><ele>1305.739136</ele><time>2026-05-23T19:34:33.086Z</time></trkpt><trkpt lat="47.422112" lon="-121.558098"><ele>1304.932495</ele><time>2026-05-23T19:34:57.089Z</time></trkpt><trkpt lat="47.421947" lon="-121.557777"><ele>1307.568481</ele><time>2026-05-23T19:34:57.089Z</time></trkpt><trkpt lat="47.421906" lon="-121.557739"><ele>1305.844727</ele><time>2026-05-23T19:35:18.087Z</time></trkpt><trkpt lat="47.421886" lon="-121.557663"><ele>1304.174072</ele><time>2026-05-23T19:35:18.087Z</time></trkpt><trkpt lat="47.421841" lon="-121.557663"><ele>1306.428589</ele><time>2026-05-23T19:35:49.088Z</time></trkpt><trkpt lat="47.421722" lon="-121.557556"><ele>1307.259521</ele><time>2026-05-23T19:35:49.088Z</time></trkpt><trkpt lat="47.421673" lon="-121.557533"><ele>1307.430298</ele><time>2026-05-23T19:36:30.093Z</time></trkpt><trkpt lat="47.421627" lon="-121.557533"><ele>1307.898071</ele><time>2026-05-23T19:36:30.093Z</time></trkpt><trkpt lat="47.421509" lon="-121.557426"><ele>1303.6521</ele><time>2026-05-23T19:36:50.088Z</time></trkpt><trkpt lat="47.421425" lon="-121.557365"><ele>1301.482788</ele><time>2026-05-23T19:37:13.092Z</time></trkpt><trkpt lat="47.421379" lon="-121.55735"><ele>1301.10498</ele><time>2026-05-23T19:37:13.092Z</time></trkpt><trkpt lat="47.421337" lon="-121.557304"><ele>1300.852661</ele><time>2026-05-23T19:37:40.087Z</time></trkpt><trkpt lat="47.421238" lon="-121.557266"><ele>1299.388184</ele><time>2026-05-23T19:37:40.087Z</time></trkpt><trkpt lat="47.421165" lon="-121.55719"><ele>1297.116821</ele><time>2026-05-23T19:38:06.093Z</time></trkpt><trkpt lat="47.421078" lon="-121.557159"><ele>1296.169434</ele><time>2026-05-23T19:38:06.093Z</time></trkpt><trkpt lat="47.421036" lon="-121.557121"><ele>1294.934326</ele><time>2026-05-23T19:38:30.085Z</time></trkpt><trkpt lat="47.420853" lon="-121.557022"><ele>1292.416382</ele><time>2026-05-23T19:38:30.085Z</time></trkpt><trkpt lat="47.420815" lon="-121.556984"><ele>1291.425903</ele><time>2026-05-23T19:38:46.091Z</time></trkpt><trkpt lat="47.420685" lon="-121.556938"><ele>1289.990356</ele><time>2026-05-23T19:39:03.090Z</time></trkpt><trkpt lat="47.420586" lon="-121.556931"><ele>1289.661499</ele><time>2026-05-23T19:39:03.090Z</time></trkpt><trkpt lat="47.420494" lon="-121.556885"><ele>1287.946533</ele><time>2026-05-23T19:39:32.091Z</time></trkpt><trkpt lat="47.420391" lon="-121.556908"><ele>1286.942261</ele><time>2026-05-23T19:39:32.091Z</time></trkpt><trkpt lat="47.420338" lon="-121.556946"><ele>1287.259888</ele><time>2026-05-23T19:39:53.084Z</time></trkpt><trkpt lat="47.420292" lon="-121.556946"><ele>1286.42688</ele><time>2026-05-23T19:39:53.084Z</time></trkpt><trkpt lat="47.420242" lon="-121.556923"><ele>1286.721924</ele><time>2026-05-23T19:40:15.093Z</time></trkpt><trkpt lat="47.420151" lon="-121.556953"><ele>1285.158203</ele><time>2026-05-23T19:40:15.093Z</time></trkpt><trkpt lat="47.420063" lon="-121.556931"><ele>1286.054688</ele><time>2026-05-23T19:40:48.086Z</time></trkpt><trkpt lat="47.419926" lon="-121.556862"><ele>1283.188843</ele><time>2026-05-23T19:40:48.086Z</time></trkpt><trkpt lat="47.41983" lon="-121.556839"><ele>1280.973022</ele><time>2026-05-23T19:41:21.087Z</time></trkpt><trkpt lat="47.419788" lon="-121.556808"><ele>1280.235352</ele><time>2026-05-23T19:41:21.087Z</time></trkpt><trkpt lat="47.419746" lon="-121.556808"><ele>1280.967163</ele><time>2026-05-23T19:41:40.092Z</time></trkpt><trkpt lat="47.419655" lon="-121.556755"><ele>1278.81958</ele><time>2026-05-23T19:41:40.092Z</time></trkpt><trkpt lat="47.419556" lon="-121.556763"><ele>1277.944824</ele><time>2026-05-23T19:43:11.091Z</time></trkpt><trkpt lat="47.419518" lon="-121.556732"><ele>1274.868652</ele><time>2026-05-23T19:43:11.091Z</time></trkpt><trkpt lat="47.419117" lon="-121.556641"><ele>1271.928467</ele><time>2026-05-23T19:43:34.090Z</time></trkpt><trkpt lat="47.418964" lon="-121.556679"><ele>1268.790894</ele><time>2026-05-23T19:43:34.090Z</time></trkpt><trkpt lat="47.418858" lon="-121.556686"><ele>1267.518677</ele><time>2026-05-23T19:44:24.086Z</time></trkpt><trkpt lat="47.418819" lon="-121.55674"><ele>1267.008057</ele><time>2026-05-23T19:44:24.086Z</time></trkpt><trkpt lat="47.418774" lon="-121.556747"><ele>1267.02124</ele><time>2026-05-23T20:03:19.085Z</time></trkpt><trkpt lat="47.418736" lon="-121.556717"><ele>1265.063965</ele><time>2026-05-23T20:03:19.085Z</time></trkpt><trkpt lat="47.41869" lon="-121.556717"><ele>1263.649414</ele><time>2026-05-23T20:05:00.083Z</time></trkpt><trkpt lat="47.418648" lon="-121.556694"><ele>1261.600342</ele><time>2026-05-23T20:05:00.083Z</time></trkpt><trkpt lat="47.41872" lon="-121.556801"><ele>1258.948364</ele><time>2026-05-23T20:05:20.080Z</time></trkpt><trkpt lat="47.418812" lon="-121.556793"><ele>1258.259399</ele><time>2026-05-23T20:05:20.080Z</time></trkpt><trkpt lat="47.418953" lon="-121.556747"><ele>1257.560181</ele><time>2026-05-23T20:10:12.088Z</time></trkpt><trkpt lat="47.419006" lon="-121.556786"><ele>1255.697998</ele><time>2026-05-23T20:10:12.088Z</time></trkpt><trkpt lat="47.419075" lon="-121.556885"><ele>1255.501221</ele><time>2026-05-23T20:10:21.086Z</time></trkpt><trkpt lat="47.419155" lon="-121.556961"><ele>1255.44104</ele><time>2026-05-23T20:10:37.087Z</time></trkpt><trkpt lat="47.419243" lon="-121.557007"><ele>1256.316895</ele><time>2026-05-23T20:10:37.087Z</time></trkpt><trkpt lat="47.419312" lon="-121.557091"><ele>1254.52124</ele><time>2026-05-23T20:10:47.087Z</time></trkpt><trkpt lat="47.419395" lon="-121.557144"><ele>1251.7948</ele><time>2026-05-23T20:10:53.087Z</time></trkpt><trkpt lat="47.419453" lon="-121.557236"><ele>1249.372925</ele><time>2026-05-23T20:11:01.089Z</time></trkpt><trkpt lat="47.419533" lon="-121.557304"><ele>1246.955566</ele><time>2026-05-23T20:11:01.089Z</time></trkpt><trkpt lat="47.419605" lon="-121.557411"><ele>1244.890137</ele><time>2026-05-23T20:11:10.087Z</time></trkpt><trkpt lat="47.419704" lon="-121.557663"><ele>1240.700439</ele><time>2026-05-23T20:11:20.090Z</time></trkpt><trkpt lat="47.419777" lon="-121.557785"><ele>1238.548706</ele><time>2026-05-23T20:11:20.090Z</time></trkpt><trkpt lat="47.419857" lon="-121.557854"><ele>1236.620483</ele><time>2026-05-23T20:11:31.084Z</time></trkpt><trkpt lat="47.419926" lon="-121.557953"><ele>1235.993042</ele><time>2026-05-23T20:11:39.086Z</time></trkpt><trkpt lat="47.419971" lon="-121.557953"><ele>1235.750366</ele><time>2026-05-23T20:11:39.086Z</time></trkpt><trkpt lat="47.420063" lon="-121.558113"><ele>1234.343628</ele><time>2026-05-23T20:11:48.090Z</time></trkpt><trkpt lat="47.420185" lon="-121.558228"><ele>1230.827148</ele><time>2026-05-23T20:12:05.083Z</time></trkpt><trkpt lat="47.420296" lon="-121.558388"><ele>1226.370239</ele><time>2026-05-23T20:12:05.083Z</time></trkpt><trkpt lat="47.420341" lon="-121.558411"><ele>1225.109985</ele><time>2026-05-23T20:12:20.085Z</time></trkpt><trkpt lat="47.420311" lon="-121.558456"><ele>1224.168335</ele><time>2026-05-23T20:12:34.093Z</time></trkpt><trkpt lat="47.420265" lon="-121.558449"><ele>1223.584351</ele><time>2026-05-23T20:12:34.093Z</time></trkpt><trkpt lat="47.420166" lon="-121.558472"><ele>1220.405762</ele><time>2026-05-23T20:12:55.086Z</time></trkpt><trkpt lat="47.420071" lon="-121.558456"><ele>1216.705933</ele><time>2026-05-23T20:12:55.086Z</time></trkpt><trkpt lat="47.419891" lon="-121.558487"><ele>1213.20459</ele><time>2026-05-23T20:13:25.087Z</time></trkpt><trkpt lat="47.41972" lon="-121.558411"><ele>1208.142456</ele><time>2026-05-23T20:13:25.087Z</time></trkpt><trkpt lat="47.419624" lon="-121.558403"><ele>1207.452393</ele><time>2026-05-23T20:14:39.089Z</time></trkpt><trkpt lat="47.419479" lon="-121.558357"><ele>1202.130371</ele><time>2026-05-23T20:14:39.089Z</time></trkpt><trkpt lat="47.419456" lon="-121.558296"><ele>1199.673462</ele><time>2026-05-23T20:14:49.090Z</time></trkpt><trkpt lat="47.419415" lon="-121.558258"><ele>1199.506958</ele><time>2026-05-23T20:15:01.087Z</time></trkpt><trkpt lat="47.419369" lon="-121.558243"><ele>1199.394653</ele><time>2026-05-23T20:15:01.087Z</time></trkpt><trkpt lat="47.419327" lon="-121.558205"><ele>1198.549561</ele><time>2026-05-23T20:15:12.083Z</time></trkpt><trkpt lat="47.419178" lon="-121.558159"><ele>1194.655884</ele><time>2026-05-23T20:15:22.088Z</time></trkpt><trkpt lat="47.418991" lon="-121.558167"><ele>1191.115601</ele><time>2026-05-23T20:15:22.088Z</time></trkpt><trkpt lat="47.418945" lon="-121.558151"><ele>1189.357666</ele><time>2026-05-23T20:15:33.086Z</time></trkpt><trkpt lat="47.418854" lon="-121.558197"><ele>1187.625366</ele><time>2026-05-23T20:15:43.085Z</time></trkpt><trkpt lat="47.418629" lon="-121.558258"><ele>1183.281982</ele><time>2026-05-23T20:15:43.085Z</time></trkpt><trkpt lat="47.418579" lon="-121.558296"><ele>1184.489624</ele><time>2026-05-23T20:15:53.087Z</time></trkpt><trkpt lat="47.418381" lon="-121.558334"><ele>1179.892212</ele><time>2026-05-23T20:16:05.086Z</time></trkpt><trkpt lat="47.418278" lon="-121.558327"><ele>1176.062256</ele><time>2026-05-23T20:16:05.086Z</time></trkpt><trkpt lat="47.418186" lon="-121.558289"><ele>1173.714722</ele><time>2026-05-23T20:16:22.086Z</time></trkpt><trkpt lat="47.418144" lon="-121.558311"><ele>1172.918823</ele><time>2026-05-23T20:16:36.087Z</time></trkpt><trkpt lat="47.418053" lon="-121.558151"><ele>1171.287231</ele><time>2026-05-23T20:16:36.087Z</time></trkpt><trkpt lat="47.417969" lon="-121.558075"><ele>1170.84668</ele><time>2026-05-23T20:16:51.088Z</time></trkpt><trkpt lat="47.4179" lon="-121.557953"><ele>1167.949097</ele><time>2026-05-23T20:16:58.088Z</time></trkpt><trkpt lat="47.417858" lon="-121.55793"><ele>1168.078857</ele><time>2026-05-23T20:16:58.088Z</time></trkpt><trkpt lat="47.417759" lon="-121.557793"><ele>1167.239746</ele><time>2026-05-23T20:17:07.086Z</time></trkpt><trkpt lat="47.417671" lon="-121.557739"><ele>1165.009155</ele><time>2026-05-23T20:17:17.087Z</time></trkpt><trkpt lat="47.417507" lon="-121.557571"><ele>1157.230225</ele><time>2026-05-23T20:17:17.087Z</time></trkpt><trkpt lat="47.417404" lon="-121.557541"><ele>1157.889526</ele><time>2026-05-23T20:17:26.093Z</time></trkpt><trkpt lat="47.417324" lon="-121.557472"><ele>1156.804443</ele><time>2026-05-23T20:17:37.087Z</time></trkpt><trkpt lat="47.417183" lon="-121.557419"><ele>1154.240112</ele><time>2026-05-23T20:17:37.087Z</time></trkpt><trkpt lat="47.417103" lon="-121.557358"><ele>1150.061768</ele><time>2026-05-23T20:17:49.086Z</time></trkpt><trkpt lat="47.417057" lon="-121.55735"><ele>1150.104004</ele><time>2026-05-23T20:17:57.091Z</time></trkpt><trkpt lat="47.417019" lon="-121.55732"><ele>1147.545044</ele><time>2026-05-23T20:17:57.091Z</time></trkpt><trkpt lat="47.416973" lon="-121.557327"><ele>1148.742065</ele><time>2026-05-23T20:18:09.084Z</time></trkpt><trkpt lat="47.416885" lon="-121.557274"><ele>1147.362549</ele><time>2026-05-23T20:18:17.089Z</time></trkpt><trkpt lat="47.416801" lon="-121.557251"><ele>1146.763428</ele><time>2026-05-23T20:18:17.089Z</time></trkpt><trkpt lat="47.416557" lon="-121.557236"><ele>1145.84314</ele><time>2026-05-23T20:18:27.085Z</time></trkpt><trkpt lat="47.416512" lon="-121.557243"><ele>1144.319214</ele><time>2026-05-23T20:18:33.085Z</time></trkpt><trkpt lat="47.41647" lon="-121.557289"><ele>1145.056641</ele><time>2026-05-23T20:18:44.087Z</time></trkpt><trkpt lat="47.416416" lon="-121.557289"><ele>1145.061279</ele><time>2026-05-23T20:18:44.087Z</time></trkpt><trkpt lat="47.416283" lon="-121.557343"><ele>1142.989746</ele><time>2026-05-23T20:18:51.093Z</time></trkpt><trkpt lat="47.416191" lon="-121.55735"><ele>1140.349976</ele><time>2026-05-23T20:19:15.088Z</time></trkpt><trkpt lat="47.415871" lon="-121.557533"><ele>1137.847046</ele><time>2026-05-23T20:19:15.088Z</time></trkpt><trkpt lat="47.415741" lon="-121.557472"><ele>1131.758789</ele><time>2026-05-23T20:19:22.089Z</time></trkpt><trkpt lat="47.415691" lon="-121.557442"><ele>1132.053711</ele><time>2026-05-23T20:19:30.088Z</time></trkpt><trkpt lat="47.415661" lon="-121.557396"><ele>1130.060181</ele><time>2026-05-23T20:19:37.088Z</time></trkpt><trkpt lat="47.415619" lon="-121.557373"><ele>1129.241699</ele><time>2026-05-23T20:19:37.088Z</time></trkpt><trkpt lat="47.415497" lon="-121.557243"><ele>1125.108887</ele><time>2026-05-23T20:19:54.089Z</time></trkpt><trkpt lat="47.415436" lon="-121.557114"><ele>1123.257446</ele><time>2026-05-23T20:20:09.088Z</time></trkpt><trkpt lat="47.415367" lon="-121.557014"><ele>1121.132813</ele><time>2026-05-23T20:20:09.088Z</time></trkpt><trkpt lat="47.41518" lon="-121.5569"><ele>1118.908813</ele><time>2026-05-23T20:20:24.087Z</time></trkpt><trkpt lat="47.415169" lon="-121.556824"><ele>1116.733154</ele><time>2026-05-23T20:20:40.085Z</time></trkpt><trkpt lat="47.415058" lon="-121.556664"><ele>1116.352051</ele><time>2026-05-23T20:20:40.085Z</time></trkpt><trkpt lat="47.415016" lon="-121.556557"><ele>1113.736938</ele><time>2026-05-23T20:20:49.084Z</time></trkpt><trkpt lat="47.414894" lon="-121.556435"><ele>1109.682129</ele><time>2026-05-23T20:21:00.088Z</time></trkpt><trkpt lat="47.414932" lon="-121.55648"><ele>1108.348755</ele><time>2026-05-23T20:21:00.088Z</time></trkpt><trkpt lat="47.414955" lon="-121.556549"><ele>1108.457275</ele><time>2026-05-23T20:21:13.083Z</time></trkpt><trkpt lat="47.415066" lon="-121.557076"><ele>1103.9552</ele><time>2026-05-23T20:21:26.088Z</time></trkpt><trkpt lat="47.415161" lon="-121.557228"><ele>1101.672363</ele><time>2026-05-23T20:21:26.088Z</time></trkpt><trkpt lat="47.415176" lon="-121.557297"><ele>1101.755615</ele><time>2026-05-23T20:21:41.087Z</time></trkpt><trkpt lat="47.415207" lon="-121.55735"><ele>1101.749268</ele><time>2026-05-23T20:21:53.085Z</time></trkpt><trkpt lat="47.415257" lon="-121.557709"><ele>1097.689697</ele><time>2026-05-23T20:21:53.085Z</time></trkpt><trkpt lat="47.41534" lon="-121.557861"><ele>1090.519775</ele><time>2026-05-23T20:22:02.086Z</time></trkpt><trkpt lat="47.415375" lon="-121.557991"><ele>1088.476807</ele><time>2026-05-23T20:22:10.086Z</time></trkpt><trkpt lat="47.415508" lon="-121.558189"><ele>1085.246826</ele><time>2026-05-23T20:22:19.086Z</time></trkpt><trkpt lat="47.415588" lon="-121.558258"><ele>1082.095337</ele><time>2026-05-23T20:22:19.086Z</time></trkpt><trkpt lat="47.415562" lon="-121.558311"><ele>1082.900391</ele><time>2026-05-23T20:22:30.083Z</time></trkpt><trkpt lat="47.41552" lon="-121.558281"><ele>1080.328125</ele><time>2026-05-23T20:22:39.089Z</time></trkpt><trkpt lat="47.415344" lon="-121.558235"><ele>1075.97168</ele><time>2026-05-23T20:22:39.089Z</time></trkpt><trkpt lat="47.415199" lon="-121.558144"><ele>1073.010498</ele><time>2026-05-23T20:23:00.085Z</time></trkpt><trkpt lat="47.415165" lon="-121.558098"><ele>1072.206055</ele><time>2026-05-23T20:23:14.089Z</time></trkpt><trkpt lat="47.415119" lon="-121.55809"><ele>1071.844238</ele><time>2026-05-23T20:23:14.089Z</time></trkpt><trkpt lat="47.415047" lon="-121.558006"><ele>1069.422974</ele><time>2026-05-23T20:23:28.090Z</time></trkpt><trkpt lat="47.41494" lon="-121.557823"><ele>1068.632324</ele><time>2026-05-23T20:23:41.085Z</time></trkpt><trkpt lat="47.414902" lon="-121.557793"><ele>1068.794312</ele><time>2026-05-23T20:23:41.085Z</time></trkpt><trkpt lat="47.414879" lon="-121.557732"><ele>1066.437012</ele><time>2026-05-23T20:23:49.085Z</time></trkpt><trkpt lat="47.414909" lon="-121.557854"><ele>1064.125854</ele><time>2026-05-23T20:24:23.085Z</time></trkpt><trkpt lat="47.414948" lon="-121.557899"><ele>1063.442749</ele><time>2026-05-23T20:24:23.085Z</time></trkpt><trkpt lat="47.415051" lon="-121.558197"><ele>1061.503174</ele><time>2026-05-23T20:24:30.085Z</time></trkpt><trkpt lat="47.415134" lon="-121.558372"><ele>1059.49231</ele><time>2026-05-23T20:24:44.088Z</time></trkpt><trkpt lat="47.415325" lon="-121.558601"><ele>1052.664307</ele><time>2026-05-23T20:24:44.088Z</time></trkpt><trkpt lat="47.415379" lon="-121.558731"><ele>1051.383789</ele><time>2026-05-23T20:24:55.089Z</time></trkpt><trkpt lat="47.415474" lon="-121.558884"><ele>1049.59021</ele><time>2026-05-23T20:25:02.088Z</time></trkpt><trkpt lat="47.415524" lon="-121.558891"><ele>1047.974243</ele><time>2026-05-23T20:25:09.096Z</time></trkpt><trkpt lat="47.415585" lon="-121.558998"><ele>1047.378784</ele><time>2026-05-23T20:25:09.096Z</time></trkpt><trkpt lat="47.415794" lon="-121.559273"><ele>1043.360962</ele><time>2026-05-23T20:25:17.095Z</time></trkpt><trkpt lat="47.415878" lon="-121.559341"><ele>1041.507324</ele><time>2026-05-23T20:25:38.090Z</time></trkpt><trkpt lat="47.415974" lon="-121.559395"><ele>1041.10437</ele><time>2026-05-23T20:25:38.090Z</time></trkpt><trkpt lat="47.416016" lon="-121.559387"><ele>1040.341187</ele><time>2026-05-23T20:25:47.102Z</time></trkpt><trkpt lat="47.416061" lon="-121.559402"><ele>1041.546021</ele><time>2026-05-23T20:25:55.088Z</time></trkpt><trkpt lat="47.416164" lon="-121.559372"><ele>1042.096191</ele><time>2026-05-23T20:26:04.090Z</time></trkpt><trkpt lat="47.416241" lon="-121.559303"><ele>1041.012695</ele><time>2026-05-23T20:26:04.090Z</time></trkpt><trkpt lat="47.416286" lon="-121.559296"><ele>1040.5</ele><time>2026-05-23T20:26:12.086Z</time></trkpt><trkpt lat="47.416336" lon="-121.559265"><ele>1038.223145</ele><time>2026-05-23T20:26:27.085Z</time></trkpt><trkpt lat="47.416382" lon="-121.559288"><ele>1037.986328</ele><time>2026-05-23T20:26:27.085Z</time></trkpt><trkpt lat="47.416477" lon="-121.559479"><ele>1035.95813</ele><time>2026-05-23T20:26:39.086Z</time></trkpt><trkpt lat="47.416676" lon="-121.560303"><ele>1025.839966</ele><time>2026-05-23T20:26:48.090Z</time></trkpt><trkpt lat="47.416748" lon="-121.560425"><ele>1020.452515</ele><time>2026-05-23T20:26:48.090Z</time></trkpt><trkpt lat="47.416828" lon="-121.560699"><ele>1019.848083</ele><time>2026-05-23T20:26:54.087Z</time></trkpt><trkpt lat="47.416866" lon="-121.560745"><ele>1017.859863</ele><time>2026-05-23T20:27:02.087Z</time></trkpt><trkpt lat="47.416931" lon="-121.561081"><ele>1015.882568</ele><time>2026-05-23T20:27:11.086Z</time></trkpt><trkpt lat="47.416981" lon="-121.561218"><ele>1014.315125</ele><time>2026-05-23T20:27:11.086Z</time></trkpt><trkpt lat="47.417141" lon="-121.561386"><ele>1009.879028</ele><time>2026-05-23T20:27:17.088Z</time></trkpt><trkpt lat="47.417282" lon="-121.56144"><ele>1006.804993</ele><time>2026-05-23T20:27:25.085Z</time></trkpt><trkpt lat="47.417358" lon="-121.561531"><ele>1006.091003</ele><time>2026-05-23T20:27:40.090Z</time></trkpt><trkpt lat="47.417534" lon="-121.56163"><ele>1002.742371</ele><time>2026-05-23T20:27:40.090Z</time></trkpt><trkpt lat="47.41761" lon="-121.561729"><ele>1001.794739</ele><time>2026-05-23T20:27:49.089Z</time></trkpt><trkpt lat="47.417774" lon="-121.561859"><ele>998.591431</ele><time>2026-05-23T20:27:56.080Z</time></trkpt><trkpt lat="47.417923" lon="-121.562027"><ele>994.754456</ele><time>2026-05-23T20:28:08.088Z</time></trkpt><trkpt lat="47.417953" lon="-121.562088"><ele>992.934753</ele><time>2026-05-23T20:28:08.088Z</time></trkpt><trkpt lat="47.417957" lon="-121.562279"><ele>988.592346</ele><time>2026-05-23T20:28:22.085Z</time></trkpt><trkpt lat="47.417934" lon="-121.562424"><ele>984.595154</ele><time>2026-05-23T20:28:36.090Z</time></trkpt><trkpt lat="47.417938" lon="-121.562492"><ele>982.72876</ele><time>2026-05-23T20:28:36.090Z</time></trkpt><trkpt lat="47.417953" lon="-121.562553"><ele>981.066223</ele><time>2026-05-23T20:29:03.084Z</time></trkpt><trkpt lat="47.417999" lon="-121.562599"><ele>980.743042</ele><time>2026-05-23T20:29:03.084Z</time></trkpt><trkpt lat="47.418079" lon="-121.562836"><ele>979.057861</ele><time>2026-05-23T20:29:10.087Z</time></trkpt><trkpt lat="47.418064" lon="-121.563042"><ele>978.252441</ele><time>2026-05-23T20:29:23.089Z</time></trkpt><trkpt lat="47.418041" lon="-121.56311"><ele>977.361816</ele><time>2026-05-23T20:29:23.089Z</time></trkpt><trkpt lat="47.418003" lon="-121.563156"><ele>976.248352</ele><time>2026-05-23T20:34:07.085Z</time></trkpt><trkpt lat="47.417957" lon="-121.563286"><ele>972.384949</ele><time>2026-05-23T20:34:07.085Z</time></trkpt><trkpt lat="47.417919" lon="-121.563324"><ele>971.635315</ele><time>2026-05-23T20:36:38.093Z</time></trkpt><trkpt lat="47.4179" lon="-121.563377"><ele>971.85083</ele><time>2026-05-23T20:36:38.093Z</time></trkpt><trkpt lat="47.417896" lon="-121.563515"><ele>969.918091</ele><time>2026-05-23T20:37:17.087Z</time></trkpt><trkpt lat="47.41782" lon="-121.563766"><ele>965.417725</ele><time>2026-05-23T20:37:17.087Z</time></trkpt><trkpt lat="47.417751" lon="-121.563858"><ele>963.77478</ele><time>2026-05-23T20:37:56.085Z</time></trkpt><trkpt lat="47.41774" lon="-121.563927"><ele>959.517639</ele><time>2026-05-23T20:37:56.085Z</time></trkpt><trkpt lat="47.417698" lon="-121.563965"><ele>958.424377</ele><time>2026-05-23T20:38:28.085Z</time></trkpt><trkpt lat="47.417683" lon="-121.564026"><ele>959.667175</ele><time>2026-05-23T20:38:28.085Z</time></trkpt><trkpt lat="47.417618" lon="-121.564133"><ele>954.801941</ele><time>2026-05-23T20:40:09.092Z</time></trkpt><trkpt lat="47.417564" lon="-121.564331"><ele>947.531006</ele><time>2026-05-23T20:40:09.092Z</time></trkpt><trkpt lat="47.417511" lon="-121.564438"><ele>945.666138</ele><time>2026-05-23T20:40:22.086Z</time></trkpt><trkpt lat="47.417511" lon="-121.564514"><ele>945.617737</ele><time>2026-05-23T20:40:28.084Z</time></trkpt><trkpt lat="47.417465" lon="-121.564636"><ele>944.578796</ele><time>2026-05-23T20:40:28.084Z</time></trkpt><trkpt lat="47.417458" lon="-121.564705"><ele>942.579224</ele><time>2026-05-23T20:40:42.086Z</time></trkpt><trkpt lat="47.417477" lon="-121.564903"><ele>937.525208</ele><time>2026-05-23T20:40:54.089Z</time></trkpt><trkpt lat="47.417519" lon="-121.565109"><ele>934.074524</ele><time>2026-05-23T20:40:54.089Z</time></trkpt><trkpt lat="47.417576" lon="-121.565224"><ele>932.807922</ele><time>2026-05-23T20:41:14.093Z</time></trkpt><trkpt lat="47.417553" lon="-121.565285"><ele>933.309937</ele><time>2026-05-23T20:41:14.093Z</time></trkpt><trkpt lat="47.417583" lon="-121.565689"><ele>927.720215</ele><time>2026-05-23T20:41:22.091Z</time></trkpt><trkpt lat="47.417576" lon="-121.565758"><ele>926.045166</ele><time>2026-05-23T20:41:29.087Z</time></trkpt><trkpt lat="47.417652" lon="-121.566162"><ele>920.067139</ele><time>2026-05-23T20:41:37.089Z</time></trkpt><trkpt lat="47.417652" lon="-121.566246"><ele>918.086182</ele><time>2026-05-23T20:41:37.089Z</time></trkpt><trkpt lat="47.417633" lon="-121.566307"><ele>916.738892</ele><time>2026-05-23T20:41:45.087Z</time></trkpt><trkpt lat="47.417641" lon="-121.566444"><ele>913.335388</ele><time>2026-05-23T20:42:06.089Z</time></trkpt><trkpt lat="47.417625" lon="-121.566765"><ele>909.905334</ele><time>2026-05-23T20:42:06.089Z</time></trkpt><trkpt lat="47.417637" lon="-121.566833"><ele>909.326233</ele><time>2026-05-23T20:42:18.082Z</time></trkpt><trkpt lat="47.417618" lon="-121.566978"><ele>905.108582</ele><time>2026-05-23T20:42:28.092Z</time></trkpt><trkpt lat="47.417645" lon="-121.567039"><ele>902.984863</ele><time>2026-05-23T20:42:28.092Z</time></trkpt><trkpt lat="47.417664" lon="-121.567169"><ele>904.044006</ele><time>2026-05-23T20:42:48.091Z</time></trkpt><trkpt lat="47.417683" lon="-121.567337"><ele>902.919983</ele><time>2026-05-23T20:42:48.091Z</time></trkpt><trkpt lat="47.417664" lon="-121.567413"><ele>901.947937</ele><time>2026-05-23T20:42:54.089Z</time></trkpt><trkpt lat="47.417686" lon="-121.567474"><ele>899.336426</ele><time>2026-05-23T20:43:05.093Z</time></trkpt><trkpt lat="47.417702" lon="-121.567619"><ele>897.311035</ele><time>2026-05-23T20:43:14.091Z</time></trkpt><trkpt lat="47.417763" lon="-121.567833"><ele>895.987549</ele><time>2026-05-23T20:43:14.091Z</time></trkpt><trkpt lat="47.41777" lon="-121.567917"><ele>894.814514</ele><time>2026-05-23T20:43:25.091Z</time></trkpt><trkpt lat="47.417892" lon="-121.56823"><ele>894.984375</ele><time>2026-05-23T20:43:58.092Z</time></trkpt><trkpt lat="47.4179" lon="-121.568314"><ele>894.280884</ele><time>2026-05-23T20:43:58.092Z</time></trkpt><trkpt lat="47.417885" lon="-121.568382"><ele>894.715393</ele><time>2026-05-23T20:44:06.089Z</time></trkpt><trkpt lat="47.417934" lon="-121.569038"><ele>885.912415</ele><time>2026-05-23T20:44:18.093Z</time></trkpt><trkpt lat="47.417931" lon="-121.569481"><ele>880.359924</ele><time>2026-05-23T20:44:18.093Z</time></trkpt><trkpt lat="47.417965" lon="-121.569626"><ele>882.219666</ele><time>2026-05-23T20:44:36.096Z</time></trkpt><trkpt lat="47.417953" lon="-121.56971"><ele>881.110352</ele><time>2026-05-23T20:44:51.091Z</time></trkpt><trkpt lat="47.417992" lon="-121.569832"><ele>877.618896</ele><time>2026-05-23T20:44:51.091Z</time></trkpt><trkpt lat="47.418041" lon="-121.569946"><ele>876.459778</ele><time>2026-05-23T20:45:03.100Z</time></trkpt><trkpt lat="47.41835" lon="-121.570366"><ele>869.039673</ele><time>2026-05-23T20:45:16.093Z</time></trkpt><trkpt lat="47.418476" lon="-121.570602"><ele>864.319824</ele><time>2026-05-23T20:45:16.093Z</time></trkpt><trkpt lat="47.418606" lon="-121.570717"><ele>865.086365</ele><time>2026-05-23T20:45:32.098Z</time></trkpt><trkpt lat="47.418671" lon="-121.570808"><ele>866.76593</ele><time>2026-05-23T20:45:58.091Z</time></trkpt><trkpt lat="47.418728" lon="-121.57093"><ele>863.745178</ele><time>2026-05-23T20:45:58.091Z</time></trkpt><trkpt lat="47.418808" lon="-121.570999"><ele>861.916382</ele><time>2026-05-23T20:46:10.510Z</time></trkpt><trkpt lat="47.418839" lon="-121.571053"><ele>861.618652</ele><time>2026-05-23T20:46:25.091Z</time></trkpt><trkpt lat="47.419155" lon="-121.571404"><ele>859.757813</ele><time>2026-05-23T20:46:25.091Z</time></trkpt><trkpt lat="47.419247" lon="-121.571472"><ele>858.364746</ele><time>2026-05-23T20:46:38.090Z</time></trkpt><trkpt lat="47.419342" lon="-121.571518"><ele>856.423096</ele><time>2026-05-23T20:46:48.083Z</time></trkpt><trkpt lat="47.41938" lon="-121.571564"><ele>857.884766</ele><time>2026-05-23T20:46:48.083Z</time></trkpt><trkpt lat="47.419426" lon="-121.571579"><ele>858.025452</ele><time>2026-05-23T20:47:11.088Z</time></trkpt><trkpt lat="47.419563" lon="-121.571693"><ele>853.746521</ele><time>2026-05-23T20:47:11.088Z</time></trkpt><trkpt lat="47.419689" lon="-121.571838"><ele>852.949646</ele><time>2026-05-23T20:47:21.089Z</time></trkpt><trkpt lat="47.419777" lon="-121.571877"><ele>852.722534</ele><time>2026-05-23T20:47:51.090Z</time></trkpt><trkpt lat="47.419804" lon="-121.571938"><ele>850.656921</ele><time>2026-05-23T20:47:51.090Z</time></trkpt><trkpt lat="47.419926" lon="-121.572044"><ele>849.418274</ele><time>2026-05-23T20:47:57.086Z</time></trkpt><trkpt lat="47.420109" lon="-121.57225"><ele>844.600525</ele><time>2026-05-23T20:48:05.085Z</time></trkpt><trkpt lat="47.420197" lon="-121.572311"><ele>843.311768</ele><time>2026-05-23T20:48:14.086Z</time></trkpt><trkpt lat="47.420235" lon="-121.572433"><ele>837.67688</ele><time>2026-05-23T20:48:14.086Z</time></trkpt><trkpt lat="47.420307" lon="-121.572525"><ele>836.505493</ele><time>2026-05-23T20:48:29.090Z</time></trkpt><trkpt lat="47.420521" lon="-121.572929"><ele>837.669189</ele><time>2026-05-23T20:48:41.093Z</time></trkpt><trkpt lat="47.420563" lon="-121.572945"><ele>834.174377</ele><time>2026-05-23T20:48:41.093Z</time></trkpt><trkpt lat="47.420635" lon="-121.573021"><ele>834.228638</ele><time>2026-05-23T20:48:51.091Z</time></trkpt><trkpt lat="47.420689" lon="-121.573051"><ele>834.398865</ele><time>2026-05-23T20:49:01.091Z</time></trkpt><trkpt lat="47.420765" lon="-121.573158"><ele>832.808105</ele><time>2026-05-23T20:49:01.091Z</time></trkpt><trkpt lat="47.420853" lon="-121.573219"><ele>829.856079</ele><time>2026-05-23T20:49:12.089Z</time></trkpt><trkpt lat="47.421005" lon="-121.57338"><ele>825.824646</ele><time>2026-05-23T20:49:29.086Z</time></trkpt><trkpt lat="47.421066" lon="-121.573502"><ele>825.190857</ele><time>2026-05-23T20:49:29.086Z</time></trkpt><trkpt lat="47.42112" lon="-121.573532"><ele>824.292542</ele><time>2026-05-23T20:49:40.086Z</time></trkpt><trkpt lat="47.421177" lon="-121.573662"><ele>823.351074</ele><time>2026-05-23T20:49:54.085Z</time></trkpt><trkpt lat="47.421295" lon="-121.573784"><ele>819.451538</ele><time>2026-05-23T20:49:54.085Z</time></trkpt><trkpt lat="47.421379" lon="-121.573944"><ele>819.371582</ele><time>2026-05-23T20:50:13.088Z</time></trkpt><trkpt lat="47.421494" lon="-121.574074"><ele>815.141724</ele><time>2026-05-23T20:50:13.088Z</time></trkpt><trkpt lat="47.421547" lon="-121.574211"><ele>815.208557</ele><time>2026-05-23T20:50:26.093Z</time></trkpt><trkpt lat="47.421597" lon="-121.574249"><ele>813.741943</ele><time>2026-05-23T20:50:31.086Z</time></trkpt><trkpt lat="47.421627" lon="-121.574379"><ele>813.527039</ele><time>2026-05-23T20:50:38.089Z</time></trkpt><trkpt lat="47.421825" lon="-121.574738"><ele>810.604004</ele><time>2026-05-23T20:50:38.089Z</time></trkpt><trkpt lat="47.421909" lon="-121.574814"><ele>808.289673</ele><time>2026-05-23T20:50:42.087Z</time></trkpt><trkpt lat="47.42205" lon="-121.575096"><ele>805.009094</ele><time>2026-05-23T20:50:50.088Z</time></trkpt><trkpt lat="47.422138" lon="-121.575157"><ele>802.638428</ele><time>2026-05-23T20:50:56.090Z</time></trkpt><trkpt lat="47.422173" lon="-121.575211"><ele>799.68158</ele><time>2026-05-23T20:51:02.085Z</time></trkpt><trkpt lat="47.422207" lon="-121.575371"><ele>797.731567</ele><time>2026-05-23T20:51:02.085Z</time></trkpt><trkpt lat="47.422276" lon="-121.575462"><ele>797.772827</ele><time>2026-05-23T20:51:10.088Z</time></trkpt><trkpt lat="47.422321" lon="-121.5756"><ele>797.865173</ele><time>2026-05-23T20:51:16.093Z</time></trkpt><trkpt lat="47.422363" lon="-121.575867"><ele>797.264832</ele><time>2026-05-23T20:51:25.092Z</time></trkpt><trkpt lat="47.42239" lon="-121.57592"><ele>796.349426</ele><time>2026-05-23T20:51:25.092Z</time></trkpt><trkpt lat="47.422401" lon="-121.576134"><ele>798.771484</ele><time>2026-05-23T20:51:46.085Z</time></trkpt><trkpt lat="47.422478" lon="-121.576416"><ele>794.938416</ele><time>2026-05-23T20:51:46.085Z</time></trkpt><trkpt lat="47.42255" lon="-121.576515"><ele>792.503967</ele><time>2026-05-23T20:51:53.088Z</time></trkpt><trkpt lat="47.42268" lon="-121.576653"><ele>791.24408</ele><time>2026-05-23T20:51:59.090Z</time></trkpt><trkpt lat="47.422718" lon="-121.576675"><ele>790.351685</ele><time>2026-05-23T20:52:08.088Z</time></trkpt><trkpt lat="47.422863" lon="-121.576843"><ele>790.91687</ele><time>2026-05-23T20:52:08.088Z</time></trkpt><trkpt lat="47.422874" lon="-121.576904"><ele>789.756104</ele><time>2026-05-23T20:52:19.089Z</time></trkpt><trkpt lat="47.422909" lon="-121.57695"><ele>788.569702</ele><time>2026-05-23T20:52:26.088Z</time></trkpt><trkpt lat="47.423035" lon="-121.577049"><ele>784.469299</ele><time>2026-05-23T20:52:35.086Z</time></trkpt><trkpt lat="47.423069" lon="-121.57711"><ele>783.468567</ele><time>2026-05-23T20:52:35.086Z</time></trkpt><trkpt lat="47.423244" lon="-121.577202"><ele>781.103882</ele><time>2026-05-23T20:52:42.088Z</time></trkpt><trkpt lat="47.423397" lon="-121.577156"><ele>781.49585</ele><time>2026-05-23T20:52:52.088Z</time></trkpt><trkpt lat="47.423443" lon="-121.577126"><ele>778.683716</ele><time>2026-05-23T20:53:00.087Z</time></trkpt><trkpt lat="47.4235" lon="-121.577118"><ele>778.39917</ele><time>2026-05-23T20:53:00.087Z</time></trkpt><trkpt lat="47.42363" lon="-121.577019"><ele>776.80249</ele><time>2026-05-23T20:53:20.088Z</time></trkpt><trkpt lat="47.423775" lon="-121.576942"><ele>774.680908</ele><time>2026-05-23T20:53:30.087Z</time></trkpt><trkpt lat="47.423851" lon="-121.576859"><ele>770.239136</ele><time>2026-05-23T20:53:30.087Z</time></trkpt><trkpt lat="47.423931" lon="-121.576805"><ele>769.163879</ele><time>2026-05-23T20:53:48.089Z</time></trkpt><trkpt lat="47.424084" lon="-121.576767"><ele>771.813232</ele><time>2026-05-23T20:54:00.092Z</time></trkpt><trkpt lat="47.424183" lon="-121.576897"><ele>772.014038</ele><time>2026-05-23T20:54:00.092Z</time></trkpt><trkpt lat="47.42424" lon="-121.577019"><ele>770.242737</ele><time>2026-05-23T20:54:10.087Z</time></trkpt><trkpt lat="47.424278" lon="-121.577377"><ele>768.541199</ele><time>2026-05-23T20:54:17.089Z</time></trkpt><trkpt lat="47.424351" lon="-121.577705"><ele>764.786011</ele><time>2026-05-23T20:54:30.090Z</time></trkpt><trkpt lat="47.424438" lon="-121.577965"><ele>756.899475</ele><time>2026-05-23T20:54:30.090Z</time></trkpt><trkpt lat="47.424465" lon="-121.578033"><ele>755.981445</ele><time>2026-05-23T20:54:38.092Z</time></trkpt><trkpt lat="47.424503" lon="-121.578079"><ele>755.222534</ele><time>2026-05-23T20:54:45.089Z</time></trkpt><trkpt lat="47.424599" lon="-121.578346"><ele>755.284729</ele><time>2026-05-23T20:54:54.085Z</time></trkpt><trkpt lat="47.42487" lon="-121.578644"><ele>756.230774</ele><time>2026-05-23T20:54:54.085Z</time></trkpt><trkpt lat="47.424892" lon="-121.578705"><ele>755.368103</ele><time>2026-05-23T20:55:23.091Z</time></trkpt><trkpt lat="47.42503" lon="-121.578796"><ele>751.801453</ele><time>2026-05-23T20:55:23.091Z</time></trkpt><trkpt lat="47.42522" lon="-121.579033"><ele>743.038391</ele><time>2026-05-23T20:55:53.093Z</time></trkpt><trkpt lat="47.425426" lon="-121.579391"><ele>736.099548</ele><time>2026-05-23T20:55:53.093Z</time></trkpt><trkpt lat="47.425514" lon="-121.579643"><ele>734.825562</ele><time>2026-05-23T20:56:02.091Z</time></trkpt><trkpt lat="47.425575" lon="-121.579742"><ele>735.584412</ele><time>2026-05-23T20:56:13.091Z</time></trkpt><trkpt lat="47.425594" lon="-121.579956"><ele>733.851318</ele><time>2026-05-23T20:56:13.091Z</time></trkpt><trkpt lat="47.425564" lon="-121.580093"><ele>730.216614</ele><time>2026-05-23T20:56:24.089Z</time></trkpt><trkpt lat="47.425449" lon="-121.580345"><ele>723.18158</ele><time>2026-05-23T20:56:33.090Z</time></trkpt><trkpt lat="47.425312" lon="-121.580803"><ele>722.159302</ele><time>2026-05-23T20:56:33.090Z</time></trkpt><trkpt lat="47.425293" lon="-121.581001"><ele>722.159363</ele><time>2026-05-23T20:57:11.085Z</time></trkpt><trkpt lat="47.425293" lon="-121.581238"><ele>717.542969</ele><time>2026-05-23T20:57:11.085Z</time></trkpt><trkpt lat="47.425274" lon="-121.581367"><ele>713.716736</ele><time>2026-05-23T20:57:20.088Z</time></trkpt><trkpt lat="47.42535" lon="-121.582016"><ele>707.672913</ele><time>2026-05-23T20:57:29.095Z</time></trkpt><trkpt lat="47.425392" lon="-121.582237"><ele>705.560425</ele><time>2026-05-23T20:57:37.090Z</time></trkpt><trkpt lat="47.425434" lon="-121.582359"><ele>703.370911</ele><time>2026-05-23T20:57:37.090Z</time></trkpt><trkpt lat="47.425449" lon="-121.582497"><ele>701.784546</ele><time>2026-05-23T20:57:47.090Z</time></trkpt><trkpt lat="47.425488" lon="-121.582542"><ele>700.288391</ele><time>2026-05-23T20:57:56.093Z</time></trkpt><trkpt lat="47.42561" lon="-121.582855"><ele>698.604614</ele><time>2026-05-23T20:57:56.093Z</time></trkpt><trkpt lat="47.425739" lon="-121.583092"><ele>694.040161</ele><time>2026-05-23T20:58:08.090Z</time></trkpt><trkpt lat="47.425869" lon="-121.583382"><ele>695.824097</ele><time>2026-05-23T20:58:17.091Z</time></trkpt><trkpt lat="47.425987" lon="-121.583527"><ele>693.9776</ele><time>2026-05-23T20:58:17.091Z</time></trkpt><trkpt lat="47.426079" lon="-121.583672"><ele>690.894226</ele><time>2026-05-23T21:00:36.086Z</time></trkpt><trkpt lat="47.42617" lon="-121.583908"><ele>690.12915</ele><time>2026-05-23T21:00:36.086Z</time></trkpt><trkpt lat="47.426208" lon="-121.584106"><ele>691.733032</ele><time>2026-05-23T21:01:05.089Z</time></trkpt><trkpt lat="47.426243" lon="-121.584152"><ele>690.561401</ele><time>2026-05-23T21:01:05.089Z</time></trkpt><trkpt lat="47.426411" lon="-121.584618"><ele>688.969849</ele><time>2026-05-23T21:01:19.093Z</time></trkpt><trkpt lat="47.426544" lon="-121.584923"><ele>689.232605</ele><time>2026-05-23T21:01:34.093Z</time></trkpt><trkpt lat="47.42659" lon="-121.58493"><ele>688.107849</ele><time>2026-05-23T21:01:34.093Z</time></trkpt><trkpt lat="47.426601" lon="-121.584999"><ele>687.709839</ele><time>2026-05-23T21:01:47.088Z</time></trkpt><trkpt lat="47.426685" lon="-121.585091"><ele>683.669861</ele><time>2026-05-23T21:02:01.093Z</time></trkpt><trkpt lat="47.426708" lon="-121.585152"><ele>683.989929</ele><time>2026-05-23T21:02:01.093Z</time></trkpt><trkpt lat="47.426746" lon="-121.58519"><ele>683.527466</ele><time>2026-05-23T21:02:10.092Z</time></trkpt><trkpt lat="47.426861" lon="-121.585503"><ele>685.914551</ele><time>2026-05-23T21:02:18.089Z</time></trkpt><trkpt lat="47.426891" lon="-121.58567"><ele>683.453308</ele><time>2026-05-23T21:02:25.092Z</time></trkpt><trkpt lat="47.426918" lon="-121.586311"><ele>675.608582</ele><time>2026-05-23T21:02:25.092Z</time></trkpt><trkpt lat="47.426876" lon="-121.586449"><ele>676.814453</ele><time>2026-05-23T21:02:32.090Z</time></trkpt><trkpt lat="47.426849" lon="-121.586502"><ele>678.587769</ele><time>2026-05-23T21:02:40.090Z</time></trkpt><trkpt lat="47.426807" lon="-121.58654"><ele>679.415955</ele><time>2026-05-23T21:02:47.089Z</time></trkpt><trkpt lat="47.426765" lon="-121.586548"><ele>679.18042</ele><time>2026-05-23T21:02:47.089Z</time></trkpt><trkpt lat="47.426716" lon="-121.586525"><ele>678.058838</ele><time>2026-05-23T17:15:20.080Z</time></trkpt><trkpt lat="47.426617" lon="-121.586288"><ele>672.0979</ele><time>2026-05-23T21:03:08.091Z</time></trkpt><trkpt lat="47.426586" lon="-121.586143"><ele>672.837891</ele><time>2026-05-23T21:03:08.091Z</time></trkpt><trkpt lat="47.426579" lon="-121.58593"><ele>670.837646</ele><time>2026-05-23T21:03:17.088Z</time></trkpt><trkpt lat="47.426533" lon="-121.585648"><ele>671.905518</ele><time>2026-05-23T21:03:27.090Z</time></trkpt><trkpt lat="47.426331" lon="-121.585213"><ele>669.411987</ele><time>2026-05-23T21:03:27.090Z</time></trkpt><trkpt lat="47.426163" lon="-121.584953"><ele>666.904053</ele><time>2026-05-23T21:03:39.092Z</time></trkpt><trkpt lat="47.426003" lon="-121.584602"><ele>666.063416</ele><time>2026-05-23T21:03:51.087Z</time></trkpt><trkpt lat="47.425957" lon="-121.584572"><ele>667.180115</ele><time>2026-05-23T21:03:51.087Z</time></trkpt><trkpt lat="47.425877" lon="-121.58448"><ele>666.069824</ele><time>2026-05-23T21:04:04.091Z</time></trkpt><trkpt lat="47.425697" lon="-121.584244"><ele>662.966064</ele><time>2026-05-23T21:04:57.091Z</time></trkpt><trkpt lat="47.425579" lon="-121.584137"><ele>661.156555</ele><time>2026-05-23T21:04:57.091Z</time></trkpt><trkpt lat="47.425404" lon="-121.584015"><ele>664.552307</ele><time>2026-05-23T21:05:17.092Z</time></trkpt><trkpt lat="47.425224" lon="-121.583923"><ele>662.594788</ele><time>2026-05-23T21:05:17.092Z</time></trkpt><trkpt lat="47.425091" lon="-121.583809"><ele>660.736877</ele><time>2026-05-23T21:06:14.090Z</time></trkpt><trkpt lat="47.424767" lon="-121.583473"><ele>651.845947</ele><time>2026-05-23T21:06:14.090Z</time></trkpt><trkpt lat="47.424717" lon="-121.583473"><ele>651.664246</ele><time>2026-05-23T21:06:29.087Z</time></trkpt><trkpt lat="47.424652" lon="-121.583359"><ele>651.648071</ele><time>2026-05-23T21:06:39.088Z</time></trkpt><trkpt lat="47.424534" lon="-121.583229"><ele>649.709473</ele><time>2026-05-23T21:06:39.088Z</time></trkpt><trkpt lat="47.424419" lon="-121.583015"><ele>650.160339</ele><time>2026-05-23T21:06:52.088Z</time></trkpt><trkpt lat="47.424297" lon="-121.582878"><ele>653.336121</ele><time>2026-05-23T21:07:06.089Z</time></trkpt><trkpt lat="47.424225" lon="-121.582764"><ele>650.400879</ele><time>2026-05-23T21:07:06.089Z</time></trkpt><trkpt lat="47.424107" lon="-121.582527"><ele>650.567993</ele><time>2026-05-23T21:07:17.093Z</time></trkpt><trkpt lat="47.424004" lon="-121.582191"><ele>648.85553</ele><time>2026-05-23T21:07:24.083Z</time></trkpt><trkpt lat="47.423912" lon="-121.581985"><ele>646.521545</ele><time>2026-05-23T21:07:32.090Z</time></trkpt><trkpt lat="47.423523" lon="-121.581429"><ele>648.987793</ele><time>2026-05-23T21:07:32.090Z</time></trkpt><trkpt lat="47.423477" lon="-121.581314"><ele>649.226563</ele><time>2026-05-23T21:07:43.087Z</time></trkpt><trkpt lat="47.42326" lon="-121.581047"><ele>648.763062</ele><time>2026-05-23T21:07:50.089Z</time></trkpt><trkpt lat="47.423191" lon="-121.58094"><ele>646.806824</ele><time>2026-05-23T21:08:04.085Z</time></trkpt><trkpt lat="47.422962" lon="-121.580681"><ele>645.786499</ele><time>2026-05-23T21:08:04.085Z</time></trkpt><trkpt lat="47.422783" lon="-121.580437"><ele>642.58313</ele><time>2026-05-23T21:08:14.080Z</time></trkpt><trkpt lat="47.422543" lon="-121.580208"><ele>641.380859</ele><time>2026-05-23T21:08:25.088Z</time></trkpt><trkpt lat="47.422359" lon="-121.579872"><ele>643.814087</ele><time>2026-05-23T21:08:25.088Z</time></trkpt><trkpt lat="47.422215" lon="-121.579674"><ele>643.364624</ele><time>2026-05-23T21:08:34.089Z</time></trkpt><trkpt lat="47.422165" lon="-121.579659"><ele>642.194275</ele><time>2026-05-23T21:08:48.084Z</time></trkpt><trkpt lat="47.422077" lon="-121.57959"><ele>641.122742</ele><time>2026-05-23T21:08:48.084Z</time></trkpt><trkpt lat="47.42202" lon="-121.579483"><ele>640.073547</ele><time>2026-05-23T21:09:01.085Z</time></trkpt><trkpt lat="47.421844" lon="-121.579338"><ele>639.56134</ele><time>2026-05-23T21:09:16.087Z</time></trkpt><trkpt lat="47.421597" lon="-121.579094"><ele>641.261169</ele><time>2026-05-23T21:09:16.087Z</time></trkpt><trkpt lat="47.421577" lon="-121.579025"><ele>641.771912</ele><time>2026-05-23T21:09:58.087Z</time></trkpt></trkseg></trk></gpx>