<?xml version="1.0" encoding="UTF-8"?>
<gpx xmlns:xsi="http://www.w3.org/2001/XMLSchema-instance" xmlns="http://www.topografix.com/GPX/1/1" xmlns:onx="http://www.onxmaps.com" xsi:schemaLocation="http://www.topografix.com/GPX/1/1 http://www.topografix.com/GPX/1/1/gpx.xsd " version="1.1" creator="onXmaps backcountry ios">
	<trk>
		<name>Mount Baker July 2026</name>
		<extensions>
			<onx:style>dash</onx:style>
			<onx:weight>4.0</onx:weight>
			<onx:color>rgba(0, 255, 255, 1)</onx:color>
		</extensions>
		<trkseg>
			<trkpt lat="48.706806" lon="-121.812592">
				<ele>1018.132507</ele>
				<time>2026-07-12T19:01:03Z</time>
			</trkpt>
			<trkpt lat="48.706844" lon="-121.8125">
				<ele>1018.298523</ele>
				<time>2026-07-12T19:01:04Z</time>
			</trkpt>
			<trkpt lat="48.706802" lon="-121.812469">
				<ele>1013.708252</ele>
				<time>2026-07-12T19:01:11Z</time>
			</trkpt>
			<trkpt lat="48.70681" lon="-121.812408">
				<ele>1016.732483</ele>
				<time>2026-07-12T19:02:07Z</time>
			</trkpt>
			<trkpt lat="48.70676" lon="-121.812454">
				<ele>1012.972412</ele>
				<time>2026-07-12T19:02:31Z</time>
			</trkpt>
			<trkpt lat="48.706657" lon="-121.812531">
				<ele>1016.336121</ele>
				<time>2026-07-12T19:02:37Z</time>
			</trkpt>
			<trkpt lat="48.706623" lon="-121.812576">
				<ele>1013.557068</ele>
				<time>2026-07-12T19:02:42Z</time>
			</trkpt>
			<trkpt lat="48.7066" lon="-121.812637">
				<ele>1012.43457</ele>
				<time>2026-07-12T19:02:46Z</time>
			</trkpt>
			<trkpt lat="48.706573" lon="-121.812691">
				<ele>1013.005859</ele>
				<time>2026-07-12T19:02:50Z</time>
			</trkpt>
			<trkpt lat="48.706562" lon="-121.812843">
				<ele>1015.713928</ele>
				<time>2026-07-12T19:03:00Z</time>
			</trkpt>
			<trkpt lat="48.706566" lon="-121.812912">
				<ele>1018.238525</ele>
				<time>2026-07-12T19:03:05Z</time>
			</trkpt>
			<trkpt lat="48.70657" lon="-121.812988">
				<ele>1016.549744</ele>
				<time>2026-07-12T19:03:09Z</time>
			</trkpt>
			<trkpt lat="48.706566" lon="-121.813072">
				<ele>1017.361389</ele>
				<time>2026-07-12T19:03:14Z</time>
			</trkpt>
			<trkpt lat="48.706577" lon="-121.813148">
				<ele>1017.74646</ele>
				<time>2026-07-12T19:03:19Z</time>
			</trkpt>
			<trkpt lat="48.706589" lon="-121.813225">
				<ele>1017.590637</ele>
				<time>2026-07-12T19:03:24Z</time>
			</trkpt>
			<trkpt lat="48.706604" lon="-121.813286">
				<ele>1020.687012</ele>
				<time>2026-07-12T19:03:30Z</time>
			</trkpt>
			<trkpt lat="48.706608" lon="-121.813362">
				<ele>1020.616028</ele>
				<time>2026-07-12T19:03:36Z</time>
			</trkpt>
			<trkpt lat="48.706581" lon="-121.813423">
				<ele>1021.24231</ele>
				<time>2026-07-12T19:03:41Z</time>
			</trkpt>
			<trkpt lat="48.706551" lon="-121.813477">
				<ele>1024.080688</ele>
				<time>2026-07-12T19:03:46Z</time>
			</trkpt>
			<trkpt lat="48.706524" lon="-121.813538">
				<ele>1021.064148</ele>
				<time>2026-07-12T19:03:51Z</time>
			</trkpt>
			<trkpt lat="48.706436" lon="-121.813614">
				<ele>1017.346313</ele>
				<time>2026-07-12T19:03:59Z</time>
			</trkpt>
			<trkpt lat="48.706326" lon="-121.813606">
				<ele>1020.146606</ele>
				<time>2026-07-12T19:04:09Z</time>
			</trkpt>
			<trkpt lat="48.706276" lon="-121.813622">
				<ele>1019.865112</ele>
				<time>2026-07-12T19:04:14Z</time>
			</trkpt>
			<trkpt lat="48.706238" lon="-121.81366">
				<ele>1022.305359</ele>
				<time>2026-07-12T19:04:25Z</time>
			</trkpt>
			<trkpt lat="48.706238" lon="-121.813736">
				<ele>1021.875305</ele>
				<time>2026-07-12T19:04:29Z</time>
			</trkpt>
			<trkpt lat="48.706223" lon="-121.813797">
				<ele>1024.2948</ele>
				<time>2026-07-12T19:04:36Z</time>
			</trkpt>
			<trkpt lat="48.706181" lon="-121.81395">
				<ele>1023.049866</ele>
				<time>2026-07-12T19:04:46Z</time>
			</trkpt>
			<trkpt lat="48.70615" lon="-121.814011">
				<ele>1023.240906</ele>
				<time>2026-07-12T19:04:52Z</time>
			</trkpt>
			<trkpt lat="48.70612" lon="-121.814064">
				<ele>1022.988953</ele>
				<time>2026-07-12T19:04:57Z</time>
			</trkpt>
			<trkpt lat="48.706059" lon="-121.814171">
				<ele>1025.01355</ele>
				<time>2026-07-12T19:05:06Z</time>
			</trkpt>
			<trkpt lat="48.706028" lon="-121.814224">
				<ele>1024.345581</ele>
				<time>2026-07-12T19:05:10Z</time>
			</trkpt>
			<trkpt lat="48.706005" lon="-121.814285">
				<ele>1022.752014</ele>
				<time>2026-07-12T19:05:14Z</time>
			</trkpt>
			<trkpt lat="48.705986" lon="-121.814354">
				<ele>1024.26416</ele>
				<time>2026-07-12T19:05:20Z</time>
			</trkpt>
			<trkpt lat="48.70599" lon="-121.81443">
				<ele>1024.081177</ele>
				<time>2026-07-12T19:05:24Z</time>
			</trkpt>
			<trkpt lat="48.70599" lon="-121.814514">
				<ele>1023.417175</ele>
				<time>2026-07-12T19:05:30Z</time>
			</trkpt>
			<trkpt lat="48.705967" lon="-121.814575">
				<ele>1025.197754</ele>
				<time>2026-07-12T19:05:35Z</time>
			</trkpt>
			<trkpt lat="48.705963" lon="-121.814644">
				<ele>1025.587036</ele>
				<time>2026-07-12T19:05:40Z</time>
			</trkpt>
			<trkpt lat="48.705944" lon="-121.814713">
				<ele>1025.545044</ele>
				<time>2026-07-12T19:05:45Z</time>
			</trkpt>
			<trkpt lat="48.705902" lon="-121.814835">
				<ele>1026.638428</ele>
				<time>2026-07-12T19:05:53Z</time>
			</trkpt>
			<trkpt lat="48.705872" lon="-121.814888">
				<ele>1026.920898</ele>
				<time>2026-07-12T19:05:57Z</time>
			</trkpt>
			<trkpt lat="48.705833" lon="-121.814926">
				<ele>1026.545166</ele>
				<time>2026-07-12T19:06:02Z</time>
			</trkpt>
			<trkpt lat="48.705799" lon="-121.81498">
				<ele>1026.54541</ele>
				<time>2026-07-12T19:06:06Z</time>
			</trkpt>
			<trkpt lat="48.705765" lon="-121.815033">
				<ele>1026.284912</ele>
				<time>2026-07-12T19:06:11Z</time>
			</trkpt>
			<trkpt lat="48.705753" lon="-121.815117">
				<ele>1027.561768</ele>
				<time>2026-07-12T19:06:16Z</time>
			</trkpt>
			<trkpt lat="48.705769" lon="-121.815186">
				<ele>1027.117554</ele>
				<time>2026-07-12T19:06:21Z</time>
			</trkpt>
			<trkpt lat="48.705788" lon="-121.815262">
				<ele>1029.856445</ele>
				<time>2026-07-12T19:06:28Z</time>
			</trkpt>
			<trkpt lat="48.705788" lon="-121.815338">
				<ele>1029.820801</ele>
				<time>2026-07-12T19:06:33Z</time>
			</trkpt>
			<trkpt lat="48.705784" lon="-121.815407">
				<ele>1029.727173</ele>
				<time>2026-07-12T19:06:39Z</time>
			</trkpt>
			<trkpt lat="48.705776" lon="-121.815475">
				<ele>1032.142456</ele>
				<time>2026-07-12T19:06:44Z</time>
			</trkpt>
			<trkpt lat="48.705769" lon="-121.815536">
				<ele>1032.811523</ele>
				<time>2026-07-12T19:06:49Z</time>
			</trkpt>
			<trkpt lat="48.705753" lon="-121.815605">
				<ele>1032.611572</ele>
				<time>2026-07-12T19:06:54Z</time>
			</trkpt>
			<trkpt lat="48.70573" lon="-121.815674">
				<ele>1032.705933</ele>
				<time>2026-07-12T19:07:02Z</time>
			</trkpt>
			<trkpt lat="48.705704" lon="-121.815735">
				<ele>1034.897217</ele>
				<time>2026-07-12T19:07:08Z</time>
			</trkpt>
			<trkpt lat="48.70565" lon="-121.815849">
				<ele>1035.817993</ele>
				<time>2026-07-12T19:07:20Z</time>
			</trkpt>
			<trkpt lat="48.705612" lon="-121.81591">
				<ele>1036.624268</ele>
				<time>2026-07-12T19:07:24Z</time>
			</trkpt>
			<trkpt lat="48.705585" lon="-121.815971">
				<ele>1035.994385</ele>
				<time>2026-07-12T19:07:29Z</time>
			</trkpt>
			<trkpt lat="48.705513" lon="-121.816154">
				<ele>1040.462402</ele>
				<time>2026-07-12T19:07:45Z</time>
			</trkpt>
			<trkpt lat="48.705494" lon="-121.816231">
				<ele>1039.648926</ele>
				<time>2026-07-12T19:07:49Z</time>
			</trkpt>
			<trkpt lat="48.705482" lon="-121.816368">
				<ele>1036.881592</ele>
				<time>2026-07-12T19:07:57Z</time>
			</trkpt>
			<trkpt lat="48.705502" lon="-121.816429">
				<ele>1038.493164</ele>
				<time>2026-07-12T19:08:01Z</time>
			</trkpt>
			<trkpt lat="48.705482" lon="-121.816498">
				<ele>1038.101563</ele>
				<time>2026-07-12T19:08:06Z</time>
			</trkpt>
			<trkpt lat="48.705467" lon="-121.816559">
				<ele>1038.718628</ele>
				<time>2026-07-12T19:08:10Z</time>
			</trkpt>
			<trkpt lat="48.705467" lon="-121.816628">
				<ele>1040.571533</ele>
				<time>2026-07-12T19:08:15Z</time>
			</trkpt>
			<trkpt lat="48.705456" lon="-121.816696">
				<ele>1038.406128</ele>
				<time>2026-07-12T19:08:20Z</time>
			</trkpt>
			<trkpt lat="48.705444" lon="-121.816757">
				<ele>1038.018433</ele>
				<time>2026-07-12T19:08:24Z</time>
			</trkpt>
			<trkpt lat="48.705456" lon="-121.816833">
				<ele>1039.166748</ele>
				<time>2026-07-12T19:08:29Z</time>
			</trkpt>
			<trkpt lat="48.705418" lon="-121.816895">
				<ele>1038.920654</ele>
				<time>2026-07-12T19:08:34Z</time>
			</trkpt>
			<trkpt lat="48.705391" lon="-121.81694">
				<ele>1039.217407</ele>
				<time>2026-07-12T19:08:38Z</time>
			</trkpt>
			<trkpt lat="48.705353" lon="-121.816978">
				<ele>1040.015991</ele>
				<time>2026-07-12T19:08:42Z</time>
			</trkpt>
			<trkpt lat="48.705315" lon="-121.817032">
				<ele>1039.44873</ele>
				<time>2026-07-12T19:08:47Z</time>
			</trkpt>
			<trkpt lat="48.70525" lon="-121.817139">
				<ele>1041.900879</ele>
				<time>2026-07-12T19:08:57Z</time>
			</trkpt>
			<trkpt lat="48.705238" lon="-121.817215">
				<ele>1044.401733</ele>
				<time>2026-07-12T19:09:03Z</time>
			</trkpt>
			<trkpt lat="48.705231" lon="-121.817276">
				<ele>1043.944824</ele>
				<time>2026-07-12T19:09:07Z</time>
			</trkpt>
			<trkpt lat="48.705212" lon="-121.817421">
				<ele>1045.383057</ele>
				<time>2026-07-12T19:09:16Z</time>
			</trkpt>
			<trkpt lat="48.705181" lon="-121.817467">
				<ele>1045.637085</ele>
				<time>2026-07-12T19:09:20Z</time>
			</trkpt>
			<trkpt lat="48.705173" lon="-121.817535">
				<ele>1046.918335</ele>
				<time>2026-07-12T19:09:26Z</time>
			</trkpt>
			<trkpt lat="48.705189" lon="-121.817604">
				<ele>1047.731812</ele>
				<time>2026-07-12T19:09:33Z</time>
			</trkpt>
			<trkpt lat="48.705212" lon="-121.817665">
				<ele>1045.023926</ele>
				<time>2026-07-12T19:09:39Z</time>
			</trkpt>
			<trkpt lat="48.705235" lon="-121.817726">
				<ele>1045.502075</ele>
				<time>2026-07-12T19:09:43Z</time>
			</trkpt>
			<trkpt lat="48.705204" lon="-121.817856">
				<ele>1046.181763</ele>
				<time>2026-07-12T19:09:51Z</time>
			</trkpt>
			<trkpt lat="48.7052" lon="-121.817932">
				<ele>1047.53772</ele>
				<time>2026-07-12T19:09:56Z</time>
			</trkpt>
			<trkpt lat="48.705242" lon="-121.818161">
				<ele>1046.244019</ele>
				<time>2026-07-12T19:10:11Z</time>
			</trkpt>
			<trkpt lat="48.705269" lon="-121.81823">
				<ele>1046.7854</ele>
				<time>2026-07-12T19:10:17Z</time>
			</trkpt>
			<trkpt lat="48.705292" lon="-121.818298">
				<ele>1046.994995</ele>
				<time>2026-07-12T19:10:23Z</time>
			</trkpt>
			<trkpt lat="48.705315" lon="-121.818367">
				<ele>1046.344238</ele>
				<time>2026-07-12T19:10:28Z</time>
			</trkpt>
			<trkpt lat="48.705334" lon="-121.818428">
				<ele>1047.213135</ele>
				<time>2026-07-12T19:10:32Z</time>
			</trkpt>
			<trkpt lat="48.705334" lon="-121.818504">
				<ele>1047.627197</ele>
				<time>2026-07-12T19:10:37Z</time>
			</trkpt>
			<trkpt lat="48.705326" lon="-121.818573">
				<ele>1049.243896</ele>
				<time>2026-07-12T19:10:42Z</time>
			</trkpt>
			<trkpt lat="48.70533" lon="-121.818642">
				<ele>1048.357788</ele>
				<time>2026-07-12T19:10:46Z</time>
			</trkpt>
			<trkpt lat="48.705345" lon="-121.818703">
				<ele>1048.026123</ele>
				<time>2026-07-12T19:10:55Z</time>
			</trkpt>
			<trkpt lat="48.705353" lon="-121.818771">
				<ele>1048.694214</ele>
				<time>2026-07-12T19:11:05Z</time>
			</trkpt>
			<trkpt lat="48.705353" lon="-121.818848">
				<ele>1047.889404</ele>
				<time>2026-07-12T19:12:48Z</time>
			</trkpt>
			<trkpt lat="48.70536" lon="-121.818924">
				<ele>1049.213867</ele>
				<time>2026-07-12T19:12:54Z</time>
			</trkpt>
			<trkpt lat="48.705341" lon="-121.819061">
				<ele>1050.890137</ele>
				<time>2026-07-12T19:13:05Z</time>
			</trkpt>
			<trkpt lat="48.705338" lon="-121.819138">
				<ele>1050.24707</ele>
				<time>2026-07-12T19:13:11Z</time>
			</trkpt>
			<trkpt lat="48.705338" lon="-121.819206">
				<ele>1050.923462</ele>
				<time>2026-07-12T19:13:16Z</time>
			</trkpt>
			<trkpt lat="48.70533" lon="-121.819344">
				<ele>1051.767578</ele>
				<time>2026-07-12T19:13:26Z</time>
			</trkpt>
			<trkpt lat="48.705276" lon="-121.819481">
				<ele>1052.957153</ele>
				<time>2026-07-12T19:13:36Z</time>
			</trkpt>
			<trkpt lat="48.705254" lon="-121.81955">
				<ele>1053.095337</ele>
				<time>2026-07-12T19:13:41Z</time>
			</trkpt>
			<trkpt lat="48.705235" lon="-121.819611">
				<ele>1054.786743</ele>
				<time>2026-07-12T19:13:48Z</time>
			</trkpt>
			<trkpt lat="48.705212" lon="-121.819687">
				<ele>1053.324585</ele>
				<time>2026-07-12T19:13:53Z</time>
			</trkpt>
			<trkpt lat="48.705246" lon="-121.819748">
				<ele>1053.526367</ele>
				<time>2026-07-12T19:13:59Z</time>
			</trkpt>
			<trkpt lat="48.705288" lon="-121.819855">
				<ele>1055.265137</ele>
				<time>2026-07-12T19:14:09Z</time>
			</trkpt>
			<trkpt lat="48.705315" lon="-121.819916">
				<ele>1054.838867</ele>
				<time>2026-07-12T19:14:14Z</time>
			</trkpt>
			<trkpt lat="48.705338" lon="-121.819984">
				<ele>1055.31897</ele>
				<time>2026-07-12T19:14:26Z</time>
			</trkpt>
			<trkpt lat="48.705349" lon="-121.820045">
				<ele>1056.705444</ele>
				<time>2026-07-12T19:14:32Z</time>
			</trkpt>
			<trkpt lat="48.705376" lon="-121.820114">
				<ele>1056.104736</ele>
				<time>2026-07-12T19:14:38Z</time>
			</trkpt>
			<trkpt lat="48.705379" lon="-121.820175">
				<ele>1057.273193</ele>
				<time>2026-07-12T19:14:43Z</time>
			</trkpt>
			<trkpt lat="48.705399" lon="-121.820244">
				<ele>1055.633667</ele>
				<time>2026-07-12T19:14:48Z</time>
			</trkpt>
			<trkpt lat="48.705414" lon="-121.820313">
				<ele>1055.666504</ele>
				<time>2026-07-12T19:14:53Z</time>
			</trkpt>
			<trkpt lat="48.705429" lon="-121.82045">
				<ele>1056.721924</ele>
				<time>2026-07-12T19:15:01Z</time>
			</trkpt>
			<trkpt lat="48.705437" lon="-121.820526">
				<ele>1056.985474</ele>
				<time>2026-07-12T19:15:06Z</time>
			</trkpt>
			<trkpt lat="48.705421" lon="-121.820671">
				<ele>1058.233521</ele>
				<time>2026-07-12T19:15:15Z</time>
			</trkpt>
			<trkpt lat="48.705414" lon="-121.82074">
				<ele>1058.227295</ele>
				<time>2026-07-12T19:15:19Z</time>
			</trkpt>
			<trkpt lat="48.705402" lon="-121.820808">
				<ele>1057.566162</ele>
				<time>2026-07-12T19:15:24Z</time>
			</trkpt>
			<trkpt lat="48.705391" lon="-121.820877">
				<ele>1057.740479</ele>
				<time>2026-07-12T19:15:29Z</time>
			</trkpt>
			<trkpt lat="48.705372" lon="-121.820938">
				<ele>1056.619263</ele>
				<time>2026-07-12T19:15:33Z</time>
			</trkpt>
			<trkpt lat="48.705257" lon="-121.821091">
				<ele>1060.608643</ele>
				<time>2026-07-12T19:15:47Z</time>
			</trkpt>
			<trkpt lat="48.705254" lon="-121.821152">
				<ele>1060.397461</ele>
				<time>2026-07-12T19:15:52Z</time>
			</trkpt>
			<trkpt lat="48.705238" lon="-121.821228">
				<ele>1059.388428</ele>
				<time>2026-07-12T19:15:57Z</time>
			</trkpt>
			<trkpt lat="48.705223" lon="-121.821365">
				<ele>1060.475586</ele>
				<time>2026-07-12T19:16:06Z</time>
			</trkpt>
			<trkpt lat="48.705219" lon="-121.821434">
				<ele>1062.107422</ele>
				<time>2026-07-12T19:16:11Z</time>
			</trkpt>
			<trkpt lat="48.705212" lon="-121.821503">
				<ele>1060.140259</ele>
				<time>2026-07-12T19:16:16Z</time>
			</trkpt>
			<trkpt lat="48.705215" lon="-121.821571">
				<ele>1062.553833</ele>
				<time>2026-07-12T19:16:21Z</time>
			</trkpt>
			<trkpt lat="48.705212" lon="-121.821632">
				<ele>1061.193359</ele>
				<time>2026-07-12T19:16:26Z</time>
			</trkpt>
			<trkpt lat="48.705231" lon="-121.821709">
				<ele>1060.80896</ele>
				<time>2026-07-12T19:16:32Z</time>
			</trkpt>
			<trkpt lat="48.705254" lon="-121.821777">
				<ele>1061.618896</ele>
				<time>2026-07-12T19:16:36Z</time>
			</trkpt>
			<trkpt lat="48.705273" lon="-121.821831">
				<ele>1061.159546</ele>
				<time>2026-07-12T19:16:40Z</time>
			</trkpt>
			<trkpt lat="48.705288" lon="-121.821892">
				<ele>1060.007813</ele>
				<time>2026-07-12T19:16:44Z</time>
			</trkpt>
			<trkpt lat="48.705303" lon="-121.821968">
				<ele>1060.741943</ele>
				<time>2026-07-12T19:16:49Z</time>
			</trkpt>
			<trkpt lat="48.705322" lon="-121.822029">
				<ele>1060.6427</ele>
				<time>2026-07-12T19:16:53Z</time>
			</trkpt>
			<trkpt lat="48.70533" lon="-121.822098">
				<ele>1061.26001</ele>
				<time>2026-07-12T19:16:57Z</time>
			</trkpt>
			<trkpt lat="48.705341" lon="-121.822166">
				<ele>1061.408813</ele>
				<time>2026-07-12T19:17:02Z</time>
			</trkpt>
			<trkpt lat="48.705364" lon="-121.822227">
				<ele>1060.453491</ele>
				<time>2026-07-12T19:17:06Z</time>
			</trkpt>
			<trkpt lat="48.705383" lon="-121.822296">
				<ele>1060.858521</ele>
				<time>2026-07-12T19:17:10Z</time>
			</trkpt>
			<trkpt lat="48.70541" lon="-121.822365">
				<ele>1060.412842</ele>
				<time>2026-07-12T19:17:15Z</time>
			</trkpt>
			<trkpt lat="48.705444" lon="-121.822418">
				<ele>1059.178955</ele>
				<time>2026-07-12T19:17:20Z</time>
			</trkpt>
			<trkpt lat="48.705463" lon="-121.822479">
				<ele>1060.192139</ele>
				<time>2026-07-12T19:17:24Z</time>
			</trkpt>
			<trkpt lat="48.705494" lon="-121.82254">
				<ele>1062.184082</ele>
				<time>2026-07-12T19:17:29Z</time>
			</trkpt>
			<trkpt lat="48.705524" lon="-121.822601">
				<ele>1062.576904</ele>
				<time>2026-07-12T19:17:34Z</time>
			</trkpt>
			<trkpt lat="48.705608" lon="-121.82267">
				<ele>1063.29187</ele>
				<time>2026-07-12T19:17:44Z</time>
			</trkpt>
			<trkpt lat="48.705647" lon="-121.822708">
				<ele>1064.123413</ele>
				<time>2026-07-12T19:17:48Z</time>
			</trkpt>
			<trkpt lat="48.705673" lon="-121.822762">
				<ele>1062.861206</ele>
				<time>2026-07-12T19:17:52Z</time>
			</trkpt>
			<trkpt lat="48.705704" lon="-121.822815">
				<ele>1063.224487</ele>
				<time>2026-07-12T19:17:56Z</time>
			</trkpt>
			<trkpt lat="48.705734" lon="-121.822861">
				<ele>1061.390503</ele>
				<time>2026-07-12T19:18:48Z</time>
			</trkpt>
			<trkpt lat="48.705746" lon="-121.822929">
				<ele>1060.900757</ele>
				<time>2026-07-12T19:18:54Z</time>
			</trkpt>
			<trkpt lat="48.705791" lon="-121.823044">
				<ele>1062.236572</ele>
				<time>2026-07-12T19:19:03Z</time>
			</trkpt>
			<trkpt lat="48.705799" lon="-121.82312">
				<ele>1062.013184</ele>
				<time>2026-07-12T19:19:08Z</time>
			</trkpt>
			<trkpt lat="48.705788" lon="-121.823196">
				<ele>1063.177002</ele>
				<time>2026-07-12T19:19:12Z</time>
			</trkpt>
			<trkpt lat="48.70578" lon="-121.823265">
				<ele>1063.299194</ele>
				<time>2026-07-12T19:19:17Z</time>
			</trkpt>
			<trkpt lat="48.705788" lon="-121.823341">
				<ele>1062.927612</ele>
				<time>2026-07-12T19:19:22Z</time>
			</trkpt>
			<trkpt lat="48.70591" lon="-121.823555">
				<ele>1063.539185</ele>
				<time>2026-07-12T19:19:42Z</time>
			</trkpt>
			<trkpt lat="48.705944" lon="-121.823601">
				<ele>1063.942749</ele>
				<time>2026-07-12T19:19:46Z</time>
			</trkpt>
			<trkpt lat="48.705986" lon="-121.823654">
				<ele>1063.60498</ele>
				<time>2026-07-12T19:19:51Z</time>
			</trkpt>
			<trkpt lat="48.70602" lon="-121.8237">
				<ele>1063.995605</ele>
				<time>2026-07-12T19:19:56Z</time>
			</trkpt>
			<trkpt lat="48.706059" lon="-121.823738">
				<ele>1064.786865</ele>
				<time>2026-07-12T19:20:00Z</time>
			</trkpt>
			<trkpt lat="48.706089" lon="-121.823784">
				<ele>1064.344727</ele>
				<time>2026-07-12T19:20:04Z</time>
			</trkpt>
			<trkpt lat="48.706127" lon="-121.82383">
				<ele>1065.512939</ele>
				<time>2026-07-12T19:20:08Z</time>
			</trkpt>
			<trkpt lat="48.706165" lon="-121.823883">
				<ele>1064.39209</ele>
				<time>2026-07-12T19:20:14Z</time>
			</trkpt>
			<trkpt lat="48.706211" lon="-121.823914">
				<ele>1064.586426</ele>
				<time>2026-07-12T19:20:19Z</time>
			</trkpt>
			<trkpt lat="48.706333" lon="-121.824051">
				<ele>1067.54541</ele>
				<time>2026-07-12T19:20:33Z</time>
			</trkpt>
			<trkpt lat="48.706364" lon="-121.824104">
				<ele>1069.586548</ele>
				<time>2026-07-12T19:20:38Z</time>
			</trkpt>
			<trkpt lat="48.706402" lon="-121.824158">
				<ele>1068.096313</ele>
				<time>2026-07-12T19:20:43Z</time>
			</trkpt>
			<trkpt lat="48.706429" lon="-121.824211">
				<ele>1067.660767</ele>
				<time>2026-07-12T19:20:47Z</time>
			</trkpt>
			<trkpt lat="48.706459" lon="-121.824272">
				<ele>1068.015747</ele>
				<time>2026-07-12T19:20:52Z</time>
			</trkpt>
			<trkpt lat="48.706493" lon="-121.824333">
				<ele>1067.571655</ele>
				<time>2026-07-12T19:20:56Z</time>
			</trkpt>
			<trkpt lat="48.706532" lon="-121.824394">
				<ele>1067.785278</ele>
				<time>2026-07-12T19:21:01Z</time>
			</trkpt>
			<trkpt lat="48.70657" lon="-121.824448">
				<ele>1068.288818</ele>
				<time>2026-07-12T19:21:06Z</time>
			</trkpt>
			<trkpt lat="48.706604" lon="-121.824493">
				<ele>1069.762573</ele>
				<time>2026-07-12T19:21:11Z</time>
			</trkpt>
			<trkpt lat="48.706635" lon="-121.824539">
				<ele>1070.074097</ele>
				<time>2026-07-12T19:21:15Z</time>
			</trkpt>
			<trkpt lat="48.706661" lon="-121.824593">
				<ele>1069.924072</ele>
				<time>2026-07-12T19:21:19Z</time>
			</trkpt>
			<trkpt lat="48.706696" lon="-121.824654">
				<ele>1070.544312</ele>
				<time>2026-07-12T19:21:24Z</time>
			</trkpt>
			<trkpt lat="48.706726" lon="-121.824692">
				<ele>1070.662476</ele>
				<time>2026-07-12T19:21:28Z</time>
			</trkpt>
			<trkpt lat="48.70676" lon="-121.824745">
				<ele>1070.500854</ele>
				<time>2026-07-12T19:21:33Z</time>
			</trkpt>
			<trkpt lat="48.706818" lon="-121.824844">
				<ele>1072.071655</ele>
				<time>2026-07-12T19:21:42Z</time>
			</trkpt>
			<trkpt lat="48.706856" lon="-121.824898">
				<ele>1073.952026</ele>
				<time>2026-07-12T19:21:48Z</time>
			</trkpt>
			<trkpt lat="48.706894" lon="-121.824944">
				<ele>1074.035034</ele>
				<time>2026-07-12T19:21:53Z</time>
			</trkpt>
			<trkpt lat="48.706924" lon="-121.825005">
				<ele>1072.726318</ele>
				<time>2026-07-12T19:21:57Z</time>
			</trkpt>
			<trkpt lat="48.706955" lon="-121.82505">
				<ele>1072.893555</ele>
				<time>2026-07-12T19:22:01Z</time>
			</trkpt>
			<trkpt lat="48.706982" lon="-121.825111">
				<ele>1071.72229</ele>
				<time>2026-07-12T19:22:06Z</time>
			</trkpt>
			<trkpt lat="48.707024" lon="-121.825172">
				<ele>1072.251221</ele>
				<time>2026-07-12T19:22:11Z</time>
			</trkpt>
			<trkpt lat="48.70705" lon="-121.825226">
				<ele>1074.07959</ele>
				<time>2026-07-12T19:22:17Z</time>
			</trkpt>
			<trkpt lat="48.707088" lon="-121.82534">
				<ele>1072.612427</ele>
				<time>2026-07-12T19:22:24Z</time>
			</trkpt>
			<trkpt lat="48.7071" lon="-121.825409">
				<ele>1072.831055</ele>
				<time>2026-07-12T19:22:28Z</time>
			</trkpt>
			<trkpt lat="48.707127" lon="-121.82547">
				<ele>1072.543945</ele>
				<time>2026-07-12T19:22:32Z</time>
			</trkpt>
			<trkpt lat="48.707176" lon="-121.825607">
				<ele>1071.480957</ele>
				<time>2026-07-12T19:22:42Z</time>
			</trkpt>
			<trkpt lat="48.707199" lon="-121.825668">
				<ele>1071.346313</ele>
				<time>2026-07-12T19:22:46Z</time>
			</trkpt>
			<trkpt lat="48.707218" lon="-121.825798">
				<ele>1071.997803</ele>
				<time>2026-07-12T19:22:54Z</time>
			</trkpt>
			<trkpt lat="48.707241" lon="-121.825928">
				<ele>1074.702393</ele>
				<time>2026-07-12T19:23:05Z</time>
			</trkpt>
			<trkpt lat="48.707279" lon="-121.825966">
				<ele>1076.467407</ele>
				<time>2026-07-12T19:23:10Z</time>
			</trkpt>
			<trkpt lat="48.707317" lon="-121.825989">
				<ele>1076.972778</ele>
				<time>2026-07-12T19:23:14Z</time>
			</trkpt>
			<trkpt lat="48.707363" lon="-121.825996">
				<ele>1078.520874</ele>
				<time>2026-07-12T19:23:19Z</time>
			</trkpt>
			<trkpt lat="48.707401" lon="-121.826035">
				<ele>1078.82312</ele>
				<time>2026-07-12T19:23:24Z</time>
			</trkpt>
			<trkpt lat="48.707443" lon="-121.82605">
				<ele>1078.76062</ele>
				<time>2026-07-12T19:23:29Z</time>
			</trkpt>
			<trkpt lat="48.707481" lon="-121.826088">
				<ele>1081.036255</ele>
				<time>2026-07-12T19:23:34Z</time>
			</trkpt>
			<trkpt lat="48.707569" lon="-121.826141">
				<ele>1083.763184</ele>
				<time>2026-07-12T19:23:44Z</time>
			</trkpt>
			<trkpt lat="48.707615" lon="-121.826141">
				<ele>1084.261719</ele>
				<time>2026-07-12T19:23:49Z</time>
			</trkpt>
			<trkpt lat="48.707661" lon="-121.826134">
				<ele>1084.405884</ele>
				<time>2026-07-12T19:23:56Z</time>
			</trkpt>
			<trkpt lat="48.70771" lon="-121.826134">
				<ele>1085.005615</ele>
				<time>2026-07-12T19:24:01Z</time>
			</trkpt>
			<trkpt lat="48.707802" lon="-121.826111">
				<ele>1082.949951</ele>
				<time>2026-07-12T19:24:11Z</time>
			</trkpt>
			<trkpt lat="48.707939" lon="-121.826149">
				<ele>1084.530762</ele>
				<time>2026-07-12T19:24:24Z</time>
			</trkpt>
			<trkpt lat="48.708031" lon="-121.826187">
				<ele>1084.991699</ele>
				<time>2026-07-12T19:24:33Z</time>
			</trkpt>
			<trkpt lat="48.708088" lon="-121.82621">
				<ele>1084.79248</ele>
				<time>2026-07-12T19:24:38Z</time>
			</trkpt>
			<trkpt lat="48.708141" lon="-121.82621">
				<ele>1086.605835</ele>
				<time>2026-07-12T19:24:46Z</time>
			</trkpt>
			<trkpt lat="48.708183" lon="-121.826233">
				<ele>1087.160767</ele>
				<time>2026-07-12T19:24:52Z</time>
			</trkpt>
			<trkpt lat="48.708229" lon="-121.826248">
				<ele>1089.294067</ele>
				<time>2026-07-12T19:24:57Z</time>
			</trkpt>
			<trkpt lat="48.708275" lon="-121.826263">
				<ele>1089.979858</ele>
				<time>2026-07-12T19:25:01Z</time>
			</trkpt>
			<trkpt lat="48.708317" lon="-121.826294">
				<ele>1090.172363</ele>
				<time>2026-07-12T19:25:05Z</time>
			</trkpt>
			<trkpt lat="48.708363" lon="-121.826332">
				<ele>1091.044922</ele>
				<time>2026-07-12T19:25:11Z</time>
			</trkpt>
			<trkpt lat="48.708405" lon="-121.826355">
				<ele>1091.334839</ele>
				<time>2026-07-12T19:25:17Z</time>
			</trkpt>
			<trkpt lat="48.708454" lon="-121.82634">
				<ele>1095.423828</ele>
				<time>2026-07-12T19:25:25Z</time>
			</trkpt>
			<trkpt lat="48.708496" lon="-121.826378">
				<ele>1096.091431</ele>
				<time>2026-07-12T19:25:31Z</time>
			</trkpt>
			<trkpt lat="48.708591" lon="-121.826393">
				<ele>1090.871826</ele>
				<time>2026-07-12T19:25:41Z</time>
			</trkpt>
			<trkpt lat="48.708645" lon="-121.826378">
				<ele>1089.724487</ele>
				<time>2026-07-12T19:25:47Z</time>
			</trkpt>
			<trkpt lat="48.708694" lon="-121.826401">
				<ele>1089.014038</ele>
				<time>2026-07-12T19:25:53Z</time>
			</trkpt>
			<trkpt lat="48.708736" lon="-121.826416">
				<ele>1090.552124</ele>
				<time>2026-07-12T19:25:58Z</time>
			</trkpt>
			<trkpt lat="48.708782" lon="-121.826408">
				<ele>1090.857422</ele>
				<time>2026-07-12T19:26:04Z</time>
			</trkpt>
			<trkpt lat="48.708832" lon="-121.826385">
				<ele>1090.81543</ele>
				<time>2026-07-12T19:26:12Z</time>
			</trkpt>
			<trkpt lat="48.708878" lon="-121.82637">
				<ele>1091.438477</ele>
				<time>2026-07-12T19:26:18Z</time>
			</trkpt>
			<trkpt lat="48.708965" lon="-121.826332">
				<ele>1094.76355</ele>
				<time>2026-07-12T19:26:28Z</time>
			</trkpt>
			<trkpt lat="48.709007" lon="-121.826347">
				<ele>1096.067139</ele>
				<time>2026-07-12T19:26:32Z</time>
			</trkpt>
			<trkpt lat="48.709038" lon="-121.826401">
				<ele>1096.269043</ele>
				<time>2026-07-12T19:26:39Z</time>
			</trkpt>
			<trkpt lat="48.70908" lon="-121.826401">
				<ele>1100.021362</ele>
				<time>2026-07-12T19:26:48Z</time>
			</trkpt>
			<trkpt lat="48.709126" lon="-121.826416">
				<ele>1097.146606</ele>
				<time>2026-07-12T19:26:54Z</time>
			</trkpt>
			<trkpt lat="48.709167" lon="-121.826462">
				<ele>1096.348511</ele>
				<time>2026-07-12T19:27:00Z</time>
			</trkpt>
			<trkpt lat="48.709209" lon="-121.826439">
				<ele>1093.573486</ele>
				<time>2026-07-12T19:27:07Z</time>
			</trkpt>
			<trkpt lat="48.709301" lon="-121.826416">
				<ele>1097.240723</ele>
				<time>2026-07-12T19:27:17Z</time>
			</trkpt>
			<trkpt lat="48.709343" lon="-121.826447">
				<ele>1097.064331</ele>
				<time>2026-07-12T19:27:22Z</time>
			</trkpt>
			<trkpt lat="48.709385" lon="-121.826469">
				<ele>1097.619019</ele>
				<time>2026-07-12T19:27:27Z</time>
			</trkpt>
			<trkpt lat="48.709427" lon="-121.826492">
				<ele>1097.568481</ele>
				<time>2026-07-12T19:27:34Z</time>
			</trkpt>
			<trkpt lat="48.709473" lon="-121.826523">
				<ele>1099.914673</ele>
				<time>2026-07-12T19:27:43Z</time>
			</trkpt>
			<trkpt lat="48.709518" lon="-121.826538">
				<ele>1099.625122</ele>
				<time>2026-07-12T19:27:48Z</time>
			</trkpt>
			<trkpt lat="48.709614" lon="-121.826523">
				<ele>1104.352539</ele>
				<time>2026-07-12T19:28:00Z</time>
			</trkpt>
			<trkpt lat="48.709652" lon="-121.826477">
				<ele>1105.22937</ele>
				<time>2026-07-12T19:28:08Z</time>
			</trkpt>
			<trkpt lat="48.709747" lon="-121.82653">
				<ele>1104.344849</ele>
				<time>2026-07-12T19:28:21Z</time>
			</trkpt>
			<trkpt lat="48.709785" lon="-121.826584">
				<ele>1104.419312</ele>
				<time>2026-07-12T19:28:26Z</time>
			</trkpt>
			<trkpt lat="48.70982" lon="-121.826622">
				<ele>1104.37439</ele>
				<time>2026-07-12T19:28:30Z</time>
			</trkpt>
			<trkpt lat="48.709839" lon="-121.826683">
				<ele>1104.815796</ele>
				<time>2026-07-12T19:28:34Z</time>
			</trkpt>
			<trkpt lat="48.709869" lon="-121.826813">
				<ele>1103.273438</ele>
				<time>2026-07-12T19:28:43Z</time>
			</trkpt>
			<trkpt lat="48.709881" lon="-121.826874">
				<ele>1106.664795</ele>
				<time>2026-07-12T19:28:51Z</time>
			</trkpt>
			<trkpt lat="48.709919" lon="-121.826912">
				<ele>1108.297485</ele>
				<time>2026-07-12T19:29:01Z</time>
			</trkpt>
			<trkpt lat="48.709965" lon="-121.826942">
				<ele>1107.08728</ele>
				<time>2026-07-12T19:29:06Z</time>
			</trkpt>
			<trkpt lat="48.710007" lon="-121.826958">
				<ele>1107.019775</ele>
				<time>2026-07-12T19:29:13Z</time>
			</trkpt>
			<trkpt lat="48.710049" lon="-121.826981">
				<ele>1105.72998</ele>
				<time>2026-07-12T19:29:21Z</time>
			</trkpt>
			<trkpt lat="48.710094" lon="-121.826973">
				<ele>1104.924805</ele>
				<time>2026-07-12T19:29:27Z</time>
			</trkpt>
			<trkpt lat="48.710136" lon="-121.826996">
				<ele>1106.798218</ele>
				<time>2026-07-12T19:29:35Z</time>
			</trkpt>
			<trkpt lat="48.710373" lon="-121.827065">
				<ele>1111.391357</ele>
				<time>2026-07-12T19:30:05Z</time>
			</trkpt>
			<trkpt lat="48.710419" lon="-121.827087">
				<ele>1111.083496</ele>
				<time>2026-07-12T19:30:11Z</time>
			</trkpt>
			<trkpt lat="48.710464" lon="-121.827103">
				<ele>1112.337646</ele>
				<time>2026-07-12T19:30:17Z</time>
			</trkpt>
			<trkpt lat="48.710487" lon="-121.827164">
				<ele>1114.371582</ele>
				<time>2026-07-12T19:30:23Z</time>
			</trkpt>
			<trkpt lat="48.710472" lon="-121.827225">
				<ele>1112.137207</ele>
				<time>2026-07-12T19:30:31Z</time>
			</trkpt>
			<trkpt lat="48.710514" lon="-121.827286">
				<ele>1110.726807</ele>
				<time>2026-07-12T19:30:36Z</time>
			</trkpt>
			<trkpt lat="48.710602" lon="-121.827324">
				<ele>1116.613525</ele>
				<time>2026-07-12T19:30:53Z</time>
			</trkpt>
			<trkpt lat="48.71064" lon="-121.827354">
				<ele>1116.720825</ele>
				<time>2026-07-12T19:30:58Z</time>
			</trkpt>
			<trkpt lat="48.710686" lon="-121.827354">
				<ele>1117.096558</ele>
				<time>2026-07-12T19:31:02Z</time>
			</trkpt>
			<trkpt lat="48.710732" lon="-121.827385">
				<ele>1119.100708</ele>
				<time>2026-07-12T19:31:09Z</time>
			</trkpt>
			<trkpt lat="48.710819" lon="-121.827423">
				<ele>1115.4729</ele>
				<time>2026-07-12T19:31:22Z</time>
			</trkpt>
			<trkpt lat="48.710865" lon="-121.827461">
				<ele>1116.236572</ele>
				<time>2026-07-12T19:31:28Z</time>
			</trkpt>
			<trkpt lat="48.710896" lon="-121.827507">
				<ele>1116.078247</ele>
				<time>2026-07-12T19:31:34Z</time>
			</trkpt>
			<trkpt lat="48.710938" lon="-121.827522">
				<ele>1115.866699</ele>
				<time>2026-07-12T19:31:41Z</time>
			</trkpt>
			<trkpt lat="48.71096" lon="-121.827583">
				<ele>1115.787598</ele>
				<time>2026-07-12T19:31:47Z</time>
			</trkpt>
			<trkpt lat="48.710987" lon="-121.827637">
				<ele>1116.998413</ele>
				<time>2026-07-12T19:31:53Z</time>
			</trkpt>
			<trkpt lat="48.711033" lon="-121.82766">
				<ele>1119.445313</ele>
				<time>2026-07-12T19:32:00Z</time>
			</trkpt>
			<trkpt lat="48.711124" lon="-121.827682">
				<ele>1121.920288</ele>
				<time>2026-07-12T19:32:13Z</time>
			</trkpt>
			<trkpt lat="48.71117" lon="-121.827682">
				<ele>1122.554688</ele>
				<time>2026-07-12T19:32:21Z</time>
			</trkpt>
			<trkpt lat="48.711262" lon="-121.827698">
				<ele>1121.383179</ele>
				<time>2026-07-12T19:32:37Z</time>
			</trkpt>
			<trkpt lat="48.711296" lon="-121.827751">
				<ele>1123.783447</ele>
				<time>2026-07-12T19:32:45Z</time>
			</trkpt>
			<trkpt lat="48.711376" lon="-121.82782">
				<ele>1124.586548</ele>
				<time>2026-07-12T19:32:58Z</time>
			</trkpt>
			<trkpt lat="48.711418" lon="-121.82785">
				<ele>1123.984131</ele>
				<time>2026-07-12T19:33:05Z</time>
			</trkpt>
			<trkpt lat="48.711456" lon="-121.827896">
				<ele>1123.665527</ele>
				<time>2026-07-12T19:33:12Z</time>
			</trkpt>
			<trkpt lat="48.711498" lon="-121.827896">
				<ele>1124.520996</ele>
				<time>2026-07-12T19:33:24Z</time>
			</trkpt>
			<trkpt lat="48.71159" lon="-121.827957">
				<ele>1129.141113</ele>
				<time>2026-07-12T19:33:41Z</time>
			</trkpt>
			<trkpt lat="48.711632" lon="-121.827972">
				<ele>1129.529419</ele>
				<time>2026-07-12T19:33:47Z</time>
			</trkpt>
			<trkpt lat="48.71167" lon="-121.828018">
				<ele>1128.593628</ele>
				<time>2026-07-12T19:33:54Z</time>
			</trkpt>
			<trkpt lat="48.711704" lon="-121.828056">
				<ele>1132.466187</ele>
				<time>2026-07-12T19:34:04Z</time>
			</trkpt>
			<trkpt lat="48.711727" lon="-121.82811">
				<ele>1131.986694</ele>
				<time>2026-07-12T19:34:09Z</time>
			</trkpt>
			<trkpt lat="48.711761" lon="-121.828247">
				<ele>1128.907959</ele>
				<time>2026-07-12T19:34:17Z</time>
			</trkpt>
			<trkpt lat="48.711781" lon="-121.828308">
				<ele>1128.082031</ele>
				<time>2026-07-12T19:34:35Z</time>
			</trkpt>
			<trkpt lat="48.711838" lon="-121.8284">
				<ele>1125.565918</ele>
				<time>2026-07-12T19:34:48Z</time>
			</trkpt>
			<trkpt lat="48.711918" lon="-121.828484">
				<ele>1128.886597</ele>
				<time>2026-07-12T19:35:04Z</time>
			</trkpt>
			<trkpt lat="48.71199" lon="-121.828568">
				<ele>1129.676392</ele>
				<time>2026-07-12T19:35:22Z</time>
			</trkpt>
			<trkpt lat="48.712002" lon="-121.828636">
				<ele>1130.809448</ele>
				<time>2026-07-12T19:35:30Z</time>
			</trkpt>
			<trkpt lat="48.712006" lon="-121.828705">
				<ele>1130.668945</ele>
				<time>2026-07-12T19:35:36Z</time>
			</trkpt>
			<trkpt lat="48.71204" lon="-121.828758">
				<ele>1131.244385</ele>
				<time>2026-07-12T19:35:43Z</time>
			</trkpt>
			<trkpt lat="48.712063" lon="-121.828819">
				<ele>1131.283447</ele>
				<time>2026-07-12T19:35:52Z</time>
			</trkpt>
			<trkpt lat="48.712173" lon="-121.828934">
				<ele>1134.584473</ele>
				<time>2026-07-12T19:36:17Z</time>
			</trkpt>
			<trkpt lat="48.7122" lon="-121.828995">
				<ele>1135.165283</ele>
				<time>2026-07-12T19:36:23Z</time>
			</trkpt>
			<trkpt lat="48.712234" lon="-121.829033">
				<ele>1133.488037</ele>
				<time>2026-07-12T19:36:28Z</time>
			</trkpt>
			<trkpt lat="48.712318" lon="-121.829109">
				<ele>1136.091919</ele>
				<time>2026-07-12T19:36:43Z</time>
			</trkpt>
			<trkpt lat="48.71236" lon="-121.829117">
				<ele>1136.442749</ele>
				<time>2026-07-12T19:36:50Z</time>
			</trkpt>
			<trkpt lat="48.712402" lon="-121.829124">
				<ele>1139.302612</ele>
				<time>2026-07-12T19:36:59Z</time>
			</trkpt>
			<trkpt lat="48.712437" lon="-121.829178">
				<ele>1138.991699</ele>
				<time>2026-07-12T19:37:04Z</time>
			</trkpt>
			<trkpt lat="48.712471" lon="-121.829224">
				<ele>1137.492188</ele>
				<time>2026-07-12T19:37:13Z</time>
			</trkpt>
			<trkpt lat="48.712494" lon="-121.829292">
				<ele>1137.417969</ele>
				<time>2026-07-12T19:37:20Z</time>
			</trkpt>
			<trkpt lat="48.712547" lon="-121.829391">
				<ele>1140.361084</ele>
				<time>2026-07-12T19:37:35Z</time>
			</trkpt>
			<trkpt lat="48.712597" lon="-121.829391">
				<ele>1142.98584</ele>
				<time>2026-07-12T19:37:44Z</time>
			</trkpt>
			<trkpt lat="48.71262" lon="-121.829453">
				<ele>1141.731934</ele>
				<time>2026-07-12T19:37:55Z</time>
			</trkpt>
			<trkpt lat="48.712685" lon="-121.829567">
				<ele>1143.112671</ele>
				<time>2026-07-12T19:38:24Z</time>
			</trkpt>
			<trkpt lat="48.712742" lon="-121.829666">
				<ele>1138.961914</ele>
				<time>2026-07-12T19:38:46Z</time>
			</trkpt>
			<trkpt lat="48.712811" lon="-121.829758">
				<ele>1139.778931</ele>
				<time>2026-07-12T19:39:03Z</time>
			</trkpt>
			<trkpt lat="48.712845" lon="-121.829803">
				<ele>1138.5354</ele>
				<time>2026-07-12T19:39:12Z</time>
			</trkpt>
			<trkpt lat="48.712891" lon="-121.829811">
				<ele>1140.076782</ele>
				<time>2026-07-12T19:39:19Z</time>
			</trkpt>
			<trkpt lat="48.712967" lon="-121.82988">
				<ele>1142.787598</ele>
				<time>2026-07-12T19:39:36Z</time>
			</trkpt>
			<trkpt lat="48.712997" lon="-121.829933">
				<ele>1143.141846</ele>
				<time>2026-07-12T19:39:42Z</time>
			</trkpt>
			<trkpt lat="48.712997" lon="-121.830002">
				<ele>1143.324707</ele>
				<time>2026-07-12T19:39:48Z</time>
			</trkpt>
			<trkpt lat="48.713066" lon="-121.830101">
				<ele>1145.272339</ele>
				<time>2026-07-12T19:40:07Z</time>
			</trkpt>
			<trkpt lat="48.713085" lon="-121.830162">
				<ele>1145.897217</ele>
				<time>2026-07-12T19:40:12Z</time>
			</trkpt>
			<trkpt lat="48.713131" lon="-121.8302">
				<ele>1147.286133</ele>
				<time>2026-07-12T19:40:22Z</time>
			</trkpt>
			<trkpt lat="48.713173" lon="-121.830185">
				<ele>1152.994263</ele>
				<time>2026-07-12T19:40:33Z</time>
			</trkpt>
			<trkpt lat="48.713223" lon="-121.830223">
				<ele>1151.500366</ele>
				<time>2026-07-12T19:40:41Z</time>
			</trkpt>
			<trkpt lat="48.713268" lon="-121.830215">
				<ele>1151.510864</ele>
				<time>2026-07-12T19:40:47Z</time>
			</trkpt>
			<trkpt lat="48.71331" lon="-121.830193">
				<ele>1152.549927</ele>
				<time>2026-07-12T19:40:57Z</time>
			</trkpt>
			<trkpt lat="48.71336" lon="-121.830063">
				<ele>1153.613281</ele>
				<time>2026-07-12T19:41:13Z</time>
			</trkpt>
			<trkpt lat="48.713398" lon="-121.830032">
				<ele>1157.431152</ele>
				<time>2026-07-12T19:41:22Z</time>
			</trkpt>
			<trkpt lat="48.713448" lon="-121.830009">
				<ele>1156.395752</ele>
				<time>2026-07-12T19:41:31Z</time>
			</trkpt>
			<trkpt lat="48.71349" lon="-121.830032">
				<ele>1159.921021</ele>
				<time>2026-07-12T19:41:39Z</time>
			</trkpt>
			<trkpt lat="48.713573" lon="-121.830078">
				<ele>1161.850708</ele>
				<time>2026-07-12T19:41:52Z</time>
			</trkpt>
			<trkpt lat="48.713615" lon="-121.830078">
				<ele>1164.652466</ele>
				<time>2026-07-12T19:42:02Z</time>
			</trkpt>
			<trkpt lat="48.713661" lon="-121.830093">
				<ele>1164.707031</ele>
				<time>2026-07-12T19:42:08Z</time>
			</trkpt>
			<trkpt lat="48.713802" lon="-121.830101">
				<ele>1167.772705</ele>
				<time>2026-07-12T19:42:28Z</time>
			</trkpt>
			<trkpt lat="48.713852" lon="-121.830132">
				<ele>1169.429688</ele>
				<time>2026-07-12T19:42:34Z</time>
			</trkpt>
			<trkpt lat="48.713894" lon="-121.830162">
				<ele>1166.628662</ele>
				<time>2026-07-12T19:42:38Z</time>
			</trkpt>
			<trkpt lat="48.713928" lon="-121.830223">
				<ele>1165.973511</ele>
				<time>2026-07-12T19:42:42Z</time>
			</trkpt>
			<trkpt lat="48.71389" lon="-121.830338">
				<ele>1163.383179</ele>
				<time>2026-07-12T19:42:52Z</time>
			</trkpt>
			<trkpt lat="48.714016" lon="-121.830414">
				<ele>1168.917969</ele>
				<time>2026-07-12T19:43:21Z</time>
			</trkpt>
			<trkpt lat="48.714066" lon="-121.830437">
				<ele>1172.302856</ele>
				<time>2026-07-12T19:43:33Z</time>
			</trkpt>
			<trkpt lat="48.714115" lon="-121.830444">
				<ele>1170.488037</ele>
				<time>2026-07-12T19:43:43Z</time>
			</trkpt>
			<trkpt lat="48.714157" lon="-121.830475">
				<ele>1173.974487</ele>
				<time>2026-07-12T19:43:51Z</time>
			</trkpt>
			<trkpt lat="48.714188" lon="-121.830528">
				<ele>1174.720947</ele>
				<time>2026-07-12T19:43:57Z</time>
			</trkpt>
			<trkpt lat="48.714191" lon="-121.830597">
				<ele>1174.950195</ele>
				<time>2026-07-12T19:44:06Z</time>
			</trkpt>
			<trkpt lat="48.71418" lon="-121.830742">
				<ele>1177.733521</ele>
				<time>2026-07-12T19:44:18Z</time>
			</trkpt>
			<trkpt lat="48.714203" lon="-121.830803">
				<ele>1180.216675</ele>
				<time>2026-07-12T19:44:27Z</time>
			</trkpt>
			<trkpt lat="48.714222" lon="-121.830933">
				<ele>1180.819458</ele>
				<time>2026-07-12T19:44:37Z</time>
			</trkpt>
			<trkpt lat="48.714199" lon="-121.831009">
				<ele>1180.066895</ele>
				<time>2026-07-12T19:44:41Z</time>
			</trkpt>
			<trkpt lat="48.714153" lon="-121.831017">
				<ele>1178.42627</ele>
				<time>2026-07-12T19:44:46Z</time>
			</trkpt>
			<trkpt lat="48.714108" lon="-121.831009">
				<ele>1178.913574</ele>
				<time>2026-07-12T19:44:52Z</time>
			</trkpt>
			<trkpt lat="48.714008" lon="-121.831062">
				<ele>1183.526733</ele>
				<time>2026-07-12T19:45:05Z</time>
			</trkpt>
			<trkpt lat="48.713963" lon="-121.831078">
				<ele>1184.395996</ele>
				<time>2026-07-12T19:45:11Z</time>
			</trkpt>
			<trkpt lat="48.713924" lon="-121.831116">
				<ele>1182.484009</ele>
				<time>2026-07-12T19:45:17Z</time>
			</trkpt>
			<trkpt lat="48.713871" lon="-121.831238">
				<ele>1181.036377</ele>
				<time>2026-07-12T19:45:28Z</time>
			</trkpt>
			<trkpt lat="48.713837" lon="-121.831276">
				<ele>1181.795044</ele>
				<time>2026-07-12T19:45:32Z</time>
			</trkpt>
			<trkpt lat="48.713791" lon="-121.831291">
				<ele>1180.646362</ele>
				<time>2026-07-12T19:45:38Z</time>
			</trkpt>
			<trkpt lat="48.713741" lon="-121.831276">
				<ele>1181.762939</ele>
				<time>2026-07-12T19:45:44Z</time>
			</trkpt>
			<trkpt lat="48.713737" lon="-121.831352">
				<ele>1185.789185</ele>
				<time>2026-07-12T19:45:57Z</time>
			</trkpt>
			<trkpt lat="48.713734" lon="-121.831421">
				<ele>1184.917847</ele>
				<time>2026-07-12T19:46:03Z</time>
			</trkpt>
			<trkpt lat="48.713734" lon="-121.83149">
				<ele>1183.17749</ele>
				<time>2026-07-12T19:46:07Z</time>
			</trkpt>
			<trkpt lat="48.713726" lon="-121.831558">
				<ele>1185.521484</ele>
				<time>2026-07-12T19:46:19Z</time>
			</trkpt>
			<trkpt lat="48.713699" lon="-121.831612">
				<ele>1189.133057</ele>
				<time>2026-07-12T19:46:26Z</time>
			</trkpt>
			<trkpt lat="48.713688" lon="-121.831688">
				<ele>1188.620728</ele>
				<time>2026-07-12T19:46:31Z</time>
			</trkpt>
			<trkpt lat="48.713661" lon="-121.831741">
				<ele>1189.705078</ele>
				<time>2026-07-12T19:46:37Z</time>
			</trkpt>
			<trkpt lat="48.713634" lon="-121.831795">
				<ele>1187.310181</ele>
				<time>2026-07-12T19:46:46Z</time>
			</trkpt>
			<trkpt lat="48.713608" lon="-121.831848">
				<ele>1186.964722</ele>
				<time>2026-07-12T19:46:51Z</time>
			</trkpt>
			<trkpt lat="48.713562" lon="-121.831871">
				<ele>1185.260132</ele>
				<time>2026-07-12T19:46:56Z</time>
			</trkpt>
			<trkpt lat="48.713486" lon="-121.831955">
				<ele>1188.999268</ele>
				<time>2026-07-12T19:47:06Z</time>
			</trkpt>
			<trkpt lat="48.713482" lon="-121.832024">
				<ele>1189.199707</ele>
				<time>2026-07-12T19:47:18Z</time>
			</trkpt>
			<trkpt lat="48.713474" lon="-121.832108">
				<ele>1190.878784</ele>
				<time>2026-07-12T19:47:26Z</time>
			</trkpt>
			<trkpt lat="48.713493" lon="-121.832169">
				<ele>1191.534058</ele>
				<time>2026-07-12T19:47:31Z</time>
			</trkpt>
			<trkpt lat="48.713543" lon="-121.832283">
				<ele>1196.60791</ele>
				<time>2026-07-12T19:47:47Z</time>
			</trkpt>
			<trkpt lat="48.713631" lon="-121.83239">
				<ele>1200.790161</ele>
				<time>2026-07-12T19:48:01Z</time>
			</trkpt>
			<trkpt lat="48.713676" lon="-121.832428">
				<ele>1202.105103</ele>
				<time>2026-07-12T19:48:10Z</time>
			</trkpt>
			<trkpt lat="48.713722" lon="-121.832451">
				<ele>1202.36438</ele>
				<time>2026-07-12T19:48:15Z</time>
			</trkpt>
			<trkpt lat="48.71376" lon="-121.832481">
				<ele>1205.432739</ele>
				<time>2026-07-12T19:48:21Z</time>
			</trkpt>
			<trkpt lat="48.713776" lon="-121.83255">
				<ele>1205.931763</ele>
				<time>2026-07-12T19:48:27Z</time>
			</trkpt>
			<trkpt lat="48.713745" lon="-121.832603">
				<ele>1205.275757</ele>
				<time>2026-07-12T19:48:33Z</time>
			</trkpt>
			<trkpt lat="48.713734" lon="-121.832695">
				<ele>1205.396851</ele>
				<time>2026-07-12T19:48:41Z</time>
			</trkpt>
			<trkpt lat="48.713722" lon="-121.832771">
				<ele>1206.210205</ele>
				<time>2026-07-12T19:48:49Z</time>
			</trkpt>
			<trkpt lat="48.713718" lon="-121.832832">
				<ele>1205.009399</ele>
				<time>2026-07-12T19:48:54Z</time>
			</trkpt>
			<trkpt lat="48.713699" lon="-121.832893">
				<ele>1204.415527</ele>
				<time>2026-07-12T19:48:59Z</time>
			</trkpt>
			<trkpt lat="48.71368" lon="-121.832954">
				<ele>1204.421265</ele>
				<time>2026-07-12T19:49:04Z</time>
			</trkpt>
			<trkpt lat="48.71365" lon="-121.833">
				<ele>1203.634277</ele>
				<time>2026-07-12T19:49:08Z</time>
			</trkpt>
			<trkpt lat="48.713608" lon="-121.833038">
				<ele>1201.36731</ele>
				<time>2026-07-12T19:49:14Z</time>
			</trkpt>
			<trkpt lat="48.713585" lon="-121.833099">
				<ele>1202.692505</ele>
				<time>2026-07-12T19:49:20Z</time>
			</trkpt>
			<trkpt lat="48.7136" lon="-121.833168">
				<ele>1206.797119</ele>
				<time>2026-07-12T19:49:29Z</time>
			</trkpt>
			<trkpt lat="48.7136" lon="-121.833237">
				<ele>1207.677124</ele>
				<time>2026-07-12T19:49:36Z</time>
			</trkpt>
			<trkpt lat="48.7136" lon="-121.833382">
				<ele>1208.194336</ele>
				<time>2026-07-12T19:49:47Z</time>
			</trkpt>
			<trkpt lat="48.71357" lon="-121.833435">
				<ele>1209.73999</ele>
				<time>2026-07-12T19:49:55Z</time>
			</trkpt>
			<trkpt lat="48.713547" lon="-121.833488">
				<ele>1215.232788</ele>
				<time>2026-07-12T19:50:06Z</time>
			</trkpt>
			<trkpt lat="48.713558" lon="-121.833557">
				<ele>1212.795288</ele>
				<time>2026-07-12T19:50:11Z</time>
			</trkpt>
			<trkpt lat="48.713543" lon="-121.833633">
				<ele>1215.311279</ele>
				<time>2026-07-12T19:50:19Z</time>
			</trkpt>
			<trkpt lat="48.713554" lon="-121.83371">
				<ele>1212.743042</ele>
				<time>2026-07-12T19:50:22Z</time>
			</trkpt>
			<trkpt lat="48.713566" lon="-121.833778">
				<ele>1213.353027</ele>
				<time>2026-07-12T19:50:27Z</time>
			</trkpt>
			<trkpt lat="48.713554" lon="-121.833839">
				<ele>1213.074463</ele>
				<time>2026-07-12T19:50:35Z</time>
			</trkpt>
			<trkpt lat="48.713535" lon="-121.8339">
				<ele>1212.931641</ele>
				<time>2026-07-12T19:50:41Z</time>
			</trkpt>
			<trkpt lat="48.713539" lon="-121.833977">
				<ele>1215.501099</ele>
				<time>2026-07-12T19:50:49Z</time>
			</trkpt>
			<trkpt lat="48.713554" lon="-121.834038">
				<ele>1215.075806</ele>
				<time>2026-07-12T19:50:53Z</time>
			</trkpt>
			<trkpt lat="48.713562" lon="-121.834106">
				<ele>1215.007813</ele>
				<time>2026-07-12T19:51:01Z</time>
			</trkpt>
			<trkpt lat="48.713589" lon="-121.834183">
				<ele>1220.642212</ele>
				<time>2026-07-12T19:51:11Z</time>
			</trkpt>
			<trkpt lat="48.713581" lon="-121.834274">
				<ele>1217.809326</ele>
				<time>2026-07-12T19:51:22Z</time>
			</trkpt>
			<trkpt lat="48.713566" lon="-121.834343">
				<ele>1217.612671</ele>
				<time>2026-07-12T19:51:28Z</time>
			</trkpt>
			<trkpt lat="48.713566" lon="-121.834412">
				<ele>1215.023438</ele>
				<time>2026-07-12T19:51:34Z</time>
			</trkpt>
			<trkpt lat="48.713593" lon="-121.834541">
				<ele>1217.833252</ele>
				<time>2026-07-12T19:51:52Z</time>
			</trkpt>
			<trkpt lat="48.713604" lon="-121.83461">
				<ele>1220.192993</ele>
				<time>2026-07-12T19:52:02Z</time>
			</trkpt>
			<trkpt lat="48.713615" lon="-121.834671">
				<ele>1220.803589</ele>
				<time>2026-07-12T19:52:07Z</time>
			</trkpt>
			<trkpt lat="48.713627" lon="-121.83474">
				<ele>1223.156006</ele>
				<time>2026-07-12T19:52:18Z</time>
			</trkpt>
			<trkpt lat="48.713638" lon="-121.834801">
				<ele>1223.207031</ele>
				<time>2026-07-12T19:52:23Z</time>
			</trkpt>
			<trkpt lat="48.713646" lon="-121.834862">
				<ele>1225.669067</ele>
				<time>2026-07-12T19:52:29Z</time>
			</trkpt>
			<trkpt lat="48.713676" lon="-121.834915">
				<ele>1225.336304</ele>
				<time>2026-07-12T19:52:39Z</time>
			</trkpt>
			<trkpt lat="48.713718" lon="-121.834946">
				<ele>1229.24292</ele>
				<time>2026-07-12T19:52:49Z</time>
			</trkpt>
			<trkpt lat="48.713749" lon="-121.834991">
				<ele>1228.949219</ele>
				<time>2026-07-12T19:52:55Z</time>
			</trkpt>
			<trkpt lat="48.713787" lon="-121.83503">
				<ele>1231.713867</ele>
				<time>2026-07-12T19:53:04Z</time>
			</trkpt>
			<trkpt lat="48.713833" lon="-121.83503">
				<ele>1233.174927</ele>
				<time>2026-07-12T19:53:12Z</time>
			</trkpt>
			<trkpt lat="48.713875" lon="-121.83506">
				<ele>1233.629639</ele>
				<time>2026-07-12T19:53:18Z</time>
			</trkpt>
			<trkpt lat="48.713894" lon="-121.835121">
				<ele>1233.588135</ele>
				<time>2026-07-12T19:53:25Z</time>
			</trkpt>
			<trkpt lat="48.713921" lon="-121.835175">
				<ele>1233.71814</ele>
				<time>2026-07-12T19:53:31Z</time>
			</trkpt>
			<trkpt lat="48.713963" lon="-121.835197">
				<ele>1239.25061</ele>
				<time>2026-07-12T19:53:43Z</time>
			</trkpt>
			<trkpt lat="48.714012" lon="-121.835236">
				<ele>1242.857544</ele>
				<time>2026-07-12T19:53:53Z</time>
			</trkpt>
			<trkpt lat="48.714054" lon="-121.835274">
				<ele>1240.705078</ele>
				<time>2026-07-12T19:54:00Z</time>
			</trkpt>
			<trkpt lat="48.714092" lon="-121.835312">
				<ele>1240.641602</ele>
				<time>2026-07-12T19:54:08Z</time>
			</trkpt>
			<trkpt lat="48.714169" lon="-121.835373">
				<ele>1242.026611</ele>
				<time>2026-07-12T19:54:21Z</time>
			</trkpt>
			<trkpt lat="48.714214" lon="-121.835403">
				<ele>1245.577026</ele>
				<time>2026-07-12T19:54:31Z</time>
			</trkpt>
			<trkpt lat="48.714226" lon="-121.835472">
				<ele>1243.30127</ele>
				<time>2026-07-12T19:54:38Z</time>
			</trkpt>
			<trkpt lat="48.714252" lon="-121.835533">
				<ele>1246.161377</ele>
				<time>2026-07-12T19:54:51Z</time>
			</trkpt>
			<trkpt lat="48.71423" lon="-121.83548">
				<ele>1251.205688</ele>
				<time>2026-07-12T19:55:04Z</time>
			</trkpt>
			<trkpt lat="48.714249" lon="-121.835419">
				<ele>1252.694336</ele>
				<time>2026-07-12T19:55:14Z</time>
			</trkpt>
			<trkpt lat="48.71423" lon="-121.835358">
				<ele>1254.632568</ele>
				<time>2026-07-12T19:55:21Z</time>
			</trkpt>
			<trkpt lat="48.714241" lon="-121.835289">
				<ele>1253.88147</ele>
				<time>2026-07-12T19:55:28Z</time>
			</trkpt>
			<trkpt lat="48.714214" lon="-121.835228">
				<ele>1255.62561</ele>
				<time>2026-07-12T19:55:36Z</time>
			</trkpt>
			<trkpt lat="48.714165" lon="-121.835228">
				<ele>1256.772949</ele>
				<time>2026-07-12T19:55:42Z</time>
			</trkpt>
			<trkpt lat="48.714127" lon="-121.835182">
				<ele>1256.105103</ele>
				<time>2026-07-12T19:55:49Z</time>
			</trkpt>
			<trkpt lat="48.714111" lon="-121.835114">
				<ele>1254.537964</ele>
				<time>2026-07-12T19:55:54Z</time>
			</trkpt>
			<trkpt lat="48.714058" lon="-121.834915">
				<ele>1249.409668</ele>
				<time>2026-07-12T19:56:16Z</time>
			</trkpt>
			<trkpt lat="48.714031" lon="-121.834854">
				<ele>1248.877808</ele>
				<time>2026-07-12T19:56:26Z</time>
			</trkpt>
			<trkpt lat="48.714001" lon="-121.834808">
				<ele>1253.630737</ele>
				<time>2026-07-12T19:56:35Z</time>
			</trkpt>
			<trkpt lat="48.713974" lon="-121.834755">
				<ele>1255.486938</ele>
				<time>2026-07-12T19:56:41Z</time>
			</trkpt>
			<trkpt lat="48.713963" lon="-121.834686">
				<ele>1255.660156</ele>
				<time>2026-07-12T19:56:47Z</time>
			</trkpt>
			<trkpt lat="48.713966" lon="-121.834625">
				<ele>1254.271484</ele>
				<time>2026-07-12T19:56:52Z</time>
			</trkpt>
			<trkpt lat="48.713997" lon="-121.834557">
				<ele>1255.789429</ele>
				<time>2026-07-12T19:56:57Z</time>
			</trkpt>
			<trkpt lat="48.714035" lon="-121.834503">
				<ele>1258.527344</ele>
				<time>2026-07-12T19:57:05Z</time>
			</trkpt>
			<trkpt lat="48.71405" lon="-121.834442">
				<ele>1259.386597</ele>
				<time>2026-07-12T19:57:10Z</time>
			</trkpt>
			<trkpt lat="48.714066" lon="-121.834381">
				<ele>1259.662842</ele>
				<time>2026-07-12T19:57:15Z</time>
			</trkpt>
			<trkpt lat="48.714081" lon="-121.834312">
				<ele>1261.176147</ele>
				<time>2026-07-12T19:57:21Z</time>
			</trkpt>
			<trkpt lat="48.714077" lon="-121.834244">
				<ele>1265.166748</ele>
				<time>2026-07-12T19:57:27Z</time>
			</trkpt>
			<trkpt lat="48.714111" lon="-121.83419">
				<ele>1263.48877</ele>
				<time>2026-07-12T19:57:35Z</time>
			</trkpt>
			<trkpt lat="48.714138" lon="-121.834137">
				<ele>1264.692017</ele>
				<time>2026-07-12T19:57:42Z</time>
			</trkpt>
			<trkpt lat="48.714153" lon="-121.834068">
				<ele>1263.504517</ele>
				<time>2026-07-12T19:57:48Z</time>
			</trkpt>
			<trkpt lat="48.714226" lon="-121.833977">
				<ele>1269.897217</ele>
				<time>2026-07-12T19:58:04Z</time>
			</trkpt>
			<trkpt lat="48.714268" lon="-121.833977">
				<ele>1269.901123</ele>
				<time>2026-07-12T19:58:09Z</time>
			</trkpt>
			<trkpt lat="48.714302" lon="-121.833931">
				<ele>1270.180786</ele>
				<time>2026-07-12T19:58:14Z</time>
			</trkpt>
			<trkpt lat="48.714352" lon="-121.833916">
				<ele>1269.070313</ele>
				<time>2026-07-12T19:58:19Z</time>
			</trkpt>
			<trkpt lat="48.714397" lon="-121.833931">
				<ele>1272.746216</ele>
				<time>2026-07-12T19:58:28Z</time>
			</trkpt>
			<trkpt lat="48.714481" lon="-121.833893">
				<ele>1276.944824</ele>
				<time>2026-07-12T19:58:42Z</time>
			</trkpt>
			<trkpt lat="48.714481" lon="-121.833961">
				<ele>1275.692871</ele>
				<time>2026-07-12T19:58:51Z</time>
			</trkpt>
			<trkpt lat="48.714439" lon="-121.833984">
				<ele>1273.665405</ele>
				<time>2026-07-12T19:58:59Z</time>
			</trkpt>
			<trkpt lat="48.714413" lon="-121.834038">
				<ele>1275.692383</ele>
				<time>2026-07-12T19:59:06Z</time>
			</trkpt>
			<trkpt lat="48.714413" lon="-121.834106">
				<ele>1276.748901</ele>
				<time>2026-07-12T19:59:14Z</time>
			</trkpt>
			<trkpt lat="48.714352" lon="-121.834114">
				<ele>1278.081665</ele>
				<time>2026-07-12T19:59:23Z</time>
			</trkpt>
			<trkpt lat="48.714344" lon="-121.834183">
				<ele>1274.396729</ele>
				<time>2026-07-12T19:59:27Z</time>
			</trkpt>
			<trkpt lat="48.714291" lon="-121.834297">
				<ele>1277.446045</ele>
				<time>2026-07-12T19:59:43Z</time>
			</trkpt>
			<trkpt lat="48.714306" lon="-121.834358">
				<ele>1280.734985</ele>
				<time>2026-07-12T19:59:50Z</time>
			</trkpt>
			<trkpt lat="48.714291" lon="-121.834496">
				<ele>1278.261475</ele>
				<time>2026-07-12T20:00:00Z</time>
			</trkpt>
			<trkpt lat="48.714279" lon="-121.834572">
				<ele>1277.69397</ele>
				<time>2026-07-12T20:00:06Z</time>
			</trkpt>
			<trkpt lat="48.714287" lon="-121.834641">
				<ele>1277.814575</ele>
				<time>2026-07-12T20:00:12Z</time>
			</trkpt>
			<trkpt lat="48.714306" lon="-121.834694">
				<ele>1278.258423</ele>
				<time>2026-07-12T20:00:18Z</time>
			</trkpt>
			<trkpt lat="48.71431" lon="-121.834633">
				<ele>1282.661621</ele>
				<time>2026-07-12T20:00:33Z</time>
			</trkpt>
			<trkpt lat="48.714329" lon="-121.834572">
				<ele>1281.973755</ele>
				<time>2026-07-12T20:00:39Z</time>
			</trkpt>
			<trkpt lat="48.714344" lon="-121.834503">
				<ele>1281.971313</ele>
				<time>2026-07-12T20:00:44Z</time>
			</trkpt>
			<trkpt lat="48.714371" lon="-121.834457">
				<ele>1283.926392</ele>
				<time>2026-07-12T20:00:51Z</time>
			</trkpt>
			<trkpt lat="48.714397" lon="-121.834396">
				<ele>1284.864136</ele>
				<time>2026-07-12T20:00:57Z</time>
			</trkpt>
			<trkpt lat="48.714439" lon="-121.834366">
				<ele>1284.74231</ele>
				<time>2026-07-12T20:01:06Z</time>
			</trkpt>
			<trkpt lat="48.71447" lon="-121.83432">
				<ele>1290.183594</ele>
				<time>2026-07-12T20:01:15Z</time>
			</trkpt>
			<trkpt lat="48.714523" lon="-121.834305">
				<ele>1291.565918</ele>
				<time>2026-07-12T20:01:25Z</time>
			</trkpt>
			<trkpt lat="48.714565" lon="-121.834282">
				<ele>1289.877075</ele>
				<time>2026-07-12T20:01:32Z</time>
			</trkpt>
			<trkpt lat="48.714607" lon="-121.834267">
				<ele>1290.724976</ele>
				<time>2026-07-12T20:01:39Z</time>
			</trkpt>
			<trkpt lat="48.714691" lon="-121.834198">
				<ele>1295.104492</ele>
				<time>2026-07-12T20:01:54Z</time>
			</trkpt>
			<trkpt lat="48.71463" lon="-121.834312">
				<ele>1292.47644</ele>
				<time>2026-07-12T20:02:11Z</time>
			</trkpt>
			<trkpt lat="48.714615" lon="-121.834381">
				<ele>1291.775757</ele>
				<time>2026-07-12T20:02:17Z</time>
			</trkpt>
			<trkpt lat="48.714535" lon="-121.834457">
				<ele>1292.727661</ele>
				<time>2026-07-12T20:02:31Z</time>
			</trkpt>
			<trkpt lat="48.71452" lon="-121.834518">
				<ele>1291.174683</ele>
				<time>2026-07-12T20:02:36Z</time>
			</trkpt>
			<trkpt lat="48.714546" lon="-121.834579">
				<ele>1292.518555</ele>
				<time>2026-07-12T20:02:44Z</time>
			</trkpt>
			<trkpt lat="48.714668" lon="-121.834473">
				<ele>1301.796753</ele>
				<time>2026-07-12T20:07:19Z</time>
			</trkpt>
			<trkpt lat="48.714718" lon="-121.834465">
				<ele>1301.051758</ele>
				<time>2026-07-12T20:07:29Z</time>
			</trkpt>
			<trkpt lat="48.714767" lon="-121.834473">
				<ele>1301.606079</ele>
				<time>2026-07-12T20:07:35Z</time>
			</trkpt>
			<trkpt lat="48.714806" lon="-121.834442">
				<ele>1301.191772</ele>
				<time>2026-07-12T20:07:43Z</time>
			</trkpt>
			<trkpt lat="48.71489" lon="-121.834503">
				<ele>1300.00415</ele>
				<time>2026-07-12T20:07:53Z</time>
			</trkpt>
			<trkpt lat="48.714924" lon="-121.834541">
				<ele>1302.185791</ele>
				<time>2026-07-12T20:07:59Z</time>
			</trkpt>
			<trkpt lat="48.714928" lon="-121.83461">
				<ele>1305.205566</ele>
				<time>2026-07-12T20:08:11Z</time>
			</trkpt>
			<trkpt lat="48.714882" lon="-121.834663">
				<ele>1301.843506</ele>
				<time>2026-07-12T20:08:18Z</time>
			</trkpt>
			<trkpt lat="48.714832" lon="-121.834663">
				<ele>1303.97937</ele>
				<time>2026-07-12T20:08:26Z</time>
			</trkpt>
			<trkpt lat="48.714882" lon="-121.834694">
				<ele>1310.387817</ele>
				<time>2026-07-12T20:08:39Z</time>
			</trkpt>
			<trkpt lat="48.71492" lon="-121.834724">
				<ele>1311.795776</ele>
				<time>2026-07-12T20:08:44Z</time>
			</trkpt>
			<trkpt lat="48.714954" lon="-121.834763">
				<ele>1309.472168</ele>
				<time>2026-07-12T20:08:52Z</time>
			</trkpt>
			<trkpt lat="48.715004" lon="-121.834785">
				<ele>1312.784668</ele>
				<time>2026-07-12T20:09:04Z</time>
			</trkpt>
			<trkpt lat="48.715042" lon="-121.834816">
				<ele>1313.412598</ele>
				<time>2026-07-12T20:09:12Z</time>
			</trkpt>
			<trkpt lat="48.715088" lon="-121.834854">
				<ele>1312.493408</ele>
				<time>2026-07-12T20:09:25Z</time>
			</trkpt>
			<trkpt lat="48.715061" lon="-121.834908">
				<ele>1318.464478</ele>
				<time>2026-07-12T20:09:39Z</time>
			</trkpt>
			<trkpt lat="48.715027" lon="-121.834946">
				<ele>1318.228882</ele>
				<time>2026-07-12T20:09:46Z</time>
			</trkpt>
			<trkpt lat="48.715031" lon="-121.835014">
				<ele>1316.352661</ele>
				<time>2026-07-12T20:09:52Z</time>
			</trkpt>
			<trkpt lat="48.715065" lon="-121.83506">
				<ele>1316.773804</ele>
				<time>2026-07-12T20:09:58Z</time>
			</trkpt>
			<trkpt lat="48.715149" lon="-121.835098">
				<ele>1321.257935</ele>
				<time>2026-07-12T20:10:14Z</time>
			</trkpt>
			<trkpt lat="48.715206" lon="-121.835114">
				<ele>1327.060059</ele>
				<time>2026-07-12T20:10:26Z</time>
			</trkpt>
			<trkpt lat="48.715218" lon="-121.835182">
				<ele>1328.675903</ele>
				<time>2026-07-12T20:10:35Z</time>
			</trkpt>
			<trkpt lat="48.715195" lon="-121.835236">
				<ele>1326.99231</ele>
				<time>2026-07-12T20:10:43Z</time>
			</trkpt>
			<trkpt lat="48.715206" lon="-121.835297">
				<ele>1324.88916</ele>
				<time>2026-07-12T20:10:58Z</time>
			</trkpt>
			<trkpt lat="48.715244" lon="-121.83532">
				<ele>1324.562378</ele>
				<time>2026-07-12T20:11:09Z</time>
			</trkpt>
			<trkpt lat="48.715294" lon="-121.835312">
				<ele>1325.215576</ele>
				<time>2026-07-12T20:11:15Z</time>
			</trkpt>
			<trkpt lat="48.715336" lon="-121.835312">
				<ele>1325.439941</ele>
				<time>2026-07-12T20:11:20Z</time>
			</trkpt>
			<trkpt lat="48.715363" lon="-121.835258">
				<ele>1325.081299</ele>
				<time>2026-07-12T20:11:25Z</time>
			</trkpt>
			<trkpt lat="48.715405" lon="-121.835236">
				<ele>1327.170776</ele>
				<time>2026-07-12T20:11:33Z</time>
			</trkpt>
			<trkpt lat="48.715454" lon="-121.835205">
				<ele>1328.528931</ele>
				<time>2026-07-12T20:11:44Z</time>
			</trkpt>
			<trkpt lat="48.715492" lon="-121.835167">
				<ele>1328.921509</ele>
				<time>2026-07-12T20:11:50Z</time>
			</trkpt>
			<trkpt lat="48.715534" lon="-121.835144">
				<ele>1333.556152</ele>
				<time>2026-07-12T20:11:57Z</time>
			</trkpt>
			<trkpt lat="48.71558" lon="-121.835114">
				<ele>1333.990234</ele>
				<time>2026-07-12T20:12:03Z</time>
			</trkpt>
			<trkpt lat="48.715614" lon="-121.835075">
				<ele>1333.721436</ele>
				<time>2026-07-12T20:12:09Z</time>
			</trkpt>
			<trkpt lat="48.715656" lon="-121.835045">
				<ele>1334.223022</ele>
				<time>2026-07-12T20:12:16Z</time>
			</trkpt>
			<trkpt lat="48.715698" lon="-121.835037">
				<ele>1334.264038</ele>
				<time>2026-07-12T20:12:21Z</time>
			</trkpt>
			<trkpt lat="48.71574" lon="-121.835022">
				<ele>1334.193481</ele>
				<time>2026-07-12T20:12:27Z</time>
			</trkpt>
			<trkpt lat="48.715786" lon="-121.835022">
				<ele>1334.649536</ele>
				<time>2026-07-12T20:12:33Z</time>
			</trkpt>
			<trkpt lat="48.715866" lon="-121.834969">
				<ele>1343.108276</ele>
				<time>2026-07-12T20:12:49Z</time>
			</trkpt>
			<trkpt lat="48.715919" lon="-121.834961">
				<ele>1341.464111</ele>
				<time>2026-07-12T20:12:55Z</time>
			</trkpt>
			<trkpt lat="48.716011" lon="-121.834946">
				<ele>1343.193115</ele>
				<time>2026-07-12T20:13:09Z</time>
			</trkpt>
			<trkpt lat="48.716061" lon="-121.834938">
				<ele>1343.527222</ele>
				<time>2026-07-12T20:13:14Z</time>
			</trkpt>
			<trkpt lat="48.716106" lon="-121.834915">
				<ele>1345.45459</ele>
				<time>2026-07-12T20:13:21Z</time>
			</trkpt>
			<trkpt lat="48.716156" lon="-121.834915">
				<ele>1345.512451</ele>
				<time>2026-07-12T20:13:28Z</time>
			</trkpt>
			<trkpt lat="48.716198" lon="-121.834915">
				<ele>1343.699707</ele>
				<time>2026-07-12T20:13:32Z</time>
			</trkpt>
			<trkpt lat="48.71624" lon="-121.834885">
				<ele>1343.931274</ele>
				<time>2026-07-12T20:13:37Z</time>
			</trkpt>
			<trkpt lat="48.716267" lon="-121.834831">
				<ele>1344.592529</ele>
				<time>2026-07-12T20:13:42Z</time>
			</trkpt>
			<trkpt lat="48.716362" lon="-121.834747">
				<ele>1342.494629</ele>
				<time>2026-07-12T20:13:54Z</time>
			</trkpt>
			<trkpt lat="48.716389" lon="-121.834694">
				<ele>1341.819214</ele>
				<time>2026-07-12T20:14:00Z</time>
			</trkpt>
			<trkpt lat="48.716434" lon="-121.834686">
				<ele>1341.57373</ele>
				<time>2026-07-12T20:14:06Z</time>
			</trkpt>
			<trkpt lat="48.716476" lon="-121.834656">
				<ele>1342.118652</ele>
				<time>2026-07-12T20:14:10Z</time>
			</trkpt>
			<trkpt lat="48.716515" lon="-121.834618">
				<ele>1343.872192</ele>
				<time>2026-07-12T20:14:18Z</time>
			</trkpt>
			<trkpt lat="48.716557" lon="-121.834579">
				<ele>1347.246216</ele>
				<time>2026-07-12T20:14:26Z</time>
			</trkpt>
			<trkpt lat="48.716583" lon="-121.834518">
				<ele>1348.766846</ele>
				<time>2026-07-12T20:14:33Z</time>
			</trkpt>
			<trkpt lat="48.716625" lon="-121.83448">
				<ele>1347.084351</ele>
				<time>2026-07-12T20:14:37Z</time>
			</trkpt>
			<trkpt lat="48.716633" lon="-121.834412">
				<ele>1347.607422</ele>
				<time>2026-07-12T20:14:43Z</time>
			</trkpt>
			<trkpt lat="48.716682" lon="-121.834419">
				<ele>1347.281738</ele>
				<time>2026-07-12T20:14:49Z</time>
			</trkpt>
			<trkpt lat="48.716724" lon="-121.834373">
				<ele>1349.961182</ele>
				<time>2026-07-12T20:14:55Z</time>
			</trkpt>
			<trkpt lat="48.71677" lon="-121.834366">
				<ele>1347.114624</ele>
				<time>2026-07-12T20:15:01Z</time>
			</trkpt>
			<trkpt lat="48.716816" lon="-121.834366">
				<ele>1347.519653</ele>
				<time>2026-07-12T20:15:06Z</time>
			</trkpt>
			<trkpt lat="48.716858" lon="-121.834328">
				<ele>1346.511353</ele>
				<time>2026-07-12T20:15:11Z</time>
			</trkpt>
			<trkpt lat="48.716892" lon="-121.83429">
				<ele>1348.387695</ele>
				<time>2026-07-12T20:15:15Z</time>
			</trkpt>
			<trkpt lat="48.716942" lon="-121.834251">
				<ele>1348.501343</ele>
				<time>2026-07-12T20:15:21Z</time>
			</trkpt>
			<trkpt lat="48.716988" lon="-121.834259">
				<ele>1347.860718</ele>
				<time>2026-07-12T20:15:26Z</time>
			</trkpt>
			<trkpt lat="48.717033" lon="-121.834267">
				<ele>1349.654907</ele>
				<time>2026-07-12T20:15:33Z</time>
			</trkpt>
			<trkpt lat="48.717079" lon="-121.834229">
				<ele>1349.341919</ele>
				<time>2026-07-12T20:15:41Z</time>
			</trkpt>
			<trkpt lat="48.717106" lon="-121.834175">
				<ele>1348.656494</ele>
				<time>2026-07-12T20:15:47Z</time>
			</trkpt>
			<trkpt lat="48.717148" lon="-121.834152">
				<ele>1349.772461</ele>
				<time>2026-07-12T20:15:54Z</time>
			</trkpt>
			<trkpt lat="48.717175" lon="-121.834206">
				<ele>1350.993896</ele>
				<time>2026-07-12T20:16:03Z</time>
			</trkpt>
			<trkpt lat="48.717167" lon="-121.834351">
				<ele>1353.171265</ele>
				<time>2026-07-12T20:16:15Z</time>
			</trkpt>
			<trkpt lat="48.717136" lon="-121.834412">
				<ele>1351.320679</ele>
				<time>2026-07-12T20:16:24Z</time>
			</trkpt>
			<trkpt lat="48.71714" lon="-121.834473">
				<ele>1350.817993</ele>
				<time>2026-07-12T20:16:30Z</time>
			</trkpt>
			<trkpt lat="48.717052" lon="-121.834534">
				<ele>1351.566528</ele>
				<time>2026-07-12T20:16:42Z</time>
			</trkpt>
			<trkpt lat="48.717026" lon="-121.834587">
				<ele>1352.380493</ele>
				<time>2026-07-12T20:16:49Z</time>
			</trkpt>
			<trkpt lat="48.717018" lon="-121.834648">
				<ele>1352.200562</ele>
				<time>2026-07-12T20:16:55Z</time>
			</trkpt>
			<trkpt lat="48.716991" lon="-121.834709">
				<ele>1353.510254</ele>
				<time>2026-07-12T20:17:02Z</time>
			</trkpt>
			<trkpt lat="48.716957" lon="-121.834755">
				<ele>1353.790894</ele>
				<time>2026-07-12T20:17:07Z</time>
			</trkpt>
			<trkpt lat="48.716934" lon="-121.834816">
				<ele>1356.066406</ele>
				<time>2026-07-12T20:17:14Z</time>
			</trkpt>
			<trkpt lat="48.716896" lon="-121.834862">
				<ele>1356.828125</ele>
				<time>2026-07-12T20:17:20Z</time>
			</trkpt>
			<trkpt lat="48.716858" lon="-121.8349">
				<ele>1356.785278</ele>
				<time>2026-07-12T20:17:25Z</time>
			</trkpt>
			<trkpt lat="48.716831" lon="-121.834953">
				<ele>1355.398315</ele>
				<time>2026-07-12T20:17:32Z</time>
			</trkpt>
			<trkpt lat="48.716785" lon="-121.834976">
				<ele>1356.140869</ele>
				<time>2026-07-12T20:17:38Z</time>
			</trkpt>
			<trkpt lat="48.716763" lon="-121.835037">
				<ele>1356.650757</ele>
				<time>2026-07-12T20:17:43Z</time>
			</trkpt>
			<trkpt lat="48.716717" lon="-121.83506">
				<ele>1355.996826</ele>
				<time>2026-07-12T20:17:48Z</time>
			</trkpt>
			<trkpt lat="48.716705" lon="-121.835129">
				<ele>1358.373535</ele>
				<time>2026-07-12T20:17:55Z</time>
			</trkpt>
			<trkpt lat="48.716721" lon="-121.835205">
				<ele>1358.085449</ele>
				<time>2026-07-12T20:18:00Z</time>
			</trkpt>
			<trkpt lat="48.716724" lon="-121.835274">
				<ele>1359.517578</ele>
				<time>2026-07-12T20:18:07Z</time>
			</trkpt>
			<trkpt lat="48.716713" lon="-121.835342">
				<ele>1358.584961</ele>
				<time>2026-07-12T20:18:12Z</time>
			</trkpt>
			<trkpt lat="48.716675" lon="-121.835396">
				<ele>1359.047974</ele>
				<time>2026-07-12T20:18:17Z</time>
			</trkpt>
			<trkpt lat="48.716629" lon="-121.835442">
				<ele>1360.911865</ele>
				<time>2026-07-12T20:18:21Z</time>
			</trkpt>
			<trkpt lat="48.716579" lon="-121.835464">
				<ele>1360.966187</ele>
				<time>2026-07-12T20:18:26Z</time>
			</trkpt>
			<trkpt lat="48.716549" lon="-121.835518">
				<ele>1361.989502</ele>
				<time>2026-07-12T20:18:32Z</time>
			</trkpt>
			<trkpt lat="48.716534" lon="-121.835587">
				<ele>1361.246826</ele>
				<time>2026-07-12T20:18:38Z</time>
			</trkpt>
			<trkpt lat="48.716503" lon="-121.835716">
				<ele>1363.872681</ele>
				<time>2026-07-12T20:18:50Z</time>
			</trkpt>
			<trkpt lat="48.716496" lon="-121.835785">
				<ele>1366.446411</ele>
				<time>2026-07-12T20:18:55Z</time>
			</trkpt>
			<trkpt lat="48.716461" lon="-121.835831">
				<ele>1365.536743</ele>
				<time>2026-07-12T20:19:01Z</time>
			</trkpt>
			<trkpt lat="48.716427" lon="-121.835884">
				<ele>1363.680298</ele>
				<time>2026-07-12T20:19:07Z</time>
			</trkpt>
			<trkpt lat="48.716404" lon="-121.836014">
				<ele>1366.355713</ele>
				<time>2026-07-12T20:19:20Z</time>
			</trkpt>
			<trkpt lat="48.716366" lon="-121.836044">
				<ele>1366.141235</ele>
				<time>2026-07-12T20:19:24Z</time>
			</trkpt>
			<trkpt lat="48.716324" lon="-121.836067">
				<ele>1364.770386</ele>
				<time>2026-07-12T20:19:28Z</time>
			</trkpt>
			<trkpt lat="48.716309" lon="-121.836128">
				<ele>1365.229614</ele>
				<time>2026-07-12T20:19:33Z</time>
			</trkpt>
			<trkpt lat="48.716278" lon="-121.836189">
				<ele>1365.395996</ele>
				<time>2026-07-12T20:19:38Z</time>
			</trkpt>
			<trkpt lat="48.71624" lon="-121.836235">
				<ele>1366.860474</ele>
				<time>2026-07-12T20:19:43Z</time>
			</trkpt>
			<trkpt lat="48.716167" lon="-121.836334">
				<ele>1368.584106</ele>
				<time>2026-07-12T20:19:55Z</time>
			</trkpt>
			<trkpt lat="48.716145" lon="-121.836403">
				<ele>1370.677979</ele>
				<time>2026-07-12T20:19:59Z</time>
			</trkpt>
			<trkpt lat="48.716095" lon="-121.836533">
				<ele>1367.526611</ele>
				<time>2026-07-12T20:20:12Z</time>
			</trkpt>
			<trkpt lat="48.716084" lon="-121.836609">
				<ele>1371.094604</ele>
				<time>2026-07-12T20:20:20Z</time>
			</trkpt>
			<trkpt lat="48.716084" lon="-121.836678">
				<ele>1371.473877</ele>
				<time>2026-07-12T20:20:25Z</time>
			</trkpt>
			<trkpt lat="48.716061" lon="-121.836746">
				<ele>1372.175415</ele>
				<time>2026-07-12T20:20:35Z</time>
			</trkpt>
			<trkpt lat="48.716072" lon="-121.836823">
				<ele>1370.641968</ele>
				<time>2026-07-12T20:20:42Z</time>
			</trkpt>
			<trkpt lat="48.716095" lon="-121.836899">
				<ele>1370.974121</ele>
				<time>2026-07-12T20:20:49Z</time>
			</trkpt>
			<trkpt lat="48.716137" lon="-121.836937">
				<ele>1371.487305</ele>
				<time>2026-07-12T20:20:55Z</time>
			</trkpt>
			<trkpt lat="48.716156" lon="-121.837013">
				<ele>1370.193115</ele>
				<time>2026-07-12T20:20:59Z</time>
			</trkpt>
			<trkpt lat="48.716171" lon="-121.83709">
				<ele>1374.315796</ele>
				<time>2026-07-12T20:21:06Z</time>
			</trkpt>
			<trkpt lat="48.716167" lon="-121.837166">
				<ele>1374.905273</ele>
				<time>2026-07-12T20:21:15Z</time>
			</trkpt>
			<trkpt lat="48.716156" lon="-121.837227">
				<ele>1378.441162</ele>
				<time>2026-07-12T20:21:27Z</time>
			</trkpt>
			<trkpt lat="48.716167" lon="-121.837296">
				<ele>1381.204346</ele>
				<time>2026-07-12T20:21:33Z</time>
			</trkpt>
			<trkpt lat="48.716183" lon="-121.837372">
				<ele>1380.607056</ele>
				<time>2026-07-12T20:21:38Z</time>
			</trkpt>
			<trkpt lat="48.716213" lon="-121.837433">
				<ele>1379.02124</ele>
				<time>2026-07-12T20:21:44Z</time>
			</trkpt>
			<trkpt lat="48.716236" lon="-121.837494">
				<ele>1379.884033</ele>
				<time>2026-07-12T20:21:50Z</time>
			</trkpt>
			<trkpt lat="48.716228" lon="-121.83757">
				<ele>1380.107178</ele>
				<time>2026-07-12T20:21:56Z</time>
			</trkpt>
			<trkpt lat="48.716259" lon="-121.837708">
				<ele>1381.067505</ele>
				<time>2026-07-12T20:22:09Z</time>
			</trkpt>
			<trkpt lat="48.716347" lon="-121.837875">
				<ele>1383.124512</ele>
				<time>2026-07-12T20:22:27Z</time>
			</trkpt>
			<trkpt lat="48.716393" lon="-121.837906">
				<ele>1381.619263</ele>
				<time>2026-07-12T20:22:34Z</time>
			</trkpt>
			<trkpt lat="48.716419" lon="-121.837959">
				<ele>1381.311523</ele>
				<time>2026-07-12T20:22:41Z</time>
			</trkpt>
			<trkpt lat="48.716511" lon="-121.83802">
				<ele>1382.720459</ele>
				<time>2026-07-12T20:22:53Z</time>
			</trkpt>
			<trkpt lat="48.716595" lon="-121.838066">
				<ele>1385.205444</ele>
				<time>2026-07-12T20:23:05Z</time>
			</trkpt>
			<trkpt lat="48.716728" lon="-121.838051">
				<ele>1388.247314</ele>
				<time>2026-07-12T20:23:24Z</time>
			</trkpt>
			<trkpt lat="48.71677" lon="-121.838058">
				<ele>1388.338623</ele>
				<time>2026-07-12T20:23:29Z</time>
			</trkpt>
			<trkpt lat="48.71682" lon="-121.838051">
				<ele>1388.703735</ele>
				<time>2026-07-12T20:23:35Z</time>
			</trkpt>
			<trkpt lat="48.716866" lon="-121.838066">
				<ele>1390.942383</ele>
				<time>2026-07-12T20:23:42Z</time>
			</trkpt>
			<trkpt lat="48.716911" lon="-121.838043">
				<ele>1390.513062</ele>
				<time>2026-07-12T20:23:47Z</time>
			</trkpt>
			<trkpt lat="48.716965" lon="-121.838028">
				<ele>1392.055786</ele>
				<time>2026-07-12T20:23:56Z</time>
			</trkpt>
			<trkpt lat="48.717007" lon="-121.838066">
				<ele>1391.967773</ele>
				<time>2026-07-12T20:24:01Z</time>
			</trkpt>
			<trkpt lat="48.717049" lon="-121.838081">
				<ele>1392.349243</ele>
				<time>2026-07-12T20:24:07Z</time>
			</trkpt>
			<trkpt lat="48.717094" lon="-121.838097">
				<ele>1392.373047</ele>
				<time>2026-07-12T20:24:13Z</time>
			</trkpt>
			<trkpt lat="48.717144" lon="-121.838112">
				<ele>1392.917725</ele>
				<time>2026-07-12T20:24:19Z</time>
			</trkpt>
			<trkpt lat="48.717186" lon="-121.838112">
				<ele>1394.077759</ele>
				<time>2026-07-12T20:24:25Z</time>
			</trkpt>
			<trkpt lat="48.717266" lon="-121.838188">
				<ele>1396.450928</ele>
				<time>2026-07-12T20:24:39Z</time>
			</trkpt>
			<trkpt lat="48.717388" lon="-121.83828">
				<ele>1397.007568</ele>
				<time>2026-07-12T20:24:59Z</time>
			</trkpt>
			<trkpt lat="48.717422" lon="-121.838333">
				<ele>1398.608521</ele>
				<time>2026-07-12T20:25:05Z</time>
			</trkpt>
			<trkpt lat="48.717464" lon="-121.838371">
				<ele>1398.721069</ele>
				<time>2026-07-12T20:25:09Z</time>
			</trkpt>
			<trkpt lat="48.717499" lon="-121.838432">
				<ele>1401.515747</ele>
				<time>2026-07-12T20:25:16Z</time>
			</trkpt>
			<trkpt lat="48.717545" lon="-121.83847">
				<ele>1401.888916</ele>
				<time>2026-07-12T20:25:22Z</time>
			</trkpt>
			<trkpt lat="48.717579" lon="-121.838516">
				<ele>1401.036743</ele>
				<time>2026-07-12T20:25:29Z</time>
			</trkpt>
			<trkpt lat="48.717621" lon="-121.838547">
				<ele>1400.69165</ele>
				<time>2026-07-12T20:25:35Z</time>
			</trkpt>
			<trkpt lat="48.717648" lon="-121.8386">
				<ele>1400.075928</ele>
				<time>2026-07-12T20:25:40Z</time>
			</trkpt>
			<trkpt lat="48.717682" lon="-121.838646">
				<ele>1400.060059</ele>
				<time>2026-07-12T20:25:45Z</time>
			</trkpt>
			<trkpt lat="48.717762" lon="-121.838722">
				<ele>1401.565918</ele>
				<time>2026-07-12T20:25:57Z</time>
			</trkpt>
			<trkpt lat="48.717804" lon="-121.83876">
				<ele>1400.703003</ele>
				<time>2026-07-12T20:26:03Z</time>
			</trkpt>
			<trkpt lat="48.717842" lon="-121.838806">
				<ele>1401.599121</ele>
				<time>2026-07-12T20:26:10Z</time>
			</trkpt>
			<trkpt lat="48.717934" lon="-121.838837">
				<ele>1402.619751</ele>
				<time>2026-07-12T20:26:23Z</time>
			</trkpt>
			<trkpt lat="48.718025" lon="-121.83886">
				<ele>1405.428223</ele>
				<time>2026-07-12T20:26:37Z</time>
			</trkpt>
			<trkpt lat="48.718063" lon="-121.838882">
				<ele>1405.706299</ele>
				<time>2026-07-12T20:26:43Z</time>
			</trkpt>
			<trkpt lat="48.718159" lon="-121.838921">
				<ele>1409.082642</ele>
				<time>2026-07-12T20:26:57Z</time>
			</trkpt>
			<trkpt lat="48.718193" lon="-121.838966">
				<ele>1408.391846</ele>
				<time>2026-07-12T20:27:02Z</time>
			</trkpt>
			<trkpt lat="48.718216" lon="-121.83902">
				<ele>1409.304077</ele>
				<time>2026-07-12T20:27:08Z</time>
			</trkpt>
			<trkpt lat="48.718246" lon="-121.839073">
				<ele>1409.281738</ele>
				<time>2026-07-12T20:27:14Z</time>
			</trkpt>
			<trkpt lat="48.718281" lon="-121.839127">
				<ele>1409.905762</ele>
				<time>2026-07-12T20:27:20Z</time>
			</trkpt>
			<trkpt lat="48.718311" lon="-121.83918">
				<ele>1409.893188</ele>
				<time>2026-07-12T20:27:24Z</time>
			</trkpt>
			<trkpt lat="48.718349" lon="-121.839218">
				<ele>1409.154053</ele>
				<time>2026-07-12T20:27:29Z</time>
			</trkpt>
			<trkpt lat="48.718391" lon="-121.839272">
				<ele>1410.01416</ele>
				<time>2026-07-12T20:27:34Z</time>
			</trkpt>
			<trkpt lat="48.718426" lon="-121.839317">
				<ele>1409.660156</ele>
				<time>2026-07-12T20:27:39Z</time>
			</trkpt>
			<trkpt lat="48.718464" lon="-121.839355">
				<ele>1410.021362</ele>
				<time>2026-07-12T20:27:44Z</time>
			</trkpt>
			<trkpt lat="48.718498" lon="-121.839401">
				<ele>1409.460693</ele>
				<time>2026-07-12T20:27:49Z</time>
			</trkpt>
			<trkpt lat="48.71854" lon="-121.839447">
				<ele>1410.10022</ele>
				<time>2026-07-12T20:27:55Z</time>
			</trkpt>
			<trkpt lat="48.718575" lon="-121.8395">
				<ele>1411.591675</ele>
				<time>2026-07-12T20:28:01Z</time>
			</trkpt>
			<trkpt lat="48.718601" lon="-121.839554">
				<ele>1411.780029</ele>
				<time>2026-07-12T20:28:06Z</time>
			</trkpt>
			<trkpt lat="48.718639" lon="-121.839607">
				<ele>1412.188354</ele>
				<time>2026-07-12T20:28:13Z</time>
			</trkpt>
			<trkpt lat="48.71867" lon="-121.839661">
				<ele>1412.007568</ele>
				<time>2026-07-12T20:28:19Z</time>
			</trkpt>
			<trkpt lat="48.71875" lon="-121.839729">
				<ele>1413.772461</ele>
				<time>2026-07-12T20:28:31Z</time>
			</trkpt>
			<trkpt lat="48.7188" lon="-121.839729">
				<ele>1413.833862</ele>
				<time>2026-07-12T20:28:38Z</time>
			</trkpt>
			<trkpt lat="48.718891" lon="-121.839737">
				<ele>1415.492676</ele>
				<time>2026-07-12T20:28:55Z</time>
			</trkpt>
			<trkpt lat="48.718929" lon="-121.839699">
				<ele>1415.53833</ele>
				<time>2026-07-12T20:29:02Z</time>
			</trkpt>
			<trkpt lat="48.718975" lon="-121.839684">
				<ele>1415.534546</ele>
				<time>2026-07-12T20:29:09Z</time>
			</trkpt>
			<trkpt lat="48.719166" lon="-121.839706">
				<ele>1421.483032</ele>
				<time>2026-07-12T20:29:38Z</time>
			</trkpt>
			<trkpt lat="48.719208" lon="-121.839699">
				<ele>1421.708618</ele>
				<time>2026-07-12T20:29:45Z</time>
			</trkpt>
			<trkpt lat="48.719257" lon="-121.839684">
				<ele>1421.791992</ele>
				<time>2026-07-12T20:29:52Z</time>
			</trkpt>
			<trkpt lat="48.71944" lon="-121.839661">
				<ele>1426.852295</ele>
				<time>2026-07-12T20:30:25Z</time>
			</trkpt>
			<trkpt lat="48.719479" lon="-121.839691">
				<ele>1428.513916</ele>
				<time>2026-07-12T20:30:35Z</time>
			</trkpt>
			<trkpt lat="48.719566" lon="-121.839706">
				<ele>1430.355713</ele>
				<time>2026-07-12T20:30:54Z</time>
			</trkpt>
			<trkpt lat="48.719612" lon="-121.839729">
				<ele>1432.480591</ele>
				<time>2026-07-12T20:31:04Z</time>
			</trkpt>
			<trkpt lat="48.719658" lon="-121.839722">
				<ele>1433.454346</ele>
				<time>2026-07-12T20:31:15Z</time>
			</trkpt>
			<trkpt lat="48.719746" lon="-121.839722">
				<ele>1438.872803</ele>
				<time>2026-07-12T20:31:40Z</time>
			</trkpt>
			<trkpt lat="48.719833" lon="-121.839745">
				<ele>1441.046265</ele>
				<time>2026-07-12T20:31:57Z</time>
			</trkpt>
			<trkpt lat="48.719879" lon="-121.839729">
				<ele>1441.266113</ele>
				<time>2026-07-12T20:32:07Z</time>
			</trkpt>
			<trkpt lat="48.719967" lon="-121.839699">
				<ele>1444.47583</ele>
				<time>2026-07-12T20:32:26Z</time>
			</trkpt>
			<trkpt lat="48.720058" lon="-121.839722">
				<ele>1446.731445</ele>
				<time>2026-07-12T20:32:45Z</time>
			</trkpt>
			<trkpt lat="48.7201" lon="-121.839706">
				<ele>1448.469604</ele>
				<time>2026-07-12T20:32:53Z</time>
			</trkpt>
			<trkpt lat="48.720146" lon="-121.839714">
				<ele>1449.0625</ele>
				<time>2026-07-12T20:33:01Z</time>
			</trkpt>
			<trkpt lat="48.720192" lon="-121.839714">
				<ele>1451.835449</ele>
				<time>2026-07-12T20:33:13Z</time>
			</trkpt>
			<trkpt lat="48.720238" lon="-121.839729">
				<ele>1452.708984</ele>
				<time>2026-07-12T20:33:22Z</time>
			</trkpt>
			<trkpt lat="48.72028" lon="-121.839699">
				<ele>1452.620605</ele>
				<time>2026-07-12T20:33:31Z</time>
			</trkpt>
			<trkpt lat="48.720322" lon="-121.839699">
				<ele>1454.221436</ele>
				<time>2026-07-12T20:33:40Z</time>
			</trkpt>
			<trkpt lat="48.720367" lon="-121.839706">
				<ele>1454.23938</ele>
				<time>2026-07-12T20:34:12Z</time>
			</trkpt>
			<trkpt lat="48.720409" lon="-121.839714">
				<ele>1453.423218</ele>
				<time>2026-07-12T20:35:16Z</time>
			</trkpt>
			<trkpt lat="48.720497" lon="-121.839752">
				<ele>1456.679688</ele>
				<time>2026-07-12T20:35:29Z</time>
			</trkpt>
			<trkpt lat="48.720619" lon="-121.839844">
				<ele>1460.547363</ele>
				<time>2026-07-12T20:35:53Z</time>
			</trkpt>
			<trkpt lat="48.720665" lon="-121.839851">
				<ele>1462.642822</ele>
				<time>2026-07-12T20:36:03Z</time>
			</trkpt>
			<trkpt lat="48.720707" lon="-121.839844">
				<ele>1463.014526</ele>
				<time>2026-07-12T20:36:08Z</time>
			</trkpt>
			<trkpt lat="48.720749" lon="-121.839813">
				<ele>1464.054443</ele>
				<time>2026-07-12T20:36:15Z</time>
			</trkpt>
			<trkpt lat="48.72084" lon="-121.839813">
				<ele>1465.08374</ele>
				<time>2026-07-12T20:36:29Z</time>
			</trkpt>
			<trkpt lat="48.720882" lon="-121.839775">
				<ele>1464.921265</ele>
				<time>2026-07-12T20:36:34Z</time>
			</trkpt>
			<trkpt lat="48.720928" lon="-121.839806">
				<ele>1466.816895</ele>
				<time>2026-07-12T20:36:42Z</time>
			</trkpt>
			<trkpt lat="48.72097" lon="-121.839798">
				<ele>1467.551147</ele>
				<time>2026-07-12T20:36:48Z</time>
			</trkpt>
			<trkpt lat="48.721016" lon="-121.839775">
				<ele>1467.790894</ele>
				<time>2026-07-12T20:36:54Z</time>
			</trkpt>
			<trkpt lat="48.721054" lon="-121.839745">
				<ele>1469.616089</ele>
				<time>2026-07-12T20:37:01Z</time>
			</trkpt>
			<trkpt lat="48.721085" lon="-121.839691">
				<ele>1469.717773</ele>
				<time>2026-07-12T20:37:07Z</time>
			</trkpt>
			<trkpt lat="48.721119" lon="-121.839645">
				<ele>1470.909912</ele>
				<time>2026-07-12T20:37:13Z</time>
			</trkpt>
			<trkpt lat="48.721157" lon="-121.839607">
				<ele>1471.160645</ele>
				<time>2026-07-12T20:37:19Z</time>
			</trkpt>
			<trkpt lat="48.721195" lon="-121.839561">
				<ele>1471.200073</ele>
				<time>2026-07-12T20:37:25Z</time>
			</trkpt>
			<trkpt lat="48.721237" lon="-121.839531">
				<ele>1470.346924</ele>
				<time>2026-07-12T20:37:31Z</time>
			</trkpt>
			<trkpt lat="48.721272" lon="-121.839478">
				<ele>1471.897095</ele>
				<time>2026-07-12T20:37:37Z</time>
			</trkpt>
			<trkpt lat="48.721291" lon="-121.839417">
				<ele>1471.912842</ele>
				<time>2026-07-12T20:37:42Z</time>
			</trkpt>
			<trkpt lat="48.721321" lon="-121.839371">
				<ele>1471.912109</ele>
				<time>2026-07-12T20:37:46Z</time>
			</trkpt>
			<trkpt lat="48.721359" lon="-121.839333">
				<ele>1472.806519</ele>
				<time>2026-07-12T20:37:52Z</time>
			</trkpt>
			<trkpt lat="48.721401" lon="-121.839302">
				<ele>1475.093994</ele>
				<time>2026-07-12T20:37:57Z</time>
			</trkpt>
			<trkpt lat="48.721447" lon="-121.839279">
				<ele>1473.141113</ele>
				<time>2026-07-12T20:38:01Z</time>
			</trkpt>
			<trkpt lat="48.721478" lon="-121.839233">
				<ele>1474.493164</ele>
				<time>2026-07-12T20:38:43Z</time>
			</trkpt>
			<trkpt lat="48.721523" lon="-121.839233">
				<ele>1475.322754</ele>
				<time>2026-07-12T20:39:03Z</time>
			</trkpt>
			<trkpt lat="48.721558" lon="-121.839279">
				<ele>1476.801392</ele>
				<time>2026-07-12T20:39:10Z</time>
			</trkpt>
			<trkpt lat="48.721603" lon="-121.839264">
				<ele>1476.450195</ele>
				<time>2026-07-12T20:39:15Z</time>
			</trkpt>
			<trkpt lat="48.721649" lon="-121.839272">
				<ele>1477.103516</ele>
				<time>2026-07-12T20:39:22Z</time>
			</trkpt>
			<trkpt lat="48.721695" lon="-121.839256">
				<ele>1478.947632</ele>
				<time>2026-07-12T20:39:28Z</time>
			</trkpt>
			<trkpt lat="48.721741" lon="-121.839264">
				<ele>1479.706543</ele>
				<time>2026-07-12T20:39:34Z</time>
			</trkpt>
			<trkpt lat="48.721779" lon="-121.839302">
				<ele>1477.712891</ele>
				<time>2026-07-12T20:39:39Z</time>
			</trkpt>
			<trkpt lat="48.721817" lon="-121.839272">
				<ele>1476.937622</ele>
				<time>2026-07-12T20:39:44Z</time>
			</trkpt>
			<trkpt lat="48.721909" lon="-121.839249">
				<ele>1478.408447</ele>
				<time>2026-07-12T20:39:54Z</time>
			</trkpt>
			<trkpt lat="48.721996" lon="-121.839203">
				<ele>1476.840454</ele>
				<time>2026-07-12T20:40:05Z</time>
			</trkpt>
			<trkpt lat="48.722092" lon="-121.839218">
				<ele>1478.428345</ele>
				<time>2026-07-12T20:40:16Z</time>
			</trkpt>
			<trkpt lat="48.722183" lon="-121.839272">
				<ele>1481.271973</ele>
				<time>2026-07-12T20:40:28Z</time>
			</trkpt>
			<trkpt lat="48.722267" lon="-121.839287">
				<ele>1480.859375</ele>
				<time>2026-07-12T20:40:39Z</time>
			</trkpt>
			<trkpt lat="48.722305" lon="-121.83934">
				<ele>1481.813843</ele>
				<time>2026-07-12T20:40:46Z</time>
			</trkpt>
			<trkpt lat="48.722347" lon="-121.839363">
				<ele>1483.259766</ele>
				<time>2026-07-12T20:40:56Z</time>
			</trkpt>
			<trkpt lat="48.722389" lon="-121.839386">
				<ele>1483.417847</ele>
				<time>2026-07-12T20:41:03Z</time>
			</trkpt>
			<trkpt lat="48.722431" lon="-121.839355">
				<ele>1483.737183</ele>
				<time>2026-07-12T20:41:10Z</time>
			</trkpt>
			<trkpt lat="48.722454" lon="-121.839294">
				<ele>1483.666748</ele>
				<time>2026-07-12T20:41:16Z</time>
			</trkpt>
			<trkpt lat="48.722507" lon="-121.83918">
				<ele>1485.101196</ele>
				<time>2026-07-12T20:41:26Z</time>
			</trkpt>
			<trkpt lat="48.722549" lon="-121.839149">
				<ele>1484.558472</ele>
				<time>2026-07-12T20:41:33Z</time>
			</trkpt>
			<trkpt lat="48.722584" lon="-121.839096">
				<ele>1485.584839</ele>
				<time>2026-07-12T20:41:39Z</time>
			</trkpt>
			<trkpt lat="48.722618" lon="-121.839043">
				<ele>1484.960815</ele>
				<time>2026-07-12T20:41:45Z</time>
			</trkpt>
			<trkpt lat="48.722698" lon="-121.838974">
				<ele>1486.798462</ele>
				<time>2026-07-12T20:41:56Z</time>
			</trkpt>
			<trkpt lat="48.722828" lon="-121.838936">
				<ele>1488.616943</ele>
				<time>2026-07-12T20:42:13Z</time>
			</trkpt>
			<trkpt lat="48.722862" lon="-121.838875">
				<ele>1488.602417</ele>
				<time>2026-07-12T20:42:18Z</time>
			</trkpt>
			<trkpt lat="48.722904" lon="-121.838837">
				<ele>1488.134155</ele>
				<time>2026-07-12T20:42:23Z</time>
			</trkpt>
			<trkpt lat="48.72295" lon="-121.838829">
				<ele>1490.30603</ele>
				<time>2026-07-12T20:42:29Z</time>
			</trkpt>
			<trkpt lat="48.722988" lon="-121.838783">
				<ele>1491.802002</ele>
				<time>2026-07-12T20:42:36Z</time>
			</trkpt>
			<trkpt lat="48.723026" lon="-121.838745">
				<ele>1491.552246</ele>
				<time>2026-07-12T20:42:41Z</time>
			</trkpt>
			<trkpt lat="48.723057" lon="-121.838699">
				<ele>1491.877319</ele>
				<time>2026-07-12T20:42:48Z</time>
			</trkpt>
			<trkpt lat="48.72308" lon="-121.838638">
				<ele>1491.944458</ele>
				<time>2026-07-12T20:42:52Z</time>
			</trkpt>
			<trkpt lat="48.723091" lon="-121.83857">
				<ele>1492.166748</ele>
				<time>2026-07-12T20:42:58Z</time>
			</trkpt>
			<trkpt lat="48.723118" lon="-121.838509">
				<ele>1492.50708</ele>
				<time>2026-07-12T20:43:03Z</time>
			</trkpt>
			<trkpt lat="48.723202" lon="-121.83847">
				<ele>1493.012207</ele>
				<time>2026-07-12T20:43:18Z</time>
			</trkpt>
			<trkpt lat="48.723236" lon="-121.838516">
				<ele>1492.881714</ele>
				<time>2026-07-12T20:43:25Z</time>
			</trkpt>
			<trkpt lat="48.72327" lon="-121.838478">
				<ele>1493.119385</ele>
				<time>2026-07-12T20:43:32Z</time>
			</trkpt>
			<trkpt lat="48.723316" lon="-121.83844">
				<ele>1492.311646</ele>
				<time>2026-07-12T20:43:41Z</time>
			</trkpt>
			<trkpt lat="48.723362" lon="-121.838417">
				<ele>1492.326538</ele>
				<time>2026-07-12T20:43:47Z</time>
			</trkpt>
			<trkpt lat="48.723389" lon="-121.838348">
				<ele>1491.706299</ele>
				<time>2026-07-12T20:43:53Z</time>
			</trkpt>
			<trkpt lat="48.723396" lon="-121.83828">
				<ele>1491.398438</ele>
				<time>2026-07-12T20:43:58Z</time>
			</trkpt>
			<trkpt lat="48.723412" lon="-121.838219">
				<ele>1491.585327</ele>
				<time>2026-07-12T20:44:03Z</time>
			</trkpt>
			<trkpt lat="48.723442" lon="-121.838097">
				<ele>1490.827515</ele>
				<time>2026-07-12T20:44:14Z</time>
			</trkpt>
			<trkpt lat="48.723457" lon="-121.838028">
				<ele>1491.310059</ele>
				<time>2026-07-12T20:44:21Z</time>
			</trkpt>
			<trkpt lat="48.723503" lon="-121.837975">
				<ele>1490.567017</ele>
				<time>2026-07-12T20:44:28Z</time>
			</trkpt>
			<trkpt lat="48.723637" lon="-121.837875">
				<ele>1487.630249</ele>
				<time>2026-07-12T20:44:48Z</time>
			</trkpt>
			<trkpt lat="48.723637" lon="-121.837799">
				<ele>1482.947754</ele>
				<time>2026-07-12T20:44:57Z</time>
			</trkpt>
			<trkpt lat="48.72366" lon="-121.837746">
				<ele>1482.065552</ele>
				<time>2026-07-12T20:45:14Z</time>
			</trkpt>
			<trkpt lat="48.723644" lon="-121.837685">
				<ele>1482.250977</ele>
				<time>2026-07-12T20:45:23Z</time>
			</trkpt>
			<trkpt lat="48.723686" lon="-121.837662">
				<ele>1480.88855</ele>
				<time>2026-07-12T20:45:30Z</time>
			</trkpt>
			<trkpt lat="48.723717" lon="-121.837608">
				<ele>1481.424438</ele>
				<time>2026-07-12T20:45:35Z</time>
			</trkpt>
			<trkpt lat="48.723743" lon="-121.837547">
				<ele>1479.890259</ele>
				<time>2026-07-12T20:45:43Z</time>
			</trkpt>
			<trkpt lat="48.723782" lon="-121.837517">
				<ele>1479.564819</ele>
				<time>2026-07-12T20:45:49Z</time>
			</trkpt>
			<trkpt lat="48.723812" lon="-121.837463">
				<ele>1482.34436</ele>
				<time>2026-07-12T20:45:56Z</time>
			</trkpt>
			<trkpt lat="48.723816" lon="-121.837402">
				<ele>1483.272461</ele>
				<time>2026-07-12T20:46:07Z</time>
			</trkpt>
			<trkpt lat="48.72382" lon="-121.837334">
				<ele>1483.341309</ele>
				<time>2026-07-12T20:46:14Z</time>
			</trkpt>
			<trkpt lat="48.723812" lon="-121.837204">
				<ele>1487.505127</ele>
				<time>2026-07-12T20:46:41Z</time>
			</trkpt>
			<trkpt lat="48.723946" lon="-121.837265">
				<ele>1492.829224</ele>
				<time>2026-07-12T20:49:22Z</time>
			</trkpt>
			<trkpt lat="48.723991" lon="-121.83728">
				<ele>1493.114258</ele>
				<time>2026-07-12T20:49:30Z</time>
			</trkpt>
			<trkpt lat="48.724045" lon="-121.837303">
				<ele>1492.922729</ele>
				<time>2026-07-12T20:49:37Z</time>
			</trkpt>
			<trkpt lat="48.724079" lon="-121.837341">
				<ele>1494.660767</ele>
				<time>2026-07-12T20:49:47Z</time>
			</trkpt>
			<trkpt lat="48.724121" lon="-121.837349">
				<ele>1494.204834</ele>
				<time>2026-07-12T20:49:53Z</time>
			</trkpt>
			<trkpt lat="48.724167" lon="-121.837349">
				<ele>1495.21936</ele>
				<time>2026-07-12T20:50:01Z</time>
			</trkpt>
			<trkpt lat="48.724205" lon="-121.837379">
				<ele>1498.339722</ele>
				<time>2026-07-12T20:50:18Z</time>
			</trkpt>
			<trkpt lat="48.72422" lon="-121.837456">
				<ele>1497.136475</ele>
				<time>2026-07-12T20:50:25Z</time>
			</trkpt>
			<trkpt lat="48.724308" lon="-121.837463">
				<ele>1502.493408</ele>
				<time>2026-07-12T20:50:44Z</time>
			</trkpt>
			<trkpt lat="48.724346" lon="-121.837494">
				<ele>1501.63501</ele>
				<time>2026-07-12T20:50:52Z</time>
			</trkpt>
			<trkpt lat="48.724392" lon="-121.837494">
				<ele>1504.36377</ele>
				<time>2026-07-12T20:51:06Z</time>
			</trkpt>
			<trkpt lat="48.724476" lon="-121.837547">
				<ele>1507.307373</ele>
				<time>2026-07-12T20:51:30Z</time>
			</trkpt>
			<trkpt lat="48.724514" lon="-121.837585">
				<ele>1507.891113</ele>
				<time>2026-07-12T20:51:37Z</time>
			</trkpt>
			<trkpt lat="48.724602" lon="-121.837662">
				<ele>1510.592896</ele>
				<time>2026-07-12T20:51:53Z</time>
			</trkpt>
			<trkpt lat="48.724644" lon="-121.837692">
				<ele>1512.973389</ele>
				<time>2026-07-12T20:52:01Z</time>
			</trkpt>
			<trkpt lat="48.724678" lon="-121.83773">
				<ele>1512.179443</ele>
				<time>2026-07-12T20:52:07Z</time>
			</trkpt>
			<trkpt lat="48.724716" lon="-121.837761">
				<ele>1512.816162</ele>
				<time>2026-07-12T20:52:14Z</time>
			</trkpt>
			<trkpt lat="48.724762" lon="-121.837784">
				<ele>1514.348145</ele>
				<time>2026-07-12T20:52:23Z</time>
			</trkpt>
			<trkpt lat="48.7248" lon="-121.837807">
				<ele>1512.495728</ele>
				<time>2026-07-12T20:53:25Z</time>
			</trkpt>
			<trkpt lat="48.724831" lon="-121.83786">
				<ele>1513.601929</ele>
				<time>2026-07-12T20:53:32Z</time>
			</trkpt>
			<trkpt lat="48.724895" lon="-121.837952">
				<ele>1517.214722</ele>
				<time>2026-07-12T20:53:58Z</time>
			</trkpt>
			<trkpt lat="48.724941" lon="-121.837975">
				<ele>1519.876831</ele>
				<time>2026-07-12T20:54:07Z</time>
			</trkpt>
			<trkpt lat="48.724983" lon="-121.837997">
				<ele>1519.830078</ele>
				<time>2026-07-12T20:54:13Z</time>
			</trkpt>
			<trkpt lat="48.725021" lon="-121.838028">
				<ele>1520.211914</ele>
				<time>2026-07-12T20:54:19Z</time>
			</trkpt>
			<trkpt lat="48.72506" lon="-121.838066">
				<ele>1521.867432</ele>
				<time>2026-07-12T20:54:27Z</time>
			</trkpt>
			<trkpt lat="48.725101" lon="-121.838097">
				<ele>1521.592407</ele>
				<time>2026-07-12T20:54:33Z</time>
			</trkpt>
			<trkpt lat="48.725147" lon="-121.83812">
				<ele>1522.622681</ele>
				<time>2026-07-12T20:54:40Z</time>
			</trkpt>
			<trkpt lat="48.725235" lon="-121.838158">
				<ele>1526.227539</ele>
				<time>2026-07-12T20:54:55Z</time>
			</trkpt>
			<trkpt lat="48.725403" lon="-121.838295">
				<ele>1530.642456</ele>
				<time>2026-07-12T20:55:24Z</time>
			</trkpt>
			<trkpt lat="48.725574" lon="-121.838394">
				<ele>1537.463989</ele>
				<time>2026-07-12T20:56:02Z</time>
			</trkpt>
			<trkpt lat="48.725666" lon="-121.838432">
				<ele>1540.127441</ele>
				<time>2026-07-12T20:56:22Z</time>
			</trkpt>
			<trkpt lat="48.725754" lon="-121.83847">
				<ele>1544.107788</ele>
				<time>2026-07-12T20:56:40Z</time>
			</trkpt>
			<trkpt lat="48.725796" lon="-121.838509">
				<ele>1544.438721</ele>
				<time>2026-07-12T20:56:47Z</time>
			</trkpt>
			<trkpt lat="48.725838" lon="-121.838531">
				<ele>1546.071045</ele>
				<time>2026-07-12T20:56:57Z</time>
			</trkpt>
			<trkpt lat="48.725872" lon="-121.838577">
				<ele>1546.304443</ele>
				<time>2026-07-12T20:57:04Z</time>
			</trkpt>
			<trkpt lat="48.72591" lon="-121.838623">
				<ele>1546.359741</ele>
				<time>2026-07-12T20:57:12Z</time>
			</trkpt>
			<trkpt lat="48.726116" lon="-121.838737">
				<ele>1553.964966</ele>
				<time>2026-07-12T20:57:53Z</time>
			</trkpt>
			<trkpt lat="48.726158" lon="-121.838783">
				<ele>1555.067871</ele>
				<time>2026-07-12T20:58:03Z</time>
			</trkpt>
			<trkpt lat="48.7262" lon="-121.838814">
				<ele>1555.253906</ele>
				<time>2026-07-12T20:58:10Z</time>
			</trkpt>
			<trkpt lat="48.726284" lon="-121.838875">
				<ele>1557.603027</ele>
				<time>2026-07-12T20:58:26Z</time>
			</trkpt>
			<trkpt lat="48.726406" lon="-121.838966">
				<ele>1562.582397</ele>
				<time>2026-07-12T20:58:50Z</time>
			</trkpt>
			<trkpt lat="48.726444" lon="-121.839005">
				<ele>1563.461304</ele>
				<time>2026-07-12T20:58:57Z</time>
			</trkpt>
			<trkpt lat="48.726524" lon="-121.839066">
				<ele>1564.254028</ele>
				<time>2026-07-12T20:59:10Z</time>
			</trkpt>
			<trkpt lat="48.726563" lon="-121.839104">
				<ele>1565.044434</ele>
				<time>2026-07-12T20:59:17Z</time>
			</trkpt>
			<trkpt lat="48.726608" lon="-121.839142">
				<ele>1566.712524</ele>
				<time>2026-07-12T20:59:25Z</time>
			</trkpt>
			<trkpt lat="48.72665" lon="-121.83918">
				<ele>1566.996216</ele>
				<time>2026-07-12T20:59:32Z</time>
			</trkpt>
			<trkpt lat="48.72681" lon="-121.839287">
				<ele>1571.353271</ele>
				<time>2026-07-12T21:00:01Z</time>
			</trkpt>
			<trkpt lat="48.726849" lon="-121.839317">
				<ele>1574.142822</ele>
				<time>2026-07-12T21:00:10Z</time>
			</trkpt>
			<trkpt lat="48.726891" lon="-121.839348">
				<ele>1575.428955</ele>
				<time>2026-07-12T21:00:18Z</time>
			</trkpt>
			<trkpt lat="48.726933" lon="-121.839378">
				<ele>1575.952271</ele>
				<time>2026-07-12T21:00:25Z</time>
			</trkpt>
			<trkpt lat="48.726974" lon="-121.839401">
				<ele>1575.946411</ele>
				<time>2026-07-12T21:00:32Z</time>
			</trkpt>
			<trkpt lat="48.727016" lon="-121.839417">
				<ele>1578.444336</ele>
				<time>2026-07-12T21:00:42Z</time>
			</trkpt>
			<trkpt lat="48.727058" lon="-121.839447">
				<ele>1578.353394</ele>
				<time>2026-07-12T21:00:50Z</time>
			</trkpt>
			<trkpt lat="48.72715" lon="-121.839508">
				<ele>1579.562256</ele>
				<time>2026-07-12T21:01:06Z</time>
			</trkpt>
			<trkpt lat="48.727192" lon="-121.839546">
				<ele>1580.746704</ele>
				<time>2026-07-12T21:01:15Z</time>
			</trkpt>
			<trkpt lat="48.72731" lon="-121.839645">
				<ele>1582.434448</ele>
				<time>2026-07-12T21:01:37Z</time>
			</trkpt>
			<trkpt lat="48.727352" lon="-121.839661">
				<ele>1584.136108</ele>
				<time>2026-07-12T21:01:45Z</time>
			</trkpt>
			<trkpt lat="48.727482" lon="-121.839767">
				<ele>1586.278198</ele>
				<time>2026-07-12T21:02:07Z</time>
			</trkpt>
			<trkpt lat="48.727573" lon="-121.839806">
				<ele>1588.654419</ele>
				<time>2026-07-12T21:02:25Z</time>
			</trkpt>
			<trkpt lat="48.727612" lon="-121.839836">
				<ele>1589.284912</ele>
				<time>2026-07-12T21:02:31Z</time>
			</trkpt>
			<trkpt lat="48.727654" lon="-121.839859">
				<ele>1591.296265</ele>
				<time>2026-07-12T21:02:39Z</time>
			</trkpt>
			<trkpt lat="48.727737" lon="-121.839912">
				<ele>1592.62793</ele>
				<time>2026-07-12T21:02:53Z</time>
			</trkpt>
			<trkpt lat="48.727776" lon="-121.839943">
				<ele>1592.891968</ele>
				<time>2026-07-12T21:02:59Z</time>
			</trkpt>
			<trkpt lat="48.727818" lon="-121.839966">
				<ele>1592.831421</ele>
				<time>2026-07-12T21:03:05Z</time>
			</trkpt>
			<trkpt lat="48.727863" lon="-121.840004">
				<ele>1595.890869</ele>
				<time>2026-07-12T21:06:16Z</time>
			</trkpt>
			<trkpt lat="48.727913" lon="-121.840034">
				<ele>1597.650024</ele>
				<time>2026-07-12T21:06:25Z</time>
			</trkpt>
			<trkpt lat="48.727985" lon="-121.840096">
				<ele>1598.932007</ele>
				<time>2026-07-12T21:06:40Z</time>
			</trkpt>
			<trkpt lat="48.728027" lon="-121.840134">
				<ele>1598.138672</ele>
				<time>2026-07-12T21:06:48Z</time>
			</trkpt>
			<trkpt lat="48.728065" lon="-121.840172">
				<ele>1600.134766</ele>
				<time>2026-07-12T21:06:55Z</time>
			</trkpt>
			<trkpt lat="48.728107" lon="-121.840172">
				<ele>1602.68689</ele>
				<time>2026-07-12T21:07:07Z</time>
			</trkpt>
			<trkpt lat="48.728149" lon="-121.840195">
				<ele>1602.881348</ele>
				<time>2026-07-12T21:07:14Z</time>
			</trkpt>
			<trkpt lat="48.728241" lon="-121.840248">
				<ele>1604.222046</ele>
				<time>2026-07-12T21:07:27Z</time>
			</trkpt>
			<trkpt lat="48.728367" lon="-121.840324">
				<ele>1607.213623</ele>
				<time>2026-07-12T21:07:48Z</time>
			</trkpt>
			<trkpt lat="48.728416" lon="-121.840324">
				<ele>1607.58606</ele>
				<time>2026-07-12T21:07:57Z</time>
			</trkpt>
			<trkpt lat="48.728497" lon="-121.84037">
				<ele>1608.565063</ele>
				<time>2026-07-12T21:08:09Z</time>
			</trkpt>
			<trkpt lat="48.728539" lon="-121.840408">
				<ele>1608.342407</ele>
				<time>2026-07-12T21:08:15Z</time>
			</trkpt>
			<trkpt lat="48.728573" lon="-121.840446">
				<ele>1602.693359</ele>
				<time>2026-07-12T21:08:56Z</time>
			</trkpt>
			<trkpt lat="48.728596" lon="-121.840523">
				<ele>1603.191772</ele>
				<time>2026-07-12T21:09:05Z</time>
			</trkpt>
			<trkpt lat="48.728603" lon="-121.840584">
				<ele>1602.572876</ele>
				<time>2026-07-12T21:09:11Z</time>
			</trkpt>
			<trkpt lat="48.728687" lon="-121.840637">
				<ele>1608.298218</ele>
				<time>2026-07-12T21:09:28Z</time>
			</trkpt>
			<trkpt lat="48.728733" lon="-121.84063">
				<ele>1609.416138</ele>
				<time>2026-07-12T21:09:36Z</time>
			</trkpt>
			<trkpt lat="48.728817" lon="-121.840675">
				<ele>1610.425537</ele>
				<time>2026-07-12T21:09:51Z</time>
			</trkpt>
			<trkpt lat="48.728859" lon="-121.840683">
				<ele>1610.652344</ele>
				<time>2026-07-12T21:09:58Z</time>
			</trkpt>
			<trkpt lat="48.728943" lon="-121.840714">
				<ele>1612.589966</ele>
				<time>2026-07-12T21:10:14Z</time>
			</trkpt>
			<trkpt lat="48.728989" lon="-121.840714">
				<ele>1615.716309</ele>
				<time>2026-07-12T21:10:23Z</time>
			</trkpt>
			<trkpt lat="48.729034" lon="-121.840729">
				<ele>1615.595337</ele>
				<time>2026-07-12T21:10:29Z</time>
			</trkpt>
			<trkpt lat="48.729118" lon="-121.840767">
				<ele>1618.741943</ele>
				<time>2026-07-12T21:10:44Z</time>
			</trkpt>
			<trkpt lat="48.729164" lon="-121.840797">
				<ele>1619.89502</ele>
				<time>2026-07-12T21:10:53Z</time>
			</trkpt>
			<trkpt lat="48.729214" lon="-121.840805">
				<ele>1619.669067</ele>
				<time>2026-07-12T21:11:00Z</time>
			</trkpt>
			<trkpt lat="48.729256" lon="-121.84082">
				<ele>1620.577148</ele>
				<time>2026-07-12T21:11:07Z</time>
			</trkpt>
			<trkpt lat="48.729301" lon="-121.840843">
				<ele>1620.452393</ele>
				<time>2026-07-12T21:11:14Z</time>
			</trkpt>
			<trkpt lat="48.729347" lon="-121.840866">
				<ele>1620.583252</ele>
				<time>2026-07-12T21:11:20Z</time>
			</trkpt>
			<trkpt lat="48.729393" lon="-121.840881">
				<ele>1620.059937</ele>
				<time>2026-07-12T21:11:27Z</time>
			</trkpt>
			<trkpt lat="48.729435" lon="-121.840897">
				<ele>1620.038696</ele>
				<time>2026-07-12T21:11:32Z</time>
			</trkpt>
			<trkpt lat="48.729477" lon="-121.840927">
				<ele>1620.784424</ele>
				<time>2026-07-12T21:11:40Z</time>
			</trkpt>
			<trkpt lat="48.729523" lon="-121.84095">
				<ele>1623.396729</ele>
				<time>2026-07-12T21:11:48Z</time>
			</trkpt>
			<trkpt lat="48.729565" lon="-121.840965">
				<ele>1623.258789</ele>
				<time>2026-07-12T21:11:54Z</time>
			</trkpt>
			<trkpt lat="48.729607" lon="-121.840981">
				<ele>1624.338867</ele>
				<time>2026-07-12T21:12:02Z</time>
			</trkpt>
			<trkpt lat="48.729649" lon="-121.841003">
				<ele>1623.942139</ele>
				<time>2026-07-12T21:12:10Z</time>
			</trkpt>
			<trkpt lat="48.729698" lon="-121.841003">
				<ele>1626.065796</ele>
				<time>2026-07-12T21:12:18Z</time>
			</trkpt>
			<trkpt lat="48.72974" lon="-121.841049">
				<ele>1624.99707</ele>
				<time>2026-07-12T21:12:24Z</time>
			</trkpt>
			<trkpt lat="48.729786" lon="-121.841049">
				<ele>1627.46875</ele>
				<time>2026-07-12T21:12:34Z</time>
			</trkpt>
			<trkpt lat="48.729874" lon="-121.841072">
				<ele>1629.389893</ele>
				<time>2026-07-12T21:12:48Z</time>
			</trkpt>
			<trkpt lat="48.729919" lon="-121.841087">
				<ele>1629.216919</ele>
				<time>2026-07-12T21:12:53Z</time>
			</trkpt>
			<trkpt lat="48.729969" lon="-121.84111">
				<ele>1629.869385</ele>
				<time>2026-07-12T21:13:00Z</time>
			</trkpt>
			<trkpt lat="48.730011" lon="-121.841133">
				<ele>1631.329468</ele>
				<time>2026-07-12T21:13:07Z</time>
			</trkpt>
			<trkpt lat="48.730057" lon="-121.841141">
				<ele>1631.565674</ele>
				<time>2026-07-12T21:13:14Z</time>
			</trkpt>
			<trkpt lat="48.730099" lon="-121.841148">
				<ele>1632.092041</ele>
				<time>2026-07-12T21:13:20Z</time>
			</trkpt>
			<trkpt lat="48.730152" lon="-121.841156">
				<ele>1633.173706</ele>
				<time>2026-07-12T21:13:27Z</time>
			</trkpt>
			<trkpt lat="48.730194" lon="-121.841179">
				<ele>1633.154419</ele>
				<time>2026-07-12T21:13:32Z</time>
			</trkpt>
			<trkpt lat="48.730244" lon="-121.841187">
				<ele>1634.102417</ele>
				<time>2026-07-12T21:13:38Z</time>
			</trkpt>
			<trkpt lat="48.730282" lon="-121.841209">
				<ele>1634.054932</ele>
				<time>2026-07-12T21:13:44Z</time>
			</trkpt>
			<trkpt lat="48.730373" lon="-121.841209">
				<ele>1635.570679</ele>
				<time>2026-07-12T21:13:57Z</time>
			</trkpt>
			<trkpt lat="48.730423" lon="-121.841209">
				<ele>1635.254028</ele>
				<time>2026-07-12T21:14:03Z</time>
			</trkpt>
			<trkpt lat="48.730473" lon="-121.841225">
				<ele>1635.209595</ele>
				<time>2026-07-12T21:14:09Z</time>
			</trkpt>
			<trkpt lat="48.730522" lon="-121.84124">
				<ele>1636.115967</ele>
				<time>2026-07-12T21:14:16Z</time>
			</trkpt>
			<trkpt lat="48.730564" lon="-121.841263">
				<ele>1635.559692</ele>
				<time>2026-07-12T21:14:21Z</time>
			</trkpt>
			<trkpt lat="48.730656" lon="-121.84127">
				<ele>1635.427734</ele>
				<time>2026-07-12T21:14:32Z</time>
			</trkpt>
			<trkpt lat="48.730751" lon="-121.841263">
				<ele>1639.658813</ele>
				<time>2026-07-12T21:14:47Z</time>
			</trkpt>
			<trkpt lat="48.730797" lon="-121.841286">
				<ele>1639.3479</ele>
				<time>2026-07-12T21:14:52Z</time>
			</trkpt>
			<trkpt lat="48.73085" lon="-121.841293">
				<ele>1639.987183</ele>
				<time>2026-07-12T21:15:00Z</time>
			</trkpt>
			<trkpt lat="48.730888" lon="-121.841324">
				<ele>1639.243652</ele>
				<time>2026-07-12T21:15:23Z</time>
			</trkpt>
			<trkpt lat="48.73098" lon="-121.841316">
				<ele>1639.968384</ele>
				<time>2026-07-12T21:15:49Z</time>
			</trkpt>
			<trkpt lat="48.731026" lon="-121.841316">
				<ele>1640.622559</ele>
				<time>2026-07-12T21:15:55Z</time>
			</trkpt>
			<trkpt lat="48.731075" lon="-121.841316">
				<ele>1640.672363</ele>
				<time>2026-07-12T21:16:01Z</time>
			</trkpt>
			<trkpt lat="48.731167" lon="-121.841347">
				<ele>1642.380249</ele>
				<time>2026-07-12T21:16:14Z</time>
			</trkpt>
			<trkpt lat="48.731216" lon="-121.841347">
				<ele>1642.14856</ele>
				<time>2026-07-12T21:16:20Z</time>
			</trkpt>
			<trkpt lat="48.731262" lon="-121.841347">
				<ele>1641.444702</ele>
				<time>2026-07-12T21:16:25Z</time>
			</trkpt>
			<trkpt lat="48.731304" lon="-121.841347">
				<ele>1642.96936</ele>
				<time>2026-07-12T21:16:31Z</time>
			</trkpt>
			<trkpt lat="48.731396" lon="-121.841362">
				<ele>1643.598633</ele>
				<time>2026-07-12T21:16:42Z</time>
			</trkpt>
			<trkpt lat="48.731441" lon="-121.841354">
				<ele>1644.745605</ele>
				<time>2026-07-12T21:16:48Z</time>
			</trkpt>
			<trkpt lat="48.73148" lon="-121.841377">
				<ele>1644.185791</ele>
				<time>2026-07-12T21:16:53Z</time>
			</trkpt>
			<trkpt lat="48.731529" lon="-121.841354">
				<ele>1645.709473</ele>
				<time>2026-07-12T21:17:00Z</time>
			</trkpt>
			<trkpt lat="48.731575" lon="-121.84137">
				<ele>1646.270142</ele>
				<time>2026-07-12T21:17:07Z</time>
			</trkpt>
			<trkpt lat="48.731617" lon="-121.841362">
				<ele>1648.050415</ele>
				<time>2026-07-12T21:17:14Z</time>
			</trkpt>
			<trkpt lat="48.731663" lon="-121.841362">
				<ele>1647.734863</ele>
				<time>2026-07-12T21:17:20Z</time>
			</trkpt>
			<trkpt lat="48.731712" lon="-121.84137">
				<ele>1648.220093</ele>
				<time>2026-07-12T21:17:26Z</time>
			</trkpt>
			<trkpt lat="48.731758" lon="-121.841377">
				<ele>1649.163086</ele>
				<time>2026-07-12T21:17:32Z</time>
			</trkpt>
			<trkpt lat="48.731808" lon="-121.8414">
				<ele>1649.262207</ele>
				<time>2026-07-12T21:17:39Z</time>
			</trkpt>
			<trkpt lat="48.73185" lon="-121.841408">
				<ele>1647.853271</ele>
				<time>2026-07-12T21:17:44Z</time>
			</trkpt>
			<trkpt lat="48.731895" lon="-121.841408">
				<ele>1647.578735</ele>
				<time>2026-07-12T21:17:49Z</time>
			</trkpt>
			<trkpt lat="48.731934" lon="-121.841377">
				<ele>1648.074585</ele>
				<time>2026-07-12T21:17:57Z</time>
			</trkpt>
			<trkpt lat="48.731979" lon="-121.84137">
				<ele>1647.937744</ele>
				<time>2026-07-12T21:18:08Z</time>
			</trkpt>
			<trkpt lat="48.732025" lon="-121.841377">
				<ele>1646.631348</ele>
				<time>2026-07-12T21:18:14Z</time>
			</trkpt>
			<trkpt lat="48.732071" lon="-121.8414">
				<ele>1649.492432</ele>
				<time>2026-07-12T21:18:22Z</time>
			</trkpt>
			<trkpt lat="48.732109" lon="-121.84137">
				<ele>1650.650391</ele>
				<time>2026-07-12T21:18:42Z</time>
			</trkpt>
			<trkpt lat="48.732155" lon="-121.841385">
				<ele>1650.678955</ele>
				<time>2026-07-12T21:18:51Z</time>
			</trkpt>
			<trkpt lat="48.732197" lon="-121.841377">
				<ele>1654.77356</ele>
				<time>2026-07-12T21:19:11Z</time>
			</trkpt>
			<trkpt lat="48.732285" lon="-121.8414">
				<ele>1656.657837</ele>
				<time>2026-07-12T21:19:33Z</time>
			</trkpt>
			<trkpt lat="48.732327" lon="-121.841431">
				<ele>1656.57019</ele>
				<time>2026-07-12T21:19:40Z</time>
			</trkpt>
			<trkpt lat="48.732372" lon="-121.841423">
				<ele>1656.852539</ele>
				<time>2026-07-12T21:19:51Z</time>
			</trkpt>
			<trkpt lat="48.732418" lon="-121.841423">
				<ele>1656.903076</ele>
				<time>2026-07-12T21:19:58Z</time>
			</trkpt>
			<trkpt lat="48.73251" lon="-121.841438">
				<ele>1658.51062</ele>
				<time>2026-07-12T21:20:14Z</time>
			</trkpt>
			<trkpt lat="48.732552" lon="-121.841438">
				<ele>1658.54248</ele>
				<time>2026-07-12T21:20:22Z</time>
			</trkpt>
			<trkpt lat="48.732643" lon="-121.841454">
				<ele>1661.084595</ele>
				<time>2026-07-12T21:20:38Z</time>
			</trkpt>
			<trkpt lat="48.732769" lon="-121.841537">
				<ele>1664.062012</ele>
				<time>2026-07-12T21:20:59Z</time>
			</trkpt>
			<trkpt lat="48.732845" lon="-121.841476">
				<ele>1666.283569</ele>
				<time>2026-07-12T21:21:21Z</time>
			</trkpt>
			<trkpt lat="48.732887" lon="-121.841469">
				<ele>1668.880493</ele>
				<time>2026-07-12T21:21:32Z</time>
			</trkpt>
			<trkpt lat="48.732933" lon="-121.841461">
				<ele>1669.934448</ele>
				<time>2026-07-12T21:21:42Z</time>
			</trkpt>
			<trkpt lat="48.732975" lon="-121.841492">
				<ele>1674.38916</ele>
				<time>2026-07-12T21:23:39Z</time>
			</trkpt>
			<trkpt lat="48.733021" lon="-121.841492">
				<ele>1675.20874</ele>
				<time>2026-07-12T21:23:48Z</time>
			</trkpt>
			<trkpt lat="48.733055" lon="-121.841446">
				<ele>1675.53064</ele>
				<time>2026-07-12T21:23:56Z</time>
			</trkpt>
			<trkpt lat="48.733135" lon="-121.8414">
				<ele>1675.813599</ele>
				<time>2026-07-12T21:24:11Z</time>
			</trkpt>
			<trkpt lat="48.733189" lon="-121.841415">
				<ele>1675.223877</ele>
				<time>2026-07-12T21:24:17Z</time>
			</trkpt>
			<trkpt lat="48.733265" lon="-121.841347">
				<ele>1677.944824</ele>
				<time>2026-07-12T21:24:33Z</time>
			</trkpt>
			<trkpt lat="48.733406" lon="-121.841324">
				<ele>1681.014893</ele>
				<time>2026-07-12T21:24:58Z</time>
			</trkpt>
			<trkpt lat="48.733494" lon="-121.841286">
				<ele>1684.61377</ele>
				<time>2026-07-12T21:25:18Z</time>
			</trkpt>
			<trkpt lat="48.733536" lon="-121.841309">
				<ele>1685.018066</ele>
				<time>2026-07-12T21:25:26Z</time>
			</trkpt>
			<trkpt lat="48.733582" lon="-121.841309">
				<ele>1686.601807</ele>
				<time>2026-07-12T21:25:37Z</time>
			</trkpt>
			<trkpt lat="48.733624" lon="-121.841301">
				<ele>1686.213745</ele>
				<time>2026-07-12T21:25:47Z</time>
			</trkpt>
			<trkpt lat="48.733669" lon="-121.841309">
				<ele>1687.154053</ele>
				<time>2026-07-12T21:25:57Z</time>
			</trkpt>
			<trkpt lat="48.733757" lon="-121.841286">
				<ele>1690.572266</ele>
				<time>2026-07-12T21:26:17Z</time>
			</trkpt>
			<trkpt lat="48.733936" lon="-121.841301">
				<ele>1694.933105</ele>
				<time>2026-07-12T21:26:49Z</time>
			</trkpt>
			<trkpt lat="48.734032" lon="-121.841316">
				<ele>1696.155151</ele>
				<time>2026-07-12T21:27:03Z</time>
			</trkpt>
			<trkpt lat="48.734077" lon="-121.841316">
				<ele>1695.671997</ele>
				<time>2026-07-12T21:27:10Z</time>
			</trkpt>
			<trkpt lat="48.734169" lon="-121.841339">
				<ele>1698.590332</ele>
				<time>2026-07-12T21:27:24Z</time>
			</trkpt>
			<trkpt lat="48.734215" lon="-121.841339">
				<ele>1702.56958</ele>
				<time>2026-07-12T21:27:35Z</time>
			</trkpt>
			<trkpt lat="48.734303" lon="-121.841354">
				<ele>1706.768066</ele>
				<time>2026-07-12T21:27:52Z</time>
			</trkpt>
			<trkpt lat="48.734348" lon="-121.841362">
				<ele>1707.298218</ele>
				<time>2026-07-12T21:28:00Z</time>
			</trkpt>
			<trkpt lat="48.73439" lon="-121.841347">
				<ele>1709.300537</ele>
				<time>2026-07-12T21:28:09Z</time>
			</trkpt>
			<trkpt lat="48.734436" lon="-121.841354">
				<ele>1710.029419</ele>
				<time>2026-07-12T21:28:16Z</time>
			</trkpt>
			<trkpt lat="48.734482" lon="-121.84137">
				<ele>1709.782959</ele>
				<time>2026-07-12T21:28:24Z</time>
			</trkpt>
			<trkpt lat="48.734528" lon="-121.84137">
				<ele>1711.205444</ele>
				<time>2026-07-12T21:28:32Z</time>
			</trkpt>
			<trkpt lat="48.73457" lon="-121.841393">
				<ele>1711.68335</ele>
				<time>2026-07-12T21:28:39Z</time>
			</trkpt>
			<trkpt lat="48.734657" lon="-121.84137">
				<ele>1714.962402</ele>
				<time>2026-07-12T21:29:01Z</time>
			</trkpt>
			<trkpt lat="48.734703" lon="-121.841377">
				<ele>1714.886719</ele>
				<time>2026-07-12T21:29:08Z</time>
			</trkpt>
			<trkpt lat="48.734791" lon="-121.84137">
				<ele>1718.896729</ele>
				<time>2026-07-12T21:29:24Z</time>
			</trkpt>
			<trkpt lat="48.734837" lon="-121.841385">
				<ele>1720.115112</ele>
				<time>2026-07-12T21:29:32Z</time>
			</trkpt>
			<trkpt lat="48.734928" lon="-121.841393">
				<ele>1720.996216</ele>
				<time>2026-07-12T21:29:46Z</time>
			</trkpt>
			<trkpt lat="48.735023" lon="-121.84137">
				<ele>1724.148438</ele>
				<time>2026-07-12T21:30:04Z</time>
			</trkpt>
			<trkpt lat="48.735111" lon="-121.841385">
				<ele>1725.526001</ele>
				<time>2026-07-12T21:30:20Z</time>
			</trkpt>
			<trkpt lat="48.735153" lon="-121.8414">
				<ele>1725.617676</ele>
				<time>2026-07-12T21:30:27Z</time>
			</trkpt>
			<trkpt lat="48.735203" lon="-121.8414">
				<ele>1726.511963</ele>
				<time>2026-07-12T21:30:36Z</time>
			</trkpt>
			<trkpt lat="48.735294" lon="-121.841393">
				<ele>1729.918823</ele>
				<time>2026-07-12T21:30:53Z</time>
			</trkpt>
			<trkpt lat="48.735344" lon="-121.841408">
				<ele>1729.895752</ele>
				<time>2026-07-12T21:31:01Z</time>
			</trkpt>
			<trkpt lat="48.735386" lon="-121.841393">
				<ele>1731.776733</ele>
				<time>2026-07-12T21:31:09Z</time>
			</trkpt>
			<trkpt lat="48.735432" lon="-121.84137">
				<ele>1731.609009</ele>
				<time>2026-07-12T21:31:16Z</time>
			</trkpt>
			<trkpt lat="48.735477" lon="-121.84137">
				<ele>1731.738281</ele>
				<time>2026-07-12T21:31:22Z</time>
			</trkpt>
			<trkpt lat="48.735565" lon="-121.841354">
				<ele>1735.269165</ele>
				<time>2026-07-12T21:31:39Z</time>
			</trkpt>
			<trkpt lat="48.735657" lon="-121.84137">
				<ele>1736.983643</ele>
				<time>2026-07-12T21:31:54Z</time>
			</trkpt>
			<trkpt lat="48.735748" lon="-121.841385">
				<ele>1740.548218</ele>
				<time>2026-07-12T21:32:08Z</time>
			</trkpt>
			<trkpt lat="48.735836" lon="-121.841362">
				<ele>1745.005737</ele>
				<time>2026-07-12T21:32:26Z</time>
			</trkpt>
			<trkpt lat="48.735935" lon="-121.841347">
				<ele>1746.933472</ele>
				<time>2026-07-12T21:32:42Z</time>
			</trkpt>
			<trkpt lat="48.735981" lon="-121.841354">
				<ele>1746.829834</ele>
				<time>2026-07-12T21:32:49Z</time>
			</trkpt>
			<trkpt lat="48.736027" lon="-121.841354">
				<ele>1748.941772</ele>
				<time>2026-07-12T21:32:57Z</time>
			</trkpt>
			<trkpt lat="48.736073" lon="-121.841347">
				<ele>1749.053833</ele>
				<time>2026-07-12T21:33:04Z</time>
			</trkpt>
			<trkpt lat="48.736118" lon="-121.841324">
				<ele>1749.534546</ele>
				<time>2026-07-12T21:33:10Z</time>
			</trkpt>
			<trkpt lat="48.736168" lon="-121.841324">
				<ele>1749.639893</ele>
				<time>2026-07-12T21:33:17Z</time>
			</trkpt>
			<trkpt lat="48.736259" lon="-121.841324">
				<ele>1752.655029</ele>
				<time>2026-07-12T21:33:36Z</time>
			</trkpt>
			<trkpt lat="48.736298" lon="-121.841362">
				<ele>1756.464966</ele>
				<time>2026-07-12T21:33:47Z</time>
			</trkpt>
			<trkpt lat="48.736336" lon="-121.841339">
				<ele>1757.192017</ele>
				<time>2026-07-12T21:33:54Z</time>
			</trkpt>
			<trkpt lat="48.736366" lon="-121.841385">
				<ele>1757.250122</ele>
				<time>2026-07-12T21:33:59Z</time>
			</trkpt>
			<trkpt lat="48.736408" lon="-121.841423">
				<ele>1756.659424</ele>
				<time>2026-07-12T21:34:06Z</time>
			</trkpt>
			<trkpt lat="48.736542" lon="-121.841393">
				<ele>1761.895508</ele>
				<time>2026-07-12T21:34:39Z</time>
			</trkpt>
			<trkpt lat="48.736584" lon="-121.841408">
				<ele>1761.454224</ele>
				<time>2026-07-12T21:34:50Z</time>
			</trkpt>
			<trkpt lat="48.736626" lon="-121.841377">
				<ele>1760.436035</ele>
				<time>2026-07-12T21:35:35Z</time>
			</trkpt>
			<trkpt lat="48.736755" lon="-121.841339">
				<ele>1767.32312</ele>
				<time>2026-07-12T21:36:25Z</time>
			</trkpt>
			<trkpt lat="48.73679" lon="-121.841309">
				<ele>1765.339844</ele>
				<time>2026-07-12T21:36:33Z</time>
			</trkpt>
			<trkpt lat="48.736782" lon="-121.841248">
				<ele>1769.500977</ele>
				<time>2026-07-12T21:36:49Z</time>
			</trkpt>
			<trkpt lat="48.736813" lon="-121.841293">
				<ele>1772.19873</ele>
				<time>2026-07-12T21:37:43Z</time>
			</trkpt>
			<trkpt lat="48.736866" lon="-121.841293">
				<ele>1777.012817</ele>
				<time>2026-07-12T21:39:47Z</time>
			</trkpt>
			<trkpt lat="48.737011" lon="-121.841316">
				<ele>1782.495483</ele>
				<time>2026-07-12T21:40:11Z</time>
			</trkpt>
			<trkpt lat="48.737061" lon="-121.841309">
				<ele>1783.125488</ele>
				<time>2026-07-12T21:40:18Z</time>
			</trkpt>
			<trkpt lat="48.737103" lon="-121.841286">
				<ele>1784.293457</ele>
				<time>2026-07-12T21:40:25Z</time>
			</trkpt>
			<trkpt lat="48.737152" lon="-121.841301">
				<ele>1784.123901</ele>
				<time>2026-07-12T21:40:31Z</time>
			</trkpt>
			<trkpt lat="48.737198" lon="-121.841286">
				<ele>1784.177612</ele>
				<time>2026-07-12T21:40:36Z</time>
			</trkpt>
			<trkpt lat="48.737244" lon="-121.84127">
				<ele>1785.227905</ele>
				<time>2026-07-12T21:40:42Z</time>
			</trkpt>
			<trkpt lat="48.737289" lon="-121.84127">
				<ele>1785.607666</ele>
				<time>2026-07-12T21:40:47Z</time>
			</trkpt>
			<trkpt lat="48.737377" lon="-121.84127">
				<ele>1784.814941</ele>
				<time>2026-07-12T21:40:59Z</time>
			</trkpt>
			<trkpt lat="48.737427" lon="-121.84127">
				<ele>1785.253784</ele>
				<time>2026-07-12T21:41:07Z</time>
			</trkpt>
			<trkpt lat="48.737473" lon="-121.841278">
				<ele>1784.408203</ele>
				<time>2026-07-12T21:41:14Z</time>
			</trkpt>
			<trkpt lat="48.737518" lon="-121.841278">
				<ele>1784.109009</ele>
				<time>2026-07-12T21:41:21Z</time>
			</trkpt>
			<trkpt lat="48.737614" lon="-121.841286">
				<ele>1787.164551</ele>
				<time>2026-07-12T21:41:36Z</time>
			</trkpt>
			<trkpt lat="48.737656" lon="-121.841286">
				<ele>1789.786621</ele>
				<time>2026-07-12T21:41:45Z</time>
			</trkpt>
			<trkpt lat="48.737747" lon="-121.841286">
				<ele>1792.488892</ele>
				<time>2026-07-12T21:42:04Z</time>
			</trkpt>
			<trkpt lat="48.737793" lon="-121.841293">
				<ele>1792.390137</ele>
				<time>2026-07-12T21:42:10Z</time>
			</trkpt>
			<trkpt lat="48.737885" lon="-121.841316">
				<ele>1797.231812</ele>
				<time>2026-07-12T21:42:29Z</time>
			</trkpt>
			<trkpt lat="48.73793" lon="-121.841316">
				<ele>1797.655884</ele>
				<time>2026-07-12T21:42:36Z</time>
			</trkpt>
			<trkpt lat="48.737976" lon="-121.841316">
				<ele>1797.777222</ele>
				<time>2026-07-12T21:42:43Z</time>
			</trkpt>
			<trkpt lat="48.738026" lon="-121.841316">
				<ele>1796.46814</ele>
				<time>2026-07-12T21:42:50Z</time>
			</trkpt>
			<trkpt lat="48.738075" lon="-121.841301">
				<ele>1796.153198</ele>
				<time>2026-07-12T21:42:56Z</time>
			</trkpt>
			<trkpt lat="48.738121" lon="-121.841309">
				<ele>1794.991089</ele>
				<time>2026-07-12T21:43:01Z</time>
			</trkpt>
			<trkpt lat="48.738167" lon="-121.841293">
				<ele>1794.748169</ele>
				<time>2026-07-12T21:43:05Z</time>
			</trkpt>
			<trkpt lat="48.738213" lon="-121.841293">
				<ele>1794.072754</ele>
				<time>2026-07-12T21:43:10Z</time>
			</trkpt>
			<trkpt lat="48.738262" lon="-121.841293">
				<ele>1794.193848</ele>
				<time>2026-07-12T21:43:15Z</time>
			</trkpt>
			<trkpt lat="48.738316" lon="-121.841301">
				<ele>1794.01355</ele>
				<time>2026-07-12T21:43:21Z</time>
			</trkpt>
			<trkpt lat="48.738449" lon="-121.841263">
				<ele>1800.518433</ele>
				<time>2026-07-12T21:43:44Z</time>
			</trkpt>
			<trkpt lat="48.738495" lon="-121.84127">
				<ele>1800.065796</ele>
				<time>2026-07-12T21:43:50Z</time>
			</trkpt>
			<trkpt lat="48.738533" lon="-121.841232">
				<ele>1799.297241</ele>
				<time>2026-07-12T21:43:58Z</time>
			</trkpt>
			<trkpt lat="48.738579" lon="-121.841225">
				<ele>1800.978394</ele>
				<time>2026-07-12T21:44:03Z</time>
			</trkpt>
			<trkpt lat="48.738678" lon="-121.841225">
				<ele>1799.276367</ele>
				<time>2026-07-12T21:44:15Z</time>
			</trkpt>
			<trkpt lat="48.738716" lon="-121.841255">
				<ele>1797.883057</ele>
				<time>2026-07-12T21:44:22Z</time>
			</trkpt>
			<trkpt lat="48.738811" lon="-121.841263">
				<ele>1793.787354</ele>
				<time>2026-07-12T21:44:35Z</time>
			</trkpt>
			<trkpt lat="48.738857" lon="-121.841255">
				<ele>1793.527344</ele>
				<time>2026-07-12T21:44:47Z</time>
			</trkpt>
			<trkpt lat="48.73888" lon="-121.841202">
				<ele>1793.386108</ele>
				<time>2026-07-12T21:44:54Z</time>
			</trkpt>
			<trkpt lat="48.73888" lon="-121.841133">
				<ele>1794.299805</ele>
				<time>2026-07-12T21:45:00Z</time>
			</trkpt>
			<trkpt lat="48.738869" lon="-121.841064">
				<ele>1796.869141</ele>
				<time>2026-07-12T21:45:11Z</time>
			</trkpt>
			<trkpt lat="48.738907" lon="-121.841034">
				<ele>1795.867432</ele>
				<time>2026-07-12T21:45:16Z</time>
			</trkpt>
			<trkpt lat="48.738922" lon="-121.840965">
				<ele>1797.803711</ele>
				<time>2026-07-12T21:45:24Z</time>
			</trkpt>
			<trkpt lat="48.738956" lon="-121.840919">
				<ele>1797.713989</ele>
				<time>2026-07-12T21:45:37Z</time>
			</trkpt>
			<trkpt lat="48.73904" lon="-121.840874">
				<ele>1797.262451</ele>
				<time>2026-07-12T21:45:48Z</time>
			</trkpt>
			<trkpt lat="48.739086" lon="-121.840851">
				<ele>1797.386719</ele>
				<time>2026-07-12T21:45:53Z</time>
			</trkpt>
			<trkpt lat="48.739128" lon="-121.840836">
				<ele>1797.201172</ele>
				<time>2026-07-12T21:45:59Z</time>
			</trkpt>
			<trkpt lat="48.73917" lon="-121.84082">
				<ele>1797.807129</ele>
				<time>2026-07-12T21:46:13Z</time>
			</trkpt>
			<trkpt lat="48.739216" lon="-121.840813">
				<ele>1797.10144</ele>
				<time>2026-07-12T21:46:19Z</time>
			</trkpt>
			<trkpt lat="48.739307" lon="-121.840828">
				<ele>1798.357666</ele>
				<time>2026-07-12T21:46:35Z</time>
			</trkpt>
			<trkpt lat="48.739357" lon="-121.840813">
				<ele>1800.408936</ele>
				<time>2026-07-12T21:46:42Z</time>
			</trkpt>
			<trkpt lat="48.739403" lon="-121.840797">
				<ele>1800.133301</ele>
				<time>2026-07-12T21:46:50Z</time>
			</trkpt>
			<trkpt lat="48.739449" lon="-121.840805">
				<ele>1798.071411</ele>
				<time>2026-07-12T21:47:00Z</time>
			</trkpt>
			<trkpt lat="48.739544" lon="-121.840782">
				<ele>1796.991211</ele>
				<time>2026-07-12T21:47:12Z</time>
			</trkpt>
			<trkpt lat="48.739586" lon="-121.840767">
				<ele>1797.311035</ele>
				<time>2026-07-12T21:47:18Z</time>
			</trkpt>
			<trkpt lat="48.739628" lon="-121.840744">
				<ele>1797.369385</ele>
				<time>2026-07-12T21:47:27Z</time>
			</trkpt>
			<trkpt lat="48.739662" lon="-121.840698">
				<ele>1798.25647</ele>
				<time>2026-07-12T21:47:36Z</time>
			</trkpt>
			<trkpt lat="48.739708" lon="-121.840683">
				<ele>1799.672852</ele>
				<time>2026-07-12T21:47:47Z</time>
			</trkpt>
			<trkpt lat="48.739731" lon="-121.84063">
				<ele>1800.202637</ele>
				<time>2026-07-12T21:47:56Z</time>
			</trkpt>
			<trkpt lat="48.739761" lon="-121.840576">
				<ele>1803.99585</ele>
				<time>2026-07-12T21:48:08Z</time>
			</trkpt>
			<trkpt lat="48.739796" lon="-121.840614">
				<ele>1805.066162</ele>
				<time>2026-07-12T21:48:45Z</time>
			</trkpt>
			<trkpt lat="48.739838" lon="-121.840607">
				<ele>1805.732422</ele>
				<time>2026-07-12T21:48:55Z</time>
			</trkpt>
			<trkpt lat="48.739872" lon="-121.840561">
				<ele>1807.332886</ele>
				<time>2026-07-12T21:49:14Z</time>
			</trkpt>
			<trkpt lat="48.739918" lon="-121.840553">
				<ele>1809.567383</ele>
				<time>2026-07-12T21:49:27Z</time>
			</trkpt>
			<trkpt lat="48.739952" lon="-121.8405">
				<ele>1811.007324</ele>
				<time>2026-07-12T21:49:40Z</time>
			</trkpt>
			<trkpt lat="48.739964" lon="-121.840439">
				<ele>1813.925049</ele>
				<time>2026-07-12T21:49:53Z</time>
			</trkpt>
			<trkpt lat="48.740005" lon="-121.840454">
				<ele>1818.927856</ele>
				<time>2026-07-12T21:50:30Z</time>
			</trkpt>
			<trkpt lat="48.74004" lon="-121.8405">
				<ele>1817.919678</ele>
				<time>2026-07-12T21:50:44Z</time>
			</trkpt>
			<trkpt lat="48.740074" lon="-121.840538">
				<ele>1818.781738</ele>
				<time>2026-07-12T21:50:54Z</time>
			</trkpt>
			<trkpt lat="48.740105" lon="-121.840492">
				<ele>1820.461792</ele>
				<time>2026-07-12T21:51:18Z</time>
			</trkpt>
			<trkpt lat="48.740131" lon="-121.840424">
				<ele>1821.36731</ele>
				<time>2026-07-12T21:52:23Z</time>
			</trkpt>
			<trkpt lat="48.740166" lon="-121.84037">
				<ele>1819.910522</ele>
				<time>2026-07-12T21:53:04Z</time>
			</trkpt>
			<trkpt lat="48.740208" lon="-121.840393">
				<ele>1818.064453</ele>
				<time>2026-07-12T21:53:10Z</time>
			</trkpt>
			<trkpt lat="48.740242" lon="-121.84034">
				<ele>1819.001709</ele>
				<time>2026-07-12T21:53:30Z</time>
			</trkpt>
			<trkpt lat="48.740322" lon="-121.840408">
				<ele>1818.212524</ele>
				<time>2026-07-12T21:53:45Z</time>
			</trkpt>
			<trkpt lat="48.740498" lon="-121.840424">
				<ele>1832.991577</ele>
				<time>2026-07-12T21:54:45Z</time>
			</trkpt>
			<trkpt lat="48.740528" lon="-121.840477">
				<ele>1834.272827</ele>
				<time>2026-07-12T21:54:57Z</time>
			</trkpt>
			<trkpt lat="48.74062" lon="-121.840485">
				<ele>1836.43689</ele>
				<time>2026-07-12T21:55:21Z</time>
			</trkpt>
			<trkpt lat="48.740665" lon="-121.840508">
				<ele>1837.161499</ele>
				<time>2026-07-12T21:55:30Z</time>
			</trkpt>
			<trkpt lat="48.740707" lon="-121.840515">
				<ele>1835.252686</ele>
				<time>2026-07-12T21:55:38Z</time>
			</trkpt>
			<trkpt lat="48.740749" lon="-121.84053">
				<ele>1836.186401</ele>
				<time>2026-07-12T21:55:48Z</time>
			</trkpt>
			<trkpt lat="48.740791" lon="-121.840515">
				<ele>1836.743042</ele>
				<time>2026-07-12T21:55:57Z</time>
			</trkpt>
			<trkpt lat="48.740833" lon="-121.8405">
				<ele>1838.797241</ele>
				<time>2026-07-12T21:56:35Z</time>
			</trkpt>
			<trkpt lat="48.740841" lon="-121.840439">
				<ele>1839.465332</ele>
				<time>2026-07-12T21:56:44Z</time>
			</trkpt>
			<trkpt lat="48.740856" lon="-121.840302">
				<ele>1839.229004</ele>
				<time>2026-07-12T21:56:56Z</time>
			</trkpt>
			<trkpt lat="48.740856" lon="-121.840233">
				<ele>1839.33606</ele>
				<time>2026-07-12T21:57:04Z</time>
			</trkpt>
			<trkpt lat="48.740849" lon="-121.840149">
				<ele>1838.558838</ele>
				<time>2026-07-12T21:57:17Z</time>
			</trkpt>
			<trkpt lat="48.740807" lon="-121.840134">
				<ele>1836.935547</ele>
				<time>2026-07-12T21:57:32Z</time>
			</trkpt>
			<trkpt lat="48.741566" lon="-121.840233">
				<ele>1842.506348</ele>
				<time>2026-07-13T07:56:20Z</time>
			</trkpt>
			<trkpt lat="48.741604" lon="-121.840195">
				<ele>1842.80835</ele>
				<time>2026-07-13T07:56:32Z</time>
			</trkpt>
			<trkpt lat="48.74165" lon="-121.840187">
				<ele>1842.739868</ele>
				<time>2026-07-13T07:56:38Z</time>
			</trkpt>
			<trkpt lat="48.741669" lon="-121.84024">
				<ele>1841.471802</ele>
				<time>2026-07-13T07:56:43Z</time>
			</trkpt>
			<trkpt lat="48.741753" lon="-121.840317">
				<ele>1838.543213</ele>
				<time>2026-07-13T07:56:52Z</time>
			</trkpt>
			<trkpt lat="48.741776" lon="-121.84037">
				<ele>1838.616333</ele>
				<time>2026-07-13T07:56:56Z</time>
			</trkpt>
			<trkpt lat="48.741856" lon="-121.840424">
				<ele>1843.515015</ele>
				<time>2026-07-13T07:57:13Z</time>
			</trkpt>
			<trkpt lat="48.741898" lon="-121.840401">
				<ele>1844.37793</ele>
				<time>2026-07-13T07:57:23Z</time>
			</trkpt>
			<trkpt lat="48.741943" lon="-121.840401">
				<ele>1844.43103</ele>
				<time>2026-07-13T07:57:34Z</time>
			</trkpt>
			<trkpt lat="48.742065" lon="-121.84034">
				<ele>1850.553101</ele>
				<time>2026-07-13T07:58:06Z</time>
			</trkpt>
			<trkpt lat="48.742111" lon="-121.840347">
				<ele>1850.783813</ele>
				<time>2026-07-13T07:59:47Z</time>
			</trkpt>
			<trkpt lat="48.742157" lon="-121.84037">
				<ele>1849.878052</ele>
				<time>2026-07-13T08:00:22Z</time>
			</trkpt>
			<trkpt lat="48.742294" lon="-121.840363">
				<ele>1855.843262</ele>
				<time>2026-07-13T08:00:50Z</time>
			</trkpt>
			<trkpt lat="48.742336" lon="-121.840378">
				<ele>1855.413574</ele>
				<time>2026-07-13T08:00:56Z</time>
			</trkpt>
			<trkpt lat="48.742382" lon="-121.840385">
				<ele>1857.296997</ele>
				<time>2026-07-13T08:01:07Z</time>
			</trkpt>
			<trkpt lat="48.742424" lon="-121.840408">
				<ele>1857.525513</ele>
				<time>2026-07-13T08:01:16Z</time>
			</trkpt>
			<trkpt lat="48.742516" lon="-121.840424">
				<ele>1859.859253</ele>
				<time>2026-07-13T08:01:37Z</time>
			</trkpt>
			<trkpt lat="48.742554" lon="-121.840462">
				<ele>1860.727539</ele>
				<time>2026-07-13T08:01:45Z</time>
			</trkpt>
			<trkpt lat="48.742592" lon="-121.8405">
				<ele>1863.440186</ele>
				<time>2026-07-13T08:01:55Z</time>
			</trkpt>
			<trkpt lat="48.742722" lon="-121.840584">
				<ele>1868.324951</ele>
				<time>2026-07-13T08:02:29Z</time>
			</trkpt>
			<trkpt lat="48.742851" lon="-121.840584">
				<ele>1873.526978</ele>
				<time>2026-07-13T08:03:03Z</time>
			</trkpt>
			<trkpt lat="48.742939" lon="-121.840561">
				<ele>1875.124878</ele>
				<time>2026-07-13T08:03:27Z</time>
			</trkpt>
			<trkpt lat="48.742989" lon="-121.840538">
				<ele>1874.576538</ele>
				<time>2026-07-13T08:03:37Z</time>
			</trkpt>
			<trkpt lat="48.743031" lon="-121.840515">
				<ele>1878.921509</ele>
				<time>2026-07-13T08:04:01Z</time>
			</trkpt>
			<trkpt lat="48.743076" lon="-121.840523">
				<ele>1881.818115</ele>
				<time>2026-07-13T08:04:14Z</time>
			</trkpt>
			<trkpt lat="48.743118" lon="-121.84053">
				<ele>1882.941162</ele>
				<time>2026-07-13T08:04:31Z</time>
			</trkpt>
			<trkpt lat="48.743156" lon="-121.840561">
				<ele>1886.198242</ele>
				<time>2026-07-13T08:04:47Z</time>
			</trkpt>
			<trkpt lat="48.743332" lon="-121.840614">
				<ele>1894.258545</ele>
				<time>2026-07-13T08:06:19Z</time>
			</trkpt>
			<trkpt lat="48.743412" lon="-121.840668">
				<ele>1898.942871</ele>
				<time>2026-07-13T08:07:06Z</time>
			</trkpt>
			<trkpt lat="48.743542" lon="-121.840652">
				<ele>1905.627686</ele>
				<time>2026-07-13T08:08:04Z</time>
			</trkpt>
			<trkpt lat="48.743584" lon="-121.84063">
				<ele>1908.32019</ele>
				<time>2026-07-13T08:08:25Z</time>
			</trkpt>
			<trkpt lat="48.743713" lon="-121.840569">
				<ele>1912.592041</ele>
				<time>2026-07-13T08:09:10Z</time>
			</trkpt>
			<trkpt lat="48.743748" lon="-121.84053">
				<ele>1913.900146</ele>
				<time>2026-07-13T08:09:24Z</time>
			</trkpt>
			<trkpt lat="48.743778" lon="-121.840485">
				<ele>1914.302002</ele>
				<time>2026-07-13T08:09:34Z</time>
			</trkpt>
			<trkpt lat="48.743912" lon="-121.840454">
				<ele>1919.789063</ele>
				<time>2026-07-13T08:25:08Z</time>
			</trkpt>
			<trkpt lat="48.744297" lon="-121.84008">
				<ele>1936.42395</ele>
				<time>2026-07-13T08:27:12Z</time>
			</trkpt>
			<trkpt lat="48.744423" lon="-121.839867">
				<ele>1944.074219</ele>
				<time>2026-07-13T08:28:03Z</time>
			</trkpt>
			<trkpt lat="48.744457" lon="-121.839813">
				<ele>1945.062012</ele>
				<time>2026-07-13T08:28:26Z</time>
			</trkpt>
			<trkpt lat="48.744488" lon="-121.839767">
				<ele>1946.698853</ele>
				<time>2026-07-13T08:28:38Z</time>
			</trkpt>
			<trkpt lat="48.744522" lon="-121.839722">
				<ele>1949.822998</ele>
				<time>2026-07-13T08:28:50Z</time>
			</trkpt>
			<trkpt lat="48.744564" lon="-121.839699">
				<ele>1950.889038</ele>
				<time>2026-07-13T08:29:04Z</time>
			</trkpt>
			<trkpt lat="48.744606" lon="-121.839691">
				<ele>1949.919312</ele>
				<time>2026-07-13T08:29:17Z</time>
			</trkpt>
			<trkpt lat="48.744785" lon="-121.839653">
				<ele>1957.12854</ele>
				<time>2026-07-13T08:30:30Z</time>
			</trkpt>
			<trkpt lat="48.744865" lon="-121.8396">
				<ele>1959.244995</ele>
				<time>2026-07-13T08:30:49Z</time>
			</trkpt>
			<trkpt lat="48.744949" lon="-121.839546">
				<ele>1960.8396</ele>
				<time>2026-07-13T08:31:04Z</time>
			</trkpt>
			<trkpt lat="48.744995" lon="-121.8395">
				<ele>1960.728516</ele>
				<time>2026-07-13T08:31:11Z</time>
			</trkpt>
			<trkpt lat="48.745037" lon="-121.83947">
				<ele>1962.841675</ele>
				<time>2026-07-13T08:31:20Z</time>
			</trkpt>
			<trkpt lat="48.745079" lon="-121.839455">
				<ele>1962.878418</ele>
				<time>2026-07-13T08:31:28Z</time>
			</trkpt>
			<trkpt lat="48.745152" lon="-121.839386">
				<ele>1964.288086</ele>
				<time>2026-07-13T08:31:42Z</time>
			</trkpt>
			<trkpt lat="48.745197" lon="-121.839371">
				<ele>1964.715576</ele>
				<time>2026-07-13T08:31:49Z</time>
			</trkpt>
			<trkpt lat="48.745239" lon="-121.839355">
				<ele>1967.213501</ele>
				<time>2026-07-13T08:31:59Z</time>
			</trkpt>
			<trkpt lat="48.745277" lon="-121.839325">
				<ele>1967.995483</ele>
				<time>2026-07-13T08:32:07Z</time>
			</trkpt>
			<trkpt lat="48.745319" lon="-121.839287">
				<ele>1970.81897</ele>
				<time>2026-07-13T08:32:17Z</time>
			</trkpt>
			<trkpt lat="48.745361" lon="-121.839264">
				<ele>1972.127441</ele>
				<time>2026-07-13T08:32:27Z</time>
			</trkpt>
			<trkpt lat="48.745403" lon="-121.839233">
				<ele>1972.481812</ele>
				<time>2026-07-13T08:32:38Z</time>
			</trkpt>
			<trkpt lat="48.745453" lon="-121.839226">
				<ele>1973.149536</ele>
				<time>2026-07-13T08:32:48Z</time>
			</trkpt>
			<trkpt lat="48.745628" lon="-121.839172">
				<ele>1978.257202</ele>
				<time>2026-07-13T08:33:27Z</time>
			</trkpt>
			<trkpt lat="48.74567" lon="-121.839149">
				<ele>1978.699219</ele>
				<time>2026-07-13T08:33:37Z</time>
			</trkpt>
			<trkpt lat="48.745701" lon="-121.839096">
				<ele>1980.017578</ele>
				<time>2026-07-13T08:33:46Z</time>
			</trkpt>
			<trkpt lat="48.745739" lon="-121.839066">
				<ele>1982.168945</ele>
				<time>2026-07-13T08:33:55Z</time>
			</trkpt>
			<trkpt lat="48.745831" lon="-121.839005">
				<ele>1983.67041</ele>
				<time>2026-07-13T08:34:13Z</time>
			</trkpt>
			<trkpt lat="48.745876" lon="-121.838989">
				<ele>1983.350708</ele>
				<time>2026-07-13T08:34:19Z</time>
			</trkpt>
			<trkpt lat="48.745922" lon="-121.838997">
				<ele>1982.54187</ele>
				<time>2026-07-13T08:34:25Z</time>
			</trkpt>
			<trkpt lat="48.745968" lon="-121.838989">
				<ele>1983.19812</ele>
				<time>2026-07-13T08:34:30Z</time>
			</trkpt>
			<trkpt lat="48.746014" lon="-121.838974">
				<ele>1982.91626</ele>
				<time>2026-07-13T08:34:36Z</time>
			</trkpt>
			<trkpt lat="48.746059" lon="-121.838943">
				<ele>1983.022217</ele>
				<time>2026-07-13T08:34:44Z</time>
			</trkpt>
			<trkpt lat="48.746105" lon="-121.838928">
				<ele>1982.893921</ele>
				<time>2026-07-13T08:34:50Z</time>
			</trkpt>
			<trkpt lat="48.746147" lon="-121.838913">
				<ele>1983.296875</ele>
				<time>2026-07-13T08:34:56Z</time>
			</trkpt>
			<trkpt lat="48.746189" lon="-121.83889">
				<ele>1981.288818</ele>
				<time>2026-07-13T08:35:01Z</time>
			</trkpt>
			<trkpt lat="48.746281" lon="-121.838852">
				<ele>1983.371094</ele>
				<time>2026-07-13T08:35:15Z</time>
			</trkpt>
			<trkpt lat="48.746326" lon="-121.838837">
				<ele>1983.581543</ele>
				<time>2026-07-13T08:35:21Z</time>
			</trkpt>
			<trkpt lat="48.746368" lon="-121.838806">
				<ele>1984.716553</ele>
				<time>2026-07-13T08:35:28Z</time>
			</trkpt>
			<trkpt lat="48.746414" lon="-121.838768">
				<ele>1984.825562</ele>
				<time>2026-07-13T08:35:36Z</time>
			</trkpt>
			<trkpt lat="48.746563" lon="-121.838737">
				<ele>1988.600098</ele>
				<time>2026-07-13T08:36:03Z</time>
			</trkpt>
			<trkpt lat="48.746605" lon="-121.838722">
				<ele>1987.976074</ele>
				<time>2026-07-13T08:36:11Z</time>
			</trkpt>
			<trkpt lat="48.746655" lon="-121.838715">
				<ele>1988.276367</ele>
				<time>2026-07-13T08:36:19Z</time>
			</trkpt>
			<trkpt lat="48.746742" lon="-121.838692">
				<ele>1989.650269</ele>
				<time>2026-07-13T08:36:33Z</time>
			</trkpt>
			<trkpt lat="48.746792" lon="-121.838684">
				<ele>1990.912476</ele>
				<time>2026-07-13T08:36:40Z</time>
			</trkpt>
			<trkpt lat="48.746838" lon="-121.838676">
				<ele>1990.38916</ele>
				<time>2026-07-13T08:36:48Z</time>
			</trkpt>
			<trkpt lat="48.746922" lon="-121.838654">
				<ele>1993.090454</ele>
				<time>2026-07-13T08:37:03Z</time>
			</trkpt>
			<trkpt lat="48.746964" lon="-121.838631">
				<ele>1992.7948</ele>
				<time>2026-07-13T08:37:11Z</time>
			</trkpt>
			<trkpt lat="48.747005" lon="-121.8386">
				<ele>1993.740234</ele>
				<time>2026-07-13T08:37:22Z</time>
			</trkpt>
			<trkpt lat="48.747051" lon="-121.838593">
				<ele>1997.64209</ele>
				<time>2026-07-13T08:40:33Z</time>
			</trkpt>
			<trkpt lat="48.747116" lon="-121.838509">
				<ele>2001.721069</ele>
				<time>2026-07-13T08:41:22Z</time>
			</trkpt>
			<trkpt lat="48.747158" lon="-121.838478">
				<ele>2003.002808</ele>
				<time>2026-07-13T08:41:39Z</time>
			</trkpt>
			<trkpt lat="48.747208" lon="-121.838478">
				<ele>2002.726563</ele>
				<time>2026-07-13T08:41:52Z</time>
			</trkpt>
			<trkpt lat="48.74725" lon="-121.838455">
				<ele>2004.157593</ele>
				<time>2026-07-13T08:42:07Z</time>
			</trkpt>
			<trkpt lat="48.747288" lon="-121.838432">
				<ele>2007.556519</ele>
				<time>2026-07-13T08:42:29Z</time>
			</trkpt>
			<trkpt lat="48.747334" lon="-121.838425">
				<ele>2008.265137</ele>
				<time>2026-07-13T08:42:52Z</time>
			</trkpt>
			<trkpt lat="48.747375" lon="-121.838409">
				<ele>2013.396973</ele>
				<time>2026-07-13T08:43:17Z</time>
			</trkpt>
			<trkpt lat="48.747356" lon="-121.83828">
				<ele>2017.300293</ele>
				<time>2026-07-13T08:44:07Z</time>
			</trkpt>
			<trkpt lat="48.747337" lon="-121.838219">
				<ele>2022.070068</ele>
				<time>2026-07-13T08:44:23Z</time>
			</trkpt>
			<trkpt lat="48.747204" lon="-121.838257">
				<ele>2017.67749</ele>
				<time>2026-07-13T08:45:08Z</time>
			</trkpt>
			<trkpt lat="48.747162" lon="-121.83828">
				<ele>2015.255615</ele>
				<time>2026-07-13T08:45:18Z</time>
			</trkpt>
			<trkpt lat="48.747112" lon="-121.838257">
				<ele>2015.100708</ele>
				<time>2026-07-13T08:45:30Z</time>
			</trkpt>
			<trkpt lat="48.747135" lon="-121.838196">
				<ele>2013.436279</ele>
				<time>2026-07-13T08:45:53Z</time>
			</trkpt>
			<trkpt lat="48.747173" lon="-121.838165">
				<ele>2013.550171</ele>
				<time>2026-07-13T08:46:07Z</time>
			</trkpt>
			<trkpt lat="48.747211" lon="-121.838135">
				<ele>2014.172852</ele>
				<time>2026-07-13T08:46:15Z</time>
			</trkpt>
			<trkpt lat="48.747276" lon="-121.838036">
				<ele>2012.028076</ele>
				<time>2026-07-13T08:46:30Z</time>
			</trkpt>
			<trkpt lat="48.747318" lon="-121.838013">
				<ele>2012.296509</ele>
				<time>2026-07-13T08:47:33Z</time>
			</trkpt>
			<trkpt lat="48.747437" lon="-121.837898">
				<ele>2015.540894</ele>
				<time>2026-07-13T08:47:57Z</time>
			</trkpt>
			<trkpt lat="48.747513" lon="-121.837822">
				<ele>2016.390381</ele>
				<time>2026-07-13T08:48:13Z</time>
			</trkpt>
			<trkpt lat="48.747593" lon="-121.837769">
				<ele>2018.734131</ele>
				<time>2026-07-13T08:58:46Z</time>
			</trkpt>
			<trkpt lat="48.747635" lon="-121.837738">
				<ele>2019.248047</ele>
				<time>2026-07-13T08:58:52Z</time>
			</trkpt>
			<trkpt lat="48.747711" lon="-121.837662">
				<ele>2022.548584</ele>
				<time>2026-07-13T08:59:11Z</time>
			</trkpt>
			<trkpt lat="48.747749" lon="-121.837624">
				<ele>2022.361938</ele>
				<time>2026-07-13T08:59:22Z</time>
			</trkpt>
			<trkpt lat="48.747791" lon="-121.837593">
				<ele>2022.534424</ele>
				<time>2026-07-13T08:59:32Z</time>
			</trkpt>
			<trkpt lat="48.747871" lon="-121.837532">
				<ele>2024.498291</ele>
				<time>2026-07-13T08:59:51Z</time>
			</trkpt>
			<trkpt lat="48.747913" lon="-121.837494">
				<ele>2026.877808</ele>
				<time>2026-07-13T09:00:03Z</time>
			</trkpt>
			<trkpt lat="48.747955" lon="-121.837471">
				<ele>2027.10437</ele>
				<time>2026-07-13T09:00:13Z</time>
			</trkpt>
			<trkpt lat="48.74799" lon="-121.837433">
				<ele>2027.577759</ele>
				<time>2026-07-13T09:00:23Z</time>
			</trkpt>
			<trkpt lat="48.748028" lon="-121.837395">
				<ele>2027.266846</ele>
				<time>2026-07-13T09:00:33Z</time>
			</trkpt>
			<trkpt lat="48.748108" lon="-121.837341">
				<ele>2028.964722</ele>
				<time>2026-07-13T09:00:54Z</time>
			</trkpt>
			<trkpt lat="48.74815" lon="-121.837311">
				<ele>2029.029785</ele>
				<time>2026-07-13T09:01:06Z</time>
			</trkpt>
			<trkpt lat="48.74823" lon="-121.837234">
				<ele>2033.262573</ele>
				<time>2026-07-13T09:01:38Z</time>
			</trkpt>
			<trkpt lat="48.748306" lon="-121.837158">
				<ele>2036.197021</ele>
				<time>2026-07-13T09:02:05Z</time>
			</trkpt>
			<trkpt lat="48.748348" lon="-121.837135">
				<ele>2036.455322</ele>
				<time>2026-07-13T09:02:16Z</time>
			</trkpt>
			<trkpt lat="48.748398" lon="-121.83712">
				<ele>2039.494995</ele>
				<time>2026-07-13T09:02:29Z</time>
			</trkpt>
			<trkpt lat="48.748486" lon="-121.837105">
				<ele>2041.844482</ele>
				<time>2026-07-13T09:02:58Z</time>
			</trkpt>
			<trkpt lat="48.748531" lon="-121.83712">
				<ele>2041.842163</ele>
				<time>2026-07-13T09:03:11Z</time>
			</trkpt>
			<trkpt lat="48.748608" lon="-121.837067">
				<ele>2046.75769</ele>
				<time>2026-07-13T09:03:44Z</time>
			</trkpt>
			<trkpt lat="48.74865" lon="-121.837051">
				<ele>2046.807983</ele>
				<time>2026-07-13T09:03:57Z</time>
			</trkpt>
			<trkpt lat="48.748692" lon="-121.837021">
				<ele>2050.195313</ele>
				<time>2026-07-13T09:04:17Z</time>
			</trkpt>
			<trkpt lat="48.748825" lon="-121.836975">
				<ele>2056.582275</ele>
				<time>2026-07-13T09:05:19Z</time>
			</trkpt>
			<trkpt lat="48.748871" lon="-121.836952">
				<ele>2057.168213</ele>
				<time>2026-07-13T09:05:32Z</time>
			</trkpt>
			<trkpt lat="48.748959" lon="-121.836937">
				<ele>2058.843018</ele>
				<time>2026-07-13T09:06:03Z</time>
			</trkpt>
			<trkpt lat="48.749001" lon="-121.836906">
				<ele>2060.032715</ele>
				<time>2026-07-13T09:06:16Z</time>
			</trkpt>
			<trkpt lat="48.749134" lon="-121.836891">
				<ele>2067.613525</ele>
				<time>2026-07-13T09:07:31Z</time>
			</trkpt>
			<trkpt lat="48.74918" lon="-121.836884">
				<ele>2067.234131</ele>
				<time>2026-07-13T09:07:48Z</time>
			</trkpt>
			<trkpt lat="48.749222" lon="-121.836884">
				<ele>2069.455811</ele>
				<time>2026-07-13T09:08:04Z</time>
			</trkpt>
			<trkpt lat="48.749264" lon="-121.836876">
				<ele>2069.912109</ele>
				<time>2026-07-13T09:08:19Z</time>
			</trkpt>
			<trkpt lat="48.74931" lon="-121.836876">
				<ele>2071.778809</ele>
				<time>2026-07-13T09:08:37Z</time>
			</trkpt>
			<trkpt lat="48.74966" lon="-121.836823">
				<ele>2089.584229</ele>
				<time>2026-07-13T09:12:16Z</time>
			</trkpt>
			<trkpt lat="48.749752" lon="-121.836807">
				<ele>2091.043701</ele>
				<time>2026-07-13T09:12:43Z</time>
			</trkpt>
			<trkpt lat="48.749981" lon="-121.836815">
				<ele>2101.340088</ele>
				<time>2026-07-13T09:13:52Z</time>
			</trkpt>
			<trkpt lat="48.750023" lon="-121.836792">
				<ele>2104.084717</ele>
				<time>2026-07-13T09:14:04Z</time>
			</trkpt>
			<trkpt lat="48.750114" lon="-121.836769">
				<ele>2105.491943</ele>
				<time>2026-07-13T09:14:33Z</time>
			</trkpt>
			<trkpt lat="48.75016" lon="-121.836761">
				<ele>2105.695313</ele>
				<time>2026-07-13T09:14:46Z</time>
			</trkpt>
			<trkpt lat="48.750206" lon="-121.836761">
				<ele>2107.144531</ele>
				<time>2026-07-13T09:15:00Z</time>
			</trkpt>
			<trkpt lat="48.750248" lon="-121.836754">
				<ele>2107.106201</ele>
				<time>2026-07-13T09:15:12Z</time>
			</trkpt>
			<trkpt lat="48.750286" lon="-121.836746">
				<ele>2110.740234</ele>
				<time>2026-07-13T09:15:25Z</time>
			</trkpt>
			<trkpt lat="48.750488" lon="-121.836716">
				<ele>2118.022949</ele>
				<time>2026-07-13T09:16:28Z</time>
			</trkpt>
			<trkpt lat="48.750584" lon="-121.836693">
				<ele>2119.663086</ele>
				<time>2026-07-13T09:17:11Z</time>
			</trkpt>
			<trkpt lat="48.750607" lon="-121.836678">
				<ele>2119.148682</ele>
				<time>2026-07-13T09:17:29Z</time>
			</trkpt>
			<trkpt lat="48.750645" lon="-121.836647">
				<ele>2120.847168</ele>
				<time>2026-07-13T09:18:01Z</time>
			</trkpt>
			<trkpt lat="48.750664" lon="-121.836601">
				<ele>2120.72998</ele>
				<time>2026-07-13T09:18:13Z</time>
			</trkpt>
			<trkpt lat="48.75069" lon="-121.836578">
				<ele>2121.817383</ele>
				<time>2026-07-13T09:18:21Z</time>
			</trkpt>
			<trkpt lat="48.750721" lon="-121.836586">
				<ele>2122.394043</ele>
				<time>2026-07-13T09:18:27Z</time>
			</trkpt>
			<trkpt lat="48.750725" lon="-121.836624">
				<ele>2123.720703</ele>
				<time>2026-07-13T09:18:31Z</time>
			</trkpt>
			<trkpt lat="48.750729" lon="-121.8367">
				<ele>2121.250488</ele>
				<time>2026-07-13T09:18:54Z</time>
			</trkpt>
			<trkpt lat="48.750725" lon="-121.836739">
				<ele>2121.126709</ele>
				<time>2026-07-13T09:19:00Z</time>
			</trkpt>
			<trkpt lat="48.750721" lon="-121.836784">
				<ele>2121.124512</ele>
				<time>2026-07-13T09:19:09Z</time>
			</trkpt>
			<trkpt lat="48.750725" lon="-121.836838">
				<ele>2121.522217</ele>
				<time>2026-07-13T09:19:17Z</time>
			</trkpt>
			<trkpt lat="48.750732" lon="-121.836876">
				<ele>2122.451904</ele>
				<time>2026-07-13T09:19:33Z</time>
			</trkpt>
			<trkpt lat="48.750778" lon="-121.836906">
				<ele>2124.939941</ele>
				<time>2026-07-13T09:19:48Z</time>
			</trkpt>
			<trkpt lat="48.750916" lon="-121.836914">
				<ele>2131.801758</ele>
				<time>2026-07-13T09:20:33Z</time>
			</trkpt>
			<trkpt lat="48.750946" lon="-121.836914">
				<ele>2132.53125</ele>
				<time>2026-07-13T09:20:42Z</time>
			</trkpt>
			<trkpt lat="48.750973" lon="-121.836906">
				<ele>2132.41626</ele>
				<time>2026-07-13T09:20:49Z</time>
			</trkpt>
			<trkpt lat="48.751019" lon="-121.836906">
				<ele>2133.66333</ele>
				<time>2026-07-13T09:21:04Z</time>
			</trkpt>
			<trkpt lat="48.751053" lon="-121.836914">
				<ele>2133.455078</ele>
				<time>2026-07-13T09:21:16Z</time>
			</trkpt>
			<trkpt lat="48.751125" lon="-121.836899">
				<ele>2138.041748</ele>
				<time>2026-07-13T09:21:36Z</time>
			</trkpt>
			<trkpt lat="48.751156" lon="-121.836899">
				<ele>2138.834717</ele>
				<time>2026-07-13T09:21:46Z</time>
			</trkpt>
			<trkpt lat="48.751179" lon="-121.836891">
				<ele>2138.333252</ele>
				<time>2026-07-13T09:21:53Z</time>
			</trkpt>
			<trkpt lat="48.751202" lon="-121.836876">
				<ele>2138.530518</ele>
				<time>2026-07-13T09:22:00Z</time>
			</trkpt>
			<trkpt lat="48.751228" lon="-121.836884">
				<ele>2140.035156</ele>
				<time>2026-07-13T09:22:07Z</time>
			</trkpt>
			<trkpt lat="48.751255" lon="-121.836884">
				<ele>2139.9375</ele>
				<time>2026-07-13T09:22:14Z</time>
			</trkpt>
			<trkpt lat="48.751347" lon="-121.836861">
				<ele>2141.944824</ele>
				<time>2026-07-13T09:22:38Z</time>
			</trkpt>
			<trkpt lat="48.751373" lon="-121.836845">
				<ele>2144.246338</ele>
				<time>2026-07-13T09:22:53Z</time>
			</trkpt>
			<trkpt lat="48.751396" lon="-121.83683">
				<ele>2144.172852</ele>
				<time>2026-07-13T09:23:00Z</time>
			</trkpt>
			<trkpt lat="48.751442" lon="-121.8368">
				<ele>2146.632324</ele>
				<time>2026-07-13T09:23:15Z</time>
			</trkpt>
			<trkpt lat="48.751469" lon="-121.836792">
				<ele>2147.593506</ele>
				<time>2026-07-13T09:23:22Z</time>
			</trkpt>
			<trkpt lat="48.75156" lon="-121.836784">
				<ele>2149.185303</ele>
				<time>2026-07-13T09:23:51Z</time>
			</trkpt>
			<trkpt lat="48.751644" lon="-121.836769">
				<ele>2152.858398</ele>
				<time>2026-07-13T09:24:11Z</time>
			</trkpt>
			<trkpt lat="48.751675" lon="-121.836761">
				<ele>2153.617676</ele>
				<time>2026-07-13T09:24:20Z</time>
			</trkpt>
			<trkpt lat="48.751728" lon="-121.836739">
				<ele>2154.187256</ele>
				<time>2026-07-13T09:24:37Z</time>
			</trkpt>
			<trkpt lat="48.751759" lon="-121.836731">
				<ele>2156.26001</ele>
				<time>2026-07-13T09:24:48Z</time>
			</trkpt>
			<trkpt lat="48.751789" lon="-121.836731">
				<ele>2156.834229</ele>
				<time>2026-07-13T09:24:56Z</time>
			</trkpt>
			<trkpt lat="48.751816" lon="-121.836723">
				<ele>2156.111084</ele>
				<time>2026-07-13T09:25:04Z</time>
			</trkpt>
			<trkpt lat="48.751923" lon="-121.836678">
				<ele>2159.135742</ele>
				<time>2026-07-13T09:25:36Z</time>
			</trkpt>
			<trkpt lat="48.751961" lon="-121.836678">
				<ele>2157.530762</ele>
				<time>2026-07-13T09:25:44Z</time>
			</trkpt>
			<trkpt lat="48.752026" lon="-121.836678">
				<ele>2163.270996</ele>
				<time>2026-07-13T09:26:07Z</time>
			</trkpt>
			<trkpt lat="48.752121" lon="-121.83667">
				<ele>2164.148682</ele>
				<time>2026-07-13T09:26:37Z</time>
			</trkpt>
			<trkpt lat="48.752274" lon="-121.836617">
				<ele>2170.823242</ele>
				<time>2026-07-13T09:27:36Z</time>
			</trkpt>
			<trkpt lat="48.752392" lon="-121.836609">
				<ele>2173.414307</ele>
				<time>2026-07-13T09:28:13Z</time>
			</trkpt>
			<trkpt lat="48.752457" lon="-121.836601">
				<ele>2177.359375</ele>
				<time>2026-07-13T09:28:38Z</time>
			</trkpt>
			<trkpt lat="48.752499" lon="-121.836594">
				<ele>2178.131348</ele>
				<time>2026-07-13T09:28:53Z</time>
			</trkpt>
			<trkpt lat="48.752525" lon="-121.836578">
				<ele>2180.855713</ele>
				<time>2026-07-13T09:29:06Z</time>
			</trkpt>
			<trkpt lat="48.752548" lon="-121.836586">
				<ele>2180.640625</ele>
				<time>2026-07-13T09:29:15Z</time>
			</trkpt>
			<trkpt lat="48.752632" lon="-121.836571">
				<ele>2183.875244</ele>
				<time>2026-07-13T09:29:46Z</time>
			</trkpt>
			<trkpt lat="48.752659" lon="-121.836555">
				<ele>2184.153809</ele>
				<time>2026-07-13T09:29:55Z</time>
			</trkpt>
			<trkpt lat="48.752682" lon="-121.836548">
				<ele>2184.09668</ele>
				<time>2026-07-13T09:30:04Z</time>
			</trkpt>
			<trkpt lat="48.752708" lon="-121.83654">
				<ele>2186.762695</ele>
				<time>2026-07-13T09:30:15Z</time>
			</trkpt>
			<trkpt lat="48.752739" lon="-121.836502">
				<ele>2189.290771</ele>
				<time>2026-07-13T09:30:29Z</time>
			</trkpt>
			<trkpt lat="48.752773" lon="-121.836464">
				<ele>2189.831299</ele>
				<time>2026-07-13T09:30:46Z</time>
			</trkpt>
			<trkpt lat="48.752804" lon="-121.836433">
				<ele>2191.428223</ele>
				<time>2026-07-13T09:31:04Z</time>
			</trkpt>
			<trkpt lat="48.752842" lon="-121.836334">
				<ele>2196.423096</ele>
				<time>2026-07-13T09:31:32Z</time>
			</trkpt>
			<trkpt lat="48.752857" lon="-121.836296">
				<ele>2196.230469</ele>
				<time>2026-07-13T09:31:44Z</time>
			</trkpt>
			<trkpt lat="48.752899" lon="-121.836166">
				<ele>2200.682861</ele>
				<time>2026-07-13T09:32:16Z</time>
			</trkpt>
			<trkpt lat="48.752922" lon="-121.836082">
				<ele>2201.021973</ele>
				<time>2026-07-13T09:32:38Z</time>
			</trkpt>
			<trkpt lat="48.752934" lon="-121.836029">
				<ele>2203.740479</ele>
				<time>2026-07-13T09:32:51Z</time>
			</trkpt>
			<trkpt lat="48.752949" lon="-121.835869">
				<ele>2206.478271</ele>
				<time>2026-07-13T09:33:19Z</time>
			</trkpt>
			<trkpt lat="48.752979" lon="-121.835739">
				<ele>2209.371338</ele>
				<time>2026-07-13T09:33:45Z</time>
			</trkpt>
			<trkpt lat="48.752983" lon="-121.835693">
				<ele>2209.426514</ele>
				<time>2026-07-13T09:33:52Z</time>
			</trkpt>
			<trkpt lat="48.752983" lon="-121.835648">
				<ele>2208.751709</ele>
				<time>2026-07-13T09:33:59Z</time>
			</trkpt>
			<trkpt lat="48.752983" lon="-121.835609">
				<ele>2210.664551</ele>
				<time>2026-07-13T09:34:05Z</time>
			</trkpt>
			<trkpt lat="48.752983" lon="-121.835571">
				<ele>2210.642822</ele>
				<time>2026-07-13T09:34:10Z</time>
			</trkpt>
			<trkpt lat="48.752995" lon="-121.835472">
				<ele>2212.94165</ele>
				<time>2026-07-13T09:35:31Z</time>
			</trkpt>
			<trkpt lat="48.753002" lon="-121.835442">
				<ele>2215.044189</ele>
				<time>2026-07-13T09:39:27Z</time>
			</trkpt>
			<trkpt lat="48.753014" lon="-121.835411">
				<ele>2214.985107</ele>
				<time>2026-07-13T09:39:31Z</time>
			</trkpt>
			<trkpt lat="48.753063" lon="-121.835297">
				<ele>2216.115234</ele>
				<time>2026-07-13T09:39:50Z</time>
			</trkpt>
			<trkpt lat="48.753075" lon="-121.835266">
				<ele>2216.021729</ele>
				<time>2026-07-13T09:39:54Z</time>
			</trkpt>
			<trkpt lat="48.753094" lon="-121.835175">
				<ele>2218.126465</ele>
				<time>2026-07-13T09:40:09Z</time>
			</trkpt>
			<trkpt lat="48.753113" lon="-121.835098">
				<ele>2218.768066</ele>
				<time>2026-07-13T09:40:25Z</time>
			</trkpt>
			<trkpt lat="48.753128" lon="-121.835052">
				<ele>2218.536377</ele>
				<time>2026-07-13T09:40:33Z</time>
			</trkpt>
			<trkpt lat="48.753162" lon="-121.834976">
				<ele>2220.697021</ele>
				<time>2026-07-13T09:40:53Z</time>
			</trkpt>
			<trkpt lat="48.753178" lon="-121.834938">
				<ele>2221.085938</ele>
				<time>2026-07-13T09:41:01Z</time>
			</trkpt>
			<trkpt lat="48.75322" lon="-121.834862">
				<ele>2224.117432</ele>
				<time>2026-07-13T09:41:27Z</time>
			</trkpt>
			<trkpt lat="48.753239" lon="-121.834816">
				<ele>2223.42627</ele>
				<time>2026-07-13T09:41:39Z</time>
			</trkpt>
			<trkpt lat="48.753258" lon="-121.834763">
				<ele>2225.36792</ele>
				<time>2026-07-13T09:41:51Z</time>
			</trkpt>
			<trkpt lat="48.753273" lon="-121.834717">
				<ele>2224.229004</ele>
				<time>2026-07-13T09:42:01Z</time>
			</trkpt>
			<trkpt lat="48.753349" lon="-121.834549">
				<ele>2231.263428</ele>
				<time>2026-07-13T09:42:46Z</time>
			</trkpt>
			<trkpt lat="48.753372" lon="-121.834518">
				<ele>2232.059326</ele>
				<time>2026-07-13T09:42:56Z</time>
			</trkpt>
			<trkpt lat="48.753391" lon="-121.834488">
				<ele>2231.29248</ele>
				<time>2026-07-13T09:43:05Z</time>
			</trkpt>
			<trkpt lat="48.753445" lon="-121.834396">
				<ele>2233.536621</ele>
				<time>2026-07-13T09:43:31Z</time>
			</trkpt>
			<trkpt lat="48.753464" lon="-121.834358">
				<ele>2235.047852</ele>
				<time>2026-07-13T09:43:39Z</time>
			</trkpt>
			<trkpt lat="48.753487" lon="-121.834335">
				<ele>2235.125732</ele>
				<time>2026-07-13T09:43:50Z</time>
			</trkpt>
			<trkpt lat="48.75351" lon="-121.834305">
				<ele>2232.070801</ele>
				<time>2026-07-13T09:44:00Z</time>
			</trkpt>
			<trkpt lat="48.753555" lon="-121.834236">
				<ele>2238.045166</ele>
				<time>2026-07-13T09:44:24Z</time>
			</trkpt>
			<trkpt lat="48.753597" lon="-121.834175">
				<ele>2239.161865</ele>
				<time>2026-07-13T09:44:45Z</time>
			</trkpt>
			<trkpt lat="48.753616" lon="-121.834137">
				<ele>2241.797119</ele>
				<time>2026-07-13T09:45:00Z</time>
			</trkpt>
			<trkpt lat="48.753658" lon="-121.834068">
				<ele>2243.374268</ele>
				<time>2026-07-13T09:45:20Z</time>
			</trkpt>
			<trkpt lat="48.753685" lon="-121.834045">
				<ele>2243.458984</ele>
				<time>2026-07-13T09:45:28Z</time>
			</trkpt>
			<trkpt lat="48.753738" lon="-121.833992">
				<ele>2248.122559</ele>
				<time>2026-07-13T09:45:52Z</time>
			</trkpt>
			<trkpt lat="48.753784" lon="-121.833939">
				<ele>2249.339844</ele>
				<time>2026-07-13T09:46:08Z</time>
			</trkpt>
			<trkpt lat="48.753895" lon="-121.833855">
				<ele>2254.168945</ele>
				<time>2026-07-13T09:46:47Z</time>
			</trkpt>
			<trkpt lat="48.753967" lon="-121.833801">
				<ele>2255.69751</ele>
				<time>2026-07-13T09:47:12Z</time>
			</trkpt>
			<trkpt lat="48.753994" lon="-121.833786">
				<ele>2255.041748</ele>
				<time>2026-07-13T09:47:18Z</time>
			</trkpt>
			<trkpt lat="48.754017" lon="-121.833771">
				<ele>2257.134277</ele>
				<time>2026-07-13T09:47:27Z</time>
			</trkpt>
			<trkpt lat="48.75404" lon="-121.833755">
				<ele>2256.921143</ele>
				<time>2026-07-13T09:47:33Z</time>
			</trkpt>
			<trkpt lat="48.75412" lon="-121.833687">
				<ele>2260.00293</ele>
				<time>2026-07-13T09:47:59Z</time>
			</trkpt>
			<trkpt lat="48.754147" lon="-121.833679">
				<ele>2258.801514</ele>
				<time>2026-07-13T09:48:04Z</time>
			</trkpt>
			<trkpt lat="48.754242" lon="-121.833618">
				<ele>2264.157227</ele>
				<time>2026-07-13T09:48:32Z</time>
			</trkpt>
			<trkpt lat="48.754269" lon="-121.833611">
				<ele>2263.302002</ele>
				<time>2026-07-13T09:48:35Z</time>
			</trkpt>
			<trkpt lat="48.754292" lon="-121.833595">
				<ele>2264.668945</ele>
				<time>2026-07-13T09:48:43Z</time>
			</trkpt>
			<trkpt lat="48.754311" lon="-121.833572">
				<ele>2264.602539</ele>
				<time>2026-07-13T09:48:49Z</time>
			</trkpt>
			<trkpt lat="48.754356" lon="-121.833542">
				<ele>2266.096924</ele>
				<time>2026-07-13T09:49:00Z</time>
			</trkpt>
			<trkpt lat="48.754379" lon="-121.833534">
				<ele>2267.282959</ele>
				<time>2026-07-13T09:49:05Z</time>
			</trkpt>
			<trkpt lat="48.754398" lon="-121.833511">
				<ele>2266.75293</ele>
				<time>2026-07-13T09:49:10Z</time>
			</trkpt>
			<trkpt lat="48.754417" lon="-121.833496">
				<ele>2266.80957</ele>
				<time>2026-07-13T09:49:15Z</time>
			</trkpt>
			<trkpt lat="48.754444" lon="-121.833473">
				<ele>2267.912598</ele>
				<time>2026-07-13T09:49:21Z</time>
			</trkpt>
			<trkpt lat="48.754459" lon="-121.83345">
				<ele>2267.384277</ele>
				<time>2026-07-13T09:49:26Z</time>
			</trkpt>
			<trkpt lat="48.754482" lon="-121.83345">
				<ele>2267.967041</ele>
				<time>2026-07-13T09:49:30Z</time>
			</trkpt>
			<trkpt lat="48.754501" lon="-121.833435">
				<ele>2267.544189</ele>
				<time>2026-07-13T09:49:35Z</time>
			</trkpt>
			<trkpt lat="48.75452" lon="-121.83342">
				<ele>2267.777344</ele>
				<time>2026-07-13T09:49:45Z</time>
			</trkpt>
			<trkpt lat="48.754585" lon="-121.833374">
				<ele>2266.867188</ele>
				<time>2026-07-13T09:50:00Z</time>
			</trkpt>
			<trkpt lat="48.754604" lon="-121.833359">
				<ele>2267.967041</ele>
				<time>2026-07-13T09:50:06Z</time>
			</trkpt>
			<trkpt lat="48.754677" lon="-121.833321">
				<ele>2270.53833</ele>
				<time>2026-07-13T09:50:29Z</time>
			</trkpt>
			<trkpt lat="48.754799" lon="-121.833267">
				<ele>2273.064453</ele>
				<time>2026-07-13T09:51:11Z</time>
			</trkpt>
			<trkpt lat="48.754829" lon="-121.83326">
				<ele>2274.67041</ele>
				<time>2026-07-13T09:51:23Z</time>
			</trkpt>
			<trkpt lat="48.754856" lon="-121.833252">
				<ele>2274.25415</ele>
				<time>2026-07-13T09:51:32Z</time>
			</trkpt>
			<trkpt lat="48.755142" lon="-121.833145">
				<ele>2286.718262</ele>
				<time>2026-07-13T09:53:36Z</time>
			</trkpt>
			<trkpt lat="48.755226" lon="-121.833099">
				<ele>2289.314453</ele>
				<time>2026-07-13T09:54:10Z</time>
			</trkpt>
			<trkpt lat="48.755257" lon="-121.833107">
				<ele>2288.729248</ele>
				<time>2026-07-13T09:54:25Z</time>
			</trkpt>
			<trkpt lat="48.755291" lon="-121.833092">
				<ele>2293.498535</ele>
				<time>2026-07-13T09:54:41Z</time>
			</trkpt>
			<trkpt lat="48.755417" lon="-121.833069">
				<ele>2298.004883</ele>
				<time>2026-07-13T09:55:37Z</time>
			</trkpt>
			<trkpt lat="48.755459" lon="-121.833054">
				<ele>2301.341553</ele>
				<time>2026-07-13T09:55:56Z</time>
			</trkpt>
			<trkpt lat="48.755497" lon="-121.833046">
				<ele>2302.020996</ele>
				<time>2026-07-13T09:56:13Z</time>
			</trkpt>
			<trkpt lat="48.755596" lon="-121.833008">
				<ele>2306.610596</ele>
				<time>2026-07-13T09:56:59Z</time>
			</trkpt>
			<trkpt lat="48.75563" lon="-121.833008">
				<ele>2307.114502</ele>
				<time>2026-07-13T09:57:11Z</time>
			</trkpt>
			<trkpt lat="48.755672" lon="-121.832993">
				<ele>2310.701904</ele>
				<time>2026-07-13T09:57:31Z</time>
			</trkpt>
			<trkpt lat="48.755707" lon="-121.832977">
				<ele>2311.117188</ele>
				<time>2026-07-13T09:57:46Z</time>
			</trkpt>
			<trkpt lat="48.755749" lon="-121.83297">
				<ele>2312.612793</ele>
				<time>2026-07-13T09:58:05Z</time>
			</trkpt>
			<trkpt lat="48.755783" lon="-121.832947">
				<ele>2315.408447</ele>
				<time>2026-07-13T09:58:22Z</time>
			</trkpt>
			<trkpt lat="48.755814" lon="-121.832939">
				<ele>2315.553223</ele>
				<time>2026-07-13T09:58:34Z</time>
			</trkpt>
			<trkpt lat="48.755871" lon="-121.832924">
				<ele>2319.587402</ele>
				<time>2026-07-13T09:58:58Z</time>
			</trkpt>
			<trkpt lat="48.755943" lon="-121.832886">
				<ele>2322.887207</ele>
				<time>2026-07-13T09:59:27Z</time>
			</trkpt>
			<trkpt lat="48.755981" lon="-121.832878">
				<ele>2322.393799</ele>
				<time>2026-07-13T09:59:40Z</time>
			</trkpt>
			<trkpt lat="48.756012" lon="-121.832878">
				<ele>2324.010742</ele>
				<time>2026-07-13T09:59:52Z</time>
			</trkpt>
			<trkpt lat="48.756142" lon="-121.832817">
				<ele>2328.550781</ele>
				<time>2026-07-13T10:00:48Z</time>
			</trkpt>
			<trkpt lat="48.756195" lon="-121.832779">
				<ele>2331.755615</ele>
				<time>2026-07-13T10:01:10Z</time>
			</trkpt>
			<trkpt lat="48.756248" lon="-121.832748">
				<ele>2332.798828</ele>
				<time>2026-07-13T10:01:24Z</time>
			</trkpt>
			<trkpt lat="48.756306" lon="-121.832741">
				<ele>2335.828857</ele>
				<time>2026-07-13T10:01:43Z</time>
			</trkpt>
			<trkpt lat="48.756374" lon="-121.832726">
				<ele>2337.123291</ele>
				<time>2026-07-13T10:02:04Z</time>
			</trkpt>
			<trkpt lat="48.756489" lon="-121.83268">
				<ele>2341.282715</ele>
				<time>2026-07-13T10:02:37Z</time>
			</trkpt>
			<trkpt lat="48.756516" lon="-121.832672">
				<ele>2341.702881</ele>
				<time>2026-07-13T10:02:45Z</time>
			</trkpt>
			<trkpt lat="48.756542" lon="-121.832664">
				<ele>2341.459473</ele>
				<time>2026-07-13T10:02:52Z</time>
			</trkpt>
			<trkpt lat="48.756565" lon="-121.832664">
				<ele>2341.816162</ele>
				<time>2026-07-13T10:02:59Z</time>
			</trkpt>
			<trkpt lat="48.756626" lon="-121.832657">
				<ele>2342.190674</ele>
				<time>2026-07-13T10:03:14Z</time>
			</trkpt>
			<trkpt lat="48.756699" lon="-121.832672">
				<ele>2345.186768</ele>
				<time>2026-07-13T10:03:33Z</time>
			</trkpt>
			<trkpt lat="48.756752" lon="-121.832672">
				<ele>2346.033447</ele>
				<time>2026-07-13T10:03:48Z</time>
			</trkpt>
			<trkpt lat="48.756779" lon="-121.832657">
				<ele>2347.480469</ele>
				<time>2026-07-13T10:03:55Z</time>
			</trkpt>
			<trkpt lat="48.756855" lon="-121.832642">
				<ele>2349.057861</ele>
				<time>2026-07-13T10:04:14Z</time>
			</trkpt>
			<trkpt lat="48.756927" lon="-121.832626">
				<ele>2352.976318</ele>
				<time>2026-07-13T10:11:07Z</time>
			</trkpt>
			<trkpt lat="48.757023" lon="-121.832596">
				<ele>2354.379395</ele>
				<time>2026-07-13T10:11:28Z</time>
			</trkpt>
			<trkpt lat="48.757057" lon="-121.832596">
				<ele>2352.953857</ele>
				<time>2026-07-13T10:11:33Z</time>
			</trkpt>
			<trkpt lat="48.75708" lon="-121.832603">
				<ele>2352.93457</ele>
				<time>2026-07-13T10:11:36Z</time>
			</trkpt>
			<trkpt lat="48.757107" lon="-121.832603">
				<ele>2354.20874</ele>
				<time>2026-07-13T10:11:45Z</time>
			</trkpt>
			<trkpt lat="48.757137" lon="-121.832596">
				<ele>2354.084717</ele>
				<time>2026-07-13T10:11:53Z</time>
			</trkpt>
			<trkpt lat="48.757191" lon="-121.832603">
				<ele>2356.089355</ele>
				<time>2026-07-13T10:12:08Z</time>
			</trkpt>
			<trkpt lat="48.757221" lon="-121.832611">
				<ele>2356.381836</ele>
				<time>2026-07-13T10:12:15Z</time>
			</trkpt>
			<trkpt lat="48.757248" lon="-121.832611">
				<ele>2356.242188</ele>
				<time>2026-07-13T10:12:20Z</time>
			</trkpt>
			<trkpt lat="48.757336" lon="-121.832611">
				<ele>2358.110107</ele>
				<time>2026-07-13T10:12:43Z</time>
			</trkpt>
			<trkpt lat="48.757416" lon="-121.832596">
				<ele>2361.583984</ele>
				<time>2026-07-13T10:13:03Z</time>
			</trkpt>
			<trkpt lat="48.75745" lon="-121.832588">
				<ele>2361.982422</ele>
				<time>2026-07-13T10:13:11Z</time>
			</trkpt>
			<trkpt lat="48.757561" lon="-121.832535">
				<ele>2366.114014</ele>
				<time>2026-07-13T10:13:45Z</time>
			</trkpt>
			<trkpt lat="48.757603" lon="-121.83252">
				<ele>2366.711426</ele>
				<time>2026-07-13T10:13:57Z</time>
			</trkpt>
			<trkpt lat="48.757637" lon="-121.832527">
				<ele>2364.144775</ele>
				<time>2026-07-13T10:14:04Z</time>
			</trkpt>
			<trkpt lat="48.757698" lon="-121.832481">
				<ele>2367.707764</ele>
				<time>2026-07-13T10:14:25Z</time>
			</trkpt>
			<trkpt lat="48.757805" lon="-121.832481">
				<ele>2370.171631</ele>
				<time>2026-07-13T10:14:51Z</time>
			</trkpt>
			<trkpt lat="48.757858" lon="-121.832443">
				<ele>2373.730469</ele>
				<time>2026-07-13T10:15:10Z</time>
			</trkpt>
			<trkpt lat="48.757942" lon="-121.832413">
				<ele>2375.467285</ele>
				<time>2026-07-13T10:15:34Z</time>
			</trkpt>
			<trkpt lat="48.757973" lon="-121.83239">
				<ele>2375.477295</ele>
				<time>2026-07-13T10:15:44Z</time>
			</trkpt>
			<trkpt lat="48.75803" lon="-121.832352">
				<ele>2378.241455</ele>
				<time>2026-07-13T10:16:05Z</time>
			</trkpt>
			<trkpt lat="48.758053" lon="-121.832329">
				<ele>2377.969238</ele>
				<time>2026-07-13T10:16:13Z</time>
			</trkpt>
			<trkpt lat="48.758095" lon="-121.832291">
				<ele>2379.350342</ele>
				<time>2026-07-13T10:16:27Z</time>
			</trkpt>
			<trkpt lat="48.758118" lon="-121.832275">
				<ele>2379.018799</ele>
				<time>2026-07-13T10:16:34Z</time>
			</trkpt>
			<trkpt lat="48.758175" lon="-121.832237">
				<ele>2382.199219</ele>
				<time>2026-07-13T10:16:55Z</time>
			</trkpt>
			<trkpt lat="48.758305" lon="-121.832108">
				<ele>2386.947021</ele>
				<time>2026-07-13T10:17:47Z</time>
			</trkpt>
			<trkpt lat="48.758327" lon="-121.832092">
				<ele>2386.576416</ele>
				<time>2026-07-13T10:17:54Z</time>
			</trkpt>
			<trkpt lat="48.75835" lon="-121.832077">
				<ele>2386.682129</ele>
				<time>2026-07-13T10:18:00Z</time>
			</trkpt>
			<trkpt lat="48.758373" lon="-121.832054">
				<ele>2386.72168</ele>
				<time>2026-07-13T10:18:08Z</time>
			</trkpt>
			<trkpt lat="48.758392" lon="-121.832031">
				<ele>2389.158203</ele>
				<time>2026-07-13T10:18:16Z</time>
			</trkpt>
			<trkpt lat="48.758434" lon="-121.831985">
				<ele>2390.563477</ele>
				<time>2026-07-13T10:18:31Z</time>
			</trkpt>
			<trkpt lat="48.758465" lon="-121.831955">
				<ele>2393.183838</ele>
				<time>2026-07-13T10:18:41Z</time>
			</trkpt>
			<trkpt lat="48.758495" lon="-121.83194">
				<ele>2392.276855</ele>
				<time>2026-07-13T10:18:50Z</time>
			</trkpt>
			<trkpt lat="48.758518" lon="-121.831909">
				<ele>2392.64624</ele>
				<time>2026-07-13T10:18:57Z</time>
			</trkpt>
			<trkpt lat="48.758568" lon="-121.831848">
				<ele>2395.251709</ele>
				<time>2026-07-13T10:19:16Z</time>
			</trkpt>
			<trkpt lat="48.758595" lon="-121.831825">
				<ele>2395.722168</ele>
				<time>2026-07-13T10:19:28Z</time>
			</trkpt>
			<trkpt lat="48.758617" lon="-121.831795">
				<ele>2395.287354</ele>
				<time>2026-07-13T10:19:35Z</time>
			</trkpt>
			<trkpt lat="48.758644" lon="-121.831779">
				<ele>2396.223877</ele>
				<time>2026-07-13T10:19:44Z</time>
			</trkpt>
			<trkpt lat="48.758694" lon="-121.831749">
				<ele>2396.692139</ele>
				<time>2026-07-13T10:19:56Z</time>
			</trkpt>
			<trkpt lat="48.758743" lon="-121.831703">
				<ele>2400.335449</ele>
				<time>2026-07-13T10:20:17Z</time>
			</trkpt>
			<trkpt lat="48.758778" lon="-121.831673">
				<ele>2401.064453</ele>
				<time>2026-07-13T10:20:30Z</time>
			</trkpt>
			<trkpt lat="48.758804" lon="-121.83165">
				<ele>2402.986816</ele>
				<time>2026-07-13T10:20:42Z</time>
			</trkpt>
			<trkpt lat="48.758915" lon="-121.831612">
				<ele>2406.410889</ele>
				<time>2026-07-13T10:21:23Z</time>
			</trkpt>
			<trkpt lat="48.759117" lon="-121.831429">
				<ele>2416.556641</ele>
				<time>2026-07-13T10:22:48Z</time>
			</trkpt>
			<trkpt lat="48.75914" lon="-121.831406">
				<ele>2416.561768</ele>
				<time>2026-07-13T10:22:58Z</time>
			</trkpt>
			<trkpt lat="48.759163" lon="-121.831383">
				<ele>2416.36377</ele>
				<time>2026-07-13T10:23:06Z</time>
			</trkpt>
			<trkpt lat="48.759224" lon="-121.831329">
				<ele>2419.807617</ele>
				<time>2026-07-13T10:23:32Z</time>
			</trkpt>
			<trkpt lat="48.759247" lon="-121.831314">
				<ele>2419.782715</ele>
				<time>2026-07-13T10:23:40Z</time>
			</trkpt>
			<trkpt lat="48.759293" lon="-121.831284">
				<ele>2421.055176</ele>
				<time>2026-07-13T10:23:59Z</time>
			</trkpt>
			<trkpt lat="48.759388" lon="-121.8312">
				<ele>2425.854492</ele>
				<time>2026-07-13T10:24:44Z</time>
			</trkpt>
			<trkpt lat="48.759422" lon="-121.831184">
				<ele>2428.575439</ele>
				<time>2026-07-13T10:24:58Z</time>
			</trkpt>
			<trkpt lat="48.75948" lon="-121.831154">
				<ele>2430.686279</ele>
				<time>2026-07-13T10:25:20Z</time>
			</trkpt>
			<trkpt lat="48.759575" lon="-121.831131">
				<ele>2435.901855</ele>
				<time>2026-07-13T10:25:58Z</time>
			</trkpt>
			<trkpt lat="48.759609" lon="-121.831123">
				<ele>2435.077637</ele>
				<time>2026-07-13T10:26:11Z</time>
			</trkpt>
			<trkpt lat="48.759655" lon="-121.831116">
				<ele>2438.459961</ele>
				<time>2026-07-13T10:26:35Z</time>
			</trkpt>
			<trkpt lat="48.759705" lon="-121.831093">
				<ele>2439.562744</ele>
				<time>2026-07-13T10:26:56Z</time>
			</trkpt>
			<trkpt lat="48.759789" lon="-121.83107">
				<ele>2444.015137</ele>
				<time>2026-07-13T10:27:30Z</time>
			</trkpt>
			<trkpt lat="48.759819" lon="-121.83107">
				<ele>2444.226318</ele>
				<time>2026-07-13T10:27:44Z</time>
			</trkpt>
			<trkpt lat="48.75985" lon="-121.831055">
				<ele>2445.347168</ele>
				<time>2026-07-13T10:27:56Z</time>
			</trkpt>
			<trkpt lat="48.759937" lon="-121.831017">
				<ele>2451.905518</ele>
				<time>2026-07-13T10:28:41Z</time>
			</trkpt>
			<trkpt lat="48.760082" lon="-121.830933">
				<ele>2457.224609</ele>
				<time>2026-07-13T10:29:58Z</time>
			</trkpt>
			<trkpt lat="48.760117" lon="-121.830933">
				<ele>2460.144043</ele>
				<time>2026-07-13T10:30:23Z</time>
			</trkpt>
			<trkpt lat="48.760147" lon="-121.830925">
				<ele>2459.957031</ele>
				<time>2026-07-13T10:30:37Z</time>
			</trkpt>
			<trkpt lat="48.760235" lon="-121.830841">
				<ele>2463.971191</ele>
				<time>2026-07-13T10:31:33Z</time>
			</trkpt>
			<trkpt lat="48.760284" lon="-121.830833">
				<ele>2465.826904</ele>
				<time>2026-07-13T10:32:01Z</time>
			</trkpt>
			<trkpt lat="48.76041" lon="-121.830833">
				<ele>2474.155029</ele>
				<time>2026-07-13T10:33:29Z</time>
			</trkpt>
			<trkpt lat="48.760441" lon="-121.830811">
				<ele>2477.80957</ele>
				<time>2026-07-13T10:33:41Z</time>
			</trkpt>
			<trkpt lat="48.760498" lon="-121.830826">
				<ele>2479.359375</ele>
				<time>2026-07-13T10:34:05Z</time>
			</trkpt>
			<trkpt lat="48.760521" lon="-121.830811">
				<ele>2479.462646</ele>
				<time>2026-07-13T10:34:16Z</time>
			</trkpt>
			<trkpt lat="48.760605" lon="-121.830811">
				<ele>2484.895264</ele>
				<time>2026-07-13T10:34:51Z</time>
			</trkpt>
			<trkpt lat="48.760796" lon="-121.830811">
				<ele>2493.705566</ele>
				<time>2026-07-13T10:35:58Z</time>
			</trkpt>
			<trkpt lat="48.760868" lon="-121.830795">
				<ele>2495.532227</ele>
				<time>2026-07-13T10:36:20Z</time>
			</trkpt>
			<trkpt lat="48.760937" lon="-121.830795">
				<ele>2495.894043</ele>
				<time>2026-07-13T10:36:38Z</time>
			</trkpt>
			<trkpt lat="48.761177" lon="-121.830742">
				<ele>2502.054688</ele>
				<time>2026-07-13T10:37:57Z</time>
			</trkpt>
			<trkpt lat="48.76125" lon="-121.830711">
				<ele>2504.736816</ele>
				<time>2026-07-13T10:38:23Z</time>
			</trkpt>
			<trkpt lat="48.761284" lon="-121.830696">
				<ele>2504.885254</ele>
				<time>2026-07-13T10:38:36Z</time>
			</trkpt>
			<trkpt lat="48.761311" lon="-121.830673">
				<ele>2506.709961</ele>
				<time>2026-07-13T10:38:46Z</time>
			</trkpt>
			<trkpt lat="48.761379" lon="-121.83065">
				<ele>2508.000244</ele>
				<time>2026-07-13T10:39:12Z</time>
			</trkpt>
			<trkpt lat="48.761494" lon="-121.830605">
				<ele>2511.983154</ele>
				<time>2026-07-13T10:40:01Z</time>
			</trkpt>
			<trkpt lat="48.76152" lon="-121.830597">
				<ele>2514.602539</ele>
				<time>2026-07-13T10:42:42Z</time>
			</trkpt>
			<trkpt lat="48.76157" lon="-121.830566">
				<ele>2515.671631</ele>
				<time>2026-07-13T10:44:47Z</time>
			</trkpt>
			<trkpt lat="48.761574" lon="-121.830528">
				<ele>2514.554443</ele>
				<time>2026-07-13T10:44:49Z</time>
			</trkpt>
			<trkpt lat="48.76165" lon="-121.830528">
				<ele>2517.7854</ele>
				<time>2026-07-13T10:45:10Z</time>
			</trkpt>
			<trkpt lat="48.761787" lon="-121.83046">
				<ele>2524.218506</ele>
				<time>2026-07-13T10:45:57Z</time>
			</trkpt>
			<trkpt lat="48.761925" lon="-121.830383">
				<ele>2528.834717</ele>
				<time>2026-07-13T10:46:44Z</time>
			</trkpt>
			<trkpt lat="48.761955" lon="-121.830368">
				<ele>2531.949707</ele>
				<time>2026-07-13T10:46:56Z</time>
			</trkpt>
			<trkpt lat="48.76199" lon="-121.83036">
				<ele>2532.534424</ele>
				<time>2026-07-13T10:47:08Z</time>
			</trkpt>
			<trkpt lat="48.762157" lon="-121.830292">
				<ele>2540.413574</ele>
				<time>2026-07-13T10:48:14Z</time>
			</trkpt>
			<trkpt lat="48.762215" lon="-121.830246">
				<ele>2541.241211</ele>
				<time>2026-07-13T10:48:32Z</time>
			</trkpt>
			<trkpt lat="48.762245" lon="-121.830238">
				<ele>2541.366699</ele>
				<time>2026-07-13T10:48:43Z</time>
			</trkpt>
			<trkpt lat="48.762379" lon="-121.830124">
				<ele>2547.519531</ele>
				<time>2026-07-13T10:49:36Z</time>
			</trkpt>
			<trkpt lat="48.76244" lon="-121.830078">
				<ele>2551.700439</ele>
				<time>2026-07-13T10:50:00Z</time>
			</trkpt>
			<trkpt lat="48.762482" lon="-121.83004">
				<ele>2552.38208</ele>
				<time>2026-07-13T10:50:15Z</time>
			</trkpt>
			<trkpt lat="48.76252" lon="-121.829971">
				<ele>2555.314453</ele>
				<time>2026-07-13T10:50:37Z</time>
			</trkpt>
			<trkpt lat="48.762604" lon="-121.829918">
				<ele>2556.846191</ele>
				<time>2026-07-13T10:51:05Z</time>
			</trkpt>
			<trkpt lat="48.762741" lon="-121.829788">
				<ele>2563.981934</ele>
				<time>2026-07-13T10:52:01Z</time>
			</trkpt>
			<trkpt lat="48.762775" lon="-121.829742">
				<ele>2564.740234</ele>
				<time>2026-07-13T10:52:16Z</time>
			</trkpt>
			<trkpt lat="48.762844" lon="-121.829674">
				<ele>2567.404541</ele>
				<time>2026-07-13T10:52:44Z</time>
			</trkpt>
			<trkpt lat="48.762875" lon="-121.829643">
				<ele>2567.463379</ele>
				<time>2026-07-13T10:52:56Z</time>
			</trkpt>
			<trkpt lat="48.762909" lon="-121.829605">
				<ele>2569.601074</ele>
				<time>2026-07-13T10:53:13Z</time>
			</trkpt>
			<trkpt lat="48.762974" lon="-121.829529">
				<ele>2571.721191</ele>
				<time>2026-07-13T10:53:48Z</time>
			</trkpt>
			<trkpt lat="48.76305" lon="-121.82946">
				<ele>2575.7854</ele>
				<time>2026-07-13T10:54:18Z</time>
			</trkpt>
			<trkpt lat="48.763077" lon="-121.829422">
				<ele>2576.145752</ele>
				<time>2026-07-13T10:54:31Z</time>
			</trkpt>
			<trkpt lat="48.763096" lon="-121.829384">
				<ele>2576.126953</ele>
				<time>2026-07-13T10:54:41Z</time>
			</trkpt>
			<trkpt lat="48.763115" lon="-121.829353">
				<ele>2577.976563</ele>
				<time>2026-07-13T10:54:55Z</time>
			</trkpt>
			<trkpt lat="48.763138" lon="-121.829323">
				<ele>2578.461182</ele>
				<time>2026-07-13T10:55:04Z</time>
			</trkpt>
			<trkpt lat="48.763161" lon="-121.8293">
				<ele>2578.45166</ele>
				<time>2026-07-13T10:55:10Z</time>
			</trkpt>
			<trkpt lat="48.763222" lon="-121.829231">
				<ele>2584.333984</ele>
				<time>2026-07-13T10:55:46Z</time>
			</trkpt>
			<trkpt lat="48.763302" lon="-121.829124">
				<ele>2589.088379</ele>
				<time>2026-07-13T10:56:33Z</time>
			</trkpt>
			<trkpt lat="48.763317" lon="-121.829094">
				<ele>2591.729248</ele>
				<time>2026-07-13T11:00:17Z</time>
			</trkpt>
			<trkpt lat="48.76334" lon="-121.829071">
				<ele>2591.215332</ele>
				<time>2026-07-13T11:00:25Z</time>
			</trkpt>
			<trkpt lat="48.763363" lon="-121.829048">
				<ele>2592.512695</ele>
				<time>2026-07-13T11:00:36Z</time>
			</trkpt>
			<trkpt lat="48.763378" lon="-121.82901">
				<ele>2592.4375</ele>
				<time>2026-07-13T11:00:44Z</time>
			</trkpt>
			<trkpt lat="48.763401" lon="-121.828979">
				<ele>2593.626465</ele>
				<time>2026-07-13T11:00:52Z</time>
			</trkpt>
			<trkpt lat="48.763401" lon="-121.828934">
				<ele>2592.750244</ele>
				<time>2026-07-13T11:00:57Z</time>
			</trkpt>
			<trkpt lat="48.763428" lon="-121.828934">
				<ele>2593.002441</ele>
				<time>2026-07-13T11:01:04Z</time>
			</trkpt>
			<trkpt lat="48.763565" lon="-121.828766">
				<ele>2602.452393</ele>
				<time>2026-07-13T11:02:03Z</time>
			</trkpt>
			<trkpt lat="48.763649" lon="-121.828651">
				<ele>2605.591797</ele>
				<time>2026-07-13T11:02:41Z</time>
			</trkpt>
			<trkpt lat="48.763676" lon="-121.828621">
				<ele>2607.314453</ele>
				<time>2026-07-13T11:02:50Z</time>
			</trkpt>
			<trkpt lat="48.763695" lon="-121.828575">
				<ele>2606.475342</ele>
				<time>2026-07-13T11:03:00Z</time>
			</trkpt>
			<trkpt lat="48.763798" lon="-121.828453">
				<ele>2612.305176</ele>
				<time>2026-07-13T11:03:57Z</time>
			</trkpt>
			<trkpt lat="48.763836" lon="-121.828407">
				<ele>2613.52002</ele>
				<time>2026-07-13T11:04:15Z</time>
			</trkpt>
			<trkpt lat="48.763966" lon="-121.828224">
				<ele>2625.029053</ele>
				<time>2026-07-13T11:05:46Z</time>
			</trkpt>
			<trkpt lat="48.764004" lon="-121.828178">
				<ele>2626.131592</ele>
				<time>2026-07-13T11:06:11Z</time>
			</trkpt>
			<trkpt lat="48.764168" lon="-121.827965">
				<ele>2636.824463</ele>
				<time>2026-07-13T11:08:43Z</time>
			</trkpt>
			<trkpt lat="48.76421" lon="-121.827911">
				<ele>2637.438477</ele>
				<time>2026-07-13T11:09:10Z</time>
			</trkpt>
			<trkpt lat="48.764244" lon="-121.827896">
				<ele>2640.72998</ele>
				<time>2026-07-13T11:09:34Z</time>
			</trkpt>
			<trkpt lat="48.764339" lon="-121.827774">
				<ele>2648.175293</ele>
				<time>2026-07-13T11:10:54Z</time>
			</trkpt>
			<trkpt lat="48.764446" lon="-121.827637">
				<ele>2655.577148</ele>
				<time>2026-07-13T11:12:05Z</time>
			</trkpt>
			<trkpt lat="48.764481" lon="-121.827591">
				<ele>2656.725586</ele>
				<time>2026-07-13T11:12:26Z</time>
			</trkpt>
			<trkpt lat="48.764595" lon="-121.827446">
				<ele>2665.276367</ele>
				<time>2026-07-13T11:16:01Z</time>
			</trkpt>
			<trkpt lat="48.764645" lon="-121.827385">
				<ele>2668.133057</ele>
				<time>2026-07-13T11:16:38Z</time>
			</trkpt>
			<trkpt lat="48.764679" lon="-121.827324">
				<ele>2669.034668</ele>
				<time>2026-07-13T11:17:06Z</time>
			</trkpt>
			<trkpt lat="48.764809" lon="-121.827141">
				<ele>2676.716797</ele>
				<time>2026-07-13T11:18:44Z</time>
			</trkpt>
			<trkpt lat="48.764843" lon="-121.827103">
				<ele>2677.251221</ele>
				<time>2026-07-13T11:19:09Z</time>
			</trkpt>
			<trkpt lat="48.76487" lon="-121.827065">
				<ele>2680.544434</ele>
				<time>2026-07-13T11:19:38Z</time>
			</trkpt>
			<trkpt lat="48.76498" lon="-121.826935">
				<ele>2687.747314</ele>
				<time>2026-07-13T11:21:03Z</time>
			</trkpt>
			<trkpt lat="48.765015" lon="-121.826904">
				<ele>2688.366699</ele>
				<time>2026-07-13T11:21:20Z</time>
			</trkpt>
			<trkpt lat="48.76511" lon="-121.82679">
				<ele>2694.647949</ele>
				<time>2026-07-13T11:22:37Z</time>
			</trkpt>
			<trkpt lat="48.765156" lon="-121.826767">
				<ele>2695.728027</ele>
				<time>2026-07-13T11:23:03Z</time>
			</trkpt>
			<trkpt lat="48.76519" lon="-121.826744">
				<ele>2697.875732</ele>
				<time>2026-07-13T11:23:24Z</time>
			</trkpt>
			<trkpt lat="48.765224" lon="-121.826714">
				<ele>2698.428467</ele>
				<time>2026-07-13T11:23:42Z</time>
			</trkpt>
			<trkpt lat="48.76524" lon="-121.82666">
				<ele>2701.830078</ele>
				<time>2026-07-13T11:24:04Z</time>
			</trkpt>
			<trkpt lat="48.765263" lon="-121.826599">
				<ele>2702.570313</ele>
				<time>2026-07-13T11:24:27Z</time>
			</trkpt>
			<trkpt lat="48.765293" lon="-121.826561">
				<ele>2704.877197</ele>
				<time>2026-07-13T11:24:43Z</time>
			</trkpt>
			<trkpt lat="48.765381" lon="-121.8265">
				<ele>2710.490479</ele>
				<time>2026-07-13T11:28:07Z</time>
			</trkpt>
			<trkpt lat="48.76543" lon="-121.826454">
				<ele>2712.451904</ele>
				<time>2026-07-13T11:28:25Z</time>
			</trkpt>
			<trkpt lat="48.765499" lon="-121.826447">
				<ele>2714.54834</ele>
				<time>2026-07-13T11:28:50Z</time>
			</trkpt>
			<trkpt lat="48.765606" lon="-121.8265">
				<ele>2716.221924</ele>
				<time>2026-07-13T11:30:02Z</time>
			</trkpt>
			<trkpt lat="48.765656" lon="-121.826515">
				<ele>2717.326172</ele>
				<time>2026-07-13T11:30:24Z</time>
			</trkpt>
			<trkpt lat="48.765678" lon="-121.82653">
				<ele>2718.701904</ele>
				<time>2026-07-13T11:30:53Z</time>
			</trkpt>
			<trkpt lat="48.765705" lon="-121.826538">
				<ele>2718.533936</ele>
				<time>2026-07-13T11:31:06Z</time>
			</trkpt>
			<trkpt lat="48.765793" lon="-121.826546">
				<ele>2721.585938</ele>
				<time>2026-07-13T11:31:56Z</time>
			</trkpt>
			<trkpt lat="48.765892" lon="-121.826462">
				<ele>2728.714111</ele>
				<time>2026-07-13T11:33:12Z</time>
			</trkpt>
			<trkpt lat="48.765934" lon="-121.826401">
				<ele>2731.823975</ele>
				<time>2026-07-13T11:33:43Z</time>
			</trkpt>
			<trkpt lat="48.76601" lon="-121.826302">
				<ele>2735.496338</ele>
				<time>2026-07-13T11:34:51Z</time>
			</trkpt>
			<trkpt lat="48.766094" lon="-121.826164">
				<ele>2743.023926</ele>
				<time>2026-07-13T11:36:24Z</time>
			</trkpt>
			<trkpt lat="48.766197" lon="-121.825874">
				<ele>2754.848877</ele>
				<time>2026-07-13T11:38:47Z</time>
			</trkpt>
			<trkpt lat="48.766239" lon="-121.825745">
				<ele>2762.370605</ele>
				<time>2026-07-13T11:39:43Z</time>
			</trkpt>
			<trkpt lat="48.766273" lon="-121.825623">
				<ele>2767.242432</ele>
				<time>2026-07-13T11:40:34Z</time>
			</trkpt>
			<trkpt lat="48.766273" lon="-121.825523">
				<ele>2770.0</ele>
				<time>2026-07-13T11:41:00Z</time>
			</trkpt>
			<trkpt lat="48.766266" lon="-121.82547">
				<ele>2772.597656</ele>
				<time>2026-07-13T11:41:27Z</time>
			</trkpt>
			<trkpt lat="48.766266" lon="-121.825401">
				<ele>2772.902344</ele>
				<time>2026-07-13T11:41:50Z</time>
			</trkpt>
			<trkpt lat="48.766251" lon="-121.825294">
				<ele>2775.482178</ele>
				<time>2026-07-13T11:42:29Z</time>
			</trkpt>
			<trkpt lat="48.766243" lon="-121.825249">
				<ele>2775.861816</ele>
				<time>2026-07-13T11:42:49Z</time>
			</trkpt>
			<trkpt lat="48.766243" lon="-121.825211">
				<ele>2777.396729</ele>
				<time>2026-07-13T11:43:05Z</time>
			</trkpt>
			<trkpt lat="48.766235" lon="-121.825165">
				<ele>2777.584473</ele>
				<time>2026-07-13T11:43:15Z</time>
			</trkpt>
			<trkpt lat="48.766247" lon="-121.825119">
				<ele>2778.760254</ele>
				<time>2026-07-13T11:43:44Z</time>
			</trkpt>
			<trkpt lat="48.76627" lon="-121.825066">
				<ele>2779.239502</ele>
				<time>2026-07-13T11:43:53Z</time>
			</trkpt>
			<trkpt lat="48.766289" lon="-121.825043">
				<ele>2783.951416</ele>
				<time>2026-07-13T11:44:10Z</time>
			</trkpt>
			<trkpt lat="48.766315" lon="-121.825005">
				<ele>2785.882568</ele>
				<time>2026-07-13T11:44:24Z</time>
			</trkpt>
			<trkpt lat="48.766342" lon="-121.824974">
				<ele>2786.58374</ele>
				<time>2026-07-13T11:44:34Z</time>
			</trkpt>
			<trkpt lat="48.766388" lon="-121.824921">
				<ele>2789.045654</ele>
				<time>2026-07-13T11:44:55Z</time>
			</trkpt>
			<trkpt lat="48.766468" lon="-121.824799">
				<ele>2791.365234</ele>
				<time>2026-07-13T11:45:35Z</time>
			</trkpt>
			<trkpt lat="48.76651" lon="-121.824654">
				<ele>2794.813965</ele>
				<time>2026-07-13T11:46:09Z</time>
			</trkpt>
			<trkpt lat="48.766506" lon="-121.824615">
				<ele>2798.04248</ele>
				<time>2026-07-13T11:46:35Z</time>
			</trkpt>
			<trkpt lat="48.766521" lon="-121.824577">
				<ele>2797.036621</ele>
				<time>2026-07-13T11:54:28Z</time>
			</trkpt>
			<trkpt lat="48.766525" lon="-121.824532">
				<ele>2798.572021</ele>
				<time>2026-07-13T11:54:36Z</time>
			</trkpt>
			<trkpt lat="48.766529" lon="-121.824478">
				<ele>2799.621582</ele>
				<time>2026-07-13T11:54:44Z</time>
			</trkpt>
			<trkpt lat="48.766529" lon="-121.824432">
				<ele>2799.803711</ele>
				<time>2026-07-13T11:54:53Z</time>
			</trkpt>
			<trkpt lat="48.766533" lon="-121.824387">
				<ele>2799.451172</ele>
				<time>2026-07-13T11:55:04Z</time>
			</trkpt>
			<trkpt lat="48.766552" lon="-121.824257">
				<ele>2802.618896</ele>
				<time>2026-07-13T11:55:31Z</time>
			</trkpt>
			<trkpt lat="48.766586" lon="-121.824142">
				<ele>2804.657227</ele>
				<time>2026-07-13T11:56:04Z</time>
			</trkpt>
			<trkpt lat="48.766651" lon="-121.82399">
				<ele>2810.881592</ele>
				<time>2026-07-13T11:56:51Z</time>
			</trkpt>
			<trkpt lat="48.766674" lon="-121.823914">
				<ele>2811.708984</ele>
				<time>2026-07-13T11:57:15Z</time>
			</trkpt>
			<trkpt lat="48.766739" lon="-121.823746">
				<ele>2816.977783</ele>
				<time>2026-07-13T11:58:16Z</time>
			</trkpt>
			<trkpt lat="48.766731" lon="-121.823601">
				<ele>2822.55835</ele>
				<time>2026-07-13T11:59:00Z</time>
			</trkpt>
			<trkpt lat="48.76672" lon="-121.823555">
				<ele>2823.097412</ele>
				<time>2026-07-13T11:59:10Z</time>
			</trkpt>
			<trkpt lat="48.766701" lon="-121.823517">
				<ele>2824.526855</ele>
				<time>2026-07-13T11:59:20Z</time>
			</trkpt>
			<trkpt lat="48.766632" lon="-121.823463">
				<ele>2826.363037</ele>
				<time>2026-07-13T11:59:53Z</time>
			</trkpt>
			<trkpt lat="48.766605" lon="-121.82341">
				<ele>2826.87915</ele>
				<time>2026-07-13T12:00:14Z</time>
			</trkpt>
			<trkpt lat="48.766602" lon="-121.823357">
				<ele>2828.02832</ele>
				<time>2026-07-13T12:00:34Z</time>
			</trkpt>
			<trkpt lat="48.766644" lon="-121.823059">
				<ele>2837.959717</ele>
				<time>2026-07-13T12:02:33Z</time>
			</trkpt>
			<trkpt lat="48.76675" lon="-121.822823">
				<ele>2848.568115</ele>
				<time>2026-07-13T12:04:17Z</time>
			</trkpt>
			<trkpt lat="48.766792" lon="-121.822716">
				<ele>2852.133057</ele>
				<time>2026-07-13T12:04:55Z</time>
			</trkpt>
			<trkpt lat="48.766811" lon="-121.822685">
				<ele>2852.215576</ele>
				<time>2026-07-13T12:05:58Z</time>
			</trkpt>
			<trkpt lat="48.766888" lon="-121.822456">
				<ele>2861.79126</ele>
				<time>2026-07-13T12:07:01Z</time>
			</trkpt>
			<trkpt lat="48.766903" lon="-121.822411">
				<ele>2863.208984</ele>
				<time>2026-07-13T12:07:17Z</time>
			</trkpt>
			<trkpt lat="48.766922" lon="-121.822365">
				<ele>2863.118652</ele>
				<time>2026-07-13T12:07:25Z</time>
			</trkpt>
			<trkpt lat="48.766937" lon="-121.822327">
				<ele>2864.558594</ele>
				<time>2026-07-13T12:07:39Z</time>
			</trkpt>
			<trkpt lat="48.767067" lon="-121.822083">
				<ele>2875.887695</ele>
				<time>2026-07-13T12:09:18Z</time>
			</trkpt>
			<trkpt lat="48.767128" lon="-121.821976">
				<ele>2879.197266</ele>
				<time>2026-07-13T12:09:48Z</time>
			</trkpt>
			<trkpt lat="48.767159" lon="-121.821861">
				<ele>2880.981689</ele>
				<time>2026-07-13T12:10:15Z</time>
			</trkpt>
			<trkpt lat="48.767189" lon="-121.821777">
				<ele>2883.397461</ele>
				<time>2026-07-13T12:10:49Z</time>
			</trkpt>
			<trkpt lat="48.767204" lon="-121.821739">
				<ele>2884.135986</ele>
				<time>2026-07-13T12:11:00Z</time>
			</trkpt>
			<trkpt lat="48.767231" lon="-121.821693">
				<ele>2884.457764</ele>
				<time>2026-07-13T12:11:12Z</time>
			</trkpt>
			<trkpt lat="48.767239" lon="-121.82164">
				<ele>2887.120361</ele>
				<time>2026-07-13T12:11:22Z</time>
			</trkpt>
			<trkpt lat="48.767242" lon="-121.821594">
				<ele>2887.606934</ele>
				<time>2026-07-13T12:11:30Z</time>
			</trkpt>
			<trkpt lat="48.767242" lon="-121.821548">
				<ele>2887.786133</ele>
				<time>2026-07-13T12:11:41Z</time>
			</trkpt>
			<trkpt lat="48.767239" lon="-121.821503">
				<ele>2887.858154</ele>
				<time>2026-07-13T12:11:49Z</time>
			</trkpt>
			<trkpt lat="48.767239" lon="-121.821449">
				<ele>2887.275635</ele>
				<time>2026-07-13T12:11:57Z</time>
			</trkpt>
			<trkpt lat="48.767231" lon="-121.821358">
				<ele>2889.169678</ele>
				<time>2026-07-13T12:12:10Z</time>
			</trkpt>
			<trkpt lat="48.767216" lon="-121.821266">
				<ele>2889.97168</ele>
				<time>2026-07-13T12:12:34Z</time>
			</trkpt>
			<trkpt lat="48.767204" lon="-121.821228">
				<ele>2890.845215</ele>
				<time>2026-07-13T12:12:56Z</time>
			</trkpt>
			<trkpt lat="48.767189" lon="-121.821175">
				<ele>2891.651855</ele>
				<time>2026-07-13T12:13:16Z</time>
			</trkpt>
			<trkpt lat="48.767178" lon="-121.821121">
				<ele>2891.98999</ele>
				<time>2026-07-13T12:13:27Z</time>
			</trkpt>
			<trkpt lat="48.767143" lon="-121.82103">
				<ele>2893.467529</ele>
				<time>2026-07-13T12:14:01Z</time>
			</trkpt>
			<trkpt lat="48.767128" lon="-121.820984">
				<ele>2892.687988</ele>
				<time>2026-07-13T12:14:21Z</time>
			</trkpt>
			<trkpt lat="48.767109" lon="-121.820908">
				<ele>2894.710693</ele>
				<time>2026-07-13T12:14:46Z</time>
			</trkpt>
			<trkpt lat="48.767136" lon="-121.820831">
				<ele>2897.508789</ele>
				<time>2026-07-13T12:15:07Z</time>
			</trkpt>
			<trkpt lat="48.767235" lon="-121.820808">
				<ele>2900.032227</ele>
				<time>2026-07-13T12:15:44Z</time>
			</trkpt>
			<trkpt lat="48.767307" lon="-121.820793">
				<ele>2904.047607</ele>
				<time>2026-07-13T12:16:11Z</time>
			</trkpt>
			<trkpt lat="48.767342" lon="-121.820793">
				<ele>2904.420166</ele>
				<time>2026-07-13T12:16:21Z</time>
			</trkpt>
			<trkpt lat="48.767372" lon="-121.820793">
				<ele>2904.460938</ele>
				<time>2026-07-13T12:16:29Z</time>
			</trkpt>
			<trkpt lat="48.767441" lon="-121.820801">
				<ele>2906.402588</ele>
				<time>2026-07-13T12:16:49Z</time>
			</trkpt>
			<trkpt lat="48.767471" lon="-121.820793">
				<ele>2908.375</ele>
				<time>2026-07-13T12:17:02Z</time>
			</trkpt>
			<trkpt lat="48.767544" lon="-121.820763">
				<ele>2910.412598</ele>
				<time>2026-07-13T12:17:31Z</time>
			</trkpt>
			<trkpt lat="48.76759" lon="-121.820778">
				<ele>2910.108887</ele>
				<time>2026-07-13T12:17:44Z</time>
			</trkpt>
			<trkpt lat="48.767639" lon="-121.820808">
				<ele>2911.766602</ele>
				<time>2026-07-13T12:18:06Z</time>
			</trkpt>
			<trkpt lat="48.767693" lon="-121.820786">
				<ele>2913.835205</ele>
				<time>2026-07-13T12:18:34Z</time>
			</trkpt>
			<trkpt lat="48.767765" lon="-121.820702">
				<ele>2917.88501</ele>
				<time>2026-07-13T12:19:12Z</time>
			</trkpt>
			<trkpt lat="48.767868" lon="-121.82058">
				<ele>2921.300781</ele>
				<time>2026-07-13T12:20:05Z</time>
			</trkpt>
			<trkpt lat="48.768013" lon="-121.820503">
				<ele>2927.638184</ele>
				<time>2026-07-13T12:21:13Z</time>
			</trkpt>
			<trkpt lat="48.768085" lon="-121.820419">
				<ele>2933.335205</ele>
				<time>2026-07-13T12:22:04Z</time>
			</trkpt>
			<trkpt lat="48.768127" lon="-121.820389">
				<ele>2934.048096</ele>
				<time>2026-07-13T12:22:19Z</time>
			</trkpt>
			<trkpt lat="48.768173" lon="-121.820335">
				<ele>2933.12085</ele>
				<time>2026-07-13T12:22:39Z</time>
			</trkpt>
			<trkpt lat="48.76828" lon="-121.820274">
				<ele>2938.058105</ele>
				<time>2026-07-13T12:23:20Z</time>
			</trkpt>
			<trkpt lat="48.768368" lon="-121.820183">
				<ele>2941.790283</ele>
				<time>2026-07-13T12:23:59Z</time>
			</trkpt>
			<trkpt lat="48.768501" lon="-121.820122">
				<ele>2945.182373</ele>
				<time>2026-07-13T12:24:44Z</time>
			</trkpt>
			<trkpt lat="48.7686" lon="-121.820091">
				<ele>2948.45752</ele>
				<time>2026-07-13T12:25:11Z</time>
			</trkpt>
			<trkpt lat="48.768635" lon="-121.820053">
				<ele>2950.872559</ele>
				<time>2026-07-13T12:25:34Z</time>
			</trkpt>
			<trkpt lat="48.768684" lon="-121.820015">
				<ele>2956.644287</ele>
				<time>2026-07-13T12:25:52Z</time>
			</trkpt>
			<trkpt lat="48.768818" lon="-121.819962">
				<ele>2959.324707</ele>
				<time>2026-07-13T12:26:25Z</time>
			</trkpt>
			<trkpt lat="48.76886" lon="-121.819923">
				<ele>2957.647949</ele>
				<time>2026-07-13T12:26:33Z</time>
			</trkpt>
			<trkpt lat="48.768902" lon="-121.819923">
				<ele>2957.666016</ele>
				<time>2026-07-13T12:26:42Z</time>
			</trkpt>
			<trkpt lat="48.768944" lon="-121.819923">
				<ele>2957.551514</ele>
				<time>2026-07-13T12:26:52Z</time>
			</trkpt>
			<trkpt lat="48.769154" lon="-121.819954">
				<ele>2962.824707</ele>
				<time>2026-07-13T12:28:10Z</time>
			</trkpt>
			<trkpt lat="48.769222" lon="-121.819931">
				<ele>2966.163818</ele>
				<time>2026-07-13T12:28:28Z</time>
			</trkpt>
			<trkpt lat="48.769264" lon="-121.819939">
				<ele>2965.710938</ele>
				<time>2026-07-13T12:29:07Z</time>
			</trkpt>
			<trkpt lat="48.76926" lon="-121.819893">
				<ele>2967.204834</ele>
				<time>2026-07-13T12:34:09Z</time>
			</trkpt>
			<trkpt lat="48.76926" lon="-121.819939">
				<ele>2966.135498</ele>
				<time>2026-07-13T12:35:10Z</time>
			</trkpt>
			<trkpt lat="48.769279" lon="-121.819969">
				<ele>2966.419434</ele>
				<time>2026-07-13T12:37:22Z</time>
			</trkpt>
			<trkpt lat="48.769299" lon="-121.82">
				<ele>2966.376953</ele>
				<time>2026-07-13T12:37:52Z</time>
			</trkpt>
			<trkpt lat="48.769344" lon="-121.820053">
				<ele>2967.355225</ele>
				<time>2026-07-13T12:38:06Z</time>
			</trkpt>
			<trkpt lat="48.769367" lon="-121.820076">
				<ele>2967.038574</ele>
				<time>2026-07-13T12:38:12Z</time>
			</trkpt>
			<trkpt lat="48.769413" lon="-121.820137">
				<ele>2967.830322</ele>
				<time>2026-07-13T12:38:29Z</time>
			</trkpt>
			<trkpt lat="48.769436" lon="-121.820168">
				<ele>2967.826416</ele>
				<time>2026-07-13T12:38:37Z</time>
			</trkpt>
			<trkpt lat="48.769478" lon="-121.820221">
				<ele>2968.666504</ele>
				<time>2026-07-13T12:38:53Z</time>
			</trkpt>
			<trkpt lat="48.769497" lon="-121.820259">
				<ele>2967.900635</ele>
				<time>2026-07-13T12:39:00Z</time>
			</trkpt>
			<trkpt lat="48.769573" lon="-121.820343">
				<ele>2971.410889</ele>
				<time>2026-07-13T12:39:30Z</time>
			</trkpt>
			<trkpt lat="48.769642" lon="-121.820442">
				<ele>2973.6604</ele>
				<time>2026-07-13T12:39:59Z</time>
			</trkpt>
			<trkpt lat="48.769665" lon="-121.820473">
				<ele>2973.775879</ele>
				<time>2026-07-13T12:40:09Z</time>
			</trkpt>
			<trkpt lat="48.769695" lon="-121.820488">
				<ele>2974.827637</ele>
				<time>2026-07-13T12:40:19Z</time>
			</trkpt>
			<trkpt lat="48.76973" lon="-121.820518">
				<ele>2975.246826</ele>
				<time>2026-07-13T12:40:29Z</time>
			</trkpt>
			<trkpt lat="48.769844" lon="-121.820641">
				<ele>2981.38208</ele>
				<time>2026-07-13T12:41:09Z</time>
			</trkpt>
			<trkpt lat="48.769867" lon="-121.820663">
				<ele>2981.530273</ele>
				<time>2026-07-13T12:41:17Z</time>
			</trkpt>
			<trkpt lat="48.769897" lon="-121.820679">
				<ele>2980.279785</ele>
				<time>2026-07-13T12:41:24Z</time>
			</trkpt>
			<trkpt lat="48.770016" lon="-121.820847">
				<ele>2985.453857</ele>
				<time>2026-07-13T12:42:18Z</time>
			</trkpt>
			<trkpt lat="48.770073" lon="-121.820923">
				<ele>2985.950684</ele>
				<time>2026-07-13T12:42:44Z</time>
			</trkpt>
			<trkpt lat="48.770184" lon="-121.821075">
				<ele>2992.580322</ele>
				<time>2026-07-13T12:43:44Z</time>
			</trkpt>
			<trkpt lat="48.770313" lon="-121.821198">
				<ele>2998.974854</ele>
				<time>2026-07-13T12:45:00Z</time>
			</trkpt>
			<trkpt lat="48.770386" lon="-121.821243">
				<ele>3000.254639</ele>
				<time>2026-07-13T12:45:47Z</time>
			</trkpt>
			<trkpt lat="48.770477" lon="-121.821274">
				<ele>3004.752197</ele>
				<time>2026-07-13T12:46:50Z</time>
			</trkpt>
			<trkpt lat="48.770515" lon="-121.821266">
				<ele>3007.515869</ele>
				<time>2026-07-13T12:47:23Z</time>
			</trkpt>
			<trkpt lat="48.77055" lon="-121.821259">
				<ele>3007.810547</ele>
				<time>2026-07-13T12:48:26Z</time>
			</trkpt>
			<trkpt lat="48.77058" lon="-121.821243">
				<ele>3008.648682</ele>
				<time>2026-07-13T12:48:38Z</time>
			</trkpt>
			<trkpt lat="48.770653" lon="-121.821213">
				<ele>3016.681152</ele>
				<time>2026-07-13T12:49:24Z</time>
			</trkpt>
			<trkpt lat="48.770771" lon="-121.821182">
				<ele>3021.720947</ele>
				<time>2026-07-13T12:50:21Z</time>
			</trkpt>
			<trkpt lat="48.770832" lon="-121.821152">
				<ele>3026.799072</ele>
				<time>2026-07-13T12:50:57Z</time>
			</trkpt>
			<trkpt lat="48.770893" lon="-121.821144">
				<ele>3028.533936</ele>
				<time>2026-07-13T12:51:24Z</time>
			</trkpt>
			<trkpt lat="48.771065" lon="-121.821152">
				<ele>3037.755859</ele>
				<time>2026-07-13T12:52:47Z</time>
			</trkpt>
			<trkpt lat="48.771103" lon="-121.821144">
				<ele>3037.551758</ele>
				<time>2026-07-13T12:53:02Z</time>
			</trkpt>
			<trkpt lat="48.771133" lon="-121.821144">
				<ele>3040.628662</ele>
				<time>2026-07-13T12:53:16Z</time>
			</trkpt>
			<trkpt lat="48.771294" lon="-121.821121">
				<ele>3049.80835</ele>
				<time>2026-07-13T12:54:54Z</time>
			</trkpt>
			<trkpt lat="48.771324" lon="-121.821121">
				<ele>3049.429932</ele>
				<time>2026-07-13T12:55:38Z</time>
			</trkpt>
			<trkpt lat="48.771404" lon="-121.821098">
				<ele>3053.824463</ele>
				<time>2026-07-13T12:56:12Z</time>
			</trkpt>
			<trkpt lat="48.771442" lon="-121.821098">
				<ele>3054.158447</ele>
				<time>2026-07-13T12:56:32Z</time>
			</trkpt>
			<trkpt lat="48.771549" lon="-121.821091">
				<ele>3060.091064</ele>
				<time>2026-07-13T12:57:41Z</time>
			</trkpt>
			<trkpt lat="48.771656" lon="-121.821098">
				<ele>3064.257324</ele>
				<time>2026-07-13T12:58:36Z</time>
			</trkpt>
			<trkpt lat="48.771702" lon="-121.82106">
				<ele>3068.841797</ele>
				<time>2026-07-13T12:59:14Z</time>
			</trkpt>
			<trkpt lat="48.771729" lon="-121.820984">
				<ele>3072.31665</ele>
				<time>2026-07-13T12:59:42Z</time>
			</trkpt>
			<trkpt lat="48.771744" lon="-121.820923">
				<ele>3074.022705</ele>
				<time>2026-07-13T13:00:14Z</time>
			</trkpt>
			<trkpt lat="48.771763" lon="-121.820854">
				<ele>3074.874512</ele>
				<time>2026-07-13T13:00:41Z</time>
			</trkpt>
			<trkpt lat="48.771797" lon="-121.820702">
				<ele>3083.04248</ele>
				<time>2026-07-13T13:01:37Z</time>
			</trkpt>
			<trkpt lat="48.771858" lon="-121.820694">
				<ele>3086.530518</ele>
				<time>2026-07-13T13:02:05Z</time>
			</trkpt>
			<trkpt lat="48.772041" lon="-121.820793">
				<ele>3093.947021</ele>
				<time>2026-07-13T13:03:50Z</time>
			</trkpt>
			<trkpt lat="48.772137" lon="-121.820831">
				<ele>3099.936279</ele>
				<time>2026-07-13T13:04:46Z</time>
			</trkpt>
			<trkpt lat="48.772209" lon="-121.820869">
				<ele>3101.368896</ele>
				<time>2026-07-13T13:05:47Z</time>
			</trkpt>
			<trkpt lat="48.772278" lon="-121.820915">
				<ele>3108.28125</ele>
				<time>2026-07-13T13:06:54Z</time>
			</trkpt>
			<trkpt lat="48.772305" lon="-121.820915">
				<ele>3108.534912</ele>
				<time>2026-07-13T13:08:22Z</time>
			</trkpt>
			<trkpt lat="48.772377" lon="-121.820953">
				<ele>3113.097412</ele>
				<time>2026-07-13T13:10:17Z</time>
			</trkpt>
			<trkpt lat="48.772419" lon="-121.82093">
				<ele>3117.057373</ele>
				<time>2026-07-13T13:10:40Z</time>
			</trkpt>
			<trkpt lat="48.772503" lon="-121.820663">
				<ele>3129.526855</ele>
				<time>2026-07-13T13:12:50Z</time>
			</trkpt>
			<trkpt lat="48.772724" lon="-121.820747">
				<ele>3141.388428</ele>
				<time>2026-07-13T13:15:04Z</time>
			</trkpt>
			<trkpt lat="48.772751" lon="-121.820747">
				<ele>3141.090088</ele>
				<time>2026-07-13T13:15:15Z</time>
			</trkpt>
			<trkpt lat="48.772903" lon="-121.820778">
				<ele>3150.565186</ele>
				<time>2026-07-13T13:16:57Z</time>
			</trkpt>
			<trkpt lat="48.772915" lon="-121.820732">
				<ele>3153.785156</ele>
				<time>2026-07-13T13:17:22Z</time>
			</trkpt>
			<trkpt lat="48.772953" lon="-121.820511">
				<ele>3162.335449</ele>
				<time>2026-07-13T13:18:45Z</time>
			</trkpt>
			<trkpt lat="48.772961" lon="-121.820412">
				<ele>3167.356201</ele>
				<time>2026-07-13T13:19:17Z</time>
			</trkpt>
			<trkpt lat="48.772976" lon="-121.820282">
				<ele>3171.130127</ele>
				<time>2026-07-13T13:20:02Z</time>
			</trkpt>
			<trkpt lat="48.772987" lon="-121.820061">
				<ele>3179.33667</ele>
				<time>2026-07-13T13:21:05Z</time>
			</trkpt>
			<trkpt lat="48.772972" lon="-121.819763">
				<ele>3187.062256</ele>
				<time>2026-07-13T13:22:35Z</time>
			</trkpt>
			<trkpt lat="48.772976" lon="-121.81971">
				<ele>3186.723389</ele>
				<time>2026-07-13T13:22:49Z</time>
			</trkpt>
			<trkpt lat="48.77298" lon="-121.819656">
				<ele>3188.090088</ele>
				<time>2026-07-13T13:23:00Z</time>
			</trkpt>
			<trkpt lat="48.77298" lon="-121.819611">
				<ele>3188.565186</ele>
				<time>2026-07-13T13:23:14Z</time>
			</trkpt>
			<trkpt lat="48.773022" lon="-121.819527">
				<ele>3191.382813</ele>
				<time>2026-07-13T13:23:51Z</time>
			</trkpt>
			<trkpt lat="48.773048" lon="-121.819496">
				<ele>3191.646729</ele>
				<time>2026-07-13T13:24:02Z</time>
			</trkpt>
			<trkpt lat="48.773067" lon="-121.819473">
				<ele>3193.696045</ele>
				<time>2026-07-13T13:24:18Z</time>
			</trkpt>
			<trkpt lat="48.773109" lon="-121.81945">
				<ele>3194.714111</ele>
				<time>2026-07-13T13:24:43Z</time>
			</trkpt>
			<trkpt lat="48.773266" lon="-121.81942">
				<ele>3205.02002</ele>
				<time>2026-07-13T13:26:58Z</time>
			</trkpt>
			<trkpt lat="48.773338" lon="-121.819389">
				<ele>3208.651123</ele>
				<time>2026-07-13T13:27:21Z</time>
			</trkpt>
			<trkpt lat="48.773384" lon="-121.819374">
				<ele>3210.278076</ele>
				<time>2026-07-13T13:27:39Z</time>
			</trkpt>
			<trkpt lat="48.773407" lon="-121.819359">
				<ele>3209.908447</ele>
				<time>2026-07-13T13:27:48Z</time>
			</trkpt>
			<trkpt lat="48.773582" lon="-121.819275">
				<ele>3217.523438</ele>
				<time>2026-07-13T13:29:16Z</time>
			</trkpt>
			<trkpt lat="48.773655" lon="-121.819252">
				<ele>3222.725098</ele>
				<time>2026-07-13T13:29:49Z</time>
			</trkpt>
			<trkpt lat="48.77372" lon="-121.819237">
				<ele>3226.156494</ele>
				<time>2026-07-13T13:30:14Z</time>
			</trkpt>
			<trkpt lat="48.77375" lon="-121.819237">
				<ele>3226.382324</ele>
				<time>2026-07-13T13:30:25Z</time>
			</trkpt>
			<trkpt lat="48.773777" lon="-121.819229">
				<ele>3227.743408</ele>
				<time>2026-07-13T13:30:38Z</time>
			</trkpt>
			<trkpt lat="48.773903" lon="-121.819168">
				<ele>3234.606689</ele>
				<time>2026-07-13T13:31:25Z</time>
			</trkpt>
			<trkpt lat="48.774017" lon="-121.819061">
				<ele>3238.098633</ele>
				<time>2026-07-13T13:32:01Z</time>
			</trkpt>
			<trkpt lat="48.774036" lon="-121.819038">
				<ele>3238.561523</ele>
				<time>2026-07-13T13:32:09Z</time>
			</trkpt>
			<trkpt lat="48.774059" lon="-121.819016">
				<ele>3238.42041</ele>
				<time>2026-07-13T13:32:15Z</time>
			</trkpt>
			<trkpt lat="48.774139" lon="-121.818939">
				<ele>3240.960449</ele>
				<time>2026-07-13T13:32:46Z</time>
			</trkpt>
			<trkpt lat="48.774323" lon="-121.818718">
				<ele>3246.328613</ele>
				<time>2026-07-13T13:33:53Z</time>
			</trkpt>
			<trkpt lat="48.774406" lon="-121.818626">
				<ele>3250.12085</ele>
				<time>2026-07-13T13:34:16Z</time>
			</trkpt>
			<trkpt lat="48.774429" lon="-121.818604">
				<ele>3250.086914</ele>
				<time>2026-07-13T13:34:23Z</time>
			</trkpt>
			<trkpt lat="48.774452" lon="-121.818581">
				<ele>3250.304199</ele>
				<time>2026-07-13T13:34:29Z</time>
			</trkpt>
			<trkpt lat="48.774502" lon="-121.818527">
				<ele>3251.736084</ele>
				<time>2026-07-13T13:34:44Z</time>
			</trkpt>
			<trkpt lat="48.774582" lon="-121.81842">
				<ele>3253.118408</ele>
				<time>2026-07-13T13:35:08Z</time>
			</trkpt>
			<trkpt lat="48.774601" lon="-121.818398">
				<ele>3253.955322</ele>
				<time>2026-07-13T13:35:14Z</time>
			</trkpt>
			<trkpt lat="48.774715" lon="-121.818306">
				<ele>3256.042236</ele>
				<time>2026-07-13T13:35:44Z</time>
			</trkpt>
			<trkpt lat="48.774738" lon="-121.818283">
				<ele>3255.978271</ele>
				<time>2026-07-13T13:35:50Z</time>
			</trkpt>
			<trkpt lat="48.774761" lon="-121.818268">
				<ele>3257.133057</ele>
				<time>2026-07-13T13:35:57Z</time>
			</trkpt>
			<trkpt lat="48.774784" lon="-121.818245">
				<ele>3257.388184</ele>
				<time>2026-07-13T13:36:03Z</time>
			</trkpt>
			<trkpt lat="48.774807" lon="-121.81823">
				<ele>3257.309082</ele>
				<time>2026-07-13T13:36:08Z</time>
			</trkpt>
			<trkpt lat="48.774853" lon="-121.818199">
				<ele>3258.22168</ele>
				<time>2026-07-13T13:36:18Z</time>
			</trkpt>
			<trkpt lat="48.774879" lon="-121.818184">
				<ele>3258.082031</ele>
				<time>2026-07-13T13:36:24Z</time>
			</trkpt>
			<trkpt lat="48.774967" lon="-121.818115">
				<ele>3260.878906</ele>
				<time>2026-07-13T13:36:46Z</time>
			</trkpt>
			<trkpt lat="48.775043" lon="-121.818054">
				<ele>3262.036865</ele>
				<time>2026-07-13T13:37:05Z</time>
			</trkpt>
			<trkpt lat="48.775112" lon="-121.817993">
				<ele>3262.705566</ele>
				<time>2026-07-13T13:37:22Z</time>
			</trkpt>
			<trkpt lat="48.775143" lon="-121.817963">
				<ele>3263.408936</ele>
				<time>2026-07-13T13:37:28Z</time>
			</trkpt>
			<trkpt lat="48.775173" lon="-121.81794">
				<ele>3263.53833</ele>
				<time>2026-07-13T13:37:35Z</time>
			</trkpt>
			<trkpt lat="48.7752" lon="-121.817909">
				<ele>3264.468018</ele>
				<time>2026-07-13T13:37:41Z</time>
			</trkpt>
			<trkpt lat="48.775249" lon="-121.817848">
				<ele>3265.16626</ele>
				<time>2026-07-13T13:37:54Z</time>
			</trkpt>
			<trkpt lat="48.775272" lon="-121.817818">
				<ele>3265.873779</ele>
				<time>2026-07-13T13:38:00Z</time>
			</trkpt>
			<trkpt lat="48.775299" lon="-121.817795">
				<ele>3265.556885</ele>
				<time>2026-07-13T13:38:09Z</time>
			</trkpt>
			<trkpt lat="48.775322" lon="-121.817772">
				<ele>3265.534424</ele>
				<time>2026-07-13T13:38:14Z</time>
			</trkpt>
			<trkpt lat="48.775383" lon="-121.81768">
				<ele>3266.290771</ele>
				<time>2026-07-13T13:38:29Z</time>
			</trkpt>
			<trkpt lat="48.77541" lon="-121.817657">
				<ele>3266.738037</ele>
				<time>2026-07-13T13:38:34Z</time>
			</trkpt>
			<trkpt lat="48.775429" lon="-121.817635">
				<ele>3266.773682</ele>
				<time>2026-07-13T13:38:39Z</time>
			</trkpt>
			<trkpt lat="48.775455" lon="-121.817612">
				<ele>3267.280518</ele>
				<time>2026-07-13T13:38:44Z</time>
			</trkpt>
			<trkpt lat="48.775475" lon="-121.817589">
				<ele>3266.785889</ele>
				<time>2026-07-13T13:38:49Z</time>
			</trkpt>
			<trkpt lat="48.775517" lon="-121.817528">
				<ele>3267.260986</ele>
				<time>2026-07-13T13:39:00Z</time>
			</trkpt>
			<trkpt lat="48.775536" lon="-121.817497">
				<ele>3267.192139</ele>
				<time>2026-07-13T13:39:05Z</time>
			</trkpt>
			<trkpt lat="48.775555" lon="-121.817467">
				<ele>3267.224365</ele>
				<time>2026-07-13T13:39:10Z</time>
			</trkpt>
			<trkpt lat="48.775574" lon="-121.817436">
				<ele>3267.982666</ele>
				<time>2026-07-13T13:39:15Z</time>
			</trkpt>
			<trkpt lat="48.7756" lon="-121.817406">
				<ele>3268.10376</ele>
				<time>2026-07-13T13:39:21Z</time>
			</trkpt>
			<trkpt lat="48.77562" lon="-121.817375">
				<ele>3268.049316</ele>
				<time>2026-07-13T13:39:26Z</time>
			</trkpt>
			<trkpt lat="48.775646" lon="-121.817352">
				<ele>3268.279541</ele>
				<time>2026-07-13T13:39:32Z</time>
			</trkpt>
			<trkpt lat="48.775669" lon="-121.817329">
				<ele>3267.542725</ele>
				<time>2026-07-13T13:39:39Z</time>
			</trkpt>
			<trkpt lat="48.775738" lon="-121.817253">
				<ele>3268.65918</ele>
				<time>2026-07-13T13:39:53Z</time>
			</trkpt>
			<trkpt lat="48.775761" lon="-121.817223">
				<ele>3268.742188</ele>
				<time>2026-07-13T13:39:58Z</time>
			</trkpt>
			<trkpt lat="48.775784" lon="-121.8172">
				<ele>3268.341797</ele>
				<time>2026-07-13T13:40:03Z</time>
			</trkpt>
			<trkpt lat="48.775803" lon="-121.817177">
				<ele>3268.243652</ele>
				<time>2026-07-13T13:40:08Z</time>
			</trkpt>
			<trkpt lat="48.775822" lon="-121.817154">
				<ele>3268.565186</ele>
				<time>2026-07-13T13:40:12Z</time>
			</trkpt>
			<trkpt lat="48.775845" lon="-121.817131">
				<ele>3268.6604</ele>
				<time>2026-07-13T13:40:17Z</time>
			</trkpt>
			<trkpt lat="48.775867" lon="-121.817108">
				<ele>3269.161621</ele>
				<time>2026-07-13T13:40:23Z</time>
			</trkpt>
			<trkpt lat="48.775913" lon="-121.817047">
				<ele>3268.841797</ele>
				<time>2026-07-13T13:40:33Z</time>
			</trkpt>
			<trkpt lat="48.775936" lon="-121.817024">
				<ele>3269.135498</ele>
				<time>2026-07-13T13:40:38Z</time>
			</trkpt>
			<trkpt lat="48.775959" lon="-121.816994">
				<ele>3268.682861</ele>
				<time>2026-07-13T13:40:43Z</time>
			</trkpt>
			<trkpt lat="48.776024" lon="-121.816902">
				<ele>3268.973877</ele>
				<time>2026-07-13T13:41:00Z</time>
			</trkpt>
			<trkpt lat="48.776047" lon="-121.816872">
				<ele>3268.891357</ele>
				<time>2026-07-13T13:41:04Z</time>
			</trkpt>
			<trkpt lat="48.776066" lon="-121.816841">
				<ele>3269.141113</ele>
				<time>2026-07-13T13:41:08Z</time>
			</trkpt>
			<trkpt lat="48.776089" lon="-121.816818">
				<ele>3269.201904</ele>
				<time>2026-07-13T13:41:13Z</time>
			</trkpt>
			<trkpt lat="48.776131" lon="-121.81675">
				<ele>3268.13623</ele>
				<time>2026-07-13T13:41:23Z</time>
			</trkpt>
			<trkpt lat="48.776146" lon="-121.816711">
				<ele>3267.927979</ele>
				<time>2026-07-13T13:41:28Z</time>
			</trkpt>
			<trkpt lat="48.776165" lon="-121.816681">
				<ele>3268.15625</ele>
				<time>2026-07-13T13:41:33Z</time>
			</trkpt>
			<trkpt lat="48.77618" lon="-121.81665">
				<ele>3267.999756</ele>
				<time>2026-07-13T13:41:37Z</time>
			</trkpt>
			<trkpt lat="48.776215" lon="-121.816574">
				<ele>3267.061768</ele>
				<time>2026-07-13T13:41:47Z</time>
			</trkpt>
			<trkpt lat="48.776234" lon="-121.816544">
				<ele>3266.868652</ele>
				<time>2026-07-13T13:41:51Z</time>
			</trkpt>
			<trkpt lat="48.776249" lon="-121.816521">
				<ele>3266.307373</ele>
				<time>2026-07-13T13:41:56Z</time>
			</trkpt>
			<trkpt lat="48.776264" lon="-121.81649">
				<ele>3266.578613</ele>
				<time>2026-07-13T13:42:00Z</time>
			</trkpt>
			<trkpt lat="48.776279" lon="-121.816452">
				<ele>3266.618164</ele>
				<time>2026-07-13T13:42:04Z</time>
			</trkpt>
			<trkpt lat="48.77631" lon="-121.816383">
				<ele>3265.965576</ele>
				<time>2026-07-13T13:42:14Z</time>
			</trkpt>
			<trkpt lat="48.776325" lon="-121.816353">
				<ele>3266.298584</ele>
				<time>2026-07-13T13:42:18Z</time>
			</trkpt>
			<trkpt lat="48.776337" lon="-121.816322">
				<ele>3266.365479</ele>
				<time>2026-07-13T13:42:22Z</time>
			</trkpt>
			<trkpt lat="48.776352" lon="-121.816292">
				<ele>3266.14209</ele>
				<time>2026-07-13T13:42:26Z</time>
			</trkpt>
			<trkpt lat="48.776379" lon="-121.816216">
				<ele>3266.658691</ele>
				<time>2026-07-13T13:42:34Z</time>
			</trkpt>
			<trkpt lat="48.77639" lon="-121.816185">
				<ele>3266.553955</ele>
				<time>2026-07-13T13:42:38Z</time>
			</trkpt>
			<trkpt lat="48.776402" lon="-121.816147">
				<ele>3266.675537</ele>
				<time>2026-07-13T13:42:42Z</time>
			</trkpt>
			<trkpt lat="48.776413" lon="-121.816116">
				<ele>3266.620117</ele>
				<time>2026-07-13T13:42:47Z</time>
			</trkpt>
			<trkpt lat="48.776424" lon="-121.816078">
				<ele>3266.669922</ele>
				<time>2026-07-13T13:42:52Z</time>
			</trkpt>
			<trkpt lat="48.776436" lon="-121.81604">
				<ele>3267.185791</ele>
				<time>2026-07-13T13:42:56Z</time>
			</trkpt>
			<trkpt lat="48.776447" lon="-121.81601">
				<ele>3267.164795</ele>
				<time>2026-07-13T13:42:59Z</time>
			</trkpt>
			<trkpt lat="48.776459" lon="-121.815971">
				<ele>3266.491943</ele>
				<time>2026-07-13T13:43:04Z</time>
			</trkpt>
			<trkpt lat="48.77647" lon="-121.815933">
				<ele>3266.565674</ele>
				<time>2026-07-13T13:43:09Z</time>
			</trkpt>
			<trkpt lat="48.776478" lon="-121.815895">
				<ele>3266.808594</ele>
				<time>2026-07-13T13:43:13Z</time>
			</trkpt>
			<trkpt lat="48.776489" lon="-121.815865">
				<ele>3266.825928</ele>
				<time>2026-07-13T13:43:17Z</time>
			</trkpt>
			<trkpt lat="48.776501" lon="-121.815834">
				<ele>3267.285156</ele>
				<time>2026-07-13T13:43:21Z</time>
			</trkpt>
			<trkpt lat="48.776524" lon="-121.815758">
				<ele>3266.793945</ele>
				<time>2026-07-13T13:43:31Z</time>
			</trkpt>
			<trkpt lat="48.776539" lon="-121.815666">
				<ele>3266.6604</ele>
				<time>2026-07-13T13:43:42Z</time>
			</trkpt>
			<trkpt lat="48.77655" lon="-121.815628">
				<ele>3266.419189</ele>
				<time>2026-07-13T13:43:47Z</time>
			</trkpt>
			<trkpt lat="48.776566" lon="-121.81559">
				<ele>3267.154785</ele>
				<time>2026-07-13T13:43:52Z</time>
			</trkpt>
			<trkpt lat="48.776577" lon="-121.815552">
				<ele>3266.744873</ele>
				<time>2026-07-13T13:43:57Z</time>
			</trkpt>
			<trkpt lat="48.776585" lon="-121.815521">
				<ele>3266.687012</ele>
				<time>2026-07-13T13:44:02Z</time>
			</trkpt>
			<trkpt lat="48.776608" lon="-121.815445">
				<ele>3267.176758</ele>
				<time>2026-07-13T13:44:12Z</time>
			</trkpt>
			<trkpt lat="48.776615" lon="-121.815407">
				<ele>3267.008301</ele>
				<time>2026-07-13T13:44:18Z</time>
			</trkpt>
			<trkpt lat="48.776615" lon="-121.815277">
				<ele>3268.176025</ele>
				<time>2026-07-13T13:44:38Z</time>
			</trkpt>
			<trkpt lat="48.776611" lon="-121.815201">
				<ele>3269.391357</ele>
				<time>2026-07-13T13:44:54Z</time>
			</trkpt>
			<trkpt lat="48.776604" lon="-121.815117">
				<ele>3272.617676</ele>
				<time>2026-07-13T13:45:11Z</time>
			</trkpt>
			<trkpt lat="48.776611" lon="-121.814972">
				<ele>3274.704346</ele>
				<time>2026-07-13T13:45:49Z</time>
			</trkpt>
			<trkpt lat="48.776619" lon="-121.814934">
				<ele>3275.844971</ele>
				<time>2026-07-13T13:45:58Z</time>
			</trkpt>
			<trkpt lat="48.776627" lon="-121.814896">
				<ele>3275.794189</ele>
				<time>2026-07-13T13:46:06Z</time>
			</trkpt>
			<trkpt lat="48.77663" lon="-121.814857">
				<ele>3276.378418</ele>
				<time>2026-07-13T13:46:14Z</time>
			</trkpt>
			<trkpt lat="48.77663" lon="-121.814789">
				<ele>3278.316406</ele>
				<time>2026-07-13T13:46:30Z</time>
			</trkpt>
			<trkpt lat="48.776646" lon="-121.814659">
				<ele>3283.293701</ele>
				<time>2026-07-13T13:46:56Z</time>
			</trkpt>
			<trkpt lat="48.776661" lon="-121.814621">
				<ele>3285.904297</ele>
				<time>2026-07-13T13:47:02Z</time>
			</trkpt>
			<trkpt lat="48.77668" lon="-121.81459">
				<ele>3285.613281</ele>
				<time>2026-07-13T13:47:07Z</time>
			</trkpt>
			<trkpt lat="48.776695" lon="-121.814552">
				<ele>3285.572754</ele>
				<time>2026-07-13T13:47:11Z</time>
			</trkpt>
			<trkpt lat="48.776699" lon="-121.814507">
				<ele>3284.313232</ele>
				<time>2026-07-13T13:52:32Z</time>
			</trkpt>
			<trkpt lat="48.776707" lon="-121.814545">
				<ele>3284.788574</ele>
				<time>2026-07-13T13:55:51Z</time>
			</trkpt>
			<trkpt lat="48.776676" lon="-121.81456">
				<ele>3285.27124</ele>
				<time>2026-07-13T13:57:55Z</time>
			</trkpt>
			<trkpt lat="48.776688" lon="-121.814522">
				<ele>3284.940918</ele>
				<time>2026-07-13T13:58:35Z</time>
			</trkpt>
			<trkpt lat="48.776691" lon="-121.81456">
				<ele>3285.988037</ele>
				<time>2026-07-13T14:01:48Z</time>
			</trkpt>
			<trkpt lat="48.776711" lon="-121.814529">
				<ele>3285.356689</ele>
				<time>2026-07-13T14:02:08Z</time>
			</trkpt>
			<trkpt lat="48.776691" lon="-121.814552">
				<ele>3285.592285</ele>
				<time>2026-07-13T14:03:25Z</time>
			</trkpt>
			<trkpt lat="48.77668" lon="-121.814598">
				<ele>3286.92749</ele>
				<time>2026-07-13T14:10:28Z</time>
			</trkpt>
			<trkpt lat="48.776638" lon="-121.81469">
				<ele>3284.022949</ele>
				<time>2026-07-13T14:10:43Z</time>
			</trkpt>
			<trkpt lat="48.776634" lon="-121.814857">
				<ele>3278.628418</ele>
				<time>2026-07-13T14:11:06Z</time>
			</trkpt>
			<trkpt lat="48.776634" lon="-121.814926">
				<ele>3277.404785</ele>
				<time>2026-07-13T14:11:12Z</time>
			</trkpt>
			<trkpt lat="48.776627" lon="-121.815102">
				<ele>3272.231689</ele>
				<time>2026-07-13T14:11:27Z</time>
			</trkpt>
			<trkpt lat="48.77663" lon="-121.815132">
				<ele>3272.211182</ele>
				<time>2026-07-13T14:11:30Z</time>
			</trkpt>
			<trkpt lat="48.77663" lon="-121.815315">
				<ele>3269.561279</ele>
				<time>2026-07-13T14:11:46Z</time>
			</trkpt>
			<trkpt lat="48.776634" lon="-121.815346">
				<ele>3270.489014</ele>
				<time>2026-07-13T14:11:49Z</time>
			</trkpt>
			<trkpt lat="48.77663" lon="-121.815422">
				<ele>3268.664307</ele>
				<time>2026-07-13T14:11:55Z</time>
			</trkpt>
			<trkpt lat="48.776619" lon="-121.815453">
				<ele>3268.987793</ele>
				<time>2026-07-13T14:11:58Z</time>
			</trkpt>
			<trkpt lat="48.7766" lon="-121.815514">
				<ele>3268.831299</ele>
				<time>2026-07-13T14:12:04Z</time>
			</trkpt>
			<trkpt lat="48.776577" lon="-121.815582">
				<ele>3268.411865</ele>
				<time>2026-07-13T14:12:09Z</time>
			</trkpt>
			<trkpt lat="48.776566" lon="-121.815613">
				<ele>3267.897461</ele>
				<time>2026-07-13T14:12:12Z</time>
			</trkpt>
			<trkpt lat="48.776558" lon="-121.815643">
				<ele>3268.051025</ele>
				<time>2026-07-13T14:12:16Z</time>
			</trkpt>
			<trkpt lat="48.776546" lon="-121.815681">
				<ele>3267.66626</ele>
				<time>2026-07-13T14:12:21Z</time>
			</trkpt>
			<trkpt lat="48.776535" lon="-121.81572">
				<ele>3267.873535</ele>
				<time>2026-07-13T14:12:25Z</time>
			</trkpt>
			<trkpt lat="48.776516" lon="-121.815781">
				<ele>3267.115479</ele>
				<time>2026-07-13T14:12:33Z</time>
			</trkpt>
			<trkpt lat="48.776516" lon="-121.815819">
				<ele>3267.769531</ele>
				<time>2026-07-13T14:12:36Z</time>
			</trkpt>
			<trkpt lat="48.776501" lon="-121.815842">
				<ele>3266.783691</ele>
				<time>2026-07-13T14:12:39Z</time>
			</trkpt>
			<trkpt lat="48.776501" lon="-121.81588">
				<ele>3267.77002</ele>
				<time>2026-07-13T14:12:43Z</time>
			</trkpt>
			<trkpt lat="48.776478" lon="-121.815956">
				<ele>3266.890625</ele>
				<time>2026-07-13T14:12:52Z</time>
			</trkpt>
			<trkpt lat="48.776463" lon="-121.815994">
				<ele>3267.019043</ele>
				<time>2026-07-13T14:12:56Z</time>
			</trkpt>
			<trkpt lat="48.776451" lon="-121.816025">
				<ele>3267.000488</ele>
				<time>2026-07-13T14:13:00Z</time>
			</trkpt>
			<trkpt lat="48.776443" lon="-121.816063">
				<ele>3267.139648</ele>
				<time>2026-07-13T14:13:04Z</time>
			</trkpt>
			<trkpt lat="48.776432" lon="-121.816093">
				<ele>3266.484131</ele>
				<time>2026-07-13T14:13:36Z</time>
			</trkpt>
			<trkpt lat="48.776409" lon="-121.816101">
				<ele>3266.465088</ele>
				<time>2026-07-13T14:22:27Z</time>
			</trkpt>
			<trkpt lat="48.776402" lon="-121.816132">
				<ele>3266.672852</ele>
				<time>2026-07-13T14:22:30Z</time>
			</trkpt>
			<trkpt lat="48.776386" lon="-121.81617">
				<ele>3266.112549</ele>
				<time>2026-07-13T14:22:33Z</time>
			</trkpt>
			<trkpt lat="48.77634" lon="-121.816299">
				<ele>3267.679443</ele>
				<time>2026-07-13T14:22:47Z</time>
			</trkpt>
			<trkpt lat="48.776314" lon="-121.81636">
				<ele>3267.454346</ele>
				<time>2026-07-13T14:22:53Z</time>
			</trkpt>
			<trkpt lat="48.776295" lon="-121.816391">
				<ele>3267.04126</ele>
				<time>2026-07-13T14:22:57Z</time>
			</trkpt>
			<trkpt lat="48.776283" lon="-121.816429">
				<ele>3267.1875</ele>
				<time>2026-07-13T14:23:00Z</time>
			</trkpt>
			<trkpt lat="48.776276" lon="-121.816467">
				<ele>3267.873535</ele>
				<time>2026-07-13T14:23:03Z</time>
			</trkpt>
			<trkpt lat="48.776257" lon="-121.816498">
				<ele>3267.015381</ele>
				<time>2026-07-13T14:23:09Z</time>
			</trkpt>
			<trkpt lat="48.776245" lon="-121.816528">
				<ele>3266.823242</ele>
				<time>2026-07-13T14:23:12Z</time>
			</trkpt>
			<trkpt lat="48.776226" lon="-121.816566">
				<ele>3267.627197</ele>
				<time>2026-07-13T14:23:16Z</time>
			</trkpt>
			<trkpt lat="48.77618" lon="-121.816658">
				<ele>3268.341309</ele>
				<time>2026-07-13T14:23:26Z</time>
			</trkpt>
			<trkpt lat="48.776161" lon="-121.816689">
				<ele>3268.167236</ele>
				<time>2026-07-13T14:23:29Z</time>
			</trkpt>
			<trkpt lat="48.776127" lon="-121.816742">
				<ele>3269.248779</ele>
				<time>2026-07-13T14:23:37Z</time>
			</trkpt>
			<trkpt lat="48.776104" lon="-121.81678">
				<ele>3269.419189</ele>
				<time>2026-07-13T14:23:40Z</time>
			</trkpt>
			<trkpt lat="48.776085" lon="-121.816811">
				<ele>3269.390381</ele>
				<time>2026-07-13T14:23:44Z</time>
			</trkpt>
			<trkpt lat="48.776047" lon="-121.816864">
				<ele>3269.734619</ele>
				<time>2026-07-13T14:23:51Z</time>
			</trkpt>
			<trkpt lat="48.776024" lon="-121.816895">
				<ele>3268.912109</ele>
				<time>2026-07-13T14:23:56Z</time>
			</trkpt>
			<trkpt lat="48.776005" lon="-121.816925">
				<ele>3268.718262</ele>
				<time>2026-07-13T14:24:00Z</time>
			</trkpt>
			<trkpt lat="48.775982" lon="-121.816956">
				<ele>3269.052002</ele>
				<time>2026-07-13T14:24:04Z</time>
			</trkpt>
			<trkpt lat="48.775959" lon="-121.816986">
				<ele>3268.835205</ele>
				<time>2026-07-13T14:24:09Z</time>
			</trkpt>
			<trkpt lat="48.775928" lon="-121.817009">
				<ele>3267.847168</ele>
				<time>2026-07-13T14:24:13Z</time>
			</trkpt>
			<trkpt lat="48.77589" lon="-121.817062">
				<ele>3269.108154</ele>
				<time>2026-07-13T14:24:20Z</time>
			</trkpt>
			<trkpt lat="48.775871" lon="-121.817093">
				<ele>3268.894043</ele>
				<time>2026-07-13T14:24:24Z</time>
			</trkpt>
			<trkpt lat="48.775848" lon="-121.817116">
				<ele>3269.03125</ele>
				<time>2026-07-13T14:24:28Z</time>
			</trkpt>
			<trkpt lat="48.775829" lon="-121.817146">
				<ele>3269.820557</ele>
				<time>2026-07-13T14:24:32Z</time>
			</trkpt>
			<trkpt lat="48.775806" lon="-121.817162">
				<ele>3269.454834</ele>
				<time>2026-07-13T14:24:36Z</time>
			</trkpt>
			<trkpt lat="48.775745" lon="-121.817253">
				<ele>3270.784424</ele>
				<time>2026-07-13T14:24:48Z</time>
			</trkpt>
			<trkpt lat="48.775719" lon="-121.817276">
				<ele>3269.438965</ele>
				<time>2026-07-13T14:24:53Z</time>
			</trkpt>
			<trkpt lat="48.775696" lon="-121.817299">
				<ele>3269.26709</ele>
				<time>2026-07-13T14:24:57Z</time>
			</trkpt>
			<trkpt lat="48.775673" lon="-121.817329">
				<ele>3269.296631</ele>
				<time>2026-07-13T14:25:00Z</time>
			</trkpt>
			<trkpt lat="48.77565" lon="-121.817352">
				<ele>3268.973633</ele>
				<time>2026-07-13T14:25:04Z</time>
			</trkpt>
			<trkpt lat="48.775627" lon="-121.817375">
				<ele>3268.952637</ele>
				<time>2026-07-13T14:25:07Z</time>
			</trkpt>
			<trkpt lat="48.775558" lon="-121.817451">
				<ele>3268.500732</ele>
				<time>2026-07-13T14:25:20Z</time>
			</trkpt>
			<trkpt lat="48.775543" lon="-121.817474">
				<ele>3268.929199</ele>
				<time>2026-07-13T14:25:24Z</time>
			</trkpt>
			<trkpt lat="48.77552" lon="-121.817505">
				<ele>3269.04541</ele>
				<time>2026-07-13T14:25:28Z</time>
			</trkpt>
			<trkpt lat="48.775501" lon="-121.817543">
				<ele>3268.046387</ele>
				<time>2026-07-13T14:25:33Z</time>
			</trkpt>
			<trkpt lat="48.775455" lon="-121.817589">
				<ele>3267.576904</ele>
				<time>2026-07-13T14:25:41Z</time>
			</trkpt>
			<trkpt lat="48.775433" lon="-121.817619">
				<ele>3266.97876</ele>
				<time>2026-07-13T14:25:45Z</time>
			</trkpt>
			<trkpt lat="48.77541" lon="-121.817642">
				<ele>3267.746826</ele>
				<time>2026-07-13T14:25:49Z</time>
			</trkpt>
			<trkpt lat="48.775364" lon="-121.817688">
				<ele>3266.669189</ele>
				<time>2026-07-13T14:25:57Z</time>
			</trkpt>
			<trkpt lat="48.775345" lon="-121.817719">
				<ele>3267.253906</ele>
				<time>2026-07-13T14:26:02Z</time>
			</trkpt>
			<trkpt lat="48.775311" lon="-121.817764">
				<ele>3267.443604</ele>
				<time>2026-07-13T14:26:09Z</time>
			</trkpt>
			<trkpt lat="48.775291" lon="-121.817787">
				<ele>3266.810303</ele>
				<time>2026-07-13T14:26:13Z</time>
			</trkpt>
			<trkpt lat="48.775269" lon="-121.81781">
				<ele>3266.880127</ele>
				<time>2026-07-13T14:26:16Z</time>
			</trkpt>
			<trkpt lat="48.775249" lon="-121.817833">
				<ele>3266.694336</ele>
				<time>2026-07-13T14:26:20Z</time>
			</trkpt>
			<trkpt lat="48.775223" lon="-121.817863">
				<ele>3265.918945</ele>
				<time>2026-07-13T14:26:24Z</time>
			</trkpt>
			<trkpt lat="48.775177" lon="-121.817909">
				<ele>3265.945313</ele>
				<time>2026-07-13T14:26:33Z</time>
			</trkpt>
			<trkpt lat="48.775135" lon="-121.817963">
				<ele>3264.735352</ele>
				<time>2026-07-13T14:26:41Z</time>
			</trkpt>
			<trkpt lat="48.775112" lon="-121.817978">
				<ele>3265.078613</ele>
				<time>2026-07-13T14:26:45Z</time>
			</trkpt>
			<trkpt lat="48.775059" lon="-121.818016">
				<ele>3263.927246</ele>
				<time>2026-07-13T14:26:53Z</time>
			</trkpt>
			<trkpt lat="48.77504" lon="-121.818039">
				<ele>3262.75708</ele>
				<time>2026-07-13T14:26:57Z</time>
			</trkpt>
			<trkpt lat="48.775017" lon="-121.818054">
				<ele>3262.996338</ele>
				<time>2026-07-13T14:27:01Z</time>
			</trkpt>
			<trkpt lat="48.774994" lon="-121.818077">
				<ele>3261.993408</ele>
				<time>2026-07-13T14:27:06Z</time>
			</trkpt>
			<trkpt lat="48.774948" lon="-121.818123">
				<ele>3261.02417</ele>
				<time>2026-07-13T14:27:13Z</time>
			</trkpt>
			<trkpt lat="48.774921" lon="-121.81813">
				<ele>3259.950684</ele>
				<time>2026-07-13T14:27:19Z</time>
			</trkpt>
			<trkpt lat="48.774899" lon="-121.818161">
				<ele>3260.35376</ele>
				<time>2026-07-13T14:27:24Z</time>
			</trkpt>
			<trkpt lat="48.774879" lon="-121.818176">
				<ele>3260.005371</ele>
				<time>2026-07-13T14:27:27Z</time>
			</trkpt>
			<trkpt lat="48.774853" lon="-121.818184">
				<ele>3260.479004</ele>
				<time>2026-07-13T14:27:31Z</time>
			</trkpt>
			<trkpt lat="48.77483" lon="-121.818207">
				<ele>3260.36792</ele>
				<time>2026-07-13T14:27:35Z</time>
			</trkpt>
			<trkpt lat="48.774807" lon="-121.818214">
				<ele>3259.244873</ele>
				<time>2026-07-13T14:27:39Z</time>
			</trkpt>
			<trkpt lat="48.77478" lon="-121.818237">
				<ele>3259.10083</ele>
				<time>2026-07-13T14:27:43Z</time>
			</trkpt>
			<trkpt lat="48.774757" lon="-121.818253">
				<ele>3258.595947</ele>
				<time>2026-07-13T14:27:47Z</time>
			</trkpt>
			<trkpt lat="48.774734" lon="-121.818275">
				<ele>3258.517578</ele>
				<time>2026-07-13T14:27:51Z</time>
			</trkpt>
			<trkpt lat="48.774708" lon="-121.818298">
				<ele>3258.056641</ele>
				<time>2026-07-13T14:27:54Z</time>
			</trkpt>
			<trkpt lat="48.774651" lon="-121.818344">
				<ele>3256.150146</ele>
				<time>2026-07-13T14:28:04Z</time>
			</trkpt>
			<trkpt lat="48.774635" lon="-121.818367">
				<ele>3256.247314</ele>
				<time>2026-07-13T14:28:08Z</time>
			</trkpt>
			<trkpt lat="48.774593" lon="-121.818405">
				<ele>3254.418701</ele>
				<time>2026-07-13T14:28:16Z</time>
			</trkpt>
			<trkpt lat="48.774578" lon="-121.818428">
				<ele>3254.851807</ele>
				<time>2026-07-13T14:28:21Z</time>
			</trkpt>
			<trkpt lat="48.774532" lon="-121.818481">
				<ele>3254.47583</ele>
				<time>2026-07-13T14:28:30Z</time>
			</trkpt>
			<trkpt lat="48.774494" lon="-121.818527">
				<ele>3253.641846</ele>
				<time>2026-07-13T14:28:38Z</time>
			</trkpt>
			<trkpt lat="48.774437" lon="-121.818581">
				<ele>3250.381592</ele>
				<time>2026-07-13T14:28:49Z</time>
			</trkpt>
			<trkpt lat="48.774414" lon="-121.818604">
				<ele>3250.007324</ele>
				<time>2026-07-13T14:28:54Z</time>
			</trkpt>
			<trkpt lat="48.774372" lon="-121.818649">
				<ele>3250.463135</ele>
				<time>2026-07-13T14:29:04Z</time>
			</trkpt>
			<trkpt lat="48.774307" lon="-121.818726">
				<ele>3248.002441</ele>
				<time>2026-07-13T14:29:17Z</time>
			</trkpt>
			<trkpt lat="48.774265" lon="-121.818756">
				<ele>3247.406006</ele>
				<time>2026-07-13T14:29:24Z</time>
			</trkpt>
			<trkpt lat="48.774231" lon="-121.818817">
				<ele>3245.131836</ele>
				<time>2026-07-13T14:29:33Z</time>
			</trkpt>
			<trkpt lat="48.774216" lon="-121.818848">
				<ele>3245.440674</ele>
				<time>2026-07-13T14:29:37Z</time>
			</trkpt>
			<trkpt lat="48.774197" lon="-121.818878">
				<ele>3243.833984</ele>
				<time>2026-07-13T14:29:42Z</time>
			</trkpt>
			<trkpt lat="48.774178" lon="-121.818901">
				<ele>3243.847656</ele>
				<time>2026-07-13T14:29:45Z</time>
			</trkpt>
			<trkpt lat="48.774158" lon="-121.818916">
				<ele>3243.492676</ele>
				<time>2026-07-13T14:29:49Z</time>
			</trkpt>
			<trkpt lat="48.774143" lon="-121.818947">
				<ele>3243.443115</ele>
				<time>2026-07-13T14:29:53Z</time>
			</trkpt>
			<trkpt lat="48.773972" lon="-121.819092">
				<ele>3236.230469</ele>
				<time>2026-07-13T14:30:30Z</time>
			</trkpt>
			<trkpt lat="48.773949" lon="-121.819107">
				<ele>3235.832275</ele>
				<time>2026-07-13T14:30:34Z</time>
			</trkpt>
			<trkpt lat="48.773933" lon="-121.81913">
				<ele>3236.003418</ele>
				<time>2026-07-13T14:30:39Z</time>
			</trkpt>
			<trkpt lat="48.773911" lon="-121.819145">
				<ele>3235.780762</ele>
				<time>2026-07-13T14:30:44Z</time>
			</trkpt>
			<trkpt lat="48.773838" lon="-121.819199">
				<ele>3233.607422</ele>
				<time>2026-07-13T14:31:03Z</time>
			</trkpt>
			<trkpt lat="48.773739" lon="-121.819237">
				<ele>3230.232178</ele>
				<time>2026-07-13T14:31:27Z</time>
			</trkpt>
			<trkpt lat="48.773685" lon="-121.819237">
				<ele>3225.604248</ele>
				<time>2026-07-13T14:31:42Z</time>
			</trkpt>
			<trkpt lat="48.773609" lon="-121.819252">
				<ele>3223.773682</ele>
				<time>2026-07-13T14:31:58Z</time>
			</trkpt>
			<trkpt lat="48.773392" lon="-121.819344">
				<ele>3211.962158</ele>
				<time>2026-07-13T14:32:51Z</time>
			</trkpt>
			<trkpt lat="48.773323" lon="-121.819397">
				<ele>3209.896484</ele>
				<time>2026-07-13T14:33:05Z</time>
			</trkpt>
			<trkpt lat="48.773136" lon="-121.81945">
				<ele>3200.215332</ele>
				<time>2026-07-13T14:33:56Z</time>
			</trkpt>
			<trkpt lat="48.773064" lon="-121.819466">
				<ele>3198.409912</ele>
				<time>2026-07-13T14:34:18Z</time>
			</trkpt>
			<trkpt lat="48.772999" lon="-121.819565">
				<ele>3192.749268</ele>
				<time>2026-07-13T14:34:45Z</time>
			</trkpt>
			<trkpt lat="48.772987" lon="-121.819633">
				<ele>3192.433838</ele>
				<time>2026-07-13T14:34:55Z</time>
			</trkpt>
			<trkpt lat="48.772987" lon="-121.81974">
				<ele>3186.245361</ele>
				<time>2026-07-13T14:35:14Z</time>
			</trkpt>
			<trkpt lat="48.772995" lon="-121.819809">
				<ele>3184.09668</ele>
				<time>2026-07-13T14:35:25Z</time>
			</trkpt>
			<trkpt lat="48.773003" lon="-121.819847">
				<ele>3184.885742</ele>
				<time>2026-07-13T14:35:32Z</time>
			</trkpt>
			<trkpt lat="48.77301" lon="-121.819878">
				<ele>3183.448975</ele>
				<time>2026-07-13T14:35:38Z</time>
			</trkpt>
			<trkpt lat="48.773006" lon="-121.820099">
				<ele>3180.031006</ele>
				<time>2026-07-13T14:36:12Z</time>
			</trkpt>
			<trkpt lat="48.773003" lon="-121.820175">
				<ele>3177.999023</ele>
				<time>2026-07-13T14:36:26Z</time>
			</trkpt>
			<trkpt lat="48.772984" lon="-121.820259">
				<ele>3173.958252</ele>
				<time>2026-07-13T14:36:42Z</time>
			</trkpt>
			<trkpt lat="48.772987" lon="-121.820305">
				<ele>3173.659912</ele>
				<time>2026-07-13T14:36:48Z</time>
			</trkpt>
			<trkpt lat="48.772984" lon="-121.820351">
				<ele>3171.290527</ele>
				<time>2026-07-13T14:36:57Z</time>
			</trkpt>
			<trkpt lat="48.77298" lon="-121.820389">
				<ele>3171.077393</ele>
				<time>2026-07-13T14:37:04Z</time>
			</trkpt>
			<trkpt lat="48.772964" lon="-121.820457">
				<ele>3167.360352</ele>
				<time>2026-07-13T14:37:17Z</time>
			</trkpt>
			<trkpt lat="48.772964" lon="-121.820526">
				<ele>3165.654053</ele>
				<time>2026-07-13T14:37:30Z</time>
			</trkpt>
			<trkpt lat="48.7729" lon="-121.820755">
				<ele>3155.354004</ele>
				<time>2026-07-13T14:39:04Z</time>
			</trkpt>
			<trkpt lat="48.772846" lon="-121.820778">
				<ele>3151.99585</ele>
				<time>2026-07-13T14:39:28Z</time>
			</trkpt>
			<trkpt lat="48.772659" lon="-121.820724">
				<ele>3142.110352</ele>
				<time>2026-07-13T14:40:39Z</time>
			</trkpt>
			<trkpt lat="48.77264" lon="-121.820709">
				<ele>3142.40625</ele>
				<time>2026-07-13T14:42:03Z</time>
			</trkpt>
			<trkpt lat="48.772491" lon="-121.820663">
				<ele>3133.051758</ele>
				<time>2026-07-13T14:43:13Z</time>
			</trkpt>
			<trkpt lat="48.772484" lon="-121.820694">
				<ele>3132.609619</ele>
				<time>2026-07-13T14:43:21Z</time>
			</trkpt>
			<trkpt lat="48.772461" lon="-121.820793">
				<ele>3127.476074</ele>
				<time>2026-07-13T14:43:41Z</time>
			</trkpt>
			<trkpt lat="48.772457" lon="-121.820824">
				<ele>3128.291016</ele>
				<time>2026-07-13T14:43:47Z</time>
			</trkpt>
			<trkpt lat="48.772438" lon="-121.820915">
				<ele>3124.049561</ele>
				<time>2026-07-13T14:44:27Z</time>
			</trkpt>
			<trkpt lat="48.772396" lon="-121.820969">
				<ele>3119.389893</ele>
				<time>2026-07-13T14:44:54Z</time>
			</trkpt>
			<trkpt lat="48.772133" lon="-121.820847">
				<ele>3104.577393</ele>
				<time>2026-07-13T14:46:15Z</time>
			</trkpt>
			<trkpt lat="48.771816" lon="-121.820686">
				<ele>3089.784912</ele>
				<time>2026-07-13T14:48:11Z</time>
			</trkpt>
			<trkpt lat="48.771778" lon="-121.820808">
				<ele>3085.101563</ele>
				<time>2026-07-13T14:48:36Z</time>
			</trkpt>
			<trkpt lat="48.771778" lon="-121.820839">
				<ele>3084.352783</ele>
				<time>2026-07-13T14:48:39Z</time>
			</trkpt>
			<trkpt lat="48.77177" lon="-121.820877">
				<ele>3084.346436</ele>
				<time>2026-07-13T14:48:46Z</time>
			</trkpt>
			<trkpt lat="48.771763" lon="-121.820915">
				<ele>3080.927246</ele>
				<time>2026-07-13T14:48:53Z</time>
			</trkpt>
			<trkpt lat="48.771748" lon="-121.820976">
				<ele>3080.033936</ele>
				<time>2026-07-13T14:49:05Z</time>
			</trkpt>
			<trkpt lat="48.771713" lon="-121.821068">
				<ele>3074.879395</ele>
				<time>2026-07-13T14:49:26Z</time>
			</trkpt>
			<trkpt lat="48.771702" lon="-121.821098">
				<ele>3074.796875</ele>
				<time>2026-07-13T14:49:33Z</time>
			</trkpt>
			<trkpt lat="48.77169" lon="-121.821144">
				<ele>3074.301758</ele>
				<time>2026-07-13T14:49:39Z</time>
			</trkpt>
			<trkpt lat="48.771648" lon="-121.821114">
				<ele>3070.194092</ele>
				<time>2026-07-13T14:49:49Z</time>
			</trkpt>
			<trkpt lat="48.771553" lon="-121.821098">
				<ele>3064.86792</ele>
				<time>2026-07-13T14:52:38Z</time>
			</trkpt>
			<trkpt lat="48.77145" lon="-121.821106">
				<ele>3061.698242</ele>
				<time>2026-07-13T14:53:03Z</time>
			</trkpt>
			<trkpt lat="48.7714" lon="-121.821114">
				<ele>3057.90332</ele>
				<time>2026-07-13T14:53:15Z</time>
			</trkpt>
			<trkpt lat="48.771347" lon="-121.821114">
				<ele>3056.365234</ele>
				<time>2026-07-13T14:53:31Z</time>
			</trkpt>
			<trkpt lat="48.771324" lon="-121.821129">
				<ele>3056.239014</ele>
				<time>2026-07-13T14:53:37Z</time>
			</trkpt>
			<trkpt lat="48.771252" lon="-121.821136">
				<ele>3052.508789</ele>
				<time>2026-07-13T14:53:54Z</time>
			</trkpt>
			<trkpt lat="48.771229" lon="-121.821136">
				<ele>3052.625</ele>
				<time>2026-07-13T14:53:59Z</time>
			</trkpt>
			<trkpt lat="48.771053" lon="-121.821175">
				<ele>3043.316406</ele>
				<time>2026-07-13T14:54:45Z</time>
			</trkpt>
			<trkpt lat="48.771027" lon="-121.821159">
				<ele>3041.224854</ele>
				<time>2026-07-13T14:54:53Z</time>
			</trkpt>
			<trkpt lat="48.770908" lon="-121.821167">
				<ele>3037.281738</ele>
				<time>2026-07-13T14:55:26Z</time>
			</trkpt>
			<trkpt lat="48.770767" lon="-121.821205">
				<ele>3029.500244</ele>
				<time>2026-07-13T14:56:15Z</time>
			</trkpt>
			<trkpt lat="48.770718" lon="-121.82122">
				<ele>3028.489746</ele>
				<time>2026-07-13T14:56:32Z</time>
			</trkpt>
			<trkpt lat="48.770546" lon="-121.821281">
				<ele>3017.151855</ele>
				<time>2026-07-13T14:57:34Z</time>
			</trkpt>
			<trkpt lat="48.770523" lon="-121.821297">
				<ele>3013.701904</ele>
				<time>2026-07-13T14:57:53Z</time>
			</trkpt>
			<trkpt lat="48.770447" lon="-121.821297">
				<ele>3009.920654</ele>
				<time>2026-07-13T14:58:24Z</time>
			</trkpt>
			<trkpt lat="48.770401" lon="-121.821266">
				<ele>3006.615234</ele>
				<time>2026-07-13T14:58:35Z</time>
			</trkpt>
			<trkpt lat="48.770378" lon="-121.821243">
				<ele>3006.108154</ele>
				<time>2026-07-13T14:58:43Z</time>
			</trkpt>
			<trkpt lat="48.77029" lon="-121.821175">
				<ele>3002.364746</ele>
				<time>2026-07-13T14:59:11Z</time>
			</trkpt>
			<trkpt lat="48.770271" lon="-121.821152">
				<ele>3002.481445</ele>
				<time>2026-07-13T15:00:22Z</time>
			</trkpt>
			<trkpt lat="48.770252" lon="-121.821129">
				<ele>3002.147705</ele>
				<time>2026-07-13T15:00:27Z</time>
			</trkpt>
			<trkpt lat="48.770164" lon="-121.821022">
				<ele>2997.218018</ele>
				<time>2026-07-13T15:01:10Z</time>
			</trkpt>
			<trkpt lat="48.770149" lon="-121.820992">
				<ele>2997.0979</ele>
				<time>2026-07-13T15:01:23Z</time>
			</trkpt>
			<trkpt lat="48.77013" lon="-121.820976">
				<ele>2995.87085</ele>
				<time>2026-07-13T15:01:31Z</time>
			</trkpt>
			<trkpt lat="48.770111" lon="-121.820946">
				<ele>2995.979004</ele>
				<time>2026-07-13T15:01:36Z</time>
			</trkpt>
			<trkpt lat="48.770073" lon="-121.820915">
				<ele>2994.20166</ele>
				<time>2026-07-13T15:01:56Z</time>
			</trkpt>
			<trkpt lat="48.770054" lon="-121.8209">
				<ele>2994.134277</ele>
				<time>2026-07-13T15:02:01Z</time>
			</trkpt>
			<trkpt lat="48.770016" lon="-121.820847">
				<ele>2992.470459</ele>
				<time>2026-07-13T15:02:12Z</time>
			</trkpt>
			<trkpt lat="48.769951" lon="-121.820801">
				<ele>2988.61084</ele>
				<time>2026-07-13T15:02:26Z</time>
			</trkpt>
			<trkpt lat="48.769917" lon="-121.82074">
				<ele>2986.770264</ele>
				<time>2026-07-13T15:02:37Z</time>
			</trkpt>
			<trkpt lat="48.769878" lon="-121.820686">
				<ele>2986.631348</ele>
				<time>2026-07-13T15:02:48Z</time>
			</trkpt>
			<trkpt lat="48.769859" lon="-121.820663">
				<ele>2986.471191</ele>
				<time>2026-07-13T15:02:54Z</time>
			</trkpt>
			<trkpt lat="48.769657" lon="-121.820457">
				<ele>2977.968506</ele>
				<time>2026-07-13T15:03:40Z</time>
			</trkpt>
			<trkpt lat="48.769634" lon="-121.820427">
				<ele>2978.459473</ele>
				<time>2026-07-13T15:03:46Z</time>
			</trkpt>
			<trkpt lat="48.769516" lon="-121.820305">
				<ele>2974.223877</ele>
				<time>2026-07-13T15:04:08Z</time>
			</trkpt>
			<trkpt lat="48.769493" lon="-121.820282">
				<ele>2974.008545</ele>
				<time>2026-07-13T15:04:12Z</time>
			</trkpt>
			<trkpt lat="48.769474" lon="-121.820251">
				<ele>2974.403076</ele>
				<time>2026-07-13T15:04:17Z</time>
			</trkpt>
			<trkpt lat="48.769455" lon="-121.820229">
				<ele>2974.0271</ele>
				<time>2026-07-13T15:04:21Z</time>
			</trkpt>
			<trkpt lat="48.769432" lon="-121.820198">
				<ele>2974.029297</ele>
				<time>2026-07-13T15:04:25Z</time>
			</trkpt>
			<trkpt lat="48.769413" lon="-121.820175">
				<ele>2973.852783</ele>
				<time>2026-07-13T15:04:29Z</time>
			</trkpt>
			<trkpt lat="48.769356" lon="-121.820091">
				<ele>2971.507568</ele>
				<time>2026-07-13T15:04:41Z</time>
			</trkpt>
			<trkpt lat="48.769337" lon="-121.820061">
				<ele>2971.639648</ele>
				<time>2026-07-13T15:04:46Z</time>
			</trkpt>
			<trkpt lat="48.769318" lon="-121.82003">
				<ele>2970.851563</ele>
				<time>2026-07-13T15:04:50Z</time>
			</trkpt>
			<trkpt lat="48.769291" lon="-121.82">
				<ele>2970.963379</ele>
				<time>2026-07-13T15:04:56Z</time>
			</trkpt>
			<trkpt lat="48.769264" lon="-121.819977">
				<ele>2969.595215</ele>
				<time>2026-07-13T15:05:01Z</time>
			</trkpt>
			<trkpt lat="48.76918" lon="-121.820007">
				<ele>2966.437256</ele>
				<time>2026-07-13T15:05:14Z</time>
			</trkpt>
			<trkpt lat="48.769154" lon="-121.820007">
				<ele>2966.655762</ele>
				<time>2026-07-13T15:05:18Z</time>
			</trkpt>
			<trkpt lat="48.769123" lon="-121.820015">
				<ele>2966.633789</ele>
				<time>2026-07-13T15:05:25Z</time>
			</trkpt>
			<trkpt lat="48.7691" lon="-121.820007">
				<ele>2967.124756</ele>
				<time>2026-07-13T15:05:29Z</time>
			</trkpt>
			<trkpt lat="48.768917" lon="-121.819977">
				<ele>2962.48999</ele>
				<time>2026-07-13T15:06:04Z</time>
			</trkpt>
			<trkpt lat="48.768845" lon="-121.819992">
				<ele>2962.016846</ele>
				<time>2026-07-13T15:06:20Z</time>
			</trkpt>
			<trkpt lat="48.768818" lon="-121.819992">
				<ele>2962.115967</ele>
				<time>2026-07-13T15:06:54Z</time>
			</trkpt>
			<trkpt lat="48.768772" lon="-121.819992">
				<ele>2959.389648</ele>
				<time>2026-07-13T15:07:06Z</time>
			</trkpt>
			<trkpt lat="48.768669" lon="-121.820038">
				<ele>2956.114014</ele>
				<time>2026-07-13T15:07:27Z</time>
			</trkpt>
			<trkpt lat="48.76862" lon="-121.820061">
				<ele>2952.685547</ele>
				<time>2026-07-13T15:07:39Z</time>
			</trkpt>
			<trkpt lat="48.768589" lon="-121.820084">
				<ele>2952.69458</ele>
				<time>2026-07-13T15:07:46Z</time>
			</trkpt>
			<trkpt lat="48.768555" lon="-121.820091">
				<ele>2951.5354</ele>
				<time>2026-07-13T15:07:54Z</time>
			</trkpt>
			<trkpt lat="48.768478" lon="-121.82016">
				<ele>2950.023193</ele>
				<time>2026-07-13T15:08:12Z</time>
			</trkpt>
			<trkpt lat="48.768379" lon="-121.820229">
				<ele>2944.497559</ele>
				<time>2026-07-13T15:08:37Z</time>
			</trkpt>
			<trkpt lat="48.768303" lon="-121.820282">
				<ele>2942.607422</ele>
				<time>2026-07-13T15:08:53Z</time>
			</trkpt>
			<trkpt lat="48.76828" lon="-121.820305">
				<ele>2940.922852</ele>
				<time>2026-07-13T15:08:58Z</time>
			</trkpt>
			<trkpt lat="48.768257" lon="-121.82032">
				<ele>2940.087158</ele>
				<time>2026-07-13T15:09:04Z</time>
			</trkpt>
			<trkpt lat="48.768234" lon="-121.820343">
				<ele>2940.104492</ele>
				<time>2026-07-13T15:09:10Z</time>
			</trkpt>
			<trkpt lat="48.768158" lon="-121.820389">
				<ele>2938.355469</ele>
				<time>2026-07-13T15:09:28Z</time>
			</trkpt>
			<trkpt lat="48.768063" lon="-121.820465">
				<ele>2932.85376</ele>
				<time>2026-07-13T15:09:53Z</time>
			</trkpt>
			<trkpt lat="48.76804" lon="-121.820488">
				<ele>2932.927734</ele>
				<time>2026-07-13T15:09:59Z</time>
			</trkpt>
			<trkpt lat="48.768013" lon="-121.820503">
				<ele>2932.19751</ele>
				<time>2026-07-13T15:10:06Z</time>
			</trkpt>
			<trkpt lat="48.76799" lon="-121.820526">
				<ele>2929.686279</ele>
				<time>2026-07-13T15:10:12Z</time>
			</trkpt>
			<trkpt lat="48.767944" lon="-121.82058">
				<ele>2928.047607</ele>
				<time>2026-07-13T15:10:24Z</time>
			</trkpt>
			<trkpt lat="48.767895" lon="-121.820618">
				<ele>2924.533447</ele>
				<time>2026-07-13T15:10:37Z</time>
			</trkpt>
			<trkpt lat="48.767872" lon="-121.820648">
				<ele>2923.748535</ele>
				<time>2026-07-13T15:10:44Z</time>
			</trkpt>
			<trkpt lat="48.767849" lon="-121.820671">
				<ele>2923.741699</ele>
				<time>2026-07-13T15:10:56Z</time>
			</trkpt>
			<trkpt lat="48.767826" lon="-121.820694">
				<ele>2923.468018</ele>
				<time>2026-07-13T15:11:05Z</time>
			</trkpt>
			<trkpt lat="48.767776" lon="-121.820724">
				<ele>2920.996094</ele>
				<time>2026-07-13T15:11:17Z</time>
			</trkpt>
			<trkpt lat="48.767761" lon="-121.820755">
				<ele>2922.137207</ele>
				<time>2026-07-13T15:11:38Z</time>
			</trkpt>
			<trkpt lat="48.767735" lon="-121.82077">
				<ele>2919.69043</ele>
				<time>2026-07-13T15:11:47Z</time>
			</trkpt>
			<trkpt lat="48.767635" lon="-121.8209">
				<ele>2913.410156</ele>
				<time>2026-07-13T15:12:22Z</time>
			</trkpt>
			<trkpt lat="48.767601" lon="-121.820953">
				<ele>2912.338867</ele>
				<time>2026-07-13T15:12:34Z</time>
			</trkpt>
			<trkpt lat="48.767544" lon="-121.82103">
				<ele>2908.148438</ele>
				<time>2026-07-13T15:12:59Z</time>
			</trkpt>
			<trkpt lat="48.767529" lon="-121.821068">
				<ele>2907.664795</ele>
				<time>2026-07-13T15:14:42Z</time>
			</trkpt>
			<trkpt lat="48.767506" lon="-121.821106">
				<ele>2906.120117</ele>
				<time>2026-07-13T15:14:46Z</time>
			</trkpt>
			<trkpt lat="48.767483" lon="-121.821136">
				<ele>2903.796631</ele>
				<time>2026-07-13T15:14:53Z</time>
			</trkpt>
			<trkpt lat="48.767467" lon="-121.821175">
				<ele>2903.225586</ele>
				<time>2026-07-13T15:15:01Z</time>
			</trkpt>
			<trkpt lat="48.767323" lon="-121.821404">
				<ele>2894.107666</ele>
				<time>2026-07-13T15:15:52Z</time>
			</trkpt>
			<trkpt lat="48.767292" lon="-121.821419">
				<ele>2893.572998</ele>
				<time>2026-07-13T15:15:56Z</time>
			</trkpt>
			<trkpt lat="48.767269" lon="-121.821495">
				<ele>2892.269287</ele>
				<time>2026-07-13T15:16:10Z</time>
			</trkpt>
			<trkpt lat="48.767262" lon="-121.821541">
				<ele>2890.78833</ele>
				<time>2026-07-13T15:16:15Z</time>
			</trkpt>
			<trkpt lat="48.767265" lon="-121.821632">
				<ele>2889.143555</ele>
				<time>2026-07-13T15:16:29Z</time>
			</trkpt>
			<trkpt lat="48.767216" lon="-121.821724">
				<ele>2885.351318</ele>
				<time>2026-07-13T15:16:46Z</time>
			</trkpt>
			<trkpt lat="48.767204" lon="-121.821762">
				<ele>2884.463135</ele>
				<time>2026-07-13T15:16:53Z</time>
			</trkpt>
			<trkpt lat="48.767189" lon="-121.821793">
				<ele>2884.010742</ele>
				<time>2026-07-13T15:16:58Z</time>
			</trkpt>
			<trkpt lat="48.767185" lon="-121.821823">
				<ele>2883.938721</ele>
				<time>2026-07-13T15:17:07Z</time>
			</trkpt>
			<trkpt lat="48.767178" lon="-121.821869">
				<ele>2882.320068</ele>
				<time>2026-07-13T15:17:18Z</time>
			</trkpt>
			<trkpt lat="48.767162" lon="-121.821899">
				<ele>2882.414063</ele>
				<time>2026-07-13T15:17:24Z</time>
			</trkpt>
			<trkpt lat="48.767128" lon="-121.822006">
				<ele>2880.072998</ele>
				<time>2026-07-13T15:17:40Z</time>
			</trkpt>
			<trkpt lat="48.767094" lon="-121.822052">
				<ele>2877.755127</ele>
				<time>2026-07-13T15:17:53Z</time>
			</trkpt>
			<trkpt lat="48.767033" lon="-121.822166">
				<ele>2874.964844</ele>
				<time>2026-07-13T15:18:14Z</time>
			</trkpt>
			<trkpt lat="48.766994" lon="-121.82222">
				<ele>2871.280518</ele>
				<time>2026-07-13T15:18:26Z</time>
			</trkpt>
			<trkpt lat="48.766968" lon="-121.822289">
				<ele>2870.074219</ele>
				<time>2026-07-13T15:18:39Z</time>
			</trkpt>
			<trkpt lat="48.766953" lon="-121.822311">
				<ele>2870.209961</ele>
				<time>2026-07-13T15:18:44Z</time>
			</trkpt>
			<trkpt lat="48.766922" lon="-121.82238">
				<ele>2865.515381</ele>
				<time>2026-07-13T15:18:58Z</time>
			</trkpt>
			<trkpt lat="48.766895" lon="-121.822479">
				<ele>2863.843994</ele>
				<time>2026-07-13T15:19:16Z</time>
			</trkpt>
			<trkpt lat="48.766834" lon="-121.822639">
				<ele>2856.384033</ele>
				<time>2026-07-13T15:19:47Z</time>
			</trkpt>
			<trkpt lat="48.766823" lon="-121.82267">
				<ele>2856.201172</ele>
				<time>2026-07-13T15:19:51Z</time>
			</trkpt>
			<trkpt lat="48.766811" lon="-121.822701">
				<ele>2854.510742</ele>
				<time>2026-07-13T15:19:57Z</time>
			</trkpt>
			<trkpt lat="48.7668" lon="-121.822731">
				<ele>2854.39917</ele>
				<time>2026-07-13T15:20:02Z</time>
			</trkpt>
			<trkpt lat="48.766735" lon="-121.822884">
				<ele>2848.263672</ele>
				<time>2026-07-13T15:20:34Z</time>
			</trkpt>
			<trkpt lat="48.766727" lon="-121.822929">
				<ele>2847.684082</ele>
				<time>2026-07-13T15:20:45Z</time>
			</trkpt>
			<trkpt lat="48.766674" lon="-121.823021">
				<ele>2843.181152</ele>
				<time>2026-07-13T15:21:02Z</time>
			</trkpt>
			<trkpt lat="48.766663" lon="-121.823051">
				<ele>2840.039063</ele>
				<time>2026-07-13T15:21:09Z</time>
			</trkpt>
			<trkpt lat="48.766647" lon="-121.823074">
				<ele>2839.098145</ele>
				<time>2026-07-13T15:21:15Z</time>
			</trkpt>
			<trkpt lat="48.766644" lon="-121.823112">
				<ele>2838.889893</ele>
				<time>2026-07-13T15:21:21Z</time>
			</trkpt>
			<trkpt lat="48.766636" lon="-121.823151">
				<ele>2838.001953</ele>
				<time>2026-07-13T15:21:27Z</time>
			</trkpt>
			<trkpt lat="48.766586" lon="-121.823265">
				<ele>2830.817627</ele>
				<time>2026-07-13T15:21:48Z</time>
			</trkpt>
			<trkpt lat="48.766598" lon="-121.823311">
				<ele>2831.868896</ele>
				<time>2026-07-13T15:21:59Z</time>
			</trkpt>
			<trkpt lat="48.766571" lon="-121.823326">
				<ele>2831.905029</ele>
				<time>2026-07-13T15:24:35Z</time>
			</trkpt>
			<trkpt lat="48.766537" lon="-121.823448">
				<ele>2827.982666</ele>
				<time>2026-07-13T15:24:57Z</time>
			</trkpt>
			<trkpt lat="48.766502" lon="-121.823555">
				<ele>2821.454102</ele>
				<time>2026-07-13T15:25:19Z</time>
			</trkpt>
			<trkpt lat="48.766479" lon="-121.823662">
				<ele>2818.786133</ele>
				<time>2026-07-13T15:25:39Z</time>
			</trkpt>
			<trkpt lat="48.766449" lon="-121.823807">
				<ele>2812.897217</ele>
				<time>2026-07-13T15:26:03Z</time>
			</trkpt>
			<trkpt lat="48.766426" lon="-121.823929">
				<ele>2811.442871</ele>
				<time>2026-07-13T15:26:22Z</time>
			</trkpt>
			<trkpt lat="48.766407" lon="-121.823997">
				<ele>2809.181885</ele>
				<time>2026-07-13T15:26:34Z</time>
			</trkpt>
			<trkpt lat="48.766407" lon="-121.824074">
				<ele>2808.060547</ele>
				<time>2026-07-13T15:26:44Z</time>
			</trkpt>
			<trkpt lat="48.766407" lon="-121.824142">
				<ele>2805.802979</ele>
				<time>2026-07-13T15:26:54Z</time>
			</trkpt>
			<trkpt lat="48.766411" lon="-121.824181">
				<ele>2805.691406</ele>
				<time>2026-07-13T15:27:00Z</time>
			</trkpt>
			<trkpt lat="48.766415" lon="-121.824219">
				<ele>2806.147949</ele>
				<time>2026-07-13T15:27:06Z</time>
			</trkpt>
			<trkpt lat="48.766422" lon="-121.824287">
				<ele>2803.49707</ele>
				<time>2026-07-13T15:27:18Z</time>
			</trkpt>
			<trkpt lat="48.766434" lon="-121.824371">
				<ele>2801.560547</ele>
				<time>2026-07-13T15:27:48Z</time>
			</trkpt>
			<trkpt lat="48.766445" lon="-121.824417">
				<ele>2801.900146</ele>
				<time>2026-07-13T15:27:56Z</time>
			</trkpt>
			<trkpt lat="48.766457" lon="-121.824493">
				<ele>2801.134521</ele>
				<time>2026-07-13T15:28:08Z</time>
			</trkpt>
			<trkpt lat="48.76646" lon="-121.824562">
				<ele>2799.025391</ele>
				<time>2026-07-13T15:28:19Z</time>
			</trkpt>
			<trkpt lat="48.766468" lon="-121.824593">
				<ele>2798.977295</ele>
				<time>2026-07-13T15:28:25Z</time>
			</trkpt>
			<trkpt lat="48.766464" lon="-121.824631">
				<ele>2798.151367</ele>
				<time>2026-07-13T15:28:30Z</time>
			</trkpt>
			<trkpt lat="48.766472" lon="-121.824669">
				<ele>2798.2771</ele>
				<time>2026-07-13T15:28:35Z</time>
			</trkpt>
			<trkpt lat="48.766457" lon="-121.824753">
				<ele>2797.177734</ele>
				<time>2026-07-13T15:28:50Z</time>
			</trkpt>
			<trkpt lat="48.766441" lon="-121.824829">
				<ele>2794.230713</ele>
				<time>2026-07-13T15:29:04Z</time>
			</trkpt>
			<trkpt lat="48.766426" lon="-121.824867">
				<ele>2793.876221</ele>
				<time>2026-07-13T15:29:09Z</time>
			</trkpt>
			<trkpt lat="48.766411" lon="-121.824898">
				<ele>2792.364014</ele>
				<time>2026-07-13T15:29:17Z</time>
			</trkpt>
			<trkpt lat="48.766373" lon="-121.824951">
				<ele>2790.896973</ele>
				<time>2026-07-13T15:29:31Z</time>
			</trkpt>
			<trkpt lat="48.76627" lon="-121.825073">
				<ele>2784.993164</ele>
				<time>2026-07-13T15:30:26Z</time>
			</trkpt>
			<trkpt lat="48.766239" lon="-121.825142">
				<ele>2781.266846</ele>
				<time>2026-07-13T15:30:44Z</time>
			</trkpt>
			<trkpt lat="48.766235" lon="-121.82518">
				<ele>2781.021729</ele>
				<time>2026-07-13T15:30:51Z</time>
			</trkpt>
			<trkpt lat="48.766247" lon="-121.825256">
				<ele>2778.54834</ele>
				<time>2026-07-13T15:31:29Z</time>
			</trkpt>
			<trkpt lat="48.766258" lon="-121.825294">
				<ele>2778.730225</ele>
				<time>2026-07-13T15:31:34Z</time>
			</trkpt>
			<trkpt lat="48.766266" lon="-121.825333">
				<ele>2777.813477</ele>
				<time>2026-07-13T15:31:39Z</time>
			</trkpt>
			<trkpt lat="48.766273" lon="-121.825363">
				<ele>2777.943848</ele>
				<time>2026-07-13T15:31:47Z</time>
			</trkpt>
			<trkpt lat="48.766277" lon="-121.825401">
				<ele>2777.420166</ele>
				<time>2026-07-13T15:31:54Z</time>
			</trkpt>
			<trkpt lat="48.766289" lon="-121.825546">
				<ele>2773.544189</ele>
				<time>2026-07-13T15:32:20Z</time>
			</trkpt>
			<trkpt lat="48.766277" lon="-121.825645">
				<ele>2769.956543</ele>
				<time>2026-07-13T15:32:44Z</time>
			</trkpt>
			<trkpt lat="48.766266" lon="-121.825691">
				<ele>2769.376221</ele>
				<time>2026-07-13T15:32:53Z</time>
			</trkpt>
			<trkpt lat="48.766205" lon="-121.825844">
				<ele>2762.541992</ele>
				<time>2026-07-13T15:33:32Z</time>
			</trkpt>
			<trkpt lat="48.766197" lon="-121.825882">
				<ele>2757.888672</ele>
				<time>2026-07-13T15:38:25Z</time>
			</trkpt>
			<trkpt lat="48.766178" lon="-121.825958">
				<ele>2755.125732</ele>
				<time>2026-07-13T15:38:43Z</time>
			</trkpt>
			<trkpt lat="48.766163" lon="-121.825989">
				<ele>2752.71875</ele>
				<time>2026-07-13T15:38:51Z</time>
			</trkpt>
			<trkpt lat="48.766148" lon="-121.826057">
				<ele>2750.71875</ele>
				<time>2026-07-13T15:39:06Z</time>
			</trkpt>
			<trkpt lat="48.766102" lon="-121.826149">
				<ele>2745.474609</ele>
				<time>2026-07-13T15:39:28Z</time>
			</trkpt>
			<trkpt lat="48.766083" lon="-121.826187">
				<ele>2745.742188</ele>
				<time>2026-07-13T15:39:35Z</time>
			</trkpt>
			<trkpt lat="48.766014" lon="-121.826309">
				<ele>2737.226074</ele>
				<time>2026-07-13T15:40:11Z</time>
			</trkpt>
			<trkpt lat="48.765995" lon="-121.826332">
				<ele>2736.592529</ele>
				<time>2026-07-13T15:40:18Z</time>
			</trkpt>
			<trkpt lat="48.76598" lon="-121.826363">
				<ele>2736.822998</ele>
				<time>2026-07-13T15:40:23Z</time>
			</trkpt>
			<trkpt lat="48.765961" lon="-121.826393">
				<ele>2736.59375</ele>
				<time>2026-07-13T15:40:31Z</time>
			</trkpt>
			<trkpt lat="48.765919" lon="-121.826439">
				<ele>2733.186523</ele>
				<time>2026-07-13T15:40:49Z</time>
			</trkpt>
			<trkpt lat="48.765854" lon="-121.826515">
				<ele>2730.481201</ele>
				<time>2026-07-13T15:41:06Z</time>
			</trkpt>
			<trkpt lat="48.765831" lon="-121.82653">
				<ele>2728.793945</ele>
				<time>2026-07-13T15:41:17Z</time>
			</trkpt>
			<trkpt lat="48.765781" lon="-121.826569">
				<ele>2727.48584</ele>
				<time>2026-07-13T15:41:30Z</time>
			</trkpt>
			<trkpt lat="48.765705" lon="-121.826561">
				<ele>2723.978027</ele>
				<time>2026-07-13T15:41:45Z</time>
			</trkpt>
			<trkpt lat="48.765648" lon="-121.826546">
				<ele>2722.955078</ele>
				<time>2026-07-13T15:41:57Z</time>
			</trkpt>
			<trkpt lat="48.765625" lon="-121.82653">
				<ele>2722.938965</ele>
				<time>2026-07-13T15:42:01Z</time>
			</trkpt>
			<trkpt lat="48.765553" lon="-121.826485">
				<ele>2720.737305</ele>
				<time>2026-07-13T15:42:18Z</time>
			</trkpt>
			<trkpt lat="48.76548" lon="-121.826447">
				<ele>2717.446045</ele>
				<time>2026-07-13T15:42:35Z</time>
			</trkpt>
			<trkpt lat="48.765434" lon="-121.826469">
				<ele>2716.307617</ele>
				<time>2026-07-13T15:42:46Z</time>
			</trkpt>
			<trkpt lat="48.765362" lon="-121.826508">
				<ele>2711.196777</ele>
				<time>2026-07-13T15:43:06Z</time>
			</trkpt>
			<trkpt lat="48.765343" lon="-121.82653">
				<ele>2710.799316</ele>
				<time>2026-07-13T15:43:11Z</time>
			</trkpt>
			<trkpt lat="48.765278" lon="-121.826584">
				<ele>2707.408447</ele>
				<time>2026-07-13T15:43:28Z</time>
			</trkpt>
			<trkpt lat="48.765224" lon="-121.826714">
				<ele>2701.298584</ele>
				<time>2026-07-13T15:43:54Z</time>
			</trkpt>
			<trkpt lat="48.765202" lon="-121.826744">
				<ele>2701.537109</ele>
				<time>2026-07-13T15:44:00Z</time>
			</trkpt>
			<trkpt lat="48.765175" lon="-121.826759">
				<ele>2699.603271</ele>
				<time>2026-07-13T15:44:07Z</time>
			</trkpt>
			<trkpt lat="48.765049" lon="-121.826859">
				<ele>2694.129883</ele>
				<time>2026-07-13T15:44:40Z</time>
			</trkpt>
			<trkpt lat="48.76503" lon="-121.826889">
				<ele>2693.983398</ele>
				<time>2026-07-13T15:44:47Z</time>
			</trkpt>
			<trkpt lat="48.765007" lon="-121.826912">
				<ele>2692.78833</ele>
				<time>2026-07-13T15:44:53Z</time>
			</trkpt>
			<trkpt lat="48.764961" lon="-121.826965">
				<ele>2688.248047</ele>
				<time>2026-07-13T15:45:09Z</time>
			</trkpt>
			<trkpt lat="48.764812" lon="-121.827141">
				<ele>2679.559814</ele>
				<time>2026-07-13T15:45:57Z</time>
			</trkpt>
			<trkpt lat="48.764748" lon="-121.827225">
				<ele>2674.145264</ele>
				<time>2026-07-13T15:46:17Z</time>
			</trkpt>
			<trkpt lat="48.764729" lon="-121.827255">
				<ele>2673.453369</ele>
				<time>2026-07-13T15:46:22Z</time>
			</trkpt>
			<trkpt lat="48.764702" lon="-121.827278">
				<ele>2673.53833</ele>
				<time>2026-07-13T15:46:29Z</time>
			</trkpt>
			<trkpt lat="48.764687" lon="-121.827309">
				<ele>2672.787598</ele>
				<time>2026-07-13T15:46:34Z</time>
			</trkpt>
			<trkpt lat="48.76466" lon="-121.827354">
				<ele>2673.170654</ele>
				<time>2026-07-13T15:46:40Z</time>
			</trkpt>
			<trkpt lat="48.764622" lon="-121.827415">
				<ele>2668.115234</ele>
				<time>2026-07-13T15:46:56Z</time>
			</trkpt>
			<trkpt lat="48.764454" lon="-121.827614">
				<ele>2657.328857</ele>
				<time>2026-07-13T15:47:51Z</time>
			</trkpt>
			<trkpt lat="48.764416" lon="-121.827667">
				<ele>2655.797852</ele>
				<time>2026-07-13T15:48:12Z</time>
			</trkpt>
			<trkpt lat="48.764324" lon="-121.827759">
				<ele>2650.173584</ele>
				<time>2026-07-13T15:55:55Z</time>
			</trkpt>
			<trkpt lat="48.76429" lon="-121.827835">
				<ele>2649.147461</ele>
				<time>2026-07-13T15:56:06Z</time>
			</trkpt>
			<trkpt lat="48.764217" lon="-121.827904">
				<ele>2642.499268</ele>
				<time>2026-07-13T15:56:31Z</time>
			</trkpt>
			<trkpt lat="48.764145" lon="-121.827988">
				<ele>2639.39502</ele>
				<time>2026-07-13T15:56:51Z</time>
			</trkpt>
			<trkpt lat="48.764095" lon="-121.828049">
				<ele>2633.219727</ele>
				<time>2026-07-13T15:57:10Z</time>
			</trkpt>
			<trkpt lat="48.764069" lon="-121.828072">
				<ele>2632.434814</ele>
				<time>2026-07-13T15:57:18Z</time>
			</trkpt>
			<trkpt lat="48.764046" lon="-121.828102">
				<ele>2632.359619</ele>
				<time>2026-07-13T15:57:24Z</time>
			</trkpt>
			<trkpt lat="48.763966" lon="-121.828209">
				<ele>2626.219482</ele>
				<time>2026-07-13T15:57:53Z</time>
			</trkpt>
			<trkpt lat="48.763901" lon="-121.828308">
				<ele>2623.270996</ele>
				<time>2026-07-13T15:58:12Z</time>
			</trkpt>
			<trkpt lat="48.763744" lon="-121.828514">
				<ele>2612.015869</ele>
				<time>2026-07-13T15:58:58Z</time>
			</trkpt>
			<trkpt lat="48.763725" lon="-121.828545">
				<ele>2612.265625</ele>
				<time>2026-07-13T15:59:03Z</time>
			</trkpt>
			<trkpt lat="48.763683" lon="-121.828606">
				<ele>2609.356934</ele>
				<time>2026-07-13T15:59:14Z</time>
			</trkpt>
			<trkpt lat="48.76366" lon="-121.828636">
				<ele>2608.343018</ele>
				<time>2026-07-13T15:59:20Z</time>
			</trkpt>
			<trkpt lat="48.763611" lon="-121.828697">
				<ele>2607.654541</ele>
				<time>2026-07-13T15:59:32Z</time>
			</trkpt>
			<trkpt lat="48.7635" lon="-121.82885">
				<ele>2601.011719</ele>
				<time>2026-07-13T16:00:08Z</time>
			</trkpt>
			<trkpt lat="48.763359" lon="-121.829048">
				<ele>2594.703125</ele>
				<time>2026-07-13T16:00:55Z</time>
			</trkpt>
			<trkpt lat="48.763313" lon="-121.829102">
				<ele>2592.066406</ele>
				<time>2026-07-13T16:01:12Z</time>
			</trkpt>
			<trkpt lat="48.763287" lon="-121.829132">
				<ele>2591.487305</ele>
				<time>2026-07-13T16:01:18Z</time>
			</trkpt>
			<trkpt lat="48.763268" lon="-121.829163">
				<ele>2591.799805</ele>
				<time>2026-07-13T16:01:24Z</time>
			</trkpt>
			<trkpt lat="48.763195" lon="-121.829254">
				<ele>2585.913086</ele>
				<time>2026-07-13T16:01:46Z</time>
			</trkpt>
			<trkpt lat="48.763103" lon="-121.829376">
				<ele>2580.480713</ele>
				<time>2026-07-13T16:02:11Z</time>
			</trkpt>
			<trkpt lat="48.76305" lon="-121.829437">
				<ele>2578.142822</ele>
				<time>2026-07-13T16:02:25Z</time>
			</trkpt>
			<trkpt lat="48.763023" lon="-121.829468">
				<ele>2577.654785</ele>
				<time>2026-07-13T16:02:34Z</time>
			</trkpt>
			<trkpt lat="48.763004" lon="-121.829498">
				<ele>2575.537842</ele>
				<time>2026-07-13T16:02:41Z</time>
			</trkpt>
			<trkpt lat="48.762928" lon="-121.82959">
				<ele>2572.639893</ele>
				<time>2026-07-13T16:02:58Z</time>
			</trkpt>
			<trkpt lat="48.762905" lon="-121.829613">
				<ele>2572.332275</ele>
				<time>2026-07-13T16:03:03Z</time>
			</trkpt>
			<trkpt lat="48.762878" lon="-121.829628">
				<ele>2569.912842</ele>
				<time>2026-07-13T16:03:10Z</time>
			</trkpt>
			<trkpt lat="48.762798" lon="-121.829704">
				<ele>2567.144775</ele>
				<time>2026-07-13T16:03:29Z</time>
			</trkpt>
			<trkpt lat="48.762726" lon="-121.829781">
				<ele>2562.754883</ele>
				<time>2026-07-13T16:03:48Z</time>
			</trkpt>
			<trkpt lat="48.762699" lon="-121.829811">
				<ele>2561.827881</ele>
				<time>2026-07-13T16:03:54Z</time>
			</trkpt>
			<trkpt lat="48.762669" lon="-121.829842">
				<ele>2561.477295</ele>
				<time>2026-07-13T16:04:00Z</time>
			</trkpt>
			<trkpt lat="48.762611" lon="-121.829887">
				<ele>2559.225342</ele>
				<time>2026-07-13T16:04:14Z</time>
			</trkpt>
			<trkpt lat="48.76255" lon="-121.829941">
				<ele>2554.992676</ele>
				<time>2026-07-13T16:04:33Z</time>
			</trkpt>
			<trkpt lat="48.762417" lon="-121.830086">
				<ele>2550.236328</ele>
				<time>2026-07-13T16:05:07Z</time>
			</trkpt>
			<trkpt lat="48.762386" lon="-121.830109">
				<ele>2550.571289</ele>
				<time>2026-07-13T16:05:13Z</time>
			</trkpt>
			<trkpt lat="48.762333" lon="-121.83017">
				<ele>2544.60376</ele>
				<time>2026-07-13T16:05:28Z</time>
			</trkpt>
			<trkpt lat="48.762306" lon="-121.830193">
				<ele>2544.986816</ele>
				<time>2026-07-13T16:05:36Z</time>
			</trkpt>
			<trkpt lat="48.76223" lon="-121.830261">
				<ele>2541.062988</ele>
				<time>2026-07-13T16:05:55Z</time>
			</trkpt>
			<trkpt lat="48.762177" lon="-121.830292">
				<ele>2540.446289</ele>
				<time>2026-07-13T16:06:04Z</time>
			</trkpt>
			<trkpt lat="48.762112" lon="-121.830322">
				<ele>2538.632813</ele>
				<time>2026-07-13T16:06:17Z</time>
			</trkpt>
			<trkpt lat="48.761932" lon="-121.830399">
				<ele>2530.7229</ele>
				<time>2026-07-13T16:06:59Z</time>
			</trkpt>
			<trkpt lat="48.761875" lon="-121.830421">
				<ele>2529.000244</ele>
				<time>2026-07-13T16:07:10Z</time>
			</trkpt>
			<trkpt lat="48.761845" lon="-121.830444">
				<ele>2528.823975</ele>
				<time>2026-07-13T16:07:16Z</time>
			</trkpt>
			<trkpt lat="48.761814" lon="-121.83046">
				<ele>2528.13623</ele>
				<time>2026-07-13T16:07:23Z</time>
			</trkpt>
			<trkpt lat="48.761726" lon="-121.830498">
				<ele>2523.371582</ele>
				<time>2026-07-13T16:07:41Z</time>
			</trkpt>
			<trkpt lat="48.761642" lon="-121.830551">
				<ele>2520.113037</ele>
				<time>2026-07-13T16:07:59Z</time>
			</trkpt>
			<trkpt lat="48.761612" lon="-121.830559">
				<ele>2517.958984</ele>
				<time>2026-07-13T16:08:06Z</time>
			</trkpt>
			<trkpt lat="48.761581" lon="-121.830574">
				<ele>2517.879639</ele>
				<time>2026-07-13T16:08:11Z</time>
			</trkpt>
			<trkpt lat="48.761551" lon="-121.830582">
				<ele>2515.652588</ele>
				<time>2026-07-13T16:08:20Z</time>
			</trkpt>
			<trkpt lat="48.76149" lon="-121.83062">
				<ele>2514.900391</ele>
				<time>2026-07-13T16:08:32Z</time>
			</trkpt>
			<trkpt lat="48.761459" lon="-121.830635">
				<ele>2512.272217</ele>
				<time>2026-07-13T16:08:38Z</time>
			</trkpt>
			<trkpt lat="48.761364" lon="-121.830666">
				<ele>2508.620361</ele>
				<time>2026-07-13T16:08:58Z</time>
			</trkpt>
			<trkpt lat="48.76133" lon="-121.830681">
				<ele>2508.419678</ele>
				<time>2026-07-13T16:09:04Z</time>
			</trkpt>
			<trkpt lat="48.761299" lon="-121.830704">
				<ele>2505.846436</ele>
				<time>2026-07-13T16:09:10Z</time>
			</trkpt>
			<trkpt lat="48.761173" lon="-121.83075">
				<ele>2503.301758</ele>
				<time>2026-07-13T16:09:33Z</time>
			</trkpt>
			<trkpt lat="48.761112" lon="-121.830765">
				<ele>2500.753662</ele>
				<time>2026-07-13T16:09:45Z</time>
			</trkpt>
			<trkpt lat="48.761051" lon="-121.830788">
				<ele>2499.39502</ele>
				<time>2026-07-13T16:09:55Z</time>
			</trkpt>
			<trkpt lat="48.761021" lon="-121.830795">
				<ele>2499.312256</ele>
				<time>2026-07-13T16:10:01Z</time>
			</trkpt>
			<trkpt lat="48.760929" lon="-121.830811">
				<ele>2496.2146</ele>
				<time>2026-07-13T16:10:19Z</time>
			</trkpt>
			<trkpt lat="48.760899" lon="-121.830811">
				<ele>2495.970703</ele>
				<time>2026-07-13T16:10:25Z</time>
			</trkpt>
			<trkpt lat="48.760868" lon="-121.830818">
				<ele>2494.79834</ele>
				<time>2026-07-13T16:10:30Z</time>
			</trkpt>
			<trkpt lat="48.760811" lon="-121.830826">
				<ele>2494.347656</ele>
				<time>2026-07-13T16:10:43Z</time>
			</trkpt>
			<trkpt lat="48.760662" lon="-121.830833">
				<ele>2488.598389</ele>
				<time>2026-07-13T16:12:55Z</time>
			</trkpt>
			<trkpt lat="48.760548" lon="-121.830833">
				<ele>2482.784912</ele>
				<time>2026-07-13T16:13:24Z</time>
			</trkpt>
			<trkpt lat="48.760521" lon="-121.830826">
				<ele>2482.573486</ele>
				<time>2026-07-13T16:13:30Z</time>
			</trkpt>
			<trkpt lat="48.760464" lon="-121.830811">
				<ele>2477.954834</ele>
				<time>2026-07-13T16:13:45Z</time>
			</trkpt>
			<trkpt lat="48.760426" lon="-121.830757">
				<ele>2475.719971</ele>
				<time>2026-07-13T16:14:05Z</time>
			</trkpt>
			<trkpt lat="48.760399" lon="-121.830757">
				<ele>2472.569824</ele>
				<time>2026-07-13T16:14:14Z</time>
			</trkpt>
			<trkpt lat="48.7603" lon="-121.83078">
				<ele>2469.104248</ele>
				<time>2026-07-13T16:14:38Z</time>
			</trkpt>
			<trkpt lat="48.760273" lon="-121.830811">
				<ele>2468.431885</ele>
				<time>2026-07-13T16:14:45Z</time>
			</trkpt>
			<trkpt lat="48.76025" lon="-121.830841">
				<ele>2465.265381</ele>
				<time>2026-07-13T16:14:53Z</time>
			</trkpt>
			<trkpt lat="48.760139" lon="-121.830933">
				<ele>2459.198242</ele>
				<time>2026-07-13T16:15:22Z</time>
			</trkpt>
			<trkpt lat="48.760105" lon="-121.830948">
				<ele>2456.185303</ele>
				<time>2026-07-13T16:15:31Z</time>
			</trkpt>
			<trkpt lat="48.759903" lon="-121.831039">
				<ele>2448.414551</ele>
				<time>2026-07-13T16:16:20Z</time>
			</trkpt>
			<trkpt lat="48.759716" lon="-121.831116">
				<ele>2439.584473</ele>
				<time>2026-07-13T16:17:02Z</time>
			</trkpt>
			<trkpt lat="48.759632" lon="-121.831139">
				<ele>2436.421875</ele>
				<time>2026-07-13T16:17:20Z</time>
			</trkpt>
			<trkpt lat="48.759571" lon="-121.831146">
				<ele>2435.437988</ele>
				<time>2026-07-13T16:17:34Z</time>
			</trkpt>
			<trkpt lat="48.759544" lon="-121.831161">
				<ele>2435.571533</ele>
				<time>2026-07-13T16:17:39Z</time>
			</trkpt>
			<trkpt lat="48.759487" lon="-121.831169">
				<ele>2431.529785</ele>
				<time>2026-07-13T16:17:53Z</time>
			</trkpt>
			<trkpt lat="48.759457" lon="-121.831184">
				<ele>2431.594482</ele>
				<time>2026-07-13T16:17:59Z</time>
			</trkpt>
			<trkpt lat="48.75943" lon="-121.831192">
				<ele>2430.772461</ele>
				<time>2026-07-13T16:18:04Z</time>
			</trkpt>
			<trkpt lat="48.75938" lon="-121.831223">
				<ele>2426.934326</ele>
				<time>2026-07-13T16:18:17Z</time>
			</trkpt>
			<trkpt lat="48.75935" lon="-121.831238">
				<ele>2426.511719</ele>
				<time>2026-07-13T16:18:22Z</time>
			</trkpt>
			<trkpt lat="48.759274" lon="-121.831291">
				<ele>2422.954102</ele>
				<time>2026-07-13T16:18:39Z</time>
			</trkpt>
			<trkpt lat="48.759247" lon="-121.831314">
				<ele>2420.175781</ele>
				<time>2026-07-13T16:18:46Z</time>
			</trkpt>
			<trkpt lat="48.759216" lon="-121.831345">
				<ele>2419.905273</ele>
				<time>2026-07-13T16:18:52Z</time>
			</trkpt>
			<trkpt lat="48.759079" lon="-121.831474">
				<ele>2413.797607</ele>
				<time>2026-07-13T16:19:31Z</time>
			</trkpt>
			<trkpt lat="48.759052" lon="-121.831497">
				<ele>2413.848877</ele>
				<time>2026-07-13T16:19:38Z</time>
			</trkpt>
			<trkpt lat="48.759033" lon="-121.83152">
				<ele>2413.623047</ele>
				<time>2026-07-13T16:19:44Z</time>
			</trkpt>
			<trkpt lat="48.759003" lon="-121.831535">
				<ele>2411.549316</ele>
				<time>2026-07-13T16:19:50Z</time>
			</trkpt>
			<trkpt lat="48.75893" lon="-121.831596">
				<ele>2409.484619</ele>
				<time>2026-07-13T16:20:10Z</time>
			</trkpt>
			<trkpt lat="48.758854" lon="-121.831635">
				<ele>2405.799561</ele>
				<time>2026-07-13T16:20:27Z</time>
			</trkpt>
			<trkpt lat="48.758739" lon="-121.831688">
				<ele>2403.088867</ele>
				<time>2026-07-13T16:20:50Z</time>
			</trkpt>
			<trkpt lat="48.758709" lon="-121.831696">
				<ele>2403.110352</ele>
				<time>2026-07-13T16:20:55Z</time>
			</trkpt>
			<trkpt lat="48.758682" lon="-121.831711">
				<ele>2401.756348</ele>
				<time>2026-07-13T16:21:00Z</time>
			</trkpt>
			<trkpt lat="48.758656" lon="-121.831741">
				<ele>2401.308594</ele>
				<time>2026-07-13T16:21:05Z</time>
			</trkpt>
			<trkpt lat="48.758602" lon="-121.831779">
				<ele>2398.391357</ele>
				<time>2026-07-13T16:21:15Z</time>
			</trkpt>
			<trkpt lat="48.75853" lon="-121.831863">
				<ele>2395.543945</ele>
				<time>2026-07-13T16:21:31Z</time>
			</trkpt>
			<trkpt lat="48.758503" lon="-121.831871">
				<ele>2395.362793</ele>
				<time>2026-07-13T16:21:35Z</time>
			</trkpt>
			<trkpt lat="48.758484" lon="-121.831902">
				<ele>2395.524902</ele>
				<time>2026-07-13T16:21:41Z</time>
			</trkpt>
			<trkpt lat="48.758434" lon="-121.831947">
				<ele>2393.085938</ele>
				<time>2026-07-13T16:21:51Z</time>
			</trkpt>
			<trkpt lat="48.758408" lon="-121.832024">
				<ele>2391.875488</ele>
				<time>2026-07-13T16:21:59Z</time>
			</trkpt>
			<trkpt lat="48.758366" lon="-121.832062">
				<ele>2389.199219</ele>
				<time>2026-07-13T16:22:08Z</time>
			</trkpt>
			<trkpt lat="48.758278" lon="-121.832161">
				<ele>2385.473633</ele>
				<time>2026-07-13T16:22:28Z</time>
			</trkpt>
			<trkpt lat="48.758228" lon="-121.832199">
				<ele>2382.615479</ele>
				<time>2026-07-13T16:22:38Z</time>
			</trkpt>
			<trkpt lat="48.758179" lon="-121.832245">
				<ele>2381.092285</ele>
				<time>2026-07-13T16:22:47Z</time>
			</trkpt>
			<trkpt lat="48.758156" lon="-121.832268">
				<ele>2380.78125</ele>
				<time>2026-07-13T16:22:53Z</time>
			</trkpt>
			<trkpt lat="48.758045" lon="-121.832359">
				<ele>2377.740234</ele>
				<time>2026-07-13T16:23:15Z</time>
			</trkpt>
			<trkpt lat="48.758022" lon="-121.832367">
				<ele>2377.742432</ele>
				<time>2026-07-13T16:23:19Z</time>
			</trkpt>
			<trkpt lat="48.757996" lon="-121.832382">
				<ele>2377.841553</ele>
				<time>2026-07-13T16:23:24Z</time>
			</trkpt>
			<trkpt lat="48.757874" lon="-121.832451">
				<ele>2372.233154</ele>
				<time>2026-07-13T16:23:51Z</time>
			</trkpt>
			<trkpt lat="48.757851" lon="-121.832466">
				<ele>2372.16333</ele>
				<time>2026-07-13T16:23:55Z</time>
			</trkpt>
			<trkpt lat="48.75782" lon="-121.832474">
				<ele>2370.952393</ele>
				<time>2026-07-13T16:24:00Z</time>
			</trkpt>
			<trkpt lat="48.757793" lon="-121.832481">
				<ele>2370.885498</ele>
				<time>2026-07-13T16:24:04Z</time>
			</trkpt>
			<trkpt lat="48.757736" lon="-121.832489">
				<ele>2368.513184</ele>
				<time>2026-07-13T16:24:14Z</time>
			</trkpt>
			<trkpt lat="48.75771" lon="-121.832512">
				<ele>2368.009766</ele>
				<time>2026-07-13T16:24:19Z</time>
			</trkpt>
			<trkpt lat="48.757683" lon="-121.832527">
				<ele>2368.621094</ele>
				<time>2026-07-13T16:24:23Z</time>
			</trkpt>
			<trkpt lat="48.757633" lon="-121.832535">
				<ele>2365.814941</ele>
				<time>2026-07-13T16:24:33Z</time>
			</trkpt>
			<trkpt lat="48.757607" lon="-121.83255">
				<ele>2365.660889</ele>
				<time>2026-07-13T16:24:36Z</time>
			</trkpt>
			<trkpt lat="48.757523" lon="-121.832581">
				<ele>2362.96167</ele>
				<time>2026-07-13T16:24:52Z</time>
			</trkpt>
			<trkpt lat="48.757442" lon="-121.832611">
				<ele>2361.48584</ele>
				<time>2026-07-13T16:25:02Z</time>
			</trkpt>
			<trkpt lat="48.75742" lon="-121.832611">
				<ele>2361.563965</ele>
				<time>2026-07-13T16:25:04Z</time>
			</trkpt>
			<trkpt lat="48.757343" lon="-121.832642">
				<ele>2360.540771</ele>
				<time>2026-07-13T16:25:16Z</time>
			</trkpt>
			<trkpt lat="48.757317" lon="-121.832649">
				<ele>2359.321777</ele>
				<time>2026-07-13T16:25:20Z</time>
			</trkpt>
			<trkpt lat="48.757263" lon="-121.832642">
				<ele>2358.865723</ele>
				<time>2026-07-13T16:25:27Z</time>
			</trkpt>
			<trkpt lat="48.757187" lon="-121.832619">
				<ele>2355.716309</ele>
				<time>2026-07-13T16:25:41Z</time>
			</trkpt>
			<trkpt lat="48.757164" lon="-121.832619">
				<ele>2356.549316</ele>
				<time>2026-07-13T16:25:46Z</time>
			</trkpt>
			<trkpt lat="48.757133" lon="-121.832619">
				<ele>2355.849365</ele>
				<time>2026-07-13T16:25:52Z</time>
			</trkpt>
			<trkpt lat="48.75708" lon="-121.832619">
				<ele>2353.341064</ele>
				<time>2026-07-13T16:25:59Z</time>
			</trkpt>
			<trkpt lat="48.756977" lon="-121.832626">
				<ele>2351.668945</ele>
				<time>2026-07-13T16:26:13Z</time>
			</trkpt>
			<trkpt lat="48.756947" lon="-121.832634">
				<ele>2350.351074</ele>
				<time>2026-07-13T16:26:17Z</time>
			</trkpt>
			<trkpt lat="48.756889" lon="-121.832649">
				<ele>2349.58252</ele>
				<time>2026-07-13T16:26:24Z</time>
			</trkpt>
			<trkpt lat="48.756863" lon="-121.832664">
				<ele>2349.860107</ele>
				<time>2026-07-13T16:26:29Z</time>
			</trkpt>
			<trkpt lat="48.75684" lon="-121.832664">
				<ele>2349.340088</ele>
				<time>2026-07-13T16:26:33Z</time>
			</trkpt>
			<trkpt lat="48.756817" lon="-121.83268">
				<ele>2349.369141</ele>
				<time>2026-07-13T16:26:37Z</time>
			</trkpt>
			<trkpt lat="48.75676" lon="-121.832687">
				<ele>2347.046631</ele>
				<time>2026-07-13T16:26:46Z</time>
			</trkpt>
			<trkpt lat="48.756737" lon="-121.832687">
				<ele>2347.244873</ele>
				<time>2026-07-13T16:26:50Z</time>
			</trkpt>
			<trkpt lat="48.75671" lon="-121.832703">
				<ele>2347.212646</ele>
				<time>2026-07-13T16:26:54Z</time>
			</trkpt>
			<trkpt lat="48.756527" lon="-121.832695">
				<ele>2341.050781</ele>
				<time>2026-07-13T16:27:26Z</time>
			</trkpt>
			<trkpt lat="48.756424" lon="-121.832726">
				<ele>2338.173828</ele>
				<time>2026-07-13T16:27:45Z</time>
			</trkpt>
			<trkpt lat="48.756321" lon="-121.832748">
				<ele>2336.226318</ele>
				<time>2026-07-13T16:28:03Z</time>
			</trkpt>
			<trkpt lat="48.756298" lon="-121.832748">
				<ele>2334.45166</ele>
				<time>2026-07-13T16:28:08Z</time>
			</trkpt>
			<trkpt lat="48.756275" lon="-121.832756">
				<ele>2334.341309</ele>
				<time>2026-07-13T16:28:13Z</time>
			</trkpt>
			<trkpt lat="48.756229" lon="-121.832779">
				<ele>2332.290283</ele>
				<time>2026-07-13T16:28:33Z</time>
			</trkpt>
			<trkpt lat="48.756207" lon="-121.832802">
				<ele>2331.83374</ele>
				<time>2026-07-13T16:28:42Z</time>
			</trkpt>
			<trkpt lat="48.756035" lon="-121.832878">
				<ele>2325.025146</ele>
				<time>2026-07-13T16:29:33Z</time>
			</trkpt>
			<trkpt lat="48.755993" lon="-121.832893">
				<ele>2324.518799</ele>
				<time>2026-07-13T16:29:43Z</time>
			</trkpt>
			<trkpt lat="48.755898" lon="-121.832924">
				<ele>2319.720703</ele>
				<time>2026-07-13T16:30:07Z</time>
			</trkpt>
			<trkpt lat="48.755856" lon="-121.832947">
				<ele>2318.793945</ele>
				<time>2026-07-13T16:30:19Z</time>
			</trkpt>
			<trkpt lat="48.755783" lon="-121.83297">
				<ele>2315.971924</ele>
				<time>2026-07-13T16:30:41Z</time>
			</trkpt>
			<trkpt lat="48.755756" lon="-121.832985">
				<ele>2313.263916</ele>
				<time>2026-07-13T16:30:50Z</time>
			</trkpt>
			<trkpt lat="48.755733" lon="-121.833">
				<ele>2313.422607</ele>
				<time>2026-07-13T16:31:00Z</time>
			</trkpt>
			<trkpt lat="48.755676" lon="-121.833015">
				<ele>2309.669922</ele>
				<time>2026-07-13T16:31:14Z</time>
			</trkpt>
			<trkpt lat="48.755535" lon="-121.833046">
				<ele>2304.712646</ele>
				<time>2026-07-13T16:31:43Z</time>
			</trkpt>
			<trkpt lat="48.755455" lon="-121.833076">
				<ele>2299.930664</ele>
				<time>2026-07-13T16:32:07Z</time>
			</trkpt>
			<trkpt lat="48.755428" lon="-121.833084">
				<ele>2299.872803</ele>
				<time>2026-07-13T16:32:12Z</time>
			</trkpt>
			<trkpt lat="48.755405" lon="-121.833084">
				<ele>2297.607178</ele>
				<time>2026-07-13T16:32:21Z</time>
			</trkpt>
			<trkpt lat="48.755329" lon="-121.833099">
				<ele>2295.186279</ele>
				<time>2026-07-13T16:32:37Z</time>
			</trkpt>
			<trkpt lat="48.755299" lon="-121.833099">
				<ele>2293.09375</ele>
				<time>2026-07-13T16:33:31Z</time>
			</trkpt>
			<trkpt lat="48.755123" lon="-121.833168">
				<ele>2285.279541</ele>
				<time>2026-07-13T16:34:11Z</time>
			</trkpt>
			<trkpt lat="48.7551" lon="-121.833153">
				<ele>2283.884521</ele>
				<time>2026-07-13T16:34:15Z</time>
			</trkpt>
			<trkpt lat="48.754997" lon="-121.833214">
				<ele>2279.512451</ele>
				<time>2026-07-13T16:34:33Z</time>
			</trkpt>
			<trkpt lat="48.754795" lon="-121.83326">
				<ele>2273.486084</ele>
				<time>2026-07-13T16:35:05Z</time>
			</trkpt>
			<trkpt lat="48.754772" lon="-121.83326">
				<ele>2273.519775</ele>
				<time>2026-07-13T16:35:07Z</time>
			</trkpt>
			<trkpt lat="48.754749" lon="-121.83326">
				<ele>2271.967041</ele>
				<time>2026-07-13T16:35:11Z</time>
			</trkpt>
			<trkpt lat="48.7547" lon="-121.83329">
				<ele>2270.555664</ele>
				<time>2026-07-13T16:35:17Z</time>
			</trkpt>
			<trkpt lat="48.754608" lon="-121.833359">
				<ele>2268.776855</ele>
				<time>2026-07-13T16:35:30Z</time>
			</trkpt>
			<trkpt lat="48.754585" lon="-121.833366">
				<ele>2269.253418</ele>
				<time>2026-07-13T16:35:33Z</time>
			</trkpt>
			<trkpt lat="48.754517" lon="-121.833412">
				<ele>2268.26709</ele>
				<time>2026-07-13T16:35:45Z</time>
			</trkpt>
			<trkpt lat="48.754494" lon="-121.833435">
				<ele>2268.240967</ele>
				<time>2026-07-13T16:35:48Z</time>
			</trkpt>
			<trkpt lat="48.754452" lon="-121.833466">
				<ele>2266.939453</ele>
				<time>2026-07-13T16:35:55Z</time>
			</trkpt>
			<trkpt lat="48.754433" lon="-121.833481">
				<ele>2267.080078</ele>
				<time>2026-07-13T16:35:58Z</time>
			</trkpt>
			<trkpt lat="48.754379" lon="-121.833511">
				<ele>2266.658936</ele>
				<time>2026-07-13T16:36:06Z</time>
			</trkpt>
			<trkpt lat="48.754353" lon="-121.833519">
				<ele>2265.311768</ele>
				<time>2026-07-13T16:36:11Z</time>
			</trkpt>
			<trkpt lat="48.75433" lon="-121.833542">
				<ele>2265.476318</ele>
				<time>2026-07-13T16:36:15Z</time>
			</trkpt>
			<trkpt lat="48.754303" lon="-121.833557">
				<ele>2265.049072</ele>
				<time>2026-07-13T16:36:19Z</time>
			</trkpt>
			<trkpt lat="48.754276" lon="-121.83358">
				<ele>2264.890625</ele>
				<time>2026-07-13T16:36:24Z</time>
			</trkpt>
			<trkpt lat="48.754234" lon="-121.833618">
				<ele>2263.050537</ele>
				<time>2026-07-13T16:36:33Z</time>
			</trkpt>
			<trkpt lat="48.754204" lon="-121.833649">
				<ele>2263.428223</ele>
				<time>2026-07-13T16:36:39Z</time>
			</trkpt>
			<trkpt lat="48.754158" lon="-121.833679">
				<ele>2261.196777</ele>
				<time>2026-07-13T16:36:48Z</time>
			</trkpt>
			<trkpt lat="48.754139" lon="-121.833702">
				<ele>2262.019043</ele>
				<time>2026-07-13T16:36:51Z</time>
			</trkpt>
			<trkpt lat="48.754089" lon="-121.833733">
				<ele>2260.966064</ele>
				<time>2026-07-13T16:37:02Z</time>
			</trkpt>
			<trkpt lat="48.754044" lon="-121.833771">
				<ele>2258.235352</ele>
				<time>2026-07-13T16:37:12Z</time>
			</trkpt>
			<trkpt lat="48.753994" lon="-121.833809">
				<ele>2257.490479</ele>
				<time>2026-07-13T16:37:22Z</time>
			</trkpt>
			<trkpt lat="48.753967" lon="-121.833817">
				<ele>2255.535889</ele>
				<time>2026-07-13T16:37:28Z</time>
			</trkpt>
			<trkpt lat="48.753887" lon="-121.833885">
				<ele>2254.912842</ele>
				<time>2026-07-13T16:37:46Z</time>
			</trkpt>
			<trkpt lat="48.753819" lon="-121.833939">
				<ele>2251.34668</ele>
				<time>2026-07-13T16:38:01Z</time>
			</trkpt>
			<trkpt lat="48.753796" lon="-121.833954">
				<ele>2251.183594</ele>
				<time>2026-07-13T16:38:07Z</time>
			</trkpt>
			<trkpt lat="48.753681" lon="-121.834076">
				<ele>2246.090088</ele>
				<time>2026-07-13T16:38:36Z</time>
			</trkpt>
			<trkpt lat="48.753605" lon="-121.834122">
				<ele>2242.198486</ele>
				<time>2026-07-13T16:38:51Z</time>
			</trkpt>
			<trkpt lat="48.753586" lon="-121.834145">
				<ele>2241.45874</ele>
				<time>2026-07-13T16:38:56Z</time>
			</trkpt>
			<trkpt lat="48.753525" lon="-121.834213">
				<ele>2240.660156</ele>
				<time>2026-07-13T16:39:11Z</time>
			</trkpt>
			<trkpt lat="48.753513" lon="-121.834244">
				<ele>2238.811035</ele>
				<time>2026-07-13T16:39:15Z</time>
			</trkpt>
			<trkpt lat="48.753399" lon="-121.834396">
				<ele>2232.684082</ele>
				<time>2026-07-13T16:39:46Z</time>
			</trkpt>
			<trkpt lat="48.753384" lon="-121.834419">
				<ele>2233.251709</ele>
				<time>2026-07-13T16:39:50Z</time>
			</trkpt>
			<trkpt lat="48.753372" lon="-121.83445">
				<ele>2232.530029</ele>
				<time>2026-07-13T16:39:55Z</time>
			</trkpt>
			<trkpt lat="48.753357" lon="-121.83448">
				<ele>2232.603516</ele>
				<time>2026-07-13T16:39:59Z</time>
			</trkpt>
			<trkpt lat="48.753342" lon="-121.834503">
				<ele>2231.321533</ele>
				<time>2026-07-13T16:40:04Z</time>
			</trkpt>
			<trkpt lat="48.753223" lon="-121.834763">
				<ele>2224.472412</ele>
				<time>2026-07-13T16:40:44Z</time>
			</trkpt>
			<trkpt lat="48.753197" lon="-121.834793">
				<ele>2224.138672</ele>
				<time>2026-07-13T16:40:48Z</time>
			</trkpt>
			<trkpt lat="48.753193" lon="-121.834831">
				<ele>2222.886475</ele>
				<time>2026-07-13T16:40:52Z</time>
			</trkpt>
			<trkpt lat="48.753166" lon="-121.834908">
				<ele>2222.290283</ele>
				<time>2026-07-13T16:41:00Z</time>
			</trkpt>
			<trkpt lat="48.753147" lon="-121.834923">
				<ele>2221.069824</ele>
				<time>2026-07-13T16:41:04Z</time>
			</trkpt>
			<trkpt lat="48.753105" lon="-121.835014">
				<ele>2219.246826</ele>
				<time>2026-07-13T16:41:21Z</time>
			</trkpt>
			<trkpt lat="48.753098" lon="-121.835052">
				<ele>2219.209229</ele>
				<time>2026-07-13T16:41:25Z</time>
			</trkpt>
			<trkpt lat="48.753071" lon="-121.835121">
				<ele>2218.157715</ele>
				<time>2026-07-13T16:41:41Z</time>
			</trkpt>
			<trkpt lat="48.753067" lon="-121.835159">
				<ele>2218.244629</ele>
				<time>2026-07-13T16:41:56Z</time>
			</trkpt>
			<trkpt lat="48.753056" lon="-121.835197">
				<ele>2217.099609</ele>
				<time>2026-07-13T16:42:00Z</time>
			</trkpt>
			<trkpt lat="48.753044" lon="-121.835236">
				<ele>2216.560059</ele>
				<time>2026-07-13T16:42:05Z</time>
			</trkpt>
			<trkpt lat="48.753021" lon="-121.835312">
				<ele>2216.065918</ele>
				<time>2026-07-13T16:42:14Z</time>
			</trkpt>
			<trkpt lat="48.753014" lon="-121.83535">
				<ele>2213.933594</ele>
				<time>2026-07-13T16:42:19Z</time>
			</trkpt>
			<trkpt lat="48.752998" lon="-121.835381">
				<ele>2214.545654</ele>
				<time>2026-07-13T16:42:23Z</time>
			</trkpt>
			<trkpt lat="48.752983" lon="-121.835457">
				<ele>2212.758301</ele>
				<time>2026-07-13T16:42:33Z</time>
			</trkpt>
			<trkpt lat="48.752964" lon="-121.835487">
				<ele>2213.213867</ele>
				<time>2026-07-13T16:42:37Z</time>
			</trkpt>
			<trkpt lat="48.752956" lon="-121.835526">
				<ele>2211.957031</ele>
				<time>2026-07-13T16:42:43Z</time>
			</trkpt>
			<trkpt lat="48.752972" lon="-121.835571">
				<ele>2211.91626</ele>
				<time>2026-07-13T16:42:47Z</time>
			</trkpt>
			<trkpt lat="48.752953" lon="-121.835594">
				<ele>2211.116699</ele>
				<time>2026-07-13T16:42:52Z</time>
			</trkpt>
			<trkpt lat="48.752941" lon="-121.835625">
				<ele>2211.094238</ele>
				<time>2026-07-13T16:42:59Z</time>
			</trkpt>
			<trkpt lat="48.752926" lon="-121.835655">
				<ele>2209.785156</ele>
				<time>2026-07-13T16:43:03Z</time>
			</trkpt>
			<trkpt lat="48.75288" lon="-121.835754">
				<ele>2208.150635</ele>
				<time>2026-07-13T16:43:18Z</time>
			</trkpt>
			<trkpt lat="48.752869" lon="-121.835785">
				<ele>2208.130371</ele>
				<time>2026-07-13T16:43:24Z</time>
			</trkpt>
			<trkpt lat="48.752853" lon="-121.835815">
				<ele>2207.272949</ele>
				<time>2026-07-13T16:43:36Z</time>
			</trkpt>
			<trkpt lat="48.752838" lon="-121.835854">
				<ele>2207.276611</ele>
				<time>2026-07-13T16:43:42Z</time>
			</trkpt>
			<trkpt lat="48.752804" lon="-121.836014">
				<ele>2202.499512</ele>
				<time>2026-07-13T16:44:05Z</time>
			</trkpt>
			<trkpt lat="48.752792" lon="-121.836128">
				<ele>2200.719971</ele>
				<time>2026-07-13T16:44:23Z</time>
			</trkpt>
			<trkpt lat="48.752766" lon="-121.836128">
				<ele>2199.723633</ele>
				<time>2026-07-13T16:44:27Z</time>
			</trkpt>
			<trkpt lat="48.752747" lon="-121.836189">
				<ele>2195.567139</ele>
				<time>2026-07-13T16:44:39Z</time>
			</trkpt>
			<trkpt lat="48.752739" lon="-121.836227">
				<ele>2196.241699</ele>
				<time>2026-07-13T16:44:46Z</time>
			</trkpt>
			<trkpt lat="48.752724" lon="-121.836327">
				<ele>2193.205566</ele>
				<time>2026-07-13T16:44:59Z</time>
			</trkpt>
			<trkpt lat="48.752708" lon="-121.836372">
				<ele>2192.745605</ele>
				<time>2026-07-13T16:45:06Z</time>
			</trkpt>
			<trkpt lat="48.752686" lon="-121.836395">
				<ele>2190.383545</ele>
				<time>2026-07-13T16:45:15Z</time>
			</trkpt>
			<trkpt lat="48.752689" lon="-121.836433">
				<ele>2190.690186</ele>
				<time>2026-07-13T16:45:23Z</time>
			</trkpt>
			<trkpt lat="48.752674" lon="-121.836502">
				<ele>2188.366455</ele>
				<time>2026-07-13T16:45:36Z</time>
			</trkpt>
			<trkpt lat="48.75259" lon="-121.836609">
				<ele>2183.216309</ele>
				<time>2026-07-13T16:45:59Z</time>
			</trkpt>
			<trkpt lat="48.75243" lon="-121.836617">
				<ele>2175.351074</ele>
				<time>2026-07-13T16:46:44Z</time>
			</trkpt>
			<trkpt lat="48.752426" lon="-121.836655">
				<ele>2173.836426</ele>
				<time>2026-07-13T16:47:01Z</time>
			</trkpt>
			<trkpt lat="48.752426" lon="-121.8367">
				<ele>2174.053467</ele>
				<time>2026-07-13T16:47:08Z</time>
			</trkpt>
			<trkpt lat="48.752415" lon="-121.83667">
				<ele>2176.310303</ele>
				<time>2026-07-13T16:48:30Z</time>
			</trkpt>
			<trkpt lat="48.752407" lon="-121.836639">
				<ele>2175.98999</ele>
				<time>2026-07-13T16:51:05Z</time>
			</trkpt>
			<trkpt lat="48.752377" lon="-121.836639">
				<ele>2174.480225</ele>
				<time>2026-07-13T16:52:26Z</time>
			</trkpt>
			<trkpt lat="48.752254" lon="-121.836655">
				<ele>2170.623535</ele>
				<time>2026-07-13T16:52:47Z</time>
			</trkpt>
			<trkpt lat="48.752201" lon="-121.836655">
				<ele>2167.73877</ele>
				<time>2026-07-13T16:52:57Z</time>
			</trkpt>
			<trkpt lat="48.752117" lon="-121.836685">
				<ele>2166.103027</ele>
				<time>2026-07-13T16:53:12Z</time>
			</trkpt>
			<trkpt lat="48.751949" lon="-121.836708">
				<ele>2160.17334</ele>
				<time>2026-07-13T16:53:45Z</time>
			</trkpt>
			<trkpt lat="48.751923" lon="-121.836716">
				<ele>2160.034668</ele>
				<time>2026-07-13T16:53:50Z</time>
			</trkpt>
			<trkpt lat="48.751892" lon="-121.836716">
				<ele>2158.763916</ele>
				<time>2026-07-13T16:53:54Z</time>
			</trkpt>
			<trkpt lat="48.751839" lon="-121.836739">
				<ele>2157.992188</ele>
				<time>2026-07-13T16:54:03Z</time>
			</trkpt>
			<trkpt lat="48.751778" lon="-121.836746">
				<ele>2155.672852</ele>
				<time>2026-07-13T16:54:14Z</time>
			</trkpt>
			<trkpt lat="48.751751" lon="-121.836754">
				<ele>2155.94043</ele>
				<time>2026-07-13T16:54:20Z</time>
			</trkpt>
			<trkpt lat="48.751694" lon="-121.836769">
				<ele>2152.91333</ele>
				<time>2026-07-13T16:54:30Z</time>
			</trkpt>
			<trkpt lat="48.751602" lon="-121.836807">
				<ele>2151.296875</ele>
				<time>2026-07-13T16:54:48Z</time>
			</trkpt>
			<trkpt lat="48.751541" lon="-121.836823">
				<ele>2149.092529</ele>
				<time>2026-07-13T16:55:02Z</time>
			</trkpt>
			<trkpt lat="48.751511" lon="-121.83683">
				<ele>2148.950928</ele>
				<time>2026-07-13T16:55:06Z</time>
			</trkpt>
			<trkpt lat="48.75148" lon="-121.836815">
				<ele>2147.567627</ele>
				<time>2026-07-13T16:55:11Z</time>
			</trkpt>
			<trkpt lat="48.7514" lon="-121.83683">
				<ele>2144.709473</ele>
				<time>2026-07-13T16:55:22Z</time>
			</trkpt>
			<trkpt lat="48.751343" lon="-121.836861">
				<ele>2143.318115</ele>
				<time>2026-07-13T16:55:32Z</time>
			</trkpt>
			<trkpt lat="48.751286" lon="-121.836853">
				<ele>2141.255615</ele>
				<time>2026-07-13T16:55:44Z</time>
			</trkpt>
			<trkpt lat="48.751232" lon="-121.836876">
				<ele>2141.418213</ele>
				<time>2026-07-13T16:55:53Z</time>
			</trkpt>
			<trkpt lat="48.751183" lon="-121.836891">
				<ele>2138.911865</ele>
				<time>2026-07-13T16:56:01Z</time>
			</trkpt>
			<trkpt lat="48.751156" lon="-121.836899">
				<ele>2138.832764</ele>
				<time>2026-07-13T16:56:05Z</time>
			</trkpt>
			<trkpt lat="48.751125" lon="-121.836906">
				<ele>2137.133545</ele>
				<time>2026-07-13T16:56:10Z</time>
			</trkpt>
			<trkpt lat="48.751106" lon="-121.836922">
				<ele>2137.239746</ele>
				<time>2026-07-13T16:56:15Z</time>
			</trkpt>
			<trkpt lat="48.751083" lon="-121.836914">
				<ele>2136.01001</ele>
				<time>2026-07-13T16:56:20Z</time>
			</trkpt>
			<trkpt lat="48.751049" lon="-121.836914">
				<ele>2135.359863</ele>
				<time>2026-07-13T16:56:25Z</time>
			</trkpt>
			<trkpt lat="48.751022" lon="-121.836914">
				<ele>2135.317871</ele>
				<time>2026-07-13T16:56:31Z</time>
			</trkpt>
			<trkpt lat="48.750996" lon="-121.836929">
				<ele>2133.426025</ele>
				<time>2026-07-13T16:56:36Z</time>
			</trkpt>
			<trkpt lat="48.750916" lon="-121.83696">
				<ele>2131.537598</ele>
				<time>2026-07-13T16:56:52Z</time>
			</trkpt>
			<trkpt lat="48.750889" lon="-121.836952">
				<ele>2130.011475</ele>
				<time>2026-07-13T16:56:57Z</time>
			</trkpt>
			<trkpt lat="48.750862" lon="-121.836952">
				<ele>2129.97168</ele>
				<time>2026-07-13T16:57:02Z</time>
			</trkpt>
			<trkpt lat="48.750763" lon="-121.836945">
				<ele>2126.556152</ele>
				<time>2026-07-13T16:57:37Z</time>
			</trkpt>
			<trkpt lat="48.75074" lon="-121.836929">
				<ele>2125.446289</ele>
				<time>2026-07-13T16:57:43Z</time>
			</trkpt>
			<trkpt lat="48.750717" lon="-121.836914">
				<ele>2125.330811</ele>
				<time>2026-07-13T16:57:59Z</time>
			</trkpt>
			<trkpt lat="48.750671" lon="-121.836876">
				<ele>2123.893799</ele>
				<time>2026-07-13T16:58:11Z</time>
			</trkpt>
			<trkpt lat="48.750637" lon="-121.83683">
				<ele>2121.268311</ele>
				<time>2026-07-13T16:58:24Z</time>
			</trkpt>
			<trkpt lat="48.750629" lon="-121.836784">
				<ele>2121.042236</ele>
				<time>2026-07-13T16:58:28Z</time>
			</trkpt>
			<trkpt lat="48.750614" lon="-121.836754">
				<ele>2120.495361</ele>
				<time>2026-07-13T16:58:36Z</time>
			</trkpt>
			<trkpt lat="48.750557" lon="-121.836739">
				<ele>2117.956299</ele>
				<time>2026-07-13T16:58:47Z</time>
			</trkpt>
			<trkpt lat="48.750286" lon="-121.836739">
				<ele>2109.365723</ele>
				<time>2026-07-13T16:59:36Z</time>
			</trkpt>
			<trkpt lat="48.750145" lon="-121.836731">
				<ele>2103.331787</ele>
				<time>2026-07-13T17:00:01Z</time>
			</trkpt>
			<trkpt lat="48.749924" lon="-121.836708">
				<ele>2097.845215</ele>
				<time>2026-07-13T17:00:42Z</time>
			</trkpt>
			<trkpt lat="48.749821" lon="-121.836708">
				<ele>2094.081055</ele>
				<time>2026-07-13T17:01:04Z</time>
			</trkpt>
			<trkpt lat="48.749737" lon="-121.836708">
				<ele>2092.206543</ele>
				<time>2026-07-13T17:01:21Z</time>
			</trkpt>
			<trkpt lat="48.749691" lon="-121.836716">
				<ele>2091.733154</ele>
				<time>2026-07-13T17:02:52Z</time>
			</trkpt>
			<trkpt lat="48.749508" lon="-121.836708">
				<ele>2081.749512</ele>
				<time>2026-07-13T17:03:34Z</time>
			</trkpt>
			<trkpt lat="48.749374" lon="-121.836739">
				<ele>2076.604736</ele>
				<time>2026-07-13T17:04:04Z</time>
			</trkpt>
			<trkpt lat="48.749329" lon="-121.836723">
				<ele>2073.967529</ele>
				<time>2026-07-13T17:04:14Z</time>
			</trkpt>
			<trkpt lat="48.749279" lon="-121.836739">
				<ele>2072.403076</ele>
				<time>2026-07-13T17:04:23Z</time>
			</trkpt>
			<trkpt lat="48.749241" lon="-121.836769">
				<ele>2071.994629</ele>
				<time>2026-07-13T17:04:29Z</time>
			</trkpt>
			<trkpt lat="48.749153" lon="-121.836761">
				<ele>2067.661621</ele>
				<time>2026-07-13T17:04:53Z</time>
			</trkpt>
			<trkpt lat="48.749027" lon="-121.836815">
				<ele>2063.182129</ele>
				<time>2026-07-13T17:05:22Z</time>
			</trkpt>
			<trkpt lat="48.748985" lon="-121.836815">
				<ele>2060.942627</ele>
				<time>2026-07-13T17:05:35Z</time>
			</trkpt>
			<trkpt lat="48.748901" lon="-121.836853">
				<ele>2058.205566</ele>
				<time>2026-07-13T17:05:51Z</time>
			</trkpt>
			<trkpt lat="48.74881" lon="-121.836876">
				<ele>2052.244141</ele>
				<time>2026-07-13T17:06:14Z</time>
			</trkpt>
			<trkpt lat="48.748631" lon="-121.836952">
				<ele>2045.311035</ele>
				<time>2026-07-13T17:06:49Z</time>
			</trkpt>
			<trkpt lat="48.748543" lon="-121.836983">
				<ele>2043.121094</ele>
				<time>2026-07-13T17:07:04Z</time>
			</trkpt>
			<trkpt lat="48.748505" lon="-121.837013">
				<ele>2041.377319</ele>
				<time>2026-07-13T17:07:11Z</time>
			</trkpt>
			<trkpt lat="48.748459" lon="-121.837036">
				<ele>2040.915405</ele>
				<time>2026-07-13T17:07:18Z</time>
			</trkpt>
			<trkpt lat="48.748413" lon="-121.837051">
				<ele>2041.220459</ele>
				<time>2026-07-13T17:07:24Z</time>
			</trkpt>
			<trkpt lat="48.748371" lon="-121.837074">
				<ele>2037.587769</ele>
				<time>2026-07-13T17:07:39Z</time>
			</trkpt>
			<trkpt lat="48.748329" lon="-121.83709">
				<ele>2036.155151</ele>
				<time>2026-07-13T17:09:48Z</time>
			</trkpt>
			<trkpt lat="48.748299" lon="-121.837143">
				<ele>2035.359985</ele>
				<time>2026-07-13T17:09:55Z</time>
			</trkpt>
			<trkpt lat="48.748257" lon="-121.837143">
				<ele>2034.372925</ele>
				<time>2026-07-13T17:10:01Z</time>
			</trkpt>
			<trkpt lat="48.748219" lon="-121.837181">
				<ele>2032.585449</ele>
				<time>2026-07-13T17:10:09Z</time>
			</trkpt>
			<trkpt lat="48.748127" lon="-121.837234">
				<ele>2030.748047</ele>
				<time>2026-07-13T17:10:24Z</time>
			</trkpt>
			<trkpt lat="48.747894" lon="-121.837318">
				<ele>2022.130615</ele>
				<time>2026-07-13T17:11:02Z</time>
			</trkpt>
			<trkpt lat="48.747852" lon="-121.837357">
				<ele>2022.031128</ele>
				<time>2026-07-13T17:11:11Z</time>
			</trkpt>
			<trkpt lat="48.747803" lon="-121.837372">
				<ele>2021.196167</ele>
				<time>2026-07-13T17:11:18Z</time>
			</trkpt>
			<trkpt lat="48.747765" lon="-121.83741">
				<ele>2019.123901</ele>
				<time>2026-07-13T17:11:27Z</time>
			</trkpt>
			<trkpt lat="48.747715" lon="-121.837418">
				<ele>2018.594604</ele>
				<time>2026-07-13T17:11:48Z</time>
			</trkpt>
			<trkpt lat="48.747669" lon="-121.83744">
				<ele>2017.422363</ele>
				<time>2026-07-13T17:11:55Z</time>
			</trkpt>
			<trkpt lat="48.747589" lon="-121.837494">
				<ele>2014.151245</ele>
				<time>2026-07-13T17:12:11Z</time>
			</trkpt>
			<trkpt lat="48.747547" lon="-121.83754">
				<ele>2012.762085</ele>
				<time>2026-07-13T17:12:17Z</time>
			</trkpt>
			<trkpt lat="48.747505" lon="-121.837563">
				<ele>2012.325928</ele>
				<time>2026-07-13T17:12:24Z</time>
			</trkpt>
			<trkpt lat="48.74741" lon="-121.837601">
				<ele>2009.163574</ele>
				<time>2026-07-13T17:12:41Z</time>
			</trkpt>
			<trkpt lat="48.747322" lon="-121.837662">
				<ele>2006.938599</ele>
				<time>2026-07-13T17:12:57Z</time>
			</trkpt>
			<trkpt lat="48.747196" lon="-121.837723">
				<ele>2001.967651</ele>
				<time>2026-07-13T17:13:17Z</time>
			</trkpt>
			<trkpt lat="48.747105" lon="-121.837776">
				<ele>1999.812378</ele>
				<time>2026-07-13T17:13:33Z</time>
			</trkpt>
			<trkpt lat="48.747063" lon="-121.837791">
				<ele>1998.037842</ele>
				<time>2026-07-13T17:13:40Z</time>
			</trkpt>
			<trkpt lat="48.746933" lon="-121.83786">
				<ele>1995.609497</ele>
				<time>2026-07-13T17:14:00Z</time>
			</trkpt>
			<trkpt lat="48.746807" lon="-121.837914">
				<ele>1989.597168</ele>
				<time>2026-07-13T17:14:18Z</time>
			</trkpt>
			<trkpt lat="48.746758" lon="-121.837921">
				<ele>1989.341187</ele>
				<time>2026-07-13T17:14:25Z</time>
			</trkpt>
			<trkpt lat="48.746708" lon="-121.837929">
				<ele>1990.225708</ele>
				<time>2026-07-13T17:14:32Z</time>
			</trkpt>
			<trkpt lat="48.746586" lon="-121.838005">
				<ele>1986.240723</ele>
				<time>2026-07-13T17:14:50Z</time>
			</trkpt>
			<trkpt lat="48.746536" lon="-121.838028">
				<ele>1986.094849</ele>
				<time>2026-07-13T17:14:56Z</time>
			</trkpt>
			<trkpt lat="48.746494" lon="-121.838043">
				<ele>1986.232178</ele>
				<time>2026-07-13T17:15:02Z</time>
			</trkpt>
			<trkpt lat="48.746452" lon="-121.838074">
				<ele>1984.59436</ele>
				<time>2026-07-13T17:15:09Z</time>
			</trkpt>
			<trkpt lat="48.746407" lon="-121.838089">
				<ele>1983.898926</ele>
				<time>2026-07-13T17:15:15Z</time>
			</trkpt>
			<trkpt lat="48.746368" lon="-121.838112">
				<ele>1983.744263</ele>
				<time>2026-07-13T17:15:21Z</time>
			</trkpt>
			<trkpt lat="48.746323" lon="-121.838127">
				<ele>1982.361206</ele>
				<time>2026-07-13T17:15:27Z</time>
			</trkpt>
			<trkpt lat="48.746281" lon="-121.838158">
				<ele>1981.600952</ele>
				<time>2026-07-13T17:15:33Z</time>
			</trkpt>
			<trkpt lat="48.746235" lon="-121.83815">
				<ele>1982.395874</ele>
				<time>2026-07-13T17:15:41Z</time>
			</trkpt>
			<trkpt lat="48.746147" lon="-121.838219">
				<ele>1979.814575</ele>
				<time>2026-07-13T17:15:56Z</time>
			</trkpt>
			<trkpt lat="48.745968" lon="-121.838264">
				<ele>1974.420898</ele>
				<time>2026-07-13T17:16:43Z</time>
			</trkpt>
			<trkpt lat="48.745918" lon="-121.838272">
				<ele>1973.80188</ele>
				<time>2026-07-13T17:20:41Z</time>
			</trkpt>
			<trkpt lat="48.745872" lon="-121.838287">
				<ele>1973.545532</ele>
				<time>2026-07-13T17:20:46Z</time>
			</trkpt>
			<trkpt lat="48.745789" lon="-121.83831">
				<ele>1972.09314</ele>
				<time>2026-07-13T17:21:00Z</time>
			</trkpt>
			<trkpt lat="48.745747" lon="-121.838348">
				<ele>1969.990723</ele>
				<time>2026-07-13T17:21:08Z</time>
			</trkpt>
			<trkpt lat="48.745705" lon="-121.838348">
				<ele>1970.925171</ele>
				<time>2026-07-13T17:21:13Z</time>
			</trkpt>
			<trkpt lat="48.745663" lon="-121.838371">
				<ele>1969.958008</ele>
				<time>2026-07-13T17:21:22Z</time>
			</trkpt>
			<trkpt lat="48.745621" lon="-121.838394">
				<ele>1967.701782</ele>
				<time>2026-07-13T17:21:29Z</time>
			</trkpt>
			<trkpt lat="48.745552" lon="-121.838493">
				<ele>1964.099976</ele>
				<time>2026-07-13T17:24:35Z</time>
			</trkpt>
			<trkpt lat="48.745499" lon="-121.838593">
				<ele>1966.655762</ele>
				<time>2026-07-13T17:25:05Z</time>
			</trkpt>
			<trkpt lat="48.745464" lon="-121.838638">
				<ele>1965.696167</ele>
				<time>2026-07-13T17:25:13Z</time>
			</trkpt>
			<trkpt lat="48.745411" lon="-121.838753">
				<ele>1968.958862</ele>
				<time>2026-07-13T17:30:55Z</time>
			</trkpt>
			<trkpt lat="48.74538" lon="-121.838799">
				<ele>1969.145752</ele>
				<time>2026-07-13T17:31:33Z</time>
			</trkpt>
			<trkpt lat="48.745251" lon="-121.838882">
				<ele>1966.358765</ele>
				<time>2026-07-13T17:35:52Z</time>
			</trkpt>
			<trkpt lat="48.74522" lon="-121.838936">
				<ele>1966.062012</ele>
				<time>2026-07-13T17:36:00Z</time>
			</trkpt>
			<trkpt lat="48.745186" lon="-121.838982">
				<ele>1964.696045</ele>
				<time>2026-07-13T17:36:06Z</time>
			</trkpt>
			<trkpt lat="48.745113" lon="-121.839073">
				<ele>1966.480713</ele>
				<time>2026-07-13T17:36:17Z</time>
			</trkpt>
			<trkpt lat="48.745075" lon="-121.839111">
				<ele>1968.836304</ele>
				<time>2026-07-13T17:40:02Z</time>
			</trkpt>
			<trkpt lat="48.745033" lon="-121.839142">
				<ele>1966.307129</ele>
				<time>2026-07-13T17:40:22Z</time>
			</trkpt>
			<trkpt lat="48.7449" lon="-121.839211">
				<ele>1961.825195</ele>
				<time>2026-07-13T17:40:40Z</time>
			</trkpt>
			<trkpt lat="48.744778" lon="-121.839294">
				<ele>1960.063721</ele>
				<time>2026-07-13T17:42:16Z</time>
			</trkpt>
			<trkpt lat="48.74469" lon="-121.839355">
				<ele>1954.988647</ele>
				<time>2026-07-13T17:42:27Z</time>
			</trkpt>
			<trkpt lat="48.744656" lon="-121.839409">
				<ele>1953.376953</ele>
				<time>2026-07-13T17:42:33Z</time>
			</trkpt>
			<trkpt lat="48.744625" lon="-121.839462">
				<ele>1952.680542</ele>
				<time>2026-07-13T17:42:37Z</time>
			</trkpt>
			<trkpt lat="48.744606" lon="-121.839523">
				<ele>1952.616943</ele>
				<time>2026-07-13T17:42:43Z</time>
			</trkpt>
			<trkpt lat="48.744591" lon="-121.839584">
				<ele>1951.298218</ele>
				<time>2026-07-13T17:42:48Z</time>
			</trkpt>
			<trkpt lat="48.744591" lon="-121.839653">
				<ele>1951.810059</ele>
				<time>2026-07-13T17:42:55Z</time>
			</trkpt>
			<trkpt lat="48.744595" lon="-121.839722">
				<ele>1950.615112</ele>
				<time>2026-07-13T17:43:05Z</time>
			</trkpt>
			<trkpt lat="48.744511" lon="-121.839783">
				<ele>1946.634399</ele>
				<time>2026-07-13T17:43:22Z</time>
			</trkpt>
			<trkpt lat="48.744484" lon="-121.839836">
				<ele>1943.912354</ele>
				<time>2026-07-13T17:43:27Z</time>
			</trkpt>
			<trkpt lat="48.744465" lon="-121.839905">
				<ele>1942.574585</ele>
				<time>2026-07-13T17:43:32Z</time>
			</trkpt>
			<trkpt lat="48.744434" lon="-121.839951">
				<ele>1939.816528</ele>
				<time>2026-07-13T17:43:43Z</time>
			</trkpt>
			<trkpt lat="48.7444" lon="-121.839996">
				<ele>1939.264282</ele>
				<time>2026-07-13T17:43:48Z</time>
			</trkpt>
			<trkpt lat="48.744358" lon="-121.84005">
				<ele>1937.929688</ele>
				<time>2026-07-13T17:43:57Z</time>
			</trkpt>
			<trkpt lat="48.744282" lon="-121.840118">
				<ele>1934.923706</ele>
				<time>2026-07-13T17:44:07Z</time>
			</trkpt>
			<trkpt lat="48.744228" lon="-121.84024">
				<ele>1932.13501</ele>
				<time>2026-07-13T17:44:19Z</time>
			</trkpt>
			<trkpt lat="48.744183" lon="-121.840233">
				<ele>1930.978149</ele>
				<time>2026-07-13T17:44:24Z</time>
			</trkpt>
			<trkpt lat="48.744144" lon="-121.840286">
				<ele>1929.537842</ele>
				<time>2026-07-13T17:44:30Z</time>
			</trkpt>
			<trkpt lat="48.744022" lon="-121.840355">
				<ele>1925.060791</ele>
				<time>2026-07-13T17:44:47Z</time>
			</trkpt>
			<trkpt lat="48.743984" lon="-121.840401">
				<ele>1924.312256</ele>
				<time>2026-07-13T17:44:52Z</time>
			</trkpt>
			<trkpt lat="48.74395" lon="-121.840454">
				<ele>1924.212158</ele>
				<time>2026-07-13T17:44:56Z</time>
			</trkpt>
			<trkpt lat="48.743866" lon="-121.840508">
				<ele>1919.162231</ele>
				<time>2026-07-13T17:45:14Z</time>
			</trkpt>
			<trkpt lat="48.743782" lon="-121.840508">
				<ele>1915.332153</ele>
				<time>2026-07-13T17:45:45Z</time>
			</trkpt>
			<trkpt lat="48.743744" lon="-121.840553">
				<ele>1914.852905</ele>
				<time>2026-07-13T17:45:51Z</time>
			</trkpt>
			<trkpt lat="48.74366" lon="-121.840607">
				<ele>1910.813843</ele>
				<time>2026-07-13T17:46:15Z</time>
			</trkpt>
			<trkpt lat="48.743546" lon="-121.840706">
				<ele>1907.648926</ele>
				<time>2026-07-13T17:46:37Z</time>
			</trkpt>
			<trkpt lat="48.743504" lon="-121.840729">
				<ele>1904.916382</ele>
				<time>2026-07-13T17:47:08Z</time>
			</trkpt>
			<trkpt lat="48.743462" lon="-121.840714">
				<ele>1901.174683</ele>
				<time>2026-07-13T17:47:23Z</time>
			</trkpt>
			<trkpt lat="48.743412" lon="-121.840721">
				<ele>1900.824585</ele>
				<time>2026-07-13T17:47:33Z</time>
			</trkpt>
			<trkpt lat="48.743294" lon="-121.840637">
				<ele>1891.649536</ele>
				<time>2026-07-13T17:48:22Z</time>
			</trkpt>
			<trkpt lat="48.743164" lon="-121.840569">
				<ele>1886.131592</ele>
				<time>2026-07-13T17:49:00Z</time>
			</trkpt>
			<trkpt lat="48.743118" lon="-121.840576">
				<ele>1883.226196</ele>
				<time>2026-07-13T17:49:13Z</time>
			</trkpt>
			<trkpt lat="48.74308" lon="-121.840538">
				<ele>1882.235596</ele>
				<time>2026-07-13T17:51:02Z</time>
			</trkpt>
			<trkpt lat="48.743038" lon="-121.840538">
				<ele>1880.387695</ele>
				<time>2026-07-13T17:51:14Z</time>
			</trkpt>
			<trkpt lat="48.742985" lon="-121.840546">
				<ele>1879.619385</ele>
				<time>2026-07-13T17:51:26Z</time>
			</trkpt>
			<trkpt lat="48.742947" lon="-121.840584">
				<ele>1877.504395</ele>
				<time>2026-07-13T17:51:42Z</time>
			</trkpt>
			<trkpt lat="48.742867" lon="-121.840637">
				<ele>1875.60022</ele>
				<time>2026-07-13T17:51:53Z</time>
			</trkpt>
			<trkpt lat="48.742821" lon="-121.840614">
				<ele>1873.560303</ele>
				<time>2026-07-13T17:52:01Z</time>
			</trkpt>
			<trkpt lat="48.742725" lon="-121.84063">
				<ele>1870.908325</ele>
				<time>2026-07-13T17:52:14Z</time>
			</trkpt>
			<trkpt lat="48.742558" lon="-121.840523">
				<ele>1864.851318</ele>
				<time>2026-07-13T17:52:42Z</time>
			</trkpt>
			<trkpt lat="48.742508" lon="-121.840523">
				<ele>1862.295776</ele>
				<time>2026-07-13T17:52:48Z</time>
			</trkpt>
			<trkpt lat="48.742462" lon="-121.8405">
				<ele>1861.157349</ele>
				<time>2026-07-13T17:52:53Z</time>
			</trkpt>
			<trkpt lat="48.742409" lon="-121.840477">
				<ele>1860.773926</ele>
				<time>2026-07-13T17:52:59Z</time>
			</trkpt>
			<trkpt lat="48.742371" lon="-121.840446">
				<ele>1859.567017</ele>
				<time>2026-07-13T17:53:03Z</time>
			</trkpt>
			<trkpt lat="48.742275" lon="-121.840424">
				<ele>1855.233154</ele>
				<time>2026-07-13T17:53:14Z</time>
			</trkpt>
			<trkpt lat="48.74218" lon="-121.840401">
				<ele>1854.160767</ele>
				<time>2026-07-13T17:53:24Z</time>
			</trkpt>
			<trkpt lat="48.742138" lon="-121.840385">
				<ele>1852.327759</ele>
				<time>2026-07-13T17:53:29Z</time>
			</trkpt>
			<trkpt lat="48.742088" lon="-121.840378">
				<ele>1851.987793</ele>
				<time>2026-07-13T17:53:34Z</time>
			</trkpt>
			<trkpt lat="48.741993" lon="-121.840401">
				<ele>1847.585327</ele>
				<time>2026-07-13T17:53:46Z</time>
			</trkpt>
			<trkpt lat="48.741951" lon="-121.840424">
				<ele>1847.366699</ele>
				<time>2026-07-13T17:53:52Z</time>
			</trkpt>
			<trkpt lat="48.741909" lon="-121.840439">
				<ele>1846.499146</ele>
				<time>2026-07-13T17:54:03Z</time>
			</trkpt>
			<trkpt lat="48.741867" lon="-121.840469">
				<ele>1845.112061</ele>
				<time>2026-07-13T17:54:11Z</time>
			</trkpt>
			<trkpt lat="48.741821" lon="-121.840462">
				<ele>1843.262573</ele>
				<time>2026-07-13T17:54:18Z</time>
			</trkpt>
			<trkpt lat="48.741768" lon="-121.840454">
				<ele>1842.478271</ele>
				<time>2026-07-13T17:54:25Z</time>
			</trkpt>
			<trkpt lat="48.741734" lon="-121.840408">
				<ele>1841.643188</ele>
				<time>2026-07-13T17:54:31Z</time>
			</trkpt>
			<trkpt lat="48.741711" lon="-121.840347">
				<ele>1842.213501</ele>
				<time>2026-07-13T17:54:36Z</time>
			</trkpt>
			<trkpt lat="48.74168" lon="-121.840302">
				<ele>1841.931274</ele>
				<time>2026-07-13T17:54:41Z</time>
			</trkpt>
			<trkpt lat="48.74165" lon="-121.840256">
				<ele>1843.059448</ele>
				<time>2026-07-13T17:54:47Z</time>
			</trkpt>
			<trkpt lat="48.741608" lon="-121.84021">
				<ele>1842.584717</ele>
				<time>2026-07-13T17:54:58Z</time>
			</trkpt>
			<trkpt lat="48.741558" lon="-121.840218">
				<ele>1842.730103</ele>
				<time>2026-07-13T17:55:04Z</time>
			</trkpt>
			<trkpt lat="48.741478" lon="-121.840126">
				<ele>1840.599487</ele>
				<time>2026-07-13T17:55:17Z</time>
			</trkpt>
			<trkpt lat="48.741436" lon="-121.840111">
				<ele>1840.531006</ele>
				<time>2026-07-13T17:55:22Z</time>
			</trkpt>
			<trkpt lat="48.741386" lon="-121.840111">
				<ele>1838.920898</ele>
				<time>2026-07-13T17:55:27Z</time>
			</trkpt>
			<trkpt lat="48.741344" lon="-121.840096">
				<ele>1839.151978</ele>
				<time>2026-07-13T17:55:33Z</time>
			</trkpt>
			<trkpt lat="48.741257" lon="-121.84008">
				<ele>1840.483032</ele>
				<time>2026-07-13T17:55:51Z</time>
			</trkpt>
			<trkpt lat="48.741211" lon="-121.840073">
				<ele>1839.744507</ele>
				<time>2026-07-13T17:55:56Z</time>
			</trkpt>
			<trkpt lat="48.741165" lon="-121.840065">
				<ele>1839.453979</ele>
				<time>2026-07-13T17:56:01Z</time>
			</trkpt>
			<trkpt lat="48.741119" lon="-121.840073">
				<ele>1839.493896</ele>
				<time>2026-07-13T17:56:07Z</time>
			</trkpt>
			<trkpt lat="48.741024" lon="-121.840065">
				<ele>1839.174561</ele>
				<time>2026-07-13T17:58:28Z</time>
			</trkpt>
			<trkpt lat="48.740978" lon="-121.840065">
				<ele>1837.84729</ele>
				<time>2026-07-13T17:58:35Z</time>
			</trkpt>
			<trkpt lat="48.740955" lon="-121.840126">
				<ele>1836.383301</ele>
				<time>2026-07-13T17:58:43Z</time>
			</trkpt>
			<trkpt lat="48.740864" lon="-121.840149">
				<ele>1834.330688</ele>
				<time>2026-07-13T17:58:58Z</time>
			</trkpt>
			<trkpt lat="48.740822" lon="-121.840126">
				<ele>1834.045044</ele>
				<time>2026-07-13T17:59:05Z</time>
			</trkpt>
			<trkpt lat="48.740784" lon="-121.840096">
				<ele>1833.940796</ele>
				<time>2026-07-13T17:59:12Z</time>
			</trkpt>
			<trkpt lat="48.740746" lon="-121.840118">
				<ele>1835.113159</ele>
				<time>2026-07-13T17:59:26Z</time>
			</trkpt>
			<trkpt lat="48.740784" lon="-121.840088">
				<ele>1834.449829</ele>
				<time>2026-07-13T18:02:59Z</time>
			</trkpt>
			<trkpt lat="48.740826" lon="-121.840118">
				<ele>1833.938843</ele>
				<time>2026-07-13T18:03:04Z</time>
			</trkpt>
			<trkpt lat="48.74078" lon="-121.840096">
				<ele>1834.986938</ele>
				<time>2026-07-13T18:04:00Z</time>
			</trkpt>
			<trkpt lat="48.740742" lon="-121.840126">
				<ele>1835.491211</ele>
				<time>2026-07-13T18:04:08Z</time>
			</trkpt>
			<trkpt lat="48.740715" lon="-121.840195">
				<ele>1835.366943</ele>
				<time>2026-07-13T18:43:40Z</time>
			</trkpt>
			<trkpt lat="48.7407" lon="-121.840256">
				<ele>1832.217285</ele>
				<time>2026-07-13T18:43:51Z</time>
			</trkpt>
			<trkpt lat="48.740696" lon="-121.840324">
				<ele>1830.304565</ele>
				<time>2026-07-13T18:44:01Z</time>
			</trkpt>
			<trkpt lat="48.740711" lon="-121.840393">
				<ele>1830.182983</ele>
				<time>2026-07-13T18:44:06Z</time>
			</trkpt>
			<trkpt lat="48.740738" lon="-121.840446">
				<ele>1828.318359</ele>
				<time>2026-07-13T18:44:14Z</time>
			</trkpt>
			<trkpt lat="48.7407" lon="-121.840408">
				<ele>1829.940674</ele>
				<time>2026-07-13T18:45:56Z</time>
			</trkpt>
			<trkpt lat="48.740696" lon="-121.840332">
				<ele>1830.227051</ele>
				<time>2026-07-13T18:46:04Z</time>
			</trkpt>
			<trkpt lat="48.740704" lon="-121.840263">
				<ele>1830.361328</ele>
				<time>2026-07-13T18:46:11Z</time>
			</trkpt>
			<trkpt lat="48.740726" lon="-121.840202">
				<ele>1834.48938</ele>
				<time>2026-07-13T18:46:21Z</time>
			</trkpt>
			<trkpt lat="48.740746" lon="-121.840141">
				<ele>1835.460449</ele>
				<time>2026-07-13T18:46:28Z</time>
			</trkpt>
			<trkpt lat="48.740772" lon="-121.840088">
				<ele>1832.067383</ele>
				<time>2026-07-13T18:49:05Z</time>
			</trkpt>
			<trkpt lat="48.740738" lon="-121.840042">
				<ele>1837.599365</ele>
				<time>2026-07-13T19:00:28Z</time>
			</trkpt>
			<trkpt lat="48.740746" lon="-121.840103">
				<ele>1835.011963</ele>
				<time>2026-07-13T19:03:47Z</time>
			</trkpt>
			<trkpt lat="48.740788" lon="-121.840118">
				<ele>1835.15625</ele>
				<time>2026-07-13T19:09:15Z</time>
			</trkpt>
			<trkpt lat="48.740753" lon="-121.84008">
				<ele>1836.05249</ele>
				<time>2026-07-13T19:11:39Z</time>
			</trkpt>
			<trkpt lat="48.740734" lon="-121.840141">
				<ele>1836.260498</ele>
				<time>2026-07-13T19:16:21Z</time>
			</trkpt>
			<trkpt lat="48.740719" lon="-121.84021">
				<ele>1834.961548</ele>
				<time>2026-07-13T19:16:27Z</time>
			</trkpt>
			<trkpt lat="48.740681" lon="-121.840256">
				<ele>1833.465454</ele>
				<time>2026-07-13T19:16:38Z</time>
			</trkpt>
			<trkpt lat="48.740639" lon="-121.840263">
				<ele>1832.231079</ele>
				<time>2026-07-13T19:16:46Z</time>
			</trkpt>
			<trkpt lat="48.740604" lon="-121.840317">
				<ele>1829.955933</ele>
				<time>2026-07-13T19:16:55Z</time>
			</trkpt>
			<trkpt lat="48.740574" lon="-121.840363">
				<ele>1828.620239</ele>
				<time>2026-07-13T19:17:01Z</time>
			</trkpt>
			<trkpt lat="48.740551" lon="-121.840424">
				<ele>1828.506104</ele>
				<time>2026-07-13T19:17:09Z</time>
			</trkpt>
			<trkpt lat="48.740513" lon="-121.840454">
				<ele>1825.47876</ele>
				<time>2026-07-13T19:17:34Z</time>
			</trkpt>
			<trkpt lat="48.740479" lon="-121.840408">
				<ele>1823.414429</ele>
				<time>2026-07-13T19:17:43Z</time>
			</trkpt>
			<trkpt lat="48.740437" lon="-121.840401">
				<ele>1820.960815</ele>
				<time>2026-07-13T19:18:00Z</time>
			</trkpt>
			<trkpt lat="48.740387" lon="-121.840416">
				<ele>1819.226196</ele>
				<time>2026-07-13T19:18:11Z</time>
			</trkpt>
			<trkpt lat="48.740345" lon="-121.840393">
				<ele>1816.384155</ele>
				<time>2026-07-13T19:18:21Z</time>
			</trkpt>
			<trkpt lat="48.740307" lon="-121.840355">
				<ele>1815.917847</ele>
				<time>2026-07-13T19:18:27Z</time>
			</trkpt>
			<trkpt lat="48.740265" lon="-121.840332">
				<ele>1816.445923</ele>
				<time>2026-07-13T19:18:32Z</time>
			</trkpt>
			<trkpt lat="48.740215" lon="-121.84037">
				<ele>1816.378662</ele>
				<time>2026-07-13T19:18:40Z</time>
			</trkpt>
			<trkpt lat="48.74017" lon="-121.840408">
				<ele>1817.541382</ele>
				<time>2026-07-13T19:18:47Z</time>
			</trkpt>
			<trkpt lat="48.740128" lon="-121.840401">
				<ele>1817.619141</ele>
				<time>2026-07-13T19:18:53Z</time>
			</trkpt>
			<trkpt lat="48.740082" lon="-121.840431">
				<ele>1817.128906</ele>
				<time>2026-07-13T19:19:02Z</time>
			</trkpt>
			<trkpt lat="48.740059" lon="-121.840378">
				<ele>1815.56604</ele>
				<time>2026-07-13T19:19:12Z</time>
			</trkpt>
			<trkpt lat="48.739944" lon="-121.840271">
				<ele>1809.473022</ele>
				<time>2026-07-13T19:19:49Z</time>
			</trkpt>
			<trkpt lat="48.739857" lon="-121.840286">
				<ele>1806.785522</ele>
				<time>2026-07-13T19:20:04Z</time>
			</trkpt>
			<trkpt lat="48.739838" lon="-121.840355">
				<ele>1806.121338</ele>
				<time>2026-07-13T19:20:10Z</time>
			</trkpt>
			<trkpt lat="48.739799" lon="-121.840385">
				<ele>1805.822998</ele>
				<time>2026-07-13T19:20:17Z</time>
			</trkpt>
			<trkpt lat="48.73975" lon="-121.840408">
				<ele>1806.587646</ele>
				<time>2026-07-13T19:20:22Z</time>
			</trkpt>
			<trkpt lat="48.739704" lon="-121.840431">
				<ele>1806.737793</ele>
				<time>2026-07-13T19:20:28Z</time>
			</trkpt>
			<trkpt lat="48.73962" lon="-121.840454">
				<ele>1809.219116</ele>
				<time>2026-07-13T19:20:42Z</time>
			</trkpt>
			<trkpt lat="48.739578" lon="-121.840431">
				<ele>1809.860596</ele>
				<time>2026-07-13T19:20:55Z</time>
			</trkpt>
			<trkpt lat="48.739563" lon="-121.840363">
				<ele>1809.345093</ele>
				<time>2026-07-13T19:21:04Z</time>
			</trkpt>
			<trkpt lat="48.739552" lon="-121.840286">
				<ele>1809.524292</ele>
				<time>2026-07-13T19:21:11Z</time>
			</trkpt>
			<trkpt lat="48.739525" lon="-121.84024">
				<ele>1809.207886</ele>
				<time>2026-07-13T19:21:16Z</time>
			</trkpt>
			<trkpt lat="48.739502" lon="-121.840179">
				<ele>1809.138428</ele>
				<time>2026-07-13T19:21:21Z</time>
			</trkpt>
			<trkpt lat="48.739468" lon="-121.840149">
				<ele>1809.174072</ele>
				<time>2026-07-13T19:21:26Z</time>
			</trkpt>
			<trkpt lat="48.739334" lon="-121.840141">
				<ele>1806.763306</ele>
				<time>2026-07-13T19:21:45Z</time>
			</trkpt>
			<trkpt lat="48.739292" lon="-121.840172">
				<ele>1806.493774</ele>
				<time>2026-07-13T19:21:52Z</time>
			</trkpt>
			<trkpt lat="48.739246" lon="-121.840195">
				<ele>1804.750244</ele>
				<time>2026-07-13T19:22:04Z</time>
			</trkpt>
			<trkpt lat="48.739201" lon="-121.840309">
				<ele>1803.378174</ele>
				<time>2026-07-13T19:22:15Z</time>
			</trkpt>
			<trkpt lat="48.739136" lon="-121.840393">
				<ele>1799.72876</ele>
				<time>2026-07-13T19:22:27Z</time>
			</trkpt>
			<trkpt lat="48.739052" lon="-121.840378">
				<ele>1797.945801</ele>
				<time>2026-07-13T19:22:37Z</time>
			</trkpt>
			<trkpt lat="48.739006" lon="-121.840393">
				<ele>1797.780518</ele>
				<time>2026-07-13T19:22:43Z</time>
			</trkpt>
			<trkpt lat="48.738972" lon="-121.840431">
				<ele>1799.357056</ele>
				<time>2026-07-13T19:22:50Z</time>
			</trkpt>
			<trkpt lat="48.738945" lon="-121.840485">
				<ele>1800.276733</ele>
				<time>2026-07-13T19:22:55Z</time>
			</trkpt>
			<trkpt lat="48.738926" lon="-121.840546">
				<ele>1799.753296</ele>
				<time>2026-07-13T19:23:01Z</time>
			</trkpt>
			<trkpt lat="48.738934" lon="-121.840683">
				<ele>1797.265259</ele>
				<time>2026-07-13T19:23:11Z</time>
			</trkpt>
			<trkpt lat="48.738914" lon="-121.840744">
				<ele>1797.574219</ele>
				<time>2026-07-13T19:23:15Z</time>
			</trkpt>
			<trkpt lat="48.73888" lon="-121.840797">
				<ele>1798.835327</ele>
				<time>2026-07-13T19:23:21Z</time>
			</trkpt>
			<trkpt lat="48.738861" lon="-121.840858">
				<ele>1801.616943</ele>
				<time>2026-07-13T19:23:28Z</time>
			</trkpt>
			<trkpt lat="48.73885" lon="-121.840927">
				<ele>1802.029907</ele>
				<time>2026-07-13T19:23:34Z</time>
			</trkpt>
			<trkpt lat="48.73885" lon="-121.840996">
				<ele>1801.094604</ele>
				<time>2026-07-13T19:23:41Z</time>
			</trkpt>
			<trkpt lat="48.738815" lon="-121.841026">
				<ele>1797.784302</ele>
				<time>2026-07-13T19:23:50Z</time>
			</trkpt>
			<trkpt lat="48.738789" lon="-121.841087">
				<ele>1796.37146</ele>
				<time>2026-07-13T19:23:59Z</time>
			</trkpt>
			<trkpt lat="48.738819" lon="-121.841141">
				<ele>1795.475342</ele>
				<time>2026-07-13T19:24:07Z</time>
			</trkpt>
			<trkpt lat="48.738853" lon="-121.841187">
				<ele>1795.995972</ele>
				<time>2026-07-13T19:24:11Z</time>
			</trkpt>
			<trkpt lat="48.738823" lon="-121.84124">
				<ele>1795.807617</ele>
				<time>2026-07-13T19:24:15Z</time>
			</trkpt>
			<trkpt lat="48.738777" lon="-121.841255">
				<ele>1796.769287</ele>
				<time>2026-07-13T19:24:20Z</time>
			</trkpt>
			<trkpt lat="48.738739" lon="-121.841209">
				<ele>1798.12146</ele>
				<time>2026-07-13T19:24:42Z</time>
			</trkpt>
			<trkpt lat="48.738693" lon="-121.841217">
				<ele>1798.072021</ele>
				<time>2026-07-13T19:24:49Z</time>
			</trkpt>
			<trkpt lat="48.738651" lon="-121.841225">
				<ele>1798.360229</ele>
				<time>2026-07-13T19:24:56Z</time>
			</trkpt>
			<trkpt lat="48.738605" lon="-121.841225">
				<ele>1797.757568</ele>
				<time>2026-07-13T19:25:00Z</time>
			</trkpt>
			<trkpt lat="48.738567" lon="-121.84127">
				<ele>1797.466064</ele>
				<time>2026-07-13T19:25:06Z</time>
			</trkpt>
			<trkpt lat="48.738522" lon="-121.841286">
				<ele>1798.28125</ele>
				<time>2026-07-13T19:25:12Z</time>
			</trkpt>
			<trkpt lat="48.738426" lon="-121.841286">
				<ele>1796.05896</ele>
				<time>2026-07-13T19:25:28Z</time>
			</trkpt>
			<trkpt lat="48.73838" lon="-121.841301">
				<ele>1795.703735</ele>
				<time>2026-07-13T19:25:35Z</time>
			</trkpt>
			<trkpt lat="48.738277" lon="-121.841293">
				<ele>1794.569702</ele>
				<time>2026-07-13T19:25:46Z</time>
			</trkpt>
			<trkpt lat="48.738228" lon="-121.841286">
				<ele>1794.753174</ele>
				<time>2026-07-13T19:25:51Z</time>
			</trkpt>
			<trkpt lat="48.738182" lon="-121.841301">
				<ele>1795.251099</ele>
				<time>2026-07-13T19:25:55Z</time>
			</trkpt>
			<trkpt lat="48.738136" lon="-121.841316">
				<ele>1795.082397</ele>
				<time>2026-07-13T19:26:00Z</time>
			</trkpt>
			<trkpt lat="48.738041" lon="-121.841324">
				<ele>1797.367798</ele>
				<time>2026-07-13T19:26:11Z</time>
			</trkpt>
			<trkpt lat="48.737995" lon="-121.841324">
				<ele>1797.831055</ele>
				<time>2026-07-13T19:26:17Z</time>
			</trkpt>
			<trkpt lat="48.737858" lon="-121.841293">
				<ele>1793.604004</ele>
				<time>2026-07-13T19:26:40Z</time>
			</trkpt>
			<trkpt lat="48.737812" lon="-121.841293">
				<ele>1792.887573</ele>
				<time>2026-07-13T19:26:45Z</time>
			</trkpt>
			<trkpt lat="48.737667" lon="-121.84127">
				<ele>1787.667358</ele>
				<time>2026-07-13T19:27:08Z</time>
			</trkpt>
			<trkpt lat="48.737614" lon="-121.841278">
				<ele>1787.019043</ele>
				<time>2026-07-13T19:27:14Z</time>
			</trkpt>
			<trkpt lat="48.737564" lon="-121.841278">
				<ele>1786.742798</ele>
				<time>2026-07-13T19:27:20Z</time>
			</trkpt>
			<trkpt lat="48.737518" lon="-121.841278">
				<ele>1785.288696</ele>
				<time>2026-07-13T19:27:28Z</time>
			</trkpt>
			<trkpt lat="48.737465" lon="-121.841301">
				<ele>1784.731201</ele>
				<time>2026-07-13T19:27:44Z</time>
			</trkpt>
			<trkpt lat="48.737324" lon="-121.841293">
				<ele>1782.174805</ele>
				<time>2026-07-13T19:28:04Z</time>
			</trkpt>
			<trkpt lat="48.737278" lon="-121.841286">
				<ele>1781.937744</ele>
				<time>2026-07-13T19:28:10Z</time>
			</trkpt>
			<trkpt lat="48.737236" lon="-121.841301">
				<ele>1782.40625</ele>
				<time>2026-07-13T19:28:15Z</time>
			</trkpt>
			<trkpt lat="48.737015" lon="-121.841324">
				<ele>1777.404663</ele>
				<time>2026-07-13T19:28:45Z</time>
			</trkpt>
			<trkpt lat="48.736969" lon="-121.841331">
				<ele>1777.248291</ele>
				<time>2026-07-13T19:28:52Z</time>
			</trkpt>
			<trkpt lat="48.736877" lon="-121.841316">
				<ele>1774.398438</ele>
				<time>2026-07-13T19:29:07Z</time>
			</trkpt>
			<trkpt lat="48.736835" lon="-121.841309">
				<ele>1773.901489</ele>
				<time>2026-07-13T19:29:14Z</time>
			</trkpt>
			<trkpt lat="48.736786" lon="-121.841309">
				<ele>1773.699707</ele>
				<time>2026-07-13T19:29:24Z</time>
			</trkpt>
			<trkpt lat="48.73674" lon="-121.841324">
				<ele>1773.071777</ele>
				<time>2026-07-13T19:29:32Z</time>
			</trkpt>
			<trkpt lat="48.736786" lon="-121.841324">
				<ele>1772.027222</ele>
				<time>2026-07-13T19:29:49Z</time>
			</trkpt>
			<trkpt lat="48.736774" lon="-121.841393">
				<ele>1769.620239</ele>
				<time>2026-07-13T19:30:21Z</time>
			</trkpt>
			<trkpt lat="48.736691" lon="-121.841431">
				<ele>1765.543823</ele>
				<time>2026-07-13T19:31:06Z</time>
			</trkpt>
			<trkpt lat="48.736645" lon="-121.841438">
				<ele>1765.338135</ele>
				<time>2026-07-13T19:31:20Z</time>
			</trkpt>
			<trkpt lat="48.736603" lon="-121.841438">
				<ele>1763.892578</ele>
				<time>2026-07-13T19:31:36Z</time>
			</trkpt>
			<trkpt lat="48.736519" lon="-121.841415">
				<ele>1757.426147</ele>
				<time>2026-07-13T19:32:00Z</time>
			</trkpt>
			<trkpt lat="48.736477" lon="-121.841446">
				<ele>1756.698486</ele>
				<time>2026-07-13T19:32:10Z</time>
			</trkpt>
			<trkpt lat="48.736431" lon="-121.841431">
				<ele>1756.369141</ele>
				<time>2026-07-13T19:32:19Z</time>
			</trkpt>
			<trkpt lat="48.736393" lon="-121.841393">
				<ele>1755.655884</ele>
				<time>2026-07-13T19:32:26Z</time>
			</trkpt>
			<trkpt lat="48.736343" lon="-121.841393">
				<ele>1754.409058</ele>
				<time>2026-07-13T19:32:34Z</time>
			</trkpt>
			<trkpt lat="48.73621" lon="-121.841339">
				<ele>1749.858887</ele>
				<time>2026-07-13T19:33:05Z</time>
			</trkpt>
			<trkpt lat="48.736172" lon="-121.841362">
				<ele>1749.898315</ele>
				<time>2026-07-13T19:33:11Z</time>
			</trkpt>
			<trkpt lat="48.73613" lon="-121.84137">
				<ele>1749.685913</ele>
				<time>2026-07-13T19:33:17Z</time>
			</trkpt>
			<trkpt lat="48.736076" lon="-121.841377">
				<ele>1748.936768</ele>
				<time>2026-07-13T19:33:24Z</time>
			</trkpt>
			<trkpt lat="48.735939" lon="-121.84137">
				<ele>1744.659302</ele>
				<time>2026-07-13T19:34:04Z</time>
			</trkpt>
			<trkpt lat="48.735893" lon="-121.84137">
				<ele>1744.259399</ele>
				<time>2026-07-13T19:34:13Z</time>
			</trkpt>
			<trkpt lat="48.735851" lon="-121.841377">
				<ele>1742.503418</ele>
				<time>2026-07-13T19:34:21Z</time>
			</trkpt>
			<trkpt lat="48.735806" lon="-121.8414">
				<ele>1741.708618</ele>
				<time>2026-07-13T19:34:30Z</time>
			</trkpt>
			<trkpt lat="48.73576" lon="-121.841393">
				<ele>1741.678833</ele>
				<time>2026-07-13T19:34:37Z</time>
			</trkpt>
			<trkpt lat="48.735661" lon="-121.841385">
				<ele>1738.663818</ele>
				<time>2026-07-13T19:34:53Z</time>
			</trkpt>
			<trkpt lat="48.735569" lon="-121.841385">
				<ele>1737.08606</ele>
				<time>2026-07-13T19:35:10Z</time>
			</trkpt>
			<trkpt lat="48.735527" lon="-121.841393">
				<ele>1735.486328</ele>
				<time>2026-07-13T19:35:17Z</time>
			</trkpt>
			<trkpt lat="48.735477" lon="-121.841385">
				<ele>1734.928955</ele>
				<time>2026-07-13T19:35:25Z</time>
			</trkpt>
			<trkpt lat="48.735435" lon="-121.841393">
				<ele>1734.976929</ele>
				<time>2026-07-13T19:35:31Z</time>
			</trkpt>
			<trkpt lat="48.73539" lon="-121.841408">
				<ele>1734.298462</ele>
				<time>2026-07-13T19:35:38Z</time>
			</trkpt>
			<trkpt lat="48.735302" lon="-121.841393">
				<ele>1732.270142</ele>
				<time>2026-07-13T19:35:50Z</time>
			</trkpt>
			<trkpt lat="48.73521" lon="-121.841415">
				<ele>1730.303223</ele>
				<time>2026-07-13T19:36:04Z</time>
			</trkpt>
			<trkpt lat="48.735126" lon="-121.841393">
				<ele>1728.233521</ele>
				<time>2026-07-13T19:36:20Z</time>
			</trkpt>
			<trkpt lat="48.735081" lon="-121.841385">
				<ele>1726.142944</ele>
				<time>2026-07-13T19:36:31Z</time>
			</trkpt>
			<trkpt lat="48.73494" lon="-121.841385">
				<ele>1722.278076</ele>
				<time>2026-07-13T19:36:57Z</time>
			</trkpt>
			<trkpt lat="48.734894" lon="-121.841393">
				<ele>1722.200928</ele>
				<time>2026-07-13T19:37:04Z</time>
			</trkpt>
			<trkpt lat="48.734848" lon="-121.8414">
				<ele>1721.993042</ele>
				<time>2026-07-13T19:37:11Z</time>
			</trkpt>
			<trkpt lat="48.734756" lon="-121.841393">
				<ele>1719.090088</ele>
				<time>2026-07-13T19:37:26Z</time>
			</trkpt>
			<trkpt lat="48.734665" lon="-121.8414">
				<ele>1718.285522</ele>
				<time>2026-07-13T19:37:42Z</time>
			</trkpt>
			<trkpt lat="48.734623" lon="-121.841393">
				<ele>1715.820923</ele>
				<time>2026-07-13T19:37:51Z</time>
			</trkpt>
			<trkpt lat="48.734577" lon="-121.841385">
				<ele>1715.223877</ele>
				<time>2026-07-13T19:37:58Z</time>
			</trkpt>
			<trkpt lat="48.734539" lon="-121.841362">
				<ele>1713.884277</ele>
				<time>2026-07-13T19:38:05Z</time>
			</trkpt>
			<trkpt lat="48.734486" lon="-121.841377">
				<ele>1713.314819</ele>
				<time>2026-07-13T19:38:12Z</time>
			</trkpt>
			<trkpt lat="48.734352" lon="-121.841362">
				<ele>1709.431274</ele>
				<time>2026-07-13T19:38:33Z</time>
			</trkpt>
			<trkpt lat="48.734303" lon="-121.841354">
				<ele>1709.114258</ele>
				<time>2026-07-13T19:38:40Z</time>
			</trkpt>
			<trkpt lat="48.734215" lon="-121.841331">
				<ele>1706.370605</ele>
				<time>2026-07-13T19:38:55Z</time>
			</trkpt>
			<trkpt lat="48.734119" lon="-121.841324">
				<ele>1704.794312</ele>
				<time>2026-07-13T19:39:10Z</time>
			</trkpt>
			<trkpt lat="48.733974" lon="-121.841324">
				<ele>1700.760132</ele>
				<time>2026-07-13T19:39:31Z</time>
			</trkpt>
			<trkpt lat="48.733932" lon="-121.841324">
				<ele>1700.407715</ele>
				<time>2026-07-13T19:39:37Z</time>
			</trkpt>
			<trkpt lat="48.733887" lon="-121.841339">
				<ele>1700.465698</ele>
				<time>2026-07-13T19:39:43Z</time>
			</trkpt>
			<trkpt lat="48.733845" lon="-121.841316">
				<ele>1699.193481</ele>
				<time>2026-07-13T19:39:51Z</time>
			</trkpt>
			<trkpt lat="48.733524" lon="-121.841316">
				<ele>1688.685425</ele>
				<time>2026-07-13T19:40:52Z</time>
			</trkpt>
			<trkpt lat="48.733486" lon="-121.841347">
				<ele>1686.81604</ele>
				<time>2026-07-13T19:41:04Z</time>
			</trkpt>
			<trkpt lat="48.733341" lon="-121.841362">
				<ele>1683.041382</ele>
				<time>2026-07-13T19:41:28Z</time>
			</trkpt>
			<trkpt lat="48.733295" lon="-121.841377">
				<ele>1682.665161</ele>
				<time>2026-07-13T19:41:35Z</time>
			</trkpt>
			<trkpt lat="48.733208" lon="-121.841438">
				<ele>1679.662354</ele>
				<time>2026-07-13T19:41:50Z</time>
			</trkpt>
			<trkpt lat="48.733158" lon="-121.841438">
				<ele>1678.902832</ele>
				<time>2026-07-13T19:41:56Z</time>
			</trkpt>
			<trkpt lat="48.733078" lon="-121.841499">
				<ele>1677.272461</ele>
				<time>2026-07-13T19:42:15Z</time>
			</trkpt>
			<trkpt lat="48.73299" lon="-121.841499">
				<ele>1674.807007</ele>
				<time>2026-07-13T19:42:34Z</time>
			</trkpt>
			<trkpt lat="48.732944" lon="-121.841507">
				<ele>1671.196777</ele>
				<time>2026-07-13T19:42:47Z</time>
			</trkpt>
			<trkpt lat="48.732899" lon="-121.841515">
				<ele>1671.324707</ele>
				<time>2026-07-13T19:42:56Z</time>
			</trkpt>
			<trkpt lat="48.732853" lon="-121.841507">
				<ele>1669.02771</ele>
				<time>2026-07-13T19:43:08Z</time>
			</trkpt>
			<trkpt lat="48.732834" lon="-121.841568">
				<ele>1665.903564</ele>
				<time>2026-07-13T19:43:22Z</time>
			</trkpt>
			<trkpt lat="48.732792" lon="-121.84153">
				<ele>1665.974731</ele>
				<time>2026-07-13T19:43:28Z</time>
			</trkpt>
			<trkpt lat="48.73275" lon="-121.841515">
				<ele>1664.469727</ele>
				<time>2026-07-13T19:43:36Z</time>
			</trkpt>
			<trkpt lat="48.732704" lon="-121.841476">
				<ele>1663.733276</ele>
				<time>2026-07-13T19:43:44Z</time>
			</trkpt>
			<trkpt lat="48.732613" lon="-121.841484">
				<ele>1662.473633</ele>
				<time>2026-07-13T19:43:59Z</time>
			</trkpt>
			<trkpt lat="48.732521" lon="-121.841446">
				<ele>1659.383423</ele>
				<time>2026-07-13T19:44:17Z</time>
			</trkpt>
			<trkpt lat="48.732475" lon="-121.841438">
				<ele>1659.208008</ele>
				<time>2026-07-13T19:44:26Z</time>
			</trkpt>
			<trkpt lat="48.732433" lon="-121.841446">
				<ele>1658.215942</ele>
				<time>2026-07-13T19:44:35Z</time>
			</trkpt>
			<trkpt lat="48.732391" lon="-121.841454">
				<ele>1655.56311</ele>
				<time>2026-07-13T19:44:46Z</time>
			</trkpt>
			<trkpt lat="48.732262" lon="-121.841408">
				<ele>1653.92041</ele>
				<time>2026-07-13T19:45:06Z</time>
			</trkpt>
			<trkpt lat="48.732216" lon="-121.841415">
				<ele>1652.35144</ele>
				<time>2026-07-13T19:45:14Z</time>
			</trkpt>
			<trkpt lat="48.732159" lon="-121.8414">
				<ele>1651.236206</ele>
				<time>2026-07-13T19:45:30Z</time>
			</trkpt>
			<trkpt lat="48.732063" lon="-121.841423">
				<ele>1647.659912</ele>
				<time>2026-07-13T19:45:51Z</time>
			</trkpt>
			<trkpt lat="48.731972" lon="-121.841393">
				<ele>1646.005615</ele>
				<time>2026-07-13T19:46:10Z</time>
			</trkpt>
			<trkpt lat="48.731934" lon="-121.841423">
				<ele>1644.983032</ele>
				<time>2026-07-13T19:46:20Z</time>
			</trkpt>
			<trkpt lat="48.731888" lon="-121.8414">
				<ele>1643.923584</ele>
				<time>2026-07-13T19:46:26Z</time>
			</trkpt>
			<trkpt lat="48.731846" lon="-121.841385">
				<ele>1644.027344</ele>
				<time>2026-07-13T19:46:33Z</time>
			</trkpt>
			<trkpt lat="48.7318" lon="-121.84137">
				<ele>1643.48938</ele>
				<time>2026-07-13T19:46:39Z</time>
			</trkpt>
			<trkpt lat="48.731651" lon="-121.841362">
				<ele>1644.015137</ele>
				<time>2026-07-13T19:46:56Z</time>
			</trkpt>
			<trkpt lat="48.73151" lon="-121.841362">
				<ele>1641.874268</ele>
				<time>2026-07-13T19:47:21Z</time>
			</trkpt>
			<trkpt lat="48.731468" lon="-121.841339">
				<ele>1641.642822</ele>
				<time>2026-07-13T19:47:27Z</time>
			</trkpt>
			<trkpt lat="48.731422" lon="-121.841347">
				<ele>1640.426025</ele>
				<time>2026-07-13T19:47:36Z</time>
			</trkpt>
			<trkpt lat="48.731377" lon="-121.841331">
				<ele>1640.454956</ele>
				<time>2026-07-13T19:47:41Z</time>
			</trkpt>
			<trkpt lat="48.731331" lon="-121.841347">
				<ele>1640.560059</ele>
				<time>2026-07-13T19:47:47Z</time>
			</trkpt>
			<trkpt lat="48.731194" lon="-121.841339">
				<ele>1638.219116</ele>
				<time>2026-07-13T19:48:02Z</time>
			</trkpt>
			<trkpt lat="48.731152" lon="-121.841316">
				<ele>1638.057617</ele>
				<time>2026-07-13T19:48:06Z</time>
			</trkpt>
			<trkpt lat="48.731106" lon="-121.841324">
				<ele>1637.239014</ele>
				<time>2026-07-13T19:48:11Z</time>
			</trkpt>
			<trkpt lat="48.731056" lon="-121.841309">
				<ele>1638.118286</ele>
				<time>2026-07-13T19:48:17Z</time>
			</trkpt>
			<trkpt lat="48.73101" lon="-121.841301">
				<ele>1637.343628</ele>
				<time>2026-07-13T19:48:22Z</time>
			</trkpt>
			<trkpt lat="48.730957" lon="-121.841301">
				<ele>1637.203125</ele>
				<time>2026-07-13T19:48:27Z</time>
			</trkpt>
			<trkpt lat="48.730907" lon="-121.841309">
				<ele>1636.842651</ele>
				<time>2026-07-13T19:48:33Z</time>
			</trkpt>
			<trkpt lat="48.730862" lon="-121.841293">
				<ele>1637.356323</ele>
				<time>2026-07-13T19:48:38Z</time>
			</trkpt>
			<trkpt lat="48.730816" lon="-121.841286">
				<ele>1636.146118</ele>
				<time>2026-07-13T19:48:43Z</time>
			</trkpt>
			<trkpt lat="48.73077" lon="-121.84127">
				<ele>1635.620972</ele>
				<time>2026-07-13T19:48:49Z</time>
			</trkpt>
			<trkpt lat="48.730675" lon="-121.84127">
				<ele>1633.379272</ele>
				<time>2026-07-13T19:49:02Z</time>
			</trkpt>
			<trkpt lat="48.730629" lon="-121.841248">
				<ele>1633.417847</ele>
				<time>2026-07-13T19:49:07Z</time>
			</trkpt>
			<trkpt lat="48.730583" lon="-121.84124">
				<ele>1633.101929</ele>
				<time>2026-07-13T19:49:12Z</time>
			</trkpt>
			<trkpt lat="48.730534" lon="-121.841232">
				<ele>1633.499634</ele>
				<time>2026-07-13T19:49:17Z</time>
			</trkpt>
			<trkpt lat="48.730392" lon="-121.841202">
				<ele>1629.351196</ele>
				<time>2026-07-13T19:49:36Z</time>
			</trkpt>
			<trkpt lat="48.730343" lon="-121.841194">
				<ele>1629.18811</ele>
				<time>2026-07-13T19:49:41Z</time>
			</trkpt>
			<trkpt lat="48.730244" lon="-121.841164">
				<ele>1628.12854</ele>
				<time>2026-07-13T19:49:53Z</time>
			</trkpt>
			<trkpt lat="48.730202" lon="-121.841148">
				<ele>1628.309814</ele>
				<time>2026-07-13T19:49:59Z</time>
			</trkpt>
			<trkpt lat="48.730152" lon="-121.841141">
				<ele>1627.969849</ele>
				<time>2026-07-13T19:50:06Z</time>
			</trkpt>
			<trkpt lat="48.730106" lon="-121.841125">
				<ele>1627.946777</ele>
				<time>2026-07-13T19:50:11Z</time>
			</trkpt>
			<trkpt lat="48.730061" lon="-121.841141">
				<ele>1626.276367</ele>
				<time>2026-07-13T19:50:16Z</time>
			</trkpt>
			<trkpt lat="48.730022" lon="-121.841095">
				<ele>1626.053833</ele>
				<time>2026-07-13T19:50:22Z</time>
			</trkpt>
			<trkpt lat="48.729973" lon="-121.841087">
				<ele>1625.661499</ele>
				<time>2026-07-13T19:50:27Z</time>
			</trkpt>
			<trkpt lat="48.729927" lon="-121.841072">
				<ele>1626.447876</ele>
				<time>2026-07-13T19:50:31Z</time>
			</trkpt>
			<trkpt lat="48.729778" lon="-121.841011">
				<ele>1622.874268</ele>
				<time>2026-07-13T19:50:51Z</time>
			</trkpt>
			<trkpt lat="48.729729" lon="-121.840996">
				<ele>1622.292114</ele>
				<time>2026-07-13T19:50:57Z</time>
			</trkpt>
			<trkpt lat="48.729683" lon="-121.840981">
				<ele>1622.231201</ele>
				<time>2026-07-13T19:51:04Z</time>
			</trkpt>
			<trkpt lat="48.729637" lon="-121.840973">
				<ele>1621.990234</ele>
				<time>2026-07-13T19:51:10Z</time>
			</trkpt>
			<trkpt lat="48.7295" lon="-121.840919">
				<ele>1619.052368</ele>
				<time>2026-07-13T19:51:30Z</time>
			</trkpt>
			<trkpt lat="48.729469" lon="-121.840874">
				<ele>1619.41394</ele>
				<time>2026-07-13T19:51:37Z</time>
			</trkpt>
			<trkpt lat="48.729424" lon="-121.840866">
				<ele>1618.543823</ele>
				<time>2026-07-13T19:51:42Z</time>
			</trkpt>
			<trkpt lat="48.729374" lon="-121.840874">
				<ele>1618.546265</ele>
				<time>2026-07-13T19:51:47Z</time>
			</trkpt>
			<trkpt lat="48.729332" lon="-121.840851">
				<ele>1617.973511</ele>
				<time>2026-07-13T19:51:52Z</time>
			</trkpt>
			<trkpt lat="48.729145" lon="-121.840782">
				<ele>1613.622559</ele>
				<time>2026-07-13T19:52:16Z</time>
			</trkpt>
			<trkpt lat="48.729111" lon="-121.840736">
				<ele>1613.003418</ele>
				<time>2026-07-13T19:52:22Z</time>
			</trkpt>
			<trkpt lat="48.729069" lon="-121.840744">
				<ele>1612.697998</ele>
				<time>2026-07-13T19:52:27Z</time>
			</trkpt>
			<trkpt lat="48.729027" lon="-121.840721">
				<ele>1611.230469</ele>
				<time>2026-07-13T19:52:33Z</time>
			</trkpt>
			<trkpt lat="48.728985" lon="-121.840706">
				<ele>1610.793091</ele>
				<time>2026-07-13T19:52:39Z</time>
			</trkpt>
			<trkpt lat="48.728893" lon="-121.840675">
				<ele>1608.720459</ele>
				<time>2026-07-13T19:52:51Z</time>
			</trkpt>
			<trkpt lat="48.728714" lon="-121.840668">
				<ele>1603.175659</ele>
				<time>2026-07-13T19:53:17Z</time>
			</trkpt>
			<trkpt lat="48.72863" lon="-121.840614">
				<ele>1601.631348</ele>
				<time>2026-07-13T19:53:28Z</time>
			</trkpt>
			<trkpt lat="48.728607" lon="-121.840477">
				<ele>1601.522705</ele>
				<time>2026-07-13T19:53:40Z</time>
			</trkpt>
			<trkpt lat="48.728542" lon="-121.840378">
				<ele>1602.670288</ele>
				<time>2026-07-13T19:53:53Z</time>
			</trkpt>
			<trkpt lat="48.728497" lon="-121.840363">
				<ele>1602.200073</ele>
				<time>2026-07-13T19:53:58Z</time>
			</trkpt>
			<trkpt lat="48.728451" lon="-121.84034">
				<ele>1602.625732</ele>
				<time>2026-07-13T19:54:03Z</time>
			</trkpt>
			<trkpt lat="48.728409" lon="-121.84034">
				<ele>1601.317017</ele>
				<time>2026-07-13T19:54:10Z</time>
			</trkpt>
			<trkpt lat="48.728363" lon="-121.840317">
				<ele>1600.981323</ele>
				<time>2026-07-13T19:54:15Z</time>
			</trkpt>
			<trkpt lat="48.728329" lon="-121.840271">
				<ele>1601.763428</ele>
				<time>2026-07-13T19:54:21Z</time>
			</trkpt>
			<trkpt lat="48.728283" lon="-121.840248">
				<ele>1601.275024</ele>
				<time>2026-07-13T19:54:27Z</time>
			</trkpt>
			<trkpt lat="48.728233" lon="-121.84024">
				<ele>1600.71582</ele>
				<time>2026-07-13T19:54:32Z</time>
			</trkpt>
			<trkpt lat="48.728191" lon="-121.840218">
				<ele>1599.05249</ele>
				<time>2026-07-13T19:54:38Z</time>
			</trkpt>
			<trkpt lat="48.728149" lon="-121.840179">
				<ele>1598.347046</ele>
				<time>2026-07-13T19:54:47Z</time>
			</trkpt>
			<trkpt lat="48.7281" lon="-121.840179">
				<ele>1596.377075</ele>
				<time>2026-07-13T19:54:58Z</time>
			</trkpt>
			<trkpt lat="48.72805" lon="-121.840141">
				<ele>1594.692871</ele>
				<time>2026-07-13T19:55:04Z</time>
			</trkpt>
			<trkpt lat="48.728016" lon="-121.840088">
				<ele>1594.11499</ele>
				<time>2026-07-13T19:55:11Z</time>
			</trkpt>
			<trkpt lat="48.727974" lon="-121.840057">
				<ele>1592.774292</ele>
				<time>2026-07-13T19:55:17Z</time>
			</trkpt>
			<trkpt lat="48.72789" lon="-121.840004">
				<ele>1591.316162</ele>
				<time>2026-07-13T19:55:29Z</time>
			</trkpt>
			<trkpt lat="48.727844" lon="-121.839973">
				<ele>1591.039917</ele>
				<time>2026-07-13T19:55:35Z</time>
			</trkpt>
			<trkpt lat="48.727802" lon="-121.839943">
				<ele>1589.93457</ele>
				<time>2026-07-13T19:55:40Z</time>
			</trkpt>
			<trkpt lat="48.727718" lon="-121.839874">
				<ele>1589.338989</ele>
				<time>2026-07-13T19:55:54Z</time>
			</trkpt>
			<trkpt lat="48.727592" lon="-121.839798">
				<ele>1586.922241</ele>
				<time>2026-07-13T19:56:25Z</time>
			</trkpt>
			<trkpt lat="48.727547" lon="-121.83979">
				<ele>1584.302368</ele>
				<time>2026-07-13T19:57:01Z</time>
			</trkpt>
			<trkpt lat="48.727463" lon="-121.839729">
				<ele>1583.188477</ele>
				<time>2026-07-13T19:57:17Z</time>
			</trkpt>
			<trkpt lat="48.727421" lon="-121.839691">
				<ele>1583.42981</ele>
				<time>2026-07-13T19:57:22Z</time>
			</trkpt>
			<trkpt lat="48.727375" lon="-121.839661">
				<ele>1582.295166</ele>
				<time>2026-07-13T19:57:29Z</time>
			</trkpt>
			<trkpt lat="48.727329" lon="-121.839638">
				<ele>1580.216919</ele>
				<time>2026-07-13T19:57:36Z</time>
			</trkpt>
			<trkpt lat="48.727249" lon="-121.839569">
				<ele>1579.322632</ele>
				<time>2026-07-13T19:57:46Z</time>
			</trkpt>
			<trkpt lat="48.7272" lon="-121.839546">
				<ele>1579.269287</ele>
				<time>2026-07-13T19:57:51Z</time>
			</trkpt>
			<trkpt lat="48.72707" lon="-121.839439">
				<ele>1575.860352</ele>
				<time>2026-07-13T19:58:10Z</time>
			</trkpt>
			<trkpt lat="48.726982" lon="-121.839386">
				<ele>1571.512207</ele>
				<time>2026-07-13T19:58:23Z</time>
			</trkpt>
			<trkpt lat="48.726944" lon="-121.839348">
				<ele>1571.357178</ele>
				<time>2026-07-13T19:58:29Z</time>
			</trkpt>
			<trkpt lat="48.726856" lon="-121.839294">
				<ele>1568.532837</ele>
				<time>2026-07-13T19:58:41Z</time>
			</trkpt>
			<trkpt lat="48.726719" lon="-121.839195">
				<ele>1565.06189</ele>
				<time>2026-07-13T19:59:01Z</time>
			</trkpt>
			<trkpt lat="48.726597" lon="-121.839104">
				<ele>1563.356079</ele>
				<time>2026-07-13T19:59:19Z</time>
			</trkpt>
			<trkpt lat="48.726471" lon="-121.839005">
				<ele>1559.827759</ele>
				<time>2026-07-13T19:59:37Z</time>
			</trkpt>
			<trkpt lat="48.726429" lon="-121.838974">
				<ele>1559.768799</ele>
				<time>2026-07-13T19:59:42Z</time>
			</trkpt>
			<trkpt lat="48.726383" lon="-121.838951">
				<ele>1558.860352</ele>
				<time>2026-07-13T19:59:48Z</time>
			</trkpt>
			<trkpt lat="48.726227" lon="-121.838821">
				<ele>1553.565063</ele>
				<time>2026-07-13T20:00:12Z</time>
			</trkpt>
			<trkpt lat="48.726185" lon="-121.838791">
				<ele>1552.409668</ele>
				<time>2026-07-13T20:00:18Z</time>
			</trkpt>
			<trkpt lat="48.726143" lon="-121.83876">
				<ele>1552.240967</ele>
				<time>2026-07-13T20:00:25Z</time>
			</trkpt>
			<trkpt lat="48.726059" lon="-121.838684">
				<ele>1548.187866</ele>
				<time>2026-07-13T20:00:36Z</time>
			</trkpt>
			<trkpt lat="48.726021" lon="-121.838646">
				<ele>1547.888062</ele>
				<time>2026-07-13T20:00:42Z</time>
			</trkpt>
			<trkpt lat="48.725933" lon="-121.838615">
				<ele>1545.103027</ele>
				<time>2026-07-13T20:00:56Z</time>
			</trkpt>
			<trkpt lat="48.725895" lon="-121.838577">
				<ele>1544.678833</ele>
				<time>2026-07-13T20:01:01Z</time>
			</trkpt>
			<trkpt lat="48.725857" lon="-121.838524">
				<ele>1542.565186</ele>
				<time>2026-07-13T20:01:07Z</time>
			</trkpt>
			<trkpt lat="48.725815" lon="-121.838516">
				<ele>1541.907104</ele>
				<time>2026-07-13T20:01:16Z</time>
			</trkpt>
			<trkpt lat="48.725777" lon="-121.838486">
				<ele>1540.434448</ele>
				<time>2026-07-13T20:01:21Z</time>
			</trkpt>
			<trkpt lat="48.725735" lon="-121.83847">
				<ele>1540.294312</ele>
				<time>2026-07-13T20:01:28Z</time>
			</trkpt>
			<trkpt lat="48.725689" lon="-121.838448">
				<ele>1537.344727</ele>
				<time>2026-07-13T20:01:36Z</time>
			</trkpt>
			<trkpt lat="48.725559" lon="-121.838371">
				<ele>1533.288574</ele>
				<time>2026-07-13T20:01:58Z</time>
			</trkpt>
			<trkpt lat="48.72543" lon="-121.838303">
				<ele>1528.243286</ele>
				<time>2026-07-13T20:02:19Z</time>
			</trkpt>
			<trkpt lat="48.725357" lon="-121.838226">
				<ele>1526.442749</ele>
				<time>2026-07-13T20:02:32Z</time>
			</trkpt>
			<trkpt lat="48.725277" lon="-121.838181">
				<ele>1523.722046</ele>
				<time>2026-07-13T20:02:43Z</time>
			</trkpt>
			<trkpt lat="48.725201" lon="-121.83812">
				<ele>1522.096558</ele>
				<time>2026-07-13T20:02:55Z</time>
			</trkpt>
			<trkpt lat="48.725159" lon="-121.838112">
				<ele>1520.413696</ele>
				<time>2026-07-13T20:03:04Z</time>
			</trkpt>
			<trkpt lat="48.725079" lon="-121.838051">
				<ele>1518.933228</ele>
				<time>2026-07-13T20:03:17Z</time>
			</trkpt>
			<trkpt lat="48.725029" lon="-121.83802">
				<ele>1516.625244</ele>
				<time>2026-07-13T20:03:27Z</time>
			</trkpt>
			<trkpt lat="48.724991" lon="-121.83799">
				<ele>1516.194092</ele>
				<time>2026-07-13T20:03:33Z</time>
			</trkpt>
			<trkpt lat="48.724945" lon="-121.837967">
				<ele>1515.088989</ele>
				<time>2026-07-13T20:03:39Z</time>
			</trkpt>
			<trkpt lat="48.724865" lon="-121.837891">
				<ele>1511.859131</ele>
				<time>2026-07-13T20:03:51Z</time>
			</trkpt>
			<trkpt lat="48.724831" lon="-121.837845">
				<ele>1511.149658</ele>
				<time>2026-07-13T20:03:57Z</time>
			</trkpt>
			<trkpt lat="48.7248" lon="-121.837791">
				<ele>1511.431763</ele>
				<time>2026-07-13T20:04:03Z</time>
			</trkpt>
			<trkpt lat="48.724712" lon="-121.837769">
				<ele>1508.734009</ele>
				<time>2026-07-13T20:04:17Z</time>
			</trkpt>
			<trkpt lat="48.72467" lon="-121.837738">
				<ele>1508.839722</ele>
				<time>2026-07-13T20:05:51Z</time>
			</trkpt>
			<trkpt lat="48.724602" lon="-121.837646">
				<ele>1507.166016</ele>
				<time>2026-07-13T20:06:03Z</time>
			</trkpt>
			<trkpt lat="48.724483" lon="-121.83754">
				<ele>1504.077393</ele>
				<time>2026-07-13T20:06:21Z</time>
			</trkpt>
			<trkpt lat="48.724434" lon="-121.837524">
				<ele>1502.398926</ele>
				<time>2026-07-13T20:06:28Z</time>
			</trkpt>
			<trkpt lat="48.724392" lon="-121.837502">
				<ele>1501.990723</ele>
				<time>2026-07-13T20:06:33Z</time>
			</trkpt>
			<trkpt lat="48.7243" lon="-121.837486">
				<ele>1498.403931</ele>
				<time>2026-07-13T20:06:54Z</time>
			</trkpt>
			<trkpt lat="48.724255" lon="-121.837509">
				<ele>1497.541626</ele>
				<time>2026-07-13T20:07:02Z</time>
			</trkpt>
			<trkpt lat="48.724232" lon="-121.837448">
				<ele>1498.585571</ele>
				<time>2026-07-13T20:07:09Z</time>
			</trkpt>
			<trkpt lat="48.724197" lon="-121.83741">
				<ele>1497.709106</ele>
				<time>2026-07-13T20:07:15Z</time>
			</trkpt>
			<trkpt lat="48.724159" lon="-121.837379">
				<ele>1495.331665</ele>
				<time>2026-07-13T20:07:20Z</time>
			</trkpt>
			<trkpt lat="48.724064" lon="-121.837357">
				<ele>1492.729858</ele>
				<time>2026-07-13T20:07:31Z</time>
			</trkpt>
			<trkpt lat="48.724037" lon="-121.837296">
				<ele>1493.348145</ele>
				<time>2026-07-13T20:07:50Z</time>
			</trkpt>
			<trkpt lat="48.7239" lon="-121.837242">
				<ele>1489.711426</ele>
				<time>2026-07-13T20:08:05Z</time>
			</trkpt>
			<trkpt lat="48.72385" lon="-121.837227">
				<ele>1487.640503</ele>
				<time>2026-07-13T20:08:13Z</time>
			</trkpt>
			<trkpt lat="48.723846" lon="-121.837357">
				<ele>1482.907959</ele>
				<time>2026-07-13T20:08:39Z</time>
			</trkpt>
			<trkpt lat="48.723846" lon="-121.837433">
				<ele>1482.224243</ele>
				<time>2026-07-13T20:08:46Z</time>
			</trkpt>
			<trkpt lat="48.723827" lon="-121.837494">
				<ele>1480.349731</ele>
				<time>2026-07-13T20:08:54Z</time>
			</trkpt>
			<trkpt lat="48.723793" lon="-121.837555">
				<ele>1480.359497</ele>
				<time>2026-07-13T20:09:02Z</time>
			</trkpt>
			<trkpt lat="48.723785" lon="-121.837616">
				<ele>1478.959229</ele>
				<time>2026-07-13T20:09:08Z</time>
			</trkpt>
			<trkpt lat="48.72374" lon="-121.837639">
				<ele>1478.805664</ele>
				<time>2026-07-13T20:09:12Z</time>
			</trkpt>
			<trkpt lat="48.723705" lon="-121.837677">
				<ele>1479.030762</ele>
				<time>2026-07-13T20:09:17Z</time>
			</trkpt>
			<trkpt lat="48.72369" lon="-121.837738">
				<ele>1479.73877</ele>
				<time>2026-07-13T20:09:31Z</time>
			</trkpt>
			<trkpt lat="48.723679" lon="-121.837799">
				<ele>1483.738037</ele>
				<time>2026-07-13T20:09:43Z</time>
			</trkpt>
			<trkpt lat="48.723675" lon="-121.837868">
				<ele>1485.416992</ele>
				<time>2026-07-13T20:09:58Z</time>
			</trkpt>
			<trkpt lat="48.72364" lon="-121.837914">
				<ele>1487.368042</ele>
				<time>2026-07-13T20:10:17Z</time>
			</trkpt>
			<trkpt lat="48.723598" lon="-121.837936">
				<ele>1487.658813</ele>
				<time>2026-07-13T20:10:24Z</time>
			</trkpt>
			<trkpt lat="48.723553" lon="-121.837967">
				<ele>1487.778687</ele>
				<time>2026-07-13T20:10:32Z</time>
			</trkpt>
			<trkpt lat="48.723522" lon="-121.837982">
				<ele>1485.23645</ele>
				<time>2026-07-13T20:10:38Z</time>
			</trkpt>
			<trkpt lat="48.723495" lon="-121.838036">
				<ele>1487.592041</ele>
				<time>2026-07-13T20:10:46Z</time>
			</trkpt>
			<trkpt lat="48.723476" lon="-121.838097">
				<ele>1487.911987</ele>
				<time>2026-07-13T20:10:52Z</time>
			</trkpt>
			<trkpt lat="48.723457" lon="-121.838165">
				<ele>1487.479858</ele>
				<time>2026-07-13T20:10:59Z</time>
			</trkpt>
			<trkpt lat="48.723438" lon="-121.838226">
				<ele>1487.592285</ele>
				<time>2026-07-13T20:11:04Z</time>
			</trkpt>
			<trkpt lat="48.723412" lon="-121.838287">
				<ele>1488.422607</ele>
				<time>2026-07-13T20:11:09Z</time>
			</trkpt>
			<trkpt lat="48.723412" lon="-121.838364">
				<ele>1488.459106</ele>
				<time>2026-07-13T20:11:14Z</time>
			</trkpt>
			<trkpt lat="48.723392" lon="-121.838425">
				<ele>1488.882935</ele>
				<time>2026-07-13T20:11:19Z</time>
			</trkpt>
			<trkpt lat="48.723347" lon="-121.838448">
				<ele>1488.761841</ele>
				<time>2026-07-13T20:11:24Z</time>
			</trkpt>
			<trkpt lat="48.72332" lon="-121.838501">
				<ele>1489.623413</ele>
				<time>2026-07-13T20:11:29Z</time>
			</trkpt>
			<trkpt lat="48.723232" lon="-121.838554">
				<ele>1490.258789</ele>
				<time>2026-07-13T20:11:39Z</time>
			</trkpt>
			<trkpt lat="48.72319" lon="-121.838531">
				<ele>1490.575562</ele>
				<time>2026-07-13T20:11:43Z</time>
			</trkpt>
			<trkpt lat="48.723145" lon="-121.838539">
				<ele>1489.989746</ele>
				<time>2026-07-13T20:11:49Z</time>
			</trkpt>
			<trkpt lat="48.723137" lon="-121.838608">
				<ele>1488.434204</ele>
				<time>2026-07-13T20:11:56Z</time>
			</trkpt>
			<trkpt lat="48.723118" lon="-121.838676">
				<ele>1489.170288</ele>
				<time>2026-07-13T20:12:01Z</time>
			</trkpt>
			<trkpt lat="48.723083" lon="-121.838722">
				<ele>1488.55188</ele>
				<time>2026-07-13T20:12:06Z</time>
			</trkpt>
			<trkpt lat="48.723049" lon="-121.838768">
				<ele>1488.731567</ele>
				<time>2026-07-13T20:12:11Z</time>
			</trkpt>
			<trkpt lat="48.722977" lon="-121.83886">
				<ele>1487.911865</ele>
				<time>2026-07-13T20:12:22Z</time>
			</trkpt>
			<trkpt lat="48.722931" lon="-121.838875">
				<ele>1487.957031</ele>
				<time>2026-07-13T20:12:26Z</time>
			</trkpt>
			<trkpt lat="48.722893" lon="-121.838921">
				<ele>1486.860962</ele>
				<time>2026-07-13T20:12:30Z</time>
			</trkpt>
			<trkpt lat="48.722855" lon="-121.838966">
				<ele>1486.226929</ele>
				<time>2026-07-13T20:12:35Z</time>
			</trkpt>
			<trkpt lat="48.722809" lon="-121.838982">
				<ele>1486.221558</ele>
				<time>2026-07-13T20:12:39Z</time>
			</trkpt>
			<trkpt lat="48.722763" lon="-121.838974">
				<ele>1485.572998</ele>
				<time>2026-07-13T20:12:44Z</time>
			</trkpt>
			<trkpt lat="48.722672" lon="-121.839027">
				<ele>1483.819458</ele>
				<time>2026-07-13T20:12:55Z</time>
			</trkpt>
			<trkpt lat="48.722637" lon="-121.839088">
				<ele>1483.547852</ele>
				<time>2026-07-13T20:13:00Z</time>
			</trkpt>
			<trkpt lat="48.722607" lon="-121.839142">
				<ele>1483.588135</ele>
				<time>2026-07-13T20:13:05Z</time>
			</trkpt>
			<trkpt lat="48.722542" lon="-121.839241">
				<ele>1482.623657</ele>
				<time>2026-07-13T20:13:15Z</time>
			</trkpt>
			<trkpt lat="48.722507" lon="-121.839287">
				<ele>1481.463623</ele>
				<time>2026-07-13T20:13:19Z</time>
			</trkpt>
			<trkpt lat="48.722477" lon="-121.83934">
				<ele>1481.979736</ele>
				<time>2026-07-13T20:13:25Z</time>
			</trkpt>
			<trkpt lat="48.722412" lon="-121.839432">
				<ele>1481.072998</ele>
				<time>2026-07-13T20:13:35Z</time>
			</trkpt>
			<trkpt lat="48.722332" lon="-121.839386">
				<ele>1478.661499</ele>
				<time>2026-07-13T20:13:47Z</time>
			</trkpt>
			<trkpt lat="48.72229" lon="-121.83934">
				<ele>1478.872925</ele>
				<time>2026-07-13T20:13:52Z</time>
			</trkpt>
			<trkpt lat="48.722248" lon="-121.839325">
				<ele>1479.505005</ele>
				<time>2026-07-13T20:13:56Z</time>
			</trkpt>
			<trkpt lat="48.722202" lon="-121.83931">
				<ele>1478.906372</ele>
				<time>2026-07-13T20:14:02Z</time>
			</trkpt>
			<trkpt lat="48.722157" lon="-121.839294">
				<ele>1477.574829</ele>
				<time>2026-07-13T20:14:07Z</time>
			</trkpt>
			<trkpt lat="48.722115" lon="-121.839264">
				<ele>1477.176636</ele>
				<time>2026-07-13T20:14:12Z</time>
			</trkpt>
			<trkpt lat="48.722073" lon="-121.839256">
				<ele>1475.969971</ele>
				<time>2026-07-13T20:14:17Z</time>
			</trkpt>
			<trkpt lat="48.722027" lon="-121.839249">
				<ele>1475.74353</ele>
				<time>2026-07-13T20:14:21Z</time>
			</trkpt>
			<trkpt lat="48.721977" lon="-121.839249">
				<ele>1474.979492</ele>
				<time>2026-07-13T20:14:25Z</time>
			</trkpt>
			<trkpt lat="48.721939" lon="-121.839279">
				<ele>1475.490234</ele>
				<time>2026-07-13T20:14:31Z</time>
			</trkpt>
			<trkpt lat="48.721802" lon="-121.839325">
				<ele>1473.604736</ele>
				<time>2026-07-13T20:14:44Z</time>
			</trkpt>
			<trkpt lat="48.721756" lon="-121.839317">
				<ele>1473.735107</ele>
				<time>2026-07-13T20:14:50Z</time>
			</trkpt>
			<trkpt lat="48.72171" lon="-121.839325">
				<ele>1474.386597</ele>
				<time>2026-07-13T20:14:55Z</time>
			</trkpt>
			<trkpt lat="48.721664" lon="-121.839302">
				<ele>1474.346802</ele>
				<time>2026-07-13T20:14:59Z</time>
			</trkpt>
			<trkpt lat="48.721622" lon="-121.839279">
				<ele>1473.3479</ele>
				<time>2026-07-13T20:15:04Z</time>
			</trkpt>
			<trkpt lat="48.721581" lon="-121.839294">
				<ele>1473.960938</ele>
				<time>2026-07-13T20:15:10Z</time>
			</trkpt>
			<trkpt lat="48.721535" lon="-121.839264">
				<ele>1472.070313</ele>
				<time>2026-07-13T20:15:16Z</time>
			</trkpt>
			<trkpt lat="48.721485" lon="-121.839279">
				<ele>1471.584961</ele>
				<time>2026-07-13T20:15:21Z</time>
			</trkpt>
			<trkpt lat="48.721443" lon="-121.839317">
				<ele>1471.437744</ele>
				<time>2026-07-13T20:15:27Z</time>
			</trkpt>
			<trkpt lat="48.721397" lon="-121.83934">
				<ele>1470.903442</ele>
				<time>2026-07-13T20:15:33Z</time>
			</trkpt>
			<trkpt lat="48.721359" lon="-121.839394">
				<ele>1471.241455</ele>
				<time>2026-07-13T20:15:39Z</time>
			</trkpt>
			<trkpt lat="48.721321" lon="-121.839439">
				<ele>1470.4729</ele>
				<time>2026-07-13T20:15:44Z</time>
			</trkpt>
			<trkpt lat="48.721302" lon="-121.839508">
				<ele>1470.235718</ele>
				<time>2026-07-13T20:15:50Z</time>
			</trkpt>
			<trkpt lat="48.721268" lon="-121.839554">
				<ele>1469.623169</ele>
				<time>2026-07-13T20:15:55Z</time>
			</trkpt>
			<trkpt lat="48.721191" lon="-121.839645">
				<ele>1467.452026</ele>
				<time>2026-07-13T20:16:05Z</time>
			</trkpt>
			<trkpt lat="48.721149" lon="-121.839676">
				<ele>1467.323242</ele>
				<time>2026-07-13T20:16:10Z</time>
			</trkpt>
			<trkpt lat="48.7211" lon="-121.839706">
				<ele>1466.509277</ele>
				<time>2026-07-13T20:16:15Z</time>
			</trkpt>
			<trkpt lat="48.721031" lon="-121.839813">
				<ele>1465.499634</ele>
				<time>2026-07-13T20:16:26Z</time>
			</trkpt>
			<trkpt lat="48.72094" lon="-121.839821">
				<ele>1465.12793</ele>
				<time>2026-07-13T20:16:42Z</time>
			</trkpt>
			<trkpt lat="48.720882" lon="-121.839813">
				<ele>1463.379395</ele>
				<time>2026-07-13T20:16:48Z</time>
			</trkpt>
			<trkpt lat="48.720829" lon="-121.839813">
				<ele>1463.458984</ele>
				<time>2026-07-13T20:16:56Z</time>
			</trkpt>
			<trkpt lat="48.720741" lon="-121.839828">
				<ele>1460.460327</ele>
				<time>2026-07-13T20:17:23Z</time>
			</trkpt>
			<trkpt lat="48.720654" lon="-121.839874">
				<ele>1458.915283</ele>
				<time>2026-07-13T20:17:36Z</time>
			</trkpt>
			<trkpt lat="48.720608" lon="-121.839851">
				<ele>1456.737671</ele>
				<time>2026-07-13T20:17:42Z</time>
			</trkpt>
			<trkpt lat="48.72049" lon="-121.839745">
				<ele>1455.140625</ele>
				<time>2026-07-13T20:18:02Z</time>
			</trkpt>
			<trkpt lat="48.720444" lon="-121.839729">
				<ele>1453.572754</ele>
				<time>2026-07-13T20:18:08Z</time>
			</trkpt>
			<trkpt lat="48.72039" lon="-121.839729">
				<ele>1453.196655</ele>
				<time>2026-07-13T20:18:14Z</time>
			</trkpt>
			<trkpt lat="48.720341" lon="-121.839729">
				<ele>1452.151123</ele>
				<time>2026-07-13T20:18:20Z</time>
			</trkpt>
			<trkpt lat="48.720253" lon="-121.839745">
				<ele>1449.928223</ele>
				<time>2026-07-13T20:18:33Z</time>
			</trkpt>
			<trkpt lat="48.719982" lon="-121.839706">
				<ele>1441.75293</ele>
				<time>2026-07-13T20:19:29Z</time>
			</trkpt>
			<trkpt lat="48.719856" lon="-121.839775">
				<ele>1437.555176</ele>
				<time>2026-07-13T20:19:55Z</time>
			</trkpt>
			<trkpt lat="48.719677" lon="-121.839752">
				<ele>1432.166992</ele>
				<time>2026-07-13T20:20:29Z</time>
			</trkpt>
			<trkpt lat="48.719578" lon="-121.83976">
				<ele>1429.842651</ele>
				<time>2026-07-13T20:20:47Z</time>
			</trkpt>
			<trkpt lat="48.719532" lon="-121.839729">
				<ele>1427.290405</ele>
				<time>2026-07-13T20:20:58Z</time>
			</trkpt>
			<trkpt lat="48.71944" lon="-121.839714">
				<ele>1426.136597</ele>
				<time>2026-07-13T20:21:20Z</time>
			</trkpt>
			<trkpt lat="48.719353" lon="-121.839691">
				<ele>1422.26709</ele>
				<time>2026-07-13T20:21:39Z</time>
			</trkpt>
			<trkpt lat="48.719311" lon="-121.839706">
				<ele>1422.025757</ele>
				<time>2026-07-13T20:21:46Z</time>
			</trkpt>
			<trkpt lat="48.719219" lon="-121.839722">
				<ele>1420.383057</ele>
				<time>2026-07-13T20:22:00Z</time>
			</trkpt>
			<trkpt lat="48.719166" lon="-121.839714">
				<ele>1418.663086</ele>
				<time>2026-07-13T20:22:06Z</time>
			</trkpt>
			<trkpt lat="48.71907" lon="-121.839722">
				<ele>1417.88562</ele>
				<time>2026-07-13T20:22:18Z</time>
			</trkpt>
			<trkpt lat="48.718983" lon="-121.839706">
				<ele>1416.196899</ele>
				<time>2026-07-13T20:22:30Z</time>
			</trkpt>
			<trkpt lat="48.718941" lon="-121.839729">
				<ele>1416.269653</ele>
				<time>2026-07-13T20:22:37Z</time>
			</trkpt>
			<trkpt lat="48.718853" lon="-121.839783">
				<ele>1413.691528</ele>
				<time>2026-07-13T20:23:01Z</time>
			</trkpt>
			<trkpt lat="48.718811" lon="-121.839752">
				<ele>1413.987793</ele>
				<time>2026-07-13T20:23:13Z</time>
			</trkpt>
			<trkpt lat="48.718723" lon="-121.839722">
				<ele>1411.950806</ele>
				<time>2026-07-13T20:23:25Z</time>
			</trkpt>
			<trkpt lat="48.718693" lon="-121.839668">
				<ele>1411.336182</ele>
				<time>2026-07-13T20:23:31Z</time>
			</trkpt>
			<trkpt lat="48.718647" lon="-121.839638">
				<ele>1411.152344</ele>
				<time>2026-07-13T20:23:35Z</time>
			</trkpt>
			<trkpt lat="48.718613" lon="-121.839592">
				<ele>1410.331543</ele>
				<time>2026-07-13T20:23:40Z</time>
			</trkpt>
			<trkpt lat="48.718548" lon="-121.839478">
				<ele>1409.471802</ele>
				<time>2026-07-13T20:23:50Z</time>
			</trkpt>
			<trkpt lat="48.71851" lon="-121.839439">
				<ele>1408.346191</ele>
				<time>2026-07-13T20:23:54Z</time>
			</trkpt>
			<trkpt lat="48.718472" lon="-121.839394">
				<ele>1408.220825</ele>
				<time>2026-07-13T20:23:58Z</time>
			</trkpt>
			<trkpt lat="48.718437" lon="-121.839355">
				<ele>1407.020264</ele>
				<time>2026-07-13T20:24:02Z</time>
			</trkpt>
			<trkpt lat="48.718395" lon="-121.839317">
				<ele>1407.133667</ele>
				<time>2026-07-13T20:24:06Z</time>
			</trkpt>
			<trkpt lat="48.718361" lon="-121.839272">
				<ele>1405.997314</ele>
				<time>2026-07-13T20:24:11Z</time>
			</trkpt>
			<trkpt lat="48.718319" lon="-121.839226">
				<ele>1405.936157</ele>
				<time>2026-07-13T20:24:16Z</time>
			</trkpt>
			<trkpt lat="48.718281" lon="-121.839165">
				<ele>1406.706055</ele>
				<time>2026-07-13T20:24:22Z</time>
			</trkpt>
			<trkpt lat="48.718246" lon="-121.839119">
				<ele>1406.698608</ele>
				<time>2026-07-13T20:24:27Z</time>
			</trkpt>
			<trkpt lat="48.718227" lon="-121.839058">
				<ele>1405.447632</ele>
				<time>2026-07-13T20:24:31Z</time>
			</trkpt>
			<trkpt lat="48.718197" lon="-121.839005">
				<ele>1405.43457</ele>
				<time>2026-07-13T20:24:36Z</time>
			</trkpt>
			<trkpt lat="48.718151" lon="-121.838982">
				<ele>1405.120361</ele>
				<time>2026-07-13T20:24:41Z</time>
			</trkpt>
			<trkpt lat="48.718056" lon="-121.838951">
				<ele>1403.457031</ele>
				<time>2026-07-13T20:24:52Z</time>
			</trkpt>
			<trkpt lat="48.71801" lon="-121.838928">
				<ele>1403.307129</ele>
				<time>2026-07-13T20:24:57Z</time>
			</trkpt>
			<trkpt lat="48.717968" lon="-121.838913">
				<ele>1403.489014</ele>
				<time>2026-07-13T20:25:01Z</time>
			</trkpt>
			<trkpt lat="48.717926" lon="-121.83889">
				<ele>1403.478149</ele>
				<time>2026-07-13T20:25:06Z</time>
			</trkpt>
			<trkpt lat="48.71788" lon="-121.83889">
				<ele>1403.229126</ele>
				<time>2026-07-13T20:25:09Z</time>
			</trkpt>
			<trkpt lat="48.717842" lon="-121.83886">
				<ele>1402.525391</ele>
				<time>2026-07-13T20:25:13Z</time>
			</trkpt>
			<trkpt lat="48.717812" lon="-121.838806">
				<ele>1402.19165</ele>
				<time>2026-07-13T20:25:18Z</time>
			</trkpt>
			<trkpt lat="48.71777" lon="-121.838768">
				<ele>1401.275635</ele>
				<time>2026-07-13T20:25:24Z</time>
			</trkpt>
			<trkpt lat="48.717686" lon="-121.838692">
				<ele>1401.705444</ele>
				<time>2026-07-13T20:25:35Z</time>
			</trkpt>
			<trkpt lat="48.717655" lon="-121.838638">
				<ele>1400.952515</ele>
				<time>2026-07-13T20:25:40Z</time>
			</trkpt>
			<trkpt lat="48.717575" lon="-121.838547">
				<ele>1400.090088</ele>
				<time>2026-07-13T20:25:50Z</time>
			</trkpt>
			<trkpt lat="48.717529" lon="-121.838509">
				<ele>1400.688721</ele>
				<time>2026-07-13T20:25:55Z</time>
			</trkpt>
			<trkpt lat="48.717491" lon="-121.838463">
				<ele>1399.375488</ele>
				<time>2026-07-13T20:26:00Z</time>
			</trkpt>
			<trkpt lat="48.717419" lon="-121.838371">
				<ele>1398.409302</ele>
				<time>2026-07-13T20:26:10Z</time>
			</trkpt>
			<trkpt lat="48.717388" lon="-121.838318">
				<ele>1396.466675</ele>
				<time>2026-07-13T20:26:16Z</time>
			</trkpt>
			<trkpt lat="48.717342" lon="-121.83828">
				<ele>1395.943604</ele>
				<time>2026-07-13T20:26:21Z</time>
			</trkpt>
			<trkpt lat="48.717258" lon="-121.838211">
				<ele>1396.485962</ele>
				<time>2026-07-13T20:26:31Z</time>
			</trkpt>
			<trkpt lat="48.717216" lon="-121.838173">
				<ele>1395.54895</ele>
				<time>2026-07-13T20:26:36Z</time>
			</trkpt>
			<trkpt lat="48.717125" lon="-121.838181">
				<ele>1394.461548</ele>
				<time>2026-07-13T20:26:49Z</time>
			</trkpt>
			<trkpt lat="48.717083" lon="-121.838158">
				<ele>1393.768677</ele>
				<time>2026-07-13T20:26:53Z</time>
			</trkpt>
			<trkpt lat="48.717033" lon="-121.838142">
				<ele>1393.787231</ele>
				<time>2026-07-13T20:26:58Z</time>
			</trkpt>
			<trkpt lat="48.716988" lon="-121.838112">
				<ele>1393.617798</ele>
				<time>2026-07-13T20:27:03Z</time>
			</trkpt>
			<trkpt lat="48.716946" lon="-121.838097">
				<ele>1392.324585</ele>
				<time>2026-07-13T20:27:09Z</time>
			</trkpt>
			<trkpt lat="48.7169" lon="-121.83812">
				<ele>1391.598145</ele>
				<time>2026-07-13T20:27:14Z</time>
			</trkpt>
			<trkpt lat="48.71685" lon="-121.838112">
				<ele>1391.319214</ele>
				<time>2026-07-13T20:27:19Z</time>
			</trkpt>
			<trkpt lat="48.716755" lon="-121.838127">
				<ele>1390.083496</ele>
				<time>2026-07-13T20:27:29Z</time>
			</trkpt>
			<trkpt lat="48.716705" lon="-121.838135">
				<ele>1388.999023</ele>
				<time>2026-07-13T20:27:35Z</time>
			</trkpt>
			<trkpt lat="48.716606" lon="-121.838127">
				<ele>1387.858521</ele>
				<time>2026-07-13T20:27:45Z</time>
			</trkpt>
			<trkpt lat="48.71656" lon="-121.838097">
				<ele>1387.530029</ele>
				<time>2026-07-13T20:27:50Z</time>
			</trkpt>
			<trkpt lat="48.716515" lon="-121.838081">
				<ele>1387.8125</ele>
				<time>2026-07-13T20:27:56Z</time>
			</trkpt>
			<trkpt lat="48.716427" lon="-121.838036">
				<ele>1385.629395</ele>
				<time>2026-07-13T20:28:09Z</time>
			</trkpt>
			<trkpt lat="48.716385" lon="-121.838005">
				<ele>1385.476685</ele>
				<time>2026-07-13T20:28:14Z</time>
			</trkpt>
			<trkpt lat="48.716347" lon="-121.837967">
				<ele>1385.669189</ele>
				<time>2026-07-13T20:28:20Z</time>
			</trkpt>
			<trkpt lat="48.716305" lon="-121.837929">
				<ele>1385.163696</ele>
				<time>2026-07-13T20:28:25Z</time>
			</trkpt>
			<trkpt lat="48.716278" lon="-121.837868">
				<ele>1384.027466</ele>
				<time>2026-07-13T20:28:31Z</time>
			</trkpt>
			<trkpt lat="48.716236" lon="-121.83783">
				<ele>1384.340088</ele>
				<time>2026-07-13T20:28:37Z</time>
			</trkpt>
			<trkpt lat="48.716225" lon="-121.837761">
				<ele>1383.458984</ele>
				<time>2026-07-13T20:28:42Z</time>
			</trkpt>
			<trkpt lat="48.716232" lon="-121.837692">
				<ele>1383.24353</ele>
				<time>2026-07-13T20:28:46Z</time>
			</trkpt>
			<trkpt lat="48.716221" lon="-121.837624">
				<ele>1381.929321</ele>
				<time>2026-07-13T20:28:53Z</time>
			</trkpt>
			<trkpt lat="48.716209" lon="-121.837563">
				<ele>1381.867432</ele>
				<time>2026-07-13T20:28:58Z</time>
			</trkpt>
			<trkpt lat="48.716202" lon="-121.837486">
				<ele>1381.963867</ele>
				<time>2026-07-13T20:29:04Z</time>
			</trkpt>
			<trkpt lat="48.716183" lon="-121.837418">
				<ele>1380.7677</ele>
				<time>2026-07-13T20:29:09Z</time>
			</trkpt>
			<trkpt lat="48.716171" lon="-121.837341">
				<ele>1380.753662</ele>
				<time>2026-07-13T20:29:14Z</time>
			</trkpt>
			<trkpt lat="48.716156" lon="-121.837273">
				<ele>1380.910889</ele>
				<time>2026-07-13T20:29:19Z</time>
			</trkpt>
			<trkpt lat="48.716141" lon="-121.837196">
				<ele>1378.602173</ele>
				<time>2026-07-13T20:29:25Z</time>
			</trkpt>
			<trkpt lat="48.716148" lon="-121.837135">
				<ele>1378.347168</ele>
				<time>2026-07-13T20:29:30Z</time>
			</trkpt>
			<trkpt lat="48.716122" lon="-121.837067">
				<ele>1378.217529</ele>
				<time>2026-07-13T20:29:38Z</time>
			</trkpt>
			<trkpt lat="48.716076" lon="-121.836945">
				<ele>1376.711304</ele>
				<time>2026-07-13T20:29:52Z</time>
			</trkpt>
			<trkpt lat="48.716068" lon="-121.836868">
				<ele>1374.512695</ele>
				<time>2026-07-13T20:29:57Z</time>
			</trkpt>
			<trkpt lat="48.716076" lon="-121.8368">
				<ele>1373.707886</ele>
				<time>2026-07-13T20:30:01Z</time>
			</trkpt>
			<trkpt lat="48.716084" lon="-121.836723">
				<ele>1373.49939</ele>
				<time>2026-07-13T20:30:07Z</time>
			</trkpt>
			<trkpt lat="48.716091" lon="-121.836655">
				<ele>1372.703491</ele>
				<time>2026-07-13T20:30:12Z</time>
			</trkpt>
			<trkpt lat="48.716072" lon="-121.836594">
				<ele>1373.697266</ele>
				<time>2026-07-13T20:30:17Z</time>
			</trkpt>
			<trkpt lat="48.716087" lon="-121.836517">
				<ele>1373.512329</ele>
				<time>2026-07-13T20:30:22Z</time>
			</trkpt>
			<trkpt lat="48.716099" lon="-121.836441">
				<ele>1373.586914</ele>
				<time>2026-07-13T20:30:26Z</time>
			</trkpt>
			<trkpt lat="48.716129" lon="-121.836372">
				<ele>1373.476807</ele>
				<time>2026-07-13T20:30:31Z</time>
			</trkpt>
			<trkpt lat="48.716167" lon="-121.836334">
				<ele>1372.436279</ele>
				<time>2026-07-13T20:30:35Z</time>
			</trkpt>
			<trkpt lat="48.716194" lon="-121.836273">
				<ele>1371.749146</ele>
				<time>2026-07-13T20:30:40Z</time>
			</trkpt>
			<trkpt lat="48.716232" lon="-121.83622">
				<ele>1371.111572</ele>
				<time>2026-07-13T20:30:46Z</time>
			</trkpt>
			<trkpt lat="48.716297" lon="-121.836113">
				<ele>1370.521606</ele>
				<time>2026-07-13T20:30:55Z</time>
			</trkpt>
			<trkpt lat="48.716339" lon="-121.836082">
				<ele>1371.0802</ele>
				<time>2026-07-13T20:31:00Z</time>
			</trkpt>
			<trkpt lat="48.716393" lon="-121.835968">
				<ele>1372.869507</ele>
				<time>2026-07-13T20:31:13Z</time>
			</trkpt>
			<trkpt lat="48.716419" lon="-121.835907">
				<ele>1372.786255</ele>
				<time>2026-07-13T20:31:16Z</time>
			</trkpt>
			<trkpt lat="48.716457" lon="-121.835869">
				<ele>1371.049805</ele>
				<time>2026-07-13T20:31:20Z</time>
			</trkpt>
			<trkpt lat="48.71648" lon="-121.835815">
				<ele>1371.062134</ele>
				<time>2026-07-13T20:31:24Z</time>
			</trkpt>
			<trkpt lat="48.716492" lon="-121.835747">
				<ele>1369.120972</ele>
				<time>2026-07-13T20:31:29Z</time>
			</trkpt>
			<trkpt lat="48.716507" lon="-121.83567">
				<ele>1368.452881</ele>
				<time>2026-07-13T20:31:33Z</time>
			</trkpt>
			<trkpt lat="48.716545" lon="-121.835625">
				<ele>1365.891724</ele>
				<time>2026-07-13T20:31:38Z</time>
			</trkpt>
			<trkpt lat="48.716576" lon="-121.835571">
				<ele>1365.119019</ele>
				<time>2026-07-13T20:31:44Z</time>
			</trkpt>
			<trkpt lat="48.716606" lon="-121.83551">
				<ele>1364.747559</ele>
				<time>2026-07-13T20:31:49Z</time>
			</trkpt>
			<trkpt lat="48.71664" lon="-121.835464">
				<ele>1364.86377</ele>
				<time>2026-07-13T20:31:55Z</time>
			</trkpt>
			<trkpt lat="48.716679" lon="-121.835426">
				<ele>1364.673828</ele>
				<time>2026-07-13T20:32:00Z</time>
			</trkpt>
			<trkpt lat="48.716705" lon="-121.835373">
				<ele>1364.900879</ele>
				<time>2026-07-13T20:32:05Z</time>
			</trkpt>
			<trkpt lat="48.716713" lon="-121.835312">
				<ele>1364.775635</ele>
				<time>2026-07-13T20:32:12Z</time>
			</trkpt>
			<trkpt lat="48.716709" lon="-121.835236">
				<ele>1364.891968</ele>
				<time>2026-07-13T20:32:19Z</time>
			</trkpt>
			<trkpt lat="48.716709" lon="-121.835167">
				<ele>1364.800781</ele>
				<time>2026-07-13T20:32:25Z</time>
			</trkpt>
			<trkpt lat="48.716724" lon="-121.835098">
				<ele>1363.283569</ele>
				<time>2026-07-13T20:32:32Z</time>
			</trkpt>
			<trkpt lat="48.716759" lon="-121.835052">
				<ele>1363.22644</ele>
				<time>2026-07-13T20:32:37Z</time>
			</trkpt>
			<trkpt lat="48.716793" lon="-121.835007">
				<ele>1362.674316</ele>
				<time>2026-07-13T20:32:48Z</time>
			</trkpt>
			<trkpt lat="48.716797" lon="-121.834938">
				<ele>1361.494751</ele>
				<time>2026-07-13T20:32:57Z</time>
			</trkpt>
			<trkpt lat="48.716835" lon="-121.8349">
				<ele>1361.46875</ele>
				<time>2026-07-13T20:33:02Z</time>
			</trkpt>
			<trkpt lat="48.716873" lon="-121.834877">
				<ele>1360.68396</ele>
				<time>2026-07-13T20:33:10Z</time>
			</trkpt>
			<trkpt lat="48.716915" lon="-121.834831">
				<ele>1361.695313</ele>
				<time>2026-07-13T20:33:45Z</time>
			</trkpt>
			<trkpt lat="48.716942" lon="-121.83477">
				<ele>1360.881226</ele>
				<time>2026-07-13T20:33:50Z</time>
			</trkpt>
			<trkpt lat="48.716972" lon="-121.834717">
				<ele>1360.785645</ele>
				<time>2026-07-13T20:33:56Z</time>
			</trkpt>
			<trkpt lat="48.716995" lon="-121.834656">
				<ele>1359.264648</ele>
				<time>2026-07-13T20:34:03Z</time>
			</trkpt>
			<trkpt lat="48.717007" lon="-121.834579">
				<ele>1360.478149</ele>
				<time>2026-07-13T20:34:08Z</time>
			</trkpt>
			<trkpt lat="48.717045" lon="-121.834541">
				<ele>1358.177368</ele>
				<time>2026-07-13T20:34:13Z</time>
			</trkpt>
			<trkpt lat="48.717083" lon="-121.834496">
				<ele>1358.052368</ele>
				<time>2026-07-13T20:34:18Z</time>
			</trkpt>
			<trkpt lat="48.717121" lon="-121.834473">
				<ele>1358.5177</ele>
				<time>2026-07-13T20:34:24Z</time>
			</trkpt>
			<trkpt lat="48.71714" lon="-121.834404">
				<ele>1354.9375</ele>
				<time>2026-07-13T20:34:34Z</time>
			</trkpt>
			<trkpt lat="48.717152" lon="-121.834335">
				<ele>1354.521484</ele>
				<time>2026-07-13T20:34:39Z</time>
			</trkpt>
			<trkpt lat="48.717175" lon="-121.834267">
				<ele>1353.313721</ele>
				<time>2026-07-13T20:34:44Z</time>
			</trkpt>
			<trkpt lat="48.717205" lon="-121.834213">
				<ele>1353.524292</ele>
				<time>2026-07-13T20:34:50Z</time>
			</trkpt>
			<trkpt lat="48.717159" lon="-121.834251">
				<ele>1351.490723</ele>
				<time>2026-07-13T20:35:23Z</time>
			</trkpt>
			<trkpt lat="48.717125" lon="-121.83429">
				<ele>1350.668823</ele>
				<time>2026-07-13T20:35:28Z</time>
			</trkpt>
			<trkpt lat="48.717087" lon="-121.834343">
				<ele>1352.045044</ele>
				<time>2026-07-13T20:35:34Z</time>
			</trkpt>
			<trkpt lat="48.717041" lon="-121.834351">
				<ele>1351.641846</ele>
				<time>2026-07-13T20:35:38Z</time>
			</trkpt>
			<trkpt lat="48.716991" lon="-121.834351">
				<ele>1351.494019</ele>
				<time>2026-07-13T20:35:41Z</time>
			</trkpt>
			<trkpt lat="48.716946" lon="-121.834358">
				<ele>1349.553101</ele>
				<time>2026-07-13T20:35:45Z</time>
			</trkpt>
			<trkpt lat="48.716908" lon="-121.834396">
				<ele>1348.918213</ele>
				<time>2026-07-13T20:35:50Z</time>
			</trkpt>
			<trkpt lat="48.716866" lon="-121.834419">
				<ele>1346.825928</ele>
				<time>2026-07-13T20:35:55Z</time>
			</trkpt>
			<trkpt lat="48.716827" lon="-121.834457">
				<ele>1346.313354</ele>
				<time>2026-07-13T20:36:00Z</time>
			</trkpt>
			<trkpt lat="48.716782" lon="-121.834496">
				<ele>1347.18457</ele>
				<time>2026-07-13T20:36:06Z</time>
			</trkpt>
			<trkpt lat="48.71674" lon="-121.834541">
				<ele>1347.052979</ele>
				<time>2026-07-13T20:36:10Z</time>
			</trkpt>
			<trkpt lat="48.716705" lon="-121.834587">
				<ele>1348.426758</ele>
				<time>2026-07-13T20:36:15Z</time>
			</trkpt>
			<trkpt lat="48.716667" lon="-121.834633">
				<ele>1348.099365</ele>
				<time>2026-07-13T20:36:21Z</time>
			</trkpt>
			<trkpt lat="48.716587" lon="-121.834702">
				<ele>1345.012207</ele>
				<time>2026-07-13T20:36:32Z</time>
			</trkpt>
			<trkpt lat="48.716545" lon="-121.834724">
				<ele>1345.456177</ele>
				<time>2026-07-13T20:36:36Z</time>
			</trkpt>
			<trkpt lat="48.716488" lon="-121.834747">
				<ele>1342.561035</ele>
				<time>2026-07-13T20:36:43Z</time>
			</trkpt>
			<trkpt lat="48.7164" lon="-121.834808">
				<ele>1340.470947</ele>
				<time>2026-07-13T20:36:54Z</time>
			</trkpt>
			<trkpt lat="48.716354" lon="-121.834824">
				<ele>1341.500854</ele>
				<time>2026-07-13T20:36:58Z</time>
			</trkpt>
			<trkpt lat="48.716331" lon="-121.834885">
				<ele>1341.893433</ele>
				<time>2026-07-13T20:37:02Z</time>
			</trkpt>
			<trkpt lat="48.716278" lon="-121.834991">
				<ele>1339.563232</ele>
				<time>2026-07-13T20:37:13Z</time>
			</trkpt>
			<trkpt lat="48.716232" lon="-121.835007">
				<ele>1339.733887</ele>
				<time>2026-07-13T20:37:19Z</time>
			</trkpt>
			<trkpt lat="48.716187" lon="-121.83503">
				<ele>1339.721191</ele>
				<time>2026-07-13T20:37:23Z</time>
			</trkpt>
			<trkpt lat="48.716141" lon="-121.83503">
				<ele>1341.413208</ele>
				<time>2026-07-13T20:37:26Z</time>
			</trkpt>
			<trkpt lat="48.716095" lon="-121.835083">
				<ele>1339.272339</ele>
				<time>2026-07-13T20:37:32Z</time>
			</trkpt>
			<trkpt lat="48.716057" lon="-121.835114">
				<ele>1338.901001</ele>
				<time>2026-07-13T20:37:37Z</time>
			</trkpt>
			<trkpt lat="48.716007" lon="-121.835106">
				<ele>1336.632202</ele>
				<time>2026-07-13T20:37:42Z</time>
			</trkpt>
			<trkpt lat="48.715919" lon="-121.835083">
				<ele>1339.824829</ele>
				<time>2026-07-13T20:37:50Z</time>
			</trkpt>
			<trkpt lat="48.715874" lon="-121.835068">
				<ele>1338.833252</ele>
				<time>2026-07-13T20:37:54Z</time>
			</trkpt>
			<trkpt lat="48.715832" lon="-121.835083">
				<ele>1337.039795</ele>
				<time>2026-07-13T20:38:01Z</time>
			</trkpt>
			<trkpt lat="48.715782" lon="-121.835114">
				<ele>1336.127075</ele>
				<time>2026-07-13T20:38:06Z</time>
			</trkpt>
			<trkpt lat="48.715736" lon="-121.835121">
				<ele>1336.065186</ele>
				<time>2026-07-13T20:38:10Z</time>
			</trkpt>
			<trkpt lat="48.715645" lon="-121.835152">
				<ele>1331.443481</ele>
				<time>2026-07-13T20:38:21Z</time>
			</trkpt>
			<trkpt lat="48.715599" lon="-121.835175">
				<ele>1330.554932</ele>
				<time>2026-07-13T20:38:27Z</time>
			</trkpt>
			<trkpt lat="48.715553" lon="-121.83519">
				<ele>1330.395996</ele>
				<time>2026-07-13T20:38:32Z</time>
			</trkpt>
			<trkpt lat="48.715523" lon="-121.835236">
				<ele>1328.664185</ele>
				<time>2026-07-13T20:38:37Z</time>
			</trkpt>
			<trkpt lat="48.715488" lon="-121.835281">
				<ele>1329.190674</ele>
				<time>2026-07-13T20:38:43Z</time>
			</trkpt>
			<trkpt lat="48.715446" lon="-121.83532">
				<ele>1327.956055</ele>
				<time>2026-07-13T20:38:50Z</time>
			</trkpt>
			<trkpt lat="48.715408" lon="-121.835358">
				<ele>1327.903198</ele>
				<time>2026-07-13T20:38:55Z</time>
			</trkpt>
			<trkpt lat="48.715366" lon="-121.835388">
				<ele>1328.223389</ele>
				<time>2026-07-13T20:39:01Z</time>
			</trkpt>
			<trkpt lat="48.715324" lon="-121.835411">
				<ele>1328.145752</ele>
				<time>2026-07-13T20:39:06Z</time>
			</trkpt>
			<trkpt lat="48.715233" lon="-121.835426">
				<ele>1326.225464</ele>
				<time>2026-07-13T20:39:20Z</time>
			</trkpt>
			<trkpt lat="48.715187" lon="-121.835373">
				<ele>1326.068237</ele>
				<time>2026-07-13T20:39:26Z</time>
			</trkpt>
			<trkpt lat="48.71516" lon="-121.83532">
				<ele>1324.336304</ele>
				<time>2026-07-13T20:39:31Z</time>
			</trkpt>
			<trkpt lat="48.715221" lon="-121.83532">
				<ele>1323.188477</ele>
				<time>2026-07-13T20:40:25Z</time>
			</trkpt>
			<trkpt lat="48.715237" lon="-121.835251">
				<ele>1319.058594</ele>
				<time>2026-07-13T20:44:25Z</time>
			</trkpt>
			<trkpt lat="48.715225" lon="-121.835182">
				<ele>1320.633667</ele>
				<time>2026-07-13T20:44:38Z</time>
			</trkpt>
			<trkpt lat="48.715141" lon="-121.835144">
				<ele>1317.671265</ele>
				<time>2026-07-13T20:44:55Z</time>
			</trkpt>
			<trkpt lat="48.715099" lon="-121.835114">
				<ele>1317.695313</ele>
				<time>2026-07-13T20:45:01Z</time>
			</trkpt>
			<trkpt lat="48.715057" lon="-121.835091">
				<ele>1318.326416</ele>
				<time>2026-07-13T20:45:05Z</time>
			</trkpt>
			<trkpt lat="48.715069" lon="-121.835022">
				<ele>1316.272583</ele>
				<time>2026-07-13T20:45:12Z</time>
			</trkpt>
			<trkpt lat="48.715111" lon="-121.834991">
				<ele>1316.999878</ele>
				<time>2026-07-13T20:45:18Z</time>
			</trkpt>
			<trkpt lat="48.715153" lon="-121.834961">
				<ele>1315.999268</ele>
				<time>2026-07-13T20:45:24Z</time>
			</trkpt>
			<trkpt lat="48.715111" lon="-121.834946">
				<ele>1313.436523</ele>
				<time>2026-07-13T20:45:35Z</time>
			</trkpt>
			<trkpt lat="48.715069" lon="-121.834915">
				<ele>1314.881958</ele>
				<time>2026-07-13T20:45:39Z</time>
			</trkpt>
			<trkpt lat="48.714973" lon="-121.834831">
				<ele>1311.748413</ele>
				<time>2026-07-13T20:45:52Z</time>
			</trkpt>
			<trkpt lat="48.714893" lon="-121.83474">
				<ele>1309.563232</ele>
				<time>2026-07-13T20:46:04Z</time>
			</trkpt>
			<trkpt lat="48.714848" lon="-121.834732">
				<ele>1308.734863</ele>
				<time>2026-07-13T20:46:10Z</time>
			</trkpt>
			<trkpt lat="48.71484" lon="-121.834656">
				<ele>1307.453979</ele>
				<time>2026-07-13T20:46:18Z</time>
			</trkpt>
			<trkpt lat="48.714886" lon="-121.834641">
				<ele>1306.611572</ele>
				<time>2026-07-13T20:46:24Z</time>
			</trkpt>
			<trkpt lat="48.714928" lon="-121.834648">
				<ele>1306.345337</ele>
				<time>2026-07-13T20:46:29Z</time>
			</trkpt>
			<trkpt lat="48.714893" lon="-121.834602">
				<ele>1303.934937</ele>
				<time>2026-07-13T20:46:44Z</time>
			</trkpt>
			<trkpt lat="48.714851" lon="-121.834557">
				<ele>1304.348877</ele>
				<time>2026-07-13T20:46:49Z</time>
			</trkpt>
			<trkpt lat="48.71468" lon="-121.834488">
				<ele>1300.470093</ele>
				<time>2026-07-13T20:47:11Z</time>
			</trkpt>
			<trkpt lat="48.714634" lon="-121.834518">
				<ele>1299.577393</ele>
				<time>2026-07-13T20:47:16Z</time>
			</trkpt>
			<trkpt lat="48.714573" lon="-121.83461">
				<ele>1295.946289</ele>
				<time>2026-07-13T20:47:28Z</time>
			</trkpt>
			<trkpt lat="48.714531" lon="-121.834625">
				<ele>1295.151978</ele>
				<time>2026-07-13T20:47:33Z</time>
			</trkpt>
			<trkpt lat="48.71452" lon="-121.834557">
				<ele>1293.628296</ele>
				<time>2026-07-13T20:47:38Z</time>
			</trkpt>
			<trkpt lat="48.714546" lon="-121.834496">
				<ele>1293.769897</ele>
				<time>2026-07-13T20:47:43Z</time>
			</trkpt>
			<trkpt lat="48.714588" lon="-121.834465">
				<ele>1294.205811</ele>
				<time>2026-07-13T20:47:51Z</time>
			</trkpt>
			<trkpt lat="48.714634" lon="-121.834435">
				<ele>1292.648315</ele>
				<time>2026-07-13T20:47:57Z</time>
			</trkpt>
			<trkpt lat="48.714672" lon="-121.834404">
				<ele>1293.846069</ele>
				<time>2026-07-13T20:48:04Z</time>
			</trkpt>
			<trkpt lat="48.714718" lon="-121.834381">
				<ele>1292.458496</ele>
				<time>2026-07-13T20:48:09Z</time>
			</trkpt>
			<trkpt lat="48.714687" lon="-121.834312">
				<ele>1291.439331</ele>
				<time>2026-07-13T20:48:16Z</time>
			</trkpt>
			<trkpt lat="48.714649" lon="-121.834274">
				<ele>1289.818359</ele>
				<time>2026-07-13T20:48:20Z</time>
			</trkpt>
			<trkpt lat="48.714596" lon="-121.834297">
				<ele>1288.70459</ele>
				<time>2026-07-13T20:48:26Z</time>
			</trkpt>
			<trkpt lat="48.714569" lon="-121.834358">
				<ele>1288.421875</ele>
				<time>2026-07-13T20:48:52Z</time>
			</trkpt>
			<trkpt lat="48.71447" lon="-121.834373">
				<ele>1285.572632</ele>
				<time>2026-07-13T20:49:03Z</time>
			</trkpt>
			<trkpt lat="48.714439" lon="-121.834427">
				<ele>1283.997314</ele>
				<time>2026-07-13T20:49:10Z</time>
			</trkpt>
			<trkpt lat="48.714405" lon="-121.834465">
				<ele>1284.396118</ele>
				<time>2026-07-13T20:49:17Z</time>
			</trkpt>
			<trkpt lat="48.714367" lon="-121.834518">
				<ele>1282.999146</ele>
				<time>2026-07-13T20:49:24Z</time>
			</trkpt>
			<trkpt lat="48.714344" lon="-121.834587">
				<ele>1282.258667</ele>
				<time>2026-07-13T20:49:29Z</time>
			</trkpt>
			<trkpt lat="48.714325" lon="-121.83474">
				<ele>1279.504761</ele>
				<time>2026-07-13T20:49:40Z</time>
			</trkpt>
			<trkpt lat="48.714283" lon="-121.834709">
				<ele>1281.25415</ele>
				<time>2026-07-13T20:49:46Z</time>
			</trkpt>
			<trkpt lat="48.714272" lon="-121.834633">
				<ele>1278.907837</ele>
				<time>2026-07-13T20:49:52Z</time>
			</trkpt>
			<trkpt lat="48.714275" lon="-121.834557">
				<ele>1279.451538</ele>
				<time>2026-07-13T20:49:59Z</time>
			</trkpt>
			<trkpt lat="48.714298" lon="-121.834488">
				<ele>1277.751099</ele>
				<time>2026-07-13T20:50:03Z</time>
			</trkpt>
			<trkpt lat="48.714275" lon="-121.834427">
				<ele>1277.835327</ele>
				<time>2026-07-13T20:50:08Z</time>
			</trkpt>
			<trkpt lat="48.714291" lon="-121.834351">
				<ele>1279.140137</ele>
				<time>2026-07-13T20:50:13Z</time>
			</trkpt>
			<trkpt lat="48.71431" lon="-121.83429">
				<ele>1278.118896</ele>
				<time>2026-07-13T20:50:19Z</time>
			</trkpt>
			<trkpt lat="48.714336" lon="-121.834221">
				<ele>1277.396606</ele>
				<time>2026-07-13T20:50:23Z</time>
			</trkpt>
			<trkpt lat="48.714363" lon="-121.834152">
				<ele>1277.193726</ele>
				<time>2026-07-13T20:50:30Z</time>
			</trkpt>
			<trkpt lat="48.714394" lon="-121.834091">
				<ele>1274.86792</ele>
				<time>2026-07-13T20:50:36Z</time>
			</trkpt>
			<trkpt lat="48.71447" lon="-121.834">
				<ele>1273.145508</ele>
				<time>2026-07-13T20:50:44Z</time>
			</trkpt>
			<trkpt lat="48.714424" lon="-121.833954">
				<ele>1272.908325</ele>
				<time>2026-07-13T20:50:57Z</time>
			</trkpt>
			<trkpt lat="48.714382" lon="-121.833969">
				<ele>1273.249268</ele>
				<time>2026-07-13T20:51:03Z</time>
			</trkpt>
			<trkpt lat="48.714294" lon="-121.833954">
				<ele>1270.877075</ele>
				<time>2026-07-13T20:51:14Z</time>
			</trkpt>
			<trkpt lat="48.71426" lon="-121.834007">
				<ele>1269.51123</ele>
				<time>2026-07-13T20:51:19Z</time>
			</trkpt>
			<trkpt lat="48.714218" lon="-121.834023">
				<ele>1269.116333</ele>
				<time>2026-07-13T20:51:24Z</time>
			</trkpt>
			<trkpt lat="48.714199" lon="-121.834152">
				<ele>1262.385864</ele>
				<time>2026-07-13T20:51:36Z</time>
			</trkpt>
			<trkpt lat="48.714165" lon="-121.834282">
				<ele>1259.739136</ele>
				<time>2026-07-13T20:51:47Z</time>
			</trkpt>
			<trkpt lat="48.714108" lon="-121.834404">
				<ele>1259.435303</ele>
				<time>2026-07-13T20:51:59Z</time>
			</trkpt>
			<trkpt lat="48.714111" lon="-121.834473">
				<ele>1259.817627</ele>
				<time>2026-07-13T20:52:05Z</time>
			</trkpt>
			<trkpt lat="48.714039" lon="-121.834579">
				<ele>1258.853027</ele>
				<time>2026-07-13T20:52:17Z</time>
			</trkpt>
			<trkpt lat="48.714005" lon="-121.834641">
				<ele>1255.444336</ele>
				<time>2026-07-13T20:52:23Z</time>
			</trkpt>
			<trkpt lat="48.714001" lon="-121.834709">
				<ele>1256.425049</ele>
				<time>2026-07-13T20:52:30Z</time>
			</trkpt>
			<trkpt lat="48.713997" lon="-121.834778">
				<ele>1256.203369</ele>
				<time>2026-07-13T20:52:35Z</time>
			</trkpt>
			<trkpt lat="48.714008" lon="-121.834839">
				<ele>1255.75293</ele>
				<time>2026-07-13T20:52:42Z</time>
			</trkpt>
			<trkpt lat="48.714039" lon="-121.834892">
				<ele>1256.92749</ele>
				<time>2026-07-13T20:52:48Z</time>
			</trkpt>
			<trkpt lat="48.714062" lon="-121.834953">
				<ele>1255.729858</ele>
				<time>2026-07-13T20:52:55Z</time>
			</trkpt>
			<trkpt lat="48.714088" lon="-121.835014">
				<ele>1255.80127</ele>
				<time>2026-07-13T20:53:01Z</time>
			</trkpt>
			<trkpt lat="48.714191" lon="-121.835182">
				<ele>1252.329956</ele>
				<time>2026-07-13T20:53:16Z</time>
			</trkpt>
			<trkpt lat="48.71423" lon="-121.835213">
				<ele>1252.568604</ele>
				<time>2026-07-13T20:53:23Z</time>
			</trkpt>
			<trkpt lat="48.714268" lon="-121.835281">
				<ele>1251.001831</ele>
				<time>2026-07-13T20:53:28Z</time>
			</trkpt>
			<trkpt lat="48.714291" lon="-121.835358">
				<ele>1250.181885</ele>
				<time>2026-07-13T20:53:33Z</time>
			</trkpt>
			<trkpt lat="48.714302" lon="-121.835442">
				<ele>1250.523193</ele>
				<time>2026-07-13T20:53:37Z</time>
			</trkpt>
			<trkpt lat="48.714294" lon="-121.835587">
				<ele>1248.700562</ele>
				<time>2026-07-13T20:53:46Z</time>
			</trkpt>
			<trkpt lat="48.714256" lon="-121.835625">
				<ele>1245.911865</ele>
				<time>2026-07-13T20:53:51Z</time>
			</trkpt>
			<trkpt lat="48.714218" lon="-121.835594">
				<ele>1245.377319</ele>
				<time>2026-07-13T20:53:55Z</time>
			</trkpt>
			<trkpt lat="48.714218" lon="-121.835526">
				<ele>1245.211182</ele>
				<time>2026-07-13T20:54:03Z</time>
			</trkpt>
			<trkpt lat="48.714188" lon="-121.835464">
				<ele>1244.850708</ele>
				<time>2026-07-13T20:54:10Z</time>
			</trkpt>
			<trkpt lat="48.714108" lon="-121.835388">
				<ele>1239.90625</ele>
				<time>2026-07-13T20:54:26Z</time>
			</trkpt>
			<trkpt lat="48.714062" lon="-121.835373">
				<ele>1240.038818</ele>
				<time>2026-07-13T20:54:30Z</time>
			</trkpt>
			<trkpt lat="48.714024" lon="-121.83532">
				<ele>1239.605469</ele>
				<time>2026-07-13T20:54:35Z</time>
			</trkpt>
			<trkpt lat="48.71402" lon="-121.835243">
				<ele>1238.51709</ele>
				<time>2026-07-13T20:54:39Z</time>
			</trkpt>
			<trkpt lat="48.713974" lon="-121.835251">
				<ele>1235.047607</ele>
				<time>2026-07-13T20:54:47Z</time>
			</trkpt>
			<trkpt lat="48.713932" lon="-121.835228">
				<ele>1236.159668</ele>
				<time>2026-07-13T20:54:52Z</time>
			</trkpt>
			<trkpt lat="48.713829" lon="-121.835098">
				<ele>1232.282593</ele>
				<time>2026-07-13T20:55:09Z</time>
			</trkpt>
			<trkpt lat="48.713783" lon="-121.835098">
				<ele>1232.585083</ele>
				<time>2026-07-13T20:55:15Z</time>
			</trkpt>
			<trkpt lat="48.713741" lon="-121.835075">
				<ele>1232.416992</ele>
				<time>2026-07-13T20:55:19Z</time>
			</trkpt>
			<trkpt lat="48.713669" lon="-121.834991">
				<ele>1229.101807</ele>
				<time>2026-07-13T20:55:30Z</time>
			</trkpt>
			<trkpt lat="48.713623" lon="-121.834984">
				<ele>1230.623901</ele>
				<time>2026-07-13T20:55:35Z</time>
			</trkpt>
			<trkpt lat="48.713623" lon="-121.834846">
				<ele>1225.768066</ele>
				<time>2026-07-13T20:55:45Z</time>
			</trkpt>
			<trkpt lat="48.7136" lon="-121.834785">
				<ele>1224.37085</ele>
				<time>2026-07-13T20:55:52Z</time>
			</trkpt>
			<trkpt lat="48.713581" lon="-121.834709">
				<ele>1224.800171</ele>
				<time>2026-07-13T20:55:58Z</time>
			</trkpt>
			<trkpt lat="48.713562" lon="-121.834579">
				<ele>1221.094971</ele>
				<time>2026-07-13T20:56:13Z</time>
			</trkpt>
			<trkpt lat="48.713539" lon="-121.834511">
				<ele>1221.112183</ele>
				<time>2026-07-13T20:56:21Z</time>
			</trkpt>
			<trkpt lat="48.713543" lon="-121.834366">
				<ele>1217.893433</ele>
				<time>2026-07-13T20:56:32Z</time>
			</trkpt>
			<trkpt lat="48.713547" lon="-121.834297">
				<ele>1218.586792</ele>
				<time>2026-07-13T20:56:38Z</time>
			</trkpt>
			<trkpt lat="48.713547" lon="-121.834236">
				<ele>1218.611328</ele>
				<time>2026-07-13T20:56:42Z</time>
			</trkpt>
			<trkpt lat="48.713528" lon="-121.834175">
				<ele>1218.679321</ele>
				<time>2026-07-13T20:56:48Z</time>
			</trkpt>
			<trkpt lat="48.713478" lon="-121.834053">
				<ele>1219.760742</ele>
				<time>2026-07-13T20:57:02Z</time>
			</trkpt>
			<trkpt lat="48.713486" lon="-121.833969">
				<ele>1217.450073</ele>
				<time>2026-07-13T20:57:10Z</time>
			</trkpt>
			<trkpt lat="48.713505" lon="-121.833839">
				<ele>1215.055176</ele>
				<time>2026-07-13T20:57:17Z</time>
			</trkpt>
			<trkpt lat="48.713524" lon="-121.833778">
				<ele>1212.557251</ele>
				<time>2026-07-13T20:57:21Z</time>
			</trkpt>
			<trkpt lat="48.713535" lon="-121.83371">
				<ele>1212.482422</ele>
				<time>2026-07-13T20:57:26Z</time>
			</trkpt>
			<trkpt lat="48.713562" lon="-121.833649">
				<ele>1210.944214</ele>
				<time>2026-07-13T20:57:32Z</time>
			</trkpt>
			<trkpt lat="48.713558" lon="-121.833572">
				<ele>1210.085449</ele>
				<time>2026-07-13T20:57:39Z</time>
			</trkpt>
			<trkpt lat="48.713566" lon="-121.833496">
				<ele>1209.793213</ele>
				<time>2026-07-13T20:57:47Z</time>
			</trkpt>
			<trkpt lat="48.713551" lon="-121.833427">
				<ele>1210.609375</ele>
				<time>2026-07-13T20:57:55Z</time>
			</trkpt>
			<trkpt lat="48.713566" lon="-121.833366">
				<ele>1210.122437</ele>
				<time>2026-07-13T20:57:59Z</time>
			</trkpt>
			<trkpt lat="48.713589" lon="-121.833221">
				<ele>1206.091675</ele>
				<time>2026-07-13T20:58:12Z</time>
			</trkpt>
			<trkpt lat="48.713589" lon="-121.833145">
				<ele>1206.671631</ele>
				<time>2026-07-13T20:58:18Z</time>
			</trkpt>
			<trkpt lat="48.713604" lon="-121.833076">
				<ele>1206.815063</ele>
				<time>2026-07-13T20:58:22Z</time>
			</trkpt>
			<trkpt lat="48.713654" lon="-121.832954">
				<ele>1205.445679</ele>
				<time>2026-07-13T20:58:34Z</time>
			</trkpt>
			<trkpt lat="48.713707" lon="-121.832848">
				<ele>1202.620605</ele>
				<time>2026-07-13T20:58:46Z</time>
			</trkpt>
			<trkpt lat="48.713726" lon="-121.83271">
				<ele>1201.564575</ele>
				<time>2026-07-13T20:58:56Z</time>
			</trkpt>
			<trkpt lat="48.713753" lon="-121.832649">
				<ele>1201.605347</ele>
				<time>2026-07-13T20:59:02Z</time>
			</trkpt>
			<trkpt lat="48.713764" lon="-121.832581">
				<ele>1200.817627</ele>
				<time>2026-07-13T20:59:07Z</time>
			</trkpt>
			<trkpt lat="48.713745" lon="-121.83252">
				<ele>1202.145874</ele>
				<time>2026-07-13T20:59:12Z</time>
			</trkpt>
			<trkpt lat="48.713699" lon="-121.832497">
				<ele>1201.601318</ele>
				<time>2026-07-13T20:59:18Z</time>
			</trkpt>
			<trkpt lat="48.713654" lon="-121.832497">
				<ele>1199.939575</ele>
				<time>2026-07-13T20:59:26Z</time>
			</trkpt>
			<trkpt lat="48.713619" lon="-121.832451">
				<ele>1197.58252</ele>
				<time>2026-07-13T20:59:31Z</time>
			</trkpt>
			<trkpt lat="48.713543" lon="-121.832352">
				<ele>1195.462891</ele>
				<time>2026-07-13T20:59:42Z</time>
			</trkpt>
			<trkpt lat="48.713509" lon="-121.832314">
				<ele>1195.047119</ele>
				<time>2026-07-13T20:59:46Z</time>
			</trkpt>
			<trkpt lat="48.713478" lon="-121.83226">
				<ele>1195.009888</ele>
				<time>2026-07-13T20:59:50Z</time>
			</trkpt>
			<trkpt lat="48.71344" lon="-121.83213">
				<ele>1197.376343</ele>
				<time>2026-07-13T20:59:58Z</time>
			</trkpt>
			<trkpt lat="48.713436" lon="-121.832047">
				<ele>1196.024292</ele>
				<time>2026-07-13T21:00:02Z</time>
			</trkpt>
			<trkpt lat="48.713467" lon="-121.831993">
				<ele>1193.555176</ele>
				<time>2026-07-13T21:00:08Z</time>
			</trkpt>
			<trkpt lat="48.713524" lon="-121.831879">
				<ele>1192.608643</ele>
				<time>2026-07-13T21:00:17Z</time>
			</trkpt>
			<trkpt lat="48.71357" lon="-121.831871">
				<ele>1191.260376</ele>
				<time>2026-07-13T21:00:22Z</time>
			</trkpt>
			<trkpt lat="48.713634" lon="-121.831764">
				<ele>1189.249268</ele>
				<time>2026-07-13T21:00:33Z</time>
			</trkpt>
			<trkpt lat="48.713665" lon="-121.831703">
				<ele>1190.595093</ele>
				<time>2026-07-13T21:00:40Z</time>
			</trkpt>
			<trkpt lat="48.713684" lon="-121.831581">
				<ele>1185.640137</ele>
				<time>2026-07-13T21:00:56Z</time>
			</trkpt>
			<trkpt lat="48.713711" lon="-121.83152">
				<ele>1184.581055</ele>
				<time>2026-07-13T21:01:01Z</time>
			</trkpt>
			<trkpt lat="48.713726" lon="-121.831451">
				<ele>1179.733032</ele>
				<time>2026-07-13T21:01:07Z</time>
			</trkpt>
			<trkpt lat="48.713737" lon="-121.831375">
				<ele>1180.21521</ele>
				<time>2026-07-13T21:01:13Z</time>
			</trkpt>
			<trkpt lat="48.713772" lon="-121.831322">
				<ele>1179.332642</ele>
				<time>2026-07-13T21:01:22Z</time>
			</trkpt>
			<trkpt lat="48.713818" lon="-121.831306">
				<ele>1178.650879</ele>
				<time>2026-07-13T21:01:29Z</time>
			</trkpt>
			<trkpt lat="48.71386" lon="-121.831284">
				<ele>1177.124878</ele>
				<time>2026-07-13T21:01:34Z</time>
			</trkpt>
			<trkpt lat="48.713882" lon="-121.831223">
				<ele>1177.897461</ele>
				<time>2026-07-13T21:01:41Z</time>
			</trkpt>
			<trkpt lat="48.713917" lon="-121.831169">
				<ele>1177.35498</ele>
				<time>2026-07-13T21:01:45Z</time>
			</trkpt>
			<trkpt lat="48.713963" lon="-121.831161">
				<ele>1177.237549</ele>
				<time>2026-07-13T21:01:49Z</time>
			</trkpt>
			<trkpt lat="48.714008" lon="-121.831131">
				<ele>1176.504028</ele>
				<time>2026-07-13T21:01:54Z</time>
			</trkpt>
			<trkpt lat="48.714054" lon="-121.831108">
				<ele>1176.174805</ele>
				<time>2026-07-13T21:02:00Z</time>
			</trkpt>
			<trkpt lat="48.714092" lon="-121.83107">
				<ele>1177.67749</ele>
				<time>2026-07-13T21:02:06Z</time>
			</trkpt>
			<trkpt lat="48.714138" lon="-121.831039">
				<ele>1176.683594</ele>
				<time>2026-07-13T21:02:10Z</time>
			</trkpt>
			<trkpt lat="48.714176" lon="-121.831009">
				<ele>1176.713623</ele>
				<time>2026-07-13T21:02:15Z</time>
			</trkpt>
			<trkpt lat="48.714195" lon="-121.830933">
				<ele>1173.61377</ele>
				<time>2026-07-13T21:02:26Z</time>
			</trkpt>
			<trkpt lat="48.714184" lon="-121.830856">
				<ele>1171.603149</ele>
				<time>2026-07-13T21:03:16Z</time>
			</trkpt>
			<trkpt lat="48.71418" lon="-121.830788">
				<ele>1171.550171</ele>
				<time>2026-07-13T21:03:20Z</time>
			</trkpt>
			<trkpt lat="48.714191" lon="-121.830711">
				<ele>1171.967773</ele>
				<time>2026-07-13T21:03:26Z</time>
			</trkpt>
			<trkpt lat="48.714188" lon="-121.830643">
				<ele>1173.393066</ele>
				<time>2026-07-13T21:03:33Z</time>
			</trkpt>
			<trkpt lat="48.714172" lon="-121.830574">
				<ele>1173.488159</ele>
				<time>2026-07-13T21:03:37Z</time>
			</trkpt>
			<trkpt lat="48.714153" lon="-121.830513">
				<ele>1174.001831</ele>
				<time>2026-07-13T21:03:46Z</time>
			</trkpt>
			<trkpt lat="48.714062" lon="-121.830498">
				<ele>1170.413818</ele>
				<time>2026-07-13T21:04:02Z</time>
			</trkpt>
			<trkpt lat="48.714016" lon="-121.83049">
				<ele>1170.002563</ele>
				<time>2026-07-13T21:04:09Z</time>
			</trkpt>
			<trkpt lat="48.713982" lon="-121.830452">
				<ele>1168.540405</ele>
				<time>2026-07-13T21:04:15Z</time>
			</trkpt>
			<trkpt lat="48.713943" lon="-121.830414">
				<ele>1167.947876</ele>
				<time>2026-07-13T21:04:24Z</time>
			</trkpt>
			<trkpt lat="48.713902" lon="-121.830414">
				<ele>1166.609009</ele>
				<time>2026-07-13T21:04:32Z</time>
			</trkpt>
			<trkpt lat="48.713879" lon="-121.83036">
				<ele>1166.590698</ele>
				<time>2026-07-13T21:04:39Z</time>
			</trkpt>
			<trkpt lat="48.713898" lon="-121.830284">
				<ele>1166.399536</ele>
				<time>2026-07-13T21:04:46Z</time>
			</trkpt>
			<trkpt lat="48.713902" lon="-121.830215">
				<ele>1166.937012</ele>
				<time>2026-07-13T21:04:54Z</time>
			</trkpt>
			<trkpt lat="48.71386" lon="-121.830193">
				<ele>1166.796753</ele>
				<time>2026-07-13T21:05:01Z</time>
			</trkpt>
			<trkpt lat="48.713772" lon="-121.830147">
				<ele>1165.589478</ele>
				<time>2026-07-13T21:05:13Z</time>
			</trkpt>
			<trkpt lat="48.71368" lon="-121.830132">
				<ele>1163.380127</ele>
				<time>2026-07-13T21:05:25Z</time>
			</trkpt>
			<trkpt lat="48.713634" lon="-121.830132">
				<ele>1163.119141</ele>
				<time>2026-07-13T21:05:31Z</time>
			</trkpt>
			<trkpt lat="48.713589" lon="-121.830124">
				<ele>1160.546265</ele>
				<time>2026-07-13T21:05:38Z</time>
			</trkpt>
			<trkpt lat="48.713547" lon="-121.830109">
				<ele>1160.628174</ele>
				<time>2026-07-13T21:05:44Z</time>
			</trkpt>
			<trkpt lat="48.713467" lon="-121.830048">
				<ele>1157.453125</ele>
				<time>2026-07-13T21:06:00Z</time>
			</trkpt>
			<trkpt lat="48.713417" lon="-121.830055">
				<ele>1154.543335</ele>
				<time>2026-07-13T21:06:10Z</time>
			</trkpt>
			<trkpt lat="48.713371" lon="-121.830055">
				<ele>1153.790405</ele>
				<time>2026-07-13T21:06:16Z</time>
			</trkpt>
			<trkpt lat="48.71336" lon="-121.830124">
				<ele>1154.977173</ele>
				<time>2026-07-13T21:06:25Z</time>
			</trkpt>
			<trkpt lat="48.713337" lon="-121.830193">
				<ele>1153.297485</ele>
				<time>2026-07-13T21:06:31Z</time>
			</trkpt>
			<trkpt lat="48.713249" lon="-121.830261">
				<ele>1152.331299</ele>
				<time>2026-07-13T21:06:45Z</time>
			</trkpt>
			<trkpt lat="48.713154" lon="-121.830238">
				<ele>1148.384766</ele>
				<time>2026-07-13T21:07:03Z</time>
			</trkpt>
			<trkpt lat="48.7131" lon="-121.830215">
				<ele>1147.290283</ele>
				<time>2026-07-13T21:07:10Z</time>
			</trkpt>
			<trkpt lat="48.713055" lon="-121.830185">
				<ele>1146.960693</ele>
				<time>2026-07-13T21:07:18Z</time>
			</trkpt>
			<trkpt lat="48.713039" lon="-121.830124">
				<ele>1145.216431</ele>
				<time>2026-07-13T21:07:30Z</time>
			</trkpt>
			<trkpt lat="48.713013" lon="-121.830055">
				<ele>1144.03772</ele>
				<time>2026-07-13T21:07:41Z</time>
			</trkpt>
			<trkpt lat="48.713024" lon="-121.829987">
				<ele>1143.220337</ele>
				<time>2026-07-13T21:07:48Z</time>
			</trkpt>
			<trkpt lat="48.712994" lon="-121.829918">
				<ele>1143.177124</ele>
				<time>2026-07-13T21:07:56Z</time>
			</trkpt>
			<trkpt lat="48.712944" lon="-121.829887">
				<ele>1143.547852</ele>
				<time>2026-07-13T21:08:00Z</time>
			</trkpt>
			<trkpt lat="48.712902" lon="-121.82988">
				<ele>1141.744507</ele>
				<time>2026-07-13T21:08:08Z</time>
			</trkpt>
			<trkpt lat="48.712852" lon="-121.829903">
				<ele>1141.069336</ele>
				<time>2026-07-13T21:08:18Z</time>
			</trkpt>
			<trkpt lat="48.712788" lon="-121.829811">
				<ele>1138.372192</ele>
				<time>2026-07-13T21:08:50Z</time>
			</trkpt>
			<trkpt lat="48.712727" lon="-121.829704">
				<ele>1139.273315</ele>
				<time>2026-07-13T21:09:08Z</time>
			</trkpt>
			<trkpt lat="48.712696" lon="-121.829643">
				<ele>1138.620239</ele>
				<time>2026-07-13T21:09:16Z</time>
			</trkpt>
			<trkpt lat="48.712608" lon="-121.829498">
				<ele>1140.866089</ele>
				<time>2026-07-13T21:09:39Z</time>
			</trkpt>
			<trkpt lat="48.712524" lon="-121.829445">
				<ele>1142.27478</ele>
				<time>2026-07-13T21:09:54Z</time>
			</trkpt>
			<trkpt lat="48.712486" lon="-121.829414">
				<ele>1140.53186</ele>
				<time>2026-07-13T21:10:03Z</time>
			</trkpt>
			<trkpt lat="48.712467" lon="-121.829353">
				<ele>1140.657593</ele>
				<time>2026-07-13T21:10:07Z</time>
			</trkpt>
			<trkpt lat="48.712444" lon="-121.829292">
				<ele>1140.713989</ele>
				<time>2026-07-13T21:10:13Z</time>
			</trkpt>
			<trkpt lat="48.712414" lon="-121.829247">
				<ele>1139.146606</ele>
				<time>2026-07-13T21:10:22Z</time>
			</trkpt>
			<trkpt lat="48.712387" lon="-121.829185">
				<ele>1139.198486</ele>
				<time>2026-07-13T21:10:27Z</time>
			</trkpt>
			<trkpt lat="48.712299" lon="-121.829155">
				<ele>1137.766113</ele>
				<time>2026-07-13T21:10:44Z</time>
			</trkpt>
			<trkpt lat="48.712261" lon="-121.829109">
				<ele>1135.929565</ele>
				<time>2026-07-13T21:10:50Z</time>
			</trkpt>
			<trkpt lat="48.712215" lon="-121.829079">
				<ele>1136.562866</ele>
				<time>2026-07-13T21:10:56Z</time>
			</trkpt>
			<trkpt lat="48.712189" lon="-121.829025">
				<ele>1135.971558</ele>
				<time>2026-07-13T21:11:01Z</time>
			</trkpt>
			<trkpt lat="48.712044" lon="-121.828835">
				<ele>1130.48584</ele>
				<time>2026-07-13T21:11:28Z</time>
			</trkpt>
			<trkpt lat="48.712029" lon="-121.828773">
				<ele>1132.017212</ele>
				<time>2026-07-13T21:11:36Z</time>
			</trkpt>
			<trkpt lat="48.711998" lon="-121.828712">
				<ele>1130.138306</ele>
				<time>2026-07-13T21:11:44Z</time>
			</trkpt>
			<trkpt lat="48.711987" lon="-121.828651">
				<ele>1130.332764</ele>
				<time>2026-07-13T21:11:50Z</time>
			</trkpt>
			<trkpt lat="48.711926" lon="-121.828552">
				<ele>1129.065186</ele>
				<time>2026-07-13T21:12:06Z</time>
			</trkpt>
			<trkpt lat="48.711849" lon="-121.828461">
				<ele>1129.366821</ele>
				<time>2026-07-13T21:12:21Z</time>
			</trkpt>
			<trkpt lat="48.711815" lon="-121.828415">
				<ele>1128.554321</ele>
				<time>2026-07-13T21:12:27Z</time>
			</trkpt>
			<trkpt lat="48.711781" lon="-121.828369">
				<ele>1129.436401</ele>
				<time>2026-07-13T21:12:35Z</time>
			</trkpt>
			<trkpt lat="48.711742" lon="-121.828323">
				<ele>1129.837646</ele>
				<time>2026-07-13T21:12:41Z</time>
			</trkpt>
			<trkpt lat="48.711742" lon="-121.828262">
				<ele>1130.06543</ele>
				<time>2026-07-13T21:12:55Z</time>
			</trkpt>
			<trkpt lat="48.711708" lon="-121.828217">
				<ele>1128.824097</ele>
				<time>2026-07-13T21:13:35Z</time>
			</trkpt>
			<trkpt lat="48.711693" lon="-121.828148">
				<ele>1128.828125</ele>
				<time>2026-07-13T21:13:41Z</time>
			</trkpt>
			<trkpt lat="48.711674" lon="-121.828079">
				<ele>1127.799561</ele>
				<time>2026-07-13T21:13:49Z</time>
			</trkpt>
			<trkpt lat="48.711639" lon="-121.828033">
				<ele>1128.210083</ele>
				<time>2026-07-13T21:13:54Z</time>
			</trkpt>
			<trkpt lat="48.711594" lon="-121.828011">
				<ele>1126.526245</ele>
				<time>2026-07-13T21:14:01Z</time>
			</trkpt>
			<trkpt lat="48.71154" lon="-121.828003">
				<ele>1126.234375</ele>
				<time>2026-07-13T21:14:07Z</time>
			</trkpt>
			<trkpt lat="48.711449" lon="-121.827988">
				<ele>1124.472046</ele>
				<time>2026-07-13T21:14:20Z</time>
			</trkpt>
			<trkpt lat="48.711422" lon="-121.827934">
				<ele>1122.862061</ele>
				<time>2026-07-13T21:14:28Z</time>
			</trkpt>
			<trkpt lat="48.711391" lon="-121.827888">
				<ele>1122.226074</ele>
				<time>2026-07-13T21:14:35Z</time>
			</trkpt>
			<trkpt lat="48.711349" lon="-121.827858">
				<ele>1122.990845</ele>
				<time>2026-07-13T21:14:40Z</time>
			</trkpt>
			<trkpt lat="48.711304" lon="-121.827843">
				<ele>1122.583008</ele>
				<time>2026-07-13T21:14:46Z</time>
			</trkpt>
			<trkpt lat="48.711281" lon="-121.827782">
				<ele>1123.088867</ele>
				<time>2026-07-13T21:14:51Z</time>
			</trkpt>
			<trkpt lat="48.711258" lon="-121.827721">
				<ele>1122.696289</ele>
				<time>2026-07-13T21:14:57Z</time>
			</trkpt>
			<trkpt lat="48.711205" lon="-121.827728">
				<ele>1120.464966</ele>
				<time>2026-07-13T21:15:05Z</time>
			</trkpt>
			<trkpt lat="48.711163" lon="-121.827721">
				<ele>1120.126831</ele>
				<time>2026-07-13T21:15:12Z</time>
			</trkpt>
			<trkpt lat="48.711117" lon="-121.827721">
				<ele>1119.017944</ele>
				<time>2026-07-13T21:15:19Z</time>
			</trkpt>
			<trkpt lat="48.711071" lon="-121.827736">
				<ele>1118.87793</ele>
				<time>2026-07-13T21:15:25Z</time>
			</trkpt>
			<trkpt lat="48.711025" lon="-121.827713">
				<ele>1118.347412</ele>
				<time>2026-07-13T21:15:29Z</time>
			</trkpt>
			<trkpt lat="48.710979" lon="-121.82769">
				<ele>1118.85437</ele>
				<time>2026-07-13T21:15:34Z</time>
			</trkpt>
			<trkpt lat="48.710941" lon="-121.827629">
				<ele>1118.423706</ele>
				<time>2026-07-13T21:15:41Z</time>
			</trkpt>
			<trkpt lat="48.710907" lon="-121.827583">
				<ele>1116.440796</ele>
				<time>2026-07-13T21:15:50Z</time>
			</trkpt>
			<trkpt lat="48.710873" lon="-121.827538">
				<ele>1116.507568</ele>
				<time>2026-07-13T21:15:56Z</time>
			</trkpt>
			<trkpt lat="48.710808" lon="-121.827446">
				<ele>1114.41394</ele>
				<time>2026-07-13T21:16:07Z</time>
			</trkpt>
			<trkpt lat="48.710762" lon="-121.827446">
				<ele>1113.30249</ele>
				<time>2026-07-13T21:16:13Z</time>
			</trkpt>
			<trkpt lat="48.710667" lon="-121.827423">
				<ele>1114.182129</ele>
				<time>2026-07-13T21:16:24Z</time>
			</trkpt>
			<trkpt lat="48.710636" lon="-121.82737">
				<ele>1113.94458</ele>
				<time>2026-07-13T21:16:30Z</time>
			</trkpt>
			<trkpt lat="48.71059" lon="-121.827362">
				<ele>1113.059937</ele>
				<time>2026-07-13T21:16:36Z</time>
			</trkpt>
			<trkpt lat="48.710548" lon="-121.827362">
				<ele>1113.046631</ele>
				<time>2026-07-13T21:16:42Z</time>
			</trkpt>
			<trkpt lat="48.710499" lon="-121.827354">
				<ele>1112.191528</ele>
				<time>2026-07-13T21:16:47Z</time>
			</trkpt>
			<trkpt lat="48.710464" lon="-121.827301">
				<ele>1111.648926</ele>
				<time>2026-07-13T21:16:53Z</time>
			</trkpt>
			<trkpt lat="48.710468" lon="-121.827232">
				<ele>1111.234131</ele>
				<time>2026-07-13T21:16:58Z</time>
			</trkpt>
			<trkpt lat="48.710442" lon="-121.827179">
				<ele>1111.545166</ele>
				<time>2026-07-13T21:17:02Z</time>
			</trkpt>
			<trkpt lat="48.710388" lon="-121.827164">
				<ele>1111.893677</ele>
				<time>2026-07-13T21:17:08Z</time>
			</trkpt>
			<trkpt lat="48.710342" lon="-121.827141">
				<ele>1110.601685</ele>
				<time>2026-07-13T21:17:12Z</time>
			</trkpt>
			<trkpt lat="48.7103" lon="-121.827118">
				<ele>1109.988647</ele>
				<time>2026-07-13T21:17:17Z</time>
			</trkpt>
			<trkpt lat="48.710255" lon="-121.82708">
				<ele>1110.029175</ele>
				<time>2026-07-13T21:17:25Z</time>
			</trkpt>
			<trkpt lat="48.710159" lon="-121.82708">
				<ele>1108.567749</ele>
				<time>2026-07-13T21:17:35Z</time>
			</trkpt>
			<trkpt lat="48.710117" lon="-121.827072">
				<ele>1109.155518</ele>
				<time>2026-07-13T21:17:40Z</time>
			</trkpt>
			<trkpt lat="48.710072" lon="-121.827057">
				<ele>1108.341553</ele>
				<time>2026-07-13T21:17:46Z</time>
			</trkpt>
			<trkpt lat="48.709972" lon="-121.827011">
				<ele>1104.96167</ele>
				<time>2026-07-13T21:17:57Z</time>
			</trkpt>
			<trkpt lat="48.709934" lon="-121.826981">
				<ele>1103.885132</ele>
				<time>2026-07-13T21:18:02Z</time>
			</trkpt>
			<trkpt lat="48.709888" lon="-121.826981">
				<ele>1103.630981</ele>
				<time>2026-07-13T21:18:08Z</time>
			</trkpt>
			<trkpt lat="48.709858" lon="-121.826927">
				<ele>1102.620972</ele>
				<time>2026-07-13T21:18:14Z</time>
			</trkpt>
			<trkpt lat="48.709827" lon="-121.826859">
				<ele>1102.573242</ele>
				<time>2026-07-13T21:18:19Z</time>
			</trkpt>
			<trkpt lat="48.70982" lon="-121.82679">
				<ele>1102.222412</ele>
				<time>2026-07-13T21:18:23Z</time>
			</trkpt>
			<trkpt lat="48.709808" lon="-121.826721">
				<ele>1101.52832</ele>
				<time>2026-07-13T21:18:28Z</time>
			</trkpt>
			<trkpt lat="48.709778" lon="-121.82666">
				<ele>1101.749756</ele>
				<time>2026-07-13T21:18:33Z</time>
			</trkpt>
			<trkpt lat="48.709736" lon="-121.826607">
				<ele>1101.311523</ele>
				<time>2026-07-13T21:18:38Z</time>
			</trkpt>
			<trkpt lat="48.70969" lon="-121.826569">
				<ele>1100.571289</ele>
				<time>2026-07-13T21:18:44Z</time>
			</trkpt>
			<trkpt lat="48.709595" lon="-121.826576">
				<ele>1099.390503</ele>
				<time>2026-07-13T21:18:56Z</time>
			</trkpt>
			<trkpt lat="48.709545" lon="-121.826591">
				<ele>1100.894897</ele>
				<time>2026-07-13T21:19:03Z</time>
			</trkpt>
			<trkpt lat="48.709408" lon="-121.826569">
				<ele>1101.68396</ele>
				<time>2026-07-13T21:19:16Z</time>
			</trkpt>
			<trkpt lat="48.70937" lon="-121.826523">
				<ele>1098.259521</ele>
				<time>2026-07-13T21:19:21Z</time>
			</trkpt>
			<trkpt lat="48.709282" lon="-121.826515">
				<ele>1096.48877</ele>
				<time>2026-07-13T21:19:28Z</time>
			</trkpt>
			<trkpt lat="48.70924" lon="-121.8265">
				<ele>1094.393677</ele>
				<time>2026-07-13T21:19:34Z</time>
			</trkpt>
			<trkpt lat="48.709198" lon="-121.826523">
				<ele>1094.129761</ele>
				<time>2026-07-13T21:19:38Z</time>
			</trkpt>
			<trkpt lat="48.709152" lon="-121.82653">
				<ele>1094.098999</ele>
				<time>2026-07-13T21:19:42Z</time>
			</trkpt>
			<trkpt lat="48.709114" lon="-121.8265">
				<ele>1093.739502</ele>
				<time>2026-07-13T21:19:47Z</time>
			</trkpt>
			<trkpt lat="48.709068" lon="-121.8265">
				<ele>1094.021484</ele>
				<time>2026-07-13T21:19:53Z</time>
			</trkpt>
			<trkpt lat="48.708992" lon="-121.826416">
				<ele>1092.617554</ele>
				<time>2026-07-13T21:20:03Z</time>
			</trkpt>
			<trkpt lat="48.708946" lon="-121.826424">
				<ele>1093.264526</ele>
				<time>2026-07-13T21:20:08Z</time>
			</trkpt>
			<trkpt lat="48.708897" lon="-121.826454">
				<ele>1092.927368</ele>
				<time>2026-07-13T21:20:16Z</time>
			</trkpt>
			<trkpt lat="48.708847" lon="-121.826485">
				<ele>1089.748535</ele>
				<time>2026-07-13T21:20:20Z</time>
			</trkpt>
			<trkpt lat="48.708797" lon="-121.8265">
				<ele>1090.156372</ele>
				<time>2026-07-13T21:20:27Z</time>
			</trkpt>
			<trkpt lat="48.708748" lon="-121.826485">
				<ele>1089.510742</ele>
				<time>2026-07-13T21:20:31Z</time>
			</trkpt>
			<trkpt lat="48.708694" lon="-121.826492">
				<ele>1091.091431</ele>
				<time>2026-07-13T21:20:36Z</time>
			</trkpt>
			<trkpt lat="48.708652" lon="-121.826485">
				<ele>1091.52356</ele>
				<time>2026-07-13T21:20:41Z</time>
			</trkpt>
			<trkpt lat="48.708599" lon="-121.826477">
				<ele>1088.234497</ele>
				<time>2026-07-13T21:20:50Z</time>
			</trkpt>
			<trkpt lat="48.708553" lon="-121.826492">
				<ele>1089.117065</ele>
				<time>2026-07-13T21:20:53Z</time>
			</trkpt>
			<trkpt lat="48.7085" lon="-121.8265">
				<ele>1089.061646</ele>
				<time>2026-07-13T21:20:58Z</time>
			</trkpt>
			<trkpt lat="48.708458" lon="-121.826485">
				<ele>1088.747437</ele>
				<time>2026-07-13T21:21:01Z</time>
			</trkpt>
			<trkpt lat="48.708405" lon="-121.826485">
				<ele>1089.379639</ele>
				<time>2026-07-13T21:21:06Z</time>
			</trkpt>
			<trkpt lat="48.708355" lon="-121.826462">
				<ele>1088.134521</ele>
				<time>2026-07-13T21:21:11Z</time>
			</trkpt>
			<trkpt lat="48.708282" lon="-121.826363">
				<ele>1085.153076</ele>
				<time>2026-07-13T21:21:20Z</time>
			</trkpt>
			<trkpt lat="48.708237" lon="-121.82634">
				<ele>1084.788208</ele>
				<time>2026-07-13T21:21:25Z</time>
			</trkpt>
			<trkpt lat="48.708191" lon="-121.826317">
				<ele>1084.628418</ele>
				<time>2026-07-13T21:21:30Z</time>
			</trkpt>
			<trkpt lat="48.708149" lon="-121.826302">
				<ele>1084.967041</ele>
				<time>2026-07-13T21:21:34Z</time>
			</trkpt>
			<trkpt lat="48.708099" lon="-121.826294">
				<ele>1084.957031</ele>
				<time>2026-07-13T21:21:39Z</time>
			</trkpt>
			<trkpt lat="48.708054" lon="-121.826279">
				<ele>1084.643677</ele>
				<time>2026-07-13T21:21:42Z</time>
			</trkpt>
			<trkpt lat="48.708008" lon="-121.826263">
				<ele>1083.128296</ele>
				<time>2026-07-13T21:21:46Z</time>
			</trkpt>
			<trkpt lat="48.707962" lon="-121.826218">
				<ele>1082.379395</ele>
				<time>2026-07-13T21:21:51Z</time>
			</trkpt>
			<trkpt lat="48.70792" lon="-121.826187">
				<ele>1081.276123</ele>
				<time>2026-07-13T21:21:55Z</time>
			</trkpt>
			<trkpt lat="48.707882" lon="-121.826164">
				<ele>1081.471436</ele>
				<time>2026-07-13T21:22:00Z</time>
			</trkpt>
			<trkpt lat="48.70784" lon="-121.826157">
				<ele>1081.915283</ele>
				<time>2026-07-13T21:22:05Z</time>
			</trkpt>
			<trkpt lat="48.707794" lon="-121.826172">
				<ele>1082.875488</ele>
				<time>2026-07-13T21:22:10Z</time>
			</trkpt>
			<trkpt lat="48.707649" lon="-121.82621">
				<ele>1081.727173</ele>
				<time>2026-07-13T21:22:25Z</time>
			</trkpt>
			<trkpt lat="48.707596" lon="-121.826241">
				<ele>1081.700195</ele>
				<time>2026-07-13T21:22:29Z</time>
			</trkpt>
			<trkpt lat="48.707554" lon="-121.826241">
				<ele>1081.309204</ele>
				<time>2026-07-13T21:22:32Z</time>
			</trkpt>
			<trkpt lat="48.707439" lon="-121.826118">
				<ele>1077.943604</ele>
				<time>2026-07-13T21:22:45Z</time>
			</trkpt>
			<trkpt lat="48.707401" lon="-121.82608">
				<ele>1078.639893</ele>
				<time>2026-07-13T21:22:50Z</time>
			</trkpt>
			<trkpt lat="48.707363" lon="-121.82605">
				<ele>1078.154907</ele>
				<time>2026-07-13T21:22:53Z</time>
			</trkpt>
			<trkpt lat="48.707314" lon="-121.826035">
				<ele>1076.903564</ele>
				<time>2026-07-13T21:22:57Z</time>
			</trkpt>
			<trkpt lat="48.70726" lon="-121.826027">
				<ele>1077.508057</ele>
				<time>2026-07-13T21:23:01Z</time>
			</trkpt>
			<trkpt lat="48.707222" lon="-121.825996">
				<ele>1076.084595</ele>
				<time>2026-07-13T21:23:05Z</time>
			</trkpt>
			<trkpt lat="48.70718" lon="-121.825958">
				<ele>1075.488159</ele>
				<time>2026-07-13T21:23:09Z</time>
			</trkpt>
			<trkpt lat="48.707165" lon="-121.825897">
				<ele>1074.947998</ele>
				<time>2026-07-13T21:23:13Z</time>
			</trkpt>
			<trkpt lat="48.70715" lon="-121.825821">
				<ele>1074.807007</ele>
				<time>2026-07-13T21:23:18Z</time>
			</trkpt>
			<trkpt lat="48.707134" lon="-121.825752">
				<ele>1074.245728</ele>
				<time>2026-07-13T21:23:22Z</time>
			</trkpt>
			<trkpt lat="48.707127" lon="-121.825676">
				<ele>1074.205933</ele>
				<time>2026-07-13T21:23:27Z</time>
			</trkpt>
			<trkpt lat="48.707073" lon="-121.825539">
				<ele>1074.261841</ele>
				<time>2026-07-13T21:23:36Z</time>
			</trkpt>
			<trkpt lat="48.707058" lon="-121.825478">
				<ele>1074.079956</ele>
				<time>2026-07-13T21:23:40Z</time>
			</trkpt>
			<trkpt lat="48.707027" lon="-121.82534">
				<ele>1075.890869</ele>
				<time>2026-07-13T21:23:47Z</time>
			</trkpt>
			<trkpt lat="48.706997" lon="-121.825287">
				<ele>1075.731567</ele>
				<time>2026-07-13T21:23:52Z</time>
			</trkpt>
			<trkpt lat="48.706936" lon="-121.82518">
				<ele>1072.278809</ele>
				<time>2026-07-13T21:24:01Z</time>
			</trkpt>
			<trkpt lat="48.70689" lon="-121.825058">
				<ele>1075.039307</ele>
				<time>2026-07-13T21:24:09Z</time>
			</trkpt>
			<trkpt lat="48.706856" lon="-121.824989">
				<ele>1073.137451</ele>
				<time>2026-07-13T21:24:13Z</time>
			</trkpt>
			<trkpt lat="48.706821" lon="-121.824936">
				<ele>1072.745605</ele>
				<time>2026-07-13T21:24:18Z</time>
			</trkpt>
			<trkpt lat="48.706764" lon="-121.824821">
				<ele>1070.851074</ele>
				<time>2026-07-13T21:24:26Z</time>
			</trkpt>
			<trkpt lat="48.706722" lon="-121.824776">
				<ele>1070.376343</ele>
				<time>2026-07-13T21:24:30Z</time>
			</trkpt>
			<trkpt lat="48.706688" lon="-121.82473">
				<ele>1070.740112</ele>
				<time>2026-07-13T21:24:34Z</time>
			</trkpt>
			<trkpt lat="48.706657" lon="-121.824684">
				<ele>1070.386353</ele>
				<time>2026-07-13T21:24:37Z</time>
			</trkpt>
			<trkpt lat="48.706623" lon="-121.824631">
				<ele>1070.47583</ele>
				<time>2026-07-13T21:24:41Z</time>
			</trkpt>
			<trkpt lat="48.706604" lon="-121.82457">
				<ele>1070.160522</ele>
				<time>2026-07-13T21:24:45Z</time>
			</trkpt>
			<trkpt lat="48.706505" lon="-121.824417">
				<ele>1068.275391</ele>
				<time>2026-07-13T21:24:56Z</time>
			</trkpt>
			<trkpt lat="48.706478" lon="-121.824348">
				<ele>1067.839111</ele>
				<time>2026-07-13T21:25:01Z</time>
			</trkpt>
			<trkpt lat="48.706394" lon="-121.824272">
				<ele>1069.120972</ele>
				<time>2026-07-13T21:25:08Z</time>
			</trkpt>
			<trkpt lat="48.706367" lon="-121.824219">
				<ele>1069.09729</ele>
				<time>2026-07-13T21:25:12Z</time>
			</trkpt>
			<trkpt lat="48.706341" lon="-121.824158">
				<ele>1067.810791</ele>
				<time>2026-07-13T21:25:16Z</time>
			</trkpt>
			<trkpt lat="48.706314" lon="-121.824104">
				<ele>1067.710327</ele>
				<time>2026-07-13T21:25:20Z</time>
			</trkpt>
			<trkpt lat="48.706276" lon="-121.824059">
				<ele>1066.48584</ele>
				<time>2026-07-13T21:25:23Z</time>
			</trkpt>
			<trkpt lat="48.7062" lon="-121.823967">
				<ele>1065.356323</ele>
				<time>2026-07-13T21:25:31Z</time>
			</trkpt>
			<trkpt lat="48.706146" lon="-121.823929">
				<ele>1065.406006</ele>
				<time>2026-07-13T21:25:37Z</time>
			</trkpt>
			<trkpt lat="48.706104" lon="-121.823883">
				<ele>1066.160156</ele>
				<time>2026-07-13T21:25:42Z</time>
			</trkpt>
			<trkpt lat="48.706001" lon="-121.823723">
				<ele>1063.075073</ele>
				<time>2026-07-13T21:25:54Z</time>
			</trkpt>
			<trkpt lat="48.705925" lon="-121.823616">
				<ele>1063.798218</ele>
				<time>2026-07-13T21:26:03Z</time>
			</trkpt>
			<trkpt lat="48.705891" lon="-121.82357">
				<ele>1063.750488</ele>
				<time>2026-07-13T21:26:07Z</time>
			</trkpt>
			<trkpt lat="48.705849" lon="-121.823532">
				<ele>1063.745605</ele>
				<time>2026-07-13T21:26:12Z</time>
			</trkpt>
			<trkpt lat="48.705807" lon="-121.823479">
				<ele>1063.594849</ele>
				<time>2026-07-13T21:26:16Z</time>
			</trkpt>
			<trkpt lat="48.70578" lon="-121.823425">
				<ele>1063.639526</ele>
				<time>2026-07-13T21:26:19Z</time>
			</trkpt>
			<trkpt lat="48.705746" lon="-121.823364">
				<ele>1064.623047</ele>
				<time>2026-07-13T21:26:23Z</time>
			</trkpt>
			<trkpt lat="48.705746" lon="-121.823296">
				<ele>1063.179443</ele>
				<time>2026-07-13T21:26:27Z</time>
			</trkpt>
			<trkpt lat="48.705757" lon="-121.823219">
				<ele>1063.316895</ele>
				<time>2026-07-13T21:26:31Z</time>
			</trkpt>
			<trkpt lat="48.705772" lon="-121.823151">
				<ele>1062.820679</ele>
				<time>2026-07-13T21:26:35Z</time>
			</trkpt>
			<trkpt lat="48.705769" lon="-121.823074">
				<ele>1062.993408</ele>
				<time>2026-07-13T21:26:39Z</time>
			</trkpt>
			<trkpt lat="48.705742" lon="-121.823006">
				<ele>1062.475464</ele>
				<time>2026-07-13T21:26:44Z</time>
			</trkpt>
			<trkpt lat="48.705715" lon="-121.822952">
				<ele>1063.116089</ele>
				<time>2026-07-13T21:26:48Z</time>
			</trkpt>
			<trkpt lat="48.705708" lon="-121.822884">
				<ele>1062.383179</ele>
				<time>2026-07-13T21:26:52Z</time>
			</trkpt>
			<trkpt lat="48.705685" lon="-121.82283">
				<ele>1062.009399</ele>
				<time>2026-07-13T21:26:56Z</time>
			</trkpt>
			<trkpt lat="48.70565" lon="-121.822777">
				<ele>1062.38562</ele>
				<time>2026-07-13T21:27:00Z</time>
			</trkpt>
			<trkpt lat="48.705616" lon="-121.822739">
				<ele>1062.063721</ele>
				<time>2026-07-13T21:27:04Z</time>
			</trkpt>
			<trkpt lat="48.705566" lon="-121.822701">
				<ele>1062.471924</ele>
				<time>2026-07-13T21:27:09Z</time>
			</trkpt>
			<trkpt lat="48.705521" lon="-121.82267">
				<ele>1062.188477</ele>
				<time>2026-07-13T21:27:14Z</time>
			</trkpt>
			<trkpt lat="48.705482" lon="-121.822617">
				<ele>1062.364868</ele>
				<time>2026-07-13T21:27:18Z</time>
			</trkpt>
			<trkpt lat="48.705448" lon="-121.822563">
				<ele>1062.117188</ele>
				<time>2026-07-13T21:27:22Z</time>
			</trkpt>
			<trkpt lat="48.705441" lon="-121.822495">
				<ele>1061.255981</ele>
				<time>2026-07-13T21:27:26Z</time>
			</trkpt>
			<trkpt lat="48.705406" lon="-121.822441">
				<ele>1060.704956</ele>
				<time>2026-07-13T21:27:30Z</time>
			</trkpt>
			<trkpt lat="48.705379" lon="-121.82238">
				<ele>1060.577148</ele>
				<time>2026-07-13T21:27:34Z</time>
			</trkpt>
			<trkpt lat="48.705349" lon="-121.822311">
				<ele>1059.434326</ele>
				<time>2026-07-13T21:27:38Z</time>
			</trkpt>
			<trkpt lat="48.705334" lon="-121.82225">
				<ele>1059.08313</ele>
				<time>2026-07-13T21:27:42Z</time>
			</trkpt>
			<trkpt lat="48.705303" lon="-121.822098">
				<ele>1060.202759</ele>
				<time>2026-07-13T21:27:50Z</time>
			</trkpt>
			<trkpt lat="48.705276" lon="-121.822029">
				<ele>1062.32019</ele>
				<time>2026-07-13T21:27:54Z</time>
			</trkpt>
			<trkpt lat="48.705273" lon="-121.82196">
				<ele>1059.635986</ele>
				<time>2026-07-13T21:27:58Z</time>
			</trkpt>
			<trkpt lat="48.705254" lon="-121.821892">
				<ele>1060.24707</ele>
				<time>2026-07-13T21:28:02Z</time>
			</trkpt>
			<trkpt lat="48.705223" lon="-121.821754">
				<ele>1059.337402</ele>
				<time>2026-07-13T21:28:11Z</time>
			</trkpt>
			<trkpt lat="48.705185" lon="-121.821625">
				<ele>1059.480591</ele>
				<time>2026-07-13T21:28:19Z</time>
			</trkpt>
			<trkpt lat="48.705177" lon="-121.82148">
				<ele>1058.267456</ele>
				<time>2026-07-13T21:28:28Z</time>
			</trkpt>
			<trkpt lat="48.705181" lon="-121.821411">
				<ele>1058.528564</ele>
				<time>2026-07-13T21:28:32Z</time>
			</trkpt>
			<trkpt lat="48.705196" lon="-121.821274">
				<ele>1057.330566</ele>
				<time>2026-07-13T21:28:39Z</time>
			</trkpt>
			<trkpt lat="48.705227" lon="-121.821121">
				<ele>1058.787842</ele>
				<time>2026-07-13T21:28:47Z</time>
			</trkpt>
			<trkpt lat="48.705231" lon="-121.821053">
				<ele>1057.5896</ele>
				<time>2026-07-13T21:28:51Z</time>
			</trkpt>
			<trkpt lat="48.705261" lon="-121.821007">
				<ele>1057.587646</ele>
				<time>2026-07-13T21:28:56Z</time>
			</trkpt>
			<trkpt lat="48.705299" lon="-121.820953">
				<ele>1057.279419</ele>
				<time>2026-07-13T21:29:00Z</time>
			</trkpt>
			<trkpt lat="48.705334" lon="-121.820908">
				<ele>1056.802979</ele>
				<time>2026-07-13T21:29:04Z</time>
			</trkpt>
			<trkpt lat="48.705376" lon="-121.82077">
				<ele>1054.802002</ele>
				<time>2026-07-13T21:29:13Z</time>
			</trkpt>
			<trkpt lat="48.705391" lon="-121.820702">
				<ele>1054.263794</ele>
				<time>2026-07-13T21:29:17Z</time>
			</trkpt>
			<trkpt lat="48.705402" lon="-121.820625">
				<ele>1053.945923</ele>
				<time>2026-07-13T21:29:22Z</time>
			</trkpt>
			<trkpt lat="48.705402" lon="-121.820564">
				<ele>1054.087891</ele>
				<time>2026-07-13T21:29:25Z</time>
			</trkpt>
			<trkpt lat="48.705406" lon="-121.820488">
				<ele>1053.880615</ele>
				<time>2026-07-13T21:29:29Z</time>
			</trkpt>
			<trkpt lat="48.705399" lon="-121.820412">
				<ele>1054.049805</ele>
				<time>2026-07-13T21:29:33Z</time>
			</trkpt>
			<trkpt lat="48.705383" lon="-121.820335">
				<ele>1054.464722</ele>
				<time>2026-07-13T21:29:40Z</time>
			</trkpt>
			<trkpt lat="48.705357" lon="-121.820267">
				<ele>1054.625488</ele>
				<time>2026-07-13T21:29:45Z</time>
			</trkpt>
			<trkpt lat="48.705334" lon="-121.820198">
				<ele>1054.238281</ele>
				<time>2026-07-13T21:29:50Z</time>
			</trkpt>
			<trkpt lat="48.705338" lon="-121.820129">
				<ele>1054.002197</ele>
				<time>2026-07-13T21:29:53Z</time>
			</trkpt>
			<trkpt lat="48.705311" lon="-121.820076">
				<ele>1053.914185</ele>
				<time>2026-07-13T21:29:57Z</time>
			</trkpt>
			<trkpt lat="48.70528" lon="-121.820015">
				<ele>1054.482544</ele>
				<time>2026-07-13T21:30:01Z</time>
			</trkpt>
			<trkpt lat="48.705284" lon="-121.819939">
				<ele>1053.986938</ele>
				<time>2026-07-13T21:30:05Z</time>
			</trkpt>
			<trkpt lat="48.705204" lon="-121.819847">
				<ele>1054.178101</ele>
				<time>2026-07-13T21:30:14Z</time>
			</trkpt>
			<trkpt lat="48.705181" lon="-121.819778">
				<ele>1052.866943</ele>
				<time>2026-07-13T21:30:18Z</time>
			</trkpt>
			<trkpt lat="48.705158" lon="-121.819717">
				<ele>1053.901489</ele>
				<time>2026-07-13T21:30:23Z</time>
			</trkpt>
			<trkpt lat="48.705162" lon="-121.819633">
				<ele>1053.741943</ele>
				<time>2026-07-13T21:30:27Z</time>
			</trkpt>
			<trkpt lat="48.705193" lon="-121.819572">
				<ele>1052.685059</ele>
				<time>2026-07-13T21:30:32Z</time>
			</trkpt>
			<trkpt lat="48.705219" lon="-121.819511">
				<ele>1052.426025</ele>
				<time>2026-07-13T21:30:36Z</time>
			</trkpt>
			<trkpt lat="48.705238" lon="-121.819443">
				<ele>1053.299683</ele>
				<time>2026-07-13T21:30:40Z</time>
			</trkpt>
			<trkpt lat="48.705269" lon="-121.819382">
				<ele>1052.393555</ele>
				<time>2026-07-13T21:30:45Z</time>
			</trkpt>
			<trkpt lat="48.705284" lon="-121.819321">
				<ele>1052.006836</ele>
				<time>2026-07-13T21:30:49Z</time>
			</trkpt>
			<trkpt lat="48.705307" lon="-121.819176">
				<ele>1052.21582</ele>
				<time>2026-07-13T21:30:57Z</time>
			</trkpt>
			<trkpt lat="48.705326" lon="-121.819046">
				<ele>1049.397827</ele>
				<time>2026-07-13T21:31:05Z</time>
			</trkpt>
			<trkpt lat="48.70533" lon="-121.818962">
				<ele>1048.875488</ele>
				<time>2026-07-13T21:31:09Z</time>
			</trkpt>
			<trkpt lat="48.705326" lon="-121.818893">
				<ele>1049.314575</ele>
				<time>2026-07-13T21:31:13Z</time>
			</trkpt>
			<trkpt lat="48.705338" lon="-121.818825">
				<ele>1048.711304</ele>
				<time>2026-07-13T21:31:17Z</time>
			</trkpt>
			<trkpt lat="48.70533" lon="-121.818756">
				<ele>1049.656982</ele>
				<time>2026-07-13T21:31:21Z</time>
			</trkpt>
			<trkpt lat="48.705315" lon="-121.818695">
				<ele>1049.316528</ele>
				<time>2026-07-13T21:31:26Z</time>
			</trkpt>
			<trkpt lat="48.70528" lon="-121.818642">
				<ele>1048.073608</ele>
				<time>2026-07-13T21:31:30Z</time>
			</trkpt>
			<trkpt lat="48.705288" lon="-121.818573">
				<ele>1048.418213</ele>
				<time>2026-07-13T21:31:34Z</time>
			</trkpt>
			<trkpt lat="48.705303" lon="-121.818504">
				<ele>1048.233643</ele>
				<time>2026-07-13T21:31:38Z</time>
			</trkpt>
			<trkpt lat="48.705311" lon="-121.818436">
				<ele>1048.405884</ele>
				<time>2026-07-13T21:31:43Z</time>
			</trkpt>
			<trkpt lat="48.705296" lon="-121.818375">
				<ele>1047.275146</ele>
				<time>2026-07-13T21:31:49Z</time>
			</trkpt>
			<trkpt lat="48.705257" lon="-121.818336">
				<ele>1047.970825</ele>
				<time>2026-07-13T21:31:53Z</time>
			</trkpt>
			<trkpt lat="48.705227" lon="-121.818275">
				<ele>1047.946777</ele>
				<time>2026-07-13T21:31:58Z</time>
			</trkpt>
			<trkpt lat="48.705204" lon="-121.818207">
				<ele>1046.593384</ele>
				<time>2026-07-13T21:32:01Z</time>
			</trkpt>
			<trkpt lat="48.705177" lon="-121.818138">
				<ele>1046.074829</ele>
				<time>2026-07-13T21:32:05Z</time>
			</trkpt>
			<trkpt lat="48.705177" lon="-121.818062">
				<ele>1045.048218</ele>
				<time>2026-07-13T21:32:10Z</time>
			</trkpt>
			<trkpt lat="48.705162" lon="-121.817986">
				<ele>1046.674072</ele>
				<time>2026-07-13T21:32:15Z</time>
			</trkpt>
			<trkpt lat="48.705158" lon="-121.817902">
				<ele>1046.872803</ele>
				<time>2026-07-13T21:32:19Z</time>
			</trkpt>
			<trkpt lat="48.7052" lon="-121.817764">
				<ele>1047.297852</ele>
				<time>2026-07-13T21:32:26Z</time>
			</trkpt>
			<trkpt lat="48.705196" lon="-121.817688">
				<ele>1046.349731</ele>
				<time>2026-07-13T21:32:30Z</time>
			</trkpt>
			<trkpt lat="48.705116" lon="-121.817619">
				<ele>1045.023804</ele>
				<time>2026-07-13T21:32:39Z</time>
			</trkpt>
			<trkpt lat="48.705116" lon="-121.817551">
				<ele>1043.837036</ele>
				<time>2026-07-13T21:32:43Z</time>
			</trkpt>
			<trkpt lat="48.705116" lon="-121.817467">
				<ele>1043.516479</ele>
				<time>2026-07-13T21:32:46Z</time>
			</trkpt>
			<trkpt lat="48.705151" lon="-121.817429">
				<ele>1042.50769</ele>
				<time>2026-07-13T21:32:49Z</time>
			</trkpt>
			<trkpt lat="48.705173" lon="-121.817352">
				<ele>1041.693481</ele>
				<time>2026-07-13T21:32:53Z</time>
			</trkpt>
			<trkpt lat="48.705177" lon="-121.817276">
				<ele>1041.465942</ele>
				<time>2026-07-13T21:32:59Z</time>
			</trkpt>
			<trkpt lat="48.705193" lon="-121.817215">
				<ele>1041.904175</ele>
				<time>2026-07-13T21:33:03Z</time>
			</trkpt>
			<trkpt lat="48.705208" lon="-121.817139">
				<ele>1040.641602</ele>
				<time>2026-07-13T21:33:08Z</time>
			</trkpt>
			<trkpt lat="48.705227" lon="-121.817062">
				<ele>1041.465942</ele>
				<time>2026-07-13T21:33:12Z</time>
			</trkpt>
			<trkpt lat="48.705261" lon="-121.817001">
				<ele>1041.82666</ele>
				<time>2026-07-13T21:33:16Z</time>
			</trkpt>
			<trkpt lat="48.705299" lon="-121.816986">
				<ele>1040.405518</ele>
				<time>2026-07-13T21:33:21Z</time>
			</trkpt>
			<trkpt lat="48.70533" lon="-121.816925">
				<ele>1041.122192</ele>
				<time>2026-07-13T21:33:27Z</time>
			</trkpt>
			<trkpt lat="48.705391" lon="-121.816818">
				<ele>1039.765137</ele>
				<time>2026-07-13T21:33:37Z</time>
			</trkpt>
			<trkpt lat="48.705391" lon="-121.81675">
				<ele>1039.437988</ele>
				<time>2026-07-13T21:33:42Z</time>
			</trkpt>
			<trkpt lat="48.705387" lon="-121.816681">
				<ele>1039.689209</ele>
				<time>2026-07-13T21:33:46Z</time>
			</trkpt>
			<trkpt lat="48.705399" lon="-121.816612">
				<ele>1038.812622</ele>
				<time>2026-07-13T21:33:51Z</time>
			</trkpt>
			<trkpt lat="48.705421" lon="-121.816536">
				<ele>1038.921875</ele>
				<time>2026-07-13T21:33:55Z</time>
			</trkpt>
			<trkpt lat="48.705448" lon="-121.816467">
				<ele>1037.883545</ele>
				<time>2026-07-13T21:34:02Z</time>
			</trkpt>
			<trkpt lat="48.705471" lon="-121.816399">
				<ele>1038.3927</ele>
				<time>2026-07-13T21:34:07Z</time>
			</trkpt>
			<trkpt lat="48.705456" lon="-121.81633">
				<ele>1038.258911</ele>
				<time>2026-07-13T21:34:12Z</time>
			</trkpt>
			<trkpt lat="48.705452" lon="-121.816177">
				<ele>1038.72168</ele>
				<time>2026-07-13T21:34:20Z</time>
			</trkpt>
			<trkpt lat="48.705502" lon="-121.81604">
				<ele>1036.448975</ele>
				<time>2026-07-13T21:34:29Z</time>
			</trkpt>
			<trkpt lat="48.705521" lon="-121.815971">
				<ele>1036.013062</ele>
				<time>2026-07-13T21:34:33Z</time>
			</trkpt>
			<trkpt lat="48.705559" lon="-121.815933">
				<ele>1035.599121</ele>
				<time>2026-07-13T21:34:38Z</time>
			</trkpt>
			<trkpt lat="48.705597" lon="-121.815895">
				<ele>1034.664917</ele>
				<time>2026-07-13T21:34:41Z</time>
			</trkpt>
			<trkpt lat="48.705643" lon="-121.815758">
				<ele>1032.927002</ele>
				<time>2026-07-13T21:34:51Z</time>
			</trkpt>
			<trkpt lat="48.705673" lon="-121.815712">
				<ele>1031.790894</ele>
				<time>2026-07-13T21:34:58Z</time>
			</trkpt>
			<trkpt lat="48.705692" lon="-121.815636">
				<ele>1031.165283</ele>
				<time>2026-07-13T21:35:03Z</time>
			</trkpt>
			<trkpt lat="48.705704" lon="-121.815567">
				<ele>1031.606079</ele>
				<time>2026-07-13T21:35:08Z</time>
			</trkpt>
			<trkpt lat="48.705719" lon="-121.815506">
				<ele>1030.497314</ele>
				<time>2026-07-13T21:35:12Z</time>
			</trkpt>
			<trkpt lat="48.705727" lon="-121.815437">
				<ele>1030.961548</ele>
				<time>2026-07-13T21:35:16Z</time>
			</trkpt>
			<trkpt lat="48.70575" lon="-121.815376">
				<ele>1029.16333</ele>
				<time>2026-07-13T21:35:21Z</time>
			</trkpt>
			<trkpt lat="48.705761" lon="-121.815315">
				<ele>1028.911743</ele>
				<time>2026-07-13T21:35:25Z</time>
			</trkpt>
			<trkpt lat="48.705742" lon="-121.815254">
				<ele>1029.048828</ele>
				<time>2026-07-13T21:35:29Z</time>
			</trkpt>
			<trkpt lat="48.705708" lon="-121.815117">
				<ele>1026.765991</ele>
				<time>2026-07-13T21:35:39Z</time>
			</trkpt>
			<trkpt lat="48.70573" lon="-121.815041">
				<ele>1026.780029</ele>
				<time>2026-07-13T21:35:43Z</time>
			</trkpt>
			<trkpt lat="48.705753" lon="-121.81498">
				<ele>1027.164063</ele>
				<time>2026-07-13T21:35:47Z</time>
			</trkpt>
			<trkpt lat="48.705788" lon="-121.814934">
				<ele>1026.964844</ele>
				<time>2026-07-13T21:35:51Z</time>
			</trkpt>
			<trkpt lat="48.705853" lon="-121.814835">
				<ele>1029.035522</ele>
				<time>2026-07-13T21:35:59Z</time>
			</trkpt>
			<trkpt lat="48.705883" lon="-121.814781">
				<ele>1028.238403</ele>
				<time>2026-07-13T21:36:03Z</time>
			</trkpt>
			<trkpt lat="48.705898" lon="-121.81472">
				<ele>1026.641357</ele>
				<time>2026-07-13T21:36:08Z</time>
			</trkpt>
			<trkpt lat="48.705902" lon="-121.814651">
				<ele>1026.754272</ele>
				<time>2026-07-13T21:36:12Z</time>
			</trkpt>
			<trkpt lat="48.705917" lon="-121.814575">
				<ele>1026.365845</ele>
				<time>2026-07-13T21:36:16Z</time>
			</trkpt>
			<trkpt lat="48.705952" lon="-121.814522">
				<ele>1024.658813</ele>
				<time>2026-07-13T21:36:20Z</time>
			</trkpt>
			<trkpt lat="48.705952" lon="-121.814438">
				<ele>1023.748352</ele>
				<time>2026-07-13T21:36:25Z</time>
			</trkpt>
			<trkpt lat="48.705952" lon="-121.814293">
				<ele>1023.036987</ele>
				<time>2026-07-13T21:36:33Z</time>
			</trkpt>
			<trkpt lat="48.705978" lon="-121.81424">
				<ele>1023.755737</ele>
				<time>2026-07-13T21:36:37Z</time>
			</trkpt>
			<trkpt lat="48.706043" lon="-121.814117">
				<ele>1024.362915</ele>
				<time>2026-07-13T21:36:46Z</time>
			</trkpt>
			<trkpt lat="48.7061" lon="-121.814003">
				<ele>1023.649048</ele>
				<time>2026-07-13T21:36:54Z</time>
			</trkpt>
			<trkpt lat="48.706177" lon="-121.813812">
				<ele>1025.460571</ele>
				<time>2026-07-13T21:37:07Z</time>
			</trkpt>
			<trkpt lat="48.706184" lon="-121.813736">
				<ele>1022.695374</ele>
				<time>2026-07-13T21:37:12Z</time>
			</trkpt>
			<trkpt lat="48.706192" lon="-121.813675">
				<ele>1022.91571</ele>
				<time>2026-07-13T21:37:16Z</time>
			</trkpt>
			<trkpt lat="48.706192" lon="-121.813606">
				<ele>1023.607971</ele>
				<time>2026-07-13T21:37:19Z</time>
			</trkpt>
			<trkpt lat="48.70623" lon="-121.81356">
				<ele>1024.221924</ele>
				<time>2026-07-13T21:37:23Z</time>
			</trkpt>
			<trkpt lat="48.706284" lon="-121.81356">
				<ele>1023.530457</ele>
				<time>2026-07-13T21:37:27Z</time>
			</trkpt>
			<trkpt lat="48.706333" lon="-121.813568">
				<ele>1021.232178</ele>
				<time>2026-07-13T21:37:33Z</time>
			</trkpt>
			<trkpt lat="48.706383" lon="-121.813568">
				<ele>1021.076904</ele>
				<time>2026-07-13T21:37:37Z</time>
			</trkpt>
			<trkpt lat="48.706509" lon="-121.813469">
				<ele>1017.355103</ele>
				<time>2026-07-13T21:37:56Z</time>
			</trkpt>
			<trkpt lat="48.706551" lon="-121.813423">
				<ele>1016.798218</ele>
				<time>2026-07-13T21:38:01Z</time>
			</trkpt>
			<trkpt lat="48.706562" lon="-121.813354">
				<ele>1016.710815</ele>
				<time>2026-07-13T21:38:05Z</time>
			</trkpt>
			<trkpt lat="48.706562" lon="-121.813278">
				<ele>1017.997803</ele>
				<time>2026-07-13T21:38:10Z</time>
			</trkpt>
			<trkpt lat="48.706558" lon="-121.81321">
				<ele>1017.656677</ele>
				<time>2026-07-13T21:38:14Z</time>
			</trkpt>
			<trkpt lat="48.706558" lon="-121.813133">
				<ele>1017.777039</ele>
				<time>2026-07-13T21:38:18Z</time>
			</trkpt>
			<trkpt lat="48.706539" lon="-121.813065">
				<ele>1016.103882</ele>
				<time>2026-07-13T21:38:22Z</time>
			</trkpt>
			<trkpt lat="48.706535" lon="-121.812981">
				<ele>1016.128235</ele>
				<time>2026-07-13T21:38:26Z</time>
			</trkpt>
			<trkpt lat="48.706528" lon="-121.812912">
				<ele>1015.894653</ele>
				<time>2026-07-13T21:38:31Z</time>
			</trkpt>
			<trkpt lat="48.706516" lon="-121.812836">
				<ele>1016.291443</ele>
				<time>2026-07-13T21:38:35Z</time>
			</trkpt>
			<trkpt lat="48.70652" lon="-121.812698">
				<ele>1018.279541</ele>
				<time>2026-07-13T21:38:43Z</time>
			</trkpt>
			<trkpt lat="48.706551" lon="-121.81263">
				<ele>1017.411926</ele>
				<time>2026-07-13T21:38:47Z</time>
			</trkpt>
			<trkpt lat="48.706566" lon="-121.812576">
				<ele>1019.238708</ele>
				<time>2026-07-13T21:38:50Z</time>
			</trkpt>
			<trkpt lat="48.7066" lon="-121.812515">
				<ele>1018.279907</ele>
				<time>2026-07-13T21:38:54Z</time>
			</trkpt>
			<trkpt lat="48.706635" lon="-121.812462">
				<ele>1018.250183</ele>
				<time>2026-07-13T21:38:58Z</time>
			</trkpt>
			<trkpt lat="48.706669" lon="-121.812424">
				<ele>1018.308044</ele>
				<time>2026-07-13T21:39:02Z</time>
			</trkpt>
			<trkpt lat="48.706718" lon="-121.812386">
				<ele>1018.784973</ele>
				<time>2026-07-13T21:39:06Z</time>
			</trkpt>
			<trkpt lat="48.706757" lon="-121.812355">
				<ele>1016.226196</ele>
				<time>2026-07-13T21:39:14Z</time>
			</trkpt>
			<trkpt lat="48.706799" lon="-121.812393">
				<ele>1016.075256</ele>
				<time>2026-07-13T21:39:20Z</time>
			</trkpt>
			<trkpt lat="48.706841" lon="-121.812393">
				<ele>1016.714478</ele>
				<time>2026-07-13T21:39:31Z</time>
			</trkpt>
		</trkseg>
	</trk>
</gpx>
