<?xml version="1.0" encoding="UTF-8"?>
<gpx xmlns:xsi="http://www.w3.org/2001/XMLSchema-instance" xmlns="http://www.topografix.com/GPX/1/1" xmlns:onx="http://www.onxmaps.com" xsi:schemaLocation="http://www.topografix.com/GPX/1/1 http://www.topografix.com/GPX/1/1/gpx.xsd " version="1.1" creator="onXmaps backcountry ios">
	<trk>
		<name>Mount Adams July 2026</name>
		<extensions>
			<onx:style>dash</onx:style>
			<onx:weight>4.0</onx:weight>
			<onx:color>rgba(0, 255, 255, 1)</onx:color>
		</extensions>
		<trkseg>
			<trkpt lat="46.136017" lon="-121.497704">
				<ele>1692.846191</ele>
				<time>2026-07-08T18:49:02Z</time>
			</trkpt>
			<trkpt lat="46.135979" lon="-121.497711">
				<ele>1691.100708</ele>
				<time>2026-07-08T18:49:05Z</time>
			</trkpt>
			<trkpt lat="46.135914" lon="-121.497742">
				<ele>1689.577881</ele>
				<time>2026-07-08T18:49:11Z</time>
			</trkpt>
			<trkpt lat="46.135864" lon="-121.497757">
				<ele>1689.476196</ele>
				<time>2026-07-08T18:49:15Z</time>
			</trkpt>
			<trkpt lat="46.135818" lon="-121.49778">
				<ele>1689.822632</ele>
				<time>2026-07-08T18:49:19Z</time>
			</trkpt>
			<trkpt lat="46.135727" lon="-121.497818">
				<ele>1689.05835</ele>
				<time>2026-07-08T18:49:27Z</time>
			</trkpt>
			<trkpt lat="46.135685" lon="-121.497841">
				<ele>1688.204468</ele>
				<time>2026-07-08T18:49:31Z</time>
			</trkpt>
			<trkpt lat="46.135677" lon="-121.497864">
				<ele>1692.453125</ele>
				<time>2026-07-08T18:49:34Z</time>
			</trkpt>
			<trkpt lat="46.13567" lon="-121.497902">
				<ele>1692.537842</ele>
				<time>2026-07-08T18:49:37Z</time>
			</trkpt>
			<trkpt lat="46.135666" lon="-121.497932">
				<ele>1692.033081</ele>
				<time>2026-07-08T18:49:39Z</time>
			</trkpt>
			<trkpt lat="46.135632" lon="-121.497971">
				<ele>1693.521606</ele>
				<time>2026-07-08T18:49:48Z</time>
			</trkpt>
			<trkpt lat="46.13567" lon="-121.497971">
				<ele>1692.920898</ele>
				<time>2026-07-08T18:50:00Z</time>
			</trkpt>
			<trkpt lat="46.13567" lon="-121.498009">
				<ele>1693.721436</ele>
				<time>2026-07-08T18:50:06Z</time>
			</trkpt>
			<trkpt lat="46.135685" lon="-121.498039">
				<ele>1693.532349</ele>
				<time>2026-07-08T18:50:08Z</time>
			</trkpt>
			<trkpt lat="46.135704" lon="-121.498077">
				<ele>1694.682983</ele>
				<time>2026-07-08T18:50:11Z</time>
			</trkpt>
			<trkpt lat="46.135723" lon="-121.498093">
				<ele>1694.613647</ele>
				<time>2026-07-08T18:50:13Z</time>
			</trkpt>
			<trkpt lat="46.135761" lon="-121.498123">
				<ele>1694.664917</ele>
				<time>2026-07-08T18:50:22Z</time>
			</trkpt>
			<trkpt lat="46.135803" lon="-121.498131">
				<ele>1694.461792</ele>
				<time>2026-07-08T18:50:54Z</time>
			</trkpt>
			<trkpt lat="46.135838" lon="-121.498146">
				<ele>1694.907837</ele>
				<time>2026-07-08T18:50:58Z</time>
			</trkpt>
			<trkpt lat="46.135895" lon="-121.498192">
				<ele>1697.107056</ele>
				<time>2026-07-08T18:51:10Z</time>
			</trkpt>
			<trkpt lat="46.135918" lon="-121.49823">
				<ele>1696.921997</ele>
				<time>2026-07-08T18:51:13Z</time>
			</trkpt>
			<trkpt lat="46.135948" lon="-121.49826">
				<ele>1697.229736</ele>
				<time>2026-07-08T18:51:17Z</time>
			</trkpt>
			<trkpt lat="46.135979" lon="-121.498276">
				<ele>1696.861816</ele>
				<time>2026-07-08T18:51:20Z</time>
			</trkpt>
			<trkpt lat="46.136009" lon="-121.498291">
				<ele>1697.29895</ele>
				<time>2026-07-08T18:51:23Z</time>
			</trkpt>
			<trkpt lat="46.136028" lon="-121.498306">
				<ele>1697.142944</ele>
				<time>2026-07-08T18:51:25Z</time>
			</trkpt>
			<trkpt lat="46.136051" lon="-121.498337">
				<ele>1697.258057</ele>
				<time>2026-07-08T18:51:28Z</time>
			</trkpt>
			<trkpt lat="46.136108" lon="-121.49836">
				<ele>1697.826904</ele>
				<time>2026-07-08T18:51:34Z</time>
			</trkpt>
			<trkpt lat="46.136131" lon="-121.498375">
				<ele>1697.489014</ele>
				<time>2026-07-08T18:51:36Z</time>
			</trkpt>
			<trkpt lat="46.136177" lon="-121.49839">
				<ele>1698.005493</ele>
				<time>2026-07-08T18:51:41Z</time>
			</trkpt>
			<trkpt lat="46.136204" lon="-121.498405">
				<ele>1697.357788</ele>
				<time>2026-07-08T18:51:43Z</time>
			</trkpt>
			<trkpt lat="46.136318" lon="-121.498436">
				<ele>1699.783813</ele>
				<time>2026-07-08T18:51:55Z</time>
			</trkpt>
			<trkpt lat="46.136345" lon="-121.498436">
				<ele>1699.967773</ele>
				<time>2026-07-08T18:51:57Z</time>
			</trkpt>
			<trkpt lat="46.136375" lon="-121.498436">
				<ele>1699.907837</ele>
				<time>2026-07-08T18:52:00Z</time>
			</trkpt>
			<trkpt lat="46.136425" lon="-121.498451">
				<ele>1700.911133</ele>
				<time>2026-07-08T18:52:04Z</time>
			</trkpt>
			<trkpt lat="46.136482" lon="-121.498451">
				<ele>1701.336792</ele>
				<time>2026-07-08T18:52:09Z</time>
			</trkpt>
			<trkpt lat="46.136501" lon="-121.498474">
				<ele>1701.145264</ele>
				<time>2026-07-08T18:52:11Z</time>
			</trkpt>
			<trkpt lat="46.136566" lon="-121.498543">
				<ele>1702.338013</ele>
				<time>2026-07-08T18:52:18Z</time>
			</trkpt>
			<trkpt lat="46.136585" lon="-121.498558">
				<ele>1702.368164</ele>
				<time>2026-07-08T18:52:20Z</time>
			</trkpt>
			<trkpt lat="46.136612" lon="-121.498573">
				<ele>1701.711792</ele>
				<time>2026-07-08T18:52:23Z</time>
			</trkpt>
			<trkpt lat="46.136639" lon="-121.498589">
				<ele>1702.006104</ele>
				<time>2026-07-08T18:52:26Z</time>
			</trkpt>
			<trkpt lat="46.136665" lon="-121.498596">
				<ele>1703.265259</ele>
				<time>2026-07-08T18:52:29Z</time>
			</trkpt>
			<trkpt lat="46.136715" lon="-121.498596">
				<ele>1704.020386</ele>
				<time>2026-07-08T18:52:34Z</time>
			</trkpt>
			<trkpt lat="46.136738" lon="-121.498589">
				<ele>1705.386719</ele>
				<time>2026-07-08T18:52:37Z</time>
			</trkpt>
			<trkpt lat="46.136761" lon="-121.498581">
				<ele>1705.454224</ele>
				<time>2026-07-08T18:52:39Z</time>
			</trkpt>
			<trkpt lat="46.136787" lon="-121.498566">
				<ele>1705.994995</ele>
				<time>2026-07-08T18:52:42Z</time>
			</trkpt>
			<trkpt lat="46.136814" lon="-121.498558">
				<ele>1705.607666</ele>
				<time>2026-07-08T18:52:44Z</time>
			</trkpt>
			<trkpt lat="46.136841" lon="-121.498543">
				<ele>1706.109985</ele>
				<time>2026-07-08T18:52:46Z</time>
			</trkpt>
			<trkpt lat="46.136871" lon="-121.49855">
				<ele>1706.251465</ele>
				<time>2026-07-08T18:52:49Z</time>
			</trkpt>
			<trkpt lat="46.136898" lon="-121.498535">
				<ele>1705.970947</ele>
				<time>2026-07-08T18:52:51Z</time>
			</trkpt>
			<trkpt lat="46.136925" lon="-121.498528">
				<ele>1706.189453</ele>
				<time>2026-07-08T18:52:54Z</time>
			</trkpt>
			<trkpt lat="46.136951" lon="-121.498528">
				<ele>1706.182251</ele>
				<time>2026-07-08T18:52:56Z</time>
			</trkpt>
			<trkpt lat="46.136978" lon="-121.498528">
				<ele>1706.271118</ele>
				<time>2026-07-08T18:52:58Z</time>
			</trkpt>
			<trkpt lat="46.137028" lon="-121.498528">
				<ele>1705.9375</ele>
				<time>2026-07-08T18:53:02Z</time>
			</trkpt>
			<trkpt lat="46.137104" lon="-121.498535">
				<ele>1707.098633</ele>
				<time>2026-07-08T18:53:09Z</time>
			</trkpt>
			<trkpt lat="46.137131" lon="-121.498535">
				<ele>1706.924927</ele>
				<time>2026-07-08T18:53:11Z</time>
			</trkpt>
			<trkpt lat="46.137161" lon="-121.498543">
				<ele>1707.098755</ele>
				<time>2026-07-08T18:53:14Z</time>
			</trkpt>
			<trkpt lat="46.137184" lon="-121.498543">
				<ele>1707.057129</ele>
				<time>2026-07-08T18:53:16Z</time>
			</trkpt>
			<trkpt lat="46.137234" lon="-121.498543">
				<ele>1707.95813</ele>
				<time>2026-07-08T18:53:20Z</time>
			</trkpt>
			<trkpt lat="46.137291" lon="-121.49855">
				<ele>1708.181641</ele>
				<time>2026-07-08T18:53:25Z</time>
			</trkpt>
			<trkpt lat="46.13731" lon="-121.498558">
				<ele>1707.484985</ele>
				<time>2026-07-08T18:53:27Z</time>
			</trkpt>
			<trkpt lat="46.137363" lon="-121.498566">
				<ele>1708.383667</ele>
				<time>2026-07-08T18:53:32Z</time>
			</trkpt>
			<trkpt lat="46.137409" lon="-121.498558">
				<ele>1708.031982</ele>
				<time>2026-07-08T18:53:36Z</time>
			</trkpt>
			<trkpt lat="46.13744" lon="-121.498558">
				<ele>1708.144897</ele>
				<time>2026-07-08T18:53:39Z</time>
			</trkpt>
			<trkpt lat="46.137463" lon="-121.498558">
				<ele>1708.824707</ele>
				<time>2026-07-08T18:53:41Z</time>
			</trkpt>
			<trkpt lat="46.137486" lon="-121.498558">
				<ele>1708.800537</ele>
				<time>2026-07-08T18:53:44Z</time>
			</trkpt>
			<trkpt lat="46.137508" lon="-121.498558">
				<ele>1709.245239</ele>
				<time>2026-07-08T18:53:46Z</time>
			</trkpt>
			<trkpt lat="46.137539" lon="-121.49855">
				<ele>1709.262939</ele>
				<time>2026-07-08T18:53:49Z</time>
			</trkpt>
			<trkpt lat="46.137585" lon="-121.498505">
				<ele>1710.336426</ele>
				<time>2026-07-08T18:53:54Z</time>
			</trkpt>
			<trkpt lat="46.13763" lon="-121.498489">
				<ele>1709.009399</ele>
				<time>2026-07-08T18:54:11Z</time>
			</trkpt>
			<trkpt lat="46.137669" lon="-121.498489">
				<ele>1709.202026</ele>
				<time>2026-07-08T18:54:19Z</time>
			</trkpt>
			<trkpt lat="46.137699" lon="-121.498466">
				<ele>1711.036865</ele>
				<time>2026-07-08T18:55:30Z</time>
			</trkpt>
			<trkpt lat="46.137726" lon="-121.498451">
				<ele>1710.961182</ele>
				<time>2026-07-08T18:55:32Z</time>
			</trkpt>
			<trkpt lat="46.137817" lon="-121.498375">
				<ele>1713.333496</ele>
				<time>2026-07-08T18:55:41Z</time>
			</trkpt>
			<trkpt lat="46.137856" lon="-121.498337">
				<ele>1712.835449</ele>
				<time>2026-07-08T18:55:45Z</time>
			</trkpt>
			<trkpt lat="46.137932" lon="-121.498222">
				<ele>1714.015991</ele>
				<time>2026-07-08T18:55:55Z</time>
			</trkpt>
			<trkpt lat="46.137966" lon="-121.498161">
				<ele>1715.522461</ele>
				<time>2026-07-08T18:56:00Z</time>
			</trkpt>
			<trkpt lat="46.137989" lon="-121.498123">
				<ele>1715.24707</ele>
				<time>2026-07-08T18:56:03Z</time>
			</trkpt>
			<trkpt lat="46.138008" lon="-121.498055">
				<ele>1715.499634</ele>
				<time>2026-07-08T18:56:07Z</time>
			</trkpt>
			<trkpt lat="46.138046" lon="-121.497993">
				<ele>1714.544678</ele>
				<time>2026-07-08T18:56:12Z</time>
			</trkpt>
			<trkpt lat="46.138062" lon="-121.497963">
				<ele>1714.630127</ele>
				<time>2026-07-08T18:56:14Z</time>
			</trkpt>
			<trkpt lat="46.138073" lon="-121.497932">
				<ele>1714.499756</ele>
				<time>2026-07-08T18:56:16Z</time>
			</trkpt>
			<trkpt lat="46.138092" lon="-121.497894">
				<ele>1714.960449</ele>
				<time>2026-07-08T18:56:19Z</time>
			</trkpt>
			<trkpt lat="46.138107" lon="-121.497864">
				<ele>1714.148071</ele>
				<time>2026-07-08T18:56:21Z</time>
			</trkpt>
			<trkpt lat="46.138123" lon="-121.497818">
				<ele>1714.952393</ele>
				<time>2026-07-08T18:56:24Z</time>
			</trkpt>
			<trkpt lat="46.138134" lon="-121.497787">
				<ele>1714.625977</ele>
				<time>2026-07-08T18:56:26Z</time>
			</trkpt>
			<trkpt lat="46.138138" lon="-121.497749">
				<ele>1714.919556</ele>
				<time>2026-07-08T18:56:28Z</time>
			</trkpt>
			<trkpt lat="46.138149" lon="-121.497673">
				<ele>1715.990112</ele>
				<time>2026-07-08T18:56:34Z</time>
			</trkpt>
			<trkpt lat="46.138165" lon="-121.497635">
				<ele>1715.461792</ele>
				<time>2026-07-08T18:56:37Z</time>
			</trkpt>
			<trkpt lat="46.138168" lon="-121.497604">
				<ele>1715.862793</ele>
				<time>2026-07-08T18:56:39Z</time>
			</trkpt>
			<trkpt lat="46.138168" lon="-121.497566">
				<ele>1715.901733</ele>
				<time>2026-07-08T18:56:41Z</time>
			</trkpt>
			<trkpt lat="46.138172" lon="-121.497498">
				<ele>1717.797119</ele>
				<time>2026-07-08T18:56:47Z</time>
			</trkpt>
			<trkpt lat="46.138123" lon="-121.49736">
				<ele>1719.095337</ele>
				<time>2026-07-08T18:56:57Z</time>
			</trkpt>
			<trkpt lat="46.138103" lon="-121.49733">
				<ele>1719.122681</ele>
				<time>2026-07-08T18:56:59Z</time>
			</trkpt>
			<trkpt lat="46.138088" lon="-121.497299">
				<ele>1718.400024</ele>
				<time>2026-07-08T18:57:02Z</time>
			</trkpt>
			<trkpt lat="46.138073" lon="-121.497269">
				<ele>1719.477295</ele>
				<time>2026-07-08T18:57:04Z</time>
			</trkpt>
			<trkpt lat="46.138062" lon="-121.497231">
				<ele>1719.491211</ele>
				<time>2026-07-08T18:57:07Z</time>
			</trkpt>
			<trkpt lat="46.138046" lon="-121.4972">
				<ele>1720.082886</ele>
				<time>2026-07-08T18:57:09Z</time>
			</trkpt>
			<trkpt lat="46.138039" lon="-121.497162">
				<ele>1719.594971</ele>
				<time>2026-07-08T18:57:12Z</time>
			</trkpt>
			<trkpt lat="46.138008" lon="-121.497093">
				<ele>1720.568237</ele>
				<time>2026-07-08T18:57:17Z</time>
			</trkpt>
			<trkpt lat="46.137989" lon="-121.49704">
				<ele>1720.064819</ele>
				<time>2026-07-08T18:57:21Z</time>
			</trkpt>
			<trkpt lat="46.137966" lon="-121.496979">
				<ele>1721.334473</ele>
				<time>2026-07-08T18:57:26Z</time>
			</trkpt>
			<trkpt lat="46.137951" lon="-121.496948">
				<ele>1720.910034</ele>
				<time>2026-07-08T18:57:28Z</time>
			</trkpt>
			<trkpt lat="46.137936" lon="-121.49691">
				<ele>1721.304199</ele>
				<time>2026-07-08T18:57:31Z</time>
			</trkpt>
			<trkpt lat="46.137913" lon="-121.496841">
				<ele>1721.46936</ele>
				<time>2026-07-08T18:57:37Z</time>
			</trkpt>
			<trkpt lat="46.137901" lon="-121.496811">
				<ele>1721.769775</ele>
				<time>2026-07-08T18:57:39Z</time>
			</trkpt>
			<trkpt lat="46.137886" lon="-121.49678">
				<ele>1721.207153</ele>
				<time>2026-07-08T18:57:42Z</time>
			</trkpt>
			<trkpt lat="46.137859" lon="-121.496712">
				<ele>1721.954834</ele>
				<time>2026-07-08T18:57:47Z</time>
			</trkpt>
			<trkpt lat="46.137844" lon="-121.496689">
				<ele>1721.633057</ele>
				<time>2026-07-08T18:57:49Z</time>
			</trkpt>
			<trkpt lat="46.137836" lon="-121.496666">
				<ele>1722.223755</ele>
				<time>2026-07-08T18:57:51Z</time>
			</trkpt>
			<trkpt lat="46.137825" lon="-121.496635">
				<ele>1721.931519</ele>
				<time>2026-07-08T18:57:53Z</time>
			</trkpt>
			<trkpt lat="46.13781" lon="-121.496613">
				<ele>1721.88623</ele>
				<time>2026-07-08T18:57:56Z</time>
			</trkpt>
			<trkpt lat="46.137783" lon="-121.496552">
				<ele>1722.564575</ele>
				<time>2026-07-08T18:58:01Z</time>
			</trkpt>
			<trkpt lat="46.137764" lon="-121.496445">
				<ele>1720.84668</ele>
				<time>2026-07-08T18:58:08Z</time>
			</trkpt>
			<trkpt lat="46.137756" lon="-121.496384">
				<ele>1721.007324</ele>
				<time>2026-07-08T18:58:12Z</time>
			</trkpt>
			<trkpt lat="46.137745" lon="-121.49633">
				<ele>1721.296631</ele>
				<time>2026-07-08T18:58:16Z</time>
			</trkpt>
			<trkpt lat="46.137726" lon="-121.496269">
				<ele>1721.136719</ele>
				<time>2026-07-08T18:58:20Z</time>
			</trkpt>
			<trkpt lat="46.137711" lon="-121.496216">
				<ele>1722.219482</ele>
				<time>2026-07-08T18:58:24Z</time>
			</trkpt>
			<trkpt lat="46.137695" lon="-121.496162">
				<ele>1722.677979</ele>
				<time>2026-07-08T18:58:28Z</time>
			</trkpt>
			<trkpt lat="46.13768" lon="-121.496101">
				<ele>1722.932861</ele>
				<time>2026-07-08T18:58:32Z</time>
			</trkpt>
			<trkpt lat="46.137669" lon="-121.49604">
				<ele>1722.921509</ele>
				<time>2026-07-08T18:58:36Z</time>
			</trkpt>
			<trkpt lat="46.137653" lon="-121.495979">
				<ele>1723.498535</ele>
				<time>2026-07-08T18:58:40Z</time>
			</trkpt>
			<trkpt lat="46.13763" lon="-121.495911">
				<ele>1723.700928</ele>
				<time>2026-07-08T18:58:45Z</time>
			</trkpt>
			<trkpt lat="46.137611" lon="-121.495842">
				<ele>1724.114868</ele>
				<time>2026-07-08T18:58:50Z</time>
			</trkpt>
			<trkpt lat="46.137592" lon="-121.495773">
				<ele>1723.823608</ele>
				<time>2026-07-08T18:58:56Z</time>
			</trkpt>
			<trkpt lat="46.137569" lon="-121.495712">
				<ele>1723.946655</ele>
				<time>2026-07-08T18:59:00Z</time>
			</trkpt>
			<trkpt lat="46.137547" lon="-121.495636">
				<ele>1724.72168</ele>
				<time>2026-07-08T18:59:05Z</time>
			</trkpt>
			<trkpt lat="46.137535" lon="-121.495552">
				<ele>1725.215698</ele>
				<time>2026-07-08T18:59:10Z</time>
			</trkpt>
			<trkpt lat="46.137524" lon="-121.495476">
				<ele>1726.134399</ele>
				<time>2026-07-08T18:59:16Z</time>
			</trkpt>
			<trkpt lat="46.137508" lon="-121.495399">
				<ele>1726.300659</ele>
				<time>2026-07-08T18:59:21Z</time>
			</trkpt>
			<trkpt lat="46.137497" lon="-121.495323">
				<ele>1726.937134</ele>
				<time>2026-07-08T18:59:27Z</time>
			</trkpt>
			<trkpt lat="46.137486" lon="-121.495247">
				<ele>1727.247925</ele>
				<time>2026-07-08T18:59:33Z</time>
			</trkpt>
			<trkpt lat="46.137474" lon="-121.495171">
				<ele>1729.201538</ele>
				<time>2026-07-08T18:59:38Z</time>
			</trkpt>
			<trkpt lat="46.137463" lon="-121.495102">
				<ele>1729.863647</ele>
				<time>2026-07-08T18:59:43Z</time>
			</trkpt>
			<trkpt lat="46.137466" lon="-121.495033">
				<ele>1729.184204</ele>
				<time>2026-07-08T18:59:48Z</time>
			</trkpt>
			<trkpt lat="46.137463" lon="-121.494881">
				<ele>1729.987793</ele>
				<time>2026-07-08T18:59:58Z</time>
			</trkpt>
			<trkpt lat="46.137482" lon="-121.49482">
				<ele>1729.891724</ele>
				<time>2026-07-08T19:00:03Z</time>
			</trkpt>
			<trkpt lat="46.137501" lon="-121.494743">
				<ele>1730.239868</ele>
				<time>2026-07-08T19:00:09Z</time>
			</trkpt>
			<trkpt lat="46.137512" lon="-121.494682">
				<ele>1730.899292</ele>
				<time>2026-07-08T19:00:14Z</time>
			</trkpt>
			<trkpt lat="46.137527" lon="-121.494621">
				<ele>1730.441772</ele>
				<time>2026-07-08T19:00:19Z</time>
			</trkpt>
			<trkpt lat="46.137543" lon="-121.49456">
				<ele>1732.62439</ele>
				<time>2026-07-08T19:00:24Z</time>
			</trkpt>
			<trkpt lat="46.137558" lon="-121.494499">
				<ele>1732.499146</ele>
				<time>2026-07-08T19:00:29Z</time>
			</trkpt>
			<trkpt lat="46.137569" lon="-121.494431">
				<ele>1732.706421</ele>
				<time>2026-07-08T19:00:34Z</time>
			</trkpt>
			<trkpt lat="46.137585" lon="-121.494354">
				<ele>1732.644531</ele>
				<time>2026-07-08T19:00:39Z</time>
			</trkpt>
			<trkpt lat="46.137619" lon="-121.49424">
				<ele>1735.418579</ele>
				<time>2026-07-08T19:00:49Z</time>
			</trkpt>
			<trkpt lat="46.137669" lon="-121.494225">
				<ele>1736.067139</ele>
				<time>2026-07-08T19:00:54Z</time>
			</trkpt>
			<trkpt lat="46.137718" lon="-121.494247">
				<ele>1738.710938</ele>
				<time>2026-07-08T19:01:01Z</time>
			</trkpt>
			<trkpt lat="46.137768" lon="-121.494362">
				<ele>1737.978516</ele>
				<time>2026-07-08T19:01:11Z</time>
			</trkpt>
			<trkpt lat="46.137794" lon="-121.494415">
				<ele>1739.091309</ele>
				<time>2026-07-08T19:01:16Z</time>
			</trkpt>
			<trkpt lat="46.137814" lon="-121.494469">
				<ele>1739.232178</ele>
				<time>2026-07-08T19:01:21Z</time>
			</trkpt>
			<trkpt lat="46.137844" lon="-121.494507">
				<ele>1739.722778</ele>
				<time>2026-07-08T19:01:26Z</time>
			</trkpt>
			<trkpt lat="46.137867" lon="-121.49456">
				<ele>1739.672241</ele>
				<time>2026-07-08T19:01:30Z</time>
			</trkpt>
			<trkpt lat="46.137932" lon="-121.49469">
				<ele>1740.093994</ele>
				<time>2026-07-08T19:01:42Z</time>
			</trkpt>
			<trkpt lat="46.137981" lon="-121.494774">
				<ele>1741.573608</ele>
				<time>2026-07-08T19:01:51Z</time>
			</trkpt>
			<trkpt lat="46.138046" lon="-121.494919">
				<ele>1742.684692</ele>
				<time>2026-07-08T19:02:03Z</time>
			</trkpt>
			<trkpt lat="46.138073" lon="-121.494957">
				<ele>1743.389526</ele>
				<time>2026-07-08T19:02:07Z</time>
			</trkpt>
			<trkpt lat="46.13813" lon="-121.495049">
				<ele>1744.079712</ele>
				<time>2026-07-08T19:02:17Z</time>
			</trkpt>
			<trkpt lat="46.138149" lon="-121.495094">
				<ele>1744.073364</ele>
				<time>2026-07-08T19:02:21Z</time>
			</trkpt>
			<trkpt lat="46.138199" lon="-121.495171">
				<ele>1746.220337</ele>
				<time>2026-07-08T19:02:29Z</time>
			</trkpt>
			<trkpt lat="46.138256" lon="-121.495255">
				<ele>1746.288208</ele>
				<time>2026-07-08T19:02:38Z</time>
			</trkpt>
			<trkpt lat="46.138279" lon="-121.4953">
				<ele>1745.930664</ele>
				<time>2026-07-08T19:02:42Z</time>
			</trkpt>
			<trkpt lat="46.138306" lon="-121.495338">
				<ele>1745.992554</ele>
				<time>2026-07-08T19:02:46Z</time>
			</trkpt>
			<trkpt lat="46.138336" lon="-121.495361">
				<ele>1746.404297</ele>
				<time>2026-07-08T19:02:50Z</time>
			</trkpt>
			<trkpt lat="46.138409" lon="-121.495422">
				<ele>1749.296997</ele>
				<time>2026-07-08T19:03:00Z</time>
			</trkpt>
			<trkpt lat="46.138439" lon="-121.495445">
				<ele>1749.759888</ele>
				<time>2026-07-08T19:03:04Z</time>
			</trkpt>
			<trkpt lat="46.138474" lon="-121.495468">
				<ele>1749.840332</ele>
				<time>2026-07-08T19:03:08Z</time>
			</trkpt>
			<trkpt lat="46.138512" lon="-121.495483">
				<ele>1751.21167</ele>
				<time>2026-07-08T19:03:12Z</time>
			</trkpt>
			<trkpt lat="46.138542" lon="-121.495514">
				<ele>1750.855835</ele>
				<time>2026-07-08T19:03:16Z</time>
			</trkpt>
			<trkpt lat="46.138577" lon="-121.495544">
				<ele>1751.39624</ele>
				<time>2026-07-08T19:03:21Z</time>
			</trkpt>
			<trkpt lat="46.138607" lon="-121.495583">
				<ele>1751.175171</ele>
				<time>2026-07-08T19:03:29Z</time>
			</trkpt>
			<trkpt lat="46.138676" lon="-121.495644">
				<ele>1752.043823</ele>
				<time>2026-07-08T19:03:38Z</time>
			</trkpt>
			<trkpt lat="46.138832" lon="-121.495705">
				<ele>1756.317749</ele>
				<time>2026-07-08T19:03:57Z</time>
			</trkpt>
			<trkpt lat="46.138874" lon="-121.495697">
				<ele>1757.012329</ele>
				<time>2026-07-08T19:04:02Z</time>
			</trkpt>
			<trkpt lat="46.13892" lon="-121.495712">
				<ele>1758.993164</ele>
				<time>2026-07-08T19:04:07Z</time>
			</trkpt>
			<trkpt lat="46.138962" lon="-121.495728">
				<ele>1757.954346</ele>
				<time>2026-07-08T19:04:12Z</time>
			</trkpt>
			<trkpt lat="46.13905" lon="-121.495758">
				<ele>1759.066284</ele>
				<time>2026-07-08T19:04:22Z</time>
			</trkpt>
			<trkpt lat="46.139099" lon="-121.495773">
				<ele>1758.209717</ele>
				<time>2026-07-08T19:04:26Z</time>
			</trkpt>
			<trkpt lat="46.139145" lon="-121.495781">
				<ele>1759.839233</ele>
				<time>2026-07-08T19:04:31Z</time>
			</trkpt>
			<trkpt lat="46.139183" lon="-121.495804">
				<ele>1760.697754</ele>
				<time>2026-07-08T19:04:36Z</time>
			</trkpt>
			<trkpt lat="46.139221" lon="-121.495819">
				<ele>1760.701172</ele>
				<time>2026-07-08T19:04:40Z</time>
			</trkpt>
			<trkpt lat="46.139259" lon="-121.495834">
				<ele>1761.735229</ele>
				<time>2026-07-08T19:04:45Z</time>
			</trkpt>
			<trkpt lat="46.139351" lon="-121.495827">
				<ele>1763.38147</ele>
				<time>2026-07-08T19:04:56Z</time>
			</trkpt>
			<trkpt lat="46.139397" lon="-121.495811">
				<ele>1763.699219</ele>
				<time>2026-07-08T19:05:01Z</time>
			</trkpt>
			<trkpt lat="46.139446" lon="-121.495811">
				<ele>1764.584839</ele>
				<time>2026-07-08T19:05:06Z</time>
			</trkpt>
			<trkpt lat="46.139538" lon="-121.495796">
				<ele>1765.279541</ele>
				<time>2026-07-08T19:05:16Z</time>
			</trkpt>
			<trkpt lat="46.13958" lon="-121.495781">
				<ele>1766.38855</ele>
				<time>2026-07-08T19:05:21Z</time>
			</trkpt>
			<trkpt lat="46.139629" lon="-121.495766">
				<ele>1766.900757</ele>
				<time>2026-07-08T19:05:26Z</time>
			</trkpt>
			<trkpt lat="46.139721" lon="-121.495758">
				<ele>1767.365356</ele>
				<time>2026-07-08T19:05:36Z</time>
			</trkpt>
			<trkpt lat="46.139763" lon="-121.495735">
				<ele>1767.467773</ele>
				<time>2026-07-08T19:05:41Z</time>
			</trkpt>
			<trkpt lat="46.139809" lon="-121.495728">
				<ele>1767.723389</ele>
				<time>2026-07-08T19:05:46Z</time>
			</trkpt>
			<trkpt lat="46.139854" lon="-121.495712">
				<ele>1768.583984</ele>
				<time>2026-07-08T19:05:51Z</time>
			</trkpt>
			<trkpt lat="46.139904" lon="-121.495712">
				<ele>1768.54187</ele>
				<time>2026-07-08T19:05:56Z</time>
			</trkpt>
			<trkpt lat="46.139946" lon="-121.495728">
				<ele>1768.864624</ele>
				<time>2026-07-08T19:06:01Z</time>
			</trkpt>
			<trkpt lat="46.139992" lon="-121.495712">
				<ele>1769.45874</ele>
				<time>2026-07-08T19:06:06Z</time>
			</trkpt>
			<trkpt lat="46.140038" lon="-121.495705">
				<ele>1771.079224</ele>
				<time>2026-07-08T19:06:11Z</time>
			</trkpt>
			<trkpt lat="46.140125" lon="-121.495697">
				<ele>1771.804565</ele>
				<time>2026-07-08T19:06:19Z</time>
			</trkpt>
			<trkpt lat="46.140171" lon="-121.495689">
				<ele>1773.638184</ele>
				<time>2026-07-08T19:06:24Z</time>
			</trkpt>
			<trkpt lat="46.14027" lon="-121.495667">
				<ele>1774.842529</ele>
				<time>2026-07-08T19:06:36Z</time>
			</trkpt>
			<trkpt lat="46.140316" lon="-121.495651">
				<ele>1774.421753</ele>
				<time>2026-07-08T19:06:42Z</time>
			</trkpt>
			<trkpt lat="46.140354" lon="-121.495613">
				<ele>1774.043701</ele>
				<time>2026-07-08T19:06:47Z</time>
			</trkpt>
			<trkpt lat="46.140385" lon="-121.49556">
				<ele>1774.427612</ele>
				<time>2026-07-08T19:06:53Z</time>
			</trkpt>
			<trkpt lat="46.1404" lon="-121.495499">
				<ele>1774.392212</ele>
				<time>2026-07-08T19:06:58Z</time>
			</trkpt>
			<trkpt lat="46.1404" lon="-121.495438">
				<ele>1773.528442</ele>
				<time>2026-07-08T19:07:03Z</time>
			</trkpt>
			<trkpt lat="46.140388" lon="-121.495377">
				<ele>1773.667847</ele>
				<time>2026-07-08T19:07:08Z</time>
			</trkpt>
			<trkpt lat="46.140366" lon="-121.495323">
				<ele>1774.134644</ele>
				<time>2026-07-08T19:07:13Z</time>
			</trkpt>
			<trkpt lat="46.140285" lon="-121.495239">
				<ele>1776.099609</ele>
				<time>2026-07-08T19:07:24Z</time>
			</trkpt>
			<trkpt lat="46.140259" lon="-121.495193">
				<ele>1777.731689</ele>
				<time>2026-07-08T19:07:30Z</time>
			</trkpt>
			<trkpt lat="46.140228" lon="-121.495132">
				<ele>1777.762695</ele>
				<time>2026-07-08T19:07:35Z</time>
			</trkpt>
			<trkpt lat="46.140209" lon="-121.495064">
				<ele>1778.168945</ele>
				<time>2026-07-08T19:07:41Z</time>
			</trkpt>
			<trkpt lat="46.140179" lon="-121.49501">
				<ele>1778.9198</ele>
				<time>2026-07-08T19:07:46Z</time>
			</trkpt>
			<trkpt lat="46.140156" lon="-121.494942">
				<ele>1778.585327</ele>
				<time>2026-07-08T19:07:52Z</time>
			</trkpt>
			<trkpt lat="46.140121" lon="-121.494896">
				<ele>1779.479248</ele>
				<time>2026-07-08T19:07:57Z</time>
			</trkpt>
			<trkpt lat="46.140099" lon="-121.494827">
				<ele>1780.089844</ele>
				<time>2026-07-08T19:08:02Z</time>
			</trkpt>
			<trkpt lat="46.140099" lon="-121.494766">
				<ele>1779.891724</ele>
				<time>2026-07-08T19:08:06Z</time>
			</trkpt>
			<trkpt lat="46.140118" lon="-121.494705">
				<ele>1780.819092</ele>
				<time>2026-07-08T19:08:11Z</time>
			</trkpt>
			<trkpt lat="46.140202" lon="-121.494652">
				<ele>1782.828003</ele>
				<time>2026-07-08T19:08:22Z</time>
			</trkpt>
			<trkpt lat="46.140335" lon="-121.494682">
				<ele>1785.144653</ele>
				<time>2026-07-08T19:08:37Z</time>
			</trkpt>
			<trkpt lat="46.140373" lon="-121.494698">
				<ele>1784.715576</ele>
				<time>2026-07-08T19:08:41Z</time>
			</trkpt>
			<trkpt lat="46.140415" lon="-121.49472">
				<ele>1786.060425</ele>
				<time>2026-07-08T19:08:46Z</time>
			</trkpt>
			<trkpt lat="46.140453" lon="-121.494743">
				<ele>1786.445557</ele>
				<time>2026-07-08T19:08:51Z</time>
			</trkpt>
			<trkpt lat="46.140491" lon="-121.494751">
				<ele>1787.179077</ele>
				<time>2026-07-08T19:08:56Z</time>
			</trkpt>
			<trkpt lat="46.140533" lon="-121.494774">
				<ele>1788.871094</ele>
				<time>2026-07-08T19:09:02Z</time>
			</trkpt>
			<trkpt lat="46.140575" lon="-121.494781">
				<ele>1789.304688</ele>
				<time>2026-07-08T19:09:08Z</time>
			</trkpt>
			<trkpt lat="46.140614" lon="-121.494797">
				<ele>1789.244995</ele>
				<time>2026-07-08T19:09:14Z</time>
			</trkpt>
			<trkpt lat="46.140656" lon="-121.494804">
				<ele>1790.54834</ele>
				<time>2026-07-08T19:09:21Z</time>
			</trkpt>
			<trkpt lat="46.140781" lon="-121.494865">
				<ele>1793.205078</ele>
				<time>2026-07-08T19:09:39Z</time>
			</trkpt>
			<trkpt lat="46.140823" lon="-121.494896">
				<ele>1793.088623</ele>
				<time>2026-07-08T19:09:46Z</time>
			</trkpt>
			<trkpt lat="46.140903" lon="-121.494934">
				<ele>1796.421387</ele>
				<time>2026-07-08T19:09:58Z</time>
			</trkpt>
			<trkpt lat="46.14098" lon="-121.494987">
				<ele>1797.626953</ele>
				<time>2026-07-08T19:10:08Z</time>
			</trkpt>
			<trkpt lat="46.141018" lon="-121.495003">
				<ele>1798.990601</ele>
				<time>2026-07-08T19:10:13Z</time>
			</trkpt>
			<trkpt lat="46.141102" lon="-121.495026">
				<ele>1799.484497</ele>
				<time>2026-07-08T19:10:23Z</time>
			</trkpt>
			<trkpt lat="46.14114" lon="-121.495033">
				<ele>1800.352539</ele>
				<time>2026-07-08T19:10:28Z</time>
			</trkpt>
			<trkpt lat="46.141186" lon="-121.495056">
				<ele>1799.870483</ele>
				<time>2026-07-08T19:10:34Z</time>
			</trkpt>
			<trkpt lat="46.141304" lon="-121.49514">
				<ele>1802.587158</ele>
				<time>2026-07-08T19:10:49Z</time>
			</trkpt>
			<trkpt lat="46.141331" lon="-121.495178">
				<ele>1803.04541</ele>
				<time>2026-07-08T19:10:55Z</time>
			</trkpt>
			<trkpt lat="46.141369" lon="-121.495201">
				<ele>1802.460205</ele>
				<time>2026-07-08T19:11:32Z</time>
			</trkpt>
			<trkpt lat="46.141407" lon="-121.495224">
				<ele>1803.30542</ele>
				<time>2026-07-08T19:11:36Z</time>
			</trkpt>
			<trkpt lat="46.141441" lon="-121.495247">
				<ele>1803.192261</ele>
				<time>2026-07-08T19:11:42Z</time>
			</trkpt>
			<trkpt lat="46.141483" lon="-121.495277">
				<ele>1803.853394</ele>
				<time>2026-07-08T19:11:47Z</time>
			</trkpt>
			<trkpt lat="46.141556" lon="-121.495316">
				<ele>1805.280884</ele>
				<time>2026-07-08T19:11:56Z</time>
			</trkpt>
			<trkpt lat="46.14164" lon="-121.495346">
				<ele>1807.883667</ele>
				<time>2026-07-08T19:12:06Z</time>
			</trkpt>
			<trkpt lat="46.141674" lon="-121.495361">
				<ele>1807.80603</ele>
				<time>2026-07-08T19:12:11Z</time>
			</trkpt>
			<trkpt lat="46.141758" lon="-121.495384">
				<ele>1810.44519</ele>
				<time>2026-07-08T19:12:24Z</time>
			</trkpt>
			<trkpt lat="46.141853" lon="-121.495384">
				<ele>1811.58313</ele>
				<time>2026-07-08T19:12:38Z</time>
			</trkpt>
			<trkpt lat="46.141895" lon="-121.495399">
				<ele>1811.364624</ele>
				<time>2026-07-08T19:12:43Z</time>
			</trkpt>
			<trkpt lat="46.141941" lon="-121.495399">
				<ele>1811.910645</ele>
				<time>2026-07-08T19:12:48Z</time>
			</trkpt>
			<trkpt lat="46.141987" lon="-121.495399">
				<ele>1813.300659</ele>
				<time>2026-07-08T19:12:55Z</time>
			</trkpt>
			<trkpt lat="46.142075" lon="-121.495377">
				<ele>1814.178711</ele>
				<time>2026-07-08T19:13:06Z</time>
			</trkpt>
			<trkpt lat="46.142159" lon="-121.495331">
				<ele>1816.197632</ele>
				<time>2026-07-08T19:13:16Z</time>
			</trkpt>
			<trkpt lat="46.1422" lon="-121.495323">
				<ele>1816.06958</ele>
				<time>2026-07-08T19:13:21Z</time>
			</trkpt>
			<trkpt lat="46.142239" lon="-121.495338">
				<ele>1816.211426</ele>
				<time>2026-07-08T19:13:26Z</time>
			</trkpt>
			<trkpt lat="46.142288" lon="-121.495346">
				<ele>1816.918579</ele>
				<time>2026-07-08T19:13:31Z</time>
			</trkpt>
			<trkpt lat="46.142368" lon="-121.495346">
				<ele>1816.168701</ele>
				<time>2026-07-08T19:13:41Z</time>
			</trkpt>
			<trkpt lat="46.142406" lon="-121.495361">
				<ele>1817.486938</ele>
				<time>2026-07-08T19:13:45Z</time>
			</trkpt>
			<trkpt lat="46.142448" lon="-121.495377">
				<ele>1816.988647</ele>
				<time>2026-07-08T19:13:50Z</time>
			</trkpt>
			<trkpt lat="46.14254" lon="-121.495346">
				<ele>1817.448242</ele>
				<time>2026-07-08T19:14:01Z</time>
			</trkpt>
			<trkpt lat="46.142578" lon="-121.495323">
				<ele>1817.478882</ele>
				<time>2026-07-08T19:14:06Z</time>
			</trkpt>
			<trkpt lat="46.142609" lon="-121.495293">
				<ele>1817.580688</ele>
				<time>2026-07-08T19:14:10Z</time>
			</trkpt>
			<trkpt lat="46.142693" lon="-121.49527">
				<ele>1818.766724</ele>
				<time>2026-07-08T19:14:19Z</time>
			</trkpt>
			<trkpt lat="46.142735" lon="-121.495247">
				<ele>1820.013428</ele>
				<time>2026-07-08T19:14:24Z</time>
			</trkpt>
			<trkpt lat="46.142853" lon="-121.495247">
				<ele>1825.068848</ele>
				<time>2026-07-08T19:14:40Z</time>
			</trkpt>
			<trkpt lat="46.142891" lon="-121.495224">
				<ele>1825.148682</ele>
				<time>2026-07-08T19:14:45Z</time>
			</trkpt>
			<trkpt lat="46.142933" lon="-121.495224">
				<ele>1827.420044</ele>
				<time>2026-07-08T19:14:52Z</time>
			</trkpt>
			<trkpt lat="46.142975" lon="-121.495201">
				<ele>1827.411987</ele>
				<time>2026-07-08T19:14:58Z</time>
			</trkpt>
			<trkpt lat="46.143021" lon="-121.495186">
				<ele>1829.216064</ele>
				<time>2026-07-08T19:15:04Z</time>
			</trkpt>
			<trkpt lat="46.143063" lon="-121.495216">
				<ele>1830.704956</ele>
				<time>2026-07-08T19:15:09Z</time>
			</trkpt>
			<trkpt lat="46.14315" lon="-121.495255">
				<ele>1829.448364</ele>
				<time>2026-07-08T19:15:19Z</time>
			</trkpt>
			<trkpt lat="46.143185" lon="-121.495277">
				<ele>1829.625732</ele>
				<time>2026-07-08T19:15:23Z</time>
			</trkpt>
			<trkpt lat="46.143269" lon="-121.495285">
				<ele>1831.220703</ele>
				<time>2026-07-08T19:15:32Z</time>
			</trkpt>
			<trkpt lat="46.143303" lon="-121.4953">
				<ele>1830.428223</ele>
				<time>2026-07-08T19:15:37Z</time>
			</trkpt>
			<trkpt lat="46.143345" lon="-121.495316">
				<ele>1830.58728</ele>
				<time>2026-07-08T19:15:42Z</time>
			</trkpt>
			<trkpt lat="46.143391" lon="-121.495323">
				<ele>1830.055664</ele>
				<time>2026-07-08T19:15:47Z</time>
			</trkpt>
			<trkpt lat="46.14352" lon="-121.495346">
				<ele>1834.685669</ele>
				<time>2026-07-08T19:16:04Z</time>
			</trkpt>
			<trkpt lat="46.14357" lon="-121.495361">
				<ele>1835.136841</ele>
				<time>2026-07-08T19:16:11Z</time>
			</trkpt>
			<trkpt lat="46.14362" lon="-121.495369">
				<ele>1836.344238</ele>
				<time>2026-07-08T19:16:17Z</time>
			</trkpt>
			<trkpt lat="46.143654" lon="-121.495415">
				<ele>1835.938843</ele>
				<time>2026-07-08T19:16:22Z</time>
			</trkpt>
			<trkpt lat="46.14373" lon="-121.495461">
				<ele>1836.62146</ele>
				<time>2026-07-08T19:16:32Z</time>
			</trkpt>
			<trkpt lat="46.143764" lon="-121.495506">
				<ele>1838.330688</ele>
				<time>2026-07-08T19:16:38Z</time>
			</trkpt>
			<trkpt lat="46.143803" lon="-121.495522">
				<ele>1837.761353</ele>
				<time>2026-07-08T19:16:42Z</time>
			</trkpt>
			<trkpt lat="46.143837" lon="-121.495514">
				<ele>1838.8573</ele>
				<time>2026-07-08T19:16:47Z</time>
			</trkpt>
			<trkpt lat="46.143898" lon="-121.495476">
				<ele>1840.06189</ele>
				<time>2026-07-08T19:16:55Z</time>
			</trkpt>
			<trkpt lat="46.143929" lon="-121.495438">
				<ele>1838.478027</ele>
				<time>2026-07-08T19:16:59Z</time>
			</trkpt>
			<trkpt lat="46.143948" lon="-121.495392">
				<ele>1839.341919</ele>
				<time>2026-07-08T19:17:03Z</time>
			</trkpt>
			<trkpt lat="46.143982" lon="-121.4953">
				<ele>1840.029663</ele>
				<time>2026-07-08T19:17:12Z</time>
			</trkpt>
			<trkpt lat="46.144073" lon="-121.495163">
				<ele>1844.202759</ele>
				<time>2026-07-08T19:17:29Z</time>
			</trkpt>
			<trkpt lat="46.144112" lon="-121.495132">
				<ele>1843.789795</ele>
				<time>2026-07-08T19:17:33Z</time>
			</trkpt>
			<trkpt lat="46.144184" lon="-121.495071">
				<ele>1847.88855</ele>
				<time>2026-07-08T19:17:45Z</time>
			</trkpt>
			<trkpt lat="46.144226" lon="-121.495049">
				<ele>1847.530396</ele>
				<time>2026-07-08T19:17:50Z</time>
			</trkpt>
			<trkpt lat="46.144268" lon="-121.495018">
				<ele>1848.584351</ele>
				<time>2026-07-08T19:17:55Z</time>
			</trkpt>
			<trkpt lat="46.144318" lon="-121.49501">
				<ele>1848.804443</ele>
				<time>2026-07-08T19:18:01Z</time>
			</trkpt>
			<trkpt lat="46.14436" lon="-121.495033">
				<ele>1848.297729</ele>
				<time>2026-07-08T19:18:05Z</time>
			</trkpt>
			<trkpt lat="46.144405" lon="-121.495049">
				<ele>1849.218018</ele>
				<time>2026-07-08T19:18:20Z</time>
			</trkpt>
			<trkpt lat="46.144451" lon="-121.495079">
				<ele>1849.078125</ele>
				<time>2026-07-08T19:18:28Z</time>
			</trkpt>
			<trkpt lat="46.144505" lon="-121.495102">
				<ele>1849.417358</ele>
				<time>2026-07-08T19:18:34Z</time>
			</trkpt>
			<trkpt lat="46.144554" lon="-121.49511">
				<ele>1849.533936</ele>
				<time>2026-07-08T19:18:39Z</time>
			</trkpt>
			<trkpt lat="46.1446" lon="-121.495125">
				<ele>1848.909668</ele>
				<time>2026-07-08T19:18:43Z</time>
			</trkpt>
			<trkpt lat="46.144642" lon="-121.495125">
				<ele>1850.920166</ele>
				<time>2026-07-08T19:18:48Z</time>
			</trkpt>
			<trkpt lat="46.144726" lon="-121.49511">
				<ele>1850.191895</ele>
				<time>2026-07-08T19:18:57Z</time>
			</trkpt>
			<trkpt lat="46.144764" lon="-121.495087">
				<ele>1850.185425</ele>
				<time>2026-07-08T19:19:02Z</time>
			</trkpt>
			<trkpt lat="46.144794" lon="-121.495041">
				<ele>1850.600952</ele>
				<time>2026-07-08T19:19:07Z</time>
			</trkpt>
			<trkpt lat="46.144859" lon="-121.494934">
				<ele>1854.059692</ele>
				<time>2026-07-08T19:19:19Z</time>
			</trkpt>
			<trkpt lat="46.144917" lon="-121.494827">
				<ele>1856.13147</ele>
				<time>2026-07-08T19:19:32Z</time>
			</trkpt>
			<trkpt lat="46.144955" lon="-121.494774">
				<ele>1856.333374</ele>
				<time>2026-07-08T19:19:38Z</time>
			</trkpt>
			<trkpt lat="46.144985" lon="-121.49472">
				<ele>1855.26123</ele>
				<time>2026-07-08T19:19:43Z</time>
			</trkpt>
			<trkpt lat="46.14502" lon="-121.494667">
				<ele>1855.417603</ele>
				<time>2026-07-08T19:19:51Z</time>
			</trkpt>
			<trkpt lat="46.145042" lon="-121.494606">
				<ele>1856.200317</ele>
				<time>2026-07-08T19:19:58Z</time>
			</trkpt>
			<trkpt lat="46.145054" lon="-121.49453">
				<ele>1859.517578</ele>
				<time>2026-07-08T19:20:07Z</time>
			</trkpt>
			<trkpt lat="46.145069" lon="-121.494461">
				<ele>1861.101807</ele>
				<time>2026-07-08T19:20:15Z</time>
			</trkpt>
			<trkpt lat="46.145058" lon="-121.494308">
				<ele>1861.824585</ele>
				<time>2026-07-08T19:20:31Z</time>
			</trkpt>
			<trkpt lat="46.145042" lon="-121.494232">
				<ele>1861.353027</ele>
				<time>2026-07-08T19:20:39Z</time>
			</trkpt>
			<trkpt lat="46.145027" lon="-121.494164">
				<ele>1861.81958</ele>
				<time>2026-07-08T19:20:45Z</time>
			</trkpt>
			<trkpt lat="46.145031" lon="-121.494087">
				<ele>1862.889771</ele>
				<time>2026-07-08T19:20:52Z</time>
			</trkpt>
			<trkpt lat="46.145042" lon="-121.494019">
				<ele>1862.525513</ele>
				<time>2026-07-08T19:20:59Z</time>
			</trkpt>
			<trkpt lat="46.145042" lon="-121.493866">
				<ele>1865.379028</ele>
				<time>2026-07-08T19:21:13Z</time>
			</trkpt>
			<trkpt lat="46.145061" lon="-121.493805">
				<ele>1865.675781</ele>
				<time>2026-07-08T19:21:20Z</time>
			</trkpt>
			<trkpt lat="46.145077" lon="-121.493729">
				<ele>1868.494873</ele>
				<time>2026-07-08T19:21:28Z</time>
			</trkpt>
			<trkpt lat="46.145107" lon="-121.493591">
				<ele>1869.51355</ele>
				<time>2026-07-08T19:21:42Z</time>
			</trkpt>
			<trkpt lat="46.145153" lon="-121.493454">
				<ele>1873.984741</ele>
				<time>2026-07-08T19:21:58Z</time>
			</trkpt>
			<trkpt lat="46.145195" lon="-121.493332">
				<ele>1875.296631</ele>
				<time>2026-07-08T19:22:13Z</time>
			</trkpt>
			<trkpt lat="46.145226" lon="-121.493279">
				<ele>1877.276733</ele>
				<time>2026-07-08T19:22:20Z</time>
			</trkpt>
			<trkpt lat="46.145248" lon="-121.493217">
				<ele>1878.08728</ele>
				<time>2026-07-08T19:22:27Z</time>
			</trkpt>
			<trkpt lat="46.14529" lon="-121.493095">
				<ele>1879.388916</ele>
				<time>2026-07-08T19:22:41Z</time>
			</trkpt>
			<trkpt lat="46.145317" lon="-121.493042">
				<ele>1879.187012</ele>
				<time>2026-07-08T19:22:47Z</time>
			</trkpt>
			<trkpt lat="46.145344" lon="-121.492966">
				<ele>1878.683716</ele>
				<time>2026-07-08T19:23:10Z</time>
			</trkpt>
			<trkpt lat="46.145348" lon="-121.492882">
				<ele>1881.087769</ele>
				<time>2026-07-08T19:23:19Z</time>
			</trkpt>
			<trkpt lat="46.145351" lon="-121.492813">
				<ele>1882.233521</ele>
				<time>2026-07-08T19:23:25Z</time>
			</trkpt>
			<trkpt lat="46.145344" lon="-121.492729">
				<ele>1882.21106</ele>
				<time>2026-07-08T19:23:33Z</time>
			</trkpt>
			<trkpt lat="46.145348" lon="-121.492645">
				<ele>1883.585938</ele>
				<time>2026-07-08T19:23:40Z</time>
			</trkpt>
			<trkpt lat="46.145363" lon="-121.492577">
				<ele>1883.202026</ele>
				<time>2026-07-08T19:23:46Z</time>
			</trkpt>
			<trkpt lat="46.145397" lon="-121.492531">
				<ele>1883.371216</ele>
				<time>2026-07-08T19:23:53Z</time>
			</trkpt>
			<trkpt lat="46.145416" lon="-121.49247">
				<ele>1884.77124</ele>
				<time>2026-07-08T19:24:00Z</time>
			</trkpt>
			<trkpt lat="46.145451" lon="-121.492416">
				<ele>1884.997925</ele>
				<time>2026-07-08T19:24:07Z</time>
			</trkpt>
			<trkpt lat="46.145432" lon="-121.492348">
				<ele>1884.569946</ele>
				<time>2026-07-08T19:24:15Z</time>
			</trkpt>
			<trkpt lat="46.145462" lon="-121.492287">
				<ele>1890.151367</ele>
				<time>2026-07-08T19:28:10Z</time>
			</trkpt>
			<trkpt lat="46.145496" lon="-121.492226">
				<ele>1889.539185</ele>
				<time>2026-07-08T19:28:17Z</time>
			</trkpt>
			<trkpt lat="46.145527" lon="-121.492172">
				<ele>1891.213745</ele>
				<time>2026-07-08T19:28:24Z</time>
			</trkpt>
			<trkpt lat="46.145557" lon="-121.492119">
				<ele>1890.861938</ele>
				<time>2026-07-08T19:28:30Z</time>
			</trkpt>
			<trkpt lat="46.145584" lon="-121.492058">
				<ele>1891.959839</ele>
				<time>2026-07-08T19:28:37Z</time>
			</trkpt>
			<trkpt lat="46.145603" lon="-121.491989">
				<ele>1893.911011</ele>
				<time>2026-07-08T19:28:44Z</time>
			</trkpt>
			<trkpt lat="46.145626" lon="-121.491936">
				<ele>1893.564331</ele>
				<time>2026-07-08T19:28:50Z</time>
			</trkpt>
			<trkpt lat="46.145649" lon="-121.491882">
				<ele>1894.107422</ele>
				<time>2026-07-08T19:28:55Z</time>
			</trkpt>
			<trkpt lat="46.145668" lon="-121.491821">
				<ele>1895.870972</ele>
				<time>2026-07-08T19:29:00Z</time>
			</trkpt>
			<trkpt lat="46.145695" lon="-121.49176">
				<ele>1894.151367</ele>
				<time>2026-07-08T19:29:06Z</time>
			</trkpt>
			<trkpt lat="46.145721" lon="-121.491707">
				<ele>1894.868774</ele>
				<time>2026-07-08T19:29:13Z</time>
			</trkpt>
			<trkpt lat="46.145733" lon="-121.491638">
				<ele>1895.336548</ele>
				<time>2026-07-08T19:29:19Z</time>
			</trkpt>
			<trkpt lat="46.145771" lon="-121.491516">
				<ele>1898.30127</ele>
				<time>2026-07-08T19:29:32Z</time>
			</trkpt>
			<trkpt lat="46.145794" lon="-121.491455">
				<ele>1897.933105</ele>
				<time>2026-07-08T19:29:37Z</time>
			</trkpt>
			<trkpt lat="46.145855" lon="-121.491341">
				<ele>1901.053955</ele>
				<time>2026-07-08T19:29:50Z</time>
			</trkpt>
			<trkpt lat="46.145885" lon="-121.491287">
				<ele>1901.577148</ele>
				<time>2026-07-08T19:29:56Z</time>
			</trkpt>
			<trkpt lat="46.14592" lon="-121.491226">
				<ele>1899.752197</ele>
				<time>2026-07-08T19:30:02Z</time>
			</trkpt>
			<trkpt lat="46.145977" lon="-121.491096">
				<ele>1900.734131</ele>
				<time>2026-07-08T19:30:12Z</time>
			</trkpt>
			<trkpt lat="46.145996" lon="-121.491035">
				<ele>1899.272095</ele>
				<time>2026-07-08T19:30:17Z</time>
			</trkpt>
			<trkpt lat="46.146049" lon="-121.490929">
				<ele>1901.013062</ele>
				<time>2026-07-08T19:30:28Z</time>
			</trkpt>
			<trkpt lat="46.146095" lon="-121.490814">
				<ele>1901.923828</ele>
				<time>2026-07-08T19:30:37Z</time>
			</trkpt>
			<trkpt lat="46.146114" lon="-121.490753">
				<ele>1903.421631</ele>
				<time>2026-07-08T19:30:42Z</time>
			</trkpt>
			<trkpt lat="46.146152" lon="-121.490623">
				<ele>1900.73877</ele>
				<time>2026-07-08T19:30:52Z</time>
			</trkpt>
			<trkpt lat="46.146164" lon="-121.490555">
				<ele>1900.042236</ele>
				<time>2026-07-08T19:30:57Z</time>
			</trkpt>
			<trkpt lat="46.146187" lon="-121.490494">
				<ele>1900.483154</ele>
				<time>2026-07-08T19:31:03Z</time>
			</trkpt>
			<trkpt lat="46.146217" lon="-121.490349">
				<ele>1904.178589</ele>
				<time>2026-07-08T19:31:17Z</time>
			</trkpt>
			<trkpt lat="46.14624" lon="-121.490273">
				<ele>1905.299927</ele>
				<time>2026-07-08T19:31:23Z</time>
			</trkpt>
			<trkpt lat="46.146252" lon="-121.490196">
				<ele>1904.18457</ele>
				<time>2026-07-08T19:31:31Z</time>
			</trkpt>
			<trkpt lat="46.14629" lon="-121.490135">
				<ele>1905.536865</ele>
				<time>2026-07-08T19:31:38Z</time>
			</trkpt>
			<trkpt lat="46.146317" lon="-121.490067">
				<ele>1905.897217</ele>
				<time>2026-07-08T19:31:45Z</time>
			</trkpt>
			<trkpt lat="46.146328" lon="-121.489998">
				<ele>1907.80481</ele>
				<time>2026-07-08T19:31:53Z</time>
			</trkpt>
			<trkpt lat="46.146358" lon="-121.489929">
				<ele>1908.315796</ele>
				<time>2026-07-08T19:31:59Z</time>
			</trkpt>
			<trkpt lat="46.146389" lon="-121.489861">
				<ele>1908.139404</ele>
				<time>2026-07-08T19:32:06Z</time>
			</trkpt>
			<trkpt lat="46.146511" lon="-121.489632">
				<ele>1911.066895</ele>
				<time>2026-07-08T19:32:30Z</time>
			</trkpt>
			<trkpt lat="46.146542" lon="-121.489578">
				<ele>1912.174194</ele>
				<time>2026-07-08T19:32:36Z</time>
			</trkpt>
			<trkpt lat="46.146584" lon="-121.489525">
				<ele>1912.633179</ele>
				<time>2026-07-08T19:32:42Z</time>
			</trkpt>
			<trkpt lat="46.146614" lon="-121.489471">
				<ele>1912.583862</ele>
				<time>2026-07-08T19:32:48Z</time>
			</trkpt>
			<trkpt lat="46.146687" lon="-121.489403">
				<ele>1915.134888</ele>
				<time>2026-07-08T19:33:01Z</time>
			</trkpt>
			<trkpt lat="46.146751" lon="-121.489311">
				<ele>1916.317993</ele>
				<time>2026-07-08T19:33:12Z</time>
			</trkpt>
			<trkpt lat="46.14682" lon="-121.489227">
				<ele>1917.120972</ele>
				<time>2026-07-08T19:33:24Z</time>
			</trkpt>
			<trkpt lat="46.146854" lon="-121.489182">
				<ele>1919.580322</ele>
				<time>2026-07-08T19:33:30Z</time>
			</trkpt>
			<trkpt lat="46.146889" lon="-121.489143">
				<ele>1920.160156</ele>
				<time>2026-07-08T19:33:36Z</time>
			</trkpt>
			<trkpt lat="46.146931" lon="-121.48909">
				<ele>1921.697632</ele>
				<time>2026-07-08T19:33:43Z</time>
			</trkpt>
			<trkpt lat="46.146954" lon="-121.489029">
				<ele>1922.25</ele>
				<time>2026-07-08T19:33:49Z</time>
			</trkpt>
			<trkpt lat="46.146999" lon="-121.488998">
				<ele>1926.904175</ele>
				<time>2026-07-08T19:33:56Z</time>
			</trkpt>
			<trkpt lat="46.147087" lon="-121.489044">
				<ele>1929.576294</ele>
				<time>2026-07-08T19:34:06Z</time>
			</trkpt>
			<trkpt lat="46.147141" lon="-121.489075">
				<ele>1930.502319</ele>
				<time>2026-07-08T19:34:12Z</time>
			</trkpt>
			<trkpt lat="46.147182" lon="-121.489113">
				<ele>1928.578979</ele>
				<time>2026-07-08T19:34:17Z</time>
			</trkpt>
			<trkpt lat="46.147243" lon="-121.489212">
				<ele>1927.455811</ele>
				<time>2026-07-08T19:34:25Z</time>
			</trkpt>
			<trkpt lat="46.14727" lon="-121.489265">
				<ele>1927.286865</ele>
				<time>2026-07-08T19:34:29Z</time>
			</trkpt>
			<trkpt lat="46.147285" lon="-121.489326">
				<ele>1928.54187</ele>
				<time>2026-07-08T19:34:33Z</time>
			</trkpt>
			<trkpt lat="46.147282" lon="-121.489388">
				<ele>1927.037109</ele>
				<time>2026-07-08T19:34:37Z</time>
			</trkpt>
			<trkpt lat="46.147282" lon="-121.489502">
				<ele>1927.991943</ele>
				<time>2026-07-08T19:34:46Z</time>
			</trkpt>
			<trkpt lat="46.147289" lon="-121.489555">
				<ele>1927.98584</ele>
				<time>2026-07-08T19:34:50Z</time>
			</trkpt>
			<trkpt lat="46.147285" lon="-121.489601">
				<ele>1927.771851</ele>
				<time>2026-07-08T19:34:54Z</time>
			</trkpt>
			<trkpt lat="46.147289" lon="-121.489708">
				<ele>1926.856323</ele>
				<time>2026-07-08T19:35:02Z</time>
			</trkpt>
			<trkpt lat="46.147293" lon="-121.489761">
				<ele>1927.33252</ele>
				<time>2026-07-08T19:35:07Z</time>
			</trkpt>
			<trkpt lat="46.147324" lon="-121.489799">
				<ele>1927.419922</ele>
				<time>2026-07-08T19:35:11Z</time>
			</trkpt>
			<trkpt lat="46.147366" lon="-121.489815">
				<ele>1927.952271</ele>
				<time>2026-07-08T19:35:16Z</time>
			</trkpt>
			<trkpt lat="46.14748" lon="-121.489838">
				<ele>1930.30127</ele>
				<time>2026-07-08T19:35:31Z</time>
			</trkpt>
			<trkpt lat="46.147518" lon="-121.489845">
				<ele>1932.313477</ele>
				<time>2026-07-08T19:35:36Z</time>
			</trkpt>
			<trkpt lat="46.14756" lon="-121.489853">
				<ele>1932.892456</ele>
				<time>2026-07-08T19:35:43Z</time>
			</trkpt>
			<trkpt lat="46.147648" lon="-121.489861">
				<ele>1935.886719</ele>
				<time>2026-07-08T19:35:55Z</time>
			</trkpt>
			<trkpt lat="46.147694" lon="-121.489861">
				<ele>1935.060181</ele>
				<time>2026-07-08T19:36:01Z</time>
			</trkpt>
			<trkpt lat="46.147736" lon="-121.489861">
				<ele>1935.506714</ele>
				<time>2026-07-08T19:36:07Z</time>
			</trkpt>
			<trkpt lat="46.147831" lon="-121.489876">
				<ele>1939.0896</ele>
				<time>2026-07-08T19:36:18Z</time>
			</trkpt>
			<trkpt lat="46.147873" lon="-121.489883">
				<ele>1938.820557</ele>
				<time>2026-07-08T19:36:24Z</time>
			</trkpt>
			<trkpt lat="46.147915" lon="-121.489899">
				<ele>1937.906982</ele>
				<time>2026-07-08T19:36:29Z</time>
			</trkpt>
			<trkpt lat="46.147961" lon="-121.489906">
				<ele>1939.612183</ele>
				<time>2026-07-08T19:36:35Z</time>
			</trkpt>
			<trkpt lat="46.148056" lon="-121.489906">
				<ele>1941.710449</ele>
				<time>2026-07-08T19:36:47Z</time>
			</trkpt>
			<trkpt lat="46.148098" lon="-121.489883">
				<ele>1941.269897</ele>
				<time>2026-07-08T19:36:52Z</time>
			</trkpt>
			<trkpt lat="46.148148" lon="-121.489868">
				<ele>1942.28894</ele>
				<time>2026-07-08T19:36:58Z</time>
			</trkpt>
			<trkpt lat="46.148186" lon="-121.48983">
				<ele>1942.284912</ele>
				<time>2026-07-08T19:37:03Z</time>
			</trkpt>
			<trkpt lat="46.148224" lon="-121.489792">
				<ele>1943.333252</ele>
				<time>2026-07-08T19:37:08Z</time>
			</trkpt>
			<trkpt lat="46.148258" lon="-121.489731">
				<ele>1942.627686</ele>
				<time>2026-07-08T19:37:13Z</time>
			</trkpt>
			<trkpt lat="46.148296" lon="-121.489685">
				<ele>1944.581299</ele>
				<time>2026-07-08T19:37:19Z</time>
			</trkpt>
			<trkpt lat="46.148308" lon="-121.489616">
				<ele>1945.973633</ele>
				<time>2026-07-08T19:37:26Z</time>
			</trkpt>
			<trkpt lat="46.1483" lon="-121.48954">
				<ele>1944.216919</ele>
				<time>2026-07-08T19:37:34Z</time>
			</trkpt>
			<trkpt lat="46.148197" lon="-121.489502">
				<ele>1948.450806</ele>
				<time>2026-07-08T19:37:49Z</time>
			</trkpt>
			<trkpt lat="46.148151" lon="-121.489479">
				<ele>1947.72998</ele>
				<time>2026-07-08T19:37:55Z</time>
			</trkpt>
			<trkpt lat="46.148109" lon="-121.489449">
				<ele>1947.790649</ele>
				<time>2026-07-08T19:37:59Z</time>
			</trkpt>
			<trkpt lat="46.148067" lon="-121.489388">
				<ele>1948.659302</ele>
				<time>2026-07-08T19:38:04Z</time>
			</trkpt>
			<trkpt lat="46.148029" lon="-121.489334">
				<ele>1948.104126</ele>
				<time>2026-07-08T19:38:09Z</time>
			</trkpt>
			<trkpt lat="46.147991" lon="-121.489288">
				<ele>1949.045166</ele>
				<time>2026-07-08T19:38:16Z</time>
			</trkpt>
			<trkpt lat="46.14798" lon="-121.48922">
				<ele>1949.0448</ele>
				<time>2026-07-08T19:38:20Z</time>
			</trkpt>
			<trkpt lat="46.147999" lon="-121.489143">
				<ele>1947.693604</ele>
				<time>2026-07-08T19:38:26Z</time>
			</trkpt>
			<trkpt lat="46.148022" lon="-121.489082">
				<ele>1947.141235</ele>
				<time>2026-07-08T19:38:32Z</time>
			</trkpt>
			<trkpt lat="46.148071" lon="-121.488968">
				<ele>1948.427612</ele>
				<time>2026-07-08T19:38:44Z</time>
			</trkpt>
			<trkpt lat="46.14809" lon="-121.488899">
				<ele>1948.900146</ele>
				<time>2026-07-08T19:38:50Z</time>
			</trkpt>
			<trkpt lat="46.148121" lon="-121.488846">
				<ele>1948.746582</ele>
				<time>2026-07-08T19:38:56Z</time>
			</trkpt>
			<trkpt lat="46.148174" lon="-121.488739">
				<ele>1949.681396</ele>
				<time>2026-07-08T19:39:07Z</time>
			</trkpt>
			<trkpt lat="46.148193" lon="-121.488686">
				<ele>1949.748901</ele>
				<time>2026-07-08T19:39:12Z</time>
			</trkpt>
			<trkpt lat="46.148251" lon="-121.488579">
				<ele>1954.341553</ele>
				<time>2026-07-08T19:39:24Z</time>
			</trkpt>
			<trkpt lat="46.148296" lon="-121.488548">
				<ele>1954.377808</ele>
				<time>2026-07-08T19:39:30Z</time>
			</trkpt>
			<trkpt lat="46.148338" lon="-121.488525">
				<ele>1954.693115</ele>
				<time>2026-07-08T19:39:36Z</time>
			</trkpt>
			<trkpt lat="46.148376" lon="-121.488487">
				<ele>1954.055908</ele>
				<time>2026-07-08T19:39:42Z</time>
			</trkpt>
			<trkpt lat="46.148411" lon="-121.488441">
				<ele>1954.536255</ele>
				<time>2026-07-08T19:39:48Z</time>
			</trkpt>
			<trkpt lat="46.148457" lon="-121.488426">
				<ele>1956.846924</ele>
				<time>2026-07-08T19:39:55Z</time>
			</trkpt>
			<trkpt lat="46.148544" lon="-121.488449">
				<ele>1959.044556</ele>
				<time>2026-07-08T19:40:09Z</time>
			</trkpt>
			<trkpt lat="46.148582" lon="-121.488472">
				<ele>1960.871826</ele>
				<time>2026-07-08T19:40:15Z</time>
			</trkpt>
			<trkpt lat="46.148621" lon="-121.488487">
				<ele>1960.737061</ele>
				<time>2026-07-08T19:40:20Z</time>
			</trkpt>
			<trkpt lat="46.148689" lon="-121.488533">
				<ele>1962.461304</ele>
				<time>2026-07-08T19:40:29Z</time>
			</trkpt>
			<trkpt lat="46.148739" lon="-121.488617">
				<ele>1962.89502</ele>
				<time>2026-07-08T19:40:38Z</time>
			</trkpt>
			<trkpt lat="46.148777" lon="-121.488609">
				<ele>1962.609863</ele>
				<time>2026-07-08T19:40:42Z</time>
			</trkpt>
			<trkpt lat="46.148815" lon="-121.488617">
				<ele>1961.505371</ele>
				<time>2026-07-08T19:40:47Z</time>
			</trkpt>
			<trkpt lat="46.148914" lon="-121.488586">
				<ele>1962.980713</ele>
				<time>2026-07-08T19:41:00Z</time>
			</trkpt>
			<trkpt lat="46.148991" lon="-121.488564">
				<ele>1966.635132</ele>
				<time>2026-07-08T19:41:10Z</time>
			</trkpt>
			<trkpt lat="46.149021" lon="-121.488533">
				<ele>1966.278442</ele>
				<time>2026-07-08T19:41:15Z</time>
			</trkpt>
			<trkpt lat="46.149059" lon="-121.488503">
				<ele>1966.197876</ele>
				<time>2026-07-08T19:41:21Z</time>
			</trkpt>
			<trkpt lat="46.149105" lon="-121.488503">
				<ele>1966.849976</ele>
				<time>2026-07-08T19:41:27Z</time>
			</trkpt>
			<trkpt lat="46.149147" lon="-121.488487">
				<ele>1969.211914</ele>
				<time>2026-07-08T19:41:33Z</time>
			</trkpt>
			<trkpt lat="46.149193" lon="-121.488487">
				<ele>1968.860474</ele>
				<time>2026-07-08T19:41:38Z</time>
			</trkpt>
			<trkpt lat="46.149231" lon="-121.488449">
				<ele>1969.810791</ele>
				<time>2026-07-08T19:41:44Z</time>
			</trkpt>
			<trkpt lat="46.149269" lon="-121.488411">
				<ele>1968.82959</ele>
				<time>2026-07-08T19:41:50Z</time>
			</trkpt>
			<trkpt lat="46.149357" lon="-121.488396">
				<ele>1971.485596</ele>
				<time>2026-07-08T19:42:00Z</time>
			</trkpt>
			<trkpt lat="46.149395" lon="-121.488373">
				<ele>1970.603638</ele>
				<time>2026-07-08T19:42:05Z</time>
			</trkpt>
			<trkpt lat="46.149475" lon="-121.488312">
				<ele>1971.629517</ele>
				<time>2026-07-08T19:42:15Z</time>
			</trkpt>
			<trkpt lat="46.149506" lon="-121.488266">
				<ele>1970.869995</ele>
				<time>2026-07-08T19:42:21Z</time>
			</trkpt>
			<trkpt lat="46.149548" lon="-121.488243">
				<ele>1971.099121</ele>
				<time>2026-07-08T19:42:25Z</time>
			</trkpt>
			<trkpt lat="46.149593" lon="-121.488228">
				<ele>1970.964966</ele>
				<time>2026-07-08T19:42:30Z</time>
			</trkpt>
			<trkpt lat="46.149639" lon="-121.488213">
				<ele>1972.854614</ele>
				<time>2026-07-08T19:42:35Z</time>
			</trkpt>
			<trkpt lat="46.149693" lon="-121.488213">
				<ele>1973.73938</ele>
				<time>2026-07-08T19:42:40Z</time>
			</trkpt>
			<trkpt lat="46.149734" lon="-121.48822">
				<ele>1976.174316</ele>
				<time>2026-07-08T19:42:45Z</time>
			</trkpt>
			<trkpt lat="46.149826" lon="-121.488235">
				<ele>1973.153198</ele>
				<time>2026-07-08T19:42:54Z</time>
			</trkpt>
			<trkpt lat="46.149876" lon="-121.488251">
				<ele>1974.919922</ele>
				<time>2026-07-08T19:43:00Z</time>
			</trkpt>
			<trkpt lat="46.149918" lon="-121.488281">
				<ele>1975.300049</ele>
				<time>2026-07-08T19:43:06Z</time>
			</trkpt>
			<trkpt lat="46.150002" lon="-121.488289">
				<ele>1978.23291</ele>
				<time>2026-07-08T19:43:18Z</time>
			</trkpt>
			<trkpt lat="46.15004" lon="-121.488327">
				<ele>1979.998047</ele>
				<time>2026-07-08T19:43:24Z</time>
			</trkpt>
			<trkpt lat="46.150078" lon="-121.48835">
				<ele>1979.680298</ele>
				<time>2026-07-08T19:43:28Z</time>
			</trkpt>
			<trkpt lat="46.150108" lon="-121.488373">
				<ele>1978.567505</ele>
				<time>2026-07-08T19:43:32Z</time>
			</trkpt>
			<trkpt lat="46.150143" lon="-121.488411">
				<ele>1978.809082</ele>
				<time>2026-07-08T19:43:37Z</time>
			</trkpt>
			<trkpt lat="46.150169" lon="-121.488449">
				<ele>1977.880249</ele>
				<time>2026-07-08T19:43:41Z</time>
			</trkpt>
			<trkpt lat="46.150196" lon="-121.488487">
				<ele>1977.988281</ele>
				<time>2026-07-08T19:43:45Z</time>
			</trkpt>
			<trkpt lat="46.150238" lon="-121.488503">
				<ele>1978.264526</ele>
				<time>2026-07-08T19:43:50Z</time>
			</trkpt>
			<trkpt lat="46.15036" lon="-121.488548">
				<ele>1983.980835</ele>
				<time>2026-07-08T19:44:09Z</time>
			</trkpt>
			<trkpt lat="46.150398" lon="-121.488556">
				<ele>1983.605957</ele>
				<time>2026-07-08T19:44:13Z</time>
			</trkpt>
			<trkpt lat="46.150414" lon="-121.488617">
				<ele>1984.24646</ele>
				<time>2026-07-08T19:44:17Z</time>
			</trkpt>
			<trkpt lat="46.150436" lon="-121.488663">
				<ele>1983.716431</ele>
				<time>2026-07-08T19:44:21Z</time>
			</trkpt>
			<trkpt lat="46.150482" lon="-121.488777">
				<ele>1981.414063</ele>
				<time>2026-07-08T19:44:32Z</time>
			</trkpt>
			<trkpt lat="46.15052" lon="-121.488907">
				<ele>1981.740723</ele>
				<time>2026-07-08T19:44:46Z</time>
			</trkpt>
			<trkpt lat="46.150505" lon="-121.48896">
				<ele>1983.891602</ele>
				<time>2026-07-08T19:44:51Z</time>
			</trkpt>
			<trkpt lat="46.150494" lon="-121.489021">
				<ele>1983.999878</ele>
				<time>2026-07-08T19:44:56Z</time>
			</trkpt>
			<trkpt lat="46.15052" lon="-121.489075">
				<ele>1983.792603</ele>
				<time>2026-07-08T19:45:01Z</time>
			</trkpt>
			<trkpt lat="46.150539" lon="-121.489136">
				<ele>1983.163818</ele>
				<time>2026-07-08T19:45:06Z</time>
			</trkpt>
			<trkpt lat="46.150631" lon="-121.489189">
				<ele>1987.754761</ele>
				<time>2026-07-08T19:45:21Z</time>
			</trkpt>
			<trkpt lat="46.150658" lon="-121.489235">
				<ele>1988.173096</ele>
				<time>2026-07-08T19:45:27Z</time>
			</trkpt>
			<trkpt lat="46.150677" lon="-121.489288">
				<ele>1987.82959</ele>
				<time>2026-07-08T19:45:32Z</time>
			</trkpt>
			<trkpt lat="46.150703" lon="-121.489326">
				<ele>1988.204468</ele>
				<time>2026-07-08T19:45:37Z</time>
			</trkpt>
			<trkpt lat="46.150711" lon="-121.48938">
				<ele>1987.655762</ele>
				<time>2026-07-08T19:45:41Z</time>
			</trkpt>
			<trkpt lat="46.150723" lon="-121.489433">
				<ele>1987.406616</ele>
				<time>2026-07-08T19:45:45Z</time>
			</trkpt>
			<trkpt lat="46.150738" lon="-121.489502">
				<ele>1988.233765</ele>
				<time>2026-07-08T19:45:51Z</time>
			</trkpt>
			<trkpt lat="46.150776" lon="-121.489517">
				<ele>1990.33313</ele>
				<time>2026-07-08T19:45:58Z</time>
			</trkpt>
			<trkpt lat="46.150829" lon="-121.489494">
				<ele>1991.312012</ele>
				<time>2026-07-08T19:46:05Z</time>
			</trkpt>
			<trkpt lat="46.150871" lon="-121.489517">
				<ele>1991.86438</ele>
				<time>2026-07-08T19:46:12Z</time>
			</trkpt>
			<trkpt lat="46.150917" lon="-121.489525">
				<ele>1992.902588</ele>
				<time>2026-07-08T19:46:18Z</time>
			</trkpt>
			<trkpt lat="46.150963" lon="-121.489532">
				<ele>1992.384766</ele>
				<time>2026-07-08T19:46:24Z</time>
			</trkpt>
			<trkpt lat="46.150997" lon="-121.489578">
				<ele>1993.407104</ele>
				<time>2026-07-08T19:46:29Z</time>
			</trkpt>
			<trkpt lat="46.151024" lon="-121.489639">
				<ele>1993.872681</ele>
				<time>2026-07-08T19:46:37Z</time>
			</trkpt>
			<trkpt lat="46.151066" lon="-121.489685">
				<ele>1995.371704</ele>
				<time>2026-07-08T19:46:43Z</time>
			</trkpt>
			<trkpt lat="46.151104" lon="-121.489723">
				<ele>1994.701782</ele>
				<time>2026-07-08T19:46:49Z</time>
			</trkpt>
			<trkpt lat="46.151146" lon="-121.489761">
				<ele>1995.672607</ele>
				<time>2026-07-08T19:46:55Z</time>
			</trkpt>
			<trkpt lat="46.151188" lon="-121.489792">
				<ele>1997.266479</ele>
				<time>2026-07-08T19:47:03Z</time>
			</trkpt>
			<trkpt lat="46.151249" lon="-121.489799">
				<ele>1998.172485</ele>
				<time>2026-07-08T19:47:35Z</time>
			</trkpt>
			<trkpt lat="46.151302" lon="-121.489792">
				<ele>1997.63562</ele>
				<time>2026-07-08T19:47:47Z</time>
			</trkpt>
			<trkpt lat="46.151398" lon="-121.489929">
				<ele>2000.609253</ele>
				<time>2026-07-08T19:48:36Z</time>
			</trkpt>
			<trkpt lat="46.151443" lon="-121.489952">
				<ele>2000.494995</ele>
				<time>2026-07-08T19:48:42Z</time>
			</trkpt>
			<trkpt lat="46.151485" lon="-121.489983">
				<ele>2001.581421</ele>
				<time>2026-07-08T19:48:48Z</time>
			</trkpt>
			<trkpt lat="46.151512" lon="-121.490044">
				<ele>2001.363037</ele>
				<time>2026-07-08T19:48:53Z</time>
			</trkpt>
			<trkpt lat="46.151527" lon="-121.490105">
				<ele>2001.660767</ele>
				<time>2026-07-08T19:48:58Z</time>
			</trkpt>
			<trkpt lat="46.15152" lon="-121.490166">
				<ele>2002.206421</ele>
				<time>2026-07-08T19:49:03Z</time>
			</trkpt>
			<trkpt lat="46.151531" lon="-121.490227">
				<ele>2002.125488</ele>
				<time>2026-07-08T19:49:07Z</time>
			</trkpt>
			<trkpt lat="46.151543" lon="-121.49028">
				<ele>2000.765381</ele>
				<time>2026-07-08T19:49:11Z</time>
			</trkpt>
			<trkpt lat="46.151569" lon="-121.490326">
				<ele>2002.015259</ele>
				<time>2026-07-08T19:49:15Z</time>
			</trkpt>
			<trkpt lat="46.151684" lon="-121.490402">
				<ele>2002.898071</ele>
				<time>2026-07-08T19:49:31Z</time>
			</trkpt>
			<trkpt lat="46.151768" lon="-121.49044">
				<ele>2005.118286</ele>
				<time>2026-07-08T19:49:42Z</time>
			</trkpt>
			<trkpt lat="46.151821" lon="-121.490463">
				<ele>2005.741455</ele>
				<time>2026-07-08T19:49:48Z</time>
			</trkpt>
			<trkpt lat="46.151867" lon="-121.490486">
				<ele>2006.874268</ele>
				<time>2026-07-08T19:49:55Z</time>
			</trkpt>
			<trkpt lat="46.151913" lon="-121.490509">
				<ele>2008.842651</ele>
				<time>2026-07-08T19:50:01Z</time>
			</trkpt>
			<trkpt lat="46.151958" lon="-121.490517">
				<ele>2008.016724</ele>
				<time>2026-07-08T19:50:07Z</time>
			</trkpt>
			<trkpt lat="46.152004" lon="-121.490517">
				<ele>2008.474854</ele>
				<time>2026-07-08T19:50:13Z</time>
			</trkpt>
			<trkpt lat="46.15205" lon="-121.490524">
				<ele>2007.393433</ele>
				<time>2026-07-08T19:50:19Z</time>
			</trkpt>
			<trkpt lat="46.152096" lon="-121.490532">
				<ele>2008.237671</ele>
				<time>2026-07-08T19:50:26Z</time>
			</trkpt>
			<trkpt lat="46.152145" lon="-121.490547">
				<ele>2011.522583</ele>
				<time>2026-07-08T19:50:33Z</time>
			</trkpt>
			<trkpt lat="46.152199" lon="-121.490562">
				<ele>2012.139893</ele>
				<time>2026-07-08T19:50:39Z</time>
			</trkpt>
			<trkpt lat="46.152252" lon="-121.49057">
				<ele>2011.859741</ele>
				<time>2026-07-08T19:50:50Z</time>
			</trkpt>
			<trkpt lat="46.152302" lon="-121.49057">
				<ele>2014.851196</ele>
				<time>2026-07-08T19:50:58Z</time>
			</trkpt>
			<trkpt lat="46.152348" lon="-121.490555">
				<ele>2015.031982</ele>
				<time>2026-07-08T19:51:06Z</time>
			</trkpt>
			<trkpt lat="46.152393" lon="-121.490578">
				<ele>2012.791382</ele>
				<time>2026-07-08T19:51:33Z</time>
			</trkpt>
			<trkpt lat="46.152493" lon="-121.490562">
				<ele>2016.766602</ele>
				<time>2026-07-08T19:51:51Z</time>
			</trkpt>
			<trkpt lat="46.152576" lon="-121.490501">
				<ele>2024.751587</ele>
				<time>2026-07-08T19:52:08Z</time>
			</trkpt>
			<trkpt lat="46.152618" lon="-121.490486">
				<ele>2025.582397</ele>
				<time>2026-07-08T19:52:14Z</time>
			</trkpt>
			<trkpt lat="46.152672" lon="-121.490486">
				<ele>2025.734863</ele>
				<time>2026-07-08T19:52:20Z</time>
			</trkpt>
			<trkpt lat="46.15271" lon="-121.490517">
				<ele>2026.380859</ele>
				<time>2026-07-08T19:52:24Z</time>
			</trkpt>
			<trkpt lat="46.152775" lon="-121.490692">
				<ele>2022.015015</ele>
				<time>2026-07-08T19:52:38Z</time>
			</trkpt>
			<trkpt lat="46.15279" lon="-121.490746">
				<ele>2021.619873</ele>
				<time>2026-07-08T19:52:43Z</time>
			</trkpt>
			<trkpt lat="46.152805" lon="-121.490799">
				<ele>2022.178223</ele>
				<time>2026-07-08T19:52:48Z</time>
			</trkpt>
			<trkpt lat="46.152832" lon="-121.490845">
				<ele>2023.85376</ele>
				<time>2026-07-08T19:52:53Z</time>
			</trkpt>
			<trkpt lat="46.15287" lon="-121.490952">
				<ele>2022.944336</ele>
				<time>2026-07-08T19:53:02Z</time>
			</trkpt>
			<trkpt lat="46.152885" lon="-121.491005">
				<ele>2023.890259</ele>
				<time>2026-07-08T19:53:06Z</time>
			</trkpt>
			<trkpt lat="46.152882" lon="-121.491066">
				<ele>2023.742188</ele>
				<time>2026-07-08T19:53:11Z</time>
			</trkpt>
			<trkpt lat="46.152885" lon="-121.491127">
				<ele>2023.212036</ele>
				<time>2026-07-08T19:53:16Z</time>
			</trkpt>
			<trkpt lat="46.152897" lon="-121.491173">
				<ele>2025.328735</ele>
				<time>2026-07-08T19:53:21Z</time>
			</trkpt>
			<trkpt lat="46.152901" lon="-121.491234">
				<ele>2025.263428</ele>
				<time>2026-07-08T19:53:26Z</time>
			</trkpt>
			<trkpt lat="46.152916" lon="-121.491287">
				<ele>2025.438965</ele>
				<time>2026-07-08T19:53:31Z</time>
			</trkpt>
			<trkpt lat="46.152935" lon="-121.491348">
				<ele>2025.206421</ele>
				<time>2026-07-08T19:53:36Z</time>
			</trkpt>
			<trkpt lat="46.152962" lon="-121.491394">
				<ele>2025.484863</ele>
				<time>2026-07-08T19:53:41Z</time>
			</trkpt>
			<trkpt lat="46.153" lon="-121.491402">
				<ele>2028.651367</ele>
				<time>2026-07-08T19:53:48Z</time>
			</trkpt>
			<trkpt lat="46.153046" lon="-121.491425">
				<ele>2029.175903</ele>
				<time>2026-07-08T19:53:55Z</time>
			</trkpt>
			<trkpt lat="46.153088" lon="-121.491463">
				<ele>2029.376099</ele>
				<time>2026-07-08T19:54:01Z</time>
			</trkpt>
			<trkpt lat="46.153133" lon="-121.491486">
				<ele>2029.22168</ele>
				<time>2026-07-08T19:54:07Z</time>
			</trkpt>
			<trkpt lat="46.153172" lon="-121.491531">
				<ele>2032.101807</ele>
				<time>2026-07-08T19:54:27Z</time>
			</trkpt>
			<trkpt lat="46.153221" lon="-121.491547">
				<ele>2031.561279</ele>
				<time>2026-07-08T19:54:33Z</time>
			</trkpt>
			<trkpt lat="46.153267" lon="-121.491539">
				<ele>2030.015869</ele>
				<time>2026-07-08T19:54:40Z</time>
			</trkpt>
			<trkpt lat="46.153309" lon="-121.491501">
				<ele>2031.315552</ele>
				<time>2026-07-08T19:54:46Z</time>
			</trkpt>
			<trkpt lat="46.153347" lon="-121.49147">
				<ele>2031.004395</ele>
				<time>2026-07-08T19:54:51Z</time>
			</trkpt>
			<trkpt lat="46.153416" lon="-121.491386">
				<ele>2031.745605</ele>
				<time>2026-07-08T19:55:02Z</time>
			</trkpt>
			<trkpt lat="46.153446" lon="-121.491333">
				<ele>2032.461792</ele>
				<time>2026-07-08T19:55:08Z</time>
			</trkpt>
			<trkpt lat="46.153473" lon="-121.49128">
				<ele>2031.708862</ele>
				<time>2026-07-08T19:55:13Z</time>
			</trkpt>
			<trkpt lat="46.1535" lon="-121.491226">
				<ele>2032.808228</ele>
				<time>2026-07-08T19:55:19Z</time>
			</trkpt>
			<trkpt lat="46.153568" lon="-121.491119">
				<ele>2033.910889</ele>
				<time>2026-07-08T19:55:31Z</time>
			</trkpt>
			<trkpt lat="46.153622" lon="-121.491119">
				<ele>2035.625854</ele>
				<time>2026-07-08T19:55:49Z</time>
			</trkpt>
			<trkpt lat="46.153679" lon="-121.491112">
				<ele>2036.303833</ele>
				<time>2026-07-08T19:55:57Z</time>
			</trkpt>
			<trkpt lat="46.153728" lon="-121.491066">
				<ele>2037.881348</ele>
				<time>2026-07-08T19:56:05Z</time>
			</trkpt>
			<trkpt lat="46.153778" lon="-121.491051">
				<ele>2037.477051</ele>
				<time>2026-07-08T19:56:11Z</time>
			</trkpt>
			<trkpt lat="46.153828" lon="-121.49102">
				<ele>2040.971191</ele>
				<time>2026-07-08T19:56:18Z</time>
			</trkpt>
			<trkpt lat="46.153881" lon="-121.490997">
				<ele>2040.825928</ele>
				<time>2026-07-08T19:56:24Z</time>
			</trkpt>
			<trkpt lat="46.153919" lon="-121.490944">
				<ele>2044.414673</ele>
				<time>2026-07-08T19:56:31Z</time>
			</trkpt>
			<trkpt lat="46.153961" lon="-121.490921">
				<ele>2045.877808</ele>
				<time>2026-07-08T19:56:37Z</time>
			</trkpt>
			<trkpt lat="46.154015" lon="-121.490913">
				<ele>2044.309814</ele>
				<time>2026-07-08T19:56:42Z</time>
			</trkpt>
			<trkpt lat="46.154114" lon="-121.490898">
				<ele>2042.640991</ele>
				<time>2026-07-08T19:56:51Z</time>
			</trkpt>
			<trkpt lat="46.15416" lon="-121.490929">
				<ele>2043.376587</ele>
				<time>2026-07-08T19:56:56Z</time>
			</trkpt>
			<trkpt lat="46.154205" lon="-121.490967">
				<ele>2041.327393</ele>
				<time>2026-07-08T19:57:01Z</time>
			</trkpt>
			<trkpt lat="46.15424" lon="-121.491005">
				<ele>2041.943237</ele>
				<time>2026-07-08T19:57:06Z</time>
			</trkpt>
			<trkpt lat="46.154274" lon="-121.491058">
				<ele>2041.289307</ele>
				<time>2026-07-08T19:57:11Z</time>
			</trkpt>
			<trkpt lat="46.154305" lon="-121.491112">
				<ele>2041.022949</ele>
				<time>2026-07-08T19:57:17Z</time>
			</trkpt>
			<trkpt lat="46.154396" lon="-121.491142">
				<ele>2043.279785</ele>
				<time>2026-07-08T19:57:30Z</time>
			</trkpt>
			<trkpt lat="46.154442" lon="-121.491127">
				<ele>2043.773193</ele>
				<time>2026-07-08T19:57:36Z</time>
			</trkpt>
			<trkpt lat="46.154488" lon="-121.491104">
				<ele>2046.297485</ele>
				<time>2026-07-08T19:57:43Z</time>
			</trkpt>
			<trkpt lat="46.154541" lon="-121.491089">
				<ele>2047.603149</ele>
				<time>2026-07-08T19:57:49Z</time>
			</trkpt>
			<trkpt lat="46.154587" lon="-121.491104">
				<ele>2046.508667</ele>
				<time>2026-07-08T19:57:54Z</time>
			</trkpt>
			<trkpt lat="46.154636" lon="-121.491096">
				<ele>2049.186768</ele>
				<time>2026-07-08T19:58:00Z</time>
			</trkpt>
			<trkpt lat="46.154686" lon="-121.491096">
				<ele>2048.121338</ele>
				<time>2026-07-08T19:58:06Z</time>
			</trkpt>
			<trkpt lat="46.154736" lon="-121.491096">
				<ele>2047.702881</ele>
				<time>2026-07-08T19:58:12Z</time>
			</trkpt>
			<trkpt lat="46.154881" lon="-121.491058">
				<ele>2051.122803</ele>
				<time>2026-07-08T19:58:30Z</time>
			</trkpt>
			<trkpt lat="46.154926" lon="-121.491074">
				<ele>2049.112305</ele>
				<time>2026-07-08T19:58:34Z</time>
			</trkpt>
			<trkpt lat="46.154972" lon="-121.491089">
				<ele>2048.973145</ele>
				<time>2026-07-08T19:58:38Z</time>
			</trkpt>
			<trkpt lat="46.15501" lon="-121.491119">
				<ele>2047.609985</ele>
				<time>2026-07-08T19:58:43Z</time>
			</trkpt>
			<trkpt lat="46.155098" lon="-121.491165">
				<ele>2046.883667</ele>
				<time>2026-07-08T19:58:52Z</time>
			</trkpt>
			<trkpt lat="46.15514" lon="-121.491188">
				<ele>2047.349121</ele>
				<time>2026-07-08T19:58:58Z</time>
			</trkpt>
			<trkpt lat="46.155182" lon="-121.491211">
				<ele>2047.36792</ele>
				<time>2026-07-08T19:59:05Z</time>
			</trkpt>
			<trkpt lat="46.155231" lon="-121.491226">
				<ele>2049.263916</ele>
				<time>2026-07-08T19:59:13Z</time>
			</trkpt>
			<trkpt lat="46.155273" lon="-121.491272">
				<ele>2049.083984</ele>
				<time>2026-07-08T19:59:19Z</time>
			</trkpt>
			<trkpt lat="46.155315" lon="-121.491318">
				<ele>2049.895752</ele>
				<time>2026-07-08T19:59:26Z</time>
			</trkpt>
			<trkpt lat="46.155361" lon="-121.491371">
				<ele>2053.487061</ele>
				<time>2026-07-08T20:01:05Z</time>
			</trkpt>
			<trkpt lat="46.155407" lon="-121.491409">
				<ele>2053.270508</ele>
				<time>2026-07-08T20:01:12Z</time>
			</trkpt>
			<trkpt lat="46.155449" lon="-121.491364">
				<ele>2053.822998</ele>
				<time>2026-07-08T20:01:19Z</time>
			</trkpt>
			<trkpt lat="46.155499" lon="-121.491386">
				<ele>2055.464844</ele>
				<time>2026-07-08T20:01:26Z</time>
			</trkpt>
			<trkpt lat="46.155552" lon="-121.491379">
				<ele>2054.805664</ele>
				<time>2026-07-08T20:01:34Z</time>
			</trkpt>
			<trkpt lat="46.155785" lon="-121.491173">
				<ele>2060.985596</ele>
				<time>2026-07-08T20:02:13Z</time>
			</trkpt>
			<trkpt lat="46.155834" lon="-121.491142">
				<ele>2059.895508</ele>
				<time>2026-07-08T20:02:20Z</time>
			</trkpt>
			<trkpt lat="46.15588" lon="-121.491096">
				<ele>2060.561035</ele>
				<time>2026-07-08T20:02:27Z</time>
			</trkpt>
			<trkpt lat="46.15593" lon="-121.491104">
				<ele>2062.062988</ele>
				<time>2026-07-08T20:02:34Z</time>
			</trkpt>
			<trkpt lat="46.155987" lon="-121.491089">
				<ele>2062.81665</ele>
				<time>2026-07-08T20:02:42Z</time>
			</trkpt>
			<trkpt lat="46.15609" lon="-121.491058">
				<ele>2063.818359</ele>
				<time>2026-07-08T20:02:56Z</time>
			</trkpt>
			<trkpt lat="46.156136" lon="-121.491104">
				<ele>2064.496338</ele>
				<time>2026-07-08T20:03:03Z</time>
			</trkpt>
			<trkpt lat="46.156193" lon="-121.491127">
				<ele>2064.263428</ele>
				<time>2026-07-08T20:03:12Z</time>
			</trkpt>
			<trkpt lat="46.156246" lon="-121.491112">
				<ele>2065.702393</ele>
				<time>2026-07-08T20:03:20Z</time>
			</trkpt>
			<trkpt lat="46.156296" lon="-121.491104">
				<ele>2065.562012</ele>
				<time>2026-07-08T20:03:26Z</time>
			</trkpt>
			<trkpt lat="46.156357" lon="-121.491081">
				<ele>2065.118652</ele>
				<time>2026-07-08T20:03:32Z</time>
			</trkpt>
			<trkpt lat="46.156403" lon="-121.491104">
				<ele>2064.630127</ele>
				<time>2026-07-08T20:03:39Z</time>
			</trkpt>
			<trkpt lat="46.156448" lon="-121.491074">
				<ele>2065.412842</ele>
				<time>2026-07-08T20:03:45Z</time>
			</trkpt>
			<trkpt lat="46.156502" lon="-121.491066">
				<ele>2064.778564</ele>
				<time>2026-07-08T20:03:51Z</time>
			</trkpt>
			<trkpt lat="46.156551" lon="-121.491066">
				<ele>2064.883057</ele>
				<time>2026-07-08T20:03:56Z</time>
			</trkpt>
			<trkpt lat="46.156574" lon="-121.491127">
				<ele>2064.315918</ele>
				<time>2026-07-08T20:04:02Z</time>
			</trkpt>
			<trkpt lat="46.156624" lon="-121.491127">
				<ele>2063.416992</ele>
				<time>2026-07-08T20:04:08Z</time>
			</trkpt>
			<trkpt lat="46.156666" lon="-121.491096">
				<ele>2064.550781</ele>
				<time>2026-07-08T20:04:14Z</time>
			</trkpt>
			<trkpt lat="46.156719" lon="-121.491096">
				<ele>2064.55542</ele>
				<time>2026-07-08T20:04:20Z</time>
			</trkpt>
			<trkpt lat="46.156769" lon="-121.491081">
				<ele>2066.11084</ele>
				<time>2026-07-08T20:04:29Z</time>
			</trkpt>
			<trkpt lat="46.156815" lon="-121.491081">
				<ele>2064.671875</ele>
				<time>2026-07-08T20:04:35Z</time>
			</trkpt>
			<trkpt lat="46.156868" lon="-121.491051">
				<ele>2065.533936</ele>
				<time>2026-07-08T20:04:42Z</time>
			</trkpt>
			<trkpt lat="46.156914" lon="-121.491051">
				<ele>2067.22583</ele>
				<time>2026-07-08T20:04:49Z</time>
			</trkpt>
			<trkpt lat="46.156967" lon="-121.491074">
				<ele>2068.360107</ele>
				<time>2026-07-08T20:04:58Z</time>
			</trkpt>
			<trkpt lat="46.157009" lon="-121.491051">
				<ele>2068.628906</ele>
				<time>2026-07-08T20:05:12Z</time>
			</trkpt>
			<trkpt lat="46.157059" lon="-121.491043">
				<ele>2068.364502</ele>
				<time>2026-07-08T20:05:19Z</time>
			</trkpt>
			<trkpt lat="46.157097" lon="-121.491081">
				<ele>2069.091064</ele>
				<time>2026-07-08T20:05:30Z</time>
			</trkpt>
			<trkpt lat="46.157143" lon="-121.491043">
				<ele>2067.117188</ele>
				<time>2026-07-08T20:08:04Z</time>
			</trkpt>
			<trkpt lat="46.157181" lon="-121.491096">
				<ele>2069.287842</ele>
				<time>2026-07-08T20:10:09Z</time>
			</trkpt>
			<trkpt lat="46.157234" lon="-121.491119">
				<ele>2071.263184</ele>
				<time>2026-07-08T20:10:19Z</time>
			</trkpt>
			<trkpt lat="46.157288" lon="-121.491112">
				<ele>2073.978516</ele>
				<time>2026-07-08T20:10:28Z</time>
			</trkpt>
			<trkpt lat="46.157337" lon="-121.491142">
				<ele>2072.806885</ele>
				<time>2026-07-08T20:10:34Z</time>
			</trkpt>
			<trkpt lat="46.157387" lon="-121.491104">
				<ele>2074.830811</ele>
				<time>2026-07-08T20:10:43Z</time>
			</trkpt>
			<trkpt lat="46.157433" lon="-121.491127">
				<ele>2075.32666</ele>
				<time>2026-07-08T20:10:50Z</time>
			</trkpt>
			<trkpt lat="46.157486" lon="-121.491127">
				<ele>2075.557373</ele>
				<time>2026-07-08T20:10:56Z</time>
			</trkpt>
			<trkpt lat="46.157536" lon="-121.491127">
				<ele>2075.046875</ele>
				<time>2026-07-08T20:11:04Z</time>
			</trkpt>
			<trkpt lat="46.157585" lon="-121.491081">
				<ele>2076.198975</ele>
				<time>2026-07-08T20:11:14Z</time>
			</trkpt>
			<trkpt lat="46.157639" lon="-121.491066">
				<ele>2079.43335</ele>
				<time>2026-07-08T20:11:32Z</time>
			</trkpt>
			<trkpt lat="46.157696" lon="-121.491066">
				<ele>2079.342773</ele>
				<time>2026-07-08T20:11:44Z</time>
			</trkpt>
			<trkpt lat="46.157803" lon="-121.49099">
				<ele>2081.16626</ele>
				<time>2026-07-08T20:12:02Z</time>
			</trkpt>
			<trkpt lat="46.157894" lon="-121.490921">
				<ele>2083.85376</ele>
				<time>2026-07-08T20:12:23Z</time>
			</trkpt>
			<trkpt lat="46.157928" lon="-121.490852">
				<ele>2085.066406</ele>
				<time>2026-07-08T20:12:35Z</time>
			</trkpt>
			<trkpt lat="46.158035" lon="-121.490814">
				<ele>2090.734619</ele>
				<time>2026-07-08T20:13:08Z</time>
			</trkpt>
			<trkpt lat="46.158089" lon="-121.490837">
				<ele>2090.903076</ele>
				<time>2026-07-08T20:13:20Z</time>
			</trkpt>
			<trkpt lat="46.158134" lon="-121.490891">
				<ele>2091.813965</ele>
				<time>2026-07-08T20:13:30Z</time>
			</trkpt>
			<trkpt lat="46.158188" lon="-121.490891">
				<ele>2094.948242</ele>
				<time>2026-07-08T20:13:50Z</time>
			</trkpt>
			<trkpt lat="46.158237" lon="-121.490852">
				<ele>2096.965576</ele>
				<time>2026-07-08T20:14:04Z</time>
			</trkpt>
			<trkpt lat="46.158295" lon="-121.490852">
				<ele>2099.785156</ele>
				<time>2026-07-08T20:14:23Z</time>
			</trkpt>
			<trkpt lat="46.15834" lon="-121.490891">
				<ele>2101.797363</ele>
				<time>2026-07-08T20:14:34Z</time>
			</trkpt>
			<trkpt lat="46.158375" lon="-121.490837">
				<ele>2101.660156</ele>
				<time>2026-07-08T20:14:47Z</time>
			</trkpt>
			<trkpt lat="46.158394" lon="-121.490768">
				<ele>2102.419922</ele>
				<time>2026-07-08T20:14:56Z</time>
			</trkpt>
			<trkpt lat="46.158432" lon="-121.490707">
				<ele>2104.598145</ele>
				<time>2026-07-08T20:15:10Z</time>
			</trkpt>
			<trkpt lat="46.158485" lon="-121.4907">
				<ele>2106.969727</ele>
				<time>2026-07-08T20:15:20Z</time>
			</trkpt>
			<trkpt lat="46.158531" lon="-121.490738">
				<ele>2108.357666</ele>
				<time>2026-07-08T20:15:30Z</time>
			</trkpt>
			<trkpt lat="46.158581" lon="-121.49073">
				<ele>2109.312012</ele>
				<time>2026-07-08T20:15:40Z</time>
			</trkpt>
			<trkpt lat="46.158611" lon="-121.490799">
				<ele>2110.920166</ele>
				<time>2026-07-08T20:15:49Z</time>
			</trkpt>
			<trkpt lat="46.158722" lon="-121.490829">
				<ele>2112.313965</ele>
				<time>2026-07-08T20:16:14Z</time>
			</trkpt>
			<trkpt lat="46.158825" lon="-121.490776">
				<ele>2115.879395</ele>
				<time>2026-07-08T20:16:41Z</time>
			</trkpt>
			<trkpt lat="46.158878" lon="-121.490791">
				<ele>2116.751465</ele>
				<time>2026-07-08T20:16:51Z</time>
			</trkpt>
			<trkpt lat="46.158978" lon="-121.490723">
				<ele>2120.29834</ele>
				<time>2026-07-08T20:17:15Z</time>
			</trkpt>
			<trkpt lat="46.159019" lon="-121.490677">
				<ele>2121.219727</ele>
				<time>2026-07-08T20:17:25Z</time>
			</trkpt>
			<trkpt lat="46.159058" lon="-121.490746">
				<ele>2123.472168</ele>
				<time>2026-07-08T20:17:42Z</time>
			</trkpt>
			<trkpt lat="46.15913" lon="-121.490768">
				<ele>2126.561768</ele>
				<time>2026-07-08T20:18:03Z</time>
			</trkpt>
			<trkpt lat="46.159176" lon="-121.490685">
				<ele>2128.42627</ele>
				<time>2026-07-08T20:18:21Z</time>
			</trkpt>
			<trkpt lat="46.159283" lon="-121.490601">
				<ele>2129.640137</ele>
				<time>2026-07-08T20:18:41Z</time>
			</trkpt>
			<trkpt lat="46.15934" lon="-121.490601">
				<ele>2132.351318</ele>
				<time>2026-07-08T20:19:08Z</time>
			</trkpt>
			<trkpt lat="46.159401" lon="-121.49057">
				<ele>2132.964111</ele>
				<time>2026-07-08T20:19:20Z</time>
			</trkpt>
			<trkpt lat="46.159458" lon="-121.490547">
				<ele>2135.2854</ele>
				<time>2026-07-08T20:19:32Z</time>
			</trkpt>
			<trkpt lat="46.159519" lon="-121.490524">
				<ele>2136.303467</ele>
				<time>2026-07-08T20:19:51Z</time>
			</trkpt>
			<trkpt lat="46.15958" lon="-121.490532">
				<ele>2139.082764</ele>
				<time>2026-07-08T20:20:08Z</time>
			</trkpt>
			<trkpt lat="46.159634" lon="-121.490509">
				<ele>2140.64209</ele>
				<time>2026-07-08T20:20:21Z</time>
			</trkpt>
			<trkpt lat="46.159672" lon="-121.490463">
				<ele>2141.030029</ele>
				<time>2026-07-08T20:20:32Z</time>
			</trkpt>
			<trkpt lat="46.159706" lon="-121.490524">
				<ele>2143.198242</ele>
				<time>2026-07-08T20:20:43Z</time>
			</trkpt>
			<trkpt lat="46.15971" lon="-121.490601">
				<ele>2144.309814</ele>
				<time>2026-07-08T20:20:50Z</time>
			</trkpt>
			<trkpt lat="46.159718" lon="-121.490685">
				<ele>2141.083984</ele>
				<time>2026-07-08T20:21:26Z</time>
			</trkpt>
			<trkpt lat="46.159672" lon="-121.490707">
				<ele>2143.038574</ele>
				<time>2026-07-08T20:22:32Z</time>
			</trkpt>
			<trkpt lat="46.159718" lon="-121.490669">
				<ele>2144.916504</ele>
				<time>2026-07-08T20:27:43Z</time>
			</trkpt>
			<trkpt lat="46.159733" lon="-121.490753">
				<ele>2146.348633</ele>
				<time>2026-07-08T20:27:50Z</time>
			</trkpt>
			<trkpt lat="46.159676" lon="-121.490776">
				<ele>2143.871094</ele>
				<time>2026-07-08T20:27:57Z</time>
			</trkpt>
			<trkpt lat="46.159634" lon="-121.490852">
				<ele>2144.301025</ele>
				<time>2026-07-08T20:28:53Z</time>
			</trkpt>
			<trkpt lat="46.159657" lon="-121.490768">
				<ele>2147.112549</ele>
				<time>2026-07-08T20:29:11Z</time>
			</trkpt>
			<trkpt lat="46.159695" lon="-121.490707">
				<ele>2147.115479</ele>
				<time>2026-07-08T20:29:22Z</time>
			</trkpt>
			<trkpt lat="46.159706" lon="-121.490623">
				<ele>2146.060059</ele>
				<time>2026-07-08T20:33:03Z</time>
			</trkpt>
			<trkpt lat="46.159752" lon="-121.490562">
				<ele>2146.092285</ele>
				<time>2026-07-08T20:33:13Z</time>
			</trkpt>
			<trkpt lat="46.159813" lon="-121.49057">
				<ele>2146.630371</ele>
				<time>2026-07-08T20:33:23Z</time>
			</trkpt>
			<trkpt lat="46.159866" lon="-121.49054">
				<ele>2148.775146</ele>
				<time>2026-07-08T20:33:34Z</time>
			</trkpt>
			<trkpt lat="46.159924" lon="-121.490517">
				<ele>2149.783691</ele>
				<time>2026-07-08T20:33:44Z</time>
			</trkpt>
			<trkpt lat="46.160034" lon="-121.49057">
				<ele>2153.378906</ele>
				<time>2026-07-08T20:34:06Z</time>
			</trkpt>
			<trkpt lat="46.16013" lon="-121.490494">
				<ele>2158.670166</ele>
				<time>2026-07-08T20:34:38Z</time>
			</trkpt>
			<trkpt lat="46.160259" lon="-121.490356">
				<ele>2162.596191</ele>
				<time>2026-07-08T20:35:16Z</time>
			</trkpt>
			<trkpt lat="46.160313" lon="-121.490364">
				<ele>2164.8479</ele>
				<time>2026-07-08T20:35:32Z</time>
			</trkpt>
			<trkpt lat="46.160355" lon="-121.490311">
				<ele>2166.490967</ele>
				<time>2026-07-08T20:35:44Z</time>
			</trkpt>
			<trkpt lat="46.160404" lon="-121.490349">
				<ele>2167.364502</ele>
				<time>2026-07-08T20:35:59Z</time>
			</trkpt>
			<trkpt lat="46.1605" lon="-121.490471">
				<ele>2172.697266</ele>
				<time>2026-07-08T20:36:33Z</time>
			</trkpt>
			<trkpt lat="46.160522" lon="-121.490387">
				<ele>2174.225586</ele>
				<time>2026-07-08T20:36:52Z</time>
			</trkpt>
			<trkpt lat="46.160572" lon="-121.490349">
				<ele>2175.449463</ele>
				<time>2026-07-08T20:37:06Z</time>
			</trkpt>
			<trkpt lat="46.160633" lon="-121.490311">
				<ele>2178.256348</ele>
				<time>2026-07-08T20:37:29Z</time>
			</trkpt>
			<trkpt lat="46.160686" lon="-121.490356">
				<ele>2182.274414</ele>
				<time>2026-07-08T20:37:43Z</time>
			</trkpt>
			<trkpt lat="46.160736" lon="-121.490417">
				<ele>2182.895508</ele>
				<time>2026-07-08T20:37:54Z</time>
			</trkpt>
			<trkpt lat="46.160763" lon="-121.490501">
				<ele>2184.04248</ele>
				<time>2026-07-08T20:38:04Z</time>
			</trkpt>
			<trkpt lat="46.160835" lon="-121.49057">
				<ele>2184.752686</ele>
				<time>2026-07-08T20:38:37Z</time>
			</trkpt>
			<trkpt lat="46.160812" lon="-121.490494">
				<ele>2186.283447</ele>
				<time>2026-07-08T20:39:24Z</time>
			</trkpt>
			<trkpt lat="46.160866" lon="-121.490456">
				<ele>2190.177246</ele>
				<time>2026-07-08T20:39:42Z</time>
			</trkpt>
			<trkpt lat="46.160912" lon="-121.490501">
				<ele>2190.505127</ele>
				<time>2026-07-08T20:39:52Z</time>
			</trkpt>
			<trkpt lat="46.160954" lon="-121.490532">
				<ele>2194.141846</ele>
				<time>2026-07-08T20:40:04Z</time>
			</trkpt>
			<trkpt lat="46.161007" lon="-121.490547">
				<ele>2195.848633</ele>
				<time>2026-07-08T20:40:32Z</time>
			</trkpt>
			<trkpt lat="46.161045" lon="-121.490593">
				<ele>2194.916748</ele>
				<time>2026-07-08T20:41:27Z</time>
			</trkpt>
			<trkpt lat="46.161083" lon="-121.490524">
				<ele>2200.314453</ele>
				<time>2026-07-08T20:41:55Z</time>
			</trkpt>
			<trkpt lat="46.161133" lon="-121.490486">
				<ele>2203.051025</ele>
				<time>2026-07-08T20:42:17Z</time>
			</trkpt>
			<trkpt lat="46.161263" lon="-121.490479">
				<ele>2205.186768</ele>
				<time>2026-07-08T20:42:48Z</time>
			</trkpt>
			<trkpt lat="46.161316" lon="-121.49041">
				<ele>2209.417236</ele>
				<time>2026-07-08T20:43:20Z</time>
			</trkpt>
			<trkpt lat="46.16135" lon="-121.490326">
				<ele>2211.290039</ele>
				<time>2026-07-08T20:43:34Z</time>
			</trkpt>
			<trkpt lat="46.161434" lon="-121.490318">
				<ele>2211.719971</ele>
				<time>2026-07-08T20:43:57Z</time>
			</trkpt>
			<trkpt lat="46.16153" lon="-121.490387">
				<ele>2214.405273</ele>
				<time>2026-07-08T20:44:34Z</time>
			</trkpt>
			<trkpt lat="46.161598" lon="-121.490349">
				<ele>2222.785645</ele>
				<time>2026-07-08T20:45:08Z</time>
			</trkpt>
			<trkpt lat="46.161671" lon="-121.490334">
				<ele>2224.158447</ele>
				<time>2026-07-08T20:45:25Z</time>
			</trkpt>
			<trkpt lat="46.161728" lon="-121.490356">
				<ele>2222.323486</ele>
				<time>2026-07-08T20:45:45Z</time>
			</trkpt>
			<trkpt lat="46.161785" lon="-121.490364">
				<ele>2226.043457</ele>
				<time>2026-07-08T20:46:09Z</time>
			</trkpt>
			<trkpt lat="46.161915" lon="-121.490456">
				<ele>2232.918945</ele>
				<time>2026-07-08T20:46:52Z</time>
			</trkpt>
			<trkpt lat="46.161968" lon="-121.490471">
				<ele>2234.310547</ele>
				<time>2026-07-08T20:47:08Z</time>
			</trkpt>
			<trkpt lat="46.161991" lon="-121.49041">
				<ele>2234.750977</ele>
				<time>2026-07-08T20:47:37Z</time>
			</trkpt>
			<trkpt lat="46.162037" lon="-121.49044">
				<ele>2236.300781</ele>
				<time>2026-07-08T20:47:54Z</time>
			</trkpt>
			<trkpt lat="46.162064" lon="-121.490509">
				<ele>2237.79126</ele>
				<time>2026-07-08T20:48:07Z</time>
			</trkpt>
			<trkpt lat="46.162094" lon="-121.49057">
				<ele>2238.333984</ele>
				<time>2026-07-08T20:48:16Z</time>
			</trkpt>
			<trkpt lat="46.162212" lon="-121.490692">
				<ele>2242.792725</ele>
				<time>2026-07-08T20:48:48Z</time>
			</trkpt>
			<trkpt lat="46.162254" lon="-121.490746">
				<ele>2242.195068</ele>
				<time>2026-07-08T20:53:23Z</time>
			</trkpt>
			<trkpt lat="46.162251" lon="-121.490822">
				<ele>2243.420654</ele>
				<time>2026-07-08T20:55:24Z</time>
			</trkpt>
			<trkpt lat="46.162251" lon="-121.490898">
				<ele>2243.071777</ele>
				<time>2026-07-08T20:55:31Z</time>
			</trkpt>
			<trkpt lat="46.162243" lon="-121.490982">
				<ele>2242.135986</ele>
				<time>2026-07-08T20:55:41Z</time>
			</trkpt>
			<trkpt lat="46.162212" lon="-121.491051">
				<ele>2242.881836</ele>
				<time>2026-07-08T20:55:53Z</time>
			</trkpt>
			<trkpt lat="46.162201" lon="-121.491127">
				<ele>2239.943359</ele>
				<time>2026-07-08T20:56:02Z</time>
			</trkpt>
			<trkpt lat="46.162212" lon="-121.491196">
				<ele>2242.235107</ele>
				<time>2026-07-08T20:56:12Z</time>
			</trkpt>
			<trkpt lat="46.162189" lon="-121.491257">
				<ele>2243.050049</ele>
				<time>2026-07-08T20:56:20Z</time>
			</trkpt>
			<trkpt lat="46.162163" lon="-121.491325">
				<ele>2242.665771</ele>
				<time>2026-07-08T20:56:26Z</time>
			</trkpt>
			<trkpt lat="46.162144" lon="-121.491402">
				<ele>2240.817139</ele>
				<time>2026-07-08T20:56:31Z</time>
			</trkpt>
			<trkpt lat="46.162121" lon="-121.491463">
				<ele>2242.594727</ele>
				<time>2026-07-08T20:56:43Z</time>
			</trkpt>
			<trkpt lat="46.16209" lon="-121.491531">
				<ele>2243.357422</ele>
				<time>2026-07-08T20:56:53Z</time>
			</trkpt>
			<trkpt lat="46.162056" lon="-121.4916">
				<ele>2242.710693</ele>
				<time>2026-07-08T20:57:01Z</time>
			</trkpt>
			<trkpt lat="46.162029" lon="-121.491676">
				<ele>2241.321533</ele>
				<time>2026-07-08T20:57:09Z</time>
			</trkpt>
			<trkpt lat="46.161999" lon="-121.491753">
				<ele>2244.972412</ele>
				<time>2026-07-08T20:57:22Z</time>
			</trkpt>
			<trkpt lat="46.161964" lon="-121.491821">
				<ele>2245.498779</ele>
				<time>2026-07-08T20:57:31Z</time>
			</trkpt>
			<trkpt lat="46.161938" lon="-121.49189">
				<ele>2244.741699</ele>
				<time>2026-07-08T20:57:37Z</time>
			</trkpt>
			<trkpt lat="46.1619" lon="-121.492043">
				<ele>2247.28125</ele>
				<time>2026-07-08T20:58:00Z</time>
			</trkpt>
			<trkpt lat="46.161877" lon="-121.492119">
				<ele>2247.187256</ele>
				<time>2026-07-08T20:58:08Z</time>
			</trkpt>
			<trkpt lat="46.161865" lon="-121.492203">
				<ele>2248.999268</ele>
				<time>2026-07-08T20:58:19Z</time>
			</trkpt>
			<trkpt lat="46.161839" lon="-121.492271">
				<ele>2248.913818</ele>
				<time>2026-07-08T20:58:26Z</time>
			</trkpt>
			<trkpt lat="46.161816" lon="-121.492447">
				<ele>2252.347168</ele>
				<time>2026-07-08T20:59:01Z</time>
			</trkpt>
			<trkpt lat="46.161816" lon="-121.492531">
				<ele>2252.408203</ele>
				<time>2026-07-08T20:59:54Z</time>
			</trkpt>
			<trkpt lat="46.161816" lon="-121.492615">
				<ele>2252.628174</ele>
				<time>2026-07-08T21:00:38Z</time>
			</trkpt>
			<trkpt lat="46.16185" lon="-121.492691">
				<ele>2253.635254</ele>
				<time>2026-07-08T21:00:51Z</time>
			</trkpt>
			<trkpt lat="46.161911" lon="-121.492683">
				<ele>2254.973877</ele>
				<time>2026-07-08T21:01:10Z</time>
			</trkpt>
			<trkpt lat="46.161983" lon="-121.492691">
				<ele>2254.659912</ele>
				<time>2026-07-08T21:01:25Z</time>
			</trkpt>
			<trkpt lat="46.162003" lon="-121.492599">
				<ele>2257.70874</ele>
				<time>2026-07-08T21:01:44Z</time>
			</trkpt>
			<trkpt lat="46.162086" lon="-121.492462">
				<ele>2260.756592</ele>
				<time>2026-07-08T21:02:15Z</time>
			</trkpt>
			<trkpt lat="46.16214" lon="-121.492378">
				<ele>2261.587402</ele>
				<time>2026-07-08T21:02:35Z</time>
			</trkpt>
			<trkpt lat="46.162205" lon="-121.492348">
				<ele>2264.846924</ele>
				<time>2026-07-08T21:02:57Z</time>
			</trkpt>
			<trkpt lat="46.162334" lon="-121.492104">
				<ele>2271.48877</ele>
				<time>2026-07-08T21:03:49Z</time>
			</trkpt>
			<trkpt lat="46.162388" lon="-121.492058">
				<ele>2273.670166</ele>
				<time>2026-07-08T21:04:09Z</time>
			</trkpt>
			<trkpt lat="46.162491" lon="-121.491989">
				<ele>2276.072754</ele>
				<time>2026-07-08T21:04:36Z</time>
			</trkpt>
			<trkpt lat="46.162548" lon="-121.491989">
				<ele>2278.222412</ele>
				<time>2026-07-08T21:04:52Z</time>
			</trkpt>
			<trkpt lat="46.162693" lon="-121.49205">
				<ele>2281.033936</ele>
				<time>2026-07-08T21:05:46Z</time>
			</trkpt>
			<trkpt lat="46.162819" lon="-121.491966">
				<ele>2288.529785</ele>
				<time>2026-07-08T21:06:59Z</time>
			</trkpt>
			<trkpt lat="46.162857" lon="-121.49192">
				<ele>2289.217285</ele>
				<time>2026-07-08T21:07:09Z</time>
			</trkpt>
			<trkpt lat="46.16291" lon="-121.491913">
				<ele>2289.987061</ele>
				<time>2026-07-08T21:07:22Z</time>
			</trkpt>
			<trkpt lat="46.162968" lon="-121.491875">
				<ele>2290.456055</ele>
				<time>2026-07-08T21:07:38Z</time>
			</trkpt>
			<trkpt lat="46.163017" lon="-121.491821">
				<ele>2291.385742</ele>
				<time>2026-07-08T21:07:50Z</time>
			</trkpt>
			<trkpt lat="46.163078" lon="-121.491814">
				<ele>2292.243164</ele>
				<time>2026-07-08T21:08:00Z</time>
			</trkpt>
			<trkpt lat="46.16312" lon="-121.49176">
				<ele>2292.300781</ele>
				<time>2026-07-08T21:08:10Z</time>
			</trkpt>
			<trkpt lat="46.163231" lon="-121.491676">
				<ele>2296.31958</ele>
				<time>2026-07-08T21:08:41Z</time>
			</trkpt>
			<trkpt lat="46.163288" lon="-121.491684">
				<ele>2297.288086</ele>
				<time>2026-07-08T21:10:01Z</time>
			</trkpt>
			<trkpt lat="46.163395" lon="-121.491669">
				<ele>2300.400391</ele>
				<time>2026-07-08T21:10:20Z</time>
			</trkpt>
			<trkpt lat="46.163437" lon="-121.491623">
				<ele>2301.391602</ele>
				<time>2026-07-08T21:10:29Z</time>
			</trkpt>
			<trkpt lat="46.163498" lon="-121.491631">
				<ele>2302.839844</ele>
				<time>2026-07-08T21:10:42Z</time>
			</trkpt>
			<trkpt lat="46.163635" lon="-121.491554">
				<ele>2305.031006</ele>
				<time>2026-07-08T21:11:14Z</time>
			</trkpt>
			<trkpt lat="46.163692" lon="-121.491577">
				<ele>2305.845703</ele>
				<time>2026-07-08T21:16:54Z</time>
			</trkpt>
			<trkpt lat="46.163803" lon="-121.491486">
				<ele>2307.602051</ele>
				<time>2026-07-08T21:17:17Z</time>
			</trkpt>
			<trkpt lat="46.163864" lon="-121.491501">
				<ele>2310.239258</ele>
				<time>2026-07-08T21:17:33Z</time>
			</trkpt>
			<trkpt lat="46.163933" lon="-121.491516">
				<ele>2310.881836</ele>
				<time>2026-07-08T21:17:48Z</time>
			</trkpt>
			<trkpt lat="46.163979" lon="-121.491455">
				<ele>2311.971436</ele>
				<time>2026-07-08T21:18:01Z</time>
			</trkpt>
			<trkpt lat="46.164051" lon="-121.491493">
				<ele>2314.128418</ele>
				<time>2026-07-08T21:18:21Z</time>
			</trkpt>
			<trkpt lat="46.164158" lon="-121.491486">
				<ele>2316.582031</ele>
				<time>2026-07-08T21:19:00Z</time>
			</trkpt>
			<trkpt lat="46.164238" lon="-121.491501">
				<ele>2321.867432</ele>
				<time>2026-07-08T21:19:26Z</time>
			</trkpt>
			<trkpt lat="46.164326" lon="-121.49147">
				<ele>2324.645752</ele>
				<time>2026-07-08T21:20:10Z</time>
			</trkpt>
			<trkpt lat="46.164413" lon="-121.491493">
				<ele>2329.213867</ele>
				<time>2026-07-08T21:20:48Z</time>
			</trkpt>
			<trkpt lat="46.164516" lon="-121.491417">
				<ele>2330.230469</ele>
				<time>2026-07-08T21:21:28Z</time>
			</trkpt>
			<trkpt lat="46.164608" lon="-121.491432">
				<ele>2335.175537</ele>
				<time>2026-07-08T21:21:57Z</time>
			</trkpt>
			<trkpt lat="46.164639" lon="-121.491531">
				<ele>2338.054443</ele>
				<time>2026-07-08T21:22:11Z</time>
			</trkpt>
			<trkpt lat="46.164692" lon="-121.491608">
				<ele>2338.32666</ele>
				<time>2026-07-08T21:22:25Z</time>
			</trkpt>
			<trkpt lat="46.16481" lon="-121.491592">
				<ele>2347.176514</ele>
				<time>2026-07-08T21:23:31Z</time>
			</trkpt>
			<trkpt lat="46.16489" lon="-121.491646">
				<ele>2348.656006</ele>
				<time>2026-07-08T21:24:05Z</time>
			</trkpt>
			<trkpt lat="46.164932" lon="-121.491562">
				<ele>2352.521973</ele>
				<time>2026-07-08T21:24:38Z</time>
			</trkpt>
			<trkpt lat="46.165009" lon="-121.491531">
				<ele>2356.619141</ele>
				<time>2026-07-08T21:25:23Z</time>
			</trkpt>
			<trkpt lat="46.165081" lon="-121.491554">
				<ele>2357.918701</ele>
				<time>2026-07-08T21:25:48Z</time>
			</trkpt>
			<trkpt lat="46.165146" lon="-121.49147">
				<ele>2362.631592</ele>
				<time>2026-07-08T21:26:22Z</time>
			</trkpt>
			<trkpt lat="46.165237" lon="-121.491501">
				<ele>2368.780518</ele>
				<time>2026-07-08T21:27:19Z</time>
			</trkpt>
			<trkpt lat="46.165314" lon="-121.491478">
				<ele>2370.696045</ele>
				<time>2026-07-08T21:27:47Z</time>
			</trkpt>
			<trkpt lat="46.165329" lon="-121.491615">
				<ele>2371.984131</ele>
				<time>2026-07-08T21:28:37Z</time>
			</trkpt>
			<trkpt lat="46.165283" lon="-121.491722">
				<ele>2370.92334</ele>
				<time>2026-07-08T21:28:48Z</time>
			</trkpt>
			<trkpt lat="46.165333" lon="-121.491791">
				<ele>2372.66333</ele>
				<time>2026-07-08T21:29:37Z</time>
			</trkpt>
			<trkpt lat="46.165401" lon="-121.491791">
				<ele>2378.344238</ele>
				<time>2026-07-08T21:30:13Z</time>
			</trkpt>
			<trkpt lat="46.165466" lon="-121.491837">
				<ele>2378.212402</ele>
				<time>2026-07-08T21:31:38Z</time>
			</trkpt>
			<trkpt lat="46.165535" lon="-121.491852">
				<ele>2381.275879</ele>
				<time>2026-07-08T21:31:58Z</time>
			</trkpt>
			<trkpt lat="46.165569" lon="-121.491768">
				<ele>2383.90918</ele>
				<time>2026-07-08T21:32:16Z</time>
			</trkpt>
			<trkpt lat="46.165817" lon="-121.491844">
				<ele>2392.409424</ele>
				<time>2026-07-08T21:33:37Z</time>
			</trkpt>
			<trkpt lat="46.165886" lon="-121.49176">
				<ele>2396.941895</ele>
				<time>2026-07-08T21:34:21Z</time>
			</trkpt>
			<trkpt lat="46.165951" lon="-121.491791">
				<ele>2399.825684</ele>
				<time>2026-07-08T21:34:51Z</time>
			</trkpt>
			<trkpt lat="46.165985" lon="-121.491882">
				<ele>2400.407227</ele>
				<time>2026-07-08T21:35:07Z</time>
			</trkpt>
			<trkpt lat="46.166046" lon="-121.491913">
				<ele>2400.259521</ele>
				<time>2026-07-08T21:35:35Z</time>
			</trkpt>
			<trkpt lat="46.166214" lon="-121.491791">
				<ele>2409.726563</ele>
				<time>2026-07-08T21:36:47Z</time>
			</trkpt>
			<trkpt lat="46.166286" lon="-121.491737">
				<ele>2410.968018</ele>
				<time>2026-07-08T21:37:14Z</time>
			</trkpt>
			<trkpt lat="46.166344" lon="-121.491684">
				<ele>2414.959473</ele>
				<time>2026-07-08T21:38:13Z</time>
			</trkpt>
			<trkpt lat="46.166412" lon="-121.491707">
				<ele>2416.421143</ele>
				<time>2026-07-08T21:38:35Z</time>
			</trkpt>
			<trkpt lat="46.166477" lon="-121.491631">
				<ele>2420.536621</ele>
				<time>2026-07-08T21:39:08Z</time>
			</trkpt>
			<trkpt lat="46.166512" lon="-121.491531">
				<ele>2422.311523</ele>
				<time>2026-07-08T21:39:30Z</time>
			</trkpt>
			<trkpt lat="46.16658" lon="-121.491478">
				<ele>2424.404053</ele>
				<time>2026-07-08T21:40:22Z</time>
			</trkpt>
			<trkpt lat="46.166637" lon="-121.491394">
				<ele>2429.852783</ele>
				<time>2026-07-08T21:40:52Z</time>
			</trkpt>
			<trkpt lat="46.166725" lon="-121.491447">
				<ele>2434.182373</ele>
				<time>2026-07-08T21:41:25Z</time>
			</trkpt>
			<trkpt lat="46.166813" lon="-121.49147">
				<ele>2440.015625</ele>
				<time>2026-07-08T21:42:22Z</time>
			</trkpt>
			<trkpt lat="46.166916" lon="-121.491486">
				<ele>2444.113525</ele>
				<time>2026-07-08T21:43:11Z</time>
			</trkpt>
			<trkpt lat="46.16695" lon="-121.491447">
				<ele>2450.777588</ele>
				<time>2026-07-08T21:45:47Z</time>
			</trkpt>
			<trkpt lat="46.166992" lon="-121.491417">
				<ele>2451.205322</ele>
				<time>2026-07-08T21:58:46Z</time>
			</trkpt>
			<trkpt lat="46.167084" lon="-121.491371">
				<ele>2455.331299</ele>
				<time>2026-07-08T21:59:06Z</time>
			</trkpt>
			<trkpt lat="46.167133" lon="-121.491356">
				<ele>2455.649658</ele>
				<time>2026-07-08T21:59:14Z</time>
			</trkpt>
			<trkpt lat="46.167297" lon="-121.491241">
				<ele>2459.67041</ele>
				<time>2026-07-08T22:00:12Z</time>
			</trkpt>
			<trkpt lat="46.167324" lon="-121.491173">
				<ele>2461.842285</ele>
				<time>2026-07-08T22:00:31Z</time>
			</trkpt>
			<trkpt lat="46.167419" lon="-121.491127">
				<ele>2465.029053</ele>
				<time>2026-07-08T22:01:15Z</time>
			</trkpt>
			<trkpt lat="46.167465" lon="-121.491096">
				<ele>2465.415039</ele>
				<time>2026-07-08T22:01:25Z</time>
			</trkpt>
			<trkpt lat="46.167522" lon="-121.491081">
				<ele>2467.264893</ele>
				<time>2026-07-08T22:01:40Z</time>
			</trkpt>
			<trkpt lat="46.167576" lon="-121.491074">
				<ele>2467.792236</ele>
				<time>2026-07-08T22:01:53Z</time>
			</trkpt>
			<trkpt lat="46.167629" lon="-121.491066">
				<ele>2470.223389</ele>
				<time>2026-07-08T22:02:08Z</time>
			</trkpt>
			<trkpt lat="46.16766" lon="-121.491013">
				<ele>2469.19751</ele>
				<time>2026-07-08T22:02:58Z</time>
			</trkpt>
			<trkpt lat="46.167793" lon="-121.490952">
				<ele>2476.591797</ele>
				<time>2026-07-08T22:04:11Z</time>
			</trkpt>
			<trkpt lat="46.167919" lon="-121.490936">
				<ele>2481.44043</ele>
				<time>2026-07-08T22:05:15Z</time>
			</trkpt>
			<trkpt lat="46.167973" lon="-121.490936">
				<ele>2481.654053</ele>
				<time>2026-07-08T22:05:38Z</time>
			</trkpt>
			<trkpt lat="46.168022" lon="-121.490974">
				<ele>2485.294434</ele>
				<time>2026-07-08T22:06:22Z</time>
			</trkpt>
			<trkpt lat="46.168026" lon="-121.490906">
				<ele>2484.43335</ele>
				<time>2026-07-08T22:06:28Z</time>
			</trkpt>
			<trkpt lat="46.168041" lon="-121.490753">
				<ele>2484.849365</ele>
				<time>2026-07-08T22:06:44Z</time>
			</trkpt>
			<trkpt lat="46.168022" lon="-121.490692">
				<ele>2484.710693</ele>
				<time>2026-07-08T22:06:50Z</time>
			</trkpt>
			<trkpt lat="46.168018" lon="-121.490623">
				<ele>2483.705322</ele>
				<time>2026-07-08T22:06:57Z</time>
			</trkpt>
			<trkpt lat="46.167953" lon="-121.49054">
				<ele>2484.717285</ele>
				<time>2026-07-08T22:14:42Z</time>
			</trkpt>
			<trkpt lat="46.167999" lon="-121.490562">
				<ele>2484.725098</ele>
				<time>2026-07-08T22:15:07Z</time>
			</trkpt>
			<trkpt lat="46.168003" lon="-121.490501">
				<ele>2485.449219</ele>
				<time>2026-07-08T22:15:29Z</time>
			</trkpt>
			<trkpt lat="46.167992" lon="-121.490433">
				<ele>2485.745361</ele>
				<time>2026-07-08T22:15:50Z</time>
			</trkpt>
			<trkpt lat="46.168037" lon="-121.490448">
				<ele>2490.871582</ele>
				<time>2026-07-08T22:16:55Z</time>
			</trkpt>
			<trkpt lat="46.168007" lon="-121.49057">
				<ele>2485.895508</ele>
				<time>2026-07-08T22:17:15Z</time>
			</trkpt>
			<trkpt lat="46.168053" lon="-121.490547">
				<ele>2485.318359</ele>
				<time>2026-07-08T22:19:41Z</time>
			</trkpt>
			<trkpt lat="46.168068" lon="-121.490471">
				<ele>2490.645752</ele>
				<time>2026-07-08T22:20:19Z</time>
			</trkpt>
			<trkpt lat="46.168095" lon="-121.490509">
				<ele>2488.199219</ele>
				<time>2026-07-08T22:23:12Z</time>
			</trkpt>
			<trkpt lat="46.16806" lon="-121.49054">
				<ele>2487.791016</ele>
				<time>2026-07-08T22:23:17Z</time>
			</trkpt>
			<trkpt lat="46.168041" lon="-121.490593">
				<ele>2487.539551</ele>
				<time>2026-07-08T22:23:21Z</time>
			</trkpt>
			<trkpt lat="46.168076" lon="-121.490555">
				<ele>2488.316895</ele>
				<time>2026-07-08T22:24:10Z</time>
			</trkpt>
			<trkpt lat="46.168121" lon="-121.49054">
				<ele>2488.336182</ele>
				<time>2026-07-08T22:24:21Z</time>
			</trkpt>
			<trkpt lat="46.168159" lon="-121.490517">
				<ele>2491.04834</ele>
				<time>2026-07-08T22:24:31Z</time>
			</trkpt>
			<trkpt lat="46.168201" lon="-121.490509">
				<ele>2491.540039</ele>
				<time>2026-07-08T22:24:42Z</time>
			</trkpt>
			<trkpt lat="46.168247" lon="-121.490494">
				<ele>2491.685547</ele>
				<time>2026-07-08T22:24:54Z</time>
			</trkpt>
			<trkpt lat="46.168289" lon="-121.490471">
				<ele>2494.787354</ele>
				<time>2026-07-08T22:25:09Z</time>
			</trkpt>
			<trkpt lat="46.168331" lon="-121.490448">
				<ele>2495.535889</ele>
				<time>2026-07-08T22:25:26Z</time>
			</trkpt>
			<trkpt lat="46.168407" lon="-121.490387">
				<ele>2500.905762</ele>
				<time>2026-07-08T22:26:01Z</time>
			</trkpt>
			<trkpt lat="46.168537" lon="-121.490326">
				<ele>2506.351807</ele>
				<time>2026-07-08T22:26:48Z</time>
			</trkpt>
			<trkpt lat="46.168617" lon="-121.490257">
				<ele>2508.291992</ele>
				<time>2026-07-08T22:27:18Z</time>
			</trkpt>
			<trkpt lat="46.168655" lon="-121.490219">
				<ele>2511.534912</ele>
				<time>2026-07-08T22:27:35Z</time>
			</trkpt>
			<trkpt lat="46.168739" lon="-121.490166">
				<ele>2514.077881</ele>
				<time>2026-07-08T22:28:06Z</time>
			</trkpt>
			<trkpt lat="46.168777" lon="-121.490128">
				<ele>2516.597412</ele>
				<time>2026-07-08T22:28:22Z</time>
			</trkpt>
			<trkpt lat="46.168861" lon="-121.490082">
				<ele>2519.287354</ele>
				<time>2026-07-08T22:28:54Z</time>
			</trkpt>
			<trkpt lat="46.168919" lon="-121.490044">
				<ele>2520.510498</ele>
				<time>2026-07-08T22:29:25Z</time>
			</trkpt>
			<trkpt lat="46.169132" lon="-121.489922">
				<ele>2531.748047</ele>
				<time>2026-07-08T22:32:06Z</time>
			</trkpt>
			<trkpt lat="46.16922" lon="-121.489883">
				<ele>2534.440918</ele>
				<time>2026-07-08T22:32:59Z</time>
			</trkpt>
			<trkpt lat="46.169258" lon="-121.489853">
				<ele>2534.943848</ele>
				<time>2026-07-08T22:33:14Z</time>
			</trkpt>
			<trkpt lat="46.169296" lon="-121.489815">
				<ele>2537.460205</ele>
				<time>2026-07-08T22:33:31Z</time>
			</trkpt>
			<trkpt lat="46.169403" lon="-121.489685">
				<ele>2542.361084</ele>
				<time>2026-07-08T22:34:46Z</time>
			</trkpt>
			<trkpt lat="46.169483" lon="-121.489616">
				<ele>2544.568115</ele>
				<time>2026-07-08T22:35:18Z</time>
			</trkpt>
			<trkpt lat="46.169533" lon="-121.489624">
				<ele>2545.057373</ele>
				<time>2026-07-08T22:37:54Z</time>
			</trkpt>
			<trkpt lat="46.169575" lon="-121.489594">
				<ele>2547.113525</ele>
				<time>2026-07-08T22:38:13Z</time>
			</trkpt>
			<trkpt lat="46.169724" lon="-121.489563">
				<ele>2551.928467</ele>
				<time>2026-07-08T22:39:26Z</time>
			</trkpt>
			<trkpt lat="46.169773" lon="-121.489548">
				<ele>2551.666016</ele>
				<time>2026-07-08T22:39:38Z</time>
			</trkpt>
			<trkpt lat="46.169876" lon="-121.489555">
				<ele>2553.256592</ele>
				<time>2026-07-08T22:42:30Z</time>
			</trkpt>
			<trkpt lat="46.169922" lon="-121.489517">
				<ele>2555.161865</ele>
				<time>2026-07-08T22:42:44Z</time>
			</trkpt>
			<trkpt lat="46.169968" lon="-121.489487">
				<ele>2556.138916</ele>
				<time>2026-07-08T22:43:06Z</time>
			</trkpt>
			<trkpt lat="46.170013" lon="-121.489487">
				<ele>2556.548096</ele>
				<time>2026-07-08T22:43:28Z</time>
			</trkpt>
			<trkpt lat="46.17012" lon="-121.489464">
				<ele>2555.483643</ele>
				<time>2026-07-08T22:43:59Z</time>
			</trkpt>
			<trkpt lat="46.170223" lon="-121.489426">
				<ele>2559.649414</ele>
				<time>2026-07-08T22:44:27Z</time>
			</trkpt>
			<trkpt lat="46.170273" lon="-121.48941">
				<ele>2559.730713</ele>
				<time>2026-07-08T22:44:38Z</time>
			</trkpt>
			<trkpt lat="46.170315" lon="-121.489365">
				<ele>2564.263916</ele>
				<time>2026-07-08T22:44:49Z</time>
			</trkpt>
			<trkpt lat="46.170368" lon="-121.489342">
				<ele>2564.733398</ele>
				<time>2026-07-08T22:45:00Z</time>
			</trkpt>
			<trkpt lat="46.170422" lon="-121.489319">
				<ele>2567.383057</ele>
				<time>2026-07-08T22:45:13Z</time>
			</trkpt>
			<trkpt lat="46.170483" lon="-121.489296">
				<ele>2568.3125</ele>
				<time>2026-07-08T22:45:28Z</time>
			</trkpt>
			<trkpt lat="46.170723" lon="-121.489151">
				<ele>2577.806152</ele>
				<time>2026-07-08T22:46:36Z</time>
			</trkpt>
			<trkpt lat="46.170773" lon="-121.489113">
				<ele>2578.19458</ele>
				<time>2026-07-08T22:46:51Z</time>
			</trkpt>
			<trkpt lat="46.170822" lon="-121.489082">
				<ele>2580.415039</ele>
				<time>2026-07-08T22:47:05Z</time>
			</trkpt>
			<trkpt lat="46.170872" lon="-121.489044">
				<ele>2579.954346</ele>
				<time>2026-07-08T22:47:17Z</time>
			</trkpt>
			<trkpt lat="46.170918" lon="-121.489014">
				<ele>2583.014404</ele>
				<time>2026-07-08T22:47:31Z</time>
			</trkpt>
			<trkpt lat="46.170975" lon="-121.488998">
				<ele>2583.477539</ele>
				<time>2026-07-08T22:47:45Z</time>
			</trkpt>
			<trkpt lat="46.171085" lon="-121.488945">
				<ele>2587.036865</ele>
				<time>2026-07-08T22:48:13Z</time>
			</trkpt>
			<trkpt lat="46.171234" lon="-121.488815">
				<ele>2591.755615</ele>
				<time>2026-07-08T22:49:01Z</time>
			</trkpt>
			<trkpt lat="46.171383" lon="-121.488739">
				<ele>2597.598633</ele>
				<time>2026-07-08T22:49:46Z</time>
			</trkpt>
			<trkpt lat="46.171429" lon="-121.488701">
				<ele>2597.774658</ele>
				<time>2026-07-08T22:50:02Z</time>
			</trkpt>
			<trkpt lat="46.171528" lon="-121.48864">
				<ele>2599.509033</ele>
				<time>2026-07-08T22:50:29Z</time>
			</trkpt>
			<trkpt lat="46.171589" lon="-121.48864">
				<ele>2603.284668</ele>
				<time>2026-07-08T22:50:47Z</time>
			</trkpt>
			<trkpt lat="46.171684" lon="-121.488556">
				<ele>2608.295654</ele>
				<time>2026-07-08T22:51:23Z</time>
			</trkpt>
			<trkpt lat="46.171799" lon="-121.488525">
				<ele>2612.743164</ele>
				<time>2026-07-08T22:52:02Z</time>
			</trkpt>
			<trkpt lat="46.171848" lon="-121.488525">
				<ele>2615.545898</ele>
				<time>2026-07-08T22:52:20Z</time>
			</trkpt>
			<trkpt lat="46.171955" lon="-121.488487">
				<ele>2617.809814</ele>
				<time>2026-07-08T22:52:55Z</time>
			</trkpt>
			<trkpt lat="46.17205" lon="-121.488441">
				<ele>2623.914063</ele>
				<time>2026-07-08T22:53:27Z</time>
			</trkpt>
			<trkpt lat="46.172153" lon="-121.488403">
				<ele>2625.924561</ele>
				<time>2026-07-08T22:53:56Z</time>
			</trkpt>
			<trkpt lat="46.172207" lon="-121.488388">
				<ele>2626.204834</ele>
				<time>2026-07-08T22:54:15Z</time>
			</trkpt>
			<trkpt lat="46.17231" lon="-121.488342">
				<ele>2632.154541</ele>
				<time>2026-07-08T22:54:46Z</time>
			</trkpt>
			<trkpt lat="46.172371" lon="-121.488319">
				<ele>2633.694092</ele>
				<time>2026-07-08T22:55:05Z</time>
			</trkpt>
			<trkpt lat="46.172421" lon="-121.488289">
				<ele>2637.480713</ele>
				<time>2026-07-08T22:55:23Z</time>
			</trkpt>
			<trkpt lat="46.172478" lon="-121.488274">
				<ele>2637.934082</ele>
				<time>2026-07-08T22:55:39Z</time>
			</trkpt>
			<trkpt lat="46.172535" lon="-121.488243">
				<ele>2639.397705</ele>
				<time>2026-07-08T22:55:58Z</time>
			</trkpt>
			<trkpt lat="46.172588" lon="-121.488243">
				<ele>2638.622803</ele>
				<time>2026-07-08T22:56:21Z</time>
			</trkpt>
			<trkpt lat="46.172691" lon="-121.488167">
				<ele>2642.715332</ele>
				<time>2026-07-08T22:56:52Z</time>
			</trkpt>
			<trkpt lat="46.172852" lon="-121.488083">
				<ele>2651.100586</ele>
				<time>2026-07-08T22:57:45Z</time>
			</trkpt>
			<trkpt lat="46.172909" lon="-121.488052">
				<ele>2650.502441</ele>
				<time>2026-07-08T22:57:59Z</time>
			</trkpt>
			<trkpt lat="46.172974" lon="-121.488045">
				<ele>2651.833252</ele>
				<time>2026-07-08T23:09:07Z</time>
			</trkpt>
			<trkpt lat="46.173096" lon="-121.487991">
				<ele>2655.992676</ele>
				<time>2026-07-08T23:10:02Z</time>
			</trkpt>
			<trkpt lat="46.173187" lon="-121.487953">
				<ele>2657.660156</ele>
				<time>2026-07-08T23:10:45Z</time>
			</trkpt>
			<trkpt lat="46.173271" lon="-121.487892">
				<ele>2662.393799</ele>
				<time>2026-07-08T23:11:21Z</time>
			</trkpt>
			<trkpt lat="46.173492" lon="-121.487801">
				<ele>2668.803711</ele>
				<time>2026-07-08T23:13:01Z</time>
			</trkpt>
			<trkpt lat="46.173836" lon="-121.487595">
				<ele>2682.874512</ele>
				<time>2026-07-08T23:16:42Z</time>
			</trkpt>
			<trkpt lat="46.173996" lon="-121.487518">
				<ele>2686.791748</ele>
				<time>2026-07-08T23:19:48Z</time>
			</trkpt>
			<trkpt lat="46.174053" lon="-121.487473">
				<ele>2689.883789</ele>
				<time>2026-07-08T23:20:26Z</time>
			</trkpt>
			<trkpt lat="46.17411" lon="-121.487427">
				<ele>2691.789551</ele>
				<time>2026-07-08T23:20:48Z</time>
			</trkpt>
			<trkpt lat="46.174278" lon="-121.487267">
				<ele>2694.444336</ele>
				<time>2026-07-08T23:21:54Z</time>
			</trkpt>
			<trkpt lat="46.174343" lon="-121.487228">
				<ele>2696.304932</ele>
				<time>2026-07-08T23:22:18Z</time>
			</trkpt>
			<trkpt lat="46.1744" lon="-121.487206">
				<ele>2698.767578</ele>
				<time>2026-07-08T23:27:24Z</time>
			</trkpt>
			<trkpt lat="46.174507" lon="-121.487106">
				<ele>2701.036133</ele>
				<time>2026-07-08T23:28:08Z</time>
			</trkpt>
			<trkpt lat="46.174561" lon="-121.487076">
				<ele>2703.541016</ele>
				<time>2026-07-08T23:28:33Z</time>
			</trkpt>
			<trkpt lat="46.174625" lon="-121.487045">
				<ele>2704.672119</ele>
				<time>2026-07-08T23:28:58Z</time>
			</trkpt>
			<trkpt lat="46.174736" lon="-121.486946">
				<ele>2709.624268</ele>
				<time>2026-07-08T23:29:50Z</time>
			</trkpt>
			<trkpt lat="46.17485" lon="-121.486885">
				<ele>2712.130859</ele>
				<time>2026-07-08T23:30:35Z</time>
			</trkpt>
			<trkpt lat="46.174915" lon="-121.486847">
				<ele>2714.835449</ele>
				<time>2026-07-08T23:31:08Z</time>
			</trkpt>
			<trkpt lat="46.174973" lon="-121.486832">
				<ele>2714.335449</ele>
				<time>2026-07-08T23:31:34Z</time>
			</trkpt>
			<trkpt lat="46.175022" lon="-121.486794">
				<ele>2715.355469</ele>
				<time>2026-07-08T23:31:55Z</time>
			</trkpt>
			<trkpt lat="46.17511" lon="-121.486717">
				<ele>2719.839355</ele>
				<time>2026-07-08T23:32:34Z</time>
			</trkpt>
			<trkpt lat="46.175274" lon="-121.486595">
				<ele>2725.729736</ele>
				<time>2026-07-08T23:33:46Z</time>
			</trkpt>
			<trkpt lat="46.175323" lon="-121.486565">
				<ele>2725.700439</ele>
				<time>2026-07-08T23:34:02Z</time>
			</trkpt>
			<trkpt lat="46.175388" lon="-121.486542">
				<ele>2724.582031</ele>
				<time>2026-07-08T23:34:19Z</time>
			</trkpt>
			<trkpt lat="46.175514" lon="-121.486404">
				<ele>2730.000732</ele>
				<time>2026-07-08T23:35:24Z</time>
			</trkpt>
			<trkpt lat="46.175552" lon="-121.486351">
				<ele>2730.061279</ele>
				<time>2026-07-08T23:35:39Z</time>
			</trkpt>
			<trkpt lat="46.175621" lon="-121.486298">
				<ele>2733.143066</ele>
				<time>2026-07-08T23:36:08Z</time>
			</trkpt>
			<trkpt lat="46.175671" lon="-121.486252">
				<ele>2733.254639</ele>
				<time>2026-07-08T23:36:29Z</time>
			</trkpt>
			<trkpt lat="46.175705" lon="-121.486198">
				<ele>2735.804688</ele>
				<time>2026-07-08T23:36:44Z</time>
			</trkpt>
			<trkpt lat="46.175777" lon="-121.486107">
				<ele>2737.615479</ele>
				<time>2026-07-08T23:37:13Z</time>
			</trkpt>
			<trkpt lat="46.175816" lon="-121.486076">
				<ele>2739.531982</ele>
				<time>2026-07-08T23:37:48Z</time>
			</trkpt>
			<trkpt lat="46.17585" lon="-121.486031">
				<ele>2740.533936</ele>
				<time>2026-07-08T23:38:03Z</time>
			</trkpt>
			<trkpt lat="46.175892" lon="-121.485985">
				<ele>2741.059814</ele>
				<time>2026-07-08T23:38:18Z</time>
			</trkpt>
			<trkpt lat="46.17593" lon="-121.485939">
				<ele>2742.05249</ele>
				<time>2026-07-08T23:38:33Z</time>
			</trkpt>
			<trkpt lat="46.175972" lon="-121.485893">
				<ele>2744.121094</ele>
				<time>2026-07-08T23:38:49Z</time>
			</trkpt>
			<trkpt lat="46.176079" lon="-121.485741">
				<ele>2748.377441</ele>
				<time>2026-07-08T23:39:37Z</time>
			</trkpt>
			<trkpt lat="46.176121" lon="-121.485771">
				<ele>2749.190186</ele>
				<time>2026-07-08T23:39:51Z</time>
			</trkpt>
			<trkpt lat="46.17617" lon="-121.485764">
				<ele>2749.48999</ele>
				<time>2026-07-08T23:40:19Z</time>
			</trkpt>
			<trkpt lat="46.17622" lon="-121.485741">
				<ele>2750.498779</ele>
				<time>2026-07-08T23:40:33Z</time>
			</trkpt>
			<trkpt lat="46.176273" lon="-121.485733">
				<ele>2752.441162</ele>
				<time>2026-07-08T23:40:49Z</time>
			</trkpt>
			<trkpt lat="46.176327" lon="-121.485733">
				<ele>2752.69458</ele>
				<time>2026-07-08T23:41:11Z</time>
			</trkpt>
			<trkpt lat="46.176365" lon="-121.485695">
				<ele>2755.260254</ele>
				<time>2026-07-08T23:41:26Z</time>
			</trkpt>
			<trkpt lat="46.176414" lon="-121.485664">
				<ele>2755.53125</ele>
				<time>2026-07-08T23:41:38Z</time>
			</trkpt>
			<trkpt lat="46.176464" lon="-121.485649">
				<ele>2757.349365</ele>
				<time>2026-07-08T23:41:54Z</time>
			</trkpt>
			<trkpt lat="46.176514" lon="-121.485634">
				<ele>2757.832031</ele>
				<time>2026-07-08T23:42:08Z</time>
			</trkpt>
			<trkpt lat="46.176666" lon="-121.485565">
				<ele>2763.128906</ele>
				<time>2026-07-08T23:42:58Z</time>
			</trkpt>
			<trkpt lat="46.176758" lon="-121.485474">
				<ele>2764.495117</ele>
				<time>2026-07-08T23:43:29Z</time>
			</trkpt>
			<trkpt lat="46.176807" lon="-121.485443">
				<ele>2765.605469</ele>
				<time>2026-07-08T23:43:55Z</time>
			</trkpt>
			<trkpt lat="46.176857" lon="-121.485458">
				<ele>2767.249512</ele>
				<time>2026-07-08T23:44:16Z</time>
			</trkpt>
			<trkpt lat="46.176907" lon="-121.48542">
				<ele>2768.79248</ele>
				<time>2026-07-08T23:44:38Z</time>
			</trkpt>
			<trkpt lat="46.176975" lon="-121.485413">
				<ele>2771.463379</ele>
				<time>2026-07-08T23:45:08Z</time>
			</trkpt>
			<trkpt lat="46.17704" lon="-121.485367">
				<ele>2775.046143</ele>
				<time>2026-07-08T23:45:35Z</time>
			</trkpt>
			<trkpt lat="46.177086" lon="-121.48542">
				<ele>2777.004395</ele>
				<time>2026-07-08T23:45:50Z</time>
			</trkpt>
			<trkpt lat="46.177109" lon="-121.485504">
				<ele>2779.174072</ele>
				<time>2026-07-08T23:46:03Z</time>
			</trkpt>
			<trkpt lat="46.177166" lon="-121.485535">
				<ele>2780.455078</ele>
				<time>2026-07-08T23:46:25Z</time>
			</trkpt>
			<trkpt lat="46.177246" lon="-121.48542">
				<ele>2783.314453</ele>
				<time>2026-07-08T23:47:41Z</time>
			</trkpt>
			<trkpt lat="46.177277" lon="-121.485359">
				<ele>2785.608398</ele>
				<time>2026-07-08T23:47:51Z</time>
			</trkpt>
			<trkpt lat="46.177345" lon="-121.485252">
				<ele>2787.284912</ele>
				<time>2026-07-08T23:48:16Z</time>
			</trkpt>
			<trkpt lat="46.17733" lon="-121.485184">
				<ele>2788.238525</ele>
				<time>2026-07-08T23:48:26Z</time>
			</trkpt>
			<trkpt lat="46.177288" lon="-121.485207">
				<ele>2786.593018</ele>
				<time>2026-07-08T23:48:38Z</time>
			</trkpt>
			<trkpt lat="46.177315" lon="-121.485268">
				<ele>2787.212158</ele>
				<time>2026-07-08T23:49:11Z</time>
			</trkpt>
			<trkpt lat="46.177319" lon="-121.485229">
				<ele>2792.532715</ele>
				<time>2026-07-09T11:59:07Z</time>
			</trkpt>
			<trkpt lat="46.177292" lon="-121.485222">
				<ele>2788.744629</ele>
				<time>2026-07-09T11:59:36Z</time>
			</trkpt>
			<trkpt lat="46.177303" lon="-121.485191">
				<ele>2789.358887</ele>
				<time>2026-07-09T11:59:47Z</time>
			</trkpt>
			<trkpt lat="46.177353" lon="-121.485176">
				<ele>2791.745117</ele>
				<time>2026-07-09T11:59:58Z</time>
			</trkpt>
			<trkpt lat="46.177376" lon="-121.485153">
				<ele>2791.861572</ele>
				<time>2026-07-09T12:00:06Z</time>
			</trkpt>
			<trkpt lat="46.177406" lon="-121.485123">
				<ele>2792.601807</ele>
				<time>2026-07-09T12:00:17Z</time>
			</trkpt>
			<trkpt lat="46.177437" lon="-121.485123">
				<ele>2792.563232</ele>
				<time>2026-07-09T12:00:23Z</time>
			</trkpt>
			<trkpt lat="46.177471" lon="-121.485069">
				<ele>2794.01001</ele>
				<time>2026-07-09T12:00:34Z</time>
			</trkpt>
			<trkpt lat="46.177517" lon="-121.4851">
				<ele>2792.468506</ele>
				<time>2026-07-09T12:00:53Z</time>
			</trkpt>
			<trkpt lat="46.177544" lon="-121.485092">
				<ele>2792.236328</ele>
				<time>2026-07-09T12:00:58Z</time>
			</trkpt>
			<trkpt lat="46.177574" lon="-121.4851">
				<ele>2792.226318</ele>
				<time>2026-07-09T12:01:03Z</time>
			</trkpt>
			<trkpt lat="46.177601" lon="-121.485092">
				<ele>2793.166748</ele>
				<time>2026-07-09T12:01:07Z</time>
			</trkpt>
			<trkpt lat="46.177643" lon="-121.485138">
				<ele>2791.942627</ele>
				<time>2026-07-09T12:01:16Z</time>
			</trkpt>
			<trkpt lat="46.177666" lon="-121.485153">
				<ele>2791.9375</ele>
				<time>2026-07-09T12:01:19Z</time>
			</trkpt>
			<trkpt lat="46.177723" lon="-121.485214">
				<ele>2793.37085</ele>
				<time>2026-07-09T12:01:31Z</time>
			</trkpt>
			<trkpt lat="46.177746" lon="-121.485229">
				<ele>2792.537598</ele>
				<time>2026-07-09T12:01:35Z</time>
			</trkpt>
			<trkpt lat="46.177765" lon="-121.485252">
				<ele>2793.091064</ele>
				<time>2026-07-09T12:01:38Z</time>
			</trkpt>
			<trkpt lat="46.177792" lon="-121.485268">
				<ele>2792.427246</ele>
				<time>2026-07-09T12:01:42Z</time>
			</trkpt>
			<trkpt lat="46.177818" lon="-121.485275">
				<ele>2793.371338</ele>
				<time>2026-07-09T12:01:47Z</time>
			</trkpt>
			<trkpt lat="46.177841" lon="-121.485306">
				<ele>2793.36084</ele>
				<time>2026-07-09T12:02:06Z</time>
			</trkpt>
			<trkpt lat="46.177864" lon="-121.485336">
				<ele>2794.2771</ele>
				<time>2026-07-09T12:02:10Z</time>
			</trkpt>
			<trkpt lat="46.177887" lon="-121.485359">
				<ele>2793.497314</ele>
				<time>2026-07-09T12:02:16Z</time>
			</trkpt>
			<trkpt lat="46.177944" lon="-121.485374">
				<ele>2793.778809</ele>
				<time>2026-07-09T12:02:29Z</time>
			</trkpt>
			<trkpt lat="46.178009" lon="-121.485428">
				<ele>2791.785156</ele>
				<time>2026-07-09T12:02:44Z</time>
			</trkpt>
			<trkpt lat="46.178032" lon="-121.485466">
				<ele>2792.151611</ele>
				<time>2026-07-09T12:02:48Z</time>
			</trkpt>
			<trkpt lat="46.178047" lon="-121.485497">
				<ele>2792.199463</ele>
				<time>2026-07-09T12:02:51Z</time>
			</trkpt>
			<trkpt lat="46.178074" lon="-121.485565">
				<ele>2793.435303</ele>
				<time>2026-07-09T12:02:59Z</time>
			</trkpt>
			<trkpt lat="46.178116" lon="-121.485619">
				<ele>2793.999756</ele>
				<time>2026-07-09T12:03:09Z</time>
			</trkpt>
			<trkpt lat="46.178143" lon="-121.485619">
				<ele>2795.702148</ele>
				<time>2026-07-09T12:03:18Z</time>
			</trkpt>
			<trkpt lat="46.178169" lon="-121.485611">
				<ele>2794.881592</ele>
				<time>2026-07-09T12:03:26Z</time>
			</trkpt>
			<trkpt lat="46.1782" lon="-121.485619">
				<ele>2795.874512</ele>
				<time>2026-07-09T12:03:34Z</time>
			</trkpt>
			<trkpt lat="46.178226" lon="-121.485626">
				<ele>2795.73999</ele>
				<time>2026-07-09T12:03:40Z</time>
			</trkpt>
			<trkpt lat="46.178261" lon="-121.485626">
				<ele>2797.57666</ele>
				<time>2026-07-09T12:03:49Z</time>
			</trkpt>
			<trkpt lat="46.178288" lon="-121.485657">
				<ele>2797.954102</ele>
				<time>2026-07-09T12:03:55Z</time>
			</trkpt>
			<trkpt lat="46.178322" lon="-121.485641">
				<ele>2799.868164</ele>
				<time>2026-07-09T12:04:14Z</time>
			</trkpt>
			<trkpt lat="46.178398" lon="-121.48558">
				<ele>2802.832764</ele>
				<time>2026-07-09T12:04:39Z</time>
			</trkpt>
			<trkpt lat="46.178421" lon="-121.485542">
				<ele>2803.477783</ele>
				<time>2026-07-09T12:04:46Z</time>
			</trkpt>
			<trkpt lat="46.178486" lon="-121.485497">
				<ele>2806.574707</ele>
				<time>2026-07-09T12:05:08Z</time>
			</trkpt>
			<trkpt lat="46.178524" lon="-121.485466">
				<ele>2806.890381</ele>
				<time>2026-07-09T12:05:19Z</time>
			</trkpt>
			<trkpt lat="46.178574" lon="-121.485405">
				<ele>2808.70166</ele>
				<time>2026-07-09T12:05:38Z</time>
			</trkpt>
			<trkpt lat="46.178635" lon="-121.485336">
				<ele>2812.300049</ele>
				<time>2026-07-09T12:06:01Z</time>
			</trkpt>
			<trkpt lat="46.178665" lon="-121.485291">
				<ele>2812.248291</ele>
				<time>2026-07-09T12:06:14Z</time>
			</trkpt>
			<trkpt lat="46.178707" lon="-121.485245">
				<ele>2814.337158</ele>
				<time>2026-07-09T12:06:28Z</time>
			</trkpt>
			<trkpt lat="46.178745" lon="-121.485214">
				<ele>2814.746582</ele>
				<time>2026-07-09T12:06:40Z</time>
			</trkpt>
			<trkpt lat="46.178783" lon="-121.485184">
				<ele>2817.145996</ele>
				<time>2026-07-09T12:06:53Z</time>
			</trkpt>
			<trkpt lat="46.17881" lon="-121.485153">
				<ele>2817.066406</ele>
				<time>2026-07-09T12:07:03Z</time>
			</trkpt>
			<trkpt lat="46.178841" lon="-121.48513">
				<ele>2818.547852</ele>
				<time>2026-07-09T12:07:13Z</time>
			</trkpt>
			<trkpt lat="46.178864" lon="-121.485092">
				<ele>2818.617188</ele>
				<time>2026-07-09T12:07:20Z</time>
			</trkpt>
			<trkpt lat="46.17902" lon="-121.484978">
				<ele>2824.707275</ele>
				<time>2026-07-09T12:08:07Z</time>
			</trkpt>
			<trkpt lat="46.179047" lon="-121.484955">
				<ele>2825.624512</ele>
				<time>2026-07-09T12:08:15Z</time>
			</trkpt>
			<trkpt lat="46.179081" lon="-121.484932">
				<ele>2825.7771</ele>
				<time>2026-07-09T12:08:25Z</time>
			</trkpt>
			<trkpt lat="46.179115" lon="-121.484886">
				<ele>2827.458008</ele>
				<time>2026-07-09T12:08:36Z</time>
			</trkpt>
			<trkpt lat="46.179142" lon="-121.484856">
				<ele>2827.004639</ele>
				<time>2026-07-09T12:08:47Z</time>
			</trkpt>
			<trkpt lat="46.179173" lon="-121.484825">
				<ele>2826.993896</ele>
				<time>2026-07-09T12:08:55Z</time>
			</trkpt>
			<trkpt lat="46.179203" lon="-121.48481">
				<ele>2829.80127</ele>
				<time>2026-07-09T12:09:07Z</time>
			</trkpt>
			<trkpt lat="46.179249" lon="-121.484795">
				<ele>2829.946045</ele>
				<time>2026-07-09T12:09:22Z</time>
			</trkpt>
			<trkpt lat="46.179306" lon="-121.484779">
				<ele>2830.829102</ele>
				<time>2026-07-09T12:09:37Z</time>
			</trkpt>
			<trkpt lat="46.179352" lon="-121.484772">
				<ele>2834.303711</ele>
				<time>2026-07-09T12:09:52Z</time>
			</trkpt>
			<trkpt lat="46.17939" lon="-121.484772">
				<ele>2835.037109</ele>
				<time>2026-07-09T12:10:04Z</time>
			</trkpt>
			<trkpt lat="46.179485" lon="-121.484795">
				<ele>2839.38208</ele>
				<time>2026-07-09T12:10:39Z</time>
			</trkpt>
			<trkpt lat="46.179543" lon="-121.484787">
				<ele>2839.86792</ele>
				<time>2026-07-09T12:11:10Z</time>
			</trkpt>
			<trkpt lat="46.179672" lon="-121.48484">
				<ele>2845.624023</ele>
				<time>2026-07-09T12:12:26Z</time>
			</trkpt>
			<trkpt lat="46.179821" lon="-121.484749">
				<ele>2849.109619</ele>
				<time>2026-07-09T12:13:17Z</time>
			</trkpt>
			<trkpt lat="46.179859" lon="-121.484703">
				<ele>2849.635254</ele>
				<time>2026-07-09T12:13:31Z</time>
			</trkpt>
			<trkpt lat="46.179901" lon="-121.484703">
				<ele>2847.750732</ele>
				<time>2026-07-09T12:14:10Z</time>
			</trkpt>
			<trkpt lat="46.179932" lon="-121.484665">
				<ele>2849.36499</ele>
				<time>2026-07-09T12:14:18Z</time>
			</trkpt>
			<trkpt lat="46.18" lon="-121.48465">
				<ele>2850.818848</ele>
				<time>2026-07-09T12:14:33Z</time>
			</trkpt>
			<trkpt lat="46.180115" lon="-121.484619">
				<ele>2855.171631</ele>
				<time>2026-07-09T12:15:03Z</time>
			</trkpt>
			<trkpt lat="46.180187" lon="-121.484612">
				<ele>2856.82666</ele>
				<time>2026-07-09T12:15:24Z</time>
			</trkpt>
			<trkpt lat="46.18026" lon="-121.484581">
				<ele>2861.290283</ele>
				<time>2026-07-09T12:15:48Z</time>
			</trkpt>
			<trkpt lat="46.180309" lon="-121.484573">
				<ele>2862.053467</ele>
				<time>2026-07-09T12:16:10Z</time>
			</trkpt>
			<trkpt lat="46.180382" lon="-121.484543">
				<ele>2865.848389</ele>
				<time>2026-07-09T12:16:35Z</time>
			</trkpt>
			<trkpt lat="46.18042" lon="-121.484535">
				<ele>2865.220947</ele>
				<time>2026-07-09T12:16:45Z</time>
			</trkpt>
			<trkpt lat="46.180447" lon="-121.484489">
				<ele>2868.056641</ele>
				<time>2026-07-09T12:17:04Z</time>
			</trkpt>
			<trkpt lat="46.180523" lon="-121.484451">
				<ele>2869.242432</ele>
				<time>2026-07-09T12:17:27Z</time>
			</trkpt>
			<trkpt lat="46.180553" lon="-121.484436">
				<ele>2870.710449</ele>
				<time>2026-07-09T12:17:35Z</time>
			</trkpt>
			<trkpt lat="46.180576" lon="-121.484398">
				<ele>2871.110107</ele>
				<time>2026-07-09T12:17:44Z</time>
			</trkpt>
			<trkpt lat="46.180607" lon="-121.48439">
				<ele>2873.378906</ele>
				<time>2026-07-09T12:17:55Z</time>
			</trkpt>
			<trkpt lat="46.180717" lon="-121.484291">
				<ele>2877.876221</ele>
				<time>2026-07-09T12:18:40Z</time>
			</trkpt>
			<trkpt lat="46.180748" lon="-121.484291">
				<ele>2877.35376</ele>
				<time>2026-07-09T12:18:51Z</time>
			</trkpt>
			<trkpt lat="46.180775" lon="-121.484268">
				<ele>2880.180908</ele>
				<time>2026-07-09T12:19:04Z</time>
			</trkpt>
			<trkpt lat="46.18084" lon="-121.48423">
				<ele>2883.163574</ele>
				<time>2026-07-09T12:19:34Z</time>
			</trkpt>
			<trkpt lat="46.180882" lon="-121.484215">
				<ele>2887.80542</ele>
				<time>2026-07-09T12:20:00Z</time>
			</trkpt>
			<trkpt lat="46.180943" lon="-121.484131">
				<ele>2890.574219</ele>
				<time>2026-07-09T12:20:33Z</time>
			</trkpt>
			<trkpt lat="46.180977" lon="-121.484116">
				<ele>2889.825684</ele>
				<time>2026-07-09T12:20:43Z</time>
			</trkpt>
			<trkpt lat="46.181" lon="-121.484077">
				<ele>2892.166748</ele>
				<time>2026-07-09T12:20:58Z</time>
			</trkpt>
			<trkpt lat="46.181164" lon="-121.484055">
				<ele>2897.404785</ele>
				<time>2026-07-09T12:22:02Z</time>
			</trkpt>
			<trkpt lat="46.181183" lon="-121.484016">
				<ele>2896.960205</ele>
				<time>2026-07-09T12:22:11Z</time>
			</trkpt>
			<trkpt lat="46.181202" lon="-121.483971">
				<ele>2899.308105</ele>
				<time>2026-07-09T12:22:19Z</time>
			</trkpt>
			<trkpt lat="46.181255" lon="-121.483932">
				<ele>2900.827148</ele>
				<time>2026-07-09T12:22:36Z</time>
			</trkpt>
			<trkpt lat="46.18129" lon="-121.483932">
				<ele>2900.764893</ele>
				<time>2026-07-09T12:22:45Z</time>
			</trkpt>
			<trkpt lat="46.181324" lon="-121.48391">
				<ele>2902.531982</ele>
				<time>2026-07-09T12:23:01Z</time>
			</trkpt>
			<trkpt lat="46.181385" lon="-121.483871">
				<ele>2904.000977</ele>
				<time>2026-07-09T12:23:41Z</time>
			</trkpt>
			<trkpt lat="46.18148" lon="-121.48391">
				<ele>2906.359131</ele>
				<time>2026-07-09T12:24:06Z</time>
			</trkpt>
			<trkpt lat="46.181538" lon="-121.483879">
				<ele>2908.355713</ele>
				<time>2026-07-09T12:24:21Z</time>
			</trkpt>
			<trkpt lat="46.181564" lon="-121.483856">
				<ele>2908.939453</ele>
				<time>2026-07-09T12:24:29Z</time>
			</trkpt>
			<trkpt lat="46.181595" lon="-121.483849">
				<ele>2908.667969</ele>
				<time>2026-07-09T12:24:36Z</time>
			</trkpt>
			<trkpt lat="46.181683" lon="-121.483841">
				<ele>2910.669434</ele>
				<time>2026-07-09T12:25:21Z</time>
			</trkpt>
			<trkpt lat="46.181759" lon="-121.483757">
				<ele>2914.280762</ele>
				<time>2026-07-09T12:26:07Z</time>
			</trkpt>
			<trkpt lat="46.181793" lon="-121.483673">
				<ele>2912.936035</ele>
				<time>2026-07-09T12:26:39Z</time>
			</trkpt>
			<trkpt lat="46.181816" lon="-121.48365">
				<ele>2913.477539</ele>
				<time>2026-07-09T12:26:46Z</time>
			</trkpt>
			<trkpt lat="46.181843" lon="-121.483627">
				<ele>2915.147705</ele>
				<time>2026-07-09T12:26:53Z</time>
			</trkpt>
			<trkpt lat="46.181904" lon="-121.483643">
				<ele>2916.771973</ele>
				<time>2026-07-09T12:27:10Z</time>
			</trkpt>
			<trkpt lat="46.182045" lon="-121.483597">
				<ele>2919.829834</ele>
				<time>2026-07-09T12:28:09Z</time>
			</trkpt>
			<trkpt lat="46.182064" lon="-121.483627">
				<ele>2920.474121</ele>
				<time>2026-07-09T12:28:17Z</time>
			</trkpt>
			<trkpt lat="46.182121" lon="-121.483635">
				<ele>2922.168945</ele>
				<time>2026-07-09T12:28:32Z</time>
			</trkpt>
			<trkpt lat="46.18219" lon="-121.483597">
				<ele>2923.782471</ele>
				<time>2026-07-09T12:28:49Z</time>
			</trkpt>
			<trkpt lat="46.182217" lon="-121.483574">
				<ele>2923.9021</ele>
				<time>2026-07-09T12:29:06Z</time>
			</trkpt>
			<trkpt lat="46.182228" lon="-121.483536">
				<ele>2923.903076</ele>
				<time>2026-07-09T12:42:56Z</time>
			</trkpt>
			<trkpt lat="46.182281" lon="-121.483513">
				<ele>2925.423584</ele>
				<time>2026-07-09T12:43:22Z</time>
			</trkpt>
			<trkpt lat="46.182377" lon="-121.483582">
				<ele>2928.052979</ele>
				<time>2026-07-09T12:43:51Z</time>
			</trkpt>
			<trkpt lat="46.182449" lon="-121.483635">
				<ele>2932.105713</ele>
				<time>2026-07-09T12:44:23Z</time>
			</trkpt>
			<trkpt lat="46.182476" lon="-121.483643">
				<ele>2932.151855</ele>
				<time>2026-07-09T12:44:33Z</time>
			</trkpt>
			<trkpt lat="46.182556" lon="-121.483727">
				<ele>2935.790283</ele>
				<time>2026-07-09T12:45:21Z</time>
			</trkpt>
			<trkpt lat="46.18272" lon="-121.483788">
				<ele>2944.290527</ele>
				<time>2026-07-09T12:46:33Z</time>
			</trkpt>
			<trkpt lat="46.18285" lon="-121.483826">
				<ele>2948.755371</ele>
				<time>2026-07-09T12:47:31Z</time>
			</trkpt>
			<trkpt lat="46.182911" lon="-121.483902">
				<ele>2951.166504</ele>
				<time>2026-07-09T12:48:09Z</time>
			</trkpt>
			<trkpt lat="46.182953" lon="-121.484001">
				<ele>2954.684814</ele>
				<time>2026-07-09T12:48:38Z</time>
			</trkpt>
			<trkpt lat="46.18301" lon="-121.484062">
				<ele>2958.326904</ele>
				<time>2026-07-09T12:49:12Z</time>
			</trkpt>
			<trkpt lat="46.183041" lon="-121.484077">
				<ele>2958.927979</ele>
				<time>2026-07-09T12:49:27Z</time>
			</trkpt>
			<trkpt lat="46.183083" lon="-121.4841">
				<ele>2962.614746</ele>
				<time>2026-07-09T12:49:54Z</time>
			</trkpt>
			<trkpt lat="46.183132" lon="-121.484116">
				<ele>2963.944824</ele>
				<time>2026-07-09T12:50:28Z</time>
			</trkpt>
			<trkpt lat="46.183193" lon="-121.484146">
				<ele>2968.145996</ele>
				<time>2026-07-09T12:51:02Z</time>
			</trkpt>
			<trkpt lat="46.183266" lon="-121.484123">
				<ele>2971.071045</ele>
				<time>2026-07-09T12:51:38Z</time>
			</trkpt>
			<trkpt lat="46.183327" lon="-121.484154">
				<ele>2973.533203</ele>
				<time>2026-07-09T12:52:09Z</time>
			</trkpt>
			<trkpt lat="46.183399" lon="-121.484177">
				<ele>2978.281982</ele>
				<time>2026-07-09T12:52:45Z</time>
			</trkpt>
			<trkpt lat="46.183556" lon="-121.484245">
				<ele>2984.718018</ele>
				<time>2026-07-09T12:54:06Z</time>
			</trkpt>
			<trkpt lat="46.183601" lon="-121.484245">
				<ele>2987.466553</ele>
				<time>2026-07-09T12:54:31Z</time>
			</trkpt>
			<trkpt lat="46.183708" lon="-121.484299">
				<ele>2994.091309</ele>
				<time>2026-07-09T12:55:28Z</time>
			</trkpt>
			<trkpt lat="46.184101" lon="-121.484489">
				<ele>3014.156494</ele>
				<time>2026-07-09T12:59:02Z</time>
			</trkpt>
			<trkpt lat="46.184196" lon="-121.484535">
				<ele>3020.768799</ele>
				<time>2026-07-09T12:59:58Z</time>
			</trkpt>
			<trkpt lat="46.184246" lon="-121.484612">
				<ele>3023.141357</ele>
				<time>2026-07-09T13:00:29Z</time>
			</trkpt>
			<trkpt lat="46.184288" lon="-121.484634">
				<ele>3026.078613</ele>
				<time>2026-07-09T13:00:51Z</time>
			</trkpt>
			<trkpt lat="46.184315" lon="-121.484665">
				<ele>3025.817627</ele>
				<time>2026-07-09T13:01:07Z</time>
			</trkpt>
			<trkpt lat="46.184345" lon="-121.484673">
				<ele>3028.356445</ele>
				<time>2026-07-09T13:01:23Z</time>
			</trkpt>
			<trkpt lat="46.184418" lon="-121.484756">
				<ele>3031.882568</ele>
				<time>2026-07-09T13:02:02Z</time>
			</trkpt>
			<trkpt lat="46.184696" lon="-121.484848">
				<ele>3046.227051</ele>
				<time>2026-07-09T13:04:33Z</time>
			</trkpt>
			<trkpt lat="46.184723" lon="-121.484909">
				<ele>3048.236816</ele>
				<time>2026-07-09T13:05:37Z</time>
			</trkpt>
			<trkpt lat="46.184757" lon="-121.484924">
				<ele>3050.192871</ele>
				<time>2026-07-09T13:06:19Z</time>
			</trkpt>
			<trkpt lat="46.184788" lon="-121.485008">
				<ele>3051.436035</ele>
				<time>2026-07-09T13:06:45Z</time>
			</trkpt>
			<trkpt lat="46.184784" lon="-121.485046">
				<ele>3051.415771</ele>
				<time>2026-07-09T13:06:51Z</time>
			</trkpt>
			<trkpt lat="46.184826" lon="-121.4851">
				<ele>3050.917969</ele>
				<time>2026-07-09T13:07:09Z</time>
			</trkpt>
			<trkpt lat="46.184864" lon="-121.485153">
				<ele>3055.006836</ele>
				<time>2026-07-09T13:08:06Z</time>
			</trkpt>
			<trkpt lat="46.184902" lon="-121.485138">
				<ele>3057.485352</ele>
				<time>2026-07-09T13:08:20Z</time>
			</trkpt>
			<trkpt lat="46.184925" lon="-121.4851">
				<ele>3058.289551</ele>
				<time>2026-07-09T13:08:30Z</time>
			</trkpt>
			<trkpt lat="46.184959" lon="-121.485077">
				<ele>3060.486816</ele>
				<time>2026-07-09T13:08:38Z</time>
			</trkpt>
			<trkpt lat="46.185009" lon="-121.485016">
				<ele>3061.716309</ele>
				<time>2026-07-09T13:09:01Z</time>
			</trkpt>
			<trkpt lat="46.185028" lon="-121.484985">
				<ele>3063.545654</ele>
				<time>2026-07-09T13:09:16Z</time>
			</trkpt>
			<trkpt lat="46.185055" lon="-121.484962">
				<ele>3063.533203</ele>
				<time>2026-07-09T13:09:24Z</time>
			</trkpt>
			<trkpt lat="46.185131" lon="-121.484886">
				<ele>3066.114014</ele>
				<time>2026-07-09T13:10:11Z</time>
			</trkpt>
			<trkpt lat="46.185162" lon="-121.484848">
				<ele>3066.652832</ele>
				<time>2026-07-09T13:10:27Z</time>
			</trkpt>
			<trkpt lat="46.185242" lon="-121.484695">
				<ele>3070.560547</ele>
				<time>2026-07-09T13:11:09Z</time>
			</trkpt>
			<trkpt lat="46.185257" lon="-121.484642">
				<ele>3071.328369</ele>
				<time>2026-07-09T13:11:20Z</time>
			</trkpt>
			<trkpt lat="46.185284" lon="-121.484642">
				<ele>3072.38916</ele>
				<time>2026-07-09T13:11:40Z</time>
			</trkpt>
			<trkpt lat="46.185383" lon="-121.484665">
				<ele>3079.203857</ele>
				<time>2026-07-09T13:12:39Z</time>
			</trkpt>
			<trkpt lat="46.185532" lon="-121.484756">
				<ele>3086.999023</ele>
				<time>2026-07-09T13:14:12Z</time>
			</trkpt>
			<trkpt lat="46.185646" lon="-121.48481">
				<ele>3095.162109</ele>
				<time>2026-07-09T13:15:52Z</time>
			</trkpt>
			<trkpt lat="46.185658" lon="-121.48484">
				<ele>3095.281982</ele>
				<time>2026-07-09T13:18:16Z</time>
			</trkpt>
			<trkpt lat="46.185684" lon="-121.484833">
				<ele>3098.003418</ele>
				<time>2026-07-09T13:21:37Z</time>
			</trkpt>
			<trkpt lat="46.185814" lon="-121.484863">
				<ele>3106.311768</ele>
				<time>2026-07-09T13:22:42Z</time>
			</trkpt>
			<trkpt lat="46.185917" lon="-121.484917">
				<ele>3111.612793</ele>
				<time>2026-07-09T13:23:49Z</time>
			</trkpt>
			<trkpt lat="46.186249" lon="-121.485023">
				<ele>3131.654785</ele>
				<time>2026-07-09T13:28:01Z</time>
			</trkpt>
			<trkpt lat="46.186722" lon="-121.485207">
				<ele>3164.900635</ele>
				<time>2026-07-09T13:33:57Z</time>
			</trkpt>
			<trkpt lat="46.186813" lon="-121.485275">
				<ele>3170.428711</ele>
				<time>2026-07-09T13:35:03Z</time>
			</trkpt>
			<trkpt lat="46.186844" lon="-121.485298">
				<ele>3170.923096</ele>
				<time>2026-07-09T13:35:20Z</time>
			</trkpt>
			<trkpt lat="46.186901" lon="-121.485329">
				<ele>3176.580566</ele>
				<time>2026-07-09T13:36:04Z</time>
			</trkpt>
			<trkpt lat="46.187" lon="-121.485405">
				<ele>3183.814209</ele>
				<time>2026-07-09T13:37:11Z</time>
			</trkpt>
			<trkpt lat="46.187149" lon="-121.48555">
				<ele>3192.69043</ele>
				<time>2026-07-09T13:38:53Z</time>
			</trkpt>
			<trkpt lat="46.187195" lon="-121.485619">
				<ele>3197.317383</ele>
				<time>2026-07-09T13:40:27Z</time>
			</trkpt>
			<trkpt lat="46.187244" lon="-121.485649">
				<ele>3203.139893</ele>
				<time>2026-07-09T13:48:08Z</time>
			</trkpt>
			<trkpt lat="46.187263" lon="-121.48568">
				<ele>3203.632324</ele>
				<time>2026-07-09T13:48:21Z</time>
			</trkpt>
			<trkpt lat="46.18729" lon="-121.485695">
				<ele>3202.770264</ele>
				<time>2026-07-09T13:48:33Z</time>
			</trkpt>
			<trkpt lat="46.187309" lon="-121.485741">
				<ele>3203.977295</ele>
				<time>2026-07-09T13:48:50Z</time>
			</trkpt>
			<trkpt lat="46.18734" lon="-121.485764">
				<ele>3206.139893</ele>
				<time>2026-07-09T13:49:06Z</time>
			</trkpt>
			<trkpt lat="46.187355" lon="-121.485817">
				<ele>3207.244629</ele>
				<time>2026-07-09T13:49:26Z</time>
			</trkpt>
			<trkpt lat="46.187447" lon="-121.485825">
				<ele>3211.466309</ele>
				<time>2026-07-09T13:50:05Z</time>
			</trkpt>
			<trkpt lat="46.187477" lon="-121.485855">
				<ele>3212.321777</ele>
				<time>2026-07-09T13:50:22Z</time>
			</trkpt>
			<trkpt lat="46.187614" lon="-121.485985">
				<ele>3220.986572</ele>
				<time>2026-07-09T13:51:52Z</time>
			</trkpt>
			<trkpt lat="46.187702" lon="-121.486031">
				<ele>3226.004883</ele>
				<time>2026-07-09T13:52:53Z</time>
			</trkpt>
			<trkpt lat="46.187744" lon="-121.486053">
				<ele>3228.009766</ele>
				<time>2026-07-09T13:53:20Z</time>
			</trkpt>
			<trkpt lat="46.187767" lon="-121.486076">
				<ele>3228.399902</ele>
				<time>2026-07-09T13:53:42Z</time>
			</trkpt>
			<trkpt lat="46.187901" lon="-121.486153">
				<ele>3236.594482</ele>
				<time>2026-07-09T13:55:13Z</time>
			</trkpt>
			<trkpt lat="46.187954" lon="-121.486191">
				<ele>3238.414307</ele>
				<time>2026-07-09T13:55:59Z</time>
			</trkpt>
			<trkpt lat="46.188175" lon="-121.48629">
				<ele>3251.111572</ele>
				<time>2026-07-09T13:58:49Z</time>
			</trkpt>
			<trkpt lat="46.188221" lon="-121.486313">
				<ele>3251.714844</ele>
				<time>2026-07-09T13:59:36Z</time>
			</trkpt>
			<trkpt lat="46.188286" lon="-121.486351">
				<ele>3255.278076</ele>
				<time>2026-07-09T14:00:15Z</time>
			</trkpt>
			<trkpt lat="46.188393" lon="-121.486404">
				<ele>3261.719238</ele>
				<time>2026-07-09T14:01:30Z</time>
			</trkpt>
			<trkpt lat="46.188446" lon="-121.486412">
				<ele>3266.121826</ele>
				<time>2026-07-09T14:02:01Z</time>
			</trkpt>
			<trkpt lat="46.188511" lon="-121.48642">
				<ele>3266.879639</ele>
				<time>2026-07-09T14:02:47Z</time>
			</trkpt>
			<trkpt lat="46.188591" lon="-121.486458">
				<ele>3273.335449</ele>
				<time>2026-07-09T14:03:41Z</time>
			</trkpt>
			<trkpt lat="46.188683" lon="-121.486534">
				<ele>3279.141846</ele>
				<time>2026-07-09T14:05:04Z</time>
			</trkpt>
			<trkpt lat="46.188698" lon="-121.486572">
				<ele>3279.755127</ele>
				<time>2026-07-09T14:05:19Z</time>
			</trkpt>
			<trkpt lat="46.188942" lon="-121.486656">
				<ele>3295.174316</ele>
				<time>2026-07-09T14:08:58Z</time>
			</trkpt>
			<trkpt lat="46.189053" lon="-121.486877">
				<ele>3303.90625</ele>
				<time>2026-07-09T14:12:35Z</time>
			</trkpt>
			<trkpt lat="46.189194" lon="-121.4869">
				<ele>3312.692871</ele>
				<time>2026-07-09T14:14:16Z</time>
			</trkpt>
			<trkpt lat="46.189331" lon="-121.486954">
				<ele>3323.389648</ele>
				<time>2026-07-09T14:16:18Z</time>
			</trkpt>
			<trkpt lat="46.189346" lon="-121.486984">
				<ele>3323.131348</ele>
				<time>2026-07-09T14:22:19Z</time>
			</trkpt>
			<trkpt lat="46.189438" lon="-121.487114">
				<ele>3331.421143</ele>
				<time>2026-07-09T14:23:31Z</time>
			</trkpt>
			<trkpt lat="46.189495" lon="-121.487106">
				<ele>3334.285645</ele>
				<time>2026-07-09T14:24:29Z</time>
			</trkpt>
			<trkpt lat="46.189514" lon="-121.48719">
				<ele>3336.01001</ele>
				<time>2026-07-09T14:24:51Z</time>
			</trkpt>
			<trkpt lat="46.189541" lon="-121.487236">
				<ele>3338.41748</ele>
				<time>2026-07-09T14:25:13Z</time>
			</trkpt>
			<trkpt lat="46.18961" lon="-121.487396">
				<ele>3343.422607</ele>
				<time>2026-07-09T14:26:23Z</time>
			</trkpt>
			<trkpt lat="46.189625" lon="-121.487473">
				<ele>3344.304443</ele>
				<time>2026-07-09T14:27:20Z</time>
			</trkpt>
			<trkpt lat="46.189678" lon="-121.48761">
				<ele>3349.19458</ele>
				<time>2026-07-09T14:28:17Z</time>
			</trkpt>
			<trkpt lat="46.189693" lon="-121.487656">
				<ele>3349.593262</ele>
				<time>2026-07-09T14:28:42Z</time>
			</trkpt>
			<trkpt lat="46.18972" lon="-121.487747">
				<ele>3352.303223</ele>
				<time>2026-07-09T14:29:34Z</time>
			</trkpt>
			<trkpt lat="46.189724" lon="-121.487801">
				<ele>3352.371582</ele>
				<time>2026-07-09T14:29:46Z</time>
			</trkpt>
			<trkpt lat="46.189892" lon="-121.487854">
				<ele>3366.022705</ele>
				<time>2026-07-09T14:32:05Z</time>
			</trkpt>
			<trkpt lat="46.189938" lon="-121.487885">
				<ele>3368.307129</ele>
				<time>2026-07-09T14:32:30Z</time>
			</trkpt>
			<trkpt lat="46.190029" lon="-121.487892">
				<ele>3371.049805</ele>
				<time>2026-07-09T14:33:19Z</time>
			</trkpt>
			<trkpt lat="46.190151" lon="-121.487946">
				<ele>3378.493652</ele>
				<time>2026-07-09T14:34:32Z</time>
			</trkpt>
			<trkpt lat="46.190178" lon="-121.487923">
				<ele>3378.48877</ele>
				<time>2026-07-09T14:35:30Z</time>
			</trkpt>
			<trkpt lat="46.190159" lon="-121.487892">
				<ele>3379.554932</ele>
				<time>2026-07-09T14:45:52Z</time>
			</trkpt>
			<trkpt lat="46.190166" lon="-121.487946">
				<ele>3378.216309</ele>
				<time>2026-07-09T14:51:29Z</time>
			</trkpt>
			<trkpt lat="46.190197" lon="-121.487976">
				<ele>3378.698975</ele>
				<time>2026-07-09T14:51:38Z</time>
			</trkpt>
			<trkpt lat="46.190228" lon="-121.487991">
				<ele>3381.099609</ele>
				<time>2026-07-09T14:51:50Z</time>
			</trkpt>
			<trkpt lat="46.190266" lon="-121.488029">
				<ele>3380.495605</ele>
				<time>2026-07-09T14:52:06Z</time>
			</trkpt>
			<trkpt lat="46.190479" lon="-121.488091">
				<ele>3397.459473</ele>
				<time>2026-07-09T14:53:58Z</time>
			</trkpt>
			<trkpt lat="46.190594" lon="-121.488136">
				<ele>3403.834961</ele>
				<time>2026-07-09T14:55:14Z</time>
			</trkpt>
			<trkpt lat="46.190624" lon="-121.488144">
				<ele>3407.300537</ele>
				<time>2026-07-09T14:56:50Z</time>
			</trkpt>
			<trkpt lat="46.190666" lon="-121.488167">
				<ele>3408.501709</ele>
				<time>2026-07-09T14:58:52Z</time>
			</trkpt>
			<trkpt lat="46.190777" lon="-121.488205">
				<ele>3417.619141</ele>
				<time>2026-07-09T15:00:36Z</time>
			</trkpt>
			<trkpt lat="46.190815" lon="-121.488213">
				<ele>3417.849609</ele>
				<time>2026-07-09T15:01:19Z</time>
			</trkpt>
			<trkpt lat="46.190922" lon="-121.488243">
				<ele>3426.597168</ele>
				<time>2026-07-09T15:02:47Z</time>
			</trkpt>
			<trkpt lat="46.191174" lon="-121.488342">
				<ele>3442.815918</ele>
				<time>2026-07-09T15:06:07Z</time>
			</trkpt>
			<trkpt lat="46.19125" lon="-121.488327">
				<ele>3449.394287</ele>
				<time>2026-07-09T15:07:17Z</time>
			</trkpt>
			<trkpt lat="46.19128" lon="-121.48838">
				<ele>3451.914551</ele>
				<time>2026-07-09T15:07:49Z</time>
			</trkpt>
			<trkpt lat="46.191322" lon="-121.488403">
				<ele>3456.672607</ele>
				<time>2026-07-09T15:08:42Z</time>
			</trkpt>
			<trkpt lat="46.19149" lon="-121.488457">
				<ele>3467.210449</ele>
				<time>2026-07-09T15:10:54Z</time>
			</trkpt>
			<trkpt lat="46.19183" lon="-121.488457">
				<ele>3492.522949</ele>
				<time>2026-07-09T15:15:17Z</time>
			</trkpt>
			<trkpt lat="46.191887" lon="-121.488472">
				<ele>3493.483887</ele>
				<time>2026-07-09T15:15:48Z</time>
			</trkpt>
			<trkpt lat="46.191998" lon="-121.488533">
				<ele>3500.287354</ele>
				<time>2026-07-09T15:16:37Z</time>
			</trkpt>
			<trkpt lat="46.192017" lon="-121.488594">
				<ele>3501.748047</ele>
				<time>2026-07-09T15:16:55Z</time>
			</trkpt>
			<trkpt lat="46.19202" lon="-121.488647">
				<ele>3501.184814</ele>
				<time>2026-07-09T15:17:01Z</time>
			</trkpt>
			<trkpt lat="46.192009" lon="-121.488693">
				<ele>3503.224365</ele>
				<time>2026-07-09T15:17:08Z</time>
			</trkpt>
			<trkpt lat="46.192013" lon="-121.488739">
				<ele>3502.036865</ele>
				<time>2026-07-09T15:17:12Z</time>
			</trkpt>
			<trkpt lat="46.192036" lon="-121.48867">
				<ele>3502.353516</ele>
				<time>2026-07-09T15:17:30Z</time>
			</trkpt>
			<trkpt lat="46.192066" lon="-121.488663">
				<ele>3503.09082</ele>
				<time>2026-07-09T15:17:58Z</time>
			</trkpt>
			<trkpt lat="46.192097" lon="-121.488686">
				<ele>3503.095703</ele>
				<time>2026-07-09T15:18:04Z</time>
			</trkpt>
			<trkpt lat="46.192127" lon="-121.488701">
				<ele>3501.98584</ele>
				<time>2026-07-09T15:18:10Z</time>
			</trkpt>
			<trkpt lat="46.192154" lon="-121.488724">
				<ele>3502.15625</ele>
				<time>2026-07-09T15:18:16Z</time>
			</trkpt>
			<trkpt lat="46.192204" lon="-121.488731">
				<ele>3503.422363</ele>
				<time>2026-07-09T15:18:25Z</time>
			</trkpt>
			<trkpt lat="46.192226" lon="-121.48877">
				<ele>3503.506592</ele>
				<time>2026-07-09T15:18:28Z</time>
			</trkpt>
			<trkpt lat="46.192249" lon="-121.488747">
				<ele>3503.167236</ele>
				<time>2026-07-09T15:18:35Z</time>
			</trkpt>
			<trkpt lat="46.192276" lon="-121.488754">
				<ele>3504.254883</ele>
				<time>2026-07-09T15:18:42Z</time>
			</trkpt>
			<trkpt lat="46.192307" lon="-121.488754">
				<ele>3504.310791</ele>
				<time>2026-07-09T15:18:48Z</time>
			</trkpt>
			<trkpt lat="46.192333" lon="-121.488754">
				<ele>3506.161377</ele>
				<time>2026-07-09T15:18:54Z</time>
			</trkpt>
			<trkpt lat="46.19236" lon="-121.488762">
				<ele>3505.987549</ele>
				<time>2026-07-09T15:18:59Z</time>
			</trkpt>
			<trkpt lat="46.19239" lon="-121.48877">
				<ele>3506.241699</ele>
				<time>2026-07-09T15:19:06Z</time>
			</trkpt>
			<trkpt lat="46.192417" lon="-121.488777">
				<ele>3505.567139</ele>
				<time>2026-07-09T15:19:10Z</time>
			</trkpt>
			<trkpt lat="46.192448" lon="-121.488777">
				<ele>3506.158203</ele>
				<time>2026-07-09T15:19:16Z</time>
			</trkpt>
			<trkpt lat="46.192474" lon="-121.488785">
				<ele>3505.968506</ele>
				<time>2026-07-09T15:19:22Z</time>
			</trkpt>
			<trkpt lat="46.192505" lon="-121.488792">
				<ele>3507.453857</ele>
				<time>2026-07-09T15:19:29Z</time>
			</trkpt>
			<trkpt lat="46.192623" lon="-121.4888">
				<ele>3509.372559</ele>
				<time>2026-07-09T15:19:54Z</time>
			</trkpt>
			<trkpt lat="46.19265" lon="-121.488815">
				<ele>3509.530273</ele>
				<time>2026-07-09T15:20:00Z</time>
			</trkpt>
			<trkpt lat="46.19268" lon="-121.488823">
				<ele>3508.33667</ele>
				<time>2026-07-09T15:20:05Z</time>
			</trkpt>
			<trkpt lat="46.192711" lon="-121.488838">
				<ele>3508.406494</ele>
				<time>2026-07-09T15:20:12Z</time>
			</trkpt>
			<trkpt lat="46.192814" lon="-121.488892">
				<ele>3510.008545</ele>
				<time>2026-07-09T15:20:47Z</time>
			</trkpt>
			<trkpt lat="46.192966" lon="-121.488892">
				<ele>3514.894287</ele>
				<time>2026-07-09T15:21:41Z</time>
			</trkpt>
			<trkpt lat="46.193005" lon="-121.488899">
				<ele>3514.772705</ele>
				<time>2026-07-09T15:21:58Z</time>
			</trkpt>
			<trkpt lat="46.193039" lon="-121.488884">
				<ele>3516.170654</ele>
				<time>2026-07-09T15:22:06Z</time>
			</trkpt>
			<trkpt lat="46.193073" lon="-121.488899">
				<ele>3515.89209</ele>
				<time>2026-07-09T15:22:11Z</time>
			</trkpt>
			<trkpt lat="46.193108" lon="-121.488884">
				<ele>3516.249023</ele>
				<time>2026-07-09T15:22:18Z</time>
			</trkpt>
			<trkpt lat="46.193138" lon="-121.488884">
				<ele>3516.271729</ele>
				<time>2026-07-09T15:22:24Z</time>
			</trkpt>
			<trkpt lat="46.193172" lon="-121.488869">
				<ele>3517.330566</ele>
				<time>2026-07-09T15:22:31Z</time>
			</trkpt>
			<trkpt lat="46.19323" lon="-121.488853">
				<ele>3518.133545</ele>
				<time>2026-07-09T15:22:41Z</time>
			</trkpt>
			<trkpt lat="46.193256" lon="-121.488861">
				<ele>3517.9021</ele>
				<time>2026-07-09T15:22:45Z</time>
			</trkpt>
			<trkpt lat="46.193291" lon="-121.488853">
				<ele>3518.046387</ele>
				<time>2026-07-09T15:22:50Z</time>
			</trkpt>
			<trkpt lat="46.193317" lon="-121.488846">
				<ele>3517.781006</ele>
				<time>2026-07-09T15:22:54Z</time>
			</trkpt>
			<trkpt lat="46.193348" lon="-121.488846">
				<ele>3518.472412</ele>
				<time>2026-07-09T15:22:59Z</time>
			</trkpt>
			<trkpt lat="46.193405" lon="-121.488815">
				<ele>3519.120361</ele>
				<time>2026-07-09T15:23:10Z</time>
			</trkpt>
			<trkpt lat="46.193428" lon="-121.488792">
				<ele>3520.076416</ele>
				<time>2026-07-09T15:23:14Z</time>
			</trkpt>
			<trkpt lat="46.193478" lon="-121.488777">
				<ele>3520.483154</ele>
				<time>2026-07-09T15:23:44Z</time>
			</trkpt>
			<trkpt lat="46.193569" lon="-121.488747">
				<ele>3518.349854</ele>
				<time>2026-07-09T15:23:57Z</time>
			</trkpt>
			<trkpt lat="46.193592" lon="-121.488724">
				<ele>3519.296143</ele>
				<time>2026-07-09T15:24:01Z</time>
			</trkpt>
			<trkpt lat="46.193623" lon="-121.488716">
				<ele>3519.276611</ele>
				<time>2026-07-09T15:24:05Z</time>
			</trkpt>
			<trkpt lat="46.193649" lon="-121.488701">
				<ele>3518.852783</ele>
				<time>2026-07-09T15:24:09Z</time>
			</trkpt>
			<trkpt lat="46.193676" lon="-121.488678">
				<ele>3518.686768</ele>
				<time>2026-07-09T15:24:14Z</time>
			</trkpt>
			<trkpt lat="46.193699" lon="-121.488663">
				<ele>3519.282227</ele>
				<time>2026-07-09T15:24:19Z</time>
			</trkpt>
			<trkpt lat="46.193722" lon="-121.488647">
				<ele>3518.708496</ele>
				<time>2026-07-09T15:24:23Z</time>
			</trkpt>
			<trkpt lat="46.193783" lon="-121.488609">
				<ele>3519.467285</ele>
				<time>2026-07-09T15:24:33Z</time>
			</trkpt>
			<trkpt lat="46.193813" lon="-121.488602">
				<ele>3518.543213</ele>
				<time>2026-07-09T15:24:38Z</time>
			</trkpt>
			<trkpt lat="46.193844" lon="-121.488602">
				<ele>3518.998291</ele>
				<time>2026-07-09T15:24:42Z</time>
			</trkpt>
			<trkpt lat="46.193874" lon="-121.488594">
				<ele>3519.035645</ele>
				<time>2026-07-09T15:24:46Z</time>
			</trkpt>
			<trkpt lat="46.193901" lon="-121.488579">
				<ele>3517.54541</ele>
				<time>2026-07-09T15:24:51Z</time>
			</trkpt>
			<trkpt lat="46.193924" lon="-121.488556">
				<ele>3518.713867</ele>
				<time>2026-07-09T15:24:55Z</time>
			</trkpt>
			<trkpt lat="46.193947" lon="-121.488541">
				<ele>3518.131836</ele>
				<time>2026-07-09T15:24:59Z</time>
			</trkpt>
			<trkpt lat="46.194" lon="-121.488518">
				<ele>3517.851074</ele>
				<time>2026-07-09T15:25:07Z</time>
			</trkpt>
			<trkpt lat="46.194027" lon="-121.488495">
				<ele>3517.32666</ele>
				<time>2026-07-09T15:25:12Z</time>
			</trkpt>
			<trkpt lat="46.194054" lon="-121.48848">
				<ele>3517.810547</ele>
				<time>2026-07-09T15:25:17Z</time>
			</trkpt>
			<trkpt lat="46.194084" lon="-121.488472">
				<ele>3516.592529</ele>
				<time>2026-07-09T15:25:22Z</time>
			</trkpt>
			<trkpt lat="46.194134" lon="-121.488434">
				<ele>3515.825195</ele>
				<time>2026-07-09T15:25:31Z</time>
			</trkpt>
			<trkpt lat="46.194157" lon="-121.488411">
				<ele>3517.361572</ele>
				<time>2026-07-09T15:25:36Z</time>
			</trkpt>
			<trkpt lat="46.19418" lon="-121.488403">
				<ele>3517.385986</ele>
				<time>2026-07-09T15:25:41Z</time>
			</trkpt>
			<trkpt lat="46.194256" lon="-121.488358">
				<ele>3516.251465</ele>
				<time>2026-07-09T15:25:53Z</time>
			</trkpt>
			<trkpt lat="46.194283" lon="-121.48835">
				<ele>3516.407471</ele>
				<time>2026-07-09T15:25:58Z</time>
			</trkpt>
			<trkpt lat="46.194305" lon="-121.488335">
				<ele>3515.659912</ele>
				<time>2026-07-09T15:26:01Z</time>
			</trkpt>
			<trkpt lat="46.194359" lon="-121.488342">
				<ele>3515.85083</ele>
				<time>2026-07-09T15:26:10Z</time>
			</trkpt>
			<trkpt lat="46.194389" lon="-121.488342">
				<ele>3516.743896</ele>
				<time>2026-07-09T15:26:13Z</time>
			</trkpt>
			<trkpt lat="46.194416" lon="-121.488335">
				<ele>3516.657471</ele>
				<time>2026-07-09T15:26:18Z</time>
			</trkpt>
			<trkpt lat="46.194447" lon="-121.488335">
				<ele>3516.053955</ele>
				<time>2026-07-09T15:26:23Z</time>
			</trkpt>
			<trkpt lat="46.194469" lon="-121.488342">
				<ele>3516.745117</ele>
				<time>2026-07-09T15:26:27Z</time>
			</trkpt>
			<trkpt lat="46.194496" lon="-121.488342">
				<ele>3516.727783</ele>
				<time>2026-07-09T15:26:31Z</time>
			</trkpt>
			<trkpt lat="46.194523" lon="-121.488335">
				<ele>3516.923828</ele>
				<time>2026-07-09T15:26:35Z</time>
			</trkpt>
			<trkpt lat="46.194572" lon="-121.488312">
				<ele>3516.570557</ele>
				<time>2026-07-09T15:26:43Z</time>
			</trkpt>
			<trkpt lat="46.194595" lon="-121.488297">
				<ele>3516.710938</ele>
				<time>2026-07-09T15:26:47Z</time>
			</trkpt>
			<trkpt lat="46.194622" lon="-121.488289">
				<ele>3516.430176</ele>
				<time>2026-07-09T15:26:51Z</time>
			</trkpt>
			<trkpt lat="46.194653" lon="-121.488281">
				<ele>3516.655762</ele>
				<time>2026-07-09T15:26:56Z</time>
			</trkpt>
			<trkpt lat="46.194706" lon="-121.488281">
				<ele>3513.593994</ele>
				<time>2026-07-09T15:27:05Z</time>
			</trkpt>
			<trkpt lat="46.194733" lon="-121.488274">
				<ele>3514.955566</ele>
				<time>2026-07-09T15:27:12Z</time>
			</trkpt>
			<trkpt lat="46.194763" lon="-121.488251">
				<ele>3515.133545</ele>
				<time>2026-07-09T15:27:18Z</time>
			</trkpt>
			<trkpt lat="46.19479" lon="-121.488243">
				<ele>3514.859863</ele>
				<time>2026-07-09T15:27:23Z</time>
			</trkpt>
			<trkpt lat="46.19482" lon="-121.488235">
				<ele>3515.575684</ele>
				<time>2026-07-09T15:27:28Z</time>
			</trkpt>
			<trkpt lat="46.194843" lon="-121.48822">
				<ele>3515.529053</ele>
				<time>2026-07-09T15:27:33Z</time>
			</trkpt>
			<trkpt lat="46.194874" lon="-121.488213">
				<ele>3515.269043</ele>
				<time>2026-07-09T15:27:38Z</time>
			</trkpt>
			<trkpt lat="46.194927" lon="-121.48819">
				<ele>3516.119873</ele>
				<time>2026-07-09T15:27:50Z</time>
			</trkpt>
			<trkpt lat="46.194984" lon="-121.48819">
				<ele>3515.810303</ele>
				<time>2026-07-09T15:27:59Z</time>
			</trkpt>
			<trkpt lat="46.195007" lon="-121.488182">
				<ele>3516.253662</ele>
				<time>2026-07-09T15:28:02Z</time>
			</trkpt>
			<trkpt lat="46.195087" lon="-121.488152">
				<ele>3514.55249</ele>
				<time>2026-07-09T15:28:14Z</time>
			</trkpt>
			<trkpt lat="46.195118" lon="-121.488144">
				<ele>3514.819336</ele>
				<time>2026-07-09T15:28:18Z</time>
			</trkpt>
			<trkpt lat="46.195141" lon="-121.488136">
				<ele>3514.660645</ele>
				<time>2026-07-09T15:28:22Z</time>
			</trkpt>
			<trkpt lat="46.19519" lon="-121.488113">
				<ele>3514.813965</ele>
				<time>2026-07-09T15:28:31Z</time>
			</trkpt>
			<trkpt lat="46.195213" lon="-121.488098">
				<ele>3513.428955</ele>
				<time>2026-07-09T15:28:35Z</time>
			</trkpt>
			<trkpt lat="46.19524" lon="-121.488098">
				<ele>3514.560791</ele>
				<time>2026-07-09T15:28:40Z</time>
			</trkpt>
			<trkpt lat="46.195263" lon="-121.488091">
				<ele>3513.881348</ele>
				<time>2026-07-09T15:28:45Z</time>
			</trkpt>
			<trkpt lat="46.19529" lon="-121.488091">
				<ele>3514.423096</ele>
				<time>2026-07-09T15:28:49Z</time>
			</trkpt>
			<trkpt lat="46.195316" lon="-121.488083">
				<ele>3514.281494</ele>
				<time>2026-07-09T15:28:55Z</time>
			</trkpt>
			<trkpt lat="46.195347" lon="-121.488075">
				<ele>3513.450439</ele>
				<time>2026-07-09T15:29:00Z</time>
			</trkpt>
			<trkpt lat="46.195374" lon="-121.488068">
				<ele>3513.477783</ele>
				<time>2026-07-09T15:29:05Z</time>
			</trkpt>
			<trkpt lat="46.195396" lon="-121.48806">
				<ele>3512.407227</ele>
				<time>2026-07-09T15:29:09Z</time>
			</trkpt>
			<trkpt lat="46.195454" lon="-121.488045">
				<ele>3511.947754</ele>
				<time>2026-07-09T15:29:18Z</time>
			</trkpt>
			<trkpt lat="46.195484" lon="-121.488037">
				<ele>3512.053711</ele>
				<time>2026-07-09T15:29:24Z</time>
			</trkpt>
			<trkpt lat="46.195511" lon="-121.488037">
				<ele>3510.505371</ele>
				<time>2026-07-09T15:29:31Z</time>
			</trkpt>
			<trkpt lat="46.195541" lon="-121.488029">
				<ele>3511.593018</ele>
				<time>2026-07-09T15:29:39Z</time>
			</trkpt>
			<trkpt lat="46.195656" lon="-121.488014">
				<ele>3510.670898</ele>
				<time>2026-07-09T15:29:58Z</time>
			</trkpt>
			<trkpt lat="46.195679" lon="-121.488007">
				<ele>3511.918945</ele>
				<time>2026-07-09T15:30:02Z</time>
			</trkpt>
			<trkpt lat="46.195709" lon="-121.488007">
				<ele>3510.928223</ele>
				<time>2026-07-09T15:30:07Z</time>
			</trkpt>
			<trkpt lat="46.195816" lon="-121.488022">
				<ele>3509.236816</ele>
				<time>2026-07-09T15:30:34Z</time>
			</trkpt>
			<trkpt lat="46.195862" lon="-121.488045">
				<ele>3509.87915</ele>
				<time>2026-07-09T15:30:41Z</time>
			</trkpt>
			<trkpt lat="46.195908" lon="-121.488091">
				<ele>3507.183838</ele>
				<time>2026-07-09T15:30:52Z</time>
			</trkpt>
			<trkpt lat="46.196022" lon="-121.488152">
				<ele>3505.832031</ele>
				<time>2026-07-09T15:31:11Z</time>
			</trkpt>
			<trkpt lat="46.196045" lon="-121.488174">
				<ele>3505.769287</ele>
				<time>2026-07-09T15:31:15Z</time>
			</trkpt>
			<trkpt lat="46.196072" lon="-121.48819">
				<ele>3506.817383</ele>
				<time>2026-07-09T15:31:18Z</time>
			</trkpt>
			<trkpt lat="46.196121" lon="-121.48822">
				<ele>3505.521484</ele>
				<time>2026-07-09T15:31:28Z</time>
			</trkpt>
			<trkpt lat="46.196148" lon="-121.488235">
				<ele>3506.091553</ele>
				<time>2026-07-09T15:31:32Z</time>
			</trkpt>
			<trkpt lat="46.196175" lon="-121.488243">
				<ele>3506.126465</ele>
				<time>2026-07-09T15:31:36Z</time>
			</trkpt>
			<trkpt lat="46.196194" lon="-121.488266">
				<ele>3506.369629</ele>
				<time>2026-07-09T15:31:40Z</time>
			</trkpt>
			<trkpt lat="46.196217" lon="-121.488281">
				<ele>3506.036377</ele>
				<time>2026-07-09T15:31:44Z</time>
			</trkpt>
			<trkpt lat="46.196239" lon="-121.488297">
				<ele>3506.321533</ele>
				<time>2026-07-09T15:31:49Z</time>
			</trkpt>
			<trkpt lat="46.19627" lon="-121.488312">
				<ele>3506.348877</ele>
				<time>2026-07-09T15:31:53Z</time>
			</trkpt>
			<trkpt lat="46.196293" lon="-121.488327">
				<ele>3506.221191</ele>
				<time>2026-07-09T15:31:57Z</time>
			</trkpt>
			<trkpt lat="46.196312" lon="-121.488335">
				<ele>3506.411865</ele>
				<time>2026-07-09T15:32:01Z</time>
			</trkpt>
			<trkpt lat="46.196339" lon="-121.488358">
				<ele>3505.350098</ele>
				<time>2026-07-09T15:32:06Z</time>
			</trkpt>
			<trkpt lat="46.196381" lon="-121.488388">
				<ele>3505.221436</ele>
				<time>2026-07-09T15:32:14Z</time>
			</trkpt>
			<trkpt lat="46.196407" lon="-121.488403">
				<ele>3506.42334</ele>
				<time>2026-07-09T15:32:19Z</time>
			</trkpt>
			<trkpt lat="46.19643" lon="-121.488419">
				<ele>3506.344482</ele>
				<time>2026-07-09T15:32:22Z</time>
			</trkpt>
			<trkpt lat="46.196449" lon="-121.488426">
				<ele>3506.822754</ele>
				<time>2026-07-09T15:32:26Z</time>
			</trkpt>
			<trkpt lat="46.196491" lon="-121.488457">
				<ele>3506.727783</ele>
				<time>2026-07-09T15:32:42Z</time>
			</trkpt>
			<trkpt lat="46.19651" lon="-121.48848">
				<ele>3505.996582</ele>
				<time>2026-07-09T15:32:47Z</time>
			</trkpt>
			<trkpt lat="46.196533" lon="-121.488495">
				<ele>3506.180176</ele>
				<time>2026-07-09T15:32:51Z</time>
			</trkpt>
			<trkpt lat="46.196552" lon="-121.48851">
				<ele>3505.375488</ele>
				<time>2026-07-09T15:32:55Z</time>
			</trkpt>
			<trkpt lat="46.196575" lon="-121.488533">
				<ele>3505.033203</ele>
				<time>2026-07-09T15:32:58Z</time>
			</trkpt>
			<trkpt lat="46.196594" lon="-121.488556">
				<ele>3505.013184</ele>
				<time>2026-07-09T15:33:02Z</time>
			</trkpt>
			<trkpt lat="46.19664" lon="-121.488586">
				<ele>3508.0979</ele>
				<time>2026-07-09T15:33:14Z</time>
			</trkpt>
			<trkpt lat="46.196663" lon="-121.488617">
				<ele>3507.360352</ele>
				<time>2026-07-09T15:33:21Z</time>
			</trkpt>
			<trkpt lat="46.196693" lon="-121.488647">
				<ele>3507.681641</ele>
				<time>2026-07-09T15:33:30Z</time>
			</trkpt>
			<trkpt lat="46.196724" lon="-121.488632">
				<ele>3507.53125</ele>
				<time>2026-07-09T15:34:04Z</time>
			</trkpt>
			<trkpt lat="46.196762" lon="-121.488564">
				<ele>3508.441162</ele>
				<time>2026-07-09T15:34:11Z</time>
			</trkpt>
			<trkpt lat="46.196796" lon="-121.488464">
				<ele>3510.901123</ele>
				<time>2026-07-09T15:34:43Z</time>
			</trkpt>
			<trkpt lat="46.196789" lon="-121.488503">
				<ele>3510.74292</ele>
				<time>2026-07-09T15:37:25Z</time>
			</trkpt>
			<trkpt lat="46.196762" lon="-121.488556">
				<ele>3508.231445</ele>
				<time>2026-07-09T15:37:30Z</time>
			</trkpt>
			<trkpt lat="46.196747" lon="-121.488602">
				<ele>3510.908447</ele>
				<time>2026-07-09T15:37:35Z</time>
			</trkpt>
			<trkpt lat="46.196724" lon="-121.488625">
				<ele>3510.062744</ele>
				<time>2026-07-09T15:37:38Z</time>
			</trkpt>
			<trkpt lat="46.196697" lon="-121.48864">
				<ele>3511.353027</ele>
				<time>2026-07-09T15:37:41Z</time>
			</trkpt>
			<trkpt lat="46.196732" lon="-121.488678">
				<ele>3510.798584</ele>
				<time>2026-07-09T15:43:31Z</time>
			</trkpt>
			<trkpt lat="46.196758" lon="-121.488701">
				<ele>3513.314941</ele>
				<time>2026-07-09T15:43:40Z</time>
			</trkpt>
			<trkpt lat="46.196812" lon="-121.488762">
				<ele>3515.030029</ele>
				<time>2026-07-09T15:46:42Z</time>
			</trkpt>
			<trkpt lat="46.196865" lon="-121.488792">
				<ele>3517.775391</ele>
				<time>2026-07-09T15:46:58Z</time>
			</trkpt>
			<trkpt lat="46.196907" lon="-121.488838">
				<ele>3518.941406</ele>
				<time>2026-07-09T15:47:12Z</time>
			</trkpt>
			<trkpt lat="46.19693" lon="-121.488853">
				<ele>3521.178955</ele>
				<time>2026-07-09T15:47:21Z</time>
			</trkpt>
			<trkpt lat="46.19696" lon="-121.488869">
				<ele>3521.148682</ele>
				<time>2026-07-09T15:47:43Z</time>
			</trkpt>
			<trkpt lat="46.196987" lon="-121.488907">
				<ele>3520.979736</ele>
				<time>2026-07-09T15:47:54Z</time>
			</trkpt>
			<trkpt lat="46.197033" lon="-121.488945">
				<ele>3524.125</ele>
				<time>2026-07-09T15:48:18Z</time>
			</trkpt>
			<trkpt lat="46.197075" lon="-121.488991">
				<ele>3525.009277</ele>
				<time>2026-07-09T15:48:34Z</time>
			</trkpt>
			<trkpt lat="46.197105" lon="-121.489029">
				<ele>3524.928711</ele>
				<time>2026-07-09T15:48:48Z</time>
			</trkpt>
			<trkpt lat="46.197151" lon="-121.489067">
				<ele>3525.393311</ele>
				<time>2026-07-09T15:49:03Z</time>
			</trkpt>
			<trkpt lat="46.197323" lon="-121.489182">
				<ele>3533.479248</ele>
				<time>2026-07-09T15:50:33Z</time>
			</trkpt>
			<trkpt lat="46.197357" lon="-121.489204">
				<ele>3533.726074</ele>
				<time>2026-07-09T15:51:47Z</time>
			</trkpt>
			<trkpt lat="46.197388" lon="-121.489212">
				<ele>3534.526611</ele>
				<time>2026-07-09T15:52:01Z</time>
			</trkpt>
			<trkpt lat="46.197422" lon="-121.48922">
				<ele>3537.286377</ele>
				<time>2026-07-09T15:53:14Z</time>
			</trkpt>
			<trkpt lat="46.197449" lon="-121.489243">
				<ele>3537.21582</ele>
				<time>2026-07-09T15:53:22Z</time>
			</trkpt>
			<trkpt lat="46.197479" lon="-121.48925">
				<ele>3540.220215</ele>
				<time>2026-07-09T15:53:36Z</time>
			</trkpt>
			<trkpt lat="46.19759" lon="-121.489342">
				<ele>3544.578613</ele>
				<time>2026-07-09T15:54:23Z</time>
			</trkpt>
			<trkpt lat="46.197693" lon="-121.489403">
				<ele>3551.097168</ele>
				<time>2026-07-09T15:55:29Z</time>
			</trkpt>
			<trkpt lat="46.197723" lon="-121.489449">
				<ele>3551.143555</ele>
				<time>2026-07-09T15:55:43Z</time>
			</trkpt>
			<trkpt lat="46.197735" lon="-121.489502">
				<ele>3552.512207</ele>
				<time>2026-07-09T15:55:57Z</time>
			</trkpt>
			<trkpt lat="46.197769" lon="-121.489594">
				<ele>3553.204346</ele>
				<time>2026-07-09T15:56:22Z</time>
			</trkpt>
			<trkpt lat="46.197834" lon="-121.489647">
				<ele>3558.689209</ele>
				<time>2026-07-09T15:57:02Z</time>
			</trkpt>
			<trkpt lat="46.198002" lon="-121.489746">
				<ele>3564.098389</ele>
				<time>2026-07-09T15:58:30Z</time>
			</trkpt>
			<trkpt lat="46.198032" lon="-121.489716">
				<ele>3568.32959</ele>
				<time>2026-07-09T15:59:02Z</time>
			</trkpt>
			<trkpt lat="46.198071" lon="-121.489708">
				<ele>3569.971436</ele>
				<time>2026-07-09T15:59:38Z</time>
			</trkpt>
			<trkpt lat="46.198109" lon="-121.489708">
				<ele>3573.040527</ele>
				<time>2026-07-09T15:59:57Z</time>
			</trkpt>
			<trkpt lat="46.198135" lon="-121.489754">
				<ele>3575.069092</ele>
				<time>2026-07-09T16:00:27Z</time>
			</trkpt>
			<trkpt lat="46.198177" lon="-121.489738">
				<ele>3578.382813</ele>
				<time>2026-07-09T16:01:06Z</time>
			</trkpt>
			<trkpt lat="46.198193" lon="-121.489693">
				<ele>3581.486328</ele>
				<time>2026-07-09T16:01:20Z</time>
			</trkpt>
			<trkpt lat="46.198215" lon="-121.489655">
				<ele>3581.175049</ele>
				<time>2026-07-09T16:01:36Z</time>
			</trkpt>
			<trkpt lat="46.198277" lon="-121.489639">
				<ele>3585.520996</ele>
				<time>2026-07-09T16:02:26Z</time>
			</trkpt>
			<trkpt lat="46.198315" lon="-121.489655">
				<ele>3584.755371</ele>
				<time>2026-07-09T16:02:49Z</time>
			</trkpt>
			<trkpt lat="46.198341" lon="-121.489624">
				<ele>3590.33374</ele>
				<time>2026-07-09T16:03:31Z</time>
			</trkpt>
			<trkpt lat="46.198376" lon="-121.489624">
				<ele>3589.97168</ele>
				<time>2026-07-09T16:03:54Z</time>
			</trkpt>
			<trkpt lat="46.198406" lon="-121.489662">
				<ele>3590.403809</ele>
				<time>2026-07-09T16:04:29Z</time>
			</trkpt>
			<trkpt lat="46.198441" lon="-121.48967">
				<ele>3588.943115</ele>
				<time>2026-07-09T16:04:38Z</time>
			</trkpt>
			<trkpt lat="46.198475" lon="-121.489639">
				<ele>3596.572266</ele>
				<time>2026-07-09T16:05:14Z</time>
			</trkpt>
			<trkpt lat="46.198517" lon="-121.489655">
				<ele>3599.69751</ele>
				<time>2026-07-09T16:06:05Z</time>
			</trkpt>
			<trkpt lat="46.198624" lon="-121.489746">
				<ele>3602.9646</ele>
				<time>2026-07-09T16:07:01Z</time>
			</trkpt>
			<trkpt lat="46.19865" lon="-121.489792">
				<ele>3601.216064</ele>
				<time>2026-07-09T16:07:15Z</time>
			</trkpt>
			<trkpt lat="46.198681" lon="-121.48983">
				<ele>3602.768555</ele>
				<time>2026-07-09T16:07:40Z</time>
			</trkpt>
			<trkpt lat="46.198723" lon="-121.48983">
				<ele>3609.557129</ele>
				<time>2026-07-09T16:08:37Z</time>
			</trkpt>
			<trkpt lat="46.198753" lon="-121.489868">
				<ele>3610.899658</ele>
				<time>2026-07-09T16:09:00Z</time>
			</trkpt>
			<trkpt lat="46.198822" lon="-121.489861">
				<ele>3618.117188</ele>
				<time>2026-07-09T16:09:53Z</time>
			</trkpt>
			<trkpt lat="46.198883" lon="-121.489906">
				<ele>3617.475342</ele>
				<time>2026-07-09T16:10:31Z</time>
			</trkpt>
			<trkpt lat="46.198948" lon="-121.48996">
				<ele>3619.594727</ele>
				<time>2026-07-09T16:11:09Z</time>
			</trkpt>
			<trkpt lat="46.198997" lon="-121.490021">
				<ele>3619.824463</ele>
				<time>2026-07-09T16:11:46Z</time>
			</trkpt>
			<trkpt lat="46.1991" lon="-121.49015">
				<ele>3627.074951</ele>
				<time>2026-07-09T16:13:09Z</time>
			</trkpt>
			<trkpt lat="46.199162" lon="-121.490211">
				<ele>3626.970947</ele>
				<time>2026-07-09T16:13:43Z</time>
			</trkpt>
			<trkpt lat="46.199188" lon="-121.490257">
				<ele>3628.551025</ele>
				<time>2026-07-09T16:14:14Z</time>
			</trkpt>
			<trkpt lat="46.199245" lon="-121.490273">
				<ele>3634.438232</ele>
				<time>2026-07-09T16:14:59Z</time>
			</trkpt>
			<trkpt lat="46.199299" lon="-121.490341">
				<ele>3638.265625</ele>
				<time>2026-07-09T16:17:18Z</time>
			</trkpt>
			<trkpt lat="46.199413" lon="-121.490356">
				<ele>3642.743164</ele>
				<time>2026-07-09T16:18:26Z</time>
			</trkpt>
			<trkpt lat="46.199463" lon="-121.490387">
				<ele>3648.392334</ele>
				<time>2026-07-09T16:19:05Z</time>
			</trkpt>
			<trkpt lat="46.199509" lon="-121.490456">
				<ele>3650.292969</ele>
				<time>2026-07-09T16:19:33Z</time>
			</trkpt>
			<trkpt lat="46.199566" lon="-121.490517">
				<ele>3653.494629</ele>
				<time>2026-07-09T16:20:04Z</time>
			</trkpt>
			<trkpt lat="46.199612" lon="-121.490585">
				<ele>3653.80127</ele>
				<time>2026-07-09T16:20:40Z</time>
			</trkpt>
			<trkpt lat="46.199703" lon="-121.490685">
				<ele>3660.043701</ele>
				<time>2026-07-09T16:21:52Z</time>
			</trkpt>
			<trkpt lat="46.199738" lon="-121.490677">
				<ele>3659.864502</ele>
				<time>2026-07-09T16:22:19Z</time>
			</trkpt>
			<trkpt lat="46.199802" lon="-121.490753">
				<ele>3662.581543</ele>
				<time>2026-07-09T16:23:19Z</time>
			</trkpt>
			<trkpt lat="46.199825" lon="-121.490791">
				<ele>3666.172363</ele>
				<time>2026-07-09T16:23:55Z</time>
			</trkpt>
			<trkpt lat="46.19986" lon="-121.490829">
				<ele>3665.102051</ele>
				<time>2026-07-09T16:24:07Z</time>
			</trkpt>
			<trkpt lat="46.199909" lon="-121.490868">
				<ele>3665.569092</ele>
				<time>2026-07-09T16:24:32Z</time>
			</trkpt>
			<trkpt lat="46.199947" lon="-121.490891">
				<ele>3669.366211</ele>
				<time>2026-07-09T16:25:05Z</time>
			</trkpt>
			<trkpt lat="46.200016" lon="-121.490944">
				<ele>3667.431885</ele>
				<time>2026-07-09T16:25:30Z</time>
			</trkpt>
			<trkpt lat="46.200096" lon="-121.491035">
				<ele>3674.872559</ele>
				<time>2026-07-09T16:26:33Z</time>
			</trkpt>
			<trkpt lat="46.200142" lon="-121.491074">
				<ele>3675.578125</ele>
				<time>2026-07-09T16:26:53Z</time>
			</trkpt>
			<trkpt lat="46.200241" lon="-121.491165">
				<ele>3679.73291</ele>
				<time>2026-07-09T16:28:15Z</time>
			</trkpt>
			<trkpt lat="46.200272" lon="-121.491219">
				<ele>3679.118896</ele>
				<time>2026-07-09T16:28:26Z</time>
			</trkpt>
			<trkpt lat="46.200287" lon="-121.491264">
				<ele>3680.283936</ele>
				<time>2026-07-09T16:28:51Z</time>
			</trkpt>
			<trkpt lat="46.200317" lon="-121.491264">
				<ele>3683.965332</ele>
				<time>2026-07-09T16:30:01Z</time>
			</trkpt>
			<trkpt lat="46.200356" lon="-121.491287">
				<ele>3684.998047</ele>
				<time>2026-07-09T16:30:42Z</time>
			</trkpt>
			<trkpt lat="46.200397" lon="-121.491318">
				<ele>3685.474365</ele>
				<time>2026-07-09T16:30:53Z</time>
			</trkpt>
			<trkpt lat="46.200428" lon="-121.491348">
				<ele>3686.838867</ele>
				<time>2026-07-09T16:31:05Z</time>
			</trkpt>
			<trkpt lat="46.200466" lon="-121.491371">
				<ele>3686.872803</ele>
				<time>2026-07-09T16:31:23Z</time>
			</trkpt>
			<trkpt lat="46.200581" lon="-121.491478">
				<ele>3694.253418</ele>
				<time>2026-07-09T16:32:57Z</time>
			</trkpt>
			<trkpt lat="46.20063" lon="-121.491524">
				<ele>3695.345703</ele>
				<time>2026-07-09T16:33:15Z</time>
			</trkpt>
			<trkpt lat="46.200657" lon="-121.491547">
				<ele>3695.291992</ele>
				<time>2026-07-09T16:33:27Z</time>
			</trkpt>
			<trkpt lat="46.200684" lon="-121.49157">
				<ele>3695.915283</ele>
				<time>2026-07-09T16:34:00Z</time>
			</trkpt>
			<trkpt lat="46.200714" lon="-121.491539">
				<ele>3695.21582</ele>
				<time>2026-07-09T16:34:06Z</time>
			</trkpt>
			<trkpt lat="46.200745" lon="-121.491577">
				<ele>3696.157227</ele>
				<time>2026-07-09T16:34:28Z</time>
			</trkpt>
			<trkpt lat="46.200775" lon="-121.491615">
				<ele>3698.677002</ele>
				<time>2026-07-09T16:34:41Z</time>
			</trkpt>
			<trkpt lat="46.200821" lon="-121.491623">
				<ele>3698.716797</ele>
				<time>2026-07-09T16:35:16Z</time>
			</trkpt>
			<trkpt lat="46.200878" lon="-121.491707">
				<ele>3703.785645</ele>
				<time>2026-07-09T16:36:21Z</time>
			</trkpt>
			<trkpt lat="46.200912" lon="-121.491745">
				<ele>3704.743164</ele>
				<time>2026-07-09T16:36:43Z</time>
			</trkpt>
			<trkpt lat="46.200996" lon="-121.491844">
				<ele>3711.942627</ele>
				<time>2026-07-09T16:38:00Z</time>
			</trkpt>
			<trkpt lat="46.201019" lon="-121.491882">
				<ele>3710.743652</ele>
				<time>2026-07-09T16:38:31Z</time>
			</trkpt>
			<trkpt lat="46.20105" lon="-121.491928">
				<ele>3716.543945</ele>
				<time>2026-07-09T16:38:51Z</time>
			</trkpt>
			<trkpt lat="46.201073" lon="-121.491974">
				<ele>3715.203369</ele>
				<time>2026-07-09T16:39:08Z</time>
			</trkpt>
			<trkpt lat="46.201103" lon="-121.491997">
				<ele>3717.053711</ele>
				<time>2026-07-09T16:39:41Z</time>
			</trkpt>
			<trkpt lat="46.201141" lon="-121.492058">
				<ele>3718.534668</ele>
				<time>2026-07-09T16:40:37Z</time>
			</trkpt>
			<trkpt lat="46.201168" lon="-121.492111">
				<ele>3722.285889</ele>
				<time>2026-07-09T16:40:48Z</time>
			</trkpt>
			<trkpt lat="46.201191" lon="-121.492149">
				<ele>3722.339844</ele>
				<time>2026-07-09T16:41:01Z</time>
			</trkpt>
			<trkpt lat="46.201233" lon="-121.492172">
				<ele>3723.832764</ele>
				<time>2026-07-09T16:41:28Z</time>
			</trkpt>
			<trkpt lat="46.20126" lon="-121.492203">
				<ele>3723.371582</ele>
				<time>2026-07-09T16:41:47Z</time>
			</trkpt>
			<trkpt lat="46.201305" lon="-121.492241">
				<ele>3727.243896</ele>
				<time>2026-07-09T16:42:09Z</time>
			</trkpt>
			<trkpt lat="46.201378" lon="-121.492325">
				<ele>3728.733154</ele>
				<time>2026-07-09T16:42:44Z</time>
			</trkpt>
			<trkpt lat="46.201405" lon="-121.492371">
				<ele>3733.429932</ele>
				<time>2026-07-09T16:43:03Z</time>
			</trkpt>
			<trkpt lat="46.201447" lon="-121.492439">
				<ele>3734.107666</ele>
				<time>2026-07-09T16:43:34Z</time>
			</trkpt>
			<trkpt lat="46.201492" lon="-121.492493">
				<ele>3733.904297</ele>
				<time>2026-07-09T16:43:49Z</time>
			</trkpt>
			<trkpt lat="46.201519" lon="-121.492538">
				<ele>3733.955811</ele>
				<time>2026-07-09T16:44:02Z</time>
			</trkpt>
			<trkpt lat="46.201519" lon="-121.492615">
				<ele>3734.183105</ele>
				<time>2026-07-09T16:44:09Z</time>
			</trkpt>
			<trkpt lat="46.201553" lon="-121.492577">
				<ele>3734.959961</ele>
				<time>2026-07-09T16:44:11Z</time>
			</trkpt>
			<trkpt lat="46.201553" lon="-121.49263">
				<ele>3735.248779</ele>
				<time>2026-07-09T16:44:20Z</time>
			</trkpt>
			<trkpt lat="46.20153" lon="-121.492676">
				<ele>3738.177979</ele>
				<time>2026-07-09T16:44:27Z</time>
			</trkpt>
			<trkpt lat="46.201519" lon="-121.492767">
				<ele>3737.644775</ele>
				<time>2026-07-09T16:44:44Z</time>
			</trkpt>
			<trkpt lat="46.201492" lon="-121.492775">
				<ele>3738.765625</ele>
				<time>2026-07-09T16:46:05Z</time>
			</trkpt>
			<trkpt lat="46.201523" lon="-121.492821">
				<ele>3738.373291</ele>
				<time>2026-07-09T16:47:24Z</time>
			</trkpt>
			<trkpt lat="46.201496" lon="-121.49279">
				<ele>3738.151855</ele>
				<time>2026-07-09T16:47:30Z</time>
			</trkpt>
			<trkpt lat="46.201508" lon="-121.492752">
				<ele>3739.057617</ele>
				<time>2026-07-09T16:48:12Z</time>
			</trkpt>
			<trkpt lat="46.2015" lon="-121.492798">
				<ele>3739.013672</ele>
				<time>2026-07-09T16:49:15Z</time>
			</trkpt>
			<trkpt lat="46.201511" lon="-121.492752">
				<ele>3736.886963</ele>
				<time>2026-07-09T16:50:40Z</time>
			</trkpt>
			<trkpt lat="46.201534" lon="-121.492722">
				<ele>3739.268311</ele>
				<time>2026-07-09T16:51:38Z</time>
			</trkpt>
			<trkpt lat="46.201565" lon="-121.49263">
				<ele>3734.208252</ele>
				<time>2026-07-09T16:52:34Z</time>
			</trkpt>
			<trkpt lat="46.20158" lon="-121.492584">
				<ele>3735.166748</ele>
				<time>2026-07-09T16:52:39Z</time>
			</trkpt>
			<trkpt lat="46.201614" lon="-121.492569">
				<ele>3734.030029</ele>
				<time>2026-07-09T16:52:44Z</time>
			</trkpt>
			<trkpt lat="46.201641" lon="-121.492538">
				<ele>3734.354492</ele>
				<time>2026-07-09T16:52:50Z</time>
			</trkpt>
			<trkpt lat="46.201653" lon="-121.4925">
				<ele>3737.785156</ele>
				<time>2026-07-09T16:53:52Z</time>
			</trkpt>
			<trkpt lat="46.201679" lon="-121.492432">
				<ele>3736.52417</ele>
				<time>2026-07-09T16:54:06Z</time>
			</trkpt>
			<trkpt lat="46.201725" lon="-121.492386">
				<ele>3735.821289</ele>
				<time>2026-07-09T16:54:16Z</time>
			</trkpt>
			<trkpt lat="46.201736" lon="-121.49231">
				<ele>3734.256104</ele>
				<time>2026-07-09T16:54:24Z</time>
			</trkpt>
			<trkpt lat="46.201763" lon="-121.492287">
				<ele>3736.243896</ele>
				<time>2026-07-09T16:54:28Z</time>
			</trkpt>
			<trkpt lat="46.201782" lon="-121.492264">
				<ele>3736.145508</ele>
				<time>2026-07-09T16:54:33Z</time>
			</trkpt>
			<trkpt lat="46.201817" lon="-121.492195">
				<ele>3735.070801</ele>
				<time>2026-07-09T16:54:44Z</time>
			</trkpt>
			<trkpt lat="46.201851" lon="-121.492134">
				<ele>3736.928711</ele>
				<time>2026-07-09T16:54:56Z</time>
			</trkpt>
			<trkpt lat="46.201859" lon="-121.492096">
				<ele>3736.13208</ele>
				<time>2026-07-09T16:55:00Z</time>
			</trkpt>
			<trkpt lat="46.20187" lon="-121.492065">
				<ele>3736.959229</ele>
				<time>2026-07-09T16:55:04Z</time>
			</trkpt>
			<trkpt lat="46.201889" lon="-121.492043">
				<ele>3736.687012</ele>
				<time>2026-07-09T16:55:08Z</time>
			</trkpt>
			<trkpt lat="46.201908" lon="-121.492012">
				<ele>3737.541504</ele>
				<time>2026-07-09T16:55:15Z</time>
			</trkpt>
			<trkpt lat="46.201969" lon="-121.491974">
				<ele>3736.610352</ele>
				<time>2026-07-09T16:55:23Z</time>
			</trkpt>
			<trkpt lat="46.201977" lon="-121.491936">
				<ele>3735.317871</ele>
				<time>2026-07-09T16:55:29Z</time>
			</trkpt>
			<trkpt lat="46.201996" lon="-121.491913">
				<ele>3738.569092</ele>
				<time>2026-07-09T16:56:13Z</time>
			</trkpt>
			<trkpt lat="46.202003" lon="-121.491875">
				<ele>3736.915039</ele>
				<time>2026-07-09T16:56:28Z</time>
			</trkpt>
			<trkpt lat="46.202023" lon="-121.491844">
				<ele>3737.669922</ele>
				<time>2026-07-09T16:56:34Z</time>
			</trkpt>
			<trkpt lat="46.202023" lon="-121.491806">
				<ele>3737.44873</ele>
				<time>2026-07-09T16:56:37Z</time>
			</trkpt>
			<trkpt lat="46.202042" lon="-121.491783">
				<ele>3737.514404</ele>
				<time>2026-07-09T16:56:42Z</time>
			</trkpt>
			<trkpt lat="46.202065" lon="-121.491745">
				<ele>3736.608887</ele>
				<time>2026-07-09T16:56:48Z</time>
			</trkpt>
			<trkpt lat="46.202068" lon="-121.491707">
				<ele>3736.704834</ele>
				<time>2026-07-09T16:56:52Z</time>
			</trkpt>
			<trkpt lat="46.202106" lon="-121.491638">
				<ele>3737.257568</ele>
				<time>2026-07-09T16:57:24Z</time>
			</trkpt>
			<trkpt lat="46.202126" lon="-121.491608">
				<ele>3738.16748</ele>
				<time>2026-07-09T16:57:28Z</time>
			</trkpt>
			<trkpt lat="46.202152" lon="-121.491577">
				<ele>3736.584473</ele>
				<time>2026-07-09T16:57:32Z</time>
			</trkpt>
			<trkpt lat="46.202179" lon="-121.491554">
				<ele>3736.687012</ele>
				<time>2026-07-09T16:57:36Z</time>
			</trkpt>
			<trkpt lat="46.202198" lon="-121.491516">
				<ele>3737.721191</ele>
				<time>2026-07-09T16:57:40Z</time>
			</trkpt>
			<trkpt lat="46.202221" lon="-121.491478">
				<ele>3737.232422</ele>
				<time>2026-07-09T16:57:46Z</time>
			</trkpt>
			<trkpt lat="46.20224" lon="-121.49144">
				<ele>3738.318604</ele>
				<time>2026-07-09T16:57:50Z</time>
			</trkpt>
			<trkpt lat="46.202259" lon="-121.491409">
				<ele>3737.177002</ele>
				<time>2026-07-09T16:57:53Z</time>
			</trkpt>
			<trkpt lat="46.202274" lon="-121.491364">
				<ele>3736.81665</ele>
				<time>2026-07-09T16:57:58Z</time>
			</trkpt>
			<trkpt lat="46.202293" lon="-121.491333">
				<ele>3737.469727</ele>
				<time>2026-07-09T16:58:01Z</time>
			</trkpt>
			<trkpt lat="46.202316" lon="-121.491295">
				<ele>3737.704346</ele>
				<time>2026-07-09T16:58:06Z</time>
			</trkpt>
			<trkpt lat="46.202335" lon="-121.491257">
				<ele>3736.289551</ele>
				<time>2026-07-09T16:58:09Z</time>
			</trkpt>
			<trkpt lat="46.202358" lon="-121.491226">
				<ele>3737.18457</ele>
				<time>2026-07-09T16:58:14Z</time>
			</trkpt>
			<trkpt lat="46.20237" lon="-121.49118">
				<ele>3737.486328</ele>
				<time>2026-07-09T16:58:19Z</time>
			</trkpt>
			<trkpt lat="46.202412" lon="-121.491112">
				<ele>3736.840088</ele>
				<time>2026-07-09T16:58:27Z</time>
			</trkpt>
			<trkpt lat="46.202415" lon="-121.491066">
				<ele>3736.89502</ele>
				<time>2026-07-09T16:58:31Z</time>
			</trkpt>
			<trkpt lat="46.202419" lon="-121.491028">
				<ele>3738.233398</ele>
				<time>2026-07-09T16:58:35Z</time>
			</trkpt>
			<trkpt lat="46.202362" lon="-121.491096">
				<ele>3740.505127</ele>
				<time>2026-07-09T16:59:28Z</time>
			</trkpt>
			<trkpt lat="46.202301" lon="-121.491127">
				<ele>3740.986572</ele>
				<time>2026-07-09T16:59:36Z</time>
			</trkpt>
			<trkpt lat="46.202194" lon="-121.491096">
				<ele>3739.449219</ele>
				<time>2026-07-09T17:00:41Z</time>
			</trkpt>
			<trkpt lat="46.202122" lon="-121.491058">
				<ele>3736.470947</ele>
				<time>2026-07-09T17:01:18Z</time>
			</trkpt>
			<trkpt lat="46.202084" lon="-121.491005">
				<ele>3732.660889</ele>
				<time>2026-07-09T17:01:31Z</time>
			</trkpt>
			<trkpt lat="46.202045" lon="-121.490967">
				<ele>3731.669922</ele>
				<time>2026-07-09T17:01:44Z</time>
			</trkpt>
			<trkpt lat="46.202011" lon="-121.490959">
				<ele>3731.404297</ele>
				<time>2026-07-09T17:01:55Z</time>
			</trkpt>
			<trkpt lat="46.201977" lon="-121.49099">
				<ele>3732.382324</ele>
				<time>2026-07-09T17:01:59Z</time>
			</trkpt>
			<trkpt lat="46.201946" lon="-121.490967">
				<ele>3730.489258</ele>
				<time>2026-07-09T17:02:04Z</time>
			</trkpt>
			<trkpt lat="46.201923" lon="-121.490936">
				<ele>3730.368408</ele>
				<time>2026-07-09T17:02:11Z</time>
			</trkpt>
			<trkpt lat="46.201859" lon="-121.490898">
				<ele>3725.924072</ele>
				<time>2026-07-09T17:02:23Z</time>
			</trkpt>
			<trkpt lat="46.20182" lon="-121.490883">
				<ele>3725.692139</ele>
				<time>2026-07-09T17:02:32Z</time>
			</trkpt>
			<trkpt lat="46.201717" lon="-121.490852">
				<ele>3722.729004</ele>
				<time>2026-07-09T17:05:59Z</time>
			</trkpt>
			<trkpt lat="46.201672" lon="-121.490799">
				<ele>3720.925293</ele>
				<time>2026-07-09T17:06:18Z</time>
			</trkpt>
			<trkpt lat="46.201557" lon="-121.490692">
				<ele>3714.418457</ele>
				<time>2026-07-09T17:07:12Z</time>
			</trkpt>
			<trkpt lat="46.201496" lon="-121.490646">
				<ele>3712.934326</ele>
				<time>2026-07-09T17:07:42Z</time>
			</trkpt>
			<trkpt lat="46.201462" lon="-121.490601">
				<ele>3709.129395</ele>
				<time>2026-07-09T17:08:03Z</time>
			</trkpt>
			<trkpt lat="46.201447" lon="-121.490555">
				<ele>3707.955078</ele>
				<time>2026-07-09T17:08:18Z</time>
			</trkpt>
			<trkpt lat="46.20142" lon="-121.490479">
				<ele>3708.948242</ele>
				<time>2026-07-09T17:08:39Z</time>
			</trkpt>
			<trkpt lat="46.201385" lon="-121.490417">
				<ele>3706.381348</ele>
				<time>2026-07-09T17:08:57Z</time>
			</trkpt>
			<trkpt lat="46.201363" lon="-121.490341">
				<ele>3704.584229</ele>
				<time>2026-07-09T17:09:12Z</time>
			</trkpt>
			<trkpt lat="46.201324" lon="-121.490295">
				<ele>3701.201416</ele>
				<time>2026-07-09T17:09:27Z</time>
			</trkpt>
			<trkpt lat="46.20129" lon="-121.490257">
				<ele>3700.62793</ele>
				<time>2026-07-09T17:09:41Z</time>
			</trkpt>
			<trkpt lat="46.201229" lon="-121.49028">
				<ele>3702.042969</ele>
				<time>2026-07-09T17:10:11Z</time>
			</trkpt>
			<trkpt lat="46.20118" lon="-121.490311">
				<ele>3704.375244</ele>
				<time>2026-07-09T17:10:22Z</time>
			</trkpt>
			<trkpt lat="46.201122" lon="-121.490372">
				<ele>3702.432373</ele>
				<time>2026-07-09T17:10:53Z</time>
			</trkpt>
			<trkpt lat="46.201088" lon="-121.490448">
				<ele>3701.340088</ele>
				<time>2026-07-09T17:11:04Z</time>
			</trkpt>
			<trkpt lat="46.201077" lon="-121.490517">
				<ele>3701.390381</ele>
				<time>2026-07-09T17:11:13Z</time>
			</trkpt>
			<trkpt lat="46.200996" lon="-121.490639">
				<ele>3699.117188</ele>
				<time>2026-07-09T17:11:38Z</time>
			</trkpt>
			<trkpt lat="46.200966" lon="-121.490707">
				<ele>3699.181152</ele>
				<time>2026-07-09T17:11:51Z</time>
			</trkpt>
			<trkpt lat="46.200932" lon="-121.490799">
				<ele>3698.616211</ele>
				<time>2026-07-09T17:12:04Z</time>
			</trkpt>
			<trkpt lat="46.200882" lon="-121.49086">
				<ele>3698.866943</ele>
				<time>2026-07-09T17:12:21Z</time>
			</trkpt>
			<trkpt lat="46.200779" lon="-121.491081">
				<ele>3694.883057</ele>
				<time>2026-07-09T17:13:09Z</time>
			</trkpt>
			<trkpt lat="46.200706" lon="-121.491112">
				<ele>3693.310059</ele>
				<time>2026-07-09T17:13:34Z</time>
			</trkpt>
			<trkpt lat="46.200642" lon="-121.491203">
				<ele>3692.960205</ele>
				<time>2026-07-09T17:14:22Z</time>
			</trkpt>
			<trkpt lat="46.200588" lon="-121.491333">
				<ele>3693.898682</ele>
				<time>2026-07-09T17:16:56Z</time>
			</trkpt>
			<trkpt lat="46.200562" lon="-121.491432">
				<ele>3692.215088</ele>
				<time>2026-07-09T17:17:05Z</time>
			</trkpt>
			<trkpt lat="46.200535" lon="-121.491508">
				<ele>3692.322998</ele>
				<time>2026-07-09T17:17:13Z</time>
			</trkpt>
			<trkpt lat="46.200512" lon="-121.49157">
				<ele>3692.51123</ele>
				<time>2026-07-09T17:17:19Z</time>
			</trkpt>
			<trkpt lat="46.200493" lon="-121.491638">
				<ele>3690.832764</ele>
				<time>2026-07-09T17:17:26Z</time>
			</trkpt>
			<trkpt lat="46.200459" lon="-121.491676">
				<ele>3690.950195</ele>
				<time>2026-07-09T17:17:33Z</time>
			</trkpt>
			<trkpt lat="46.200459" lon="-121.491737">
				<ele>3690.597656</ele>
				<time>2026-07-09T17:17:42Z</time>
			</trkpt>
			<trkpt lat="46.200462" lon="-121.491692">
				<ele>3687.608154</ele>
				<time>2026-07-09T17:18:06Z</time>
			</trkpt>
			<trkpt lat="46.200447" lon="-121.491653">
				<ele>3688.594727</ele>
				<time>2026-07-09T17:18:11Z</time>
			</trkpt>
			<trkpt lat="46.200436" lon="-121.491608">
				<ele>3687.063232</ele>
				<time>2026-07-09T17:18:16Z</time>
			</trkpt>
			<trkpt lat="46.200428" lon="-121.49157">
				<ele>3688.966309</ele>
				<time>2026-07-09T17:18:30Z</time>
			</trkpt>
			<trkpt lat="46.200413" lon="-121.491524">
				<ele>3687.995117</ele>
				<time>2026-07-09T17:18:35Z</time>
			</trkpt>
			<trkpt lat="46.200409" lon="-121.491486">
				<ele>3688.124756</ele>
				<time>2026-07-09T17:18:39Z</time>
			</trkpt>
			<trkpt lat="46.200371" lon="-121.491348">
				<ele>3682.994141</ele>
				<time>2026-07-09T17:18:53Z</time>
			</trkpt>
			<trkpt lat="46.200344" lon="-121.49131">
				<ele>3682.220459</ele>
				<time>2026-07-09T17:18:59Z</time>
			</trkpt>
			<trkpt lat="46.200333" lon="-121.49128">
				<ele>3683.571045</ele>
				<time>2026-07-09T17:19:07Z</time>
			</trkpt>
			<trkpt lat="46.20031" lon="-121.491257">
				<ele>3681.279297</ele>
				<time>2026-07-09T17:19:13Z</time>
			</trkpt>
			<trkpt lat="46.200287" lon="-121.491234">
				<ele>3682.300537</ele>
				<time>2026-07-09T17:19:18Z</time>
			</trkpt>
			<trkpt lat="46.20023" lon="-121.491165">
				<ele>3678.360352</ele>
				<time>2026-07-09T17:19:54Z</time>
			</trkpt>
			<trkpt lat="46.20018" lon="-121.491127">
				<ele>3678.797119</ele>
				<time>2026-07-09T17:21:44Z</time>
			</trkpt>
			<trkpt lat="46.200123" lon="-121.491081">
				<ele>3676.440186</ele>
				<time>2026-07-09T17:26:37Z</time>
			</trkpt>
			<trkpt lat="46.199951" lon="-121.490906">
				<ele>3670.82373</ele>
				<time>2026-07-09T17:36:19Z</time>
			</trkpt>
			<trkpt lat="46.19986" lon="-121.490837">
				<ele>3666.276855</ele>
				<time>2026-07-09T17:37:06Z</time>
			</trkpt>
			<trkpt lat="46.199745" lon="-121.490799">
				<ele>3660.697754</ele>
				<time>2026-07-09T17:38:39Z</time>
			</trkpt>
			<trkpt lat="46.199711" lon="-121.490776">
				<ele>3660.081299</ele>
				<time>2026-07-09T17:38:48Z</time>
			</trkpt>
			<trkpt lat="46.199635" lon="-121.490746">
				<ele>3655.544189</ele>
				<time>2026-07-09T17:39:35Z</time>
			</trkpt>
			<trkpt lat="46.1996" lon="-121.490692">
				<ele>3655.364502</ele>
				<time>2026-07-09T17:39:43Z</time>
			</trkpt>
			<trkpt lat="46.199482" lon="-121.490555">
				<ele>3650.004395</ele>
				<time>2026-07-09T17:45:24Z</time>
			</trkpt>
			<trkpt lat="46.199463" lon="-121.490509">
				<ele>3649.31543</ele>
				<time>2026-07-09T17:45:59Z</time>
			</trkpt>
			<trkpt lat="46.199413" lon="-121.490433">
				<ele>3646.80835</ele>
				<time>2026-07-09T17:46:18Z</time>
			</trkpt>
			<trkpt lat="46.199364" lon="-121.490372">
				<ele>3642.425537</ele>
				<time>2026-07-09T17:46:41Z</time>
			</trkpt>
			<trkpt lat="46.199326" lon="-121.490387">
				<ele>3639.874023</ele>
				<time>2026-07-09T17:47:49Z</time>
			</trkpt>
			<trkpt lat="46.199257" lon="-121.490318">
				<ele>3638.08374</ele>
				<time>2026-07-09T17:48:21Z</time>
			</trkpt>
			<trkpt lat="46.199196" lon="-121.490257">
				<ele>3634.494873</ele>
				<time>2026-07-09T17:48:57Z</time>
			</trkpt>
			<trkpt lat="46.199165" lon="-121.49025">
				<ele>3631.580811</ele>
				<time>2026-07-09T17:49:08Z</time>
			</trkpt>
			<trkpt lat="46.199097" lon="-121.490204">
				<ele>3628.328369</ele>
				<time>2026-07-09T17:49:36Z</time>
			</trkpt>
			<trkpt lat="46.199078" lon="-121.490181">
				<ele>3627.937012</ele>
				<time>2026-07-09T17:49:43Z</time>
			</trkpt>
			<trkpt lat="46.199017" lon="-121.490181">
				<ele>3623.289063</ele>
				<time>2026-07-09T17:50:24Z</time>
			</trkpt>
			<trkpt lat="46.19899" lon="-121.490181">
				<ele>3623.330811</ele>
				<time>2026-07-09T17:50:33Z</time>
			</trkpt>
			<trkpt lat="46.198959" lon="-121.49015">
				<ele>3620.608154</ele>
				<time>2026-07-09T17:50:50Z</time>
			</trkpt>
			<trkpt lat="46.198925" lon="-121.49012">
				<ele>3619.707764</ele>
				<time>2026-07-09T17:51:11Z</time>
			</trkpt>
			<trkpt lat="46.19891" lon="-121.490067">
				<ele>3617.878174</ele>
				<time>2026-07-09T17:51:24Z</time>
			</trkpt>
			<trkpt lat="46.198872" lon="-121.490036">
				<ele>3617.150146</ele>
				<time>2026-07-09T17:51:52Z</time>
			</trkpt>
			<trkpt lat="46.198837" lon="-121.490005">
				<ele>3613.834961</ele>
				<time>2026-07-09T17:52:50Z</time>
			</trkpt>
			<trkpt lat="46.198784" lon="-121.489937">
				<ele>3611.601807</ele>
				<time>2026-07-09T17:53:36Z</time>
			</trkpt>
			<trkpt lat="46.198769" lon="-121.489883">
				<ele>3612.352295</ele>
				<time>2026-07-09T17:54:10Z</time>
			</trkpt>
			<trkpt lat="46.198723" lon="-121.489883">
				<ele>3608.084961</ele>
				<time>2026-07-09T17:54:27Z</time>
			</trkpt>
			<trkpt lat="46.198647" lon="-121.489838">
				<ele>3602.751465</ele>
				<time>2026-07-09T17:54:57Z</time>
			</trkpt>
			<trkpt lat="46.198631" lon="-121.489738">
				<ele>3602.04126</ele>
				<time>2026-07-09T17:55:42Z</time>
			</trkpt>
			<trkpt lat="46.198582" lon="-121.48967">
				<ele>3599.046631</ele>
				<time>2026-07-09T17:56:07Z</time>
			</trkpt>
			<trkpt lat="46.198536" lon="-121.489731">
				<ele>3595.780029</ele>
				<time>2026-07-09T17:56:23Z</time>
			</trkpt>
			<trkpt lat="46.198502" lon="-121.489716">
				<ele>3595.676025</ele>
				<time>2026-07-09T17:57:11Z</time>
			</trkpt>
			<trkpt lat="46.198467" lon="-121.4897">
				<ele>3591.784424</ele>
				<time>2026-07-09T17:57:30Z</time>
			</trkpt>
			<trkpt lat="46.198399" lon="-121.489662">
				<ele>3588.468994</ele>
				<time>2026-07-09T17:58:11Z</time>
			</trkpt>
			<trkpt lat="46.19825" lon="-121.48967">
				<ele>3579.296143</ele>
				<time>2026-07-09T17:59:33Z</time>
			</trkpt>
			<trkpt lat="46.198235" lon="-121.489708">
				<ele>3578.982422</ele>
				<time>2026-07-09T17:59:50Z</time>
			</trkpt>
			<trkpt lat="46.198215" lon="-121.489738">
				<ele>3577.896729</ele>
				<time>2026-07-09T17:59:57Z</time>
			</trkpt>
			<trkpt lat="46.198193" lon="-121.489746">
				<ele>3575.92749</ele>
				<time>2026-07-09T18:00:09Z</time>
			</trkpt>
			<trkpt lat="46.198151" lon="-121.489777">
				<ele>3574.094482</ele>
				<time>2026-07-09T18:00:25Z</time>
			</trkpt>
			<trkpt lat="46.198128" lon="-121.489754">
				<ele>3571.301514</ele>
				<time>2026-07-09T18:00:34Z</time>
			</trkpt>
			<trkpt lat="46.198097" lon="-121.489723">
				<ele>3570.791748</ele>
				<time>2026-07-09T18:00:54Z</time>
			</trkpt>
			<trkpt lat="46.19804" lon="-121.489723">
				<ele>3566.539551</ele>
				<time>2026-07-09T18:01:18Z</time>
			</trkpt>
			<trkpt lat="46.19799" lon="-121.489731">
				<ele>3565.596924</ele>
				<time>2026-07-09T18:01:35Z</time>
			</trkpt>
			<trkpt lat="46.197899" lon="-121.489685">
				<ele>3561.911133</ele>
				<time>2026-07-09T18:01:54Z</time>
			</trkpt>
			<trkpt lat="46.19783" lon="-121.489647">
				<ele>3557.24585</ele>
				<time>2026-07-09T18:02:08Z</time>
			</trkpt>
			<trkpt lat="46.197746" lon="-121.489594">
				<ele>3554.194092</ele>
				<time>2026-07-09T18:02:21Z</time>
			</trkpt>
			<trkpt lat="46.197727" lon="-121.489586">
				<ele>3552.745361</ele>
				<time>2026-07-09T18:02:24Z</time>
			</trkpt>
			<trkpt lat="46.197712" lon="-121.489578">
				<ele>3553.047852</ele>
				<time>2026-07-09T18:02:28Z</time>
			</trkpt>
			<trkpt lat="46.197701" lon="-121.489548">
				<ele>3552.239258</ele>
				<time>2026-07-09T18:02:31Z</time>
			</trkpt>
			<trkpt lat="46.197681" lon="-121.489563">
				<ele>3550.072754</ele>
				<time>2026-07-09T18:02:34Z</time>
			</trkpt>
			<trkpt lat="46.197659" lon="-121.489555">
				<ele>3550.024902</ele>
				<time>2026-07-09T18:02:38Z</time>
			</trkpt>
			<trkpt lat="46.197643" lon="-121.489548">
				<ele>3548.819336</ele>
				<time>2026-07-09T18:02:42Z</time>
			</trkpt>
			<trkpt lat="46.19762" lon="-121.489555">
				<ele>3549.078613</ele>
				<time>2026-07-09T18:02:46Z</time>
			</trkpt>
			<trkpt lat="46.19759" lon="-121.489525">
				<ele>3546.590088</ele>
				<time>2026-07-09T18:02:56Z</time>
			</trkpt>
			<trkpt lat="46.197556" lon="-121.489517">
				<ele>3545.799072</ele>
				<time>2026-07-09T18:03:06Z</time>
			</trkpt>
			<trkpt lat="46.19754" lon="-121.489502">
				<ele>3546.022949</ele>
				<time>2026-07-09T18:03:11Z</time>
			</trkpt>
			<trkpt lat="46.197517" lon="-121.489517">
				<ele>3545.584229</ele>
				<time>2026-07-09T18:03:20Z</time>
			</trkpt>
			<trkpt lat="46.19746" lon="-121.489502">
				<ele>3541.104248</ele>
				<time>2026-07-09T18:03:36Z</time>
			</trkpt>
			<trkpt lat="46.197426" lon="-121.489456">
				<ele>3538.059082</ele>
				<time>2026-07-09T18:03:49Z</time>
			</trkpt>
			<trkpt lat="46.197403" lon="-121.489456">
				<ele>3537.981201</ele>
				<time>2026-07-09T18:03:53Z</time>
			</trkpt>
			<trkpt lat="46.197338" lon="-121.489464">
				<ele>3535.394287</ele>
				<time>2026-07-09T18:04:13Z</time>
			</trkpt>
			<trkpt lat="46.197315" lon="-121.489433">
				<ele>3534.631104</ele>
				<time>2026-07-09T18:04:23Z</time>
			</trkpt>
			<trkpt lat="46.197266" lon="-121.489418">
				<ele>3531.907959</ele>
				<time>2026-07-09T18:04:35Z</time>
			</trkpt>
			<trkpt lat="46.197201" lon="-121.48938">
				<ele>3529.717041</ele>
				<time>2026-07-09T18:04:47Z</time>
			</trkpt>
			<trkpt lat="46.197151" lon="-121.489311">
				<ele>3528.518066</ele>
				<time>2026-07-09T18:04:57Z</time>
			</trkpt>
			<trkpt lat="46.197113" lon="-121.489273">
				<ele>3526.297363</ele>
				<time>2026-07-09T18:05:04Z</time>
			</trkpt>
			<trkpt lat="46.19706" lon="-121.489204">
				<ele>3523.752686</ele>
				<time>2026-07-09T18:05:16Z</time>
			</trkpt>
			<trkpt lat="46.196999" lon="-121.48912">
				<ele>3522.04834</ele>
				<time>2026-07-09T18:05:30Z</time>
			</trkpt>
			<trkpt lat="46.196953" lon="-121.489052">
				<ele>3519.075439</ele>
				<time>2026-07-09T18:05:49Z</time>
			</trkpt>
			<trkpt lat="46.19693" lon="-121.489029">
				<ele>3518.283203</ele>
				<time>2026-07-09T18:05:53Z</time>
			</trkpt>
			<trkpt lat="46.196918" lon="-121.488991">
				<ele>3519.053711</ele>
				<time>2026-07-09T18:05:55Z</time>
			</trkpt>
			<trkpt lat="46.196884" lon="-121.488953">
				<ele>3517.371338</ele>
				<time>2026-07-09T18:06:01Z</time>
			</trkpt>
			<trkpt lat="46.196873" lon="-121.488892">
				<ele>3517.013916</ele>
				<time>2026-07-09T18:06:07Z</time>
			</trkpt>
			<trkpt lat="46.196865" lon="-121.488861">
				<ele>3516.489258</ele>
				<time>2026-07-09T18:06:10Z</time>
			</trkpt>
			<trkpt lat="46.196861" lon="-121.488831">
				<ele>3516.962891</ele>
				<time>2026-07-09T18:06:14Z</time>
			</trkpt>
			<trkpt lat="46.196785" lon="-121.488724">
				<ele>3512.80127</ele>
				<time>2026-07-09T18:06:31Z</time>
			</trkpt>
			<trkpt lat="46.196751" lon="-121.488686">
				<ele>3512.136719</ele>
				<time>2026-07-09T18:06:36Z</time>
			</trkpt>
			<trkpt lat="46.196697" lon="-121.488632">
				<ele>3512.731689</ele>
				<time>2026-07-09T18:06:48Z</time>
			</trkpt>
			<trkpt lat="46.196644" lon="-121.488602">
				<ele>3511.202637</ele>
				<time>2026-07-09T18:06:54Z</time>
			</trkpt>
			<trkpt lat="46.196629" lon="-121.488579">
				<ele>3511.359131</ele>
				<time>2026-07-09T18:06:57Z</time>
			</trkpt>
			<trkpt lat="46.196548" lon="-121.48851">
				<ele>3509.516357</ele>
				<time>2026-07-09T18:07:08Z</time>
			</trkpt>
			<trkpt lat="46.196507" lon="-121.488464">
				<ele>3511.466553</ele>
				<time>2026-07-09T18:07:29Z</time>
			</trkpt>
			<trkpt lat="46.196484" lon="-121.488449">
				<ele>3510.398193</ele>
				<time>2026-07-09T18:07:32Z</time>
			</trkpt>
			<trkpt lat="46.196419" lon="-121.488403">
				<ele>3509.690186</ele>
				<time>2026-07-09T18:07:39Z</time>
			</trkpt>
			<trkpt lat="46.1964" lon="-121.488388">
				<ele>3509.011475</ele>
				<time>2026-07-09T18:07:42Z</time>
			</trkpt>
			<trkpt lat="46.196346" lon="-121.488358">
				<ele>3508.307617</ele>
				<time>2026-07-09T18:07:52Z</time>
			</trkpt>
			<trkpt lat="46.196331" lon="-121.488335">
				<ele>3508.390137</ele>
				<time>2026-07-09T18:07:55Z</time>
			</trkpt>
			<trkpt lat="46.196308" lon="-121.488319">
				<ele>3507.924072</ele>
				<time>2026-07-09T18:07:57Z</time>
			</trkpt>
			<trkpt lat="46.196285" lon="-121.488312">
				<ele>3507.971924</ele>
				<time>2026-07-09T18:08:01Z</time>
			</trkpt>
			<trkpt lat="46.19627" lon="-121.488297">
				<ele>3507.867432</ele>
				<time>2026-07-09T18:08:04Z</time>
			</trkpt>
			<trkpt lat="46.196251" lon="-121.488289">
				<ele>3508.237549</ele>
				<time>2026-07-09T18:08:07Z</time>
			</trkpt>
			<trkpt lat="46.196232" lon="-121.488274">
				<ele>3508.077881</ele>
				<time>2026-07-09T18:08:10Z</time>
			</trkpt>
			<trkpt lat="46.196152" lon="-121.488235">
				<ele>3509.293457</ele>
				<time>2026-07-09T18:08:23Z</time>
			</trkpt>
			<trkpt lat="46.196125" lon="-121.48822">
				<ele>3508.758789</ele>
				<time>2026-07-09T18:08:26Z</time>
			</trkpt>
			<trkpt lat="46.196079" lon="-121.488197">
				<ele>3510.008057</ele>
				<time>2026-07-09T18:08:32Z</time>
			</trkpt>
			<trkpt lat="46.196053" lon="-121.488182">
				<ele>3510.010498</ele>
				<time>2026-07-09T18:08:36Z</time>
			</trkpt>
			<trkpt lat="46.196037" lon="-121.488152">
				<ele>3509.093262</ele>
				<time>2026-07-09T18:08:40Z</time>
			</trkpt>
			<trkpt lat="46.195923" lon="-121.488091">
				<ele>3510.310547</ele>
				<time>2026-07-09T18:08:59Z</time>
			</trkpt>
			<trkpt lat="46.195892" lon="-121.488068">
				<ele>3510.186768</ele>
				<time>2026-07-09T18:09:04Z</time>
			</trkpt>
			<trkpt lat="46.195858" lon="-121.488045">
				<ele>3510.421143</ele>
				<time>2026-07-09T18:09:10Z</time>
			</trkpt>
			<trkpt lat="46.19577" lon="-121.488022">
				<ele>3512.337891</ele>
				<time>2026-07-09T18:09:42Z</time>
			</trkpt>
			<trkpt lat="46.195724" lon="-121.488014">
				<ele>3512.305908</ele>
				<time>2026-07-09T18:09:49Z</time>
			</trkpt>
			<trkpt lat="46.195679" lon="-121.488022">
				<ele>3512.128174</ele>
				<time>2026-07-09T18:09:55Z</time>
			</trkpt>
			<trkpt lat="46.195641" lon="-121.488029">
				<ele>3512.14209</ele>
				<time>2026-07-09T18:10:01Z</time>
			</trkpt>
			<trkpt lat="46.195606" lon="-121.488029">
				<ele>3512.282227</ele>
				<time>2026-07-09T18:10:06Z</time>
			</trkpt>
			<trkpt lat="46.195572" lon="-121.488037">
				<ele>3513.0</ele>
				<time>2026-07-09T18:10:11Z</time>
			</trkpt>
			<trkpt lat="46.195461" lon="-121.488052">
				<ele>3514.24292</ele>
				<time>2026-07-09T18:10:30Z</time>
			</trkpt>
			<trkpt lat="46.195354" lon="-121.488091">
				<ele>3515.084717</ele>
				<time>2026-07-09T18:10:47Z</time>
			</trkpt>
			<trkpt lat="46.19532" lon="-121.488098">
				<ele>3515.148193</ele>
				<time>2026-07-09T18:10:55Z</time>
			</trkpt>
			<trkpt lat="46.195282" lon="-121.488106">
				<ele>3516.077881</ele>
				<time>2026-07-09T18:11:08Z</time>
			</trkpt>
			<trkpt lat="46.19521" lon="-121.488121">
				<ele>3514.812012</ele>
				<time>2026-07-09T18:11:21Z</time>
			</trkpt>
			<trkpt lat="46.195065" lon="-121.488167">
				<ele>3516.910889</ele>
				<time>2026-07-09T18:11:55Z</time>
			</trkpt>
			<trkpt lat="46.194977" lon="-121.488197">
				<ele>3517.306396</ele>
				<time>2026-07-09T18:12:09Z</time>
			</trkpt>
			<trkpt lat="46.194901" lon="-121.48822">
				<ele>3517.838867</ele>
				<time>2026-07-09T18:12:21Z</time>
			</trkpt>
			<trkpt lat="46.19487" lon="-121.488235">
				<ele>3517.741699</ele>
				<time>2026-07-09T18:12:28Z</time>
			</trkpt>
			<trkpt lat="46.194809" lon="-121.488258">
				<ele>3518.624756</ele>
				<time>2026-07-09T18:12:38Z</time>
			</trkpt>
			<trkpt lat="46.194778" lon="-121.488266">
				<ele>3518.07251</ele>
				<time>2026-07-09T18:12:43Z</time>
			</trkpt>
			<trkpt lat="46.194744" lon="-121.488281">
				<ele>3518.151367</ele>
				<time>2026-07-09T18:12:48Z</time>
			</trkpt>
			<trkpt lat="46.194702" lon="-121.488281">
				<ele>3518.489746</ele>
				<time>2026-07-09T18:12:54Z</time>
			</trkpt>
			<trkpt lat="46.194633" lon="-121.488304">
				<ele>3519.648682</ele>
				<time>2026-07-09T18:13:04Z</time>
			</trkpt>
			<trkpt lat="46.194595" lon="-121.488327">
				<ele>3519.438232</ele>
				<time>2026-07-09T18:13:09Z</time>
			</trkpt>
			<trkpt lat="46.194557" lon="-121.488335">
				<ele>3518.729004</ele>
				<time>2026-07-09T18:13:14Z</time>
			</trkpt>
			<trkpt lat="46.194519" lon="-121.48835">
				<ele>3519.089844</ele>
				<time>2026-07-09T18:13:21Z</time>
			</trkpt>
			<trkpt lat="46.194489" lon="-121.48835">
				<ele>3518.603027</ele>
				<time>2026-07-09T18:13:26Z</time>
			</trkpt>
			<trkpt lat="46.194458" lon="-121.488342">
				<ele>3518.6875</ele>
				<time>2026-07-09T18:13:31Z</time>
			</trkpt>
			<trkpt lat="46.194424" lon="-121.488342">
				<ele>3518.583984</ele>
				<time>2026-07-09T18:13:37Z</time>
			</trkpt>
			<trkpt lat="46.194359" lon="-121.488358">
				<ele>3519.408447</ele>
				<time>2026-07-09T18:13:48Z</time>
			</trkpt>
			<trkpt lat="46.194321" lon="-121.488365">
				<ele>3520.489258</ele>
				<time>2026-07-09T18:13:56Z</time>
			</trkpt>
			<trkpt lat="46.194283" lon="-121.488388">
				<ele>3520.614502</ele>
				<time>2026-07-09T18:14:03Z</time>
			</trkpt>
			<trkpt lat="46.194241" lon="-121.488403">
				<ele>3521.181641</ele>
				<time>2026-07-09T18:14:11Z</time>
			</trkpt>
			<trkpt lat="46.194202" lon="-121.488411">
				<ele>3521.094971</ele>
				<time>2026-07-09T18:14:17Z</time>
			</trkpt>
			<trkpt lat="46.194164" lon="-121.488441">
				<ele>3521.250977</ele>
				<time>2026-07-09T18:14:24Z</time>
			</trkpt>
			<trkpt lat="46.194126" lon="-121.488472">
				<ele>3521.225342</ele>
				<time>2026-07-09T18:14:31Z</time>
			</trkpt>
			<trkpt lat="46.194057" lon="-121.48851">
				<ele>3522.031006</ele>
				<time>2026-07-09T18:14:45Z</time>
			</trkpt>
			<trkpt lat="46.193989" lon="-121.488548">
				<ele>3521.235107</ele>
				<time>2026-07-09T18:14:55Z</time>
			</trkpt>
			<trkpt lat="46.193962" lon="-121.488564">
				<ele>3521.336182</ele>
				<time>2026-07-09T18:15:00Z</time>
			</trkpt>
			<trkpt lat="46.193935" lon="-121.488579">
				<ele>3521.149414</ele>
				<time>2026-07-09T18:15:04Z</time>
			</trkpt>
			<trkpt lat="46.193905" lon="-121.488594">
				<ele>3522.082275</ele>
				<time>2026-07-09T18:15:09Z</time>
			</trkpt>
			<trkpt lat="46.193878" lon="-121.488609">
				<ele>3522.025391</ele>
				<time>2026-07-09T18:15:13Z</time>
			</trkpt>
			<trkpt lat="46.193848" lon="-121.488617">
				<ele>3522.229004</ele>
				<time>2026-07-09T18:15:19Z</time>
			</trkpt>
			<trkpt lat="46.193806" lon="-121.488632">
				<ele>3523.468994</ele>
				<time>2026-07-09T18:15:31Z</time>
			</trkpt>
			<trkpt lat="46.193771" lon="-121.488647">
				<ele>3523.400879</ele>
				<time>2026-07-09T18:15:38Z</time>
			</trkpt>
			<trkpt lat="46.193741" lon="-121.488663">
				<ele>3523.409912</ele>
				<time>2026-07-09T18:15:44Z</time>
			</trkpt>
			<trkpt lat="46.193661" lon="-121.488693">
				<ele>3521.81958</ele>
				<time>2026-07-09T18:16:43Z</time>
			</trkpt>
			<trkpt lat="46.193626" lon="-121.488708">
				<ele>3521.88916</ele>
				<time>2026-07-09T18:16:48Z</time>
			</trkpt>
			<trkpt lat="46.193531" lon="-121.488754">
				<ele>3521.203613</ele>
				<time>2026-07-09T18:17:00Z</time>
			</trkpt>
			<trkpt lat="46.193501" lon="-121.48877">
				<ele>3521.79541</ele>
				<time>2026-07-09T18:17:04Z</time>
			</trkpt>
			<trkpt lat="46.193474" lon="-121.488785">
				<ele>3521.371094</ele>
				<time>2026-07-09T18:17:07Z</time>
			</trkpt>
			<trkpt lat="46.193417" lon="-121.488792">
				<ele>3521.825928</ele>
				<time>2026-07-09T18:17:13Z</time>
			</trkpt>
			<trkpt lat="46.193375" lon="-121.488815">
				<ele>3520.491943</ele>
				<time>2026-07-09T18:17:20Z</time>
			</trkpt>
			<trkpt lat="46.193352" lon="-121.488815">
				<ele>3520.740234</ele>
				<time>2026-07-09T18:17:23Z</time>
			</trkpt>
			<trkpt lat="46.193325" lon="-121.488831">
				<ele>3519.947998</ele>
				<time>2026-07-09T18:17:27Z</time>
			</trkpt>
			<trkpt lat="46.193295" lon="-121.488846">
				<ele>3520.112305</ele>
				<time>2026-07-09T18:17:30Z</time>
			</trkpt>
			<trkpt lat="46.193207" lon="-121.488869">
				<ele>3518.735352</ele>
				<time>2026-07-09T18:17:43Z</time>
			</trkpt>
			<trkpt lat="46.193188" lon="-121.488876">
				<ele>3518.883057</ele>
				<time>2026-07-09T18:17:46Z</time>
			</trkpt>
			<trkpt lat="46.193138" lon="-121.488899">
				<ele>3517.586182</ele>
				<time>2026-07-09T18:17:53Z</time>
			</trkpt>
			<trkpt lat="46.193069" lon="-121.488884">
				<ele>3516.116943</ele>
				<time>2026-07-09T18:18:03Z</time>
			</trkpt>
			<trkpt lat="46.193047" lon="-121.488892">
				<ele>3516.116699</ele>
				<time>2026-07-09T18:18:07Z</time>
			</trkpt>
			<trkpt lat="46.192982" lon="-121.488907">
				<ele>3514.607178</ele>
				<time>2026-07-09T18:18:16Z</time>
			</trkpt>
			<trkpt lat="46.192959" lon="-121.488907">
				<ele>3514.618164</ele>
				<time>2026-07-09T18:18:20Z</time>
			</trkpt>
			<trkpt lat="46.192917" lon="-121.488914">
				<ele>3513.810303</ele>
				<time>2026-07-09T18:18:27Z</time>
			</trkpt>
			<trkpt lat="46.192787" lon="-121.488899">
				<ele>3510.747314</ele>
				<time>2026-07-09T18:18:43Z</time>
			</trkpt>
			<trkpt lat="46.192764" lon="-121.488892">
				<ele>3510.624756</ele>
				<time>2026-07-09T18:18:46Z</time>
			</trkpt>
			<trkpt lat="46.192745" lon="-121.488876">
				<ele>3511.023926</ele>
				<time>2026-07-09T18:18:49Z</time>
			</trkpt>
			<trkpt lat="46.192703" lon="-121.488846">
				<ele>3509.363525</ele>
				<time>2026-07-09T18:18:54Z</time>
			</trkpt>
			<trkpt lat="46.192684" lon="-121.488838">
				<ele>3509.772705</ele>
				<time>2026-07-09T18:18:57Z</time>
			</trkpt>
			<trkpt lat="46.192661" lon="-121.488831">
				<ele>3509.029053</ele>
				<time>2026-07-09T18:19:00Z</time>
			</trkpt>
			<trkpt lat="46.192638" lon="-121.488823">
				<ele>3509.124756</ele>
				<time>2026-07-09T18:19:03Z</time>
			</trkpt>
			<trkpt lat="46.192554" lon="-121.4888">
				<ele>3507.55835</ele>
				<time>2026-07-09T18:19:14Z</time>
			</trkpt>
			<trkpt lat="46.192532" lon="-121.488792">
				<ele>3508.356201</ele>
				<time>2026-07-09T18:19:17Z</time>
			</trkpt>
			<trkpt lat="46.192513" lon="-121.488792">
				<ele>3507.911133</ele>
				<time>2026-07-09T18:19:19Z</time>
			</trkpt>
			<trkpt lat="46.192467" lon="-121.488785">
				<ele>3507.617432</ele>
				<time>2026-07-09T18:19:25Z</time>
			</trkpt>
			<trkpt lat="46.192444" lon="-121.488777">
				<ele>3507.665527</ele>
				<time>2026-07-09T18:19:29Z</time>
			</trkpt>
			<trkpt lat="46.192421" lon="-121.488777">
				<ele>3507.633545</ele>
				<time>2026-07-09T18:19:33Z</time>
			</trkpt>
			<trkpt lat="46.192402" lon="-121.48877">
				<ele>3506.736328</ele>
				<time>2026-07-09T18:19:35Z</time>
			</trkpt>
			<trkpt lat="46.192379" lon="-121.488762">
				<ele>3506.770264</ele>
				<time>2026-07-09T18:19:38Z</time>
			</trkpt>
			<trkpt lat="46.19236" lon="-121.488754">
				<ele>3506.312012</ele>
				<time>2026-07-09T18:19:41Z</time>
			</trkpt>
			<trkpt lat="46.192337" lon="-121.488754">
				<ele>3506.692139</ele>
				<time>2026-07-09T18:19:43Z</time>
			</trkpt>
			<trkpt lat="46.192276" lon="-121.488747">
				<ele>3505.44165</ele>
				<time>2026-07-09T18:19:51Z</time>
			</trkpt>
			<trkpt lat="46.192253" lon="-121.488739">
				<ele>3505.950439</ele>
				<time>2026-07-09T18:19:54Z</time>
			</trkpt>
			<trkpt lat="46.19223" lon="-121.488731">
				<ele>3504.962158</ele>
				<time>2026-07-09T18:19:57Z</time>
			</trkpt>
			<trkpt lat="46.192207" lon="-121.488724">
				<ele>3504.766113</ele>
				<time>2026-07-09T18:20:00Z</time>
			</trkpt>
			<trkpt lat="46.192188" lon="-121.488731">
				<ele>3504.987549</ele>
				<time>2026-07-09T18:20:03Z</time>
			</trkpt>
			<trkpt lat="46.192165" lon="-121.488724">
				<ele>3504.089355</ele>
				<time>2026-07-09T18:20:06Z</time>
			</trkpt>
			<trkpt lat="46.192139" lon="-121.488731">
				<ele>3504.990234</ele>
				<time>2026-07-09T18:20:09Z</time>
			</trkpt>
			<trkpt lat="46.192116" lon="-121.488739">
				<ele>3503.431885</ele>
				<time>2026-07-09T18:20:15Z</time>
			</trkpt>
			<trkpt lat="46.192089" lon="-121.488747">
				<ele>3503.675293</ele>
				<time>2026-07-09T18:20:18Z</time>
			</trkpt>
			<trkpt lat="46.19207" lon="-121.488747">
				<ele>3502.86377</ele>
				<time>2026-07-09T18:20:21Z</time>
			</trkpt>
			<trkpt lat="46.192047" lon="-121.488754">
				<ele>3502.976563</ele>
				<time>2026-07-09T18:20:24Z</time>
			</trkpt>
			<trkpt lat="46.192032" lon="-121.488777">
				<ele>3502.447998</ele>
				<time>2026-07-09T18:20:27Z</time>
			</trkpt>
			<trkpt lat="46.192017" lon="-121.488831">
				<ele>3502.87915</ele>
				<time>2026-07-09T18:20:33Z</time>
			</trkpt>
			<trkpt lat="46.192013" lon="-121.488861">
				<ele>3503.537842</ele>
				<time>2026-07-09T18:20:36Z</time>
			</trkpt>
			<trkpt lat="46.192097" lon="-121.488922">
				<ele>3500.062988</ele>
				<time>2026-07-09T18:21:39Z</time>
			</trkpt>
			<trkpt lat="46.192097" lon="-121.48896">
				<ele>3499.804688</ele>
				<time>2026-07-09T18:21:44Z</time>
			</trkpt>
			<trkpt lat="46.192085" lon="-121.488991">
				<ele>3498.667236</ele>
				<time>2026-07-09T18:21:47Z</time>
			</trkpt>
			<trkpt lat="46.192043" lon="-121.489021">
				<ele>3499.560791</ele>
				<time>2026-07-09T18:22:01Z</time>
			</trkpt>
			<trkpt lat="46.192059" lon="-121.488968">
				<ele>3499.746582</ele>
				<time>2026-07-09T18:23:07Z</time>
			</trkpt>
			<trkpt lat="46.192036" lon="-121.48893">
				<ele>3502.159424</ele>
				<time>2026-07-09T18:23:18Z</time>
			</trkpt>
			<trkpt lat="46.192028" lon="-121.488884">
				<ele>3502.070068</ele>
				<time>2026-07-09T18:23:23Z</time>
			</trkpt>
			<trkpt lat="46.192001" lon="-121.488876">
				<ele>3503.671631</ele>
				<time>2026-07-09T18:23:34Z</time>
			</trkpt>
			<trkpt lat="46.191998" lon="-121.488815">
				<ele>3503.193848</ele>
				<time>2026-07-09T18:40:22Z</time>
			</trkpt>
			<trkpt lat="46.19199" lon="-121.488762">
				<ele>3502.268555</ele>
				<time>2026-07-09T18:40:29Z</time>
			</trkpt>
			<trkpt lat="46.192017" lon="-121.48867">
				<ele>3502.976074</ele>
				<time>2026-07-09T18:40:49Z</time>
			</trkpt>
			<trkpt lat="46.19202" lon="-121.488625">
				<ele>3502.287842</ele>
				<time>2026-07-09T18:40:54Z</time>
			</trkpt>
			<trkpt lat="46.191982" lon="-121.488579">
				<ele>3500.860596</ele>
				<time>2026-07-09T18:41:54Z</time>
			</trkpt>
			<trkpt lat="46.191868" lon="-121.488579">
				<ele>3493.264404</ele>
				<time>2026-07-09T18:42:03Z</time>
			</trkpt>
			<trkpt lat="46.191822" lon="-121.488548">
				<ele>3491.357422</ele>
				<time>2026-07-09T18:42:07Z</time>
			</trkpt>
			<trkpt lat="46.191635" lon="-121.48851">
				<ele>3479.52002</ele>
				<time>2026-07-09T18:42:31Z</time>
			</trkpt>
			<trkpt lat="46.191578" lon="-121.48848">
				<ele>3473.804688</ele>
				<time>2026-07-09T18:42:39Z</time>
			</trkpt>
			<trkpt lat="46.19146" lon="-121.488472">
				<ele>3465.035645</ele>
				<time>2026-07-09T18:42:50Z</time>
			</trkpt>
			<trkpt lat="46.191124" lon="-121.48838">
				<ele>3442.710205</ele>
				<time>2026-07-09T18:43:25Z</time>
			</trkpt>
			<trkpt lat="46.191074" lon="-121.488358">
				<ele>3437.959473</ele>
				<time>2026-07-09T18:43:30Z</time>
			</trkpt>
			<trkpt lat="46.190956" lon="-121.488335">
				<ele>3432.479492</ele>
				<time>2026-07-09T18:43:40Z</time>
			</trkpt>
			<trkpt lat="46.190731" lon="-121.488213">
				<ele>3414.576416</ele>
				<time>2026-07-09T18:44:01Z</time>
			</trkpt>
			<trkpt lat="46.190666" lon="-121.488213">
				<ele>3411.29834</ele>
				<time>2026-07-09T18:44:05Z</time>
			</trkpt>
			<trkpt lat="46.190609" lon="-121.488213">
				<ele>3405.28125</ele>
				<time>2026-07-09T18:44:09Z</time>
			</trkpt>
			<trkpt lat="46.190372" lon="-121.488182">
				<ele>3391.179443</ele>
				<time>2026-07-09T18:44:23Z</time>
			</trkpt>
			<trkpt lat="46.190022" lon="-121.487984">
				<ele>3372.387939</ele>
				<time>2026-07-09T18:45:26Z</time>
			</trkpt>
			<trkpt lat="46.189877" lon="-121.487923">
				<ele>3362.871094</ele>
				<time>2026-07-09T18:45:39Z</time>
			</trkpt>
			<trkpt lat="46.189823" lon="-121.487915">
				<ele>3357.131348</ele>
				<time>2026-07-09T18:45:43Z</time>
			</trkpt>
			<trkpt lat="46.189579" lon="-121.487816">
				<ele>3344.914307</ele>
				<time>2026-07-09T18:46:08Z</time>
			</trkpt>
			<trkpt lat="46.189327" lon="-121.48774">
				<ele>3326.963135</ele>
				<time>2026-07-09T18:46:31Z</time>
			</trkpt>
			<trkpt lat="46.188728" lon="-121.487572">
				<ele>3291.937256</ele>
				<time>2026-07-09T18:49:09Z</time>
			</trkpt>
			<trkpt lat="46.188492" lon="-121.487434">
				<ele>3279.179199</ele>
				<time>2026-07-09T18:49:26Z</time>
			</trkpt>
			<trkpt lat="46.188381" lon="-121.487335">
				<ele>3273.882568</ele>
				<time>2026-07-09T18:49:34Z</time>
			</trkpt>
			<trkpt lat="46.188286" lon="-121.487175">
				<ele>3268.166504</ele>
				<time>2026-07-09T18:50:41Z</time>
			</trkpt>
			<trkpt lat="46.188236" lon="-121.487167">
				<ele>3265.44873</ele>
				<time>2026-07-09T18:52:57Z</time>
			</trkpt>
			<trkpt lat="46.188175" lon="-121.487076">
				<ele>3260.906006</ele>
				<time>2026-07-09T18:53:41Z</time>
			</trkpt>
			<trkpt lat="46.188007" lon="-121.486946">
				<ele>3252.496338</ele>
				<time>2026-07-09T18:53:56Z</time>
			</trkpt>
			<trkpt lat="46.187851" lon="-121.486832">
				<ele>3241.902832</ele>
				<time>2026-07-09T18:54:10Z</time>
			</trkpt>
			<trkpt lat="46.187756" lon="-121.486771">
				<ele>3238.235352</ele>
				<time>2026-07-09T18:54:18Z</time>
			</trkpt>
			<trkpt lat="46.187683" lon="-121.48671">
				<ele>3233.163086</ele>
				<time>2026-07-09T18:54:26Z</time>
			</trkpt>
			<trkpt lat="46.187649" lon="-121.486679">
				<ele>3232.137939</ele>
				<time>2026-07-09T18:54:30Z</time>
			</trkpt>
			<trkpt lat="46.187523" lon="-121.486595">
				<ele>3225.452637</ele>
				<time>2026-07-09T18:54:41Z</time>
			</trkpt>
			<trkpt lat="46.187462" lon="-121.486504">
				<ele>3221.699707</ele>
				<time>2026-07-09T18:54:48Z</time>
			</trkpt>
			<trkpt lat="46.187344" lon="-121.486443">
				<ele>3216.768066</ele>
				<time>2026-07-09T18:54:59Z</time>
			</trkpt>
			<trkpt lat="46.187244" lon="-121.486374">
				<ele>3210.943604</ele>
				<time>2026-07-09T18:55:10Z</time>
			</trkpt>
			<trkpt lat="46.187195" lon="-121.486336">
				<ele>3209.203125</ele>
				<time>2026-07-09T18:55:16Z</time>
			</trkpt>
			<trkpt lat="46.187145" lon="-121.486282">
				<ele>3204.367188</ele>
				<time>2026-07-09T18:55:22Z</time>
			</trkpt>
			<trkpt lat="46.186924" lon="-121.486115">
				<ele>3193.160645</ele>
				<time>2026-07-09T18:55:50Z</time>
			</trkpt>
			<trkpt lat="46.18663" lon="-121.48597">
				<ele>3170.589844</ele>
				<time>2026-07-09T18:56:22Z</time>
			</trkpt>
			<trkpt lat="46.186584" lon="-121.485939">
				<ele>3168.469238</ele>
				<time>2026-07-09T18:56:26Z</time>
			</trkpt>
			<trkpt lat="46.186443" lon="-121.485916">
				<ele>3160.518555</ele>
				<time>2026-07-09T18:56:36Z</time>
			</trkpt>
			<trkpt lat="46.186249" lon="-121.485817">
				<ele>3144.187988</ele>
				<time>2026-07-09T18:56:48Z</time>
			</trkpt>
			<trkpt lat="46.186104" lon="-121.48571">
				<ele>3133.797852</ele>
				<time>2026-07-09T18:57:00Z</time>
			</trkpt>
			<trkpt lat="46.185833" lon="-121.485558">
				<ele>3112.876465</ele>
				<time>2026-07-09T18:57:18Z</time>
			</trkpt>
			<trkpt lat="46.185612" lon="-121.485474">
				<ele>3101.67334</ele>
				<time>2026-07-09T18:57:35Z</time>
			</trkpt>
			<trkpt lat="46.185314" lon="-121.485336">
				<ele>3079.598145</ele>
				<time>2026-07-09T18:57:54Z</time>
			</trkpt>
			<trkpt lat="46.18528" lon="-121.485313">
				<ele>3079.013916</ele>
				<time>2026-07-09T18:57:56Z</time>
			</trkpt>
			<trkpt lat="46.185146" lon="-121.485283">
				<ele>3072.202393</ele>
				<time>2026-07-09T18:58:04Z</time>
			</trkpt>
			<trkpt lat="46.18502" lon="-121.485207">
				<ele>3061.729736</ele>
				<time>2026-07-09T18:58:13Z</time>
			</trkpt>
			<trkpt lat="46.184914" lon="-121.485184">
				<ele>3058.290283</ele>
				<time>2026-07-09T18:58:19Z</time>
			</trkpt>
			<trkpt lat="46.18486" lon="-121.485184">
				<ele>3057.699463</ele>
				<time>2026-07-09T18:58:22Z</time>
			</trkpt>
			<trkpt lat="46.184803" lon="-121.485161">
				<ele>3056.12915</ele>
				<time>2026-07-09T18:58:25Z</time>
			</trkpt>
			<trkpt lat="46.184597" lon="-121.485062">
				<ele>3043.057861</ele>
				<time>2026-07-09T18:58:39Z</time>
			</trkpt>
			<trkpt lat="46.184593" lon="-121.485107">
				<ele>3044.146484</ele>
				<time>2026-07-09T19:00:30Z</time>
			</trkpt>
			<trkpt lat="46.184547" lon="-121.485092">
				<ele>3041.118164</ele>
				<time>2026-07-09T19:00:37Z</time>
			</trkpt>
			<trkpt lat="46.184467" lon="-121.485023">
				<ele>3035.848633</ele>
				<time>2026-07-09T19:00:48Z</time>
			</trkpt>
			<trkpt lat="46.184334" lon="-121.48494">
				<ele>3030.549316</ele>
				<time>2026-07-09T19:01:01Z</time>
			</trkpt>
			<trkpt lat="46.184296" lon="-121.484924">
				<ele>3027.171631</ele>
				<time>2026-07-09T19:01:05Z</time>
			</trkpt>
			<trkpt lat="46.184196" lon="-121.484871">
				<ele>3024.380127</ele>
				<time>2026-07-09T19:01:14Z</time>
			</trkpt>
			<trkpt lat="46.184135" lon="-121.484848">
				<ele>3020.783447</ele>
				<time>2026-07-09T19:01:20Z</time>
			</trkpt>
			<trkpt lat="46.184013" lon="-121.484779">
				<ele>3015.23291</ele>
				<time>2026-07-09T19:01:33Z</time>
			</trkpt>
			<trkpt lat="46.183903" lon="-121.484741">
				<ele>3008.710693</ele>
				<time>2026-07-09T19:01:41Z</time>
			</trkpt>
			<trkpt lat="46.183846" lon="-121.484734">
				<ele>3007.239502</ele>
				<time>2026-07-09T19:01:44Z</time>
			</trkpt>
			<trkpt lat="46.183685" lon="-121.484642">
				<ele>2996.704834</ele>
				<time>2026-07-09T19:01:57Z</time>
			</trkpt>
			<trkpt lat="46.183495" lon="-121.484581">
				<ele>2987.830566</ele>
				<time>2026-07-09T19:02:11Z</time>
			</trkpt>
			<trkpt lat="46.183357" lon="-121.484497">
				<ele>2980.988525</ele>
				<time>2026-07-09T19:02:22Z</time>
			</trkpt>
			<trkpt lat="46.183311" lon="-121.484482">
				<ele>2977.233887</ele>
				<time>2026-07-09T19:02:26Z</time>
			</trkpt>
			<trkpt lat="46.183205" lon="-121.484428">
				<ele>2972.912354</ele>
				<time>2026-07-09T19:02:34Z</time>
			</trkpt>
			<trkpt lat="46.183174" lon="-121.484383">
				<ele>2974.357666</ele>
				<time>2026-07-09T19:02:49Z</time>
			</trkpt>
			<trkpt lat="46.18317" lon="-121.484322">
				<ele>2972.181152</ele>
				<time>2026-07-09T19:02:55Z</time>
			</trkpt>
			<trkpt lat="46.183182" lon="-121.484268">
				<ele>2972.513916</ele>
				<time>2026-07-09T19:03:02Z</time>
			</trkpt>
			<trkpt lat="46.183163" lon="-121.48423">
				<ele>2968.197266</ele>
				<time>2026-07-09T19:03:09Z</time>
			</trkpt>
			<trkpt lat="46.183102" lon="-121.48423">
				<ele>2964.459961</ele>
				<time>2026-07-09T19:03:15Z</time>
			</trkpt>
			<trkpt lat="46.183041" lon="-121.484192">
				<ele>2961.352051</ele>
				<time>2026-07-09T19:03:20Z</time>
			</trkpt>
			<trkpt lat="46.182999" lon="-121.484184">
				<ele>2960.646484</ele>
				<time>2026-07-09T19:03:22Z</time>
			</trkpt>
			<trkpt lat="46.182926" lon="-121.484131">
				<ele>2957.751221</ele>
				<time>2026-07-09T19:03:29Z</time>
			</trkpt>
			<trkpt lat="46.182896" lon="-121.484116">
				<ele>2953.974854</ele>
				<time>2026-07-09T19:03:32Z</time>
			</trkpt>
			<trkpt lat="46.182724" lon="-121.484047">
				<ele>2946.249756</ele>
				<time>2026-07-09T19:03:45Z</time>
			</trkpt>
			<trkpt lat="46.182518" lon="-121.484009">
				<ele>2936.699707</ele>
				<time>2026-07-09T19:03:58Z</time>
			</trkpt>
			<trkpt lat="46.182465" lon="-121.484016">
				<ele>2934.363037</ele>
				<time>2026-07-09T19:04:15Z</time>
			</trkpt>
			<trkpt lat="46.182438" lon="-121.484055">
				<ele>2933.053223</ele>
				<time>2026-07-09T19:07:47Z</time>
			</trkpt>
			<trkpt lat="46.1824" lon="-121.484039">
				<ele>2931.648682</ele>
				<time>2026-07-09T19:08:03Z</time>
			</trkpt>
			<trkpt lat="46.182362" lon="-121.484108">
				<ele>2929.403076</ele>
				<time>2026-07-09T19:08:19Z</time>
			</trkpt>
			<trkpt lat="46.182335" lon="-121.484093">
				<ele>2929.590332</ele>
				<time>2026-07-09T19:08:25Z</time>
			</trkpt>
			<trkpt lat="46.182251" lon="-121.484108">
				<ele>2926.348633</ele>
				<time>2026-07-09T19:08:48Z</time>
			</trkpt>
			<trkpt lat="46.182228" lon="-121.4841">
				<ele>2926.348877</ele>
				<time>2026-07-09T19:08:51Z</time>
			</trkpt>
			<trkpt lat="46.182209" lon="-121.484085">
				<ele>2926.362793</ele>
				<time>2026-07-09T19:08:54Z</time>
			</trkpt>
			<trkpt lat="46.182209" lon="-121.484039">
				<ele>2926.666504</ele>
				<time>2026-07-09T19:08:59Z</time>
			</trkpt>
			<trkpt lat="46.182194" lon="-121.484009">
				<ele>2926.267578</ele>
				<time>2026-07-09T19:09:04Z</time>
			</trkpt>
			<trkpt lat="46.182152" lon="-121.484062">
				<ele>2923.433105</ele>
				<time>2026-07-09T19:09:16Z</time>
			</trkpt>
			<trkpt lat="46.182129" lon="-121.484062">
				<ele>2924.618652</ele>
				<time>2026-07-09T19:09:20Z</time>
			</trkpt>
			<trkpt lat="46.18211" lon="-121.484077">
				<ele>2923.610352</ele>
				<time>2026-07-09T19:09:23Z</time>
			</trkpt>
			<trkpt lat="46.182072" lon="-121.484032">
				<ele>2922.596191</ele>
				<time>2026-07-09T19:09:30Z</time>
			</trkpt>
			<trkpt lat="46.182064" lon="-121.484001">
				<ele>2921.169922</ele>
				<time>2026-07-09T19:09:34Z</time>
			</trkpt>
			<trkpt lat="46.182049" lon="-121.483986">
				<ele>2921.244873</ele>
				<time>2026-07-09T19:09:39Z</time>
			</trkpt>
			<trkpt lat="46.181988" lon="-121.484024">
				<ele>2917.218506</ele>
				<time>2026-07-09T19:09:51Z</time>
			</trkpt>
			<trkpt lat="46.181969" lon="-121.484024">
				<ele>2917.356445</ele>
				<time>2026-07-09T19:09:53Z</time>
			</trkpt>
			<trkpt lat="46.181927" lon="-121.484062">
				<ele>2915.277832</ele>
				<time>2026-07-09T19:09:59Z</time>
			</trkpt>
			<trkpt lat="46.181904" lon="-121.484047">
				<ele>2915.619141</ele>
				<time>2026-07-09T19:10:02Z</time>
			</trkpt>
			<trkpt lat="46.181881" lon="-121.484047">
				<ele>2915.003418</ele>
				<time>2026-07-09T19:10:07Z</time>
			</trkpt>
			<trkpt lat="46.181839" lon="-121.484009">
				<ele>2915.528809</ele>
				<time>2026-07-09T19:10:13Z</time>
			</trkpt>
			<trkpt lat="46.181812" lon="-121.484024">
				<ele>2915.72583</ele>
				<time>2026-07-09T19:10:17Z</time>
			</trkpt>
			<trkpt lat="46.181774" lon="-121.484024">
				<ele>2913.835205</ele>
				<time>2026-07-09T19:10:25Z</time>
			</trkpt>
			<trkpt lat="46.181751" lon="-121.484055">
				<ele>2913.814453</ele>
				<time>2026-07-09T19:10:30Z</time>
			</trkpt>
			<trkpt lat="46.181709" lon="-121.484047">
				<ele>2911.738037</ele>
				<time>2026-07-09T19:10:39Z</time>
			</trkpt>
			<trkpt lat="46.181694" lon="-121.48407">
				<ele>2912.485596</ele>
				<time>2026-07-09T19:10:41Z</time>
			</trkpt>
			<trkpt lat="46.181656" lon="-121.484039">
				<ele>2911.234375</ele>
				<time>2026-07-09T19:10:48Z</time>
			</trkpt>
			<trkpt lat="46.181583" lon="-121.484062">
				<ele>2908.48291</ele>
				<time>2026-07-09T19:11:02Z</time>
			</trkpt>
			<trkpt lat="46.181557" lon="-121.484047">
				<ele>2908.014648</ele>
				<time>2026-07-09T19:11:05Z</time>
			</trkpt>
			<trkpt lat="46.181526" lon="-121.484001">
				<ele>2908.705322</ele>
				<time>2026-07-09T19:11:10Z</time>
			</trkpt>
			<trkpt lat="46.181488" lon="-121.483994">
				<ele>2907.054932</ele>
				<time>2026-07-09T19:11:18Z</time>
			</trkpt>
			<trkpt lat="46.181473" lon="-121.483978">
				<ele>2907.249023</ele>
				<time>2026-07-09T19:11:22Z</time>
			</trkpt>
			<trkpt lat="46.181458" lon="-121.483948">
				<ele>2906.12085</ele>
				<time>2026-07-09T19:11:25Z</time>
			</trkpt>
			<trkpt lat="46.181427" lon="-121.483932">
				<ele>2906.544434</ele>
				<time>2026-07-09T19:11:28Z</time>
			</trkpt>
			<trkpt lat="46.181431" lon="-121.483902">
				<ele>2906.636719</ele>
				<time>2026-07-09T19:11:30Z</time>
			</trkpt>
			<trkpt lat="46.181393" lon="-121.483856">
				<ele>2905.455566</ele>
				<time>2026-07-09T19:11:36Z</time>
			</trkpt>
			<trkpt lat="46.181374" lon="-121.483841">
				<ele>2905.514648</ele>
				<time>2026-07-09T19:11:39Z</time>
			</trkpt>
			<trkpt lat="46.181313" lon="-121.48381">
				<ele>2903.437744</ele>
				<time>2026-07-09T19:11:50Z</time>
			</trkpt>
			<trkpt lat="46.181297" lon="-121.483833">
				<ele>2902.572021</ele>
				<time>2026-07-09T19:11:53Z</time>
			</trkpt>
			<trkpt lat="46.181267" lon="-121.483826">
				<ele>2902.694092</ele>
				<time>2026-07-09T19:11:57Z</time>
			</trkpt>
			<trkpt lat="46.181232" lon="-121.483917">
				<ele>2901.936279</ele>
				<time>2026-07-09T19:12:16Z</time>
			</trkpt>
			<trkpt lat="46.181202" lon="-121.483971">
				<ele>2900.184326</ele>
				<time>2026-07-09T19:12:23Z</time>
			</trkpt>
			<trkpt lat="46.181183" lon="-121.483963">
				<ele>2899.50293</ele>
				<time>2026-07-09T19:12:27Z</time>
			</trkpt>
			<trkpt lat="46.181164" lon="-121.484062">
				<ele>2898.038574</ele>
				<time>2026-07-09T19:12:50Z</time>
			</trkpt>
			<trkpt lat="46.181137" lon="-121.484085">
				<ele>2898.699707</ele>
				<time>2026-07-09T19:12:56Z</time>
			</trkpt>
			<trkpt lat="46.181103" lon="-121.484032">
				<ele>2896.253662</ele>
				<time>2026-07-09T19:13:04Z</time>
			</trkpt>
			<trkpt lat="46.181087" lon="-121.484055">
				<ele>2895.65918</ele>
				<time>2026-07-09T19:13:07Z</time>
			</trkpt>
			<trkpt lat="46.181065" lon="-121.484047">
				<ele>2895.604004</ele>
				<time>2026-07-09T19:13:12Z</time>
			</trkpt>
			<trkpt lat="46.181049" lon="-121.48407">
				<ele>2893.865967</ele>
				<time>2026-07-09T19:13:21Z</time>
			</trkpt>
			<trkpt lat="46.180977" lon="-121.484108">
				<ele>2891.13916</ele>
				<time>2026-07-09T19:14:06Z</time>
			</trkpt>
			<trkpt lat="46.18095" lon="-121.484123">
				<ele>2891.433594</ele>
				<time>2026-07-09T19:14:09Z</time>
			</trkpt>
			<trkpt lat="46.180916" lon="-121.484169">
				<ele>2888.139893</ele>
				<time>2026-07-09T19:14:23Z</time>
			</trkpt>
			<trkpt lat="46.180904" lon="-121.4842">
				<ele>2888.712402</ele>
				<time>2026-07-09T19:14:36Z</time>
			</trkpt>
			<trkpt lat="46.180862" lon="-121.484215">
				<ele>2886.587158</ele>
				<time>2026-07-09T19:14:47Z</time>
			</trkpt>
			<trkpt lat="46.18084" lon="-121.484222">
				<ele>2886.886963</ele>
				<time>2026-07-09T19:14:52Z</time>
			</trkpt>
			<trkpt lat="46.180824" lon="-121.484238">
				<ele>2884.868896</ele>
				<time>2026-07-09T19:14:57Z</time>
			</trkpt>
			<trkpt lat="46.180817" lon="-121.484268">
				<ele>2884.262207</ele>
				<time>2026-07-09T19:15:01Z</time>
			</trkpt>
			<trkpt lat="46.180779" lon="-121.484253">
				<ele>2881.061523</ele>
				<time>2026-07-09T19:15:12Z</time>
			</trkpt>
			<trkpt lat="46.180737" lon="-121.484276">
				<ele>2879.880371</ele>
				<time>2026-07-09T19:15:29Z</time>
			</trkpt>
			<trkpt lat="46.180656" lon="-121.484291">
				<ele>2875.340332</ele>
				<time>2026-07-09T19:16:01Z</time>
			</trkpt>
			<trkpt lat="46.180618" lon="-121.484329">
				<ele>2873.095215</ele>
				<time>2026-07-09T19:16:27Z</time>
			</trkpt>
			<trkpt lat="46.18058" lon="-121.484322">
				<ele>2871.765381</ele>
				<time>2026-07-09T19:16:32Z</time>
			</trkpt>
			<trkpt lat="46.18055" lon="-121.484352">
				<ele>2870.183838</ele>
				<time>2026-07-09T19:16:36Z</time>
			</trkpt>
			<trkpt lat="46.180523" lon="-121.48439">
				<ele>2870.189941</ele>
				<time>2026-07-09T19:16:40Z</time>
			</trkpt>
			<trkpt lat="46.180489" lon="-121.484406">
				<ele>2869.88916</ele>
				<time>2026-07-09T19:16:43Z</time>
			</trkpt>
			<trkpt lat="46.180435" lon="-121.484421">
				<ele>2868.098145</ele>
				<time>2026-07-09T19:16:49Z</time>
			</trkpt>
			<trkpt lat="46.180275" lon="-121.484436">
				<ele>2861.00293</ele>
				<time>2026-07-09T19:17:07Z</time>
			</trkpt>
			<trkpt lat="46.180229" lon="-121.484474">
				<ele>2860.25293</ele>
				<time>2026-07-09T19:17:14Z</time>
			</trkpt>
			<trkpt lat="46.180206" lon="-121.484489">
				<ele>2861.148193</ele>
				<time>2026-07-09T19:17:17Z</time>
			</trkpt>
			<trkpt lat="46.180149" lon="-121.484512">
				<ele>2857.491211</ele>
				<time>2026-07-09T19:17:23Z</time>
			</trkpt>
			<trkpt lat="46.18013" lon="-121.484535">
				<ele>2857.104004</ele>
				<time>2026-07-09T19:17:25Z</time>
			</trkpt>
			<trkpt lat="46.180065" lon="-121.484573">
				<ele>2853.81543</ele>
				<time>2026-07-09T19:17:32Z</time>
			</trkpt>
			<trkpt lat="46.180038" lon="-121.484573">
				<ele>2854.777832</ele>
				<time>2026-07-09T19:17:34Z</time>
			</trkpt>
			<trkpt lat="46.17992" lon="-121.484612">
				<ele>2849.614258</ele>
				<time>2026-07-09T19:17:48Z</time>
			</trkpt>
			<trkpt lat="46.179893" lon="-121.484612">
				<ele>2850.324707</ele>
				<time>2026-07-09T19:17:51Z</time>
			</trkpt>
			<trkpt lat="46.179852" lon="-121.484619">
				<ele>2849.9104</ele>
				<time>2026-07-09T19:17:56Z</time>
			</trkpt>
			<trkpt lat="46.179829" lon="-121.484634">
				<ele>2848.931396</ele>
				<time>2026-07-09T19:17:59Z</time>
			</trkpt>
			<trkpt lat="46.17981" lon="-121.484642">
				<ele>2848.937988</ele>
				<time>2026-07-09T19:18:01Z</time>
			</trkpt>
			<trkpt lat="46.17979" lon="-121.484642">
				<ele>2847.19873</ele>
				<time>2026-07-09T19:18:03Z</time>
			</trkpt>
			<trkpt lat="46.179764" lon="-121.48465">
				<ele>2847.057617</ele>
				<time>2026-07-09T19:18:06Z</time>
			</trkpt>
			<trkpt lat="46.179745" lon="-121.484665">
				<ele>2846.308838</ele>
				<time>2026-07-09T19:18:09Z</time>
			</trkpt>
			<trkpt lat="46.179714" lon="-121.484665">
				<ele>2846.197998</ele>
				<time>2026-07-09T19:18:12Z</time>
			</trkpt>
			<trkpt lat="46.179688" lon="-121.48468">
				<ele>2844.371826</ele>
				<time>2026-07-09T19:18:15Z</time>
			</trkpt>
			<trkpt lat="46.179665" lon="-121.484688">
				<ele>2844.368896</ele>
				<time>2026-07-09T19:18:18Z</time>
			</trkpt>
			<trkpt lat="46.179623" lon="-121.484711">
				<ele>2843.450684</ele>
				<time>2026-07-09T19:18:22Z</time>
			</trkpt>
			<trkpt lat="46.179577" lon="-121.484741">
				<ele>2841.076172</ele>
				<time>2026-07-09T19:18:33Z</time>
			</trkpt>
			<trkpt lat="46.179562" lon="-121.484764">
				<ele>2841.236816</ele>
				<time>2026-07-09T19:18:35Z</time>
			</trkpt>
			<trkpt lat="46.17952" lon="-121.484787">
				<ele>2839.803711</ele>
				<time>2026-07-09T19:18:41Z</time>
			</trkpt>
			<trkpt lat="46.179474" lon="-121.484795">
				<ele>2839.387695</ele>
				<time>2026-07-09T19:18:45Z</time>
			</trkpt>
			<trkpt lat="46.179405" lon="-121.48481">
				<ele>2836.331787</ele>
				<time>2026-07-09T19:18:57Z</time>
			</trkpt>
			<trkpt lat="46.179356" lon="-121.484856">
				<ele>2834.952881</ele>
				<time>2026-07-09T19:19:04Z</time>
			</trkpt>
			<trkpt lat="46.179195" lon="-121.484879">
				<ele>2828.464111</ele>
				<time>2026-07-09T19:19:26Z</time>
			</trkpt>
			<trkpt lat="46.179138" lon="-121.484917">
				<ele>2825.919678</ele>
				<time>2026-07-09T19:19:34Z</time>
			</trkpt>
			<trkpt lat="46.179119" lon="-121.484932">
				<ele>2826.026123</ele>
				<time>2026-07-09T19:19:36Z</time>
			</trkpt>
			<trkpt lat="46.179096" lon="-121.484947">
				<ele>2825.895996</ele>
				<time>2026-07-09T19:19:39Z</time>
			</trkpt>
			<trkpt lat="46.179073" lon="-121.484962">
				<ele>2825.942871</ele>
				<time>2026-07-09T19:19:41Z</time>
			</trkpt>
			<trkpt lat="46.179001" lon="-121.484985">
				<ele>2823.314941</ele>
				<time>2026-07-09T19:19:51Z</time>
			</trkpt>
			<trkpt lat="46.178905" lon="-121.485016">
				<ele>2821.043457</ele>
				<time>2026-07-09T19:20:04Z</time>
			</trkpt>
			<trkpt lat="46.178867" lon="-121.485054">
				<ele>2818.306885</ele>
				<time>2026-07-09T19:20:10Z</time>
			</trkpt>
			<trkpt lat="46.178772" lon="-121.485092">
				<ele>2816.260742</ele>
				<time>2026-07-09T19:20:22Z</time>
			</trkpt>
			<trkpt lat="46.178753" lon="-121.485107">
				<ele>2815.29834</ele>
				<time>2026-07-09T19:20:24Z</time>
			</trkpt>
			<trkpt lat="46.178734" lon="-121.485115">
				<ele>2815.387451</ele>
				<time>2026-07-09T19:20:28Z</time>
			</trkpt>
			<trkpt lat="46.178669" lon="-121.485168">
				<ele>2813.253174</ele>
				<time>2026-07-09T19:20:37Z</time>
			</trkpt>
			<trkpt lat="46.178646" lon="-121.485176">
				<ele>2814.069092</ele>
				<time>2026-07-09T19:20:40Z</time>
			</trkpt>
			<trkpt lat="46.178612" lon="-121.485222">
				<ele>2810.955322</ele>
				<time>2026-07-09T19:20:46Z</time>
			</trkpt>
			<trkpt lat="46.178593" lon="-121.485245">
				<ele>2810.412354</ele>
				<time>2026-07-09T19:20:50Z</time>
			</trkpt>
			<trkpt lat="46.178577" lon="-121.48526">
				<ele>2810.66748</ele>
				<time>2026-07-09T19:20:52Z</time>
			</trkpt>
			<trkpt lat="46.178558" lon="-121.485268">
				<ele>2810.588867</ele>
				<time>2026-07-09T19:20:55Z</time>
			</trkpt>
			<trkpt lat="46.178486" lon="-121.485306">
				<ele>2807.798584</ele>
				<time>2026-07-09T19:21:04Z</time>
			</trkpt>
			<trkpt lat="46.178471" lon="-121.485321">
				<ele>2807.925537</ele>
				<time>2026-07-09T19:21:06Z</time>
			</trkpt>
			<trkpt lat="46.178459" lon="-121.485352">
				<ele>2806.737549</ele>
				<time>2026-07-09T19:21:09Z</time>
			</trkpt>
			<trkpt lat="46.178402" lon="-121.48542">
				<ele>2805.203125</ele>
				<time>2026-07-09T19:21:15Z</time>
			</trkpt>
			<trkpt lat="46.178379" lon="-121.485435">
				<ele>2803.527344</ele>
				<time>2026-07-09T19:21:18Z</time>
			</trkpt>
			<trkpt lat="46.178356" lon="-121.485458">
				<ele>2803.331055</ele>
				<time>2026-07-09T19:21:20Z</time>
			</trkpt>
			<trkpt lat="46.178341" lon="-121.485481">
				<ele>2802.246094</ele>
				<time>2026-07-09T19:21:23Z</time>
			</trkpt>
			<trkpt lat="46.178322" lon="-121.485497">
				<ele>2802.186523</ele>
				<time>2026-07-09T19:21:25Z</time>
			</trkpt>
			<trkpt lat="46.178299" lon="-121.485504">
				<ele>2800.327881</ele>
				<time>2026-07-09T19:21:28Z</time>
			</trkpt>
			<trkpt lat="46.178223" lon="-121.485565">
				<ele>2798.502197</ele>
				<time>2026-07-09T19:21:37Z</time>
			</trkpt>
			<trkpt lat="46.178162" lon="-121.485565">
				<ele>2795.432617</ele>
				<time>2026-07-09T19:21:50Z</time>
			</trkpt>
			<trkpt lat="46.178123" lon="-121.485588">
				<ele>2794.460205</ele>
				<time>2026-07-09T19:21:55Z</time>
			</trkpt>
			<trkpt lat="46.178108" lon="-121.485611">
				<ele>2794.598877</ele>
				<time>2026-07-09T19:21:57Z</time>
			</trkpt>
			<trkpt lat="46.178085" lon="-121.485619">
				<ele>2793.407959</ele>
				<time>2026-07-09T19:22:00Z</time>
			</trkpt>
			<trkpt lat="46.17807" lon="-121.485596">
				<ele>2792.199219</ele>
				<time>2026-07-09T19:22:04Z</time>
			</trkpt>
			<trkpt lat="46.178051" lon="-121.485588">
				<ele>2792.506836</ele>
				<time>2026-07-09T19:22:06Z</time>
			</trkpt>
			<trkpt lat="46.178032" lon="-121.485565">
				<ele>2792.471191</ele>
				<time>2026-07-09T19:22:09Z</time>
			</trkpt>
			<trkpt lat="46.178001" lon="-121.485519">
				<ele>2791.348633</ele>
				<time>2026-07-09T19:22:16Z</time>
			</trkpt>
			<trkpt lat="46.177971" lon="-121.485519">
				<ele>2790.918945</ele>
				<time>2026-07-09T19:22:19Z</time>
			</trkpt>
			<trkpt lat="46.17794" lon="-121.485519">
				<ele>2790.89209</ele>
				<time>2026-07-09T19:22:21Z</time>
			</trkpt>
			<trkpt lat="46.177876" lon="-121.485497">
				<ele>2789.861084</ele>
				<time>2026-07-09T19:22:30Z</time>
			</trkpt>
			<trkpt lat="46.177856" lon="-121.485481">
				<ele>2789.831055</ele>
				<time>2026-07-09T19:22:33Z</time>
			</trkpt>
			<trkpt lat="46.177811" lon="-121.485451">
				<ele>2792.339355</ele>
				<time>2026-07-09T19:22:42Z</time>
			</trkpt>
			<trkpt lat="46.177773" lon="-121.48542">
				<ele>2792.198975</ele>
				<time>2026-07-09T19:22:48Z</time>
			</trkpt>
			<trkpt lat="46.177746" lon="-121.485405">
				<ele>2793.103516</ele>
				<time>2026-07-09T19:22:52Z</time>
			</trkpt>
			<trkpt lat="46.177727" lon="-121.485374">
				<ele>2791.937744</ele>
				<time>2026-07-09T19:22:56Z</time>
			</trkpt>
			<trkpt lat="46.177711" lon="-121.485344">
				<ele>2792.653809</ele>
				<time>2026-07-09T19:23:01Z</time>
			</trkpt>
			<trkpt lat="46.177711" lon="-121.485313">
				<ele>2792.601807</ele>
				<time>2026-07-09T19:23:05Z</time>
			</trkpt>
			<trkpt lat="46.177689" lon="-121.485291">
				<ele>2793.066406</ele>
				<time>2026-07-09T19:23:18Z</time>
			</trkpt>
			<trkpt lat="46.17765" lon="-121.485252">
				<ele>2792.239502</ele>
				<time>2026-07-09T19:23:31Z</time>
			</trkpt>
			<trkpt lat="46.177608" lon="-121.485229">
				<ele>2789.899658</ele>
				<time>2026-07-09T19:23:53Z</time>
			</trkpt>
			<trkpt lat="46.177582" lon="-121.485245">
				<ele>2789.505127</ele>
				<time>2026-07-09T19:24:00Z</time>
			</trkpt>
			<trkpt lat="46.17754" lon="-121.485275">
				<ele>2789.2771</ele>
				<time>2026-07-09T19:24:10Z</time>
			</trkpt>
			<trkpt lat="46.177582" lon="-121.485306">
				<ele>2788.248291</ele>
				<time>2026-07-09T19:24:26Z</time>
			</trkpt>
			<trkpt lat="46.177624" lon="-121.485329">
				<ele>2789.979492</ele>
				<time>2026-07-09T19:24:34Z</time>
			</trkpt>
			<trkpt lat="46.177601" lon="-121.485298">
				<ele>2789.469482</ele>
				<time>2026-07-09T19:24:49Z</time>
			</trkpt>
			<trkpt lat="46.177574" lon="-121.485275">
				<ele>2789.413086</ele>
				<time>2026-07-09T19:24:53Z</time>
			</trkpt>
			<trkpt lat="46.177547" lon="-121.485275">
				<ele>2789.906006</ele>
				<time>2026-07-09T19:24:56Z</time>
			</trkpt>
			<trkpt lat="46.177525" lon="-121.485275">
				<ele>2789.409912</ele>
				<time>2026-07-09T19:24:59Z</time>
			</trkpt>
			<trkpt lat="46.177502" lon="-121.485283">
				<ele>2789.760254</ele>
				<time>2026-07-09T19:25:01Z</time>
			</trkpt>
			<trkpt lat="46.177471" lon="-121.485291">
				<ele>2789.669678</ele>
				<time>2026-07-09T19:25:04Z</time>
			</trkpt>
			<trkpt lat="46.177448" lon="-121.485275">
				<ele>2790.379639</ele>
				<time>2026-07-09T19:25:09Z</time>
			</trkpt>
			<trkpt lat="46.177406" lon="-121.485298">
				<ele>2789.268555</ele>
				<time>2026-07-09T19:25:14Z</time>
			</trkpt>
			<trkpt lat="46.177372" lon="-121.485298">
				<ele>2789.062988</ele>
				<time>2026-07-09T19:25:18Z</time>
			</trkpt>
			<trkpt lat="46.177353" lon="-121.485275">
				<ele>2789.262939</ele>
				<time>2026-07-09T19:25:22Z</time>
			</trkpt>
			<trkpt lat="46.177265" lon="-121.485321">
				<ele>2786.81665</ele>
				<time>2026-07-09T19:25:32Z</time>
			</trkpt>
			<trkpt lat="46.177273" lon="-121.485252">
				<ele>2789.56958</ele>
				<time>2026-07-09T19:25:41Z</time>
			</trkpt>
			<trkpt lat="46.177277" lon="-121.485214">
				<ele>2789.104736</ele>
				<time>2026-07-09T19:25:46Z</time>
			</trkpt>
			<trkpt lat="46.177299" lon="-121.485214">
				<ele>2789.609131</ele>
				<time>2026-07-09T19:25:49Z</time>
			</trkpt>
			<trkpt lat="46.177307" lon="-121.485252">
				<ele>2788.569092</ele>
				<time>2026-07-09T19:25:51Z</time>
			</trkpt>
			<trkpt lat="46.17733" lon="-121.485252">
				<ele>2788.427979</ele>
				<time>2026-07-09T19:25:56Z</time>
			</trkpt>
			<trkpt lat="46.177299" lon="-121.485229">
				<ele>2787.218506</ele>
				<time>2026-07-09T19:27:12Z</time>
			</trkpt>
			<trkpt lat="46.177288" lon="-121.485191">
				<ele>2788.778809</ele>
				<time>2026-07-09T19:27:18Z</time>
			</trkpt>
			<trkpt lat="46.177345" lon="-121.485168">
				<ele>2790.841553</ele>
				<time>2026-07-09T19:27:30Z</time>
			</trkpt>
			<trkpt lat="46.17733" lon="-121.485207">
				<ele>2788.615723</ele>
				<time>2026-07-09T19:36:05Z</time>
			</trkpt>
			<trkpt lat="46.177303" lon="-121.485191">
				<ele>2788.206055</ele>
				<time>2026-07-09T19:36:11Z</time>
			</trkpt>
			<trkpt lat="46.177296" lon="-121.485222">
				<ele>2788.177979</ele>
				<time>2026-07-09T19:36:17Z</time>
			</trkpt>
			<trkpt lat="46.177311" lon="-121.485245">
				<ele>2786.881592</ele>
				<time>2026-07-09T19:36:22Z</time>
			</trkpt>
			<trkpt lat="46.177315" lon="-121.485283">
				<ele>2787.003662</ele>
				<time>2026-07-09T19:36:33Z</time>
			</trkpt>
			<trkpt lat="46.177319" lon="-121.485245">
				<ele>2787.262207</ele>
				<time>2026-07-09T19:46:42Z</time>
			</trkpt>
			<trkpt lat="46.177315" lon="-121.485283">
				<ele>2788.399414</ele>
				<time>2026-07-09T20:17:11Z</time>
			</trkpt>
			<trkpt lat="46.177299" lon="-121.48526">
				<ele>2788.077881</ele>
				<time>2026-07-09T20:37:13Z</time>
			</trkpt>
			<trkpt lat="46.177288" lon="-121.485222">
				<ele>2789.246582</ele>
				<time>2026-07-09T20:37:17Z</time>
			</trkpt>
			<trkpt lat="46.177284" lon="-121.485191">
				<ele>2788.912842</ele>
				<time>2026-07-09T20:37:23Z</time>
			</trkpt>
			<trkpt lat="46.177284" lon="-121.485161">
				<ele>2789.704346</ele>
				<time>2026-07-09T20:39:14Z</time>
			</trkpt>
			<trkpt lat="46.177258" lon="-121.485153">
				<ele>2787.458984</ele>
				<time>2026-07-09T20:39:22Z</time>
			</trkpt>
			<trkpt lat="46.177204" lon="-121.485077">
				<ele>2784.739258</ele>
				<time>2026-07-09T20:39:38Z</time>
			</trkpt>
			<trkpt lat="46.177181" lon="-121.485039">
				<ele>2784.455078</ele>
				<time>2026-07-09T20:39:42Z</time>
			</trkpt>
			<trkpt lat="46.177162" lon="-121.485039">
				<ele>2783.000977</ele>
				<time>2026-07-09T20:39:45Z</time>
			</trkpt>
			<trkpt lat="46.177135" lon="-121.485039">
				<ele>2782.197021</ele>
				<time>2026-07-09T20:39:49Z</time>
			</trkpt>
			<trkpt lat="46.177113" lon="-121.485039">
				<ele>2782.129883</ele>
				<time>2026-07-09T20:39:52Z</time>
			</trkpt>
			<trkpt lat="46.177044" lon="-121.485062">
				<ele>2777.821289</ele>
				<time>2026-07-09T20:40:03Z</time>
			</trkpt>
			<trkpt lat="46.17696" lon="-121.485115">
				<ele>2773.336182</ele>
				<time>2026-07-09T20:40:18Z</time>
			</trkpt>
			<trkpt lat="46.176945" lon="-121.485146">
				<ele>2773.578857</ele>
				<time>2026-07-09T20:40:22Z</time>
			</trkpt>
			<trkpt lat="46.176937" lon="-121.485176">
				<ele>2772.224854</ele>
				<time>2026-07-09T20:40:26Z</time>
			</trkpt>
			<trkpt lat="46.176922" lon="-121.485199">
				<ele>2771.383301</ele>
				<time>2026-07-09T20:40:29Z</time>
			</trkpt>
			<trkpt lat="46.176899" lon="-121.485229">
				<ele>2771.03125</ele>
				<time>2026-07-09T20:40:33Z</time>
			</trkpt>
			<trkpt lat="46.176861" lon="-121.485268">
				<ele>2768.60083</ele>
				<time>2026-07-09T20:40:40Z</time>
			</trkpt>
			<trkpt lat="46.176842" lon="-121.485283">
				<ele>2768.485596</ele>
				<time>2026-07-09T20:40:42Z</time>
			</trkpt>
			<trkpt lat="46.176792" lon="-121.485321">
				<ele>2766.673584</ele>
				<time>2026-07-09T20:40:48Z</time>
			</trkpt>
			<trkpt lat="46.176769" lon="-121.485344">
				<ele>2766.597412</ele>
				<time>2026-07-09T20:40:51Z</time>
			</trkpt>
			<trkpt lat="46.176746" lon="-121.485367">
				<ele>2765.612305</ele>
				<time>2026-07-09T20:40:54Z</time>
			</trkpt>
			<trkpt lat="46.176697" lon="-121.485397">
				<ele>2764.907227</ele>
				<time>2026-07-09T20:40:59Z</time>
			</trkpt>
			<trkpt lat="46.176651" lon="-121.485435">
				<ele>2763.07959</ele>
				<time>2026-07-09T20:41:04Z</time>
			</trkpt>
			<trkpt lat="46.176544" lon="-121.485558">
				<ele>2759.933594</ele>
				<time>2026-07-09T20:41:16Z</time>
			</trkpt>
			<trkpt lat="46.176453" lon="-121.485626">
				<ele>2756.758057</ele>
				<time>2026-07-09T20:41:25Z</time>
			</trkpt>
			<trkpt lat="46.176434" lon="-121.485657">
				<ele>2756.525391</ele>
				<time>2026-07-09T20:41:28Z</time>
			</trkpt>
			<trkpt lat="46.17635" lon="-121.485733">
				<ele>2753.589355</ele>
				<time>2026-07-09T20:41:37Z</time>
			</trkpt>
			<trkpt lat="46.176285" lon="-121.485786">
				<ele>2752.60376</ele>
				<time>2026-07-09T20:41:46Z</time>
			</trkpt>
			<trkpt lat="46.176262" lon="-121.485802">
				<ele>2752.589844</ele>
				<time>2026-07-09T20:41:48Z</time>
			</trkpt>
			<trkpt lat="46.176186" lon="-121.485863">
				<ele>2749.816895</ele>
				<time>2026-07-09T20:41:56Z</time>
			</trkpt>
			<trkpt lat="46.176163" lon="-121.485886">
				<ele>2749.598877</ele>
				<time>2026-07-09T20:41:58Z</time>
			</trkpt>
			<trkpt lat="46.176136" lon="-121.485901">
				<ele>2747.821777</ele>
				<time>2026-07-09T20:42:01Z</time>
			</trkpt>
			<trkpt lat="46.176113" lon="-121.485916">
				<ele>2747.833984</ele>
				<time>2026-07-09T20:42:03Z</time>
			</trkpt>
			<trkpt lat="46.176075" lon="-121.485962">
				<ele>2746.642334</ele>
				<time>2026-07-09T20:42:07Z</time>
			</trkpt>
			<trkpt lat="46.176025" lon="-121.485992">
				<ele>2746.061523</ele>
				<time>2026-07-09T20:42:12Z</time>
			</trkpt>
			<trkpt lat="46.176006" lon="-121.486008">
				<ele>2744.87793</ele>
				<time>2026-07-09T20:42:14Z</time>
			</trkpt>
			<trkpt lat="46.175983" lon="-121.486031">
				<ele>2744.655518</ele>
				<time>2026-07-09T20:42:16Z</time>
			</trkpt>
			<trkpt lat="46.175922" lon="-121.486092">
				<ele>2742.083496</ele>
				<time>2026-07-09T20:42:23Z</time>
			</trkpt>
			<trkpt lat="46.175789" lon="-121.486214">
				<ele>2738.84375</ele>
				<time>2026-07-09T20:42:35Z</time>
			</trkpt>
			<trkpt lat="46.17572" lon="-121.486275">
				<ele>2736.278076</ele>
				<time>2026-07-09T20:42:42Z</time>
			</trkpt>
			<trkpt lat="46.175583" lon="-121.486359">
				<ele>2732.267822</ele>
				<time>2026-07-09T20:42:54Z</time>
			</trkpt>
			<trkpt lat="46.175514" lon="-121.486412">
				<ele>2729.357666</ele>
				<time>2026-07-09T20:43:00Z</time>
			</trkpt>
			<trkpt lat="46.175434" lon="-121.486458">
				<ele>2727.840576</ele>
				<time>2026-07-09T20:43:07Z</time>
			</trkpt>
			<trkpt lat="46.175377" lon="-121.486519">
				<ele>2725.731689</ele>
				<time>2026-07-09T20:43:13Z</time>
			</trkpt>
			<trkpt lat="46.175346" lon="-121.486526">
				<ele>2724.19751</ele>
				<time>2026-07-09T20:43:16Z</time>
			</trkpt>
			<trkpt lat="46.17522" lon="-121.486626">
				<ele>2721.059814</ele>
				<time>2026-07-09T20:43:28Z</time>
			</trkpt>
			<trkpt lat="46.175179" lon="-121.486649">
				<ele>2719.347168</ele>
				<time>2026-07-09T20:43:32Z</time>
			</trkpt>
			<trkpt lat="46.175156" lon="-121.486656">
				<ele>2718.880859</ele>
				<time>2026-07-09T20:43:34Z</time>
			</trkpt>
			<trkpt lat="46.175129" lon="-121.486664">
				<ele>2718.859131</ele>
				<time>2026-07-09T20:43:37Z</time>
			</trkpt>
			<trkpt lat="46.175026" lon="-121.486717">
				<ele>2715.908447</ele>
				<time>2026-07-09T20:43:46Z</time>
			</trkpt>
			<trkpt lat="46.174999" lon="-121.48674">
				<ele>2714.274658</ele>
				<time>2026-07-09T20:43:49Z</time>
			</trkpt>
			<trkpt lat="46.174862" lon="-121.486771">
				<ele>2710.187256</ele>
				<time>2026-07-09T20:44:00Z</time>
			</trkpt>
			<trkpt lat="46.174725" lon="-121.486855">
				<ele>2706.591797</ele>
				<time>2026-07-09T20:44:12Z</time>
			</trkpt>
			<trkpt lat="46.174629" lon="-121.486877">
				<ele>2702.967041</ele>
				<time>2026-07-09T20:44:20Z</time>
			</trkpt>
			<trkpt lat="46.174507" lon="-121.486931">
				<ele>2699.701416</ele>
				<time>2026-07-09T20:44:30Z</time>
			</trkpt>
			<trkpt lat="46.174484" lon="-121.486954">
				<ele>2698.196533</ele>
				<time>2026-07-09T20:44:32Z</time>
			</trkpt>
			<trkpt lat="46.174461" lon="-121.486977">
				<ele>2698.547852</ele>
				<time>2026-07-09T20:44:34Z</time>
			</trkpt>
			<trkpt lat="46.174408" lon="-121.487">
				<ele>2697.07373</ele>
				<time>2026-07-09T20:44:38Z</time>
			</trkpt>
			<trkpt lat="46.174362" lon="-121.487022">
				<ele>2694.440918</ele>
				<time>2026-07-09T20:44:43Z</time>
			</trkpt>
			<trkpt lat="46.174335" lon="-121.48703">
				<ele>2694.450195</ele>
				<time>2026-07-09T20:44:45Z</time>
			</trkpt>
			<trkpt lat="46.174213" lon="-121.487106">
				<ele>2691.992432</ele>
				<time>2026-07-09T20:44:55Z</time>
			</trkpt>
			<trkpt lat="46.174187" lon="-121.487114">
				<ele>2690.582031</ele>
				<time>2026-07-09T20:44:57Z</time>
			</trkpt>
			<trkpt lat="46.174164" lon="-121.487129">
				<ele>2691.655762</ele>
				<time>2026-07-09T20:44:59Z</time>
			</trkpt>
			<trkpt lat="46.17411" lon="-121.487167">
				<ele>2689.307861</ele>
				<time>2026-07-09T20:45:04Z</time>
			</trkpt>
			<trkpt lat="46.17408" lon="-121.487183">
				<ele>2689.212158</ele>
				<time>2026-07-09T20:45:06Z</time>
			</trkpt>
			<trkpt lat="46.174046" lon="-121.487198">
				<ele>2689.178467</ele>
				<time>2026-07-09T20:45:09Z</time>
			</trkpt>
			<trkpt lat="46.173973" lon="-121.487228">
				<ele>2686.05127</ele>
				<time>2026-07-09T20:45:15Z</time>
			</trkpt>
			<trkpt lat="46.173916" lon="-121.487259">
				<ele>2684.880127</ele>
				<time>2026-07-09T20:45:20Z</time>
			</trkpt>
			<trkpt lat="46.173832" lon="-121.487282">
				<ele>2681.961426</ele>
				<time>2026-07-09T20:45:27Z</time>
			</trkpt>
			<trkpt lat="46.173809" lon="-121.487289">
				<ele>2681.882324</ele>
				<time>2026-07-09T20:45:29Z</time>
			</trkpt>
			<trkpt lat="46.173786" lon="-121.487297">
				<ele>2680.702881</ele>
				<time>2026-07-09T20:45:31Z</time>
			</trkpt>
			<trkpt lat="46.173679" lon="-121.487335">
				<ele>2678.205811</ele>
				<time>2026-07-09T20:45:40Z</time>
			</trkpt>
			<trkpt lat="46.173656" lon="-121.487328">
				<ele>2677.23291</ele>
				<time>2026-07-09T20:45:42Z</time>
			</trkpt>
			<trkpt lat="46.173347" lon="-121.487473">
				<ele>2666.060791</ele>
				<time>2026-07-09T20:46:08Z</time>
			</trkpt>
			<trkpt lat="46.173283" lon="-121.487541">
				<ele>2664.189453</ele>
				<time>2026-07-09T20:46:15Z</time>
			</trkpt>
			<trkpt lat="46.173122" lon="-121.487602">
				<ele>2658.202393</ele>
				<time>2026-07-09T20:46:29Z</time>
			</trkpt>
			<trkpt lat="46.172955" lon="-121.487701">
				<ele>2653.125488</ele>
				<time>2026-07-09T20:46:43Z</time>
			</trkpt>
			<trkpt lat="46.172874" lon="-121.487724">
				<ele>2650.786865</ele>
				<time>2026-07-09T20:46:50Z</time>
			</trkpt>
			<trkpt lat="46.172787" lon="-121.487747">
				<ele>2646.883057</ele>
				<time>2026-07-09T20:46:59Z</time>
			</trkpt>
			<trkpt lat="46.172768" lon="-121.487762">
				<ele>2646.766602</ele>
				<time>2026-07-09T20:47:02Z</time>
			</trkpt>
			<trkpt lat="46.172703" lon="-121.487785">
				<ele>2642.875732</ele>
				<time>2026-07-09T20:47:08Z</time>
			</trkpt>
			<trkpt lat="46.17263" lon="-121.487831">
				<ele>2640.488525</ele>
				<time>2026-07-09T20:47:14Z</time>
			</trkpt>
			<trkpt lat="46.172585" lon="-121.487862">
				<ele>2639.838623</ele>
				<time>2026-07-09T20:47:18Z</time>
			</trkpt>
			<trkpt lat="46.17252" lon="-121.487885">
				<ele>2636.627441</ele>
				<time>2026-07-09T20:47:24Z</time>
			</trkpt>
			<trkpt lat="46.172455" lon="-121.487946">
				<ele>2634.694824</ele>
				<time>2026-07-09T20:47:30Z</time>
			</trkpt>
			<trkpt lat="46.17239" lon="-121.487976">
				<ele>2631.196289</ele>
				<time>2026-07-09T20:47:36Z</time>
			</trkpt>
			<trkpt lat="46.172344" lon="-121.488014">
				<ele>2630.014404</ele>
				<time>2026-07-09T20:47:40Z</time>
			</trkpt>
			<trkpt lat="46.172318" lon="-121.488045">
				<ele>2628.202637</ele>
				<time>2026-07-09T20:48:05Z</time>
			</trkpt>
			<trkpt lat="46.172287" lon="-121.488037">
				<ele>2627.460205</ele>
				<time>2026-07-09T20:48:07Z</time>
			</trkpt>
			<trkpt lat="46.172081" lon="-121.48819">
				<ele>2619.348877</ele>
				<time>2026-07-09T20:48:25Z</time>
			</trkpt>
			<trkpt lat="46.172062" lon="-121.488228">
				<ele>2618.970459</ele>
				<time>2026-07-09T20:48:27Z</time>
			</trkpt>
			<trkpt lat="46.172031" lon="-121.488235">
				<ele>2616.758301</ele>
				<time>2026-07-09T20:48:30Z</time>
			</trkpt>
			<trkpt lat="46.171913" lon="-121.488297">
				<ele>2612.960693</ele>
				<time>2026-07-09T20:48:40Z</time>
			</trkpt>
			<trkpt lat="46.17189" lon="-121.488335">
				<ele>2612.348389</ele>
				<time>2026-07-09T20:48:42Z</time>
			</trkpt>
			<trkpt lat="46.171803" lon="-121.48838">
				<ele>2607.644287</ele>
				<time>2026-07-09T20:48:49Z</time>
			</trkpt>
			<trkpt lat="46.171722" lon="-121.488426">
				<ele>2605.059326</ele>
				<time>2026-07-09T20:48:56Z</time>
			</trkpt>
			<trkpt lat="46.1717" lon="-121.488449">
				<ele>2605.437256</ele>
				<time>2026-07-09T20:48:58Z</time>
			</trkpt>
			<trkpt lat="46.171547" lon="-121.488503">
				<ele>2597.082764</ele>
				<time>2026-07-09T20:49:11Z</time>
			</trkpt>
			<trkpt lat="46.171471" lon="-121.488564">
				<ele>2594.141602</ele>
				<time>2026-07-09T20:49:18Z</time>
			</trkpt>
			<trkpt lat="46.17144" lon="-121.488571">
				<ele>2594.207031</ele>
				<time>2026-07-09T20:49:20Z</time>
			</trkpt>
			<trkpt lat="46.171417" lon="-121.488571">
				<ele>2592.557129</ele>
				<time>2026-07-09T20:49:23Z</time>
			</trkpt>
			<trkpt lat="46.171391" lon="-121.488594">
				<ele>2592.279785</ele>
				<time>2026-07-09T20:49:25Z</time>
			</trkpt>
			<trkpt lat="46.170967" lon="-121.48867">
				<ele>2578.628662</ele>
				<time>2026-07-09T20:49:59Z</time>
			</trkpt>
			<trkpt lat="46.170891" lon="-121.488678">
				<ele>2576.9646</ele>
				<time>2026-07-09T20:50:05Z</time>
			</trkpt>
			<trkpt lat="46.170792" lon="-121.488686">
				<ele>2572.561279</ele>
				<time>2026-07-09T20:50:13Z</time>
			</trkpt>
			<trkpt lat="46.170734" lon="-121.488686">
				<ele>2571.063965</ele>
				<time>2026-07-09T20:50:17Z</time>
			</trkpt>
			<trkpt lat="46.170673" lon="-121.488701">
				<ele>2570.248779</ele>
				<time>2026-07-09T20:50:21Z</time>
			</trkpt>
			<trkpt lat="46.170612" lon="-121.488739">
				<ele>2567.428223</ele>
				<time>2026-07-09T20:50:27Z</time>
			</trkpt>
			<trkpt lat="46.170555" lon="-121.488777">
				<ele>2566.212646</ele>
				<time>2026-07-09T20:50:33Z</time>
			</trkpt>
			<trkpt lat="46.170456" lon="-121.4888">
				<ele>2562.408447</ele>
				<time>2026-07-09T20:50:42Z</time>
			</trkpt>
			<trkpt lat="46.170406" lon="-121.488808">
				<ele>2561.816406</ele>
				<time>2026-07-09T20:50:46Z</time>
			</trkpt>
			<trkpt lat="46.17038" lon="-121.488815">
				<ele>2560.231201</ele>
				<time>2026-07-09T20:50:49Z</time>
			</trkpt>
			<trkpt lat="46.170296" lon="-121.488853">
				<ele>2558.853516</ele>
				<time>2026-07-09T20:50:56Z</time>
			</trkpt>
			<trkpt lat="46.170238" lon="-121.488876">
				<ele>2556.397461</ele>
				<time>2026-07-09T20:51:01Z</time>
			</trkpt>
			<trkpt lat="46.170208" lon="-121.488899">
				<ele>2555.311768</ele>
				<time>2026-07-09T20:51:04Z</time>
			</trkpt>
			<trkpt lat="46.170185" lon="-121.488914">
				<ele>2555.297363</ele>
				<time>2026-07-09T20:51:06Z</time>
			</trkpt>
			<trkpt lat="46.170166" lon="-121.488937">
				<ele>2554.909912</ele>
				<time>2026-07-09T20:51:08Z</time>
			</trkpt>
			<trkpt lat="46.170128" lon="-121.488968">
				<ele>2553.554443</ele>
				<time>2026-07-09T20:51:12Z</time>
			</trkpt>
			<trkpt lat="46.170105" lon="-121.488991">
				<ele>2553.38501</ele>
				<time>2026-07-09T20:51:14Z</time>
			</trkpt>
			<trkpt lat="46.170082" lon="-121.489006">
				<ele>2552.368408</ele>
				<time>2026-07-09T20:51:17Z</time>
			</trkpt>
			<trkpt lat="46.169991" lon="-121.489044">
				<ele>2550.892578</ele>
				<time>2026-07-09T20:51:25Z</time>
			</trkpt>
			<trkpt lat="46.169945" lon="-121.48909">
				<ele>2548.683594</ele>
				<time>2026-07-09T20:51:30Z</time>
			</trkpt>
			<trkpt lat="46.169903" lon="-121.48912">
				<ele>2547.852051</ele>
				<time>2026-07-09T20:51:35Z</time>
			</trkpt>
			<trkpt lat="46.16988" lon="-121.489159">
				<ele>2547.940186</ele>
				<time>2026-07-09T20:51:37Z</time>
			</trkpt>
			<trkpt lat="46.169853" lon="-121.489189">
				<ele>2546.8396</ele>
				<time>2026-07-09T20:51:40Z</time>
			</trkpt>
			<trkpt lat="46.169804" lon="-121.489235">
				<ele>2546.211426</ele>
				<time>2026-07-09T20:51:45Z</time>
			</trkpt>
			<trkpt lat="46.169731" lon="-121.489296">
				<ele>2544.228516</ele>
				<time>2026-07-09T20:51:52Z</time>
			</trkpt>
			<trkpt lat="46.169636" lon="-121.48938">
				<ele>2540.202881</ele>
				<time>2026-07-09T20:52:02Z</time>
			</trkpt>
			<trkpt lat="46.169617" lon="-121.489403">
				<ele>2540.306152</ele>
				<time>2026-07-09T20:52:04Z</time>
			</trkpt>
			<trkpt lat="46.169594" lon="-121.489433">
				<ele>2538.600586</ele>
				<time>2026-07-09T20:52:07Z</time>
			</trkpt>
			<trkpt lat="46.169556" lon="-121.489487">
				<ele>2537.870361</ele>
				<time>2026-07-09T20:52:12Z</time>
			</trkpt>
			<trkpt lat="46.169506" lon="-121.48954">
				<ele>2535.767334</ele>
				<time>2026-07-09T20:52:18Z</time>
			</trkpt>
			<trkpt lat="46.169491" lon="-121.489571">
				<ele>2535.496826</ele>
				<time>2026-07-09T20:52:20Z</time>
			</trkpt>
			<trkpt lat="46.169422" lon="-121.489616">
				<ele>2532.356445</ele>
				<time>2026-07-09T20:52:27Z</time>
			</trkpt>
			<trkpt lat="46.169411" lon="-121.489639">
				<ele>2532.391357</ele>
				<time>2026-07-09T20:52:29Z</time>
			</trkpt>
			<trkpt lat="46.169388" lon="-121.489655">
				<ele>2531.529785</ele>
				<time>2026-07-09T20:52:31Z</time>
			</trkpt>
			<trkpt lat="46.169373" lon="-121.489677">
				<ele>2529.931885</ele>
				<time>2026-07-09T20:52:33Z</time>
			</trkpt>
			<trkpt lat="46.169346" lon="-121.489708">
				<ele>2529.871338</ele>
				<time>2026-07-09T20:52:36Z</time>
			</trkpt>
			<trkpt lat="46.169273" lon="-121.489784">
				<ele>2526.227051</ele>
				<time>2026-07-09T20:52:45Z</time>
			</trkpt>
			<trkpt lat="46.169189" lon="-121.489845">
				<ele>2520.49707</ele>
				<time>2026-07-09T20:52:53Z</time>
			</trkpt>
			<trkpt lat="46.16917" lon="-121.489861">
				<ele>2520.471436</ele>
				<time>2026-07-09T20:52:56Z</time>
			</trkpt>
			<trkpt lat="46.169147" lon="-121.489899">
				<ele>2519.998047</ele>
				<time>2026-07-09T20:53:00Z</time>
			</trkpt>
			<trkpt lat="46.169132" lon="-121.489922">
				<ele>2520.004639</ele>
				<time>2026-07-09T20:53:03Z</time>
			</trkpt>
			<trkpt lat="46.169044" lon="-121.490059">
				<ele>2514.801758</ele>
				<time>2026-07-09T20:53:18Z</time>
			</trkpt>
			<trkpt lat="46.168968" lon="-121.490082">
				<ele>2511.103271</ele>
				<time>2026-07-09T20:53:31Z</time>
			</trkpt>
			<trkpt lat="46.168938" lon="-121.490097">
				<ele>2507.897949</ele>
				<time>2026-07-09T20:53:35Z</time>
			</trkpt>
			<trkpt lat="46.168915" lon="-121.490097">
				<ele>2507.986816</ele>
				<time>2026-07-09T20:53:38Z</time>
			</trkpt>
			<trkpt lat="46.16885" lon="-121.490158">
				<ele>2504.637695</ele>
				<time>2026-07-09T20:53:49Z</time>
			</trkpt>
			<trkpt lat="46.168823" lon="-121.490181">
				<ele>2505.568115</ele>
				<time>2026-07-09T20:53:52Z</time>
			</trkpt>
			<trkpt lat="46.168697" lon="-121.490265">
				<ele>2499.522461</ele>
				<time>2026-07-09T20:54:05Z</time>
			</trkpt>
			<trkpt lat="46.168674" lon="-121.490295">
				<ele>2499.537842</ele>
				<time>2026-07-09T20:54:08Z</time>
			</trkpt>
			<trkpt lat="46.168488" lon="-121.490364">
				<ele>2491.444824</ele>
				<time>2026-07-09T20:54:27Z</time>
			</trkpt>
			<trkpt lat="46.168427" lon="-121.490387">
				<ele>2490.365479</ele>
				<time>2026-07-09T20:54:33Z</time>
			</trkpt>
			<trkpt lat="46.168369" lon="-121.490456">
				<ele>2487.182373</ele>
				<time>2026-07-09T20:54:40Z</time>
			</trkpt>
			<trkpt lat="46.168346" lon="-121.490471">
				<ele>2484.770508</ele>
				<time>2026-07-09T20:54:43Z</time>
			</trkpt>
			<trkpt lat="46.168327" lon="-121.490486">
				<ele>2484.730469</ele>
				<time>2026-07-09T20:54:45Z</time>
			</trkpt>
			<trkpt lat="46.168209" lon="-121.490601">
				<ele>2479.619629</ele>
				<time>2026-07-09T20:54:58Z</time>
			</trkpt>
			<trkpt lat="46.168198" lon="-121.490631">
				<ele>2479.9729</ele>
				<time>2026-07-09T20:55:00Z</time>
			</trkpt>
			<trkpt lat="46.168175" lon="-121.490639">
				<ele>2478.207764</ele>
				<time>2026-07-09T20:55:02Z</time>
			</trkpt>
			<trkpt lat="46.168159" lon="-121.490669">
				<ele>2477.402344</ele>
				<time>2026-07-09T20:55:04Z</time>
			</trkpt>
			<trkpt lat="46.168121" lon="-121.490723">
				<ele>2476.721436</ele>
				<time>2026-07-09T20:55:08Z</time>
			</trkpt>
			<trkpt lat="46.168087" lon="-121.490761">
				<ele>2475.074951</ele>
				<time>2026-07-09T20:55:12Z</time>
			</trkpt>
			<trkpt lat="46.168064" lon="-121.490784">
				<ele>2474.565186</ele>
				<time>2026-07-09T20:55:15Z</time>
			</trkpt>
			<trkpt lat="46.168045" lon="-121.490807">
				<ele>2474.6521</ele>
				<time>2026-07-09T20:55:17Z</time>
			</trkpt>
			<trkpt lat="46.168022" lon="-121.490837">
				<ele>2474.018311</ele>
				<time>2026-07-09T20:55:20Z</time>
			</trkpt>
			<trkpt lat="46.168003" lon="-121.49086">
				<ele>2474.009033</ele>
				<time>2026-07-09T20:55:23Z</time>
			</trkpt>
			<trkpt lat="46.167961" lon="-121.490891">
				<ele>2472.118408</ele>
				<time>2026-07-09T20:55:27Z</time>
			</trkpt>
			<trkpt lat="46.167942" lon="-121.490921">
				<ele>2471.690674</ele>
				<time>2026-07-09T20:55:29Z</time>
			</trkpt>
			<trkpt lat="46.16782" lon="-121.490952">
				<ele>2466.163818</ele>
				<time>2026-07-09T20:55:42Z</time>
			</trkpt>
			<trkpt lat="46.167797" lon="-121.490959">
				<ele>2463.932129</ele>
				<time>2026-07-09T20:55:44Z</time>
			</trkpt>
			<trkpt lat="46.16777" lon="-121.490952">
				<ele>2463.933838</ele>
				<time>2026-07-09T20:55:46Z</time>
			</trkpt>
			<trkpt lat="46.167698" lon="-121.490959">
				<ele>2462.069824</ele>
				<time>2026-07-09T20:55:53Z</time>
			</trkpt>
			<trkpt lat="46.167671" lon="-121.490974">
				<ele>2461.718262</ele>
				<time>2026-07-09T20:55:56Z</time>
			</trkpt>
			<trkpt lat="46.167645" lon="-121.49099">
				<ele>2461.716309</ele>
				<time>2026-07-09T20:55:58Z</time>
			</trkpt>
			<trkpt lat="46.167614" lon="-121.490997">
				<ele>2461.166748</ele>
				<time>2026-07-09T20:56:02Z</time>
			</trkpt>
			<trkpt lat="46.167591" lon="-121.491005">
				<ele>2459.137695</ele>
				<time>2026-07-09T20:56:05Z</time>
			</trkpt>
			<trkpt lat="46.167519" lon="-121.491005">
				<ele>2457.212402</ele>
				<time>2026-07-09T20:56:15Z</time>
			</trkpt>
			<trkpt lat="46.167442" lon="-121.49102">
				<ele>2452.380127</ele>
				<time>2026-07-09T20:56:27Z</time>
			</trkpt>
			<trkpt lat="46.167416" lon="-121.491013">
				<ele>2452.393555</ele>
				<time>2026-07-09T20:56:31Z</time>
			</trkpt>
			<trkpt lat="46.167397" lon="-121.491043">
				<ele>2450.509033</ele>
				<time>2026-07-09T20:56:47Z</time>
			</trkpt>
			<trkpt lat="46.16737" lon="-121.491066">
				<ele>2449.969482</ele>
				<time>2026-07-09T20:56:52Z</time>
			</trkpt>
			<trkpt lat="46.167347" lon="-121.491074">
				<ele>2449.938721</ele>
				<time>2026-07-09T20:56:56Z</time>
			</trkpt>
			<trkpt lat="46.167328" lon="-121.491089">
				<ele>2449.151123</ele>
				<time>2026-07-09T20:56:59Z</time>
			</trkpt>
			<trkpt lat="46.167301" lon="-121.491089">
				<ele>2449.013916</ele>
				<time>2026-07-09T20:57:03Z</time>
			</trkpt>
			<trkpt lat="46.167282" lon="-121.491066">
				<ele>2449.188232</ele>
				<time>2026-07-09T20:57:08Z</time>
			</trkpt>
			<trkpt lat="46.167267" lon="-121.491096">
				<ele>2448.838867</ele>
				<time>2026-07-09T20:57:17Z</time>
			</trkpt>
			<trkpt lat="46.167259" lon="-121.491066">
				<ele>2449.252686</ele>
				<time>2026-07-09T20:58:05Z</time>
			</trkpt>
			<trkpt lat="46.167259" lon="-121.491028">
				<ele>2448.257568</ele>
				<time>2026-07-09T20:58:10Z</time>
			</trkpt>
			<trkpt lat="46.167213" lon="-121.491028">
				<ele>2448.511475</ele>
				<time>2026-07-09T20:58:15Z</time>
			</trkpt>
			<trkpt lat="46.167149" lon="-121.491051">
				<ele>2444.538086</ele>
				<time>2026-07-09T20:58:24Z</time>
			</trkpt>
			<trkpt lat="46.167187" lon="-121.491005">
				<ele>2447.082275</ele>
				<time>2026-07-09T20:59:41Z</time>
			</trkpt>
			<trkpt lat="46.16724" lon="-121.490997">
				<ele>2447.825195</ele>
				<time>2026-07-09T20:59:52Z</time>
			</trkpt>
			<trkpt lat="46.167263" lon="-121.49102">
				<ele>2447.476318</ele>
				<time>2026-07-09T20:59:56Z</time>
			</trkpt>
			<trkpt lat="46.167274" lon="-121.491051">
				<ele>2447.957031</ele>
				<time>2026-07-09T21:00:02Z</time>
			</trkpt>
			<trkpt lat="46.167282" lon="-121.491089">
				<ele>2448.004883</ele>
				<time>2026-07-09T21:00:07Z</time>
			</trkpt>
			<trkpt lat="46.167278" lon="-121.491119">
				<ele>2448.628906</ele>
				<time>2026-07-09T21:00:12Z</time>
			</trkpt>
			<trkpt lat="46.167271" lon="-121.491089">
				<ele>2449.48584</ele>
				<time>2026-07-09T21:02:38Z</time>
			</trkpt>
			<trkpt lat="46.167244" lon="-121.491005">
				<ele>2447.104004</ele>
				<time>2026-07-09T21:02:54Z</time>
			</trkpt>
			<trkpt lat="46.167194" lon="-121.491013">
				<ele>2445.743164</ele>
				<time>2026-07-09T21:03:00Z</time>
			</trkpt>
			<trkpt lat="46.167107" lon="-121.491081">
				<ele>2443.944092</ele>
				<time>2026-07-09T21:03:12Z</time>
			</trkpt>
			<trkpt lat="46.167015" lon="-121.49115">
				<ele>2439.727051</ele>
				<time>2026-07-09T21:03:30Z</time>
			</trkpt>
			<trkpt lat="46.166939" lon="-121.491135">
				<ele>2434.12207</ele>
				<time>2026-07-09T21:04:07Z</time>
			</trkpt>
			<trkpt lat="46.166908" lon="-121.49115">
				<ele>2434.758789</ele>
				<time>2026-07-09T21:04:20Z</time>
			</trkpt>
			<trkpt lat="46.166843" lon="-121.491096">
				<ele>2427.984863</ele>
				<time>2026-07-09T21:04:45Z</time>
			</trkpt>
			<trkpt lat="46.166821" lon="-121.491081">
				<ele>2428.0271</ele>
				<time>2026-07-09T21:04:51Z</time>
			</trkpt>
			<trkpt lat="46.166702" lon="-121.491013">
				<ele>2420.435303</ele>
				<time>2026-07-09T21:05:32Z</time>
			</trkpt>
			<trkpt lat="46.16655" lon="-121.491013">
				<ele>2413.271484</ele>
				<time>2026-07-09T21:06:30Z</time>
			</trkpt>
			<trkpt lat="46.166527" lon="-121.491005">
				<ele>2410.598633</ele>
				<time>2026-07-09T21:06:45Z</time>
			</trkpt>
			<trkpt lat="46.166489" lon="-121.491035">
				<ele>2409.658691</ele>
				<time>2026-07-09T21:06:57Z</time>
			</trkpt>
			<trkpt lat="46.166466" lon="-121.491058">
				<ele>2409.635986</ele>
				<time>2026-07-09T21:07:02Z</time>
			</trkpt>
			<trkpt lat="46.166454" lon="-121.491096">
				<ele>2407.554443</ele>
				<time>2026-07-09T21:07:07Z</time>
			</trkpt>
			<trkpt lat="46.166435" lon="-121.491104">
				<ele>2408.004395</ele>
				<time>2026-07-09T21:07:09Z</time>
			</trkpt>
			<trkpt lat="46.166382" lon="-121.491173">
				<ele>2406.336914</ele>
				<time>2026-07-09T21:07:18Z</time>
			</trkpt>
			<trkpt lat="46.166351" lon="-121.491188">
				<ele>2406.385742</ele>
				<time>2026-07-09T21:07:21Z</time>
			</trkpt>
			<trkpt lat="46.166321" lon="-121.491196">
				<ele>2406.60376</ele>
				<time>2026-07-09T21:07:24Z</time>
			</trkpt>
			<trkpt lat="46.166225" lon="-121.491211">
				<ele>2403.055176</ele>
				<time>2026-07-09T21:07:36Z</time>
			</trkpt>
			<trkpt lat="46.166203" lon="-121.491226">
				<ele>2403.075684</ele>
				<time>2026-07-09T21:07:39Z</time>
			</trkpt>
			<trkpt lat="46.166176" lon="-121.491234">
				<ele>2402.840576</ele>
				<time>2026-07-09T21:07:43Z</time>
			</trkpt>
			<trkpt lat="46.166149" lon="-121.491257">
				<ele>2401.514404</ele>
				<time>2026-07-09T21:07:47Z</time>
			</trkpt>
			<trkpt lat="46.16613" lon="-121.49128">
				<ele>2401.669189</ele>
				<time>2026-07-09T21:07:50Z</time>
			</trkpt>
			<trkpt lat="46.166119" lon="-121.49131">
				<ele>2400.817871</ele>
				<time>2026-07-09T21:07:53Z</time>
			</trkpt>
			<trkpt lat="46.166096" lon="-121.49131">
				<ele>2401.135254</ele>
				<time>2026-07-09T21:07:57Z</time>
			</trkpt>
			<trkpt lat="46.166077" lon="-121.491348">
				<ele>2400.739746</ele>
				<time>2026-07-09T21:08:00Z</time>
			</trkpt>
			<trkpt lat="46.166054" lon="-121.491364">
				<ele>2399.618408</ele>
				<time>2026-07-09T21:08:04Z</time>
			</trkpt>
			<trkpt lat="46.166031" lon="-121.491379">
				<ele>2400.003662</ele>
				<time>2026-07-09T21:08:06Z</time>
			</trkpt>
			<trkpt lat="46.166012" lon="-121.491402">
				<ele>2400.11084</ele>
				<time>2026-07-09T21:08:11Z</time>
			</trkpt>
			<trkpt lat="46.165977" lon="-121.491463">
				<ele>2398.105225</ele>
				<time>2026-07-09T21:08:29Z</time>
			</trkpt>
			<trkpt lat="46.165958" lon="-121.491486">
				<ele>2398.121338</ele>
				<time>2026-07-09T21:08:32Z</time>
			</trkpt>
			<trkpt lat="46.165932" lon="-121.491478">
				<ele>2397.060059</ele>
				<time>2026-07-09T21:08:36Z</time>
			</trkpt>
			<trkpt lat="46.165905" lon="-121.49147">
				<ele>2396.931396</ele>
				<time>2026-07-09T21:08:39Z</time>
			</trkpt>
			<trkpt lat="46.165836" lon="-121.491501">
				<ele>2393.804932</ele>
				<time>2026-07-09T21:08:53Z</time>
			</trkpt>
			<trkpt lat="46.165813" lon="-121.491501">
				<ele>2394.707031</ele>
				<time>2026-07-09T21:08:56Z</time>
			</trkpt>
			<trkpt lat="46.165775" lon="-121.491531">
				<ele>2391.552979</ele>
				<time>2026-07-09T21:09:04Z</time>
			</trkpt>
			<trkpt lat="46.165756" lon="-121.491508">
				<ele>2391.641602</ele>
				<time>2026-07-09T21:09:07Z</time>
			</trkpt>
			<trkpt lat="46.165691" lon="-121.491524">
				<ele>2388.492676</ele>
				<time>2026-07-09T21:09:17Z</time>
			</trkpt>
			<trkpt lat="46.16568" lon="-121.491493">
				<ele>2388.132568</ele>
				<time>2026-07-09T21:09:21Z</time>
			</trkpt>
			<trkpt lat="46.165672" lon="-121.491524">
				<ele>2387.989014</ele>
				<time>2026-07-09T21:09:25Z</time>
			</trkpt>
			<trkpt lat="46.165661" lon="-121.49157">
				<ele>2388.668701</ele>
				<time>2026-07-09T21:09:29Z</time>
			</trkpt>
			<trkpt lat="46.16563" lon="-121.491623">
				<ele>2386.52832</ele>
				<time>2026-07-09T21:09:37Z</time>
			</trkpt>
			<trkpt lat="46.165607" lon="-121.491646">
				<ele>2383.392578</ele>
				<time>2026-07-09T21:09:44Z</time>
			</trkpt>
			<trkpt lat="46.165619" lon="-121.491676">
				<ele>2383.294922</ele>
				<time>2026-07-09T21:09:48Z</time>
			</trkpt>
			<trkpt lat="46.165558" lon="-121.491714">
				<ele>2381.218506</ele>
				<time>2026-07-09T21:10:00Z</time>
			</trkpt>
			<trkpt lat="46.165485" lon="-121.491699">
				<ele>2378.288818</ele>
				<time>2026-07-09T21:10:14Z</time>
			</trkpt>
			<trkpt lat="46.165482" lon="-121.49176">
				<ele>2377.386963</ele>
				<time>2026-07-09T21:10:23Z</time>
			</trkpt>
			<trkpt lat="46.165405" lon="-121.491837">
				<ele>2373.19165</ele>
				<time>2026-07-09T21:10:41Z</time>
			</trkpt>
			<trkpt lat="46.165386" lon="-121.491814">
				<ele>2372.398438</ele>
				<time>2026-07-09T21:10:47Z</time>
			</trkpt>
			<trkpt lat="46.165363" lon="-121.491806">
				<ele>2372.368408</ele>
				<time>2026-07-09T21:10:52Z</time>
			</trkpt>
			<trkpt lat="46.165295" lon="-121.491837">
				<ele>2368.891357</ele>
				<time>2026-07-09T21:11:05Z</time>
			</trkpt>
			<trkpt lat="46.165287" lon="-121.491768">
				<ele>2368.75293</ele>
				<time>2026-07-09T21:11:14Z</time>
			</trkpt>
			<trkpt lat="46.165276" lon="-121.491699">
				<ele>2368.220215</ele>
				<time>2026-07-09T21:11:23Z</time>
			</trkpt>
			<trkpt lat="46.165237" lon="-121.491653">
				<ele>2365.530762</ele>
				<time>2026-07-09T21:11:33Z</time>
			</trkpt>
			<trkpt lat="46.165195" lon="-121.49173">
				<ele>2362.258789</ele>
				<time>2026-07-09T21:11:48Z</time>
			</trkpt>
			<trkpt lat="46.165154" lon="-121.491699">
				<ele>2361.313477</ele>
				<time>2026-07-09T21:12:01Z</time>
			</trkpt>
			<trkpt lat="46.165112" lon="-121.491692">
				<ele>2359.387207</ele>
				<time>2026-07-09T21:12:15Z</time>
			</trkpt>
			<trkpt lat="46.165112" lon="-121.491615">
				<ele>2358.048096</ele>
				<time>2026-07-09T21:12:23Z</time>
			</trkpt>
			<trkpt lat="46.165104" lon="-121.491585">
				<ele>2357.921143</ele>
				<time>2026-07-09T21:12:29Z</time>
			</trkpt>
			<trkpt lat="46.165051" lon="-121.491554">
				<ele>2355.060059</ele>
				<time>2026-07-09T21:12:39Z</time>
			</trkpt>
			<trkpt lat="46.165035" lon="-121.491585">
				<ele>2352.326416</ele>
				<time>2026-07-09T21:12:44Z</time>
			</trkpt>
			<trkpt lat="46.165012" lon="-121.491585">
				<ele>2354.047607</ele>
				<time>2026-07-09T21:12:46Z</time>
			</trkpt>
			<trkpt lat="46.164993" lon="-121.491562">
				<ele>2353.962158</ele>
				<time>2026-07-09T21:12:51Z</time>
			</trkpt>
			<trkpt lat="46.164974" lon="-121.491539">
				<ele>2353.26416</ele>
				<time>2026-07-09T21:12:55Z</time>
			</trkpt>
			<trkpt lat="46.164955" lon="-121.4916">
				<ele>2350.977783</ele>
				<time>2026-07-09T21:13:08Z</time>
			</trkpt>
			<trkpt lat="46.16494" lon="-121.491631">
				<ele>2351.004639</ele>
				<time>2026-07-09T21:13:11Z</time>
			</trkpt>
			<trkpt lat="46.164917" lon="-121.491653">
				<ele>2349.263428</ele>
				<time>2026-07-09T21:13:15Z</time>
			</trkpt>
			<trkpt lat="46.164898" lon="-121.491676">
				<ele>2349.040283</ele>
				<time>2026-07-09T21:13:17Z</time>
			</trkpt>
			<trkpt lat="46.16486" lon="-121.491585">
				<ele>2347.122559</ele>
				<time>2026-07-09T21:13:30Z</time>
			</trkpt>
			<trkpt lat="46.164841" lon="-121.491615">
				<ele>2346.66333</ele>
				<time>2026-07-09T21:13:34Z</time>
			</trkpt>
			<trkpt lat="46.164818" lon="-121.491623">
				<ele>2345.578125</ele>
				<time>2026-07-09T21:13:38Z</time>
			</trkpt>
			<trkpt lat="46.164806" lon="-121.491577">
				<ele>2345.135986</ele>
				<time>2026-07-09T21:13:41Z</time>
			</trkpt>
			<trkpt lat="46.164757" lon="-121.491661">
				<ele>2342.062744</ele>
				<time>2026-07-09T21:13:56Z</time>
			</trkpt>
			<trkpt lat="46.164742" lon="-121.491692">
				<ele>2341.729736</ele>
				<time>2026-07-09T21:14:02Z</time>
			</trkpt>
			<trkpt lat="46.16468" lon="-121.491615">
				<ele>2339.071289</ele>
				<time>2026-07-09T21:14:10Z</time>
			</trkpt>
			<trkpt lat="46.164646" lon="-121.49157">
				<ele>2338.528564</ele>
				<time>2026-07-09T21:14:16Z</time>
			</trkpt>
			<trkpt lat="46.164623" lon="-121.491501">
				<ele>2335.932617</ele>
				<time>2026-07-09T21:14:25Z</time>
			</trkpt>
			<trkpt lat="46.164608" lon="-121.49147">
				<ele>2336.397949</ele>
				<time>2026-07-09T21:14:37Z</time>
			</trkpt>
			<trkpt lat="46.164566" lon="-121.491508">
				<ele>2334.047852</ele>
				<time>2026-07-09T21:14:49Z</time>
			</trkpt>
			<trkpt lat="46.164524" lon="-121.491547">
				<ele>2333.101074</ele>
				<time>2026-07-09T21:14:56Z</time>
			</trkpt>
			<trkpt lat="46.164474" lon="-121.49157">
				<ele>2331.280029</ele>
				<time>2026-07-09T21:15:04Z</time>
			</trkpt>
			<trkpt lat="46.164455" lon="-121.491554">
				<ele>2330.719238</ele>
				<time>2026-07-09T21:15:07Z</time>
			</trkpt>
			<trkpt lat="46.164425" lon="-121.491547">
				<ele>2330.606934</ele>
				<time>2026-07-09T21:15:10Z</time>
			</trkpt>
			<trkpt lat="46.164379" lon="-121.491516">
				<ele>2328.49292</ele>
				<time>2026-07-09T21:15:17Z</time>
			</trkpt>
			<trkpt lat="46.164356" lon="-121.491508">
				<ele>2328.345703</ele>
				<time>2026-07-09T21:15:21Z</time>
			</trkpt>
			<trkpt lat="46.164333" lon="-121.491486">
				<ele>2326.187256</ele>
				<time>2026-07-09T21:15:27Z</time>
			</trkpt>
			<trkpt lat="46.164288" lon="-121.491501">
				<ele>2323.74292</ele>
				<time>2026-07-09T21:15:43Z</time>
			</trkpt>
			<trkpt lat="46.164242" lon="-121.491524">
				<ele>2322.785645</ele>
				<time>2026-07-09T21:15:49Z</time>
			</trkpt>
			<trkpt lat="46.164192" lon="-121.491493">
				<ele>2320.91333</ele>
				<time>2026-07-09T21:15:58Z</time>
			</trkpt>
			<trkpt lat="46.164173" lon="-121.491516">
				<ele>2319.415283</ele>
				<time>2026-07-09T21:16:02Z</time>
			</trkpt>
			<trkpt lat="46.164154" lon="-121.491501">
				<ele>2317.483154</ele>
				<time>2026-07-09T21:16:08Z</time>
			</trkpt>
			<trkpt lat="46.164131" lon="-121.491516">
				<ele>2316.377197</ele>
				<time>2026-07-09T21:16:17Z</time>
			</trkpt>
			<trkpt lat="46.164104" lon="-121.491516">
				<ele>2316.456055</ele>
				<time>2026-07-09T21:17:45Z</time>
			</trkpt>
			<trkpt lat="46.164055" lon="-121.491516">
				<ele>2313.580078</ele>
				<time>2026-07-09T21:17:55Z</time>
			</trkpt>
			<trkpt lat="46.164036" lon="-121.491493">
				<ele>2313.391357</ele>
				<time>2026-07-09T21:17:59Z</time>
			</trkpt>
			<trkpt lat="46.163979" lon="-121.491524">
				<ele>2310.695313</ele>
				<time>2026-07-09T21:18:14Z</time>
			</trkpt>
			<trkpt lat="46.163956" lon="-121.491547">
				<ele>2310.295654</ele>
				<time>2026-07-09T21:18:18Z</time>
			</trkpt>
			<trkpt lat="46.163933" lon="-121.491547">
				<ele>2311.165527</ele>
				<time>2026-07-09T21:18:22Z</time>
			</trkpt>
			<trkpt lat="46.163906" lon="-121.491562">
				<ele>2310.293457</ele>
				<time>2026-07-09T21:18:25Z</time>
			</trkpt>
			<trkpt lat="46.163841" lon="-121.491501">
				<ele>2307.129883</ele>
				<time>2026-07-09T21:18:37Z</time>
			</trkpt>
			<trkpt lat="46.163803" lon="-121.491539">
				<ele>2305.283447</ele>
				<time>2026-07-09T21:18:47Z</time>
			</trkpt>
			<trkpt lat="46.163776" lon="-121.491562">
				<ele>2305.345703</ele>
				<time>2026-07-09T21:18:50Z</time>
			</trkpt>
			<trkpt lat="46.163742" lon="-121.491562">
				<ele>2305.287842</ele>
				<time>2026-07-09T21:18:53Z</time>
			</trkpt>
			<trkpt lat="46.163727" lon="-121.491592">
				<ele>2304.648682</ele>
				<time>2026-07-09T21:18:56Z</time>
			</trkpt>
			<trkpt lat="46.1637" lon="-121.491608">
				<ele>2305.62085</ele>
				<time>2026-07-09T21:19:00Z</time>
			</trkpt>
			<trkpt lat="46.163677" lon="-121.491592">
				<ele>2305.721436</ele>
				<time>2026-07-09T21:19:04Z</time>
			</trkpt>
			<trkpt lat="46.163662" lon="-121.491554">
				<ele>2305.403076</ele>
				<time>2026-07-09T21:19:07Z</time>
			</trkpt>
			<trkpt lat="46.163639" lon="-121.491554">
				<ele>2304.831543</ele>
				<time>2026-07-09T21:19:10Z</time>
			</trkpt>
			<trkpt lat="46.163616" lon="-121.491539">
				<ele>2304.715576</ele>
				<time>2026-07-09T21:19:37Z</time>
			</trkpt>
			<trkpt lat="46.163593" lon="-121.491554">
				<ele>2303.43457</ele>
				<time>2026-07-09T21:19:41Z</time>
			</trkpt>
			<trkpt lat="46.163567" lon="-121.491562">
				<ele>2303.674805</ele>
				<time>2026-07-09T21:19:45Z</time>
			</trkpt>
			<trkpt lat="46.163517" lon="-121.491592">
				<ele>2302.523193</ele>
				<time>2026-07-09T21:19:53Z</time>
			</trkpt>
			<trkpt lat="46.163422" lon="-121.491661">
				<ele>2301.112061</ele>
				<time>2026-07-09T21:20:07Z</time>
			</trkpt>
			<trkpt lat="46.163406" lon="-121.491692">
				<ele>2299.964355</ele>
				<time>2026-07-09T21:20:11Z</time>
			</trkpt>
			<trkpt lat="46.163387" lon="-121.491722">
				<ele>2300.597656</ele>
				<time>2026-07-09T21:20:15Z</time>
			</trkpt>
			<trkpt lat="46.163319" lon="-121.491714">
				<ele>2299.215332</ele>
				<time>2026-07-09T21:20:22Z</time>
			</trkpt>
			<trkpt lat="46.163223" lon="-121.491737">
				<ele>2298.207275</ele>
				<time>2026-07-09T21:20:33Z</time>
			</trkpt>
			<trkpt lat="46.163193" lon="-121.491753">
				<ele>2297.328125</ele>
				<time>2026-07-09T21:20:37Z</time>
			</trkpt>
			<trkpt lat="46.163162" lon="-121.49176">
				<ele>2296.941162</ele>
				<time>2026-07-09T21:20:41Z</time>
			</trkpt>
			<trkpt lat="46.163116" lon="-121.491806">
				<ele>2296.687012</ele>
				<time>2026-07-09T21:20:49Z</time>
			</trkpt>
			<trkpt lat="46.163097" lon="-121.491829">
				<ele>2296.19873</ele>
				<time>2026-07-09T21:20:52Z</time>
			</trkpt>
			<trkpt lat="46.163078" lon="-121.491859">
				<ele>2296.040771</ele>
				<time>2026-07-09T21:20:55Z</time>
			</trkpt>
			<trkpt lat="46.16288" lon="-121.491951">
				<ele>2290.094238</ele>
				<time>2026-07-09T21:21:29Z</time>
			</trkpt>
			<trkpt lat="46.162853" lon="-121.491959">
				<ele>2290.358887</ele>
				<time>2026-07-09T21:21:33Z</time>
			</trkpt>
			<trkpt lat="46.162819" lon="-121.492004">
				<ele>2288.527588</ele>
				<time>2026-07-09T21:21:42Z</time>
			</trkpt>
			<trkpt lat="46.162807" lon="-121.492043">
				<ele>2288.16626</ele>
				<time>2026-07-09T21:21:49Z</time>
			</trkpt>
			<trkpt lat="46.162766" lon="-121.492081">
				<ele>2284.610352</ele>
				<time>2026-07-09T21:22:05Z</time>
			</trkpt>
			<trkpt lat="46.162735" lon="-121.492081">
				<ele>2285.07666</ele>
				<time>2026-07-09T21:22:08Z</time>
			</trkpt>
			<trkpt lat="46.162651" lon="-121.492073">
				<ele>2283.165771</ele>
				<time>2026-07-09T21:22:21Z</time>
			</trkpt>
			<trkpt lat="46.162567" lon="-121.491997">
				<ele>2279.531494</ele>
				<time>2026-07-09T21:22:47Z</time>
			</trkpt>
			<trkpt lat="46.162498" lon="-121.492004">
				<ele>2277.093506</ele>
				<time>2026-07-09T21:23:15Z</time>
			</trkpt>
			<trkpt lat="46.162479" lon="-121.491951">
				<ele>2274.317627</ele>
				<time>2026-07-09T21:23:50Z</time>
			</trkpt>
			<trkpt lat="46.162491" lon="-121.49192">
				<ele>2274.083252</ele>
				<time>2026-07-09T21:24:00Z</time>
			</trkpt>
			<trkpt lat="46.162521" lon="-121.49173">
				<ele>2269.697266</ele>
				<time>2026-07-09T21:25:07Z</time>
			</trkpt>
			<trkpt lat="46.162586" lon="-121.491547">
				<ele>2261.201416</ele>
				<time>2026-07-09T21:26:40Z</time>
			</trkpt>
			<trkpt lat="46.162567" lon="-121.491425">
				<ele>2254.817139</ele>
				<time>2026-07-09T21:27:23Z</time>
			</trkpt>
			<trkpt lat="46.162537" lon="-121.491318">
				<ele>2252.148438</ele>
				<time>2026-07-09T21:27:31Z</time>
			</trkpt>
			<trkpt lat="46.162514" lon="-121.491249">
				<ele>2250.829834</ele>
				<time>2026-07-09T21:27:36Z</time>
			</trkpt>
			<trkpt lat="46.162502" lon="-121.491211">
				<ele>2250.494385</ele>
				<time>2026-07-09T21:27:39Z</time>
			</trkpt>
			<trkpt lat="46.162502" lon="-121.49118">
				<ele>2250.485352</ele>
				<time>2026-07-09T21:27:41Z</time>
			</trkpt>
			<trkpt lat="46.162472" lon="-121.491081">
				<ele>2247.835938</ele>
				<time>2026-07-09T21:27:48Z</time>
			</trkpt>
			<trkpt lat="46.162453" lon="-121.490982">
				<ele>2246.097168</ele>
				<time>2026-07-09T21:27:54Z</time>
			</trkpt>
			<trkpt lat="46.162418" lon="-121.490776">
				<ele>2243.952393</ele>
				<time>2026-07-09T21:28:07Z</time>
			</trkpt>
			<trkpt lat="46.162411" lon="-121.490738">
				<ele>2244.066895</ele>
				<time>2026-07-09T21:28:09Z</time>
			</trkpt>
			<trkpt lat="46.162392" lon="-121.490677">
				<ele>2242.972412</ele>
				<time>2026-07-09T21:28:14Z</time>
			</trkpt>
			<trkpt lat="46.162373" lon="-121.490654">
				<ele>2242.224854</ele>
				<time>2026-07-09T21:28:17Z</time>
			</trkpt>
			<trkpt lat="46.16235" lon="-121.490669">
				<ele>2241.952148</ele>
				<time>2026-07-09T21:28:19Z</time>
			</trkpt>
			<trkpt lat="46.162331" lon="-121.490677">
				<ele>2240.387939</ele>
				<time>2026-07-09T21:28:22Z</time>
			</trkpt>
			<trkpt lat="46.162266" lon="-121.490677">
				<ele>2239.861084</ele>
				<time>2026-07-09T21:28:30Z</time>
			</trkpt>
			<trkpt lat="46.162243" lon="-121.490677">
				<ele>2240.829102</ele>
				<time>2026-07-09T21:28:33Z</time>
			</trkpt>
			<trkpt lat="46.16222" lon="-121.490746">
				<ele>2239.318604</ele>
				<time>2026-07-09T21:28:56Z</time>
			</trkpt>
			<trkpt lat="46.162205" lon="-121.490723">
				<ele>2239.288818</ele>
				<time>2026-07-09T21:28:59Z</time>
			</trkpt>
			<trkpt lat="46.162182" lon="-121.4907">
				<ele>2238.069336</ele>
				<time>2026-07-09T21:29:03Z</time>
			</trkpt>
			<trkpt lat="46.162167" lon="-121.490677">
				<ele>2238.449219</ele>
				<time>2026-07-09T21:29:07Z</time>
			</trkpt>
			<trkpt lat="46.162151" lon="-121.490654">
				<ele>2237.167725</ele>
				<time>2026-07-09T21:29:10Z</time>
			</trkpt>
			<trkpt lat="46.162128" lon="-121.490631">
				<ele>2236.891357</ele>
				<time>2026-07-09T21:29:13Z</time>
			</trkpt>
			<trkpt lat="46.162102" lon="-121.490608">
				<ele>2236.829102</ele>
				<time>2026-07-09T21:29:16Z</time>
			</trkpt>
			<trkpt lat="46.16209" lon="-121.49057">
				<ele>2236.415771</ele>
				<time>2026-07-09T21:29:19Z</time>
			</trkpt>
			<trkpt lat="46.162067" lon="-121.490517">
				<ele>2234.232666</ele>
				<time>2026-07-09T21:29:27Z</time>
			</trkpt>
			<trkpt lat="46.162056" lon="-121.490486">
				<ele>2234.702637</ele>
				<time>2026-07-09T21:29:30Z</time>
			</trkpt>
			<trkpt lat="46.162025" lon="-121.490433">
				<ele>2233.037354</ele>
				<time>2026-07-09T21:29:38Z</time>
			</trkpt>
			<trkpt lat="46.162006" lon="-121.490456">
				<ele>2232.699707</ele>
				<time>2026-07-09T21:29:41Z</time>
			</trkpt>
			<trkpt lat="46.162003" lon="-121.490486">
				<ele>2231.280762</ele>
				<time>2026-07-09T21:29:45Z</time>
			</trkpt>
			<trkpt lat="46.161999" lon="-121.490524">
				<ele>2231.383545</ele>
				<time>2026-07-09T21:29:48Z</time>
			</trkpt>
			<trkpt lat="46.161983" lon="-121.490547">
				<ele>2230.503662</ele>
				<time>2026-07-09T21:29:53Z</time>
			</trkpt>
			<trkpt lat="46.161961" lon="-121.490532">
				<ele>2228.959717</ele>
				<time>2026-07-09T21:30:02Z</time>
			</trkpt>
			<trkpt lat="46.161915" lon="-121.490494">
				<ele>2227.176025</ele>
				<time>2026-07-09T21:30:10Z</time>
			</trkpt>
			<trkpt lat="46.161888" lon="-121.490471">
				<ele>2227.053955</ele>
				<time>2026-07-09T21:30:15Z</time>
			</trkpt>
			<trkpt lat="46.161865" lon="-121.490456">
				<ele>2225.38501</ele>
				<time>2026-07-09T21:30:28Z</time>
			</trkpt>
			<trkpt lat="46.161835" lon="-121.490463">
				<ele>2225.142578</ele>
				<time>2026-07-09T21:30:33Z</time>
			</trkpt>
			<trkpt lat="46.161797" lon="-121.49041">
				<ele>2223.503662</ele>
				<time>2026-07-09T21:30:40Z</time>
			</trkpt>
			<trkpt lat="46.161774" lon="-121.490402">
				<ele>2221.189453</ele>
				<time>2026-07-09T21:30:50Z</time>
			</trkpt>
			<trkpt lat="46.161747" lon="-121.490417">
				<ele>2221.715332</ele>
				<time>2026-07-09T21:30:57Z</time>
			</trkpt>
			<trkpt lat="46.161724" lon="-121.490433">
				<ele>2220.951904</ele>
				<time>2026-07-09T21:31:02Z</time>
			</trkpt>
			<trkpt lat="46.161705" lon="-121.490402">
				<ele>2220.775146</ele>
				<time>2026-07-09T21:31:07Z</time>
			</trkpt>
			<trkpt lat="46.161682" lon="-121.490417">
				<ele>2222.158691</ele>
				<time>2026-07-09T21:31:14Z</time>
			</trkpt>
			<trkpt lat="46.161579" lon="-121.490417">
				<ele>2215.259521</ele>
				<time>2026-07-09T21:31:37Z</time>
			</trkpt>
			<trkpt lat="46.161552" lon="-121.490433">
				<ele>2215.797119</ele>
				<time>2026-07-09T21:31:43Z</time>
			</trkpt>
			<trkpt lat="46.161457" lon="-121.49044">
				<ele>2212.242676</ele>
				<time>2026-07-09T21:32:19Z</time>
			</trkpt>
			<trkpt lat="46.161423" lon="-121.490448">
				<ele>2212.54126</ele>
				<time>2026-07-09T21:32:27Z</time>
			</trkpt>
			<trkpt lat="46.161404" lon="-121.490417">
				<ele>2210.414307</ele>
				<time>2026-07-09T21:32:34Z</time>
			</trkpt>
			<trkpt lat="46.161369" lon="-121.490417">
				<ele>2209.529297</ele>
				<time>2026-07-09T21:32:40Z</time>
			</trkpt>
			<trkpt lat="46.161354" lon="-121.490448">
				<ele>2209.0896</ele>
				<time>2026-07-09T21:32:47Z</time>
			</trkpt>
			<trkpt lat="46.161324" lon="-121.49044">
				<ele>2208.760742</ele>
				<time>2026-07-09T21:32:53Z</time>
			</trkpt>
			<trkpt lat="46.161274" lon="-121.490433">
				<ele>2205.600098</ele>
				<time>2026-07-09T21:33:05Z</time>
			</trkpt>
			<trkpt lat="46.161251" lon="-121.49041">
				<ele>2205.871826</ele>
				<time>2026-07-09T21:33:11Z</time>
			</trkpt>
			<trkpt lat="46.161232" lon="-121.49044">
				<ele>2203.952393</ele>
				<time>2026-07-09T21:34:29Z</time>
			</trkpt>
			<trkpt lat="46.161148" lon="-121.490501">
				<ele>2200.811035</ele>
				<time>2026-07-09T21:34:55Z</time>
			</trkpt>
			<trkpt lat="46.161083" lon="-121.490524">
				<ele>2196.296387</ele>
				<time>2026-07-09T21:35:32Z</time>
			</trkpt>
			<trkpt lat="46.161057" lon="-121.490509">
				<ele>2196.048584</ele>
				<time>2026-07-09T21:35:38Z</time>
			</trkpt>
			<trkpt lat="46.16103" lon="-121.490517">
				<ele>2195.170654</ele>
				<time>2026-07-09T21:35:44Z</time>
			</trkpt>
			<trkpt lat="46.161064" lon="-121.490623">
				<ele>2191.574707</ele>
				<time>2026-07-09T21:36:05Z</time>
			</trkpt>
			<trkpt lat="46.161045" lon="-121.490646">
				<ele>2192.254883</ele>
				<time>2026-07-09T21:36:08Z</time>
			</trkpt>
			<trkpt lat="46.160957" lon="-121.490608">
				<ele>2188.171631</ele>
				<time>2026-07-09T21:36:31Z</time>
			</trkpt>
			<trkpt lat="46.160931" lon="-121.490593">
				<ele>2188.482422</ele>
				<time>2026-07-09T21:36:37Z</time>
			</trkpt>
			<trkpt lat="46.160912" lon="-121.490555">
				<ele>2188.220703</ele>
				<time>2026-07-09T21:36:45Z</time>
			</trkpt>
			<trkpt lat="46.160877" lon="-121.490562">
				<ele>2186.136475</ele>
				<time>2026-07-09T21:36:53Z</time>
			</trkpt>
			<trkpt lat="46.160889" lon="-121.490601">
				<ele>2184.792236</ele>
				<time>2026-07-09T21:37:07Z</time>
			</trkpt>
			<trkpt lat="46.160858" lon="-121.490608">
				<ele>2185.196777</ele>
				<time>2026-07-09T21:38:01Z</time>
			</trkpt>
			<trkpt lat="46.160831" lon="-121.490639">
				<ele>2184.172363</ele>
				<time>2026-07-09T21:38:10Z</time>
			</trkpt>
			<trkpt lat="46.160801" lon="-121.490631">
				<ele>2181.922852</ele>
				<time>2026-07-09T21:38:20Z</time>
			</trkpt>
			<trkpt lat="46.160778" lon="-121.490593">
				<ele>2180.529785</ele>
				<time>2026-07-09T21:38:27Z</time>
			</trkpt>
			<trkpt lat="46.16077" lon="-121.490517">
				<ele>2179.483398</ele>
				<time>2026-07-09T21:38:35Z</time>
			</trkpt>
			<trkpt lat="46.160748" lon="-121.490494">
				<ele>2178.594727</ele>
				<time>2026-07-09T21:38:38Z</time>
			</trkpt>
			<trkpt lat="46.160732" lon="-121.490463">
				<ele>2178.692871</ele>
				<time>2026-07-09T21:38:41Z</time>
			</trkpt>
			<trkpt lat="46.160717" lon="-121.490433">
				<ele>2177.30249</ele>
				<time>2026-07-09T21:38:46Z</time>
			</trkpt>
			<trkpt lat="46.160698" lon="-121.490395">
				<ele>2177.001709</ele>
				<time>2026-07-09T21:38:50Z</time>
			</trkpt>
			<trkpt lat="46.160679" lon="-121.490364">
				<ele>2176.148926</ele>
				<time>2026-07-09T21:38:55Z</time>
			</trkpt>
			<trkpt lat="46.160652" lon="-121.490387">
				<ele>2174.507813</ele>
				<time>2026-07-09T21:39:05Z</time>
			</trkpt>
			<trkpt lat="46.160633" lon="-121.490356">
				<ele>2173.754639</ele>
				<time>2026-07-09T21:39:10Z</time>
			</trkpt>
			<trkpt lat="46.160614" lon="-121.490379">
				<ele>2173.6604</ele>
				<time>2026-07-09T21:39:15Z</time>
			</trkpt>
			<trkpt lat="46.160583" lon="-121.490395">
				<ele>2173.631592</ele>
				<time>2026-07-09T21:39:20Z</time>
			</trkpt>
			<trkpt lat="46.160542" lon="-121.490456">
				<ele>2170.697021</ele>
				<time>2026-07-09T21:39:41Z</time>
			</trkpt>
			<trkpt lat="46.160522" lon="-121.490425">
				<ele>2169.15625</ele>
				<time>2026-07-09T21:39:48Z</time>
			</trkpt>
			<trkpt lat="46.160477" lon="-121.490448">
				<ele>2166.331543</ele>
				<time>2026-07-09T21:40:09Z</time>
			</trkpt>
			<trkpt lat="46.160423" lon="-121.490417">
				<ele>2165.242188</ele>
				<time>2026-07-09T21:40:20Z</time>
			</trkpt>
			<trkpt lat="46.160416" lon="-121.490379">
				<ele>2163.932861</ele>
				<time>2026-07-09T21:40:34Z</time>
			</trkpt>
			<trkpt lat="46.1604" lon="-121.490349">
				<ele>2163.599121</ele>
				<time>2026-07-09T21:40:39Z</time>
			</trkpt>
			<trkpt lat="46.16037" lon="-121.490356">
				<ele>2162.938965</ele>
				<time>2026-07-09T21:40:46Z</time>
			</trkpt>
			<trkpt lat="46.160366" lon="-121.490395">
				<ele>2161.54834</ele>
				<time>2026-07-09T21:40:50Z</time>
			</trkpt>
			<trkpt lat="46.160313" lon="-121.490356">
				<ele>2159.189453</ele>
				<time>2026-07-09T21:41:02Z</time>
			</trkpt>
			<trkpt lat="46.160297" lon="-121.490402">
				<ele>2158.480469</ele>
				<time>2026-07-09T21:41:07Z</time>
			</trkpt>
			<trkpt lat="46.160278" lon="-121.490433">
				<ele>2156.772705</ele>
				<time>2026-07-09T21:41:13Z</time>
			</trkpt>
			<trkpt lat="46.160255" lon="-121.490456">
				<ele>2157.651123</ele>
				<time>2026-07-09T21:41:27Z</time>
			</trkpt>
			<trkpt lat="46.160233" lon="-121.490494">
				<ele>2154.914307</ele>
				<time>2026-07-09T21:41:33Z</time>
			</trkpt>
			<trkpt lat="46.160202" lon="-121.490494">
				<ele>2155.30127</ele>
				<time>2026-07-09T21:41:38Z</time>
			</trkpt>
			<trkpt lat="46.160191" lon="-121.49054">
				<ele>2154.206787</ele>
				<time>2026-07-09T21:41:43Z</time>
			</trkpt>
			<trkpt lat="46.160114" lon="-121.490601">
				<ele>2152.572021</ele>
				<time>2026-07-09T21:41:58Z</time>
			</trkpt>
			<trkpt lat="46.160118" lon="-121.490639">
				<ele>2151.560547</ele>
				<time>2026-07-09T21:42:02Z</time>
			</trkpt>
			<trkpt lat="46.160091" lon="-121.490654">
				<ele>2150.3479</ele>
				<time>2026-07-09T21:42:07Z</time>
			</trkpt>
			<trkpt lat="46.160072" lon="-121.490692">
				<ele>2150.532471</ele>
				<time>2026-07-09T21:42:10Z</time>
			</trkpt>
			<trkpt lat="46.160057" lon="-121.490654">
				<ele>2151.179688</ele>
				<time>2026-07-09T21:42:12Z</time>
			</trkpt>
			<trkpt lat="46.160053" lon="-121.490608">
				<ele>2150.556885</ele>
				<time>2026-07-09T21:42:16Z</time>
			</trkpt>
			<trkpt lat="46.160023" lon="-121.490601">
				<ele>2149.299805</ele>
				<time>2026-07-09T21:42:20Z</time>
			</trkpt>
			<trkpt lat="46.159973" lon="-121.490555">
				<ele>2148.614014</ele>
				<time>2026-07-09T21:42:33Z</time>
			</trkpt>
			<trkpt lat="46.15995" lon="-121.490562">
				<ele>2146.920654</ele>
				<time>2026-07-09T21:42:40Z</time>
			</trkpt>
			<trkpt lat="46.159924" lon="-121.49057">
				<ele>2147.026367</ele>
				<time>2026-07-09T21:42:44Z</time>
			</trkpt>
			<trkpt lat="46.159897" lon="-121.490585">
				<ele>2145.760498</ele>
				<time>2026-07-09T21:42:47Z</time>
			</trkpt>
			<trkpt lat="46.159866" lon="-121.490585">
				<ele>2146.214111</ele>
				<time>2026-07-09T21:42:52Z</time>
			</trkpt>
			<trkpt lat="46.159836" lon="-121.490608">
				<ele>2145.984619</ele>
				<time>2026-07-09T21:42:55Z</time>
			</trkpt>
			<trkpt lat="46.159752" lon="-121.490601">
				<ele>2144.994629</ele>
				<time>2026-07-09T21:43:10Z</time>
			</trkpt>
			<trkpt lat="46.159737" lon="-121.490631">
				<ele>2144.897461</ele>
				<time>2026-07-09T21:43:13Z</time>
			</trkpt>
			<trkpt lat="46.159721" lon="-121.490669">
				<ele>2144.888428</ele>
				<time>2026-07-09T21:43:17Z</time>
			</trkpt>
			<trkpt lat="46.159695" lon="-121.490692">
				<ele>2146.240479</ele>
				<time>2026-07-09T21:43:21Z</time>
			</trkpt>
			<trkpt lat="46.159637" lon="-121.490715">
				<ele>2145.510742</ele>
				<time>2026-07-09T21:44:33Z</time>
			</trkpt>
			<trkpt lat="46.159653" lon="-121.490685">
				<ele>2143.824707</ele>
				<time>2026-07-09T21:48:20Z</time>
			</trkpt>
			<trkpt lat="46.159683" lon="-121.490685">
				<ele>2144.616455</ele>
				<time>2026-07-09T21:50:18Z</time>
			</trkpt>
			<trkpt lat="46.159698" lon="-121.490646">
				<ele>2144.36377</ele>
				<time>2026-07-09T21:50:25Z</time>
			</trkpt>
			<trkpt lat="46.159691" lon="-121.490601">
				<ele>2144.459229</ele>
				<time>2026-07-09T21:50:29Z</time>
			</trkpt>
			<trkpt lat="46.159714" lon="-121.490578">
				<ele>2143.908447</ele>
				<time>2026-07-09T21:50:32Z</time>
			</trkpt>
			<trkpt lat="46.159725" lon="-121.49054">
				<ele>2144.29248</ele>
				<time>2026-07-09T21:50:37Z</time>
			</trkpt>
			<trkpt lat="46.159725" lon="-121.490509">
				<ele>2143.251953</ele>
				<time>2026-07-09T21:50:42Z</time>
			</trkpt>
			<trkpt lat="46.159725" lon="-121.490471">
				<ele>2143.242676</ele>
				<time>2026-07-09T21:50:46Z</time>
			</trkpt>
			<trkpt lat="46.159721" lon="-121.490433">
				<ele>2142.440918</ele>
				<time>2026-07-09T21:50:50Z</time>
			</trkpt>
			<trkpt lat="46.159702" lon="-121.490402">
				<ele>2142.193848</ele>
				<time>2026-07-09T21:50:54Z</time>
			</trkpt>
			<trkpt lat="46.159641" lon="-121.490448">
				<ele>2140.212158</ele>
				<time>2026-07-09T21:51:06Z</time>
			</trkpt>
			<trkpt lat="46.159576" lon="-121.49041">
				<ele>2138.253662</ele>
				<time>2026-07-09T21:51:17Z</time>
			</trkpt>
			<trkpt lat="46.159565" lon="-121.49044">
				<ele>2137.369873</ele>
				<time>2026-07-09T21:51:21Z</time>
			</trkpt>
			<trkpt lat="46.159546" lon="-121.490433">
				<ele>2136.052002</ele>
				<time>2026-07-09T21:51:25Z</time>
			</trkpt>
			<trkpt lat="46.159534" lon="-121.490402">
				<ele>2135.470215</ele>
				<time>2026-07-09T21:51:28Z</time>
			</trkpt>
			<trkpt lat="46.159515" lon="-121.490402">
				<ele>2135.513672</ele>
				<time>2026-07-09T21:51:32Z</time>
			</trkpt>
			<trkpt lat="46.159489" lon="-121.490425">
				<ele>2134.736816</ele>
				<time>2026-07-09T21:51:35Z</time>
			</trkpt>
			<trkpt lat="46.15942" lon="-121.490417">
				<ele>2134.180908</ele>
				<time>2026-07-09T21:51:46Z</time>
			</trkpt>
			<trkpt lat="46.159405" lon="-121.490387">
				<ele>2134.033203</ele>
				<time>2026-07-09T21:51:50Z</time>
			</trkpt>
			<trkpt lat="46.159382" lon="-121.490402">
				<ele>2133.259766</ele>
				<time>2026-07-09T21:51:54Z</time>
			</trkpt>
			<trkpt lat="46.159363" lon="-121.490417">
				<ele>2133.436035</ele>
				<time>2026-07-09T21:51:58Z</time>
			</trkpt>
			<trkpt lat="46.159351" lon="-121.490456">
				<ele>2132.546631</ele>
				<time>2026-07-09T21:52:03Z</time>
			</trkpt>
			<trkpt lat="46.159328" lon="-121.490479">
				<ele>2133.012695</ele>
				<time>2026-07-09T21:52:06Z</time>
			</trkpt>
			<trkpt lat="46.159313" lon="-121.490501">
				<ele>2131.6875</ele>
				<time>2026-07-09T21:52:10Z</time>
			</trkpt>
			<trkpt lat="46.159302" lon="-121.490524">
				<ele>2131.799316</ele>
				<time>2026-07-09T21:52:14Z</time>
			</trkpt>
			<trkpt lat="46.159237" lon="-121.490562">
				<ele>2130.301758</ele>
				<time>2026-07-09T21:52:31Z</time>
			</trkpt>
			<trkpt lat="46.15921" lon="-121.490585">
				<ele>2128.830566</ele>
				<time>2026-07-09T21:52:36Z</time>
			</trkpt>
			<trkpt lat="46.159164" lon="-121.490601">
				<ele>2128.081787</ele>
				<time>2026-07-09T21:52:44Z</time>
			</trkpt>
			<trkpt lat="46.159145" lon="-121.490623">
				<ele>2128.320313</ele>
				<time>2026-07-09T21:52:46Z</time>
			</trkpt>
			<trkpt lat="46.159122" lon="-121.490608">
				<ele>2125.580566</ele>
				<time>2026-07-09T21:52:59Z</time>
			</trkpt>
			<trkpt lat="46.1591" lon="-121.490623">
				<ele>2125.832031</ele>
				<time>2026-07-09T21:53:03Z</time>
			</trkpt>
			<trkpt lat="46.15905" lon="-121.490685">
				<ele>2124.582764</ele>
				<time>2026-07-09T21:53:16Z</time>
			</trkpt>
			<trkpt lat="46.158989" lon="-121.49073">
				<ele>2122.066406</ele>
				<time>2026-07-09T21:53:32Z</time>
			</trkpt>
			<trkpt lat="46.158978" lon="-121.490753">
				<ele>2122.110596</ele>
				<time>2026-07-09T21:53:35Z</time>
			</trkpt>
			<trkpt lat="46.158943" lon="-121.490791">
				<ele>2121.009766</ele>
				<time>2026-07-09T21:53:43Z</time>
			</trkpt>
			<trkpt lat="46.158901" lon="-121.490784">
				<ele>2118.19458</ele>
				<time>2026-07-09T21:53:49Z</time>
			</trkpt>
			<trkpt lat="46.158886" lon="-121.490814">
				<ele>2118.159424</ele>
				<time>2026-07-09T21:53:52Z</time>
			</trkpt>
			<trkpt lat="46.158863" lon="-121.490822">
				<ele>2118.33667</ele>
				<time>2026-07-09T21:53:55Z</time>
			</trkpt>
			<trkpt lat="46.158844" lon="-121.490799">
				<ele>2118.081055</ele>
				<time>2026-07-09T21:53:58Z</time>
			</trkpt>
			<trkpt lat="46.158829" lon="-121.490822">
				<ele>2116.937744</ele>
				<time>2026-07-09T21:54:02Z</time>
			</trkpt>
			<trkpt lat="46.158817" lon="-121.490845">
				<ele>2117.01123</ele>
				<time>2026-07-09T21:54:04Z</time>
			</trkpt>
			<trkpt lat="46.158798" lon="-121.49086">
				<ele>2116.418457</ele>
				<time>2026-07-09T21:54:07Z</time>
			</trkpt>
			<trkpt lat="46.158752" lon="-121.490822">
				<ele>2115.112549</ele>
				<time>2026-07-09T21:54:13Z</time>
			</trkpt>
			<trkpt lat="46.158703" lon="-121.490875">
				<ele>2113.927979</ele>
				<time>2026-07-09T21:54:21Z</time>
			</trkpt>
			<trkpt lat="46.158649" lon="-121.490814">
				<ele>2112.39624</ele>
				<time>2026-07-09T21:54:31Z</time>
			</trkpt>
			<trkpt lat="46.15863" lon="-121.490837">
				<ele>2111.333984</ele>
				<time>2026-07-09T21:54:35Z</time>
			</trkpt>
			<trkpt lat="46.158611" lon="-121.490837">
				<ele>2111.154297</ele>
				<time>2026-07-09T21:54:38Z</time>
			</trkpt>
			<trkpt lat="46.158592" lon="-121.490814">
				<ele>2111.147949</ele>
				<time>2026-07-09T21:54:41Z</time>
			</trkpt>
			<trkpt lat="46.158566" lon="-121.490746">
				<ele>2109.603271</ele>
				<time>2026-07-09T21:54:48Z</time>
			</trkpt>
			<trkpt lat="46.158539" lon="-121.490761">
				<ele>2108.399658</ele>
				<time>2026-07-09T21:54:53Z</time>
			</trkpt>
			<trkpt lat="46.158512" lon="-121.490768">
				<ele>2108.619873</ele>
				<time>2026-07-09T21:54:56Z</time>
			</trkpt>
			<trkpt lat="46.158478" lon="-121.490715">
				<ele>2107.42627</ele>
				<time>2026-07-09T21:55:02Z</time>
			</trkpt>
			<trkpt lat="46.158451" lon="-121.49073">
				<ele>2106.313965</ele>
				<time>2026-07-09T21:55:07Z</time>
			</trkpt>
			<trkpt lat="46.158428" lon="-121.49073">
				<ele>2106.897461</ele>
				<time>2026-07-09T21:55:09Z</time>
			</trkpt>
			<trkpt lat="46.158421" lon="-121.490761">
				<ele>2106.276611</ele>
				<time>2026-07-09T21:55:13Z</time>
			</trkpt>
			<trkpt lat="46.158413" lon="-121.490784">
				<ele>2106.247559</ele>
				<time>2026-07-09T21:55:16Z</time>
			</trkpt>
			<trkpt lat="46.158382" lon="-121.490852">
				<ele>2102.989258</ele>
				<time>2026-07-09T21:55:28Z</time>
			</trkpt>
			<trkpt lat="46.158337" lon="-121.490929">
				<ele>2102.604492</ele>
				<time>2026-07-09T21:55:37Z</time>
			</trkpt>
			<trkpt lat="46.15831" lon="-121.490883">
				<ele>2102.025635</ele>
				<time>2026-07-09T21:55:42Z</time>
			</trkpt>
			<trkpt lat="46.158287" lon="-121.490837">
				<ele>2100.686279</ele>
				<time>2026-07-09T21:55:48Z</time>
			</trkpt>
			<trkpt lat="46.158268" lon="-121.490829">
				<ele>2099.669678</ele>
				<time>2026-07-09T21:55:53Z</time>
			</trkpt>
			<trkpt lat="46.15823" lon="-121.490913">
				<ele>2097.907715</ele>
				<time>2026-07-09T21:56:05Z</time>
			</trkpt>
			<trkpt lat="46.158169" lon="-121.490952">
				<ele>2095.76709</ele>
				<time>2026-07-09T21:56:16Z</time>
			</trkpt>
			<trkpt lat="46.158062" lon="-121.490845">
				<ele>2092.018555</ele>
				<time>2026-07-09T21:56:41Z</time>
			</trkpt>
			<trkpt lat="46.158043" lon="-121.490852">
				<ele>2090.571289</ele>
				<time>2026-07-09T21:56:44Z</time>
			</trkpt>
			<trkpt lat="46.158031" lon="-121.490829">
				<ele>2090.600586</ele>
				<time>2026-07-09T21:56:49Z</time>
			</trkpt>
			<trkpt lat="46.158012" lon="-121.490822">
				<ele>2090.253662</ele>
				<time>2026-07-09T21:56:55Z</time>
			</trkpt>
			<trkpt lat="46.157993" lon="-121.490837">
				<ele>2089.061523</ele>
				<time>2026-07-09T21:56:58Z</time>
			</trkpt>
			<trkpt lat="46.157959" lon="-121.490883">
				<ele>2088.362793</ele>
				<time>2026-07-09T21:57:10Z</time>
			</trkpt>
			<trkpt lat="46.157951" lon="-121.490852">
				<ele>2088.130127</ele>
				<time>2026-07-09T21:57:13Z</time>
			</trkpt>
			<trkpt lat="46.157932" lon="-121.490868">
				<ele>2087.623535</ele>
				<time>2026-07-09T21:57:26Z</time>
			</trkpt>
			<trkpt lat="46.157913" lon="-121.490929">
				<ele>2085.324463</ele>
				<time>2026-07-09T21:57:33Z</time>
			</trkpt>
			<trkpt lat="46.157894" lon="-121.490952">
				<ele>2085.396484</ele>
				<time>2026-07-09T21:57:37Z</time>
			</trkpt>
			<trkpt lat="46.157883" lon="-121.49099">
				<ele>2085.147461</ele>
				<time>2026-07-09T21:57:40Z</time>
			</trkpt>
			<trkpt lat="46.15786" lon="-121.490974">
				<ele>2084.665771</ele>
				<time>2026-07-09T21:57:43Z</time>
			</trkpt>
			<trkpt lat="46.157745" lon="-121.491066">
				<ele>2079.996826</ele>
				<time>2026-07-09T21:58:02Z</time>
			</trkpt>
			<trkpt lat="46.15773" lon="-121.491096">
				<ele>2080.816162</ele>
				<time>2026-07-09T21:58:05Z</time>
			</trkpt>
			<trkpt lat="46.15765" lon="-121.491119">
				<ele>2082.19458</ele>
				<time>2026-07-09T21:58:25Z</time>
			</trkpt>
			<trkpt lat="46.157574" lon="-121.491127">
				<ele>2080.043701</ele>
				<time>2026-07-09T21:58:44Z</time>
			</trkpt>
			<trkpt lat="46.157536" lon="-121.491165">
				<ele>2079.13916</ele>
				<time>2026-07-09T21:58:50Z</time>
			</trkpt>
			<trkpt lat="46.157497" lon="-121.49118">
				<ele>2079.996582</ele>
				<time>2026-07-09T21:58:54Z</time>
			</trkpt>
			<trkpt lat="46.157417" lon="-121.491158">
				<ele>2078.640137</ele>
				<time>2026-07-09T21:59:04Z</time>
			</trkpt>
			<trkpt lat="46.157383" lon="-121.491142">
				<ele>2077.497559</ele>
				<time>2026-07-09T21:59:10Z</time>
			</trkpt>
			<trkpt lat="46.157345" lon="-121.491165">
				<ele>2077.96582</ele>
				<time>2026-07-09T21:59:14Z</time>
			</trkpt>
			<trkpt lat="46.157192" lon="-121.491142">
				<ele>2075.915039</ele>
				<time>2026-07-09T21:59:33Z</time>
			</trkpt>
			<trkpt lat="46.15712" lon="-121.491089">
				<ele>2072.999756</ele>
				<time>2026-07-09T21:59:56Z</time>
			</trkpt>
			<trkpt lat="46.157135" lon="-121.491035">
				<ele>2073.376221</ele>
				<time>2026-07-09T22:00:12Z</time>
			</trkpt>
			<trkpt lat="46.157101" lon="-121.49102">
				<ele>2074.649902</ele>
				<time>2026-07-09T22:00:57Z</time>
			</trkpt>
			<trkpt lat="46.157059" lon="-121.491028">
				<ele>2073.252441</ele>
				<time>2026-07-09T22:01:03Z</time>
			</trkpt>
			<trkpt lat="46.157013" lon="-121.491035">
				<ele>2073.719238</ele>
				<time>2026-07-09T22:01:08Z</time>
			</trkpt>
			<trkpt lat="46.156971" lon="-121.491035">
				<ele>2072.870361</ele>
				<time>2026-07-09T22:01:16Z</time>
			</trkpt>
			<trkpt lat="46.156925" lon="-121.491051">
				<ele>2072.904785</ele>
				<time>2026-07-09T22:01:23Z</time>
			</trkpt>
			<trkpt lat="46.156883" lon="-121.491058">
				<ele>2069.854492</ele>
				<time>2026-07-09T22:01:30Z</time>
			</trkpt>
			<trkpt lat="46.156837" lon="-121.491081">
				<ele>2070.462646</ele>
				<time>2026-07-09T22:01:35Z</time>
			</trkpt>
			<trkpt lat="46.156715" lon="-121.491119">
				<ele>2067.963379</ele>
				<time>2026-07-09T22:01:50Z</time>
			</trkpt>
			<trkpt lat="46.156677" lon="-121.491127">
				<ele>2067.768799</ele>
				<time>2026-07-09T22:01:54Z</time>
			</trkpt>
			<trkpt lat="46.15659" lon="-121.491135">
				<ele>2065.732666</ele>
				<time>2026-07-09T22:02:03Z</time>
			</trkpt>
			<trkpt lat="46.156555" lon="-121.491089">
				<ele>2066.190186</ele>
				<time>2026-07-09T22:02:07Z</time>
			</trkpt>
			<trkpt lat="46.156479" lon="-121.491089">
				<ele>2065.445801</ele>
				<time>2026-07-09T22:02:21Z</time>
			</trkpt>
			<trkpt lat="46.156403" lon="-121.491135">
				<ele>2066.209229</ele>
				<time>2026-07-09T22:02:30Z</time>
			</trkpt>
			<trkpt lat="46.156319" lon="-121.491142">
				<ele>2067.451416</ele>
				<time>2026-07-09T22:02:41Z</time>
			</trkpt>
			<trkpt lat="46.156281" lon="-121.491142">
				<ele>2067.099121</ele>
				<time>2026-07-09T22:02:45Z</time>
			</trkpt>
			<trkpt lat="46.156239" lon="-121.491142">
				<ele>2067.222656</ele>
				<time>2026-07-09T22:02:50Z</time>
			</trkpt>
			<trkpt lat="46.156189" lon="-121.49115">
				<ele>2067.714111</ele>
				<time>2026-07-09T22:02:56Z</time>
			</trkpt>
			<trkpt lat="46.156113" lon="-121.491089">
				<ele>2069.44751</ele>
				<time>2026-07-09T22:03:08Z</time>
			</trkpt>
			<trkpt lat="46.156075" lon="-121.491074">
				<ele>2069.576172</ele>
				<time>2026-07-09T22:03:13Z</time>
			</trkpt>
			<trkpt lat="46.156029" lon="-121.491104">
				<ele>2069.576172</ele>
				<time>2026-07-09T22:03:20Z</time>
			</trkpt>
			<trkpt lat="46.155983" lon="-121.491119">
				<ele>2069.35791</ele>
				<time>2026-07-09T22:03:26Z</time>
			</trkpt>
			<trkpt lat="46.155945" lon="-121.491119">
				<ele>2067.100586</ele>
				<time>2026-07-09T22:03:33Z</time>
			</trkpt>
			<trkpt lat="46.155861" lon="-121.491119">
				<ele>2065.684326</ele>
				<time>2026-07-09T22:03:42Z</time>
			</trkpt>
			<trkpt lat="46.155827" lon="-121.49115">
				<ele>2065.078125</ele>
				<time>2026-07-09T22:03:46Z</time>
			</trkpt>
			<trkpt lat="46.155758" lon="-121.491211">
				<ele>2064.624268</ele>
				<time>2026-07-09T22:03:55Z</time>
			</trkpt>
			<trkpt lat="46.155716" lon="-121.491241">
				<ele>2064.968262</ele>
				<time>2026-07-09T22:03:59Z</time>
			</trkpt>
			<trkpt lat="46.155682" lon="-121.49128">
				<ele>2064.08374</ele>
				<time>2026-07-09T22:04:03Z</time>
			</trkpt>
			<trkpt lat="46.155647" lon="-121.49131">
				<ele>2063.733643</ele>
				<time>2026-07-09T22:04:07Z</time>
			</trkpt>
			<trkpt lat="46.155605" lon="-121.491348">
				<ele>2063.633545</ele>
				<time>2026-07-09T22:04:13Z</time>
			</trkpt>
			<trkpt lat="46.155575" lon="-121.491386">
				<ele>2062.66748</ele>
				<time>2026-07-09T22:04:17Z</time>
			</trkpt>
			<trkpt lat="46.155529" lon="-121.491409">
				<ele>2062.69873</ele>
				<time>2026-07-09T22:04:22Z</time>
			</trkpt>
			<trkpt lat="46.155483" lon="-121.491379">
				<ele>2060.342285</ele>
				<time>2026-07-09T22:04:26Z</time>
			</trkpt>
			<trkpt lat="46.155441" lon="-121.491402">
				<ele>2058.281982</ele>
				<time>2026-07-09T22:04:32Z</time>
			</trkpt>
			<trkpt lat="46.155396" lon="-121.491417">
				<ele>2058.345459</ele>
				<time>2026-07-09T22:04:36Z</time>
			</trkpt>
			<trkpt lat="46.155346" lon="-121.491379">
				<ele>2057.875732</ele>
				<time>2026-07-09T22:04:41Z</time>
			</trkpt>
			<trkpt lat="46.155308" lon="-121.491325">
				<ele>2058.106445</ele>
				<time>2026-07-09T22:04:45Z</time>
			</trkpt>
			<trkpt lat="46.155266" lon="-121.491302">
				<ele>2056.264648</ele>
				<time>2026-07-09T22:04:50Z</time>
			</trkpt>
			<trkpt lat="46.155243" lon="-121.491249">
				<ele>2055.523438</ele>
				<time>2026-07-09T22:04:54Z</time>
			</trkpt>
			<trkpt lat="46.155197" lon="-121.491234">
				<ele>2054.135254</ele>
				<time>2026-07-09T22:04:59Z</time>
			</trkpt>
			<trkpt lat="46.155151" lon="-121.491219">
				<ele>2054.227783</ele>
				<time>2026-07-09T22:05:05Z</time>
			</trkpt>
			<trkpt lat="46.155102" lon="-121.491196">
				<ele>2053.379639</ele>
				<time>2026-07-09T22:05:10Z</time>
			</trkpt>
			<trkpt lat="46.155067" lon="-121.49115">
				<ele>2051.898193</ele>
				<time>2026-07-09T22:05:15Z</time>
			</trkpt>
			<trkpt lat="46.155033" lon="-121.491112">
				<ele>2051.395264</ele>
				<time>2026-07-09T22:05:20Z</time>
			</trkpt>
			<trkpt lat="46.154991" lon="-121.491096">
				<ele>2051.421387</ele>
				<time>2026-07-09T22:05:24Z</time>
			</trkpt>
			<trkpt lat="46.154942" lon="-121.491081">
				<ele>2050.477051</ele>
				<time>2026-07-09T22:05:28Z</time>
			</trkpt>
			<trkpt lat="46.154896" lon="-121.491074">
				<ele>2052.206543</ele>
				<time>2026-07-09T22:05:34Z</time>
			</trkpt>
			<trkpt lat="46.154854" lon="-121.491089">
				<ele>2052.12207</ele>
				<time>2026-07-09T22:05:38Z</time>
			</trkpt>
			<trkpt lat="46.154819" lon="-121.491112">
				<ele>2052.156982</ele>
				<time>2026-07-09T22:05:41Z</time>
			</trkpt>
			<trkpt lat="46.154774" lon="-121.491112">
				<ele>2050.189209</ele>
				<time>2026-07-09T22:05:46Z</time>
			</trkpt>
			<trkpt lat="46.154728" lon="-121.491135">
				<ele>2049.922119</ele>
				<time>2026-07-09T22:05:50Z</time>
			</trkpt>
			<trkpt lat="46.15469" lon="-121.491135">
				<ele>2050.277588</ele>
				<time>2026-07-09T22:05:53Z</time>
			</trkpt>
			<trkpt lat="46.154644" lon="-121.491142">
				<ele>2049.915771</ele>
				<time>2026-07-09T22:05:57Z</time>
			</trkpt>
			<trkpt lat="46.154606" lon="-121.49115">
				<ele>2051.037598</ele>
				<time>2026-07-09T22:06:01Z</time>
			</trkpt>
			<trkpt lat="46.154568" lon="-121.491142">
				<ele>2049.959961</ele>
				<time>2026-07-09T22:06:05Z</time>
			</trkpt>
			<trkpt lat="46.154514" lon="-121.491142">
				<ele>2049.937988</ele>
				<time>2026-07-09T22:06:10Z</time>
			</trkpt>
			<trkpt lat="46.154469" lon="-121.491142">
				<ele>2048.773926</ele>
				<time>2026-07-09T22:06:15Z</time>
			</trkpt>
			<trkpt lat="46.154434" lon="-121.49118">
				<ele>2048.227539</ele>
				<time>2026-07-09T22:06:20Z</time>
			</trkpt>
			<trkpt lat="46.154346" lon="-121.491165">
				<ele>2046.426514</ele>
				<time>2026-07-09T22:06:28Z</time>
			</trkpt>
			<trkpt lat="46.154308" lon="-121.49115">
				<ele>2047.158691</ele>
				<time>2026-07-09T22:06:31Z</time>
			</trkpt>
			<trkpt lat="46.154274" lon="-121.491119">
				<ele>2047.491577</ele>
				<time>2026-07-09T22:06:34Z</time>
			</trkpt>
			<trkpt lat="46.154236" lon="-121.49102">
				<ele>2044.289673</ele>
				<time>2026-07-09T22:06:40Z</time>
			</trkpt>
			<trkpt lat="46.154205" lon="-121.490982">
				<ele>2044.469116</ele>
				<time>2026-07-09T22:06:44Z</time>
			</trkpt>
			<trkpt lat="46.154179" lon="-121.490944">
				<ele>2044.310547</ele>
				<time>2026-07-09T22:06:48Z</time>
			</trkpt>
			<trkpt lat="46.15414" lon="-121.490921">
				<ele>2044.632202</ele>
				<time>2026-07-09T22:06:52Z</time>
			</trkpt>
			<trkpt lat="46.154064" lon="-121.490921">
				<ele>2044.267334</ele>
				<time>2026-07-09T22:07:00Z</time>
			</trkpt>
			<trkpt lat="46.153988" lon="-121.490944">
				<ele>2043.161133</ele>
				<time>2026-07-09T22:07:08Z</time>
			</trkpt>
			<trkpt lat="46.153954" lon="-121.490959">
				<ele>2043.862305</ele>
				<time>2026-07-09T22:07:12Z</time>
			</trkpt>
			<trkpt lat="46.153919" lon="-121.49099">
				<ele>2043.90271</ele>
				<time>2026-07-09T22:07:17Z</time>
			</trkpt>
			<trkpt lat="46.153893" lon="-121.491035">
				<ele>2044.137573</ele>
				<time>2026-07-09T22:07:21Z</time>
			</trkpt>
			<trkpt lat="46.153816" lon="-121.491081">
				<ele>2043.451782</ele>
				<time>2026-07-09T22:07:30Z</time>
			</trkpt>
			<trkpt lat="46.153732" lon="-121.491104">
				<ele>2040.964111</ele>
				<time>2026-07-09T22:07:39Z</time>
			</trkpt>
			<trkpt lat="46.153698" lon="-121.491127">
				<ele>2040.616577</ele>
				<time>2026-07-09T22:07:42Z</time>
			</trkpt>
			<trkpt lat="46.15366" lon="-121.491135">
				<ele>2040.651123</ele>
				<time>2026-07-09T22:07:46Z</time>
			</trkpt>
			<trkpt lat="46.153622" lon="-121.491142">
				<ele>2040.161865</ele>
				<time>2026-07-09T22:07:50Z</time>
			</trkpt>
			<trkpt lat="46.153545" lon="-121.491173">
				<ele>2038.408081</ele>
				<time>2026-07-09T22:07:58Z</time>
			</trkpt>
			<trkpt lat="46.153492" lon="-121.49128">
				<ele>2035.796021</ele>
				<time>2026-07-09T22:08:08Z</time>
			</trkpt>
			<trkpt lat="46.153458" lon="-121.491325">
				<ele>2035.116699</ele>
				<time>2026-07-09T22:08:14Z</time>
			</trkpt>
			<trkpt lat="46.153439" lon="-121.491379">
				<ele>2035.58374</ele>
				<time>2026-07-09T22:08:19Z</time>
			</trkpt>
			<trkpt lat="46.153374" lon="-121.491478">
				<ele>2034.149536</ele>
				<time>2026-07-09T22:08:28Z</time>
			</trkpt>
			<trkpt lat="46.153328" lon="-121.491493">
				<ele>2033.671997</ele>
				<time>2026-07-09T22:08:33Z</time>
			</trkpt>
			<trkpt lat="46.153297" lon="-121.491531">
				<ele>2034.0177</ele>
				<time>2026-07-09T22:08:37Z</time>
			</trkpt>
			<trkpt lat="46.153252" lon="-121.491547">
				<ele>2033.824585</ele>
				<time>2026-07-09T22:08:42Z</time>
			</trkpt>
			<trkpt lat="46.153179" lon="-121.491531">
				<ele>2031.380249</ele>
				<time>2026-07-09T22:08:52Z</time>
			</trkpt>
			<trkpt lat="46.153141" lon="-121.491508">
				<ele>2031.803589</ele>
				<time>2026-07-09T22:08:56Z</time>
			</trkpt>
			<trkpt lat="46.153103" lon="-121.491493">
				<ele>2031.081177</ele>
				<time>2026-07-09T22:09:01Z</time>
			</trkpt>
			<trkpt lat="46.153069" lon="-121.49147">
				<ele>2031.036133</ele>
				<time>2026-07-09T22:09:06Z</time>
			</trkpt>
			<trkpt lat="46.15303" lon="-121.491455">
				<ele>2030.783081</ele>
				<time>2026-07-09T22:09:11Z</time>
			</trkpt>
			<trkpt lat="46.152985" lon="-121.491447">
				<ele>2031.014282</ele>
				<time>2026-07-09T22:09:16Z</time>
			</trkpt>
			<trkpt lat="46.152916" lon="-121.491364">
				<ele>2031.820557</ele>
				<time>2026-07-09T22:09:25Z</time>
			</trkpt>
			<trkpt lat="46.152897" lon="-121.491302">
				<ele>2030.167114</ele>
				<time>2026-07-09T22:09:30Z</time>
			</trkpt>
			<trkpt lat="46.152885" lon="-121.49118">
				<ele>2028.449707</ele>
				<time>2026-07-09T22:09:39Z</time>
			</trkpt>
			<trkpt lat="46.152874" lon="-121.491119">
				<ele>2026.671875</ele>
				<time>2026-07-09T22:09:44Z</time>
			</trkpt>
			<trkpt lat="46.152874" lon="-121.491066">
				<ele>2026.035156</ele>
				<time>2026-07-09T22:09:48Z</time>
			</trkpt>
			<trkpt lat="46.15287" lon="-121.491005">
				<ele>2025.943115</ele>
				<time>2026-07-09T22:09:51Z</time>
			</trkpt>
			<trkpt lat="46.152855" lon="-121.490936">
				<ele>2024.709351</ele>
				<time>2026-07-09T22:09:56Z</time>
			</trkpt>
			<trkpt lat="46.152836" lon="-121.490891">
				<ele>2024.590332</ele>
				<time>2026-07-09T22:10:00Z</time>
			</trkpt>
			<trkpt lat="46.152817" lon="-121.490837">
				<ele>2024.716797</ele>
				<time>2026-07-09T22:10:04Z</time>
			</trkpt>
			<trkpt lat="46.15279" lon="-121.490791">
				<ele>2023.791748</ele>
				<time>2026-07-09T22:10:08Z</time>
			</trkpt>
			<trkpt lat="46.152767" lon="-121.490746">
				<ele>2024.779053</ele>
				<time>2026-07-09T22:10:12Z</time>
			</trkpt>
			<trkpt lat="46.152752" lon="-121.490685">
				<ele>2023.869385</ele>
				<time>2026-07-09T22:10:17Z</time>
			</trkpt>
			<trkpt lat="46.152733" lon="-121.49057">
				<ele>2023.015503</ele>
				<time>2026-07-09T22:10:26Z</time>
			</trkpt>
			<trkpt lat="46.152706" lon="-121.490524">
				<ele>2021.910278</ele>
				<time>2026-07-09T22:10:31Z</time>
			</trkpt>
			<trkpt lat="46.152664" lon="-121.490509">
				<ele>2020.649292</ele>
				<time>2026-07-09T22:10:36Z</time>
			</trkpt>
			<trkpt lat="46.152618" lon="-121.490501">
				<ele>2020.131348</ele>
				<time>2026-07-09T22:10:40Z</time>
			</trkpt>
			<trkpt lat="46.15258" lon="-121.490509">
				<ele>2019.560303</ele>
				<time>2026-07-09T22:10:45Z</time>
			</trkpt>
			<trkpt lat="46.152557" lon="-121.490555">
				<ele>2019.490845</ele>
				<time>2026-07-09T22:10:50Z</time>
			</trkpt>
			<trkpt lat="46.152519" lon="-121.490562">
				<ele>2020.025269</ele>
				<time>2026-07-09T22:10:55Z</time>
			</trkpt>
			<trkpt lat="46.152481" lon="-121.490562">
				<ele>2018.610962</ele>
				<time>2026-07-09T22:11:00Z</time>
			</trkpt>
			<trkpt lat="46.152435" lon="-121.490578">
				<ele>2018.006958</ele>
				<time>2026-07-09T22:11:05Z</time>
			</trkpt>
			<trkpt lat="46.152397" lon="-121.49057">
				<ele>2015.9646</ele>
				<time>2026-07-09T22:11:10Z</time>
			</trkpt>
			<trkpt lat="46.152359" lon="-121.490578">
				<ele>2015.431152</ele>
				<time>2026-07-09T22:11:14Z</time>
			</trkpt>
			<trkpt lat="46.152317" lon="-121.490585">
				<ele>2015.631958</ele>
				<time>2026-07-09T22:11:19Z</time>
			</trkpt>
			<trkpt lat="46.152275" lon="-121.490578">
				<ele>2014.190674</ele>
				<time>2026-07-09T22:11:24Z</time>
			</trkpt>
			<trkpt lat="46.152241" lon="-121.490578">
				<ele>2014.296753</ele>
				<time>2026-07-09T22:11:28Z</time>
			</trkpt>
			<trkpt lat="46.152164" lon="-121.490547">
				<ele>2013.250732</ele>
				<time>2026-07-09T22:11:37Z</time>
			</trkpt>
			<trkpt lat="46.152122" lon="-121.49054">
				<ele>2013.898315</ele>
				<time>2026-07-09T22:11:42Z</time>
			</trkpt>
			<trkpt lat="46.152042" lon="-121.490547">
				<ele>2011.207642</ele>
				<time>2026-07-09T22:11:50Z</time>
			</trkpt>
			<trkpt lat="46.151966" lon="-121.490494">
				<ele>2008.925049</ele>
				<time>2026-07-09T22:11:59Z</time>
			</trkpt>
			<trkpt lat="46.15192" lon="-121.490509">
				<ele>2008.337524</ele>
				<time>2026-07-09T22:12:04Z</time>
			</trkpt>
			<trkpt lat="46.151878" lon="-121.490509">
				<ele>2008.315186</ele>
				<time>2026-07-09T22:12:09Z</time>
			</trkpt>
			<trkpt lat="46.151833" lon="-121.490509">
				<ele>2009.80603</ele>
				<time>2026-07-09T22:12:14Z</time>
			</trkpt>
			<trkpt lat="46.151752" lon="-121.490463">
				<ele>2008.181885</ele>
				<time>2026-07-09T22:12:24Z</time>
			</trkpt>
			<trkpt lat="46.151714" lon="-121.490448">
				<ele>2008.181396</ele>
				<time>2026-07-09T22:12:28Z</time>
			</trkpt>
			<trkpt lat="46.151661" lon="-121.490425">
				<ele>2007.761597</ele>
				<time>2026-07-09T22:12:33Z</time>
			</trkpt>
			<trkpt lat="46.151577" lon="-121.49041">
				<ele>2009.232666</ele>
				<time>2026-07-09T22:12:41Z</time>
			</trkpt>
			<trkpt lat="46.151543" lon="-121.490364">
				<ele>2009.406982</ele>
				<time>2026-07-09T22:12:45Z</time>
			</trkpt>
			<trkpt lat="46.151512" lon="-121.490242">
				<ele>2006.209595</ele>
				<time>2026-07-09T22:12:52Z</time>
			</trkpt>
			<trkpt lat="46.151508" lon="-121.490189">
				<ele>2005.737793</ele>
				<time>2026-07-09T22:12:56Z</time>
			</trkpt>
			<trkpt lat="46.151508" lon="-121.49012">
				<ele>2005.559448</ele>
				<time>2026-07-09T22:13:00Z</time>
			</trkpt>
			<trkpt lat="46.151497" lon="-121.490067">
				<ele>2003.607544</ele>
				<time>2026-07-09T22:13:04Z</time>
			</trkpt>
			<trkpt lat="46.151466" lon="-121.490021">
				<ele>2003.961304</ele>
				<time>2026-07-09T22:13:08Z</time>
			</trkpt>
			<trkpt lat="46.151443" lon="-121.489975">
				<ele>2003.748779</ele>
				<time>2026-07-09T22:13:12Z</time>
			</trkpt>
			<trkpt lat="46.151405" lon="-121.48996">
				<ele>2002.009155</ele>
				<time>2026-07-09T22:13:17Z</time>
			</trkpt>
			<trkpt lat="46.151375" lon="-121.489906">
				<ele>2001.255859</ele>
				<time>2026-07-09T22:13:21Z</time>
			</trkpt>
			<trkpt lat="46.151306" lon="-121.489853">
				<ele>1999.272339</ele>
				<time>2026-07-09T22:13:29Z</time>
			</trkpt>
			<trkpt lat="46.151268" lon="-121.489822">
				<ele>2000.775146</ele>
				<time>2026-07-09T22:13:36Z</time>
			</trkpt>
			<trkpt lat="46.151184" lon="-121.489792">
				<ele>1997.854614</ele>
				<time>2026-07-09T22:13:47Z</time>
			</trkpt>
			<trkpt lat="46.151096" lon="-121.489738">
				<ele>1999.250122</ele>
				<time>2026-07-09T22:13:57Z</time>
			</trkpt>
			<trkpt lat="46.151054" lon="-121.489708">
				<ele>1998.625</ele>
				<time>2026-07-09T22:14:01Z</time>
			</trkpt>
			<trkpt lat="46.150982" lon="-121.489639">
				<ele>1998.380493</ele>
				<time>2026-07-09T22:14:12Z</time>
			</trkpt>
			<trkpt lat="46.150894" lon="-121.489586">
				<ele>1996.289185</ele>
				<time>2026-07-09T22:14:22Z</time>
			</trkpt>
			<trkpt lat="46.150856" lon="-121.489548">
				<ele>1994.080444</ele>
				<time>2026-07-09T22:14:28Z</time>
			</trkpt>
			<trkpt lat="46.150806" lon="-121.489532">
				<ele>1992.967529</ele>
				<time>2026-07-09T22:14:33Z</time>
			</trkpt>
			<trkpt lat="46.150757" lon="-121.48954">
				<ele>1993.97876</ele>
				<time>2026-07-09T22:14:38Z</time>
			</trkpt>
			<trkpt lat="46.150719" lon="-121.489517">
				<ele>1992.300903</ele>
				<time>2026-07-09T22:14:43Z</time>
			</trkpt>
			<trkpt lat="46.150688" lon="-121.489464">
				<ele>1991.723511</ele>
				<time>2026-07-09T22:14:48Z</time>
			</trkpt>
			<trkpt lat="46.150677" lon="-121.489403">
				<ele>1992.378418</ele>
				<time>2026-07-09T22:15:00Z</time>
			</trkpt>
			<trkpt lat="46.150665" lon="-121.489334">
				<ele>1992.278076</ele>
				<time>2026-07-09T22:15:06Z</time>
			</trkpt>
			<trkpt lat="46.150627" lon="-121.48922">
				<ele>1990.951172</ele>
				<time>2026-07-09T22:15:15Z</time>
			</trkpt>
			<trkpt lat="46.150547" lon="-121.489189">
				<ele>1992.92395</ele>
				<time>2026-07-09T22:15:25Z</time>
			</trkpt>
			<trkpt lat="46.150513" lon="-121.489151">
				<ele>1991.062744</ele>
				<time>2026-07-09T22:15:29Z</time>
			</trkpt>
			<trkpt lat="46.150486" lon="-121.489082">
				<ele>1990.410034</ele>
				<time>2026-07-09T22:15:34Z</time>
			</trkpt>
			<trkpt lat="46.150478" lon="-121.489021">
				<ele>1988.761475</ele>
				<time>2026-07-09T22:15:39Z</time>
			</trkpt>
			<trkpt lat="46.150478" lon="-121.488953">
				<ele>1989.664063</ele>
				<time>2026-07-09T22:15:44Z</time>
			</trkpt>
			<trkpt lat="46.150471" lon="-121.488892">
				<ele>1989.263062</ele>
				<time>2026-07-09T22:15:49Z</time>
			</trkpt>
			<trkpt lat="46.150471" lon="-121.488831">
				<ele>1988.070557</ele>
				<time>2026-07-09T22:15:54Z</time>
			</trkpt>
			<trkpt lat="46.150433" lon="-121.488792">
				<ele>1986.914185</ele>
				<time>2026-07-09T22:15:59Z</time>
			</trkpt>
			<trkpt lat="46.150372" lon="-121.488617">
				<ele>1985.640747</ele>
				<time>2026-07-09T22:16:15Z</time>
			</trkpt>
			<trkpt lat="46.150284" lon="-121.488556">
				<ele>1982.353638</ele>
				<time>2026-07-09T22:16:26Z</time>
			</trkpt>
			<trkpt lat="46.150238" lon="-121.488533">
				<ele>1982.402222</ele>
				<time>2026-07-09T22:16:32Z</time>
			</trkpt>
			<trkpt lat="46.150192" lon="-121.488495">
				<ele>1981.679321</ele>
				<time>2026-07-09T22:16:37Z</time>
			</trkpt>
			<trkpt lat="46.150112" lon="-121.488434">
				<ele>1981.264404</ele>
				<time>2026-07-09T22:16:45Z</time>
			</trkpt>
			<trkpt lat="46.150074" lon="-121.488396">
				<ele>1980.836304</ele>
				<time>2026-07-09T22:16:49Z</time>
			</trkpt>
			<trkpt lat="46.150036" lon="-121.488358">
				<ele>1980.626221</ele>
				<time>2026-07-09T22:16:55Z</time>
			</trkpt>
			<trkpt lat="46.149952" lon="-121.488327">
				<ele>1978.757446</ele>
				<time>2026-07-09T22:17:05Z</time>
			</trkpt>
			<trkpt lat="46.149914" lon="-121.488297">
				<ele>1979.159058</ele>
				<time>2026-07-09T22:17:08Z</time>
			</trkpt>
			<trkpt lat="46.149876" lon="-121.488274">
				<ele>1978.389771</ele>
				<time>2026-07-09T22:17:12Z</time>
			</trkpt>
			<trkpt lat="46.149822" lon="-121.488258">
				<ele>1978.472534</ele>
				<time>2026-07-09T22:17:17Z</time>
			</trkpt>
			<trkpt lat="46.149769" lon="-121.488235">
				<ele>1977.892212</ele>
				<time>2026-07-09T22:17:22Z</time>
			</trkpt>
			<trkpt lat="46.149715" lon="-121.488228">
				<ele>1976.608154</ele>
				<time>2026-07-09T22:17:26Z</time>
			</trkpt>
			<trkpt lat="46.149666" lon="-121.488251">
				<ele>1977.219116</ele>
				<time>2026-07-09T22:17:31Z</time>
			</trkpt>
			<trkpt lat="46.149624" lon="-121.488266">
				<ele>1976.743774</ele>
				<time>2026-07-09T22:17:36Z</time>
			</trkpt>
			<trkpt lat="46.149578" lon="-121.488304">
				<ele>1978.005249</ele>
				<time>2026-07-09T22:17:40Z</time>
			</trkpt>
			<trkpt lat="46.149532" lon="-121.488327">
				<ele>1975.693481</ele>
				<time>2026-07-09T22:17:44Z</time>
			</trkpt>
			<trkpt lat="46.149487" lon="-121.488358">
				<ele>1976.694214</ele>
				<time>2026-07-09T22:17:48Z</time>
			</trkpt>
			<trkpt lat="46.149445" lon="-121.488373">
				<ele>1976.50415</ele>
				<time>2026-07-09T22:17:52Z</time>
			</trkpt>
			<trkpt lat="46.149403" lon="-121.488403">
				<ele>1976.515625</ele>
				<time>2026-07-09T22:17:56Z</time>
			</trkpt>
			<trkpt lat="46.149353" lon="-121.488434">
				<ele>1975.414673</ele>
				<time>2026-07-09T22:18:00Z</time>
			</trkpt>
			<trkpt lat="46.1493" lon="-121.488434">
				<ele>1974.895996</ele>
				<time>2026-07-09T22:18:04Z</time>
			</trkpt>
			<trkpt lat="46.149216" lon="-121.488495">
				<ele>1972.692749</ele>
				<time>2026-07-09T22:18:13Z</time>
			</trkpt>
			<trkpt lat="46.149162" lon="-121.48851">
				<ele>1972.417847</ele>
				<time>2026-07-09T22:18:16Z</time>
			</trkpt>
			<trkpt lat="46.149067" lon="-121.488525">
				<ele>1970.484131</ele>
				<time>2026-07-09T22:18:23Z</time>
			</trkpt>
			<trkpt lat="46.148998" lon="-121.488586">
				<ele>1967.62085</ele>
				<time>2026-07-09T22:18:33Z</time>
			</trkpt>
			<trkpt lat="46.148964" lon="-121.488617">
				<ele>1967.733887</ele>
				<time>2026-07-09T22:18:36Z</time>
			</trkpt>
			<trkpt lat="46.148914" lon="-121.48864">
				<ele>1968.481812</ele>
				<time>2026-07-09T22:18:40Z</time>
			</trkpt>
			<trkpt lat="46.148872" lon="-121.48864">
				<ele>1967.60376</ele>
				<time>2026-07-09T22:18:44Z</time>
			</trkpt>
			<trkpt lat="46.148827" lon="-121.488625">
				<ele>1967.297974</ele>
				<time>2026-07-09T22:18:48Z</time>
			</trkpt>
			<trkpt lat="46.148743" lon="-121.488602">
				<ele>1964.849976</ele>
				<time>2026-07-09T22:18:56Z</time>
			</trkpt>
			<trkpt lat="46.148712" lon="-121.488564">
				<ele>1964.572632</ele>
				<time>2026-07-09T22:19:00Z</time>
			</trkpt>
			<trkpt lat="46.14867" lon="-121.488548">
				<ele>1963.954834</ele>
				<time>2026-07-09T22:19:03Z</time>
			</trkpt>
			<trkpt lat="46.148636" lon="-121.488525">
				<ele>1964.741699</ele>
				<time>2026-07-09T22:19:08Z</time>
			</trkpt>
			<trkpt lat="46.148598" lon="-121.48851">
				<ele>1965.026245</ele>
				<time>2026-07-09T22:19:13Z</time>
			</trkpt>
			<trkpt lat="46.148518" lon="-121.488464">
				<ele>1962.690796</ele>
				<time>2026-07-09T22:19:23Z</time>
			</trkpt>
			<trkpt lat="46.148476" lon="-121.488441">
				<ele>1960.344116</ele>
				<time>2026-07-09T22:19:28Z</time>
			</trkpt>
			<trkpt lat="46.148434" lon="-121.488457">
				<ele>1960.164551</ele>
				<time>2026-07-09T22:19:32Z</time>
			</trkpt>
			<trkpt lat="46.148403" lon="-121.48848">
				<ele>1959.105957</ele>
				<time>2026-07-09T22:19:37Z</time>
			</trkpt>
			<trkpt lat="46.148376" lon="-121.488525">
				<ele>1960.244629</ele>
				<time>2026-07-09T22:19:41Z</time>
			</trkpt>
			<trkpt lat="46.148346" lon="-121.488564">
				<ele>1960.32312</ele>
				<time>2026-07-09T22:19:45Z</time>
			</trkpt>
			<trkpt lat="46.148266" lon="-121.488632">
				<ele>1959.774292</ele>
				<time>2026-07-09T22:19:55Z</time>
			</trkpt>
			<trkpt lat="46.14819" lon="-121.488693">
				<ele>1957.736206</ele>
				<time>2026-07-09T22:20:04Z</time>
			</trkpt>
			<trkpt lat="46.148129" lon="-121.488785">
				<ele>1954.967529</ele>
				<time>2026-07-09T22:20:13Z</time>
			</trkpt>
			<trkpt lat="46.148113" lon="-121.488838">
				<ele>1956.015259</ele>
				<time>2026-07-09T22:20:17Z</time>
			</trkpt>
			<trkpt lat="46.148067" lon="-121.488945">
				<ele>1954.016235</ele>
				<time>2026-07-09T22:20:26Z</time>
			</trkpt>
			<trkpt lat="46.148045" lon="-121.488998">
				<ele>1956.325684</ele>
				<time>2026-07-09T22:20:30Z</time>
			</trkpt>
			<trkpt lat="46.148029" lon="-121.489059">
				<ele>1957.106079</ele>
				<time>2026-07-09T22:20:34Z</time>
			</trkpt>
			<trkpt lat="46.147999" lon="-121.489105">
				<ele>1954.162231</ele>
				<time>2026-07-09T22:20:38Z</time>
			</trkpt>
			<trkpt lat="46.147987" lon="-121.489174">
				<ele>1953.751709</ele>
				<time>2026-07-09T22:20:43Z</time>
			</trkpt>
			<trkpt lat="46.147976" lon="-121.489235">
				<ele>1952.866089</ele>
				<time>2026-07-09T22:20:48Z</time>
			</trkpt>
			<trkpt lat="46.148003" lon="-121.489288">
				<ele>1951.262695</ele>
				<time>2026-07-09T22:20:53Z</time>
			</trkpt>
			<trkpt lat="46.148041" lon="-121.489311">
				<ele>1951.222656</ele>
				<time>2026-07-09T22:20:57Z</time>
			</trkpt>
			<trkpt lat="46.148079" lon="-121.489349">
				<ele>1949.949463</ele>
				<time>2026-07-09T22:21:02Z</time>
			</trkpt>
			<trkpt lat="46.148151" lon="-121.489426">
				<ele>1949.747925</ele>
				<time>2026-07-09T22:21:12Z</time>
			</trkpt>
			<trkpt lat="46.148201" lon="-121.489418">
				<ele>1950.199707</ele>
				<time>2026-07-09T22:21:19Z</time>
			</trkpt>
			<trkpt lat="46.148251" lon="-121.489433">
				<ele>1949.682617</ele>
				<time>2026-07-09T22:21:23Z</time>
			</trkpt>
			<trkpt lat="46.1483" lon="-121.489479">
				<ele>1947.194214</ele>
				<time>2026-07-09T22:21:28Z</time>
			</trkpt>
			<trkpt lat="46.148323" lon="-121.489532">
				<ele>1948.692627</ele>
				<time>2026-07-09T22:21:32Z</time>
			</trkpt>
			<trkpt lat="46.148331" lon="-121.489601">
				<ele>1948.821167</ele>
				<time>2026-07-09T22:21:37Z</time>
			</trkpt>
			<trkpt lat="46.148304" lon="-121.489655">
				<ele>1947.945923</ele>
				<time>2026-07-09T22:21:41Z</time>
			</trkpt>
			<trkpt lat="46.148281" lon="-121.489716">
				<ele>1947.644775</ele>
				<time>2026-07-09T22:21:45Z</time>
			</trkpt>
			<trkpt lat="46.148239" lon="-121.489761">
				<ele>1947.548462</ele>
				<time>2026-07-09T22:21:50Z</time>
			</trkpt>
			<trkpt lat="46.148163" lon="-121.489853">
				<ele>1946.148315</ele>
				<time>2026-07-09T22:21:59Z</time>
			</trkpt>
			<trkpt lat="46.148121" lon="-121.489883">
				<ele>1946.41333</ele>
				<time>2026-07-09T22:22:03Z</time>
			</trkpt>
			<trkpt lat="46.148071" lon="-121.489906">
				<ele>1946.275757</ele>
				<time>2026-07-09T22:22:08Z</time>
			</trkpt>
			<trkpt lat="46.147842" lon="-121.489883">
				<ele>1941.193726</ele>
				<time>2026-07-09T22:22:31Z</time>
			</trkpt>
			<trkpt lat="46.147804" lon="-121.489868">
				<ele>1939.644287</ele>
				<time>2026-07-09T22:22:35Z</time>
			</trkpt>
			<trkpt lat="46.147713" lon="-121.489861">
				<ele>1937.910278</ele>
				<time>2026-07-09T22:22:43Z</time>
			</trkpt>
			<trkpt lat="46.147663" lon="-121.489845">
				<ele>1937.73999</ele>
				<time>2026-07-09T22:22:48Z</time>
			</trkpt>
			<trkpt lat="46.147541" lon="-121.489845">
				<ele>1934.86731</ele>
				<time>2026-07-09T22:23:00Z</time>
			</trkpt>
			<trkpt lat="46.147449" lon="-121.48983">
				<ele>1933.630493</ele>
				<time>2026-07-09T22:23:09Z</time>
			</trkpt>
			<trkpt lat="46.147408" lon="-121.489815">
				<ele>1933.32959</ele>
				<time>2026-07-09T22:23:13Z</time>
			</trkpt>
			<trkpt lat="46.14732" lon="-121.489784">
				<ele>1932.99646</ele>
				<time>2026-07-09T22:23:21Z</time>
			</trkpt>
			<trkpt lat="46.147285" lon="-121.489754">
				<ele>1933.366699</ele>
				<time>2026-07-09T22:23:25Z</time>
			</trkpt>
			<trkpt lat="46.147266" lon="-121.489685">
				<ele>1933.323975</ele>
				<time>2026-07-09T22:23:30Z</time>
			</trkpt>
			<trkpt lat="46.147263" lon="-121.489632">
				<ele>1932.994385</ele>
				<time>2026-07-09T22:23:34Z</time>
			</trkpt>
			<trkpt lat="46.147259" lon="-121.489479">
				<ele>1930.27478</ele>
				<time>2026-07-09T22:23:43Z</time>
			</trkpt>
			<trkpt lat="46.147247" lon="-121.489418">
				<ele>1930.986938</ele>
				<time>2026-07-09T22:23:48Z</time>
			</trkpt>
			<trkpt lat="46.14724" lon="-121.489296">
				<ele>1930.177002</ele>
				<time>2026-07-09T22:23:56Z</time>
			</trkpt>
			<trkpt lat="46.147217" lon="-121.489227">
				<ele>1930.899292</ele>
				<time>2026-07-09T22:24:01Z</time>
			</trkpt>
			<trkpt lat="46.147202" lon="-121.489174">
				<ele>1930.615723</ele>
				<time>2026-07-09T22:24:05Z</time>
			</trkpt>
			<trkpt lat="46.147167" lon="-121.489136">
				<ele>1932.139648</ele>
				<time>2026-07-09T22:24:11Z</time>
			</trkpt>
			<trkpt lat="46.147118" lon="-121.48912">
				<ele>1932.851318</ele>
				<time>2026-07-09T22:24:16Z</time>
			</trkpt>
			<trkpt lat="46.147079" lon="-121.489098">
				<ele>1933.022095</ele>
				<time>2026-07-09T22:24:21Z</time>
			</trkpt>
			<trkpt lat="46.147045" lon="-121.489067">
				<ele>1932.43396</ele>
				<time>2026-07-09T22:24:25Z</time>
			</trkpt>
			<trkpt lat="46.146999" lon="-121.489059">
				<ele>1931.091675</ele>
				<time>2026-07-09T22:24:30Z</time>
			</trkpt>
			<trkpt lat="46.146961" lon="-121.489082">
				<ele>1929.023071</ele>
				<time>2026-07-09T22:24:35Z</time>
			</trkpt>
			<trkpt lat="46.146923" lon="-121.489113">
				<ele>1929.194092</ele>
				<time>2026-07-09T22:24:39Z</time>
			</trkpt>
			<trkpt lat="46.146896" lon="-121.489159">
				<ele>1929.92981</ele>
				<time>2026-07-09T22:24:43Z</time>
			</trkpt>
			<trkpt lat="46.146862" lon="-121.489197">
				<ele>1927.203857</ele>
				<time>2026-07-09T22:24:48Z</time>
			</trkpt>
			<trkpt lat="46.146828" lon="-121.489235">
				<ele>1926.053467</ele>
				<time>2026-07-09T22:24:52Z</time>
			</trkpt>
			<trkpt lat="46.146797" lon="-121.489281">
				<ele>1925.56189</ele>
				<time>2026-07-09T22:24:57Z</time>
			</trkpt>
			<trkpt lat="46.146755" lon="-121.489319">
				<ele>1925.513306</ele>
				<time>2026-07-09T22:25:02Z</time>
			</trkpt>
			<trkpt lat="46.146725" lon="-121.48938">
				<ele>1924.826172</ele>
				<time>2026-07-09T22:25:07Z</time>
			</trkpt>
			<trkpt lat="46.146656" lon="-121.489464">
				<ele>1922.213989</ele>
				<time>2026-07-09T22:25:18Z</time>
			</trkpt>
			<trkpt lat="46.146606" lon="-121.489487">
				<ele>1921.583252</ele>
				<time>2026-07-09T22:25:23Z</time>
			</trkpt>
			<trkpt lat="46.146538" lon="-121.489594">
				<ele>1920.111206</ele>
				<time>2026-07-09T22:25:32Z</time>
			</trkpt>
			<trkpt lat="46.146511" lon="-121.489647">
				<ele>1920.096069</ele>
				<time>2026-07-09T22:25:36Z</time>
			</trkpt>
			<trkpt lat="46.146454" lon="-121.489761">
				<ele>1917.880127</ele>
				<time>2026-07-09T22:25:47Z</time>
			</trkpt>
			<trkpt lat="46.146431" lon="-121.489822">
				<ele>1918.509399</ele>
				<time>2026-07-09T22:25:53Z</time>
			</trkpt>
			<trkpt lat="46.1464" lon="-121.489868">
				<ele>1915.985718</ele>
				<time>2026-07-09T22:25:58Z</time>
			</trkpt>
			<trkpt lat="46.146374" lon="-121.489922">
				<ele>1915.722168</ele>
				<time>2026-07-09T22:26:03Z</time>
			</trkpt>
			<trkpt lat="46.146355" lon="-121.489983">
				<ele>1913.889893</ele>
				<time>2026-07-09T22:26:09Z</time>
			</trkpt>
			<trkpt lat="46.146336" lon="-121.490051">
				<ele>1912.883911</ele>
				<time>2026-07-09T22:26:16Z</time>
			</trkpt>
			<trkpt lat="46.146313" lon="-121.490112">
				<ele>1912.887939</ele>
				<time>2026-07-09T22:26:24Z</time>
			</trkpt>
			<trkpt lat="46.146282" lon="-121.490173">
				<ele>1912.053589</ele>
				<time>2026-07-09T22:26:30Z</time>
			</trkpt>
			<trkpt lat="46.146271" lon="-121.490242">
				<ele>1911.911011</ele>
				<time>2026-07-09T22:26:36Z</time>
			</trkpt>
			<trkpt lat="46.14621" lon="-121.490356">
				<ele>1909.028564</ele>
				<time>2026-07-09T22:26:46Z</time>
			</trkpt>
			<trkpt lat="46.146202" lon="-121.490425">
				<ele>1910.574219</ele>
				<time>2026-07-09T22:27:05Z</time>
			</trkpt>
			<trkpt lat="46.146164" lon="-121.490547">
				<ele>1906.844116</ele>
				<time>2026-07-09T22:27:14Z</time>
			</trkpt>
			<trkpt lat="46.146149" lon="-121.490616">
				<ele>1907.503662</ele>
				<time>2026-07-09T22:27:18Z</time>
			</trkpt>
			<trkpt lat="46.14613" lon="-121.490692">
				<ele>1905.459106</ele>
				<time>2026-07-09T22:27:23Z</time>
			</trkpt>
			<trkpt lat="46.146111" lon="-121.490746">
				<ele>1905.470703</ele>
				<time>2026-07-09T22:27:27Z</time>
			</trkpt>
			<trkpt lat="46.146088" lon="-121.490807">
				<ele>1905.423218</ele>
				<time>2026-07-09T22:27:31Z</time>
			</trkpt>
			<trkpt lat="46.146065" lon="-121.49086">
				<ele>1905.176025</ele>
				<time>2026-07-09T22:27:35Z</time>
			</trkpt>
			<trkpt lat="46.146038" lon="-121.490997">
				<ele>1905.614746</ele>
				<time>2026-07-09T22:27:44Z</time>
			</trkpt>
			<trkpt lat="46.146019" lon="-121.491051">
				<ele>1906.049805</ele>
				<time>2026-07-09T22:27:48Z</time>
			</trkpt>
			<trkpt lat="46.146004" lon="-121.491112">
				<ele>1905.142456</ele>
				<time>2026-07-09T22:27:52Z</time>
			</trkpt>
			<trkpt lat="46.145973" lon="-121.49115">
				<ele>1905.285522</ele>
				<time>2026-07-09T22:27:56Z</time>
			</trkpt>
			<trkpt lat="46.145939" lon="-121.491219">
				<ele>1904.948486</ele>
				<time>2026-07-09T22:28:01Z</time>
			</trkpt>
			<trkpt lat="46.145908" lon="-121.491264">
				<ele>1904.982056</ele>
				<time>2026-07-09T22:28:06Z</time>
			</trkpt>
			<trkpt lat="46.145901" lon="-121.491333">
				<ele>1905.945801</ele>
				<time>2026-07-09T22:28:10Z</time>
			</trkpt>
			<trkpt lat="46.145866" lon="-121.491371">
				<ele>1905.167603</ele>
				<time>2026-07-09T22:28:14Z</time>
			</trkpt>
			<trkpt lat="46.145836" lon="-121.491417">
				<ele>1905.200928</ele>
				<time>2026-07-09T22:28:19Z</time>
			</trkpt>
			<trkpt lat="46.145813" lon="-121.49147">
				<ele>1903.83374</ele>
				<time>2026-07-09T22:28:23Z</time>
			</trkpt>
			<trkpt lat="46.145752" lon="-121.491585">
				<ele>1902.739746</ele>
				<time>2026-07-09T22:28:33Z</time>
			</trkpt>
			<trkpt lat="46.145737" lon="-121.491646">
				<ele>1903.321899</ele>
				<time>2026-07-09T22:28:38Z</time>
			</trkpt>
			<trkpt lat="46.145702" lon="-121.491776">
				<ele>1900.625977</ele>
				<time>2026-07-09T22:28:47Z</time>
			</trkpt>
			<trkpt lat="46.145638" lon="-121.491951">
				<ele>1895.846191</ele>
				<time>2026-07-09T22:29:01Z</time>
			</trkpt>
			<trkpt lat="46.145615" lon="-121.492012">
				<ele>1894.989136</ele>
				<time>2026-07-09T22:29:05Z</time>
			</trkpt>
			<trkpt lat="46.145596" lon="-121.492065">
				<ele>1895.657837</ele>
				<time>2026-07-09T22:29:09Z</time>
			</trkpt>
			<trkpt lat="46.14558" lon="-121.492126">
				<ele>1893.938721</ele>
				<time>2026-07-09T22:29:13Z</time>
			</trkpt>
			<trkpt lat="46.145535" lon="-121.492241">
				<ele>1892.09668</ele>
				<time>2026-07-09T22:29:22Z</time>
			</trkpt>
			<trkpt lat="46.145508" lon="-121.492294">
				<ele>1891.741943</ele>
				<time>2026-07-09T22:29:27Z</time>
			</trkpt>
			<trkpt lat="46.14542" lon="-121.49247">
				<ele>1889.324707</ele>
				<time>2026-07-09T22:29:40Z</time>
			</trkpt>
			<trkpt lat="46.145412" lon="-121.492531">
				<ele>1888.727783</ele>
				<time>2026-07-09T22:29:44Z</time>
			</trkpt>
			<trkpt lat="46.145367" lon="-121.492569">
				<ele>1888.14563</ele>
				<time>2026-07-09T22:29:48Z</time>
			</trkpt>
			<trkpt lat="46.14534" lon="-121.49263">
				<ele>1885.708008</ele>
				<time>2026-07-09T22:29:55Z</time>
			</trkpt>
			<trkpt lat="46.145344" lon="-121.492691">
				<ele>1884.841187</ele>
				<time>2026-07-09T22:30:00Z</time>
			</trkpt>
			<trkpt lat="46.145351" lon="-121.49276">
				<ele>1885.090698</ele>
				<time>2026-07-09T22:30:05Z</time>
			</trkpt>
			<trkpt lat="46.14534" lon="-121.492828">
				<ele>1884.773926</ele>
				<time>2026-07-09T22:30:10Z</time>
			</trkpt>
			<trkpt lat="46.14534" lon="-121.492889">
				<ele>1885.199219</ele>
				<time>2026-07-09T22:30:14Z</time>
			</trkpt>
			<trkpt lat="46.145336" lon="-121.493011">
				<ele>1883.984863</ele>
				<time>2026-07-09T22:30:25Z</time>
			</trkpt>
			<trkpt lat="46.145241" lon="-121.49324">
				<ele>1878.397705</ele>
				<time>2026-07-09T22:30:47Z</time>
			</trkpt>
			<trkpt lat="46.145222" lon="-121.493294">
				<ele>1878.594971</ele>
				<time>2026-07-09T22:30:52Z</time>
			</trkpt>
			<trkpt lat="46.145214" lon="-121.493362">
				<ele>1877.69519</ele>
				<time>2026-07-09T22:30:57Z</time>
			</trkpt>
			<trkpt lat="46.145184" lon="-121.493401">
				<ele>1876.178711</ele>
				<time>2026-07-09T22:31:04Z</time>
			</trkpt>
			<trkpt lat="46.145157" lon="-121.493454">
				<ele>1876.158203</ele>
				<time>2026-07-09T22:31:12Z</time>
			</trkpt>
			<trkpt lat="46.145119" lon="-121.493492">
				<ele>1875.272339</ele>
				<time>2026-07-09T22:31:20Z</time>
			</trkpt>
			<trkpt lat="46.145119" lon="-121.493553">
				<ele>1875.094238</ele>
				<time>2026-07-09T22:31:25Z</time>
			</trkpt>
			<trkpt lat="46.1451" lon="-121.49369">
				<ele>1873.829468</ele>
				<time>2026-07-09T22:31:36Z</time>
			</trkpt>
			<trkpt lat="46.145077" lon="-121.493736">
				<ele>1872.263306</ele>
				<time>2026-07-09T22:31:42Z</time>
			</trkpt>
			<trkpt lat="46.145039" lon="-121.493851">
				<ele>1870.676147</ele>
				<time>2026-07-09T22:31:52Z</time>
			</trkpt>
			<trkpt lat="46.145027" lon="-121.493912">
				<ele>1870.706543</ele>
				<time>2026-07-09T22:31:57Z</time>
			</trkpt>
			<trkpt lat="46.145035" lon="-121.493973">
				<ele>1870.522705</ele>
				<time>2026-07-09T22:32:01Z</time>
			</trkpt>
			<trkpt lat="46.145039" lon="-121.494041">
				<ele>1868.482178</ele>
				<time>2026-07-09T22:32:06Z</time>
			</trkpt>
			<trkpt lat="46.145031" lon="-121.494102">
				<ele>1868.246338</ele>
				<time>2026-07-09T22:32:12Z</time>
			</trkpt>
			<trkpt lat="46.145035" lon="-121.494171">
				<ele>1866.661865</ele>
				<time>2026-07-09T22:32:17Z</time>
			</trkpt>
			<trkpt lat="46.145054" lon="-121.49424">
				<ele>1866.043823</ele>
				<time>2026-07-09T22:32:24Z</time>
			</trkpt>
			<trkpt lat="46.145065" lon="-121.494316">
				<ele>1864.763306</ele>
				<time>2026-07-09T22:32:30Z</time>
			</trkpt>
			<trkpt lat="46.145092" lon="-121.494453">
				<ele>1861.799805</ele>
				<time>2026-07-09T22:32:43Z</time>
			</trkpt>
			<trkpt lat="46.145054" lon="-121.494492">
				<ele>1860.395874</ele>
				<time>2026-07-09T22:32:48Z</time>
			</trkpt>
			<trkpt lat="46.145061" lon="-121.494553">
				<ele>1860.031494</ele>
				<time>2026-07-09T22:32:53Z</time>
			</trkpt>
			<trkpt lat="46.145031" lon="-121.494629">
				<ele>1860.184326</ele>
				<time>2026-07-09T22:32:58Z</time>
			</trkpt>
			<trkpt lat="46.145" lon="-121.494667">
				<ele>1858.938721</ele>
				<time>2026-07-09T22:33:03Z</time>
			</trkpt>
			<trkpt lat="46.144981" lon="-121.49472">
				<ele>1858.570068</ele>
				<time>2026-07-09T22:33:08Z</time>
			</trkpt>
			<trkpt lat="46.144943" lon="-121.494766">
				<ele>1857.863647</ele>
				<time>2026-07-09T22:33:14Z</time>
			</trkpt>
			<trkpt lat="46.144917" lon="-121.49482">
				<ele>1856.65332</ele>
				<time>2026-07-09T22:33:19Z</time>
			</trkpt>
			<trkpt lat="46.144878" lon="-121.494873">
				<ele>1856.598755</ele>
				<time>2026-07-09T22:33:24Z</time>
			</trkpt>
			<trkpt lat="46.144863" lon="-121.494934">
				<ele>1856.584839</ele>
				<time>2026-07-09T22:33:30Z</time>
			</trkpt>
			<trkpt lat="46.144833" lon="-121.494987">
				<ele>1854.865234</ele>
				<time>2026-07-09T22:33:35Z</time>
			</trkpt>
			<trkpt lat="46.144802" lon="-121.495041">
				<ele>1854.497192</ele>
				<time>2026-07-09T22:33:41Z</time>
			</trkpt>
			<trkpt lat="46.144775" lon="-121.495094">
				<ele>1854.872437</ele>
				<time>2026-07-09T22:33:47Z</time>
			</trkpt>
			<trkpt lat="46.144726" lon="-121.495102">
				<ele>1854.272949</ele>
				<time>2026-07-09T22:33:52Z</time>
			</trkpt>
			<trkpt lat="46.144676" lon="-121.49514">
				<ele>1852.940918</ele>
				<time>2026-07-09T22:33:58Z</time>
			</trkpt>
			<trkpt lat="46.144573" lon="-121.495117">
				<ele>1849.50293</ele>
				<time>2026-07-09T22:34:08Z</time>
			</trkpt>
			<trkpt lat="46.144382" lon="-121.495094">
				<ele>1847.792358</ele>
				<time>2026-07-09T22:34:26Z</time>
			</trkpt>
			<trkpt lat="46.144299" lon="-121.495056">
				<ele>1846.188721</ele>
				<time>2026-07-09T22:34:35Z</time>
			</trkpt>
			<trkpt lat="46.14426" lon="-121.495041">
				<ele>1846.160889</ele>
				<time>2026-07-09T22:34:39Z</time>
			</trkpt>
			<trkpt lat="46.144215" lon="-121.495049">
				<ele>1845.389893</ele>
				<time>2026-07-09T22:34:45Z</time>
			</trkpt>
			<trkpt lat="46.144176" lon="-121.495071">
				<ele>1845.095337</ele>
				<time>2026-07-09T22:34:51Z</time>
			</trkpt>
			<trkpt lat="46.144135" lon="-121.495102">
				<ele>1843.319336</ele>
				<time>2026-07-09T22:34:56Z</time>
			</trkpt>
			<trkpt lat="46.144093" lon="-121.495132">
				<ele>1842.558472</ele>
				<time>2026-07-09T22:35:00Z</time>
			</trkpt>
			<trkpt lat="46.144054" lon="-121.495171">
				<ele>1842.906982</ele>
				<time>2026-07-09T22:35:04Z</time>
			</trkpt>
			<trkpt lat="46.14402" lon="-121.495224">
				<ele>1842.246216</ele>
				<time>2026-07-09T22:35:09Z</time>
			</trkpt>
			<trkpt lat="46.14399" lon="-121.495255">
				<ele>1842.296509</ele>
				<time>2026-07-09T22:35:13Z</time>
			</trkpt>
			<trkpt lat="46.143955" lon="-121.495293">
				<ele>1842.746948</ele>
				<time>2026-07-09T22:35:18Z</time>
			</trkpt>
			<trkpt lat="46.143929" lon="-121.495338">
				<ele>1841.682617</ele>
				<time>2026-07-09T22:35:22Z</time>
			</trkpt>
			<trkpt lat="46.143921" lon="-121.495415">
				<ele>1842.910889</ele>
				<time>2026-07-09T22:35:28Z</time>
			</trkpt>
			<trkpt lat="46.143864" lon="-121.495506">
				<ele>1839.919556</ele>
				<time>2026-07-09T22:35:49Z</time>
			</trkpt>
			<trkpt lat="46.143822" lon="-121.495522">
				<ele>1840.033203</ele>
				<time>2026-07-09T22:35:54Z</time>
			</trkpt>
			<trkpt lat="46.14378" lon="-121.495529">
				<ele>1839.092896</ele>
				<time>2026-07-09T22:35:57Z</time>
			</trkpt>
			<trkpt lat="46.143742" lon="-121.495506">
				<ele>1837.99707</ele>
				<time>2026-07-09T22:36:02Z</time>
			</trkpt>
			<trkpt lat="46.143639" lon="-121.495415">
				<ele>1835.975098</ele>
				<time>2026-07-09T22:36:14Z</time>
			</trkpt>
			<trkpt lat="46.143593" lon="-121.495392">
				<ele>1834.633057</ele>
				<time>2026-07-09T22:36:19Z</time>
			</trkpt>
			<trkpt lat="46.143543" lon="-121.495384">
				<ele>1833.656494</ele>
				<time>2026-07-09T22:36:24Z</time>
			</trkpt>
			<trkpt lat="46.143501" lon="-121.495369">
				<ele>1833.570923</ele>
				<time>2026-07-09T22:36:28Z</time>
			</trkpt>
			<trkpt lat="46.143463" lon="-121.495354">
				<ele>1832.920898</ele>
				<time>2026-07-09T22:36:33Z</time>
			</trkpt>
			<trkpt lat="46.143425" lon="-121.495338">
				<ele>1831.298828</ele>
				<time>2026-07-09T22:36:41Z</time>
			</trkpt>
			<trkpt lat="46.143379" lon="-121.495331">
				<ele>1832.244263</ele>
				<time>2026-07-09T22:36:45Z</time>
			</trkpt>
			<trkpt lat="46.143333" lon="-121.495331">
				<ele>1831.140869</ele>
				<time>2026-07-09T22:36:50Z</time>
			</trkpt>
			<trkpt lat="46.143295" lon="-121.495316">
				<ele>1831.313843</ele>
				<time>2026-07-09T22:36:54Z</time>
			</trkpt>
			<trkpt lat="46.143257" lon="-121.495285">
				<ele>1830.870239</ele>
				<time>2026-07-09T22:36:58Z</time>
			</trkpt>
			<trkpt lat="46.143215" lon="-121.495285">
				<ele>1829.453979</ele>
				<time>2026-07-09T22:37:02Z</time>
			</trkpt>
			<trkpt lat="46.143124" lon="-121.495247">
				<ele>1828.636841</ele>
				<time>2026-07-09T22:37:12Z</time>
			</trkpt>
			<trkpt lat="46.143085" lon="-121.495216">
				<ele>1827.443115</ele>
				<time>2026-07-09T22:37:17Z</time>
			</trkpt>
			<trkpt lat="46.14304" lon="-121.495209">
				<ele>1827.149292</ele>
				<time>2026-07-09T22:37:22Z</time>
			</trkpt>
			<trkpt lat="46.142948" lon="-121.495224">
				<ele>1823.753906</ele>
				<time>2026-07-09T22:37:31Z</time>
			</trkpt>
			<trkpt lat="46.142906" lon="-121.495224">
				<ele>1824.136353</ele>
				<time>2026-07-09T22:37:35Z</time>
			</trkpt>
			<trkpt lat="46.142826" lon="-121.495247">
				<ele>1821.961792</ele>
				<time>2026-07-09T22:37:46Z</time>
			</trkpt>
			<trkpt lat="46.142788" lon="-121.495247">
				<ele>1821.97229</ele>
				<time>2026-07-09T22:37:49Z</time>
			</trkpt>
			<trkpt lat="46.142708" lon="-121.495232">
				<ele>1820.661743</ele>
				<time>2026-07-09T22:37:57Z</time>
			</trkpt>
			<trkpt lat="46.142628" lon="-121.49527">
				<ele>1821.140381</ele>
				<time>2026-07-09T22:38:04Z</time>
			</trkpt>
			<trkpt lat="46.142597" lon="-121.495293">
				<ele>1820.403442</ele>
				<time>2026-07-09T22:38:08Z</time>
			</trkpt>
			<trkpt lat="46.142567" lon="-121.495323">
				<ele>1820.3396</ele>
				<time>2026-07-09T22:38:11Z</time>
			</trkpt>
			<trkpt lat="46.142529" lon="-121.495346">
				<ele>1820.736694</ele>
				<time>2026-07-09T22:38:15Z</time>
			</trkpt>
			<trkpt lat="46.14249" lon="-121.495361">
				<ele>1820.369507</ele>
				<time>2026-07-09T22:38:19Z</time>
			</trkpt>
			<trkpt lat="46.142456" lon="-121.495377">
				<ele>1819.218994</ele>
				<time>2026-07-09T22:38:23Z</time>
			</trkpt>
			<trkpt lat="46.142414" lon="-121.495384">
				<ele>1818.950073</ele>
				<time>2026-07-09T22:38:27Z</time>
			</trkpt>
			<trkpt lat="46.142376" lon="-121.495354">
				<ele>1817.755615</ele>
				<time>2026-07-09T22:38:32Z</time>
			</trkpt>
			<trkpt lat="46.142204" lon="-121.495316">
				<ele>1815.139893</ele>
				<time>2026-07-09T22:38:50Z</time>
			</trkpt>
			<trkpt lat="46.142162" lon="-121.495308">
				<ele>1814.002686</ele>
				<time>2026-07-09T22:38:54Z</time>
			</trkpt>
			<trkpt lat="46.14212" lon="-121.495316">
				<ele>1813.528687</ele>
				<time>2026-07-09T22:38:58Z</time>
			</trkpt>
			<trkpt lat="46.142044" lon="-121.495369">
				<ele>1814.421143</ele>
				<time>2026-07-09T22:39:06Z</time>
			</trkpt>
			<trkpt lat="46.141964" lon="-121.495399">
				<ele>1813.880127</ele>
				<time>2026-07-09T22:39:14Z</time>
			</trkpt>
			<trkpt lat="46.141914" lon="-121.495415">
				<ele>1811.56189</ele>
				<time>2026-07-09T22:39:19Z</time>
			</trkpt>
			<trkpt lat="46.14188" lon="-121.495407">
				<ele>1811.314941</ele>
				<time>2026-07-09T22:39:24Z</time>
			</trkpt>
			<trkpt lat="46.141838" lon="-121.495392">
				<ele>1811.524048</ele>
				<time>2026-07-09T22:39:30Z</time>
			</trkpt>
			<trkpt lat="46.14175" lon="-121.495377">
				<ele>1807.990723</ele>
				<time>2026-07-09T22:39:41Z</time>
			</trkpt>
			<trkpt lat="46.141712" lon="-121.495392">
				<ele>1807.931763</ele>
				<time>2026-07-09T22:39:47Z</time>
			</trkpt>
			<trkpt lat="46.141674" lon="-121.495384">
				<ele>1808.847046</ele>
				<time>2026-07-09T22:39:51Z</time>
			</trkpt>
			<trkpt lat="46.141552" lon="-121.495323">
				<ele>1805.69751</ele>
				<time>2026-07-09T22:40:07Z</time>
			</trkpt>
			<trkpt lat="46.141434" lon="-121.495239">
				<ele>1803.343628</ele>
				<time>2026-07-09T22:40:22Z</time>
			</trkpt>
			<trkpt lat="46.141384" lon="-121.495224">
				<ele>1803.428711</ele>
				<time>2026-07-09T22:40:27Z</time>
			</trkpt>
			<trkpt lat="46.141308" lon="-121.495171">
				<ele>1802.134766</ele>
				<time>2026-07-09T22:40:36Z</time>
			</trkpt>
			<trkpt lat="46.141266" lon="-121.49514">
				<ele>1801.758179</ele>
				<time>2026-07-09T22:40:41Z</time>
			</trkpt>
			<trkpt lat="46.141178" lon="-121.495079">
				<ele>1800.057861</ele>
				<time>2026-07-09T22:40:51Z</time>
			</trkpt>
			<trkpt lat="46.14114" lon="-121.495056">
				<ele>1800.401489</ele>
				<time>2026-07-09T22:40:56Z</time>
			</trkpt>
			<trkpt lat="46.140926" lon="-121.494957">
				<ele>1795.868408</ele>
				<time>2026-07-09T22:41:25Z</time>
			</trkpt>
			<trkpt lat="46.140839" lon="-121.494911">
				<ele>1796.041138</ele>
				<time>2026-07-09T22:46:54Z</time>
			</trkpt>
			<trkpt lat="46.140793" lon="-121.494904">
				<ele>1796.391357</ele>
				<time>2026-07-09T22:47:00Z</time>
			</trkpt>
			<trkpt lat="46.140759" lon="-121.494865">
				<ele>1795.685059</ele>
				<time>2026-07-09T22:47:04Z</time>
			</trkpt>
			<trkpt lat="46.140713" lon="-121.494873">
				<ele>1793.69458</ele>
				<time>2026-07-09T22:47:10Z</time>
			</trkpt>
			<trkpt lat="46.140575" lon="-121.494827">
				<ele>1790.857178</ele>
				<time>2026-07-09T22:47:24Z</time>
			</trkpt>
			<trkpt lat="46.140488" lon="-121.494759">
				<ele>1787.423828</ele>
				<time>2026-07-09T22:47:34Z</time>
			</trkpt>
			<trkpt lat="46.140442" lon="-121.494736">
				<ele>1787.46814</ele>
				<time>2026-07-09T22:47:39Z</time>
			</trkpt>
			<trkpt lat="46.140396" lon="-121.494743">
				<ele>1787.117188</ele>
				<time>2026-07-09T22:47:43Z</time>
			</trkpt>
			<trkpt lat="46.14035" lon="-121.494705">
				<ele>1787.853394</ele>
				<time>2026-07-09T22:47:48Z</time>
			</trkpt>
			<trkpt lat="46.140301" lon="-121.494675">
				<ele>1786.402588</ele>
				<time>2026-07-09T22:47:53Z</time>
			</trkpt>
			<trkpt lat="46.140251" lon="-121.494659">
				<ele>1786.270874</ele>
				<time>2026-07-09T22:47:57Z</time>
			</trkpt>
			<trkpt lat="46.140205" lon="-121.494644">
				<ele>1784.626831</ele>
				<time>2026-07-09T22:48:02Z</time>
			</trkpt>
			<trkpt lat="46.140156" lon="-121.494652">
				<ele>1784.141724</ele>
				<time>2026-07-09T22:48:06Z</time>
			</trkpt>
			<trkpt lat="46.14011" lon="-121.494675">
				<ele>1782.72522</ele>
				<time>2026-07-09T22:48:11Z</time>
			</trkpt>
			<trkpt lat="46.140068" lon="-121.49472">
				<ele>1782.907715</ele>
				<time>2026-07-09T22:48:15Z</time>
			</trkpt>
			<trkpt lat="46.140053" lon="-121.494781">
				<ele>1783.684326</ele>
				<time>2026-07-09T22:48:19Z</time>
			</trkpt>
			<trkpt lat="46.140057" lon="-121.49485">
				<ele>1782.959961</ele>
				<time>2026-07-09T22:48:24Z</time>
			</trkpt>
			<trkpt lat="46.140087" lon="-121.494896">
				<ele>1782.477905</ele>
				<time>2026-07-09T22:48:28Z</time>
			</trkpt>
			<trkpt lat="46.140148" lon="-121.495003">
				<ele>1780.438965</ele>
				<time>2026-07-09T22:48:36Z</time>
			</trkpt>
			<trkpt lat="46.140194" lon="-121.49511">
				<ele>1780.164063</ele>
				<time>2026-07-09T22:48:45Z</time>
			</trkpt>
			<trkpt lat="46.140213" lon="-121.495163">
				<ele>1779.242798</ele>
				<time>2026-07-09T22:48:49Z</time>
			</trkpt>
			<trkpt lat="46.140244" lon="-121.495216">
				<ele>1779.433594</ele>
				<time>2026-07-09T22:48:53Z</time>
			</trkpt>
			<trkpt lat="46.140358" lon="-121.495369">
				<ele>1775.239746</ele>
				<time>2026-07-09T22:49:06Z</time>
			</trkpt>
			<trkpt lat="46.140385" lon="-121.495422">
				<ele>1775.553711</ele>
				<time>2026-07-09T22:49:10Z</time>
			</trkpt>
			<trkpt lat="46.140381" lon="-121.495499">
				<ele>1774.585327</ele>
				<time>2026-07-09T22:49:14Z</time>
			</trkpt>
			<trkpt lat="46.140366" lon="-121.49556">
				<ele>1775.194092</ele>
				<time>2026-07-09T22:49:18Z</time>
			</trkpt>
			<trkpt lat="46.140343" lon="-121.495621">
				<ele>1774.753174</ele>
				<time>2026-07-09T22:49:23Z</time>
			</trkpt>
			<trkpt lat="46.140305" lon="-121.495651">
				<ele>1775.282104</ele>
				<time>2026-07-09T22:49:27Z</time>
			</trkpt>
			<trkpt lat="46.140263" lon="-121.495659">
				<ele>1774.319092</ele>
				<time>2026-07-09T22:49:31Z</time>
			</trkpt>
			<trkpt lat="46.140217" lon="-121.495682">
				<ele>1775.129395</ele>
				<time>2026-07-09T22:49:35Z</time>
			</trkpt>
			<trkpt lat="46.140163" lon="-121.495682">
				<ele>1773.984863</ele>
				<time>2026-07-09T22:49:39Z</time>
			</trkpt>
			<trkpt lat="46.140114" lon="-121.495689">
				<ele>1774.219727</ele>
				<time>2026-07-09T22:49:43Z</time>
			</trkpt>
			<trkpt lat="46.140064" lon="-121.49572">
				<ele>1773.404297</ele>
				<time>2026-07-09T22:49:49Z</time>
			</trkpt>
			<trkpt lat="46.140011" lon="-121.495728">
				<ele>1773.592529</ele>
				<time>2026-07-09T22:49:54Z</time>
			</trkpt>
			<trkpt lat="46.139919" lon="-121.49572">
				<ele>1770.28894</ele>
				<time>2026-07-09T22:50:02Z</time>
			</trkpt>
			<trkpt lat="46.139877" lon="-121.495743">
				<ele>1770.473877</ele>
				<time>2026-07-09T22:50:06Z</time>
			</trkpt>
			<trkpt lat="46.139839" lon="-121.495712">
				<ele>1769.997314</ele>
				<time>2026-07-09T22:50:11Z</time>
			</trkpt>
			<trkpt lat="46.139793" lon="-121.49572">
				<ele>1769.504272</ele>
				<time>2026-07-09T22:50:16Z</time>
			</trkpt>
			<trkpt lat="46.139744" lon="-121.495735">
				<ele>1769.4823</ele>
				<time>2026-07-09T22:50:21Z</time>
			</trkpt>
			<trkpt lat="46.139694" lon="-121.495743">
				<ele>1768.411865</ele>
				<time>2026-07-09T22:50:25Z</time>
			</trkpt>
			<trkpt lat="46.139591" lon="-121.495758">
				<ele>1767.132568</ele>
				<time>2026-07-09T22:50:34Z</time>
			</trkpt>
			<trkpt lat="46.139542" lon="-121.495781">
				<ele>1768.09436</ele>
				<time>2026-07-09T22:50:39Z</time>
			</trkpt>
			<trkpt lat="46.139488" lon="-121.495796">
				<ele>1767.320313</ele>
				<time>2026-07-09T22:50:43Z</time>
			</trkpt>
			<trkpt lat="46.139439" lon="-121.495796">
				<ele>1767.4104</ele>
				<time>2026-07-09T22:50:47Z</time>
			</trkpt>
			<trkpt lat="46.139389" lon="-121.495804">
				<ele>1765.983032</ele>
				<time>2026-07-09T22:50:51Z</time>
			</trkpt>
			<trkpt lat="46.139301" lon="-121.495834">
				<ele>1764.719482</ele>
				<time>2026-07-09T22:50:59Z</time>
			</trkpt>
			<trkpt lat="46.139259" lon="-121.495842">
				<ele>1764.538452</ele>
				<time>2026-07-09T22:51:04Z</time>
			</trkpt>
			<trkpt lat="46.139175" lon="-121.495834">
				<ele>1765.290161</ele>
				<time>2026-07-09T22:51:11Z</time>
			</trkpt>
			<trkpt lat="46.139107" lon="-121.495766">
				<ele>1762.403809</ele>
				<time>2026-07-09T22:51:18Z</time>
			</trkpt>
			<trkpt lat="46.139065" lon="-121.49575">
				<ele>1762.63147</ele>
				<time>2026-07-09T22:51:22Z</time>
			</trkpt>
			<trkpt lat="46.138977" lon="-121.49572">
				<ele>1760.51123</ele>
				<time>2026-07-09T22:51:31Z</time>
			</trkpt>
			<trkpt lat="46.138927" lon="-121.495735">
				<ele>1760.799438</ele>
				<time>2026-07-09T22:51:37Z</time>
			</trkpt>
			<trkpt lat="46.138889" lon="-121.495728">
				<ele>1759.6427</ele>
				<time>2026-07-09T22:51:40Z</time>
			</trkpt>
			<trkpt lat="46.138802" lon="-121.495712">
				<ele>1758.626831</ele>
				<time>2026-07-09T22:51:47Z</time>
			</trkpt>
			<trkpt lat="46.138718" lon="-121.495689">
				<ele>1754.026978</ele>
				<time>2026-07-09T22:51:56Z</time>
			</trkpt>
			<trkpt lat="46.13868" lon="-121.495659">
				<ele>1752.9552</ele>
				<time>2026-07-09T22:52:01Z</time>
			</trkpt>
			<trkpt lat="46.138634" lon="-121.495644">
				<ele>1752.743286</ele>
				<time>2026-07-09T22:52:05Z</time>
			</trkpt>
			<trkpt lat="46.138603" lon="-121.495598">
				<ele>1752.875977</ele>
				<time>2026-07-09T22:52:09Z</time>
			</trkpt>
			<trkpt lat="46.138565" lon="-121.49556">
				<ele>1752.773682</ele>
				<time>2026-07-09T22:52:13Z</time>
			</trkpt>
			<trkpt lat="46.138481" lon="-121.495506">
				<ele>1750.768921</ele>
				<time>2026-07-09T22:52:22Z</time>
			</trkpt>
			<trkpt lat="46.138443" lon="-121.495476">
				<ele>1750.845581</ele>
				<time>2026-07-09T22:52:26Z</time>
			</trkpt>
			<trkpt lat="46.138351" lon="-121.49543">
				<ele>1749.916382</ele>
				<time>2026-07-09T22:52:35Z</time>
			</trkpt>
			<trkpt lat="46.138317" lon="-121.495399">
				<ele>1748.64624</ele>
				<time>2026-07-09T22:52:39Z</time>
			</trkpt>
			<trkpt lat="46.138283" lon="-121.495354">
				<ele>1748.434814</ele>
				<time>2026-07-09T22:52:44Z</time>
			</trkpt>
			<trkpt lat="46.138237" lon="-121.495316">
				<ele>1748.967529</ele>
				<time>2026-07-09T22:52:49Z</time>
			</trkpt>
			<trkpt lat="46.138206" lon="-121.495262">
				<ele>1747.884033</ele>
				<time>2026-07-09T22:52:54Z</time>
			</trkpt>
			<trkpt lat="46.138134" lon="-121.495171">
				<ele>1746.860107</ele>
				<time>2026-07-09T22:53:03Z</time>
			</trkpt>
			<trkpt lat="46.138111" lon="-121.49511">
				<ele>1747.25061</ele>
				<time>2026-07-09T22:53:07Z</time>
			</trkpt>
			<trkpt lat="46.138081" lon="-121.495064">
				<ele>1747.108398</ele>
				<time>2026-07-09T22:53:11Z</time>
			</trkpt>
			<trkpt lat="46.138054" lon="-121.49501">
				<ele>1745.711426</ele>
				<time>2026-07-09T22:53:16Z</time>
			</trkpt>
			<trkpt lat="46.138" lon="-121.494911">
				<ele>1744.074585</ele>
				<time>2026-07-09T22:53:24Z</time>
			</trkpt>
			<trkpt lat="46.137981" lon="-121.494858">
				<ele>1745.033325</ele>
				<time>2026-07-09T22:53:28Z</time>
			</trkpt>
			<trkpt lat="46.137947" lon="-121.494804">
				<ele>1742.835449</ele>
				<time>2026-07-09T22:53:32Z</time>
			</trkpt>
			<trkpt lat="46.137894" lon="-121.494698">
				<ele>1741.303101</ele>
				<time>2026-07-09T22:53:42Z</time>
			</trkpt>
			<trkpt lat="46.137859" lon="-121.494659">
				<ele>1741.292114</ele>
				<time>2026-07-09T22:53:46Z</time>
			</trkpt>
			<trkpt lat="46.137821" lon="-121.494614">
				<ele>1741.388916</ele>
				<time>2026-07-09T22:53:50Z</time>
			</trkpt>
			<trkpt lat="46.137802" lon="-121.494553">
				<ele>1740.553955</ele>
				<time>2026-07-09T22:53:54Z</time>
			</trkpt>
			<trkpt lat="46.137772" lon="-121.494499">
				<ele>1740.201538</ele>
				<time>2026-07-09T22:53:59Z</time>
			</trkpt>
			<trkpt lat="46.137745" lon="-121.494446">
				<ele>1740.517456</ele>
				<time>2026-07-09T22:54:03Z</time>
			</trkpt>
			<trkpt lat="46.137722" lon="-121.494377">
				<ele>1739.098389</ele>
				<time>2026-07-09T22:54:08Z</time>
			</trkpt>
			<trkpt lat="46.137699" lon="-121.494324">
				<ele>1738.634155</ele>
				<time>2026-07-09T22:54:13Z</time>
			</trkpt>
			<trkpt lat="46.137672" lon="-121.49427">
				<ele>1737.245361</ele>
				<time>2026-07-09T22:54:18Z</time>
			</trkpt>
			<trkpt lat="46.137615" lon="-121.494247">
				<ele>1737.631836</ele>
				<time>2026-07-09T22:54:25Z</time>
			</trkpt>
			<trkpt lat="46.137573" lon="-121.494293">
				<ele>1737.279541</ele>
				<time>2026-07-09T22:54:30Z</time>
			</trkpt>
			<trkpt lat="46.137554" lon="-121.494354">
				<ele>1737.295898</ele>
				<time>2026-07-09T22:54:35Z</time>
			</trkpt>
			<trkpt lat="46.137535" lon="-121.494423">
				<ele>1737.044678</ele>
				<time>2026-07-09T22:54:39Z</time>
			</trkpt>
			<trkpt lat="46.13752" lon="-121.494484">
				<ele>1736.196045</ele>
				<time>2026-07-09T22:54:44Z</time>
			</trkpt>
			<trkpt lat="46.137497" lon="-121.494545">
				<ele>1736.164429</ele>
				<time>2026-07-09T22:54:48Z</time>
			</trkpt>
			<trkpt lat="46.137493" lon="-121.494606">
				<ele>1735.573486</ele>
				<time>2026-07-09T22:54:52Z</time>
			</trkpt>
			<trkpt lat="46.137486" lon="-121.494659">
				<ele>1734.348877</ele>
				<time>2026-07-09T22:54:56Z</time>
			</trkpt>
			<trkpt lat="46.137463" lon="-121.494713">
				<ele>1734.330933</ele>
				<time>2026-07-09T22:55:00Z</time>
			</trkpt>
			<trkpt lat="46.137424" lon="-121.494888">
				<ele>1730.867554</ele>
				<time>2026-07-09T22:55:12Z</time>
			</trkpt>
			<trkpt lat="46.137436" lon="-121.494957">
				<ele>1730.900513</ele>
				<time>2026-07-09T22:55:17Z</time>
			</trkpt>
			<trkpt lat="46.137451" lon="-121.495018">
				<ele>1730.835449</ele>
				<time>2026-07-09T22:55:21Z</time>
			</trkpt>
			<trkpt lat="46.137447" lon="-121.495079">
				<ele>1730.346802</ele>
				<time>2026-07-09T22:55:26Z</time>
			</trkpt>
			<trkpt lat="46.137444" lon="-121.495148">
				<ele>1730.245117</ele>
				<time>2026-07-09T22:55:31Z</time>
			</trkpt>
			<trkpt lat="46.137459" lon="-121.49527">
				<ele>1730.33728</ele>
				<time>2026-07-09T22:55:39Z</time>
			</trkpt>
			<trkpt lat="46.137455" lon="-121.495338">
				<ele>1730.136597</ele>
				<time>2026-07-09T22:55:44Z</time>
			</trkpt>
			<trkpt lat="46.137474" lon="-121.495399">
				<ele>1730.030151</ele>
				<time>2026-07-09T22:55:48Z</time>
			</trkpt>
			<trkpt lat="46.137478" lon="-121.495537">
				<ele>1728.390015</ele>
				<time>2026-07-09T22:55:58Z</time>
			</trkpt>
			<trkpt lat="46.137493" lon="-121.495598">
				<ele>1728.440918</ele>
				<time>2026-07-09T22:56:02Z</time>
			</trkpt>
			<trkpt lat="46.137516" lon="-121.495659">
				<ele>1728.834229</ele>
				<time>2026-07-09T22:56:07Z</time>
			</trkpt>
			<trkpt lat="46.137535" lon="-121.495712">
				<ele>1728.42749</ele>
				<time>2026-07-09T22:56:11Z</time>
			</trkpt>
			<trkpt lat="46.137547" lon="-121.495773">
				<ele>1727.319092</ele>
				<time>2026-07-09T22:56:15Z</time>
			</trkpt>
			<trkpt lat="46.137589" lon="-121.495903">
				<ele>1726.06958</ele>
				<time>2026-07-09T22:56:24Z</time>
			</trkpt>
			<trkpt lat="46.137611" lon="-121.495956">
				<ele>1726.058472</ele>
				<time>2026-07-09T22:56:34Z</time>
			</trkpt>
			<trkpt lat="46.137634" lon="-121.496094">
				<ele>1725.276855</ele>
				<time>2026-07-09T22:56:43Z</time>
			</trkpt>
			<trkpt lat="46.137669" lon="-121.496223">
				<ele>1723.662598</ele>
				<time>2026-07-09T22:56:53Z</time>
			</trkpt>
			<trkpt lat="46.137684" lon="-121.496292">
				<ele>1723.82605</ele>
				<time>2026-07-09T22:56:58Z</time>
			</trkpt>
			<trkpt lat="46.137733" lon="-121.496414">
				<ele>1724.938965</ele>
				<time>2026-07-09T22:57:07Z</time>
			</trkpt>
			<trkpt lat="46.137753" lon="-121.496475">
				<ele>1725.169434</ele>
				<time>2026-07-09T22:57:11Z</time>
			</trkpt>
			<trkpt lat="46.137756" lon="-121.496544">
				<ele>1723.880005</ele>
				<time>2026-07-09T22:57:16Z</time>
			</trkpt>
			<trkpt lat="46.137814" lon="-121.496658">
				<ele>1722.161743</ele>
				<time>2026-07-09T22:57:25Z</time>
			</trkpt>
			<trkpt lat="46.137836" lon="-121.496712">
				<ele>1721.851563</ele>
				<time>2026-07-09T22:57:30Z</time>
			</trkpt>
			<trkpt lat="46.137859" lon="-121.496765">
				<ele>1721.171997</ele>
				<time>2026-07-09T22:57:35Z</time>
			</trkpt>
			<trkpt lat="46.137875" lon="-121.496826">
				<ele>1721.367065</ele>
				<time>2026-07-09T22:57:40Z</time>
			</trkpt>
			<trkpt lat="46.137909" lon="-121.496864">
				<ele>1720.93689</ele>
				<time>2026-07-09T22:57:45Z</time>
			</trkpt>
			<trkpt lat="46.137924" lon="-121.496933">
				<ele>1721.07373</ele>
				<time>2026-07-09T22:57:49Z</time>
			</trkpt>
			<trkpt lat="46.137951" lon="-121.496979">
				<ele>1720.303345</ele>
				<time>2026-07-09T22:57:54Z</time>
			</trkpt>
			<trkpt lat="46.137974" lon="-121.49704">
				<ele>1720.884766</ele>
				<time>2026-07-09T22:57:59Z</time>
			</trkpt>
			<trkpt lat="46.137993" lon="-121.497093">
				<ele>1720.397461</ele>
				<time>2026-07-09T22:58:03Z</time>
			</trkpt>
			<trkpt lat="46.138016" lon="-121.497154">
				<ele>1719.147339</ele>
				<time>2026-07-09T22:58:08Z</time>
			</trkpt>
			<trkpt lat="46.138035" lon="-121.497215">
				<ele>1719.239258</ele>
				<time>2026-07-09T22:58:13Z</time>
			</trkpt>
			<trkpt lat="46.138054" lon="-121.497276">
				<ele>1718.902832</ele>
				<time>2026-07-09T22:58:17Z</time>
			</trkpt>
			<trkpt lat="46.138088" lon="-121.497314">
				<ele>1717.563477</ele>
				<time>2026-07-09T22:58:22Z</time>
			</trkpt>
			<trkpt lat="46.138119" lon="-121.497368">
				<ele>1717.441528</ele>
				<time>2026-07-09T22:58:27Z</time>
			</trkpt>
			<trkpt lat="46.138145" lon="-121.497414">
				<ele>1717.990479</ele>
				<time>2026-07-09T22:58:31Z</time>
			</trkpt>
			<trkpt lat="46.138157" lon="-121.497482">
				<ele>1718.019531</ele>
				<time>2026-07-09T22:58:36Z</time>
			</trkpt>
			<trkpt lat="46.138149" lon="-121.49762">
				<ele>1717.192749</ele>
				<time>2026-07-09T22:58:45Z</time>
			</trkpt>
			<trkpt lat="46.13813" lon="-121.497681">
				<ele>1715.309082</ele>
				<time>2026-07-09T22:58:49Z</time>
			</trkpt>
			<trkpt lat="46.138119" lon="-121.49781">
				<ele>1715.957642</ele>
				<time>2026-07-09T22:58:57Z</time>
			</trkpt>
			<trkpt lat="46.138096" lon="-121.497864">
				<ele>1715.048584</ele>
				<time>2026-07-09T22:59:01Z</time>
			</trkpt>
			<trkpt lat="46.138069" lon="-121.497917">
				<ele>1714.794434</ele>
				<time>2026-07-09T22:59:05Z</time>
			</trkpt>
			<trkpt lat="46.138046" lon="-121.497971">
				<ele>1713.655518</ele>
				<time>2026-07-09T22:59:09Z</time>
			</trkpt>
			<trkpt lat="46.138012" lon="-121.498024">
				<ele>1713.569824</ele>
				<time>2026-07-09T22:59:14Z</time>
			</trkpt>
			<trkpt lat="46.137951" lon="-121.498138">
				<ele>1711.750122</ele>
				<time>2026-07-09T22:59:24Z</time>
			</trkpt>
			<trkpt lat="46.137886" lon="-121.49823">
				<ele>1712.515625</ele>
				<time>2026-07-09T22:59:32Z</time>
			</trkpt>
			<trkpt lat="46.137852" lon="-121.498291">
				<ele>1712.417603</ele>
				<time>2026-07-09T22:59:37Z</time>
			</trkpt>
			<trkpt lat="46.137825" lon="-121.498344">
				<ele>1712.185547</ele>
				<time>2026-07-09T22:59:42Z</time>
			</trkpt>
			<trkpt lat="46.137737" lon="-121.498421">
				<ele>1709.648804</ele>
				<time>2026-07-09T22:59:51Z</time>
			</trkpt>
			<trkpt lat="46.137688" lon="-121.498451">
				<ele>1708.920044</ele>
				<time>2026-07-09T22:59:56Z</time>
			</trkpt>
			<trkpt lat="46.137646" lon="-121.498466">
				<ele>1709.111816</ele>
				<time>2026-07-09T23:00:02Z</time>
			</trkpt>
			<trkpt lat="46.137596" lon="-121.498497">
				<ele>1709.08252</ele>
				<time>2026-07-09T23:00:06Z</time>
			</trkpt>
			<trkpt lat="46.137554" lon="-121.49852">
				<ele>1708.302612</ele>
				<time>2026-07-09T23:00:11Z</time>
			</trkpt>
			<trkpt lat="46.137512" lon="-121.498543">
				<ele>1708.30188</ele>
				<time>2026-07-09T23:00:15Z</time>
			</trkpt>
			<trkpt lat="46.13747" lon="-121.498558">
				<ele>1708.388672</ele>
				<time>2026-07-09T23:00:19Z</time>
			</trkpt>
			<trkpt lat="46.137367" lon="-121.498535">
				<ele>1707.402954</ele>
				<time>2026-07-09T23:00:29Z</time>
			</trkpt>
			<trkpt lat="46.137325" lon="-121.498528">
				<ele>1707.674316</ele>
				<time>2026-07-09T23:00:33Z</time>
			</trkpt>
			<trkpt lat="46.137283" lon="-121.498535">
				<ele>1706.994019</ele>
				<time>2026-07-09T23:00:37Z</time>
			</trkpt>
			<trkpt lat="46.137238" lon="-121.498528">
				<ele>1707.543701</ele>
				<time>2026-07-09T23:00:41Z</time>
			</trkpt>
			<trkpt lat="46.137184" lon="-121.498528">
				<ele>1706.573853</ele>
				<time>2026-07-09T23:00:46Z</time>
			</trkpt>
			<trkpt lat="46.137093" lon="-121.498528">
				<ele>1706.049194</ele>
				<time>2026-07-09T23:00:54Z</time>
			</trkpt>
			<trkpt lat="46.137047" lon="-121.49852">
				<ele>1706.749146</ele>
				<time>2026-07-09T23:00:59Z</time>
			</trkpt>
			<trkpt lat="46.136993" lon="-121.498528">
				<ele>1706.844604</ele>
				<time>2026-07-09T23:01:04Z</time>
			</trkpt>
			<trkpt lat="46.136944" lon="-121.498528">
				<ele>1706.106201</ele>
				<time>2026-07-09T23:01:09Z</time>
			</trkpt>
			<trkpt lat="46.136898" lon="-121.498528">
				<ele>1704.310791</ele>
				<time>2026-07-09T23:01:13Z</time>
			</trkpt>
			<trkpt lat="46.136803" lon="-121.498573">
				<ele>1701.166626</ele>
				<time>2026-07-09T23:01:22Z</time>
			</trkpt>
			<trkpt lat="46.136757" lon="-121.498596">
				<ele>1701.066406</ele>
				<time>2026-07-09T23:01:27Z</time>
			</trkpt>
			<trkpt lat="46.136707" lon="-121.498627">
				<ele>1700.622925</ele>
				<time>2026-07-09T23:01:32Z</time>
			</trkpt>
			<trkpt lat="46.136662" lon="-121.498627">
				<ele>1701.406494</ele>
				<time>2026-07-09T23:01:36Z</time>
			</trkpt>
			<trkpt lat="46.136616" lon="-121.498604">
				<ele>1701.331665</ele>
				<time>2026-07-09T23:01:41Z</time>
			</trkpt>
			<trkpt lat="46.136574" lon="-121.498573">
				<ele>1701.856323</ele>
				<time>2026-07-09T23:01:46Z</time>
			</trkpt>
			<trkpt lat="46.136532" lon="-121.498543">
				<ele>1700.162842</ele>
				<time>2026-07-09T23:01:50Z</time>
			</trkpt>
			<trkpt lat="46.136456" lon="-121.498459">
				<ele>1698.425049</ele>
				<time>2026-07-09T23:01:59Z</time>
			</trkpt>
			<trkpt lat="46.136398" lon="-121.498436">
				<ele>1697.007202</ele>
				<time>2026-07-09T23:02:04Z</time>
			</trkpt>
			<trkpt lat="46.136345" lon="-121.498436">
				<ele>1696.82019</ele>
				<time>2026-07-09T23:02:09Z</time>
			</trkpt>
			<trkpt lat="46.136234" lon="-121.498413">
				<ele>1697.625854</ele>
				<time>2026-07-09T23:02:19Z</time>
			</trkpt>
			<trkpt lat="46.136147" lon="-121.498383">
				<ele>1696.003174</ele>
				<time>2026-07-09T23:02:29Z</time>
			</trkpt>
			<trkpt lat="46.136105" lon="-121.49836">
				<ele>1696.134644</ele>
				<time>2026-07-09T23:02:33Z</time>
			</trkpt>
			<trkpt lat="46.136051" lon="-121.498344">
				<ele>1695.09729</ele>
				<time>2026-07-09T23:02:38Z</time>
			</trkpt>
			<trkpt lat="46.136005" lon="-121.498314">
				<ele>1695.070068</ele>
				<time>2026-07-09T23:02:42Z</time>
			</trkpt>
			<trkpt lat="46.135914" lon="-121.498238">
				<ele>1694.298706</ele>
				<time>2026-07-09T23:02:52Z</time>
			</trkpt>
			<trkpt lat="46.135834" lon="-121.498146">
				<ele>1692.987915</ele>
				<time>2026-07-09T23:03:02Z</time>
			</trkpt>
			<trkpt lat="46.135788" lon="-121.498146">
				<ele>1692.213379</ele>
				<time>2026-07-09T23:03:07Z</time>
			</trkpt>
			<trkpt lat="46.135742" lon="-121.498123">
				<ele>1692.595703</ele>
				<time>2026-07-09T23:03:12Z</time>
			</trkpt>
			<trkpt lat="46.135696" lon="-121.498085">
				<ele>1691.134888</ele>
				<time>2026-07-09T23:03:16Z</time>
			</trkpt>
			<trkpt lat="46.135654" lon="-121.497963">
				<ele>1692.633545</ele>
				<time>2026-07-09T23:03:25Z</time>
			</trkpt>
			<trkpt lat="46.135674" lon="-121.497833">
				<ele>1693.469604</ele>
				<time>2026-07-09T23:03:35Z</time>
			</trkpt>
			<trkpt lat="46.135723" lon="-121.497818">
				<ele>1693.665283</ele>
				<time>2026-07-09T23:03:40Z</time>
			</trkpt>
			<trkpt lat="46.135769" lon="-121.497803">
				<ele>1692.833374</ele>
				<time>2026-07-09T23:03:44Z</time>
			</trkpt>
			<trkpt lat="46.135822" lon="-121.497803">
				<ele>1692.555664</ele>
				<time>2026-07-09T23:03:49Z</time>
			</trkpt>
			<trkpt lat="46.135872" lon="-121.49778">
				<ele>1692.035767</ele>
				<time>2026-07-09T23:03:54Z</time>
			</trkpt>
			<trkpt lat="46.135971" lon="-121.497749">
				<ele>1691.552856</ele>
				<time>2026-07-09T23:04:04Z</time>
			</trkpt>
			<trkpt lat="46.136074" lon="-121.497719">
				<ele>1694.361694</ele>
				<time>2026-07-09T23:04:15Z</time>
			</trkpt>
			<trkpt lat="46.136181" lon="-121.497757">
				<ele>1691.980347</ele>
				<time>2026-07-09T23:04:28Z</time>
			</trkpt>
			<trkpt lat="46.136227" lon="-121.497772">
				<ele>1694.157959</ele>
				<time>2026-07-09T23:05:24Z</time>
			</trkpt>
		</trkseg>
	</trk>
</gpx>
