<?xml version="1.0" encoding="UTF-8"?>
<gpx xmlns:xsi="http://www.w3.org/2001/XMLSchema-instance" xmlns="http://www.topografix.com/GPX/1/1" xmlns:onx="http://www.onxmaps.com" xsi:schemaLocation="http://www.topografix.com/GPX/1/1 http://www.topografix.com/GPX/1/1/gpx.xsd " version="1.1" creator="onXmaps backcountry ios">
	<trk>
		<name>Mount Hood</name>
		<extensions>
			<onx:style>dash</onx:style>
			<onx:weight>4.0</onx:weight>
			<onx:color>rgba(0, 255, 255, 1)</onx:color>
		</extensions>
		<trkseg>
			<trkpt lat="45.331799" lon="-121.70752">
				<ele>1795.448364</ele>
				<time>2026-06-02T07:58:03Z</time>
			</trkpt>
			<trkpt lat="45.331833" lon="-121.707481">
				<ele>1797.217285</ele>
				<time>2026-06-02T07:59:25Z</time>
			</trkpt>
			<trkpt lat="45.331833" lon="-121.707481">
				<ele>1797.217285</ele>
				<time>2026-06-02T07:59:25Z</time>
			</trkpt>
			<trkpt lat="45.331795" lon="-121.70752">
				<ele>1797.924194</ele>
				<time>2026-06-02T07:59:52Z</time>
			</trkpt>
			<trkpt lat="45.331795" lon="-121.70752">
				<ele>1797.924194</ele>
				<time>2026-06-02T07:59:52Z</time>
			</trkpt>
			<trkpt lat="45.331783" lon="-121.707581">
				<ele>1795.303589</ele>
				<time>2026-06-02T08:02:28Z</time>
			</trkpt>
			<trkpt lat="45.331783" lon="-121.707581">
				<ele>1795.303589</ele>
				<time>2026-06-02T08:02:28Z</time>
			</trkpt>
			<trkpt lat="45.331821" lon="-121.707611">
				<ele>1796.818481</ele>
				<time>2026-06-02T08:02:31Z</time>
			</trkpt>
			<trkpt lat="45.331848" lon="-121.707664">
				<ele>1799.330322</ele>
				<time>2026-06-02T08:02:34Z</time>
			</trkpt>
			<trkpt lat="45.33189" lon="-121.707695">
				<ele>1800.356812</ele>
				<time>2026-06-02T08:02:44Z</time>
			</trkpt>
			<trkpt lat="45.331936" lon="-121.707703">
				<ele>1801.899292</ele>
				<time>2026-06-02T08:02:52Z</time>
			</trkpt>
			<trkpt lat="45.331936" lon="-121.707703">
				<ele>1801.899292</ele>
				<time>2026-06-02T08:02:52Z</time>
			</trkpt>
			<trkpt lat="45.331982" lon="-121.707718">
				<ele>1803.313843</ele>
				<time>2026-06-02T08:02:57Z</time>
			</trkpt>
			<trkpt lat="45.332027" lon="-121.707741">
				<ele>1804.529297</ele>
				<time>2026-06-02T08:03:03Z</time>
			</trkpt>
			<trkpt lat="45.332073" lon="-121.707748">
				<ele>1802.911377</ele>
				<time>2026-06-02T08:03:10Z</time>
			</trkpt>
			<trkpt lat="45.332119" lon="-121.707756">
				<ele>1805.912842</ele>
				<time>2026-06-02T08:03:16Z</time>
			</trkpt>
			<trkpt lat="45.332119" lon="-121.707756">
				<ele>1805.912842</ele>
				<time>2026-06-02T08:03:16Z</time>
			</trkpt>
			<trkpt lat="45.332165" lon="-121.707748">
				<ele>1806.739502</ele>
				<time>2026-06-02T08:03:23Z</time>
			</trkpt>
			<trkpt lat="45.332207" lon="-121.707756">
				<ele>1807.334473</ele>
				<time>2026-06-02T08:03:28Z</time>
			</trkpt>
			<trkpt lat="45.332249" lon="-121.707771">
				<ele>1809.88501</ele>
				<time>2026-06-02T08:03:34Z</time>
			</trkpt>
			<trkpt lat="45.332294" lon="-121.707794">
				<ele>1811.178345</ele>
				<time>2026-06-02T08:03:41Z</time>
			</trkpt>
			<trkpt lat="45.332294" lon="-121.707794">
				<ele>1811.178345</ele>
				<time>2026-06-02T08:03:41Z</time>
			</trkpt>
			<trkpt lat="45.332333" lon="-121.707848">
				<ele>1812.165649</ele>
				<time>2026-06-02T08:03:49Z</time>
			</trkpt>
			<trkpt lat="45.332375" lon="-121.707886">
				<ele>1813.00415</ele>
				<time>2026-06-02T08:03:55Z</time>
			</trkpt>
			<trkpt lat="45.332417" lon="-121.707932">
				<ele>1812.689087</ele>
				<time>2026-06-02T08:04:01Z</time>
			</trkpt>
			<trkpt lat="45.332417" lon="-121.707932">
				<ele>1812.689087</ele>
				<time>2026-06-02T08:04:01Z</time>
			</trkpt>
			<trkpt lat="45.332462" lon="-121.707954">
				<ele>1814.078125</ele>
				<time>2026-06-02T08:04:07Z</time>
			</trkpt>
			<trkpt lat="45.332508" lon="-121.707977">
				<ele>1814.764038</ele>
				<time>2026-06-02T08:04:12Z</time>
			</trkpt>
			<trkpt lat="45.332554" lon="-121.707977">
				<ele>1816.061646</ele>
				<time>2026-06-02T08:04:19Z</time>
			</trkpt>
			<trkpt lat="45.3326" lon="-121.707985">
				<ele>1817.028809</ele>
				<time>2026-06-02T08:04:24Z</time>
			</trkpt>
			<trkpt lat="45.3326" lon="-121.707985">
				<ele>1817.028809</ele>
				<time>2026-06-02T08:04:24Z</time>
			</trkpt>
			<trkpt lat="45.332642" lon="-121.708">
				<ele>1817.596802</ele>
				<time>2026-06-02T08:04:29Z</time>
			</trkpt>
			<trkpt lat="45.332687" lon="-121.708008">
				<ele>1817.454834</ele>
				<time>2026-06-02T08:04:34Z</time>
			</trkpt>
			<trkpt lat="45.332729" lon="-121.708023">
				<ele>1818.563232</ele>
				<time>2026-06-02T08:04:39Z</time>
			</trkpt>
			<trkpt lat="45.332779" lon="-121.708038">
				<ele>1819.041016</ele>
				<time>2026-06-02T08:04:45Z</time>
			</trkpt>
			<trkpt lat="45.332779" lon="-121.708038">
				<ele>1819.041016</ele>
				<time>2026-06-02T08:04:45Z</time>
			</trkpt>
			<trkpt lat="45.332817" lon="-121.708076">
				<ele>1819.840454</ele>
				<time>2026-06-02T08:04:51Z</time>
			</trkpt>
			<trkpt lat="45.332855" lon="-121.708107">
				<ele>1819.614136</ele>
				<time>2026-06-02T08:04:57Z</time>
			</trkpt>
			<trkpt lat="45.332905" lon="-121.708138">
				<ele>1819.45813</ele>
				<time>2026-06-02T08:05:03Z</time>
			</trkpt>
			<trkpt lat="45.332951" lon="-121.708176">
				<ele>1822.730591</ele>
				<time>2026-06-02T08:05:10Z</time>
			</trkpt>
			<trkpt lat="45.332951" lon="-121.708176">
				<ele>1822.730591</ele>
				<time>2026-06-02T08:05:10Z</time>
			</trkpt>
			<trkpt lat="45.332973" lon="-121.708229">
				<ele>1822.384521</ele>
				<time>2026-06-02T08:05:16Z</time>
			</trkpt>
			<trkpt lat="45.333015" lon="-121.70826">
				<ele>1823.200928</ele>
				<time>2026-06-02T08:05:23Z</time>
			</trkpt>
			<trkpt lat="45.33305" lon="-121.708305">
				<ele>1824.362061</ele>
				<time>2026-06-02T08:05:30Z</time>
			</trkpt>
			<trkpt lat="45.33305" lon="-121.708305">
				<ele>1824.362061</ele>
				<time>2026-06-02T08:05:30Z</time>
			</trkpt>
			<trkpt lat="45.333088" lon="-121.708344">
				<ele>1825.756958</ele>
				<time>2026-06-02T08:05:37Z</time>
			</trkpt>
			<trkpt lat="45.333126" lon="-121.708374">
				<ele>1827.973267</ele>
				<time>2026-06-02T08:05:44Z</time>
			</trkpt>
			<trkpt lat="45.333138" lon="-121.708435">
				<ele>1828.763672</ele>
				<time>2026-06-02T08:05:51Z</time>
			</trkpt>
			<trkpt lat="45.333138" lon="-121.708435">
				<ele>1828.763672</ele>
				<time>2026-06-02T08:05:51Z</time>
			</trkpt>
			<trkpt lat="45.333145" lon="-121.708496">
				<ele>1831.154785</ele>
				<time>2026-06-02T08:05:59Z</time>
			</trkpt>
			<trkpt lat="45.333118" lon="-121.708557">
				<ele>1832.998535</ele>
				<time>2026-06-02T08:06:05Z</time>
			</trkpt>
			<trkpt lat="45.33313" lon="-121.708618">
				<ele>1832.5802</ele>
				<time>2026-06-02T08:06:12Z</time>
			</trkpt>
			<trkpt lat="45.33313" lon="-121.708618">
				<ele>1832.5802</ele>
				<time>2026-06-02T08:06:12Z</time>
			</trkpt>
			<trkpt lat="45.333157" lon="-121.708672">
				<ele>1834.305908</ele>
				<time>2026-06-02T08:06:19Z</time>
			</trkpt>
			<trkpt lat="45.333206" lon="-121.708694">
				<ele>1836.248901</ele>
				<time>2026-06-02T08:06:26Z</time>
			</trkpt>
			<trkpt lat="45.333256" lon="-121.70871">
				<ele>1835.60022</ele>
				<time>2026-06-02T08:06:32Z</time>
			</trkpt>
			<trkpt lat="45.333256" lon="-121.70871">
				<ele>1835.60022</ele>
				<time>2026-06-02T08:06:32Z</time>
			</trkpt>
			<trkpt lat="45.333302" lon="-121.70871">
				<ele>1837.751465</ele>
				<time>2026-06-02T08:06:38Z</time>
			</trkpt>
			<trkpt lat="45.333344" lon="-121.708733">
				<ele>1839.750732</ele>
				<time>2026-06-02T08:06:44Z</time>
			</trkpt>
			<trkpt lat="45.333382" lon="-121.708755">
				<ele>1839.128296</ele>
				<time>2026-06-02T08:06:49Z</time>
			</trkpt>
			<trkpt lat="45.333427" lon="-121.708778">
				<ele>1840.13208</ele>
				<time>2026-06-02T08:06:55Z</time>
			</trkpt>
			<trkpt lat="45.333427" lon="-121.708778">
				<ele>1840.13208</ele>
				<time>2026-06-02T08:06:55Z</time>
			</trkpt>
			<trkpt lat="45.333469" lon="-121.708786">
				<ele>1843.619019</ele>
				<time>2026-06-02T08:07:02Z</time>
			</trkpt>
			<trkpt lat="45.333511" lon="-121.708809">
				<ele>1842.170532</ele>
				<time>2026-06-02T08:07:08Z</time>
			</trkpt>
			<trkpt lat="45.333557" lon="-121.708809">
				<ele>1842.933594</ele>
				<time>2026-06-02T08:07:15Z</time>
			</trkpt>
			<trkpt lat="45.333557" lon="-121.708809">
				<ele>1842.933594</ele>
				<time>2026-06-02T08:07:15Z</time>
			</trkpt>
			<trkpt lat="45.333595" lon="-121.708778">
				<ele>1845.596069</ele>
				<time>2026-06-02T08:07:22Z</time>
			</trkpt>
			<trkpt lat="45.333641" lon="-121.708763">
				<ele>1848.015137</ele>
				<time>2026-06-02T08:07:29Z</time>
			</trkpt>
			<trkpt lat="45.333683" lon="-121.708755">
				<ele>1847.461792</ele>
				<time>2026-06-02T08:07:36Z</time>
			</trkpt>
			<trkpt lat="45.333683" lon="-121.708755">
				<ele>1847.461792</ele>
				<time>2026-06-02T08:07:36Z</time>
			</trkpt>
			<trkpt lat="45.333725" lon="-121.708733">
				<ele>1847.723755</ele>
				<time>2026-06-02T08:07:44Z</time>
			</trkpt>
			<trkpt lat="45.333771" lon="-121.70871">
				<ele>1851.460693</ele>
				<time>2026-06-02T08:07:53Z</time>
			</trkpt>
			<trkpt lat="45.333817" lon="-121.70871">
				<ele>1851.112915</ele>
				<time>2026-06-02T08:08:01Z</time>
			</trkpt>
			<trkpt lat="45.333817" lon="-121.70871">
				<ele>1851.112915</ele>
				<time>2026-06-02T08:08:01Z</time>
			</trkpt>
			<trkpt lat="45.333866" lon="-121.708687">
				<ele>1855.441528</ele>
				<time>2026-06-02T08:08:09Z</time>
			</trkpt>
			<trkpt lat="45.3339" lon="-121.708649">
				<ele>1853.743164</ele>
				<time>2026-06-02T08:08:14Z</time>
			</trkpt>
			<trkpt lat="45.333942" lon="-121.708626">
				<ele>1854.537964</ele>
				<time>2026-06-02T08:08:20Z</time>
			</trkpt>
			<trkpt lat="45.333942" lon="-121.708626">
				<ele>1854.537964</ele>
				<time>2026-06-02T08:08:20Z</time>
			</trkpt>
			<trkpt lat="45.333984" lon="-121.70858">
				<ele>1852.881714</ele>
				<time>2026-06-02T08:08:25Z</time>
			</trkpt>
			<trkpt lat="45.334076" lon="-121.708565">
				<ele>1854.510132</ele>
				<time>2026-06-02T08:08:39Z</time>
			</trkpt>
			<trkpt lat="45.334076" lon="-121.708565">
				<ele>1854.510132</ele>
				<time>2026-06-02T08:08:39Z</time>
			</trkpt>
			<trkpt lat="45.334122" lon="-121.708572">
				<ele>1855.260498</ele>
				<time>2026-06-02T08:08:46Z</time>
			</trkpt>
			<trkpt lat="45.334164" lon="-121.708588">
				<ele>1855.78772</ele>
				<time>2026-06-02T08:08:53Z</time>
			</trkpt>
			<trkpt lat="45.334206" lon="-121.708557">
				<ele>1857.803589</ele>
				<time>2026-06-02T08:08:58Z</time>
			</trkpt>
			<trkpt lat="45.334206" lon="-121.708557">
				<ele>1857.803589</ele>
				<time>2026-06-02T08:08:58Z</time>
			</trkpt>
			<trkpt lat="45.334251" lon="-121.708549">
				<ele>1857.044312</ele>
				<time>2026-06-02T08:09:03Z</time>
			</trkpt>
			<trkpt lat="45.334297" lon="-121.708549">
				<ele>1857.04834</ele>
				<time>2026-06-02T08:09:07Z</time>
			</trkpt>
			<trkpt lat="45.334335" lon="-121.708511">
				<ele>1858.858643</ele>
				<time>2026-06-02T08:09:12Z</time>
			</trkpt>
			<trkpt lat="45.334385" lon="-121.708519">
				<ele>1856.646851</ele>
				<time>2026-06-02T08:09:17Z</time>
			</trkpt>
			<trkpt lat="45.334385" lon="-121.708519">
				<ele>1856.646851</ele>
				<time>2026-06-02T08:09:17Z</time>
			</trkpt>
			<trkpt lat="45.334431" lon="-121.708527">
				<ele>1857.147705</ele>
				<time>2026-06-02T08:09:22Z</time>
			</trkpt>
			<trkpt lat="45.334473" lon="-121.708527">
				<ele>1859.589111</ele>
				<time>2026-06-02T08:09:28Z</time>
			</trkpt>
			<trkpt lat="45.334515" lon="-121.708542">
				<ele>1861.447754</ele>
				<time>2026-06-02T08:09:35Z</time>
			</trkpt>
			<trkpt lat="45.334564" lon="-121.708542">
				<ele>1861.542358</ele>
				<time>2026-06-02T08:09:40Z</time>
			</trkpt>
			<trkpt lat="45.334564" lon="-121.708542">
				<ele>1861.542358</ele>
				<time>2026-06-02T08:09:40Z</time>
			</trkpt>
			<trkpt lat="45.33461" lon="-121.708534">
				<ele>1861.121216</ele>
				<time>2026-06-02T08:09:46Z</time>
			</trkpt>
			<trkpt lat="45.33466" lon="-121.708534">
				<ele>1861.254761</ele>
				<time>2026-06-02T08:09:51Z</time>
			</trkpt>
			<trkpt lat="45.334705" lon="-121.708527">
				<ele>1861.004517</ele>
				<time>2026-06-02T08:09:55Z</time>
			</trkpt>
			<trkpt lat="45.334759" lon="-121.708527">
				<ele>1862.502808</ele>
				<time>2026-06-02T08:10:00Z</time>
			</trkpt>
			<trkpt lat="45.334759" lon="-121.708527">
				<ele>1862.502808</ele>
				<time>2026-06-02T08:10:00Z</time>
			</trkpt>
			<trkpt lat="45.334805" lon="-121.708511">
				<ele>1864.205322</ele>
				<time>2026-06-02T08:10:07Z</time>
			</trkpt>
			<trkpt lat="45.33485" lon="-121.708542">
				<ele>1863.61731</ele>
				<time>2026-06-02T08:10:13Z</time>
			</trkpt>
			<trkpt lat="45.334896" lon="-121.708549">
				<ele>1865.447998</ele>
				<time>2026-06-02T08:10:19Z</time>
			</trkpt>
			<trkpt lat="45.334896" lon="-121.708549">
				<ele>1865.447998</ele>
				<time>2026-06-02T08:10:19Z</time>
			</trkpt>
			<trkpt lat="45.334946" lon="-121.708527">
				<ele>1864.796631</ele>
				<time>2026-06-02T08:10:25Z</time>
			</trkpt>
			<trkpt lat="45.334995" lon="-121.708527">
				<ele>1864.605957</ele>
				<time>2026-06-02T08:10:30Z</time>
			</trkpt>
			<trkpt lat="45.335041" lon="-121.708496">
				<ele>1864.689575</ele>
				<time>2026-06-02T08:10:35Z</time>
			</trkpt>
			<trkpt lat="45.335079" lon="-121.708466">
				<ele>1865.430542</ele>
				<time>2026-06-02T08:10:41Z</time>
			</trkpt>
			<trkpt lat="45.335079" lon="-121.708466">
				<ele>1865.430542</ele>
				<time>2026-06-02T08:10:41Z</time>
			</trkpt>
			<trkpt lat="45.335125" lon="-121.70845">
				<ele>1866.022217</ele>
				<time>2026-06-02T08:10:48Z</time>
			</trkpt>
			<trkpt lat="45.335175" lon="-121.70845">
				<ele>1867.514282</ele>
				<time>2026-06-02T08:10:54Z</time>
			</trkpt>
			<trkpt lat="45.335217" lon="-121.708443">
				<ele>1867.385742</ele>
				<time>2026-06-02T08:11:00Z</time>
			</trkpt>
			<trkpt lat="45.335217" lon="-121.708443">
				<ele>1867.385742</ele>
				<time>2026-06-02T08:11:00Z</time>
			</trkpt>
			<trkpt lat="45.335258" lon="-121.708427">
				<ele>1868.638794</ele>
				<time>2026-06-02T08:11:07Z</time>
			</trkpt>
			<trkpt lat="45.335346" lon="-121.708382">
				<ele>1872.160156</ele>
				<time>2026-06-02T08:11:20Z</time>
			</trkpt>
			<trkpt lat="45.335346" lon="-121.708382">
				<ele>1872.160156</ele>
				<time>2026-06-02T08:11:20Z</time>
			</trkpt>
			<trkpt lat="45.335388" lon="-121.708397">
				<ele>1872.058105</ele>
				<time>2026-06-02T08:11:25Z</time>
			</trkpt>
			<trkpt lat="45.335438" lon="-121.708397">
				<ele>1873.439453</ele>
				<time>2026-06-02T08:11:31Z</time>
			</trkpt>
			<trkpt lat="45.335484" lon="-121.708405">
				<ele>1874.886475</ele>
				<time>2026-06-02T08:11:37Z</time>
			</trkpt>
			<trkpt lat="45.335526" lon="-121.70842">
				<ele>1876.050537</ele>
				<time>2026-06-02T08:11:43Z</time>
			</trkpt>
			<trkpt lat="45.335526" lon="-121.70842">
				<ele>1876.050537</ele>
				<time>2026-06-02T08:11:43Z</time>
			</trkpt>
			<trkpt lat="45.335571" lon="-121.708412">
				<ele>1875.858032</ele>
				<time>2026-06-02T08:11:49Z</time>
			</trkpt>
			<trkpt lat="45.335606" lon="-121.708366">
				<ele>1877.052368</ele>
				<time>2026-06-02T08:11:54Z</time>
			</trkpt>
			<trkpt lat="45.335648" lon="-121.708351">
				<ele>1878.077393</ele>
				<time>2026-06-02T08:11:59Z</time>
			</trkpt>
			<trkpt lat="45.335686" lon="-121.708374">
				<ele>1877.938965</ele>
				<time>2026-06-02T08:12:03Z</time>
			</trkpt>
			<trkpt lat="45.335686" lon="-121.708374">
				<ele>1877.938965</ele>
				<time>2026-06-02T08:12:03Z</time>
			</trkpt>
			<trkpt lat="45.335728" lon="-121.708351">
				<ele>1878.81543</ele>
				<time>2026-06-02T08:12:09Z</time>
			</trkpt>
			<trkpt lat="45.335773" lon="-121.708351">
				<ele>1879.229492</ele>
				<time>2026-06-02T08:12:17Z</time>
			</trkpt>
			<trkpt lat="45.335815" lon="-121.708328">
				<ele>1879.983154</ele>
				<time>2026-06-02T08:12:24Z</time>
			</trkpt>
			<trkpt lat="45.335815" lon="-121.708328">
				<ele>1879.983154</ele>
				<time>2026-06-02T08:12:24Z</time>
			</trkpt>
			<trkpt lat="45.335846" lon="-121.708282">
				<ele>1881.545898</ele>
				<time>2026-06-02T08:12:29Z</time>
			</trkpt>
			<trkpt lat="45.335884" lon="-121.708313">
				<ele>1881.964722</ele>
				<time>2026-06-02T08:12:35Z</time>
			</trkpt>
			<trkpt lat="45.335926" lon="-121.708344">
				<ele>1883.119751</ele>
				<time>2026-06-02T08:12:41Z</time>
			</trkpt>
			<trkpt lat="45.335968" lon="-121.708366">
				<ele>1884.965088</ele>
				<time>2026-06-02T08:12:49Z</time>
			</trkpt>
			<trkpt lat="45.335968" lon="-121.708366">
				<ele>1884.965088</ele>
				<time>2026-06-02T08:12:49Z</time>
			</trkpt>
			<trkpt lat="45.336002" lon="-121.70842">
				<ele>1885.032104</ele>
				<time>2026-06-02T08:12:59Z</time>
			</trkpt>
			<trkpt lat="45.33604" lon="-121.708458">
				<ele>1886.875732</ele>
				<time>2026-06-02T08:13:10Z</time>
			</trkpt>
			<trkpt lat="45.33604" lon="-121.708458">
				<ele>1886.875732</ele>
				<time>2026-06-02T08:13:10Z</time>
			</trkpt>
			<trkpt lat="45.336071" lon="-121.708504">
				<ele>1890.353516</ele>
				<time>2026-06-02T08:13:20Z</time>
			</trkpt>
			<trkpt lat="45.33606" lon="-121.708565">
				<ele>1890.946411</ele>
				<time>2026-06-02T08:13:31Z</time>
			</trkpt>
			<trkpt lat="45.33606" lon="-121.708565">
				<ele>1890.946411</ele>
				<time>2026-06-02T08:13:31Z</time>
			</trkpt>
			<trkpt lat="45.336079" lon="-121.708618">
				<ele>1892.329346</ele>
				<time>2026-06-02T08:13:41Z</time>
			</trkpt>
			<trkpt lat="45.336109" lon="-121.708664">
				<ele>1893.062988</ele>
				<time>2026-06-02T08:13:51Z</time>
			</trkpt>
			<trkpt lat="45.336109" lon="-121.708664">
				<ele>1893.062988</ele>
				<time>2026-06-02T08:13:51Z</time>
			</trkpt>
			<trkpt lat="45.336155" lon="-121.708694">
				<ele>1897.298828</ele>
				<time>2026-06-02T08:14:06Z</time>
			</trkpt>
			<trkpt lat="45.336189" lon="-121.708733">
				<ele>1900.147705</ele>
				<time>2026-06-02T08:14:19Z</time>
			</trkpt>
			<trkpt lat="45.336189" lon="-121.708733">
				<ele>1900.147705</ele>
				<time>2026-06-02T08:14:19Z</time>
			</trkpt>
			<trkpt lat="45.336227" lon="-121.708763">
				<ele>1901.89917</ele>
				<time>2026-06-02T08:14:32Z</time>
			</trkpt>
			<trkpt lat="45.336239" lon="-121.708824">
				<ele>1903.572144</ele>
				<time>2026-06-02T08:14:45Z</time>
			</trkpt>
			<trkpt lat="45.336239" lon="-121.708824">
				<ele>1903.572144</ele>
				<time>2026-06-02T08:14:45Z</time>
			</trkpt>
			<trkpt lat="45.336277" lon="-121.708862">
				<ele>1906.002686</ele>
				<time>2026-06-02T08:14:59Z</time>
			</trkpt>
			<trkpt lat="45.336315" lon="-121.708893">
				<ele>1907.712402</ele>
				<time>2026-06-02T08:15:14Z</time>
			</trkpt>
			<trkpt lat="45.336315" lon="-121.708893">
				<ele>1907.712402</ele>
				<time>2026-06-02T08:15:14Z</time>
			</trkpt>
			<trkpt lat="45.336323" lon="-121.708954">
				<ele>1909.32019</ele>
				<time>2026-06-02T08:15:26Z</time>
			</trkpt>
			<trkpt lat="45.336357" lon="-121.708992">
				<ele>1910.66748</ele>
				<time>2026-06-02T08:15:40Z</time>
			</trkpt>
			<trkpt lat="45.336357" lon="-121.708992">
				<ele>1910.66748</ele>
				<time>2026-06-02T08:15:40Z</time>
			</trkpt>
			<trkpt lat="45.336407" lon="-121.709007">
				<ele>1914.372559</ele>
				<time>2026-06-02T08:15:57Z</time>
			</trkpt>
			<trkpt lat="45.336445" lon="-121.708984">
				<ele>1914.199585</ele>
				<time>2026-06-02T08:16:07Z</time>
			</trkpt>
			<trkpt lat="45.336445" lon="-121.708984">
				<ele>1914.199585</ele>
				<time>2026-06-02T08:16:07Z</time>
			</trkpt>
			<trkpt lat="45.336491" lon="-121.708969">
				<ele>1914.703003</ele>
				<time>2026-06-02T08:16:16Z</time>
			</trkpt>
			<trkpt lat="45.336533" lon="-121.708969">
				<ele>1915.962036</ele>
				<time>2026-06-02T08:16:24Z</time>
			</trkpt>
			<trkpt lat="45.336552" lon="-121.708916">
				<ele>1915.237427</ele>
				<time>2026-06-02T08:16:31Z</time>
			</trkpt>
			<trkpt lat="45.336552" lon="-121.708916">
				<ele>1915.237427</ele>
				<time>2026-06-02T08:16:31Z</time>
			</trkpt>
			<trkpt lat="45.336586" lon="-121.708878">
				<ele>1915.973389</ele>
				<time>2026-06-02T08:16:41Z</time>
			</trkpt>
			<trkpt lat="45.336624" lon="-121.708847">
				<ele>1915.661743</ele>
				<time>2026-06-02T08:16:50Z</time>
			</trkpt>
			<trkpt lat="45.336624" lon="-121.708847">
				<ele>1915.661743</ele>
				<time>2026-06-02T08:16:50Z</time>
			</trkpt>
			<trkpt lat="45.336697" lon="-121.708771">
				<ele>1917.809448</ele>
				<time>2026-06-02T08:17:06Z</time>
			</trkpt>
			<trkpt lat="45.336739" lon="-121.708748">
				<ele>1917.344116</ele>
				<time>2026-06-02T08:17:15Z</time>
			</trkpt>
			<trkpt lat="45.336739" lon="-121.708748">
				<ele>1917.344116</ele>
				<time>2026-06-02T08:17:15Z</time>
			</trkpt>
			<trkpt lat="45.336773" lon="-121.70871">
				<ele>1919.468262</ele>
				<time>2026-06-02T08:17:24Z</time>
			</trkpt>
			<trkpt lat="45.336811" lon="-121.708679">
				<ele>1919.876343</ele>
				<time>2026-06-02T08:17:32Z</time>
			</trkpt>
			<trkpt lat="45.336857" lon="-121.708664">
				<ele>1920.995239</ele>
				<time>2026-06-02T08:17:41Z</time>
			</trkpt>
			<trkpt lat="45.336857" lon="-121.708664">
				<ele>1920.995239</ele>
				<time>2026-06-02T08:17:41Z</time>
			</trkpt>
			<trkpt lat="45.336887" lon="-121.708618">
				<ele>1923.338135</ele>
				<time>2026-06-02T08:17:53Z</time>
			</trkpt>
			<trkpt lat="45.336933" lon="-121.708618">
				<ele>1925.092163</ele>
				<time>2026-06-02T08:18:05Z</time>
			</trkpt>
			<trkpt lat="45.336933" lon="-121.708618">
				<ele>1925.092163</ele>
				<time>2026-06-02T08:18:05Z</time>
			</trkpt>
			<trkpt lat="45.336975" lon="-121.708611">
				<ele>1926.831909</ele>
				<time>2026-06-02T08:18:16Z</time>
			</trkpt>
			<trkpt lat="45.337021" lon="-121.708603">
				<ele>1928.243408</ele>
				<time>2026-06-02T08:18:25Z</time>
			</trkpt>
			<trkpt lat="45.337021" lon="-121.708603">
				<ele>1928.243408</ele>
				<time>2026-06-02T08:18:25Z</time>
			</trkpt>
			<trkpt lat="45.337059" lon="-121.708572">
				<ele>1926.950806</ele>
				<time>2026-06-02T08:18:36Z</time>
			</trkpt>
			<trkpt lat="45.337097" lon="-121.708534">
				<ele>1927.131958</ele>
				<time>2026-06-02T08:18:42Z</time>
			</trkpt>
			<trkpt lat="45.337135" lon="-121.708504">
				<ele>1926.789917</ele>
				<time>2026-06-02T08:18:49Z</time>
			</trkpt>
			<trkpt lat="45.337135" lon="-121.708504">
				<ele>1926.789917</ele>
				<time>2026-06-02T08:18:49Z</time>
			</trkpt>
			<trkpt lat="45.337177" lon="-121.708496">
				<ele>1927.645752</ele>
				<time>2026-06-02T08:18:58Z</time>
			</trkpt>
			<trkpt lat="45.337212" lon="-121.708443">
				<ele>1927.144043</ele>
				<time>2026-06-02T08:19:13Z</time>
			</trkpt>
			<trkpt lat="45.337212" lon="-121.708443">
				<ele>1927.144043</ele>
				<time>2026-06-02T08:19:13Z</time>
			</trkpt>
			<trkpt lat="45.337246" lon="-121.708405">
				<ele>1928.541626</ele>
				<time>2026-06-02T08:19:18Z</time>
			</trkpt>
			<trkpt lat="45.337288" lon="-121.708382">
				<ele>1929.058716</ele>
				<time>2026-06-02T08:19:26Z</time>
			</trkpt>
			<trkpt lat="45.337326" lon="-121.708344">
				<ele>1930.085815</ele>
				<time>2026-06-02T08:19:33Z</time>
			</trkpt>
			<trkpt lat="45.337326" lon="-121.708344">
				<ele>1930.085815</ele>
				<time>2026-06-02T08:19:33Z</time>
			</trkpt>
			<trkpt lat="45.33736" lon="-121.708305">
				<ele>1931.533203</ele>
				<time>2026-06-02T08:19:42Z</time>
			</trkpt>
			<trkpt lat="45.337406" lon="-121.708275">
				<ele>1932.257568</ele>
				<time>2026-06-02T08:19:51Z</time>
			</trkpt>
			<trkpt lat="45.337448" lon="-121.70826">
				<ele>1932.721069</ele>
				<time>2026-06-02T08:19:59Z</time>
			</trkpt>
			<trkpt lat="45.337448" lon="-121.70826">
				<ele>1932.721069</ele>
				<time>2026-06-02T08:19:59Z</time>
			</trkpt>
			<trkpt lat="45.33749" lon="-121.708237">
				<ele>1933.74707</ele>
				<time>2026-06-02T08:20:07Z</time>
			</trkpt>
			<trkpt lat="45.337578" lon="-121.708214">
				<ele>1934.65918</ele>
				<time>2026-06-02T08:20:25Z</time>
			</trkpt>
			<trkpt lat="45.337578" lon="-121.708214">
				<ele>1934.65918</ele>
				<time>2026-06-02T08:20:25Z</time>
			</trkpt>
			<trkpt lat="45.337616" lon="-121.708183">
				<ele>1935.490479</ele>
				<time>2026-06-02T08:20:35Z</time>
			</trkpt>
			<trkpt lat="45.337654" lon="-121.708145">
				<ele>1937.360229</ele>
				<time>2026-06-02T08:20:46Z</time>
			</trkpt>
			<trkpt lat="45.337654" lon="-121.708145">
				<ele>1937.360229</ele>
				<time>2026-06-02T08:20:46Z</time>
			</trkpt>
			<trkpt lat="45.337692" lon="-121.708107">
				<ele>1938.46106</ele>
				<time>2026-06-02T08:21:00Z</time>
			</trkpt>
			<trkpt lat="45.337738" lon="-121.708084">
				<ele>1939.255981</ele>
				<time>2026-06-02T08:21:10Z</time>
			</trkpt>
			<trkpt lat="45.337738" lon="-121.708084">
				<ele>1939.255981</ele>
				<time>2026-06-02T08:21:10Z</time>
			</trkpt>
			<trkpt lat="45.337784" lon="-121.708076">
				<ele>1940.515381</ele>
				<time>2026-06-02T08:21:20Z</time>
			</trkpt>
			<trkpt lat="45.337826" lon="-121.708069">
				<ele>1941.181396</ele>
				<time>2026-06-02T08:21:30Z</time>
			</trkpt>
			<trkpt lat="45.337826" lon="-121.708069">
				<ele>1941.181396</ele>
				<time>2026-06-02T08:21:30Z</time>
			</trkpt>
			<trkpt lat="45.337872" lon="-121.708054">
				<ele>1942.351929</ele>
				<time>2026-06-02T08:21:41Z</time>
			</trkpt>
			<trkpt lat="45.337917" lon="-121.708054">
				<ele>1943.144531</ele>
				<time>2026-06-02T08:21:50Z</time>
			</trkpt>
			<trkpt lat="45.337917" lon="-121.708054">
				<ele>1943.144531</ele>
				<time>2026-06-02T08:21:50Z</time>
			</trkpt>
			<trkpt lat="45.337959" lon="-121.708031">
				<ele>1944.79834</ele>
				<time>2026-06-02T08:22:00Z</time>
			</trkpt>
			<trkpt lat="45.338001" lon="-121.708008">
				<ele>1945.6875</ele>
				<time>2026-06-02T08:22:10Z</time>
			</trkpt>
			<trkpt lat="45.338001" lon="-121.708008">
				<ele>1945.6875</ele>
				<time>2026-06-02T08:22:10Z</time>
			</trkpt>
			<trkpt lat="45.338043" lon="-121.707993">
				<ele>1946.725952</ele>
				<time>2026-06-02T08:22:20Z</time>
			</trkpt>
			<trkpt lat="45.338089" lon="-121.708">
				<ele>1946.665649</ele>
				<time>2026-06-02T08:22:30Z</time>
			</trkpt>
			<trkpt lat="45.338089" lon="-121.708">
				<ele>1946.665649</ele>
				<time>2026-06-02T08:22:30Z</time>
			</trkpt>
			<trkpt lat="45.338127" lon="-121.70797">
				<ele>1949.369873</ele>
				<time>2026-06-02T08:22:40Z</time>
			</trkpt>
			<trkpt lat="45.338173" lon="-121.707962">
				<ele>1950.713379</ele>
				<time>2026-06-02T08:22:51Z</time>
			</trkpt>
			<trkpt lat="45.338173" lon="-121.707962">
				<ele>1950.713379</ele>
				<time>2026-06-02T08:22:51Z</time>
			</trkpt>
			<trkpt lat="45.338219" lon="-121.707962">
				<ele>1951.587158</ele>
				<time>2026-06-02T08:23:03Z</time>
			</trkpt>
			<trkpt lat="45.338261" lon="-121.707932">
				<ele>1953.856567</ele>
				<time>2026-06-02T08:23:14Z</time>
			</trkpt>
			<trkpt lat="45.338261" lon="-121.707932">
				<ele>1953.856567</ele>
				<time>2026-06-02T08:23:14Z</time>
			</trkpt>
			<trkpt lat="45.338306" lon="-121.707924">
				<ele>1954.667969</ele>
				<time>2026-06-02T08:23:24Z</time>
			</trkpt>
			<trkpt lat="45.338348" lon="-121.707924">
				<ele>1955.635376</ele>
				<time>2026-06-02T08:23:34Z</time>
			</trkpt>
			<trkpt lat="45.338348" lon="-121.707924">
				<ele>1955.635376</ele>
				<time>2026-06-02T08:23:34Z</time>
			</trkpt>
			<trkpt lat="45.338394" lon="-121.707909">
				<ele>1956.489502</ele>
				<time>2026-06-02T08:23:44Z</time>
			</trkpt>
			<trkpt lat="45.338436" lon="-121.707886">
				<ele>1960.230835</ele>
				<time>2026-06-02T08:23:57Z</time>
			</trkpt>
			<trkpt lat="45.338436" lon="-121.707886">
				<ele>1960.230835</ele>
				<time>2026-06-02T08:23:57Z</time>
			</trkpt>
			<trkpt lat="45.338478" lon="-121.707878">
				<ele>1961.956665</ele>
				<time>2026-06-02T08:24:08Z</time>
			</trkpt>
			<trkpt lat="45.338524" lon="-121.707878">
				<ele>1962.798584</ele>
				<time>2026-06-02T08:24:19Z</time>
			</trkpt>
			<trkpt lat="45.338524" lon="-121.707878">
				<ele>1962.798584</ele>
				<time>2026-06-02T08:24:19Z</time>
			</trkpt>
			<trkpt lat="45.33857" lon="-121.707886">
				<ele>1962.31189</ele>
				<time>2026-06-02T08:24:31Z</time>
			</trkpt>
			<trkpt lat="45.338619" lon="-121.707893">
				<ele>1962.579224</ele>
				<time>2026-06-02T08:24:40Z</time>
			</trkpt>
			<trkpt lat="45.338619" lon="-121.707893">
				<ele>1962.579224</ele>
				<time>2026-06-02T08:24:40Z</time>
			</trkpt>
			<trkpt lat="45.338661" lon="-121.707878">
				<ele>1964.272949</ele>
				<time>2026-06-02T08:24:50Z</time>
			</trkpt>
			<trkpt lat="45.338707" lon="-121.707878">
				<ele>1965.273438</ele>
				<time>2026-06-02T08:25:00Z</time>
			</trkpt>
			<trkpt lat="45.338707" lon="-121.707878">
				<ele>1965.273438</ele>
				<time>2026-06-02T08:25:00Z</time>
			</trkpt>
			<trkpt lat="45.338749" lon="-121.707893">
				<ele>1964.905029</ele>
				<time>2026-06-02T08:25:11Z</time>
			</trkpt>
			<trkpt lat="45.338795" lon="-121.707909">
				<ele>1965.353271</ele>
				<time>2026-06-02T08:25:22Z</time>
			</trkpt>
			<trkpt lat="45.338795" lon="-121.707909">
				<ele>1965.353271</ele>
				<time>2026-06-02T08:25:22Z</time>
			</trkpt>
			<trkpt lat="45.338837" lon="-121.707924">
				<ele>1965.686523</ele>
				<time>2026-06-02T08:25:33Z</time>
			</trkpt>
			<trkpt lat="45.338882" lon="-121.707924">
				<ele>1966.504272</ele>
				<time>2026-06-02T08:25:42Z</time>
			</trkpt>
			<trkpt lat="45.338882" lon="-121.707924">
				<ele>1966.504272</ele>
				<time>2026-06-02T08:25:42Z</time>
			</trkpt>
			<trkpt lat="45.338924" lon="-121.707947">
				<ele>1966.558228</ele>
				<time>2026-06-02T08:25:51Z</time>
			</trkpt>
			<trkpt lat="45.33897" lon="-121.707954">
				<ele>1967.202393</ele>
				<time>2026-06-02T08:26:01Z</time>
			</trkpt>
			<trkpt lat="45.33897" lon="-121.707954">
				<ele>1967.202393</ele>
				<time>2026-06-02T08:26:01Z</time>
			</trkpt>
			<trkpt lat="45.339016" lon="-121.70797">
				<ele>1969.016113</ele>
				<time>2026-06-02T08:26:10Z</time>
			</trkpt>
			<trkpt lat="45.339066" lon="-121.707977">
				<ele>1971.226807</ele>
				<time>2026-06-02T08:26:20Z</time>
			</trkpt>
			<trkpt lat="45.339066" lon="-121.707977">
				<ele>1971.226807</ele>
				<time>2026-06-02T08:26:20Z</time>
			</trkpt>
			<trkpt lat="45.339115" lon="-121.707985">
				<ele>1972.23291</ele>
				<time>2026-06-02T08:26:29Z</time>
			</trkpt>
			<trkpt lat="45.339161" lon="-121.70797">
				<ele>1972.407715</ele>
				<time>2026-06-02T08:26:37Z</time>
			</trkpt>
			<trkpt lat="45.339203" lon="-121.707977">
				<ele>1973.534302</ele>
				<time>2026-06-02T08:26:47Z</time>
			</trkpt>
			<trkpt lat="45.339203" lon="-121.707977">
				<ele>1973.534302</ele>
				<time>2026-06-02T08:26:47Z</time>
			</trkpt>
			<trkpt lat="45.339245" lon="-121.70797">
				<ele>1974.372437</ele>
				<time>2026-06-02T08:26:58Z</time>
			</trkpt>
			<trkpt lat="45.339287" lon="-121.707985">
				<ele>1975.753662</ele>
				<time>2026-06-02T08:27:09Z</time>
			</trkpt>
			<trkpt lat="45.339287" lon="-121.707985">
				<ele>1975.753662</ele>
				<time>2026-06-02T08:27:09Z</time>
			</trkpt>
			<trkpt lat="45.339329" lon="-121.707985">
				<ele>1975.674561</ele>
				<time>2026-06-02T08:27:18Z</time>
			</trkpt>
			<trkpt lat="45.339375" lon="-121.707985">
				<ele>1977.03064</ele>
				<time>2026-06-02T08:27:28Z</time>
			</trkpt>
			<trkpt lat="45.339375" lon="-121.707985">
				<ele>1977.03064</ele>
				<time>2026-06-02T08:27:28Z</time>
			</trkpt>
			<trkpt lat="45.33947" lon="-121.708">
				<ele>1980.594849</ele>
				<time>2026-06-02T08:27:53Z</time>
			</trkpt>
			<trkpt lat="45.33947" lon="-121.708">
				<ele>1980.594849</ele>
				<time>2026-06-02T08:27:53Z</time>
			</trkpt>
			<trkpt lat="45.339516" lon="-121.708015">
				<ele>1981.947144</ele>
				<time>2026-06-02T08:28:06Z</time>
			</trkpt>
			<trkpt lat="45.339558" lon="-121.708038">
				<ele>1983.825684</ele>
				<time>2026-06-02T08:28:21Z</time>
			</trkpt>
			<trkpt lat="45.339558" lon="-121.708038">
				<ele>1983.825684</ele>
				<time>2026-06-02T08:28:21Z</time>
			</trkpt>
			<trkpt lat="45.339603" lon="-121.708046">
				<ele>1984.945435</ele>
				<time>2026-06-02T08:28:32Z</time>
			</trkpt>
			<trkpt lat="45.339645" lon="-121.708069">
				<ele>1984.922607</ele>
				<time>2026-06-02T08:28:41Z</time>
			</trkpt>
			<trkpt lat="45.339645" lon="-121.708069">
				<ele>1984.922607</ele>
				<time>2026-06-02T08:28:41Z</time>
			</trkpt>
			<trkpt lat="45.339687" lon="-121.708069">
				<ele>1985.69458</ele>
				<time>2026-06-02T08:28:49Z</time>
			</trkpt>
			<trkpt lat="45.339733" lon="-121.708092">
				<ele>1987.609131</ele>
				<time>2026-06-02T08:28:58Z</time>
			</trkpt>
			<trkpt lat="45.339775" lon="-121.708107">
				<ele>1987.883545</ele>
				<time>2026-06-02T08:29:06Z</time>
			</trkpt>
			<trkpt lat="45.339775" lon="-121.708107">
				<ele>1987.883545</ele>
				<time>2026-06-02T08:29:06Z</time>
			</trkpt>
			<trkpt lat="45.339813" lon="-121.70813">
				<ele>1989.859131</ele>
				<time>2026-06-02T08:29:14Z</time>
			</trkpt>
			<trkpt lat="45.339859" lon="-121.708153">
				<ele>1990.564575</ele>
				<time>2026-06-02T08:29:23Z</time>
			</trkpt>
			<trkpt lat="45.339901" lon="-121.708168">
				<ele>1992.27771</ele>
				<time>2026-06-02T08:29:33Z</time>
			</trkpt>
			<trkpt lat="45.339901" lon="-121.708168">
				<ele>1992.27771</ele>
				<time>2026-06-02T08:29:33Z</time>
			</trkpt>
			<trkpt lat="45.339947" lon="-121.708183">
				<ele>1992.175293</ele>
				<time>2026-06-02T08:29:41Z</time>
			</trkpt>
			<trkpt lat="45.339989" lon="-121.708206">
				<ele>1994.740234</ele>
				<time>2026-06-02T08:29:52Z</time>
			</trkpt>
			<trkpt lat="45.339989" lon="-121.708206">
				<ele>1994.740234</ele>
				<time>2026-06-02T08:29:52Z</time>
			</trkpt>
			<trkpt lat="45.340027" lon="-121.708244">
				<ele>1996.069458</ele>
				<time>2026-06-02T08:30:04Z</time>
			</trkpt>
			<trkpt lat="45.340073" lon="-121.708267">
				<ele>1996.5271</ele>
				<time>2026-06-02T08:30:17Z</time>
			</trkpt>
			<trkpt lat="45.340073" lon="-121.708267">
				<ele>1996.5271</ele>
				<time>2026-06-02T08:30:17Z</time>
			</trkpt>
			<trkpt lat="45.340118" lon="-121.708267">
				<ele>1997.508789</ele>
				<time>2026-06-02T08:30:27Z</time>
			</trkpt>
			<trkpt lat="45.34016" lon="-121.708275">
				<ele>1997.906738</ele>
				<time>2026-06-02T08:30:36Z</time>
			</trkpt>
			<trkpt lat="45.34016" lon="-121.708275">
				<ele>1997.906738</ele>
				<time>2026-06-02T08:30:36Z</time>
			</trkpt>
			<trkpt lat="45.340206" lon="-121.708267">
				<ele>1999.074951</ele>
				<time>2026-06-02T08:30:45Z</time>
			</trkpt>
			<trkpt lat="45.340248" lon="-121.708237">
				<ele>2000.01709</ele>
				<time>2026-06-02T08:30:54Z</time>
			</trkpt>
			<trkpt lat="45.340294" lon="-121.708252">
				<ele>2001.042603</ele>
				<time>2026-06-02T08:31:04Z</time>
			</trkpt>
			<trkpt lat="45.340294" lon="-121.708252">
				<ele>2001.042603</ele>
				<time>2026-06-02T08:31:04Z</time>
			</trkpt>
			<trkpt lat="45.340336" lon="-121.708229">
				<ele>2002.342651</ele>
				<time>2026-06-02T08:31:13Z</time>
			</trkpt>
			<trkpt lat="45.340378" lon="-121.708214">
				<ele>2003.710693</ele>
				<time>2026-06-02T08:31:25Z</time>
			</trkpt>
			<trkpt lat="45.340378" lon="-121.708214">
				<ele>2003.710693</ele>
				<time>2026-06-02T08:31:25Z</time>
			</trkpt>
			<trkpt lat="45.34042" lon="-121.708206">
				<ele>2005.266235</ele>
				<time>2026-06-02T08:31:35Z</time>
			</trkpt>
			<trkpt lat="45.340462" lon="-121.708191">
				<ele>2006.03894</ele>
				<time>2026-06-02T08:31:46Z</time>
			</trkpt>
			<trkpt lat="45.340462" lon="-121.708191">
				<ele>2006.03894</ele>
				<time>2026-06-02T08:31:46Z</time>
			</trkpt>
			<trkpt lat="45.340508" lon="-121.708176">
				<ele>2006.861816</ele>
				<time>2026-06-02T08:31:57Z</time>
			</trkpt>
			<trkpt lat="45.340553" lon="-121.70816">
				<ele>2006.984985</ele>
				<time>2026-06-02T08:32:10Z</time>
			</trkpt>
			<trkpt lat="45.340553" lon="-121.70816">
				<ele>2006.984985</ele>
				<time>2026-06-02T08:32:10Z</time>
			</trkpt>
			<trkpt lat="45.340588" lon="-121.708122">
				<ele>2008.431763</ele>
				<time>2026-06-02T08:32:20Z</time>
			</trkpt>
			<trkpt lat="45.34063" lon="-121.708107">
				<ele>2009.057739</ele>
				<time>2026-06-02T08:32:30Z</time>
			</trkpt>
			<trkpt lat="45.34063" lon="-121.708107">
				<ele>2009.057739</ele>
				<time>2026-06-02T08:32:30Z</time>
			</trkpt>
			<trkpt lat="45.340672" lon="-121.708084">
				<ele>2010.791382</ele>
				<time>2026-06-02T08:32:41Z</time>
			</trkpt>
			<trkpt lat="45.340717" lon="-121.708076">
				<ele>2011.058716</ele>
				<time>2026-06-02T08:32:53Z</time>
			</trkpt>
			<trkpt lat="45.340717" lon="-121.708076">
				<ele>2011.058716</ele>
				<time>2026-06-02T08:32:53Z</time>
			</trkpt>
			<trkpt lat="45.340759" lon="-121.708054">
				<ele>2013.03064</ele>
				<time>2026-06-02T08:33:06Z</time>
			</trkpt>
			<trkpt lat="45.340805" lon="-121.708031">
				<ele>2013.184204</ele>
				<time>2026-06-02T08:33:17Z</time>
			</trkpt>
			<trkpt lat="45.340805" lon="-121.708031">
				<ele>2013.184204</ele>
				<time>2026-06-02T08:33:17Z</time>
			</trkpt>
			<trkpt lat="45.340851" lon="-121.708015">
				<ele>2013.458008</ele>
				<time>2026-06-02T08:33:27Z</time>
			</trkpt>
			<trkpt lat="45.340897" lon="-121.707993">
				<ele>2015.124023</ele>
				<time>2026-06-02T08:33:39Z</time>
			</trkpt>
			<trkpt lat="45.340897" lon="-121.707993">
				<ele>2015.124023</ele>
				<time>2026-06-02T08:33:39Z</time>
			</trkpt>
			<trkpt lat="45.340935" lon="-121.707962">
				<ele>2016.431519</ele>
				<time>2026-06-02T08:33:51Z</time>
			</trkpt>
			<trkpt lat="45.340977" lon="-121.707947">
				<ele>2016.868652</ele>
				<time>2026-06-02T08:34:01Z</time>
			</trkpt>
			<trkpt lat="45.340977" lon="-121.707947">
				<ele>2016.868652</ele>
				<time>2026-06-02T08:34:01Z</time>
			</trkpt>
			<trkpt lat="45.341011" lon="-121.707909">
				<ele>2018.623657</ele>
				<time>2026-06-02T08:34:13Z</time>
			</trkpt>
			<trkpt lat="45.341057" lon="-121.707893">
				<ele>2019.963379</ele>
				<time>2026-06-02T08:34:26Z</time>
			</trkpt>
			<trkpt lat="45.341057" lon="-121.707893">
				<ele>2019.963379</ele>
				<time>2026-06-02T08:34:26Z</time>
			</trkpt>
			<trkpt lat="45.341133" lon="-121.707817">
				<ele>2024.341309</ele>
				<time>2026-06-02T08:34:51Z</time>
			</trkpt>
			<trkpt lat="45.341133" lon="-121.707817">
				<ele>2024.341309</ele>
				<time>2026-06-02T08:34:51Z</time>
			</trkpt>
			<trkpt lat="45.341175" lon="-121.707809">
				<ele>2024.235352</ele>
				<time>2026-06-02T08:35:02Z</time>
			</trkpt>
			<trkpt lat="45.341221" lon="-121.707794">
				<ele>2024.48645</ele>
				<time>2026-06-02T08:35:12Z</time>
			</trkpt>
			<trkpt lat="45.341221" lon="-121.707794">
				<ele>2024.48645</ele>
				<time>2026-06-02T08:35:12Z</time>
			</trkpt>
			<trkpt lat="45.341263" lon="-121.707787">
				<ele>2025.700928</ele>
				<time>2026-06-02T08:35:25Z</time>
			</trkpt>
			<trkpt lat="45.341309" lon="-121.707771">
				<ele>2027.617676</ele>
				<time>2026-06-02T08:35:36Z</time>
			</trkpt>
			<trkpt lat="45.341309" lon="-121.707771">
				<ele>2027.617676</ele>
				<time>2026-06-02T08:35:36Z</time>
			</trkpt>
			<trkpt lat="45.341351" lon="-121.707756">
				<ele>2028.69873</ele>
				<time>2026-06-02T08:35:46Z</time>
			</trkpt>
			<trkpt lat="45.341396" lon="-121.707748">
				<ele>2029.165771</ele>
				<time>2026-06-02T08:35:58Z</time>
			</trkpt>
			<trkpt lat="45.341396" lon="-121.707748">
				<ele>2029.165771</ele>
				<time>2026-06-02T08:35:58Z</time>
			</trkpt>
			<trkpt lat="45.341442" lon="-121.707741">
				<ele>2030.3125</ele>
				<time>2026-06-02T08:36:08Z</time>
			</trkpt>
			<trkpt lat="45.341484" lon="-121.707741">
				<ele>2031.666138</ele>
				<time>2026-06-02T08:36:19Z</time>
			</trkpt>
			<trkpt lat="45.341484" lon="-121.707741">
				<ele>2031.666138</ele>
				<time>2026-06-02T08:36:19Z</time>
			</trkpt>
			<trkpt lat="45.34153" lon="-121.707733">
				<ele>2032.560669</ele>
				<time>2026-06-02T08:36:30Z</time>
			</trkpt>
			<trkpt lat="45.341579" lon="-121.707741">
				<ele>2034.043335</ele>
				<time>2026-06-02T08:36:42Z</time>
			</trkpt>
			<trkpt lat="45.341579" lon="-121.707741">
				<ele>2034.043335</ele>
				<time>2026-06-02T08:36:42Z</time>
			</trkpt>
			<trkpt lat="45.341621" lon="-121.707756">
				<ele>2034.254639</ele>
				<time>2026-06-02T08:36:54Z</time>
			</trkpt>
			<trkpt lat="45.341663" lon="-121.707779">
				<ele>2036.646973</ele>
				<time>2026-06-02T08:37:06Z</time>
			</trkpt>
			<trkpt lat="45.341663" lon="-121.707779">
				<ele>2036.646973</ele>
				<time>2026-06-02T08:37:06Z</time>
			</trkpt>
			<trkpt lat="45.341709" lon="-121.707771">
				<ele>2038.483154</ele>
				<time>2026-06-02T08:37:19Z</time>
			</trkpt>
			<trkpt lat="45.341755" lon="-121.707764">
				<ele>2039.122437</ele>
				<time>2026-06-02T08:37:30Z</time>
			</trkpt>
			<trkpt lat="45.341755" lon="-121.707764">
				<ele>2039.122437</ele>
				<time>2026-06-02T08:37:30Z</time>
			</trkpt>
			<trkpt lat="45.341797" lon="-121.707756">
				<ele>2040.462891</ele>
				<time>2026-06-02T08:37:42Z</time>
			</trkpt>
			<trkpt lat="45.341839" lon="-121.707779">
				<ele>2041.292236</ele>
				<time>2026-06-02T08:37:52Z</time>
			</trkpt>
			<trkpt lat="45.341839" lon="-121.707779">
				<ele>2041.292236</ele>
				<time>2026-06-02T08:37:52Z</time>
			</trkpt>
			<trkpt lat="45.341881" lon="-121.707787">
				<ele>2041.403931</ele>
				<time>2026-06-02T08:38:02Z</time>
			</trkpt>
			<trkpt lat="45.341923" lon="-121.707771">
				<ele>2043.623901</ele>
				<time>2026-06-02T08:38:16Z</time>
			</trkpt>
			<trkpt lat="45.341923" lon="-121.707771">
				<ele>2043.623901</ele>
				<time>2026-06-02T08:38:16Z</time>
			</trkpt>
			<trkpt lat="45.341965" lon="-121.707779">
				<ele>2045.523926</ele>
				<time>2026-06-02T08:38:29Z</time>
			</trkpt>
			<trkpt lat="45.342007" lon="-121.707802">
				<ele>2046.960449</ele>
				<time>2026-06-02T08:38:42Z</time>
			</trkpt>
			<trkpt lat="45.342007" lon="-121.707802">
				<ele>2046.960449</ele>
				<time>2026-06-02T08:38:42Z</time>
			</trkpt>
			<trkpt lat="45.342041" lon="-121.70784">
				<ele>2047.942383</ele>
				<time>2026-06-02T08:38:53Z</time>
			</trkpt>
			<trkpt lat="45.342083" lon="-121.707863">
				<ele>2048.925293</ele>
				<time>2026-06-02T08:39:03Z</time>
			</trkpt>
			<trkpt lat="45.342083" lon="-121.707863">
				<ele>2048.925293</ele>
				<time>2026-06-02T08:39:03Z</time>
			</trkpt>
			<trkpt lat="45.342117" lon="-121.707825">
				<ele>2050.72876</ele>
				<time>2026-06-02T08:39:20Z</time>
			</trkpt>
			<trkpt lat="45.342144" lon="-121.707771">
				<ele>2051.385254</ele>
				<time>2026-06-02T08:39:28Z</time>
			</trkpt>
			<trkpt lat="45.342144" lon="-121.707771">
				<ele>2051.385254</ele>
				<time>2026-06-02T08:39:28Z</time>
			</trkpt>
			<trkpt lat="45.342171" lon="-121.707726">
				<ele>2051.540527</ele>
				<time>2026-06-02T08:39:36Z</time>
			</trkpt>
			<trkpt lat="45.342194" lon="-121.707672">
				<ele>2052.6875</ele>
				<time>2026-06-02T08:39:43Z</time>
			</trkpt>
			<trkpt lat="45.342236" lon="-121.707649">
				<ele>2053.874756</ele>
				<time>2026-06-02T08:43:40Z</time>
			</trkpt>
			<trkpt lat="45.342236" lon="-121.707649">
				<ele>2053.874756</ele>
				<time>2026-06-02T08:43:40Z</time>
			</trkpt>
			<trkpt lat="45.342274" lon="-121.707619">
				<ele>2055.556885</ele>
				<time>2026-06-02T08:43:50Z</time>
			</trkpt>
			<trkpt lat="45.342316" lon="-121.707611">
				<ele>2056.879639</ele>
				<time>2026-06-02T08:44:00Z</time>
			</trkpt>
			<trkpt lat="45.342316" lon="-121.707611">
				<ele>2056.879639</ele>
				<time>2026-06-02T08:44:00Z</time>
			</trkpt>
			<trkpt lat="45.342358" lon="-121.707588">
				<ele>2058.93457</ele>
				<time>2026-06-02T08:44:11Z</time>
			</trkpt>
			<trkpt lat="45.3424" lon="-121.707573">
				<ele>2059.833984</ele>
				<time>2026-06-02T08:44:24Z</time>
			</trkpt>
			<trkpt lat="45.3424" lon="-121.707573">
				<ele>2059.833984</ele>
				<time>2026-06-02T08:44:24Z</time>
			</trkpt>
			<trkpt lat="45.342442" lon="-121.707565">
				<ele>2061.197021</ele>
				<time>2026-06-02T08:44:35Z</time>
			</trkpt>
			<trkpt lat="45.342487" lon="-121.707542">
				<ele>2062.161621</ele>
				<time>2026-06-02T08:44:49Z</time>
			</trkpt>
			<trkpt lat="45.342487" lon="-121.707542">
				<ele>2062.161621</ele>
				<time>2026-06-02T08:44:49Z</time>
			</trkpt>
			<trkpt lat="45.342533" lon="-121.707527">
				<ele>2063.580078</ele>
				<time>2026-06-02T08:45:02Z</time>
			</trkpt>
			<trkpt lat="45.342571" lon="-121.707489">
				<ele>2065.506348</ele>
				<time>2026-06-02T08:45:16Z</time>
			</trkpt>
			<trkpt lat="45.342571" lon="-121.707489">
				<ele>2065.506348</ele>
				<time>2026-06-02T08:45:16Z</time>
			</trkpt>
			<trkpt lat="45.342609" lon="-121.707451">
				<ele>2067.256348</ele>
				<time>2026-06-02T08:45:27Z</time>
			</trkpt>
			<trkpt lat="45.342648" lon="-121.70742">
				<ele>2066.050049</ele>
				<time>2026-06-02T08:45:38Z</time>
			</trkpt>
			<trkpt lat="45.342648" lon="-121.70742">
				<ele>2066.050049</ele>
				<time>2026-06-02T08:45:38Z</time>
			</trkpt>
			<trkpt lat="45.342682" lon="-121.707382">
				<ele>2066.827637</ele>
				<time>2026-06-02T08:45:49Z</time>
			</trkpt>
			<trkpt lat="45.342724" lon="-121.707359">
				<ele>2067.086914</ele>
				<time>2026-06-02T08:46:00Z</time>
			</trkpt>
			<trkpt lat="45.342724" lon="-121.707359">
				<ele>2067.086914</ele>
				<time>2026-06-02T08:46:00Z</time>
			</trkpt>
			<trkpt lat="45.34277" lon="-121.707344">
				<ele>2068.637207</ele>
				<time>2026-06-02T08:46:12Z</time>
			</trkpt>
			<trkpt lat="45.342808" lon="-121.707321">
				<ele>2070.610352</ele>
				<time>2026-06-02T08:46:25Z</time>
			</trkpt>
			<trkpt lat="45.342808" lon="-121.707321">
				<ele>2070.610352</ele>
				<time>2026-06-02T08:46:25Z</time>
			</trkpt>
			<trkpt lat="45.342846" lon="-121.707291">
				<ele>2072.370117</ele>
				<time>2026-06-02T08:46:38Z</time>
			</trkpt>
			<trkpt lat="45.342884" lon="-121.70726">
				<ele>2074.713135</ele>
				<time>2026-06-02T08:46:51Z</time>
			</trkpt>
			<trkpt lat="45.342884" lon="-121.70726">
				<ele>2074.713135</ele>
				<time>2026-06-02T08:46:51Z</time>
			</trkpt>
			<trkpt lat="45.342976" lon="-121.707245">
				<ele>2077.417969</ele>
				<time>2026-06-02T08:47:17Z</time>
			</trkpt>
			<trkpt lat="45.342976" lon="-121.707245">
				<ele>2077.417969</ele>
				<time>2026-06-02T08:47:17Z</time>
			</trkpt>
			<trkpt lat="45.343021" lon="-121.707237">
				<ele>2078.870361</ele>
				<time>2026-06-02T08:47:28Z</time>
			</trkpt>
			<trkpt lat="45.343067" lon="-121.707245">
				<ele>2079.607666</ele>
				<time>2026-06-02T08:47:41Z</time>
			</trkpt>
			<trkpt lat="45.343067" lon="-121.707245">
				<ele>2079.607666</ele>
				<time>2026-06-02T08:47:41Z</time>
			</trkpt>
			<trkpt lat="45.343159" lon="-121.70723">
				<ele>2082.426025</ele>
				<time>2026-06-02T08:48:04Z</time>
			</trkpt>
			<trkpt lat="45.343159" lon="-121.70723">
				<ele>2082.426025</ele>
				<time>2026-06-02T08:48:04Z</time>
			</trkpt>
			<trkpt lat="45.343201" lon="-121.70723">
				<ele>2083.48584</ele>
				<time>2026-06-02T08:48:16Z</time>
			</trkpt>
			<trkpt lat="45.343246" lon="-121.70723">
				<ele>2085.151855</ele>
				<time>2026-06-02T08:48:30Z</time>
			</trkpt>
			<trkpt lat="45.343246" lon="-121.70723">
				<ele>2085.151855</ele>
				<time>2026-06-02T08:48:30Z</time>
			</trkpt>
			<trkpt lat="45.343288" lon="-121.707207">
				<ele>2087.295654</ele>
				<time>2026-06-02T08:48:42Z</time>
			</trkpt>
			<trkpt lat="45.343334" lon="-121.707207">
				<ele>2085.999756</ele>
				<time>2026-06-02T08:48:54Z</time>
			</trkpt>
			<trkpt lat="45.343334" lon="-121.707207">
				<ele>2085.999756</ele>
				<time>2026-06-02T08:48:54Z</time>
			</trkpt>
			<trkpt lat="45.343365" lon="-121.707161">
				<ele>2088.706787</ele>
				<time>2026-06-02T08:49:06Z</time>
			</trkpt>
			<trkpt lat="45.343391" lon="-121.707108">
				<ele>2089.49585</ele>
				<time>2026-06-02T08:49:13Z</time>
			</trkpt>
			<trkpt lat="45.343391" lon="-121.707108">
				<ele>2089.49585</ele>
				<time>2026-06-02T08:49:13Z</time>
			</trkpt>
			<trkpt lat="45.34343" lon="-121.707085">
				<ele>2087.752441</ele>
				<time>2026-06-02T08:49:23Z</time>
			</trkpt>
			<trkpt lat="45.343475" lon="-121.707069">
				<ele>2090.461182</ele>
				<time>2026-06-02T08:49:33Z</time>
			</trkpt>
			<trkpt lat="45.343475" lon="-121.707069">
				<ele>2090.461182</ele>
				<time>2026-06-02T08:49:33Z</time>
			</trkpt>
			<trkpt lat="45.343517" lon="-121.707039">
				<ele>2090.048584</ele>
				<time>2026-06-02T08:49:40Z</time>
			</trkpt>
			<trkpt lat="45.343559" lon="-121.707031">
				<ele>2090.931152</ele>
				<time>2026-06-02T08:49:49Z</time>
			</trkpt>
			<trkpt lat="45.343605" lon="-121.707047">
				<ele>2092.443115</ele>
				<time>2026-06-02T08:49:59Z</time>
			</trkpt>
			<trkpt lat="45.343605" lon="-121.707047">
				<ele>2092.443115</ele>
				<time>2026-06-02T08:49:59Z</time>
			</trkpt>
			<trkpt lat="45.343651" lon="-121.707047">
				<ele>2092.157959</ele>
				<time>2026-06-02T08:50:10Z</time>
			</trkpt>
			<trkpt lat="45.343693" lon="-121.707039">
				<ele>2093.872559</ele>
				<time>2026-06-02T08:50:20Z</time>
			</trkpt>
			<trkpt lat="45.343693" lon="-121.707039">
				<ele>2093.872559</ele>
				<time>2026-06-02T08:50:20Z</time>
			</trkpt>
			<trkpt lat="45.343735" lon="-121.707024">
				<ele>2095.263916</ele>
				<time>2026-06-02T08:50:32Z</time>
			</trkpt>
			<trkpt lat="45.343781" lon="-121.707016">
				<ele>2096.013916</ele>
				<time>2026-06-02T08:50:43Z</time>
			</trkpt>
			<trkpt lat="45.343781" lon="-121.707016">
				<ele>2096.013916</ele>
				<time>2026-06-02T08:50:43Z</time>
			</trkpt>
			<trkpt lat="45.343822" lon="-121.707001">
				<ele>2097.472412</ele>
				<time>2026-06-02T08:50:54Z</time>
			</trkpt>
			<trkpt lat="45.343868" lon="-121.707008">
				<ele>2098.651855</ele>
				<time>2026-06-02T08:51:04Z</time>
			</trkpt>
			<trkpt lat="45.343868" lon="-121.707008">
				<ele>2098.651855</ele>
				<time>2026-06-02T08:51:04Z</time>
			</trkpt>
			<trkpt lat="45.34391" lon="-121.706978">
				<ele>2101.657959</ele>
				<time>2026-06-02T08:51:14Z</time>
			</trkpt>
			<trkpt lat="45.343952" lon="-121.706985">
				<ele>2103.077637</ele>
				<time>2026-06-02T08:51:26Z</time>
			</trkpt>
			<trkpt lat="45.343952" lon="-121.706985">
				<ele>2103.077637</ele>
				<time>2026-06-02T08:51:26Z</time>
			</trkpt>
			<trkpt lat="45.343998" lon="-121.706978">
				<ele>2103.878418</ele>
				<time>2026-06-02T08:51:39Z</time>
			</trkpt>
			<trkpt lat="45.34404" lon="-121.70697">
				<ele>2103.37793</ele>
				<time>2026-06-02T08:51:52Z</time>
			</trkpt>
			<trkpt lat="45.34404" lon="-121.70697">
				<ele>2103.37793</ele>
				<time>2026-06-02T08:51:52Z</time>
			</trkpt>
			<trkpt lat="45.344086" lon="-121.706963">
				<ele>2105.774414</ele>
				<time>2026-06-02T08:52:11Z</time>
			</trkpt>
			<trkpt lat="45.344086" lon="-121.706963">
				<ele>2105.774414</ele>
				<time>2026-06-02T08:52:11Z</time>
			</trkpt>
			<trkpt lat="45.344128" lon="-121.706947">
				<ele>2107.370117</ele>
				<time>2026-06-02T08:53:01Z</time>
			</trkpt>
			<trkpt lat="45.344128" lon="-121.706947">
				<ele>2107.370117</ele>
				<time>2026-06-02T08:53:01Z</time>
			</trkpt>
			<trkpt lat="45.34417" lon="-121.706932">
				<ele>2107.583984</ele>
				<time>2026-06-02T08:53:12Z</time>
			</trkpt>
			<trkpt lat="45.344212" lon="-121.706917">
				<ele>2108.795166</ele>
				<time>2026-06-02T08:53:23Z</time>
			</trkpt>
			<trkpt lat="45.344212" lon="-121.706917">
				<ele>2108.795166</ele>
				<time>2026-06-02T08:53:23Z</time>
			</trkpt>
			<trkpt lat="45.344257" lon="-121.706902">
				<ele>2109.4729</ele>
				<time>2026-06-02T08:53:34Z</time>
			</trkpt>
			<trkpt lat="45.344299" lon="-121.706886">
				<ele>2110.491211</ele>
				<time>2026-06-02T08:53:43Z</time>
			</trkpt>
			<trkpt lat="45.344299" lon="-121.706886">
				<ele>2110.491211</ele>
				<time>2026-06-02T08:53:43Z</time>
			</trkpt>
			<trkpt lat="45.344345" lon="-121.706879">
				<ele>2111.897461</ele>
				<time>2026-06-02T08:53:53Z</time>
			</trkpt>
			<trkpt lat="45.344383" lon="-121.706848">
				<ele>2114.418945</ele>
				<time>2026-06-02T08:54:02Z</time>
			</trkpt>
			<trkpt lat="45.344383" lon="-121.706848">
				<ele>2114.418945</ele>
				<time>2026-06-02T08:54:02Z</time>
			</trkpt>
			<trkpt lat="45.344425" lon="-121.706833">
				<ele>2114.762207</ele>
				<time>2026-06-02T08:54:11Z</time>
			</trkpt>
			<trkpt lat="45.344475" lon="-121.706825">
				<ele>2115.220215</ele>
				<time>2026-06-02T08:54:23Z</time>
			</trkpt>
			<trkpt lat="45.344475" lon="-121.706825">
				<ele>2115.220215</ele>
				<time>2026-06-02T08:54:23Z</time>
			</trkpt>
			<trkpt lat="45.344517" lon="-121.706825">
				<ele>2115.369141</ele>
				<time>2026-06-02T08:54:37Z</time>
			</trkpt>
			<trkpt lat="45.344563" lon="-121.70681">
				<ele>2116.664307</ele>
				<time>2026-06-02T08:54:49Z</time>
			</trkpt>
			<trkpt lat="45.344563" lon="-121.70681">
				<ele>2116.664307</ele>
				<time>2026-06-02T08:54:49Z</time>
			</trkpt>
			<trkpt lat="45.344604" lon="-121.706787">
				<ele>2118.735107</ele>
				<time>2026-06-02T08:55:01Z</time>
			</trkpt>
			<trkpt lat="45.344646" lon="-121.706779">
				<ele>2118.648438</ele>
				<time>2026-06-02T08:55:11Z</time>
			</trkpt>
			<trkpt lat="45.344646" lon="-121.706779">
				<ele>2118.648438</ele>
				<time>2026-06-02T08:55:11Z</time>
			</trkpt>
			<trkpt lat="45.344738" lon="-121.706764">
				<ele>2120.899414</ele>
				<time>2026-06-02T08:55:33Z</time>
			</trkpt>
			<trkpt lat="45.344738" lon="-121.706764">
				<ele>2120.899414</ele>
				<time>2026-06-02T08:55:33Z</time>
			</trkpt>
			<trkpt lat="45.344826" lon="-121.706749">
				<ele>2121.932617</ele>
				<time>2026-06-02T08:55:55Z</time>
			</trkpt>
			<trkpt lat="45.344826" lon="-121.706749">
				<ele>2121.932617</ele>
				<time>2026-06-02T08:55:55Z</time>
			</trkpt>
			<trkpt lat="45.344872" lon="-121.706741">
				<ele>2124.858154</ele>
				<time>2026-06-02T08:56:07Z</time>
			</trkpt>
			<trkpt lat="45.344913" lon="-121.706718">
				<ele>2125.160889</ele>
				<time>2026-06-02T08:56:21Z</time>
			</trkpt>
			<trkpt lat="45.344913" lon="-121.706718">
				<ele>2125.160889</ele>
				<time>2026-06-02T08:56:21Z</time>
			</trkpt>
			<trkpt lat="45.345005" lon="-121.706718">
				<ele>2127.474121</ele>
				<time>2026-06-02T08:56:47Z</time>
			</trkpt>
			<trkpt lat="45.345005" lon="-121.706718">
				<ele>2127.474121</ele>
				<time>2026-06-02T08:56:47Z</time>
			</trkpt>
			<trkpt lat="45.345051" lon="-121.706703">
				<ele>2129.766113</ele>
				<time>2026-06-02T08:57:04Z</time>
			</trkpt>
			<trkpt lat="45.345093" lon="-121.70668">
				<ele>2130.272217</ele>
				<time>2026-06-02T08:57:20Z</time>
			</trkpt>
			<trkpt lat="45.345093" lon="-121.70668">
				<ele>2130.272217</ele>
				<time>2026-06-02T08:57:20Z</time>
			</trkpt>
			<trkpt lat="45.345135" lon="-121.706657">
				<ele>2133.310303</ele>
				<time>2026-06-02T08:57:35Z</time>
			</trkpt>
			<trkpt lat="45.345177" lon="-121.70665">
				<ele>2132.991943</ele>
				<time>2026-06-02T08:57:48Z</time>
			</trkpt>
			<trkpt lat="45.345177" lon="-121.70665">
				<ele>2132.991943</ele>
				<time>2026-06-02T08:57:48Z</time>
			</trkpt>
			<trkpt lat="45.345264" lon="-121.706612">
				<ele>2135.244629</ele>
				<time>2026-06-02T08:58:13Z</time>
			</trkpt>
			<trkpt lat="45.345264" lon="-121.706612">
				<ele>2135.244629</ele>
				<time>2026-06-02T08:58:13Z</time>
			</trkpt>
			<trkpt lat="45.345306" lon="-121.706612">
				<ele>2135.912598</ele>
				<time>2026-06-02T08:58:25Z</time>
			</trkpt>
			<trkpt lat="45.345352" lon="-121.706581">
				<ele>2137.666748</ele>
				<time>2026-06-02T08:58:41Z</time>
			</trkpt>
			<trkpt lat="45.345352" lon="-121.706581">
				<ele>2137.666748</ele>
				<time>2026-06-02T08:58:41Z</time>
			</trkpt>
			<trkpt lat="45.345398" lon="-121.706581">
				<ele>2139.774902</ele>
				<time>2026-06-02T08:58:54Z</time>
			</trkpt>
			<trkpt lat="45.34544" lon="-121.706558">
				<ele>2140.697266</ele>
				<time>2026-06-02T08:59:08Z</time>
			</trkpt>
			<trkpt lat="45.34544" lon="-121.706558">
				<ele>2140.697266</ele>
				<time>2026-06-02T08:59:08Z</time>
			</trkpt>
			<trkpt lat="45.345528" lon="-121.706543">
				<ele>2143.081543</ele>
				<time>2026-06-02T08:59:37Z</time>
			</trkpt>
			<trkpt lat="45.345528" lon="-121.706543">
				<ele>2143.081543</ele>
				<time>2026-06-02T08:59:37Z</time>
			</trkpt>
			<trkpt lat="45.34557" lon="-121.706535">
				<ele>2143.070313</ele>
				<time>2026-06-02T08:59:53Z</time>
			</trkpt>
			<trkpt lat="45.345619" lon="-121.706528">
				<ele>2146.930908</ele>
				<time>2026-06-02T09:00:12Z</time>
			</trkpt>
			<trkpt lat="45.345619" lon="-121.706528">
				<ele>2146.930908</ele>
				<time>2026-06-02T09:00:12Z</time>
			</trkpt>
			<trkpt lat="45.345657" lon="-121.706497">
				<ele>2147.874512</ele>
				<time>2026-06-02T09:00:28Z</time>
			</trkpt>
			<trkpt lat="45.345699" lon="-121.70649">
				<ele>2147.598877</ele>
				<time>2026-06-02T09:00:40Z</time>
			</trkpt>
			<trkpt lat="45.345699" lon="-121.70649">
				<ele>2147.598877</ele>
				<time>2026-06-02T09:00:40Z</time>
			</trkpt>
			<trkpt lat="45.345741" lon="-121.706467">
				<ele>2148.926025</ele>
				<time>2026-06-02T09:00:50Z</time>
			</trkpt>
			<trkpt lat="45.345783" lon="-121.706451">
				<ele>2152.104248</ele>
				<time>2026-06-02T09:01:05Z</time>
			</trkpt>
			<trkpt lat="45.345783" lon="-121.706451">
				<ele>2152.104248</ele>
				<time>2026-06-02T09:01:05Z</time>
			</trkpt>
			<trkpt lat="45.345829" lon="-121.706444">
				<ele>2152.533936</ele>
				<time>2026-06-02T09:01:19Z</time>
			</trkpt>
			<trkpt lat="45.345875" lon="-121.706429">
				<ele>2153.784668</ele>
				<time>2026-06-02T09:01:37Z</time>
			</trkpt>
			<trkpt lat="45.345875" lon="-121.706429">
				<ele>2153.784668</ele>
				<time>2026-06-02T09:01:37Z</time>
			</trkpt>
			<trkpt lat="45.345928" lon="-121.706429">
				<ele>2154.298096</ele>
				<time>2026-06-02T09:01:51Z</time>
			</trkpt>
			<trkpt lat="45.34597" lon="-121.706413">
				<ele>2156.141846</ele>
				<time>2026-06-02T09:02:07Z</time>
			</trkpt>
			<trkpt lat="45.34597" lon="-121.706413">
				<ele>2156.141846</ele>
				<time>2026-06-02T09:02:07Z</time>
			</trkpt>
			<trkpt lat="45.346012" lon="-121.706398">
				<ele>2157.602051</ele>
				<time>2026-06-02T09:02:23Z</time>
			</trkpt>
			<trkpt lat="45.346054" lon="-121.706383">
				<ele>2158.267578</ele>
				<time>2026-06-02T09:02:37Z</time>
			</trkpt>
			<trkpt lat="45.346054" lon="-121.706383">
				<ele>2158.267578</ele>
				<time>2026-06-02T09:02:37Z</time>
			</trkpt>
			<trkpt lat="45.3461" lon="-121.706398">
				<ele>2159.605469</ele>
				<time>2026-06-02T09:10:16Z</time>
			</trkpt>
			<trkpt lat="45.3461" lon="-121.706398">
				<ele>2159.605469</ele>
				<time>2026-06-02T09:10:16Z</time>
			</trkpt>
			<trkpt lat="45.346138" lon="-121.706375">
				<ele>2161.148926</ele>
				<time>2026-06-02T09:10:26Z</time>
			</trkpt>
			<trkpt lat="45.34618" lon="-121.706352">
				<ele>2161.226807</ele>
				<time>2026-06-02T09:10:37Z</time>
			</trkpt>
			<trkpt lat="45.34618" lon="-121.706352">
				<ele>2161.226807</ele>
				<time>2026-06-02T09:10:37Z</time>
			</trkpt>
			<trkpt lat="45.346268" lon="-121.706337">
				<ele>2165.340088</ele>
				<time>2026-06-02T09:11:00Z</time>
			</trkpt>
			<trkpt lat="45.346268" lon="-121.706337">
				<ele>2165.340088</ele>
				<time>2026-06-02T09:11:00Z</time>
			</trkpt>
			<trkpt lat="45.346313" lon="-121.706329">
				<ele>2166.077148</ele>
				<time>2026-06-02T09:11:12Z</time>
			</trkpt>
			<trkpt lat="45.346355" lon="-121.706299">
				<ele>2167.00415</ele>
				<time>2026-06-02T09:11:22Z</time>
			</trkpt>
			<trkpt lat="45.346355" lon="-121.706299">
				<ele>2167.00415</ele>
				<time>2026-06-02T09:11:22Z</time>
			</trkpt>
			<trkpt lat="45.346401" lon="-121.706306">
				<ele>2168.16626</ele>
				<time>2026-06-02T09:11:31Z</time>
			</trkpt>
			<trkpt lat="45.346443" lon="-121.706284">
				<ele>2171.048096</ele>
				<time>2026-06-02T09:11:42Z</time>
			</trkpt>
			<trkpt lat="45.346443" lon="-121.706284">
				<ele>2171.048096</ele>
				<time>2026-06-02T09:11:42Z</time>
			</trkpt>
			<trkpt lat="45.346485" lon="-121.706261">
				<ele>2172.339111</ele>
				<time>2026-06-02T09:11:52Z</time>
			</trkpt>
			<trkpt lat="45.346527" lon="-121.706245">
				<ele>2171.481445</ele>
				<time>2026-06-02T09:12:05Z</time>
			</trkpt>
			<trkpt lat="45.346527" lon="-121.706245">
				<ele>2171.481445</ele>
				<time>2026-06-02T09:12:05Z</time>
			</trkpt>
			<trkpt lat="45.346569" lon="-121.706238">
				<ele>2172.57959</ele>
				<time>2026-06-02T09:12:20Z</time>
			</trkpt>
			<trkpt lat="45.346611" lon="-121.706207">
				<ele>2174.966064</ele>
				<time>2026-06-02T09:12:35Z</time>
			</trkpt>
			<trkpt lat="45.346611" lon="-121.706207">
				<ele>2174.966064</ele>
				<time>2026-06-02T09:12:35Z</time>
			</trkpt>
			<trkpt lat="45.346657" lon="-121.706184">
				<ele>2177.015869</ele>
				<time>2026-06-02T09:12:49Z</time>
			</trkpt>
			<trkpt lat="45.346703" lon="-121.706177">
				<ele>2179.10498</ele>
				<time>2026-06-02T09:13:03Z</time>
			</trkpt>
			<trkpt lat="45.346703" lon="-121.706177">
				<ele>2179.10498</ele>
				<time>2026-06-02T09:13:03Z</time>
			</trkpt>
			<trkpt lat="45.346752" lon="-121.706169">
				<ele>2178.376953</ele>
				<time>2026-06-02T09:13:16Z</time>
			</trkpt>
			<trkpt lat="45.346794" lon="-121.706161">
				<ele>2180.962158</ele>
				<time>2026-06-02T09:13:29Z</time>
			</trkpt>
			<trkpt lat="45.346794" lon="-121.706161">
				<ele>2180.962158</ele>
				<time>2026-06-02T09:13:29Z</time>
			</trkpt>
			<trkpt lat="45.34684" lon="-121.706146">
				<ele>2180.026611</ele>
				<time>2026-06-02T09:13:41Z</time>
			</trkpt>
			<trkpt lat="45.346886" lon="-121.706146">
				<ele>2181.96582</ele>
				<time>2026-06-02T09:13:55Z</time>
			</trkpt>
			<trkpt lat="45.346886" lon="-121.706146">
				<ele>2181.96582</ele>
				<time>2026-06-02T09:13:55Z</time>
			</trkpt>
			<trkpt lat="45.346928" lon="-121.706131">
				<ele>2182.83252</ele>
				<time>2026-06-02T09:14:10Z</time>
			</trkpt>
			<trkpt lat="45.346977" lon="-121.706123">
				<ele>2184.098877</ele>
				<time>2026-06-02T09:14:25Z</time>
			</trkpt>
			<trkpt lat="45.346977" lon="-121.706123">
				<ele>2184.098877</ele>
				<time>2026-06-02T09:14:25Z</time>
			</trkpt>
			<trkpt lat="45.347015" lon="-121.706093">
				<ele>2186.239014</ele>
				<time>2026-06-02T09:14:40Z</time>
			</trkpt>
			<trkpt lat="45.347061" lon="-121.706078">
				<ele>2188.584961</ele>
				<time>2026-06-02T09:14:53Z</time>
			</trkpt>
			<trkpt lat="45.347061" lon="-121.706078">
				<ele>2188.584961</ele>
				<time>2026-06-02T09:14:53Z</time>
			</trkpt>
			<trkpt lat="45.347103" lon="-121.70607">
				<ele>2189.092041</ele>
				<time>2026-06-02T09:15:04Z</time>
			</trkpt>
			<trkpt lat="45.347145" lon="-121.706055">
				<ele>2189.896973</ele>
				<time>2026-06-02T09:15:15Z</time>
			</trkpt>
			<trkpt lat="45.347145" lon="-121.706055">
				<ele>2189.896973</ele>
				<time>2026-06-02T09:15:15Z</time>
			</trkpt>
			<trkpt lat="45.347191" lon="-121.706039">
				<ele>2192.940918</ele>
				<time>2026-06-02T09:15:29Z</time>
			</trkpt>
			<trkpt lat="45.347233" lon="-121.706032">
				<ele>2193.104004</ele>
				<time>2026-06-02T09:15:41Z</time>
			</trkpt>
			<trkpt lat="45.347233" lon="-121.706032">
				<ele>2193.104004</ele>
				<time>2026-06-02T09:15:41Z</time>
			</trkpt>
			<trkpt lat="45.347279" lon="-121.706032">
				<ele>2193.115723</ele>
				<time>2026-06-02T09:15:56Z</time>
			</trkpt>
			<trkpt lat="45.347321" lon="-121.706017">
				<ele>2194.517334</ele>
				<time>2026-06-02T09:16:09Z</time>
			</trkpt>
			<trkpt lat="45.347321" lon="-121.706017">
				<ele>2194.517334</ele>
				<time>2026-06-02T09:16:09Z</time>
			</trkpt>
			<trkpt lat="45.347363" lon="-121.706009">
				<ele>2196.693848</ele>
				<time>2026-06-02T09:16:25Z</time>
			</trkpt>
			<trkpt lat="45.347408" lon="-121.705986">
				<ele>2198.539063</ele>
				<time>2026-06-02T09:16:39Z</time>
			</trkpt>
			<trkpt lat="45.347408" lon="-121.705986">
				<ele>2198.539063</ele>
				<time>2026-06-02T09:16:39Z</time>
			</trkpt>
			<trkpt lat="45.347454" lon="-121.705986">
				<ele>2199.547852</ele>
				<time>2026-06-02T09:16:53Z</time>
			</trkpt>
			<trkpt lat="45.347496" lon="-121.705986">
				<ele>2199.744141</ele>
				<time>2026-06-02T09:17:05Z</time>
			</trkpt>
			<trkpt lat="45.347496" lon="-121.705986">
				<ele>2199.744141</ele>
				<time>2026-06-02T09:17:05Z</time>
			</trkpt>
			<trkpt lat="45.347538" lon="-121.705963">
				<ele>2201.776611</ele>
				<time>2026-06-02T09:17:21Z</time>
			</trkpt>
			<trkpt lat="45.347584" lon="-121.705956">
				<ele>2202.897949</ele>
				<time>2026-06-02T09:17:33Z</time>
			</trkpt>
			<trkpt lat="45.347584" lon="-121.705956">
				<ele>2202.897949</ele>
				<time>2026-06-02T09:17:33Z</time>
			</trkpt>
			<trkpt lat="45.34763" lon="-121.705956">
				<ele>2204.574951</ele>
				<time>2026-06-02T09:17:45Z</time>
			</trkpt>
			<trkpt lat="45.347672" lon="-121.705956">
				<ele>2205.067139</ele>
				<time>2026-06-02T09:18:02Z</time>
			</trkpt>
			<trkpt lat="45.347672" lon="-121.705956">
				<ele>2205.067139</ele>
				<time>2026-06-02T09:18:02Z</time>
			</trkpt>
			<trkpt lat="45.347759" lon="-121.705917">
				<ele>2207.036865</ele>
				<time>2026-06-02T09:18:33Z</time>
			</trkpt>
			<trkpt lat="45.347759" lon="-121.705917">
				<ele>2207.036865</ele>
				<time>2026-06-02T09:18:33Z</time>
			</trkpt>
			<trkpt lat="45.347801" lon="-121.70594">
				<ele>2209.013672</ele>
				<time>2026-06-02T09:18:50Z</time>
			</trkpt>
			<trkpt lat="45.347847" lon="-121.70594">
				<ele>2211.102295</ele>
				<time>2026-06-02T09:19:04Z</time>
			</trkpt>
			<trkpt lat="45.347847" lon="-121.70594">
				<ele>2211.102295</ele>
				<time>2026-06-02T09:19:04Z</time>
			</trkpt>
			<trkpt lat="45.347889" lon="-121.705948">
				<ele>2213.33374</ele>
				<time>2026-06-02T09:19:21Z</time>
			</trkpt>
			<trkpt lat="45.347931" lon="-121.705933">
				<ele>2213.925049</ele>
				<time>2026-06-02T09:19:39Z</time>
			</trkpt>
			<trkpt lat="45.347931" lon="-121.705933">
				<ele>2213.925049</ele>
				<time>2026-06-02T09:19:39Z</time>
			</trkpt>
			<trkpt lat="45.347977" lon="-121.705925">
				<ele>2215.867432</ele>
				<time>2026-06-02T09:19:55Z</time>
			</trkpt>
			<trkpt lat="45.348015" lon="-121.70591">
				<ele>2216.696289</ele>
				<time>2026-06-02T09:20:12Z</time>
			</trkpt>
			<trkpt lat="45.348015" lon="-121.70591">
				<ele>2216.696289</ele>
				<time>2026-06-02T09:20:12Z</time>
			</trkpt>
			<trkpt lat="45.348057" lon="-121.705902">
				<ele>2218.994385</ele>
				<time>2026-06-02T09:20:28Z</time>
			</trkpt>
			<trkpt lat="45.348103" lon="-121.705887">
				<ele>2220.470947</ele>
				<time>2026-06-02T09:20:42Z</time>
			</trkpt>
			<trkpt lat="45.348103" lon="-121.705887">
				<ele>2220.470947</ele>
				<time>2026-06-02T09:20:42Z</time>
			</trkpt>
			<trkpt lat="45.348148" lon="-121.705879">
				<ele>2220.39624</ele>
				<time>2026-06-02T09:20:56Z</time>
			</trkpt>
			<trkpt lat="45.34819" lon="-121.705879">
				<ele>2222.231201</ele>
				<time>2026-06-02T09:21:11Z</time>
			</trkpt>
			<trkpt lat="45.34819" lon="-121.705879">
				<ele>2222.231201</ele>
				<time>2026-06-02T09:21:11Z</time>
			</trkpt>
			<trkpt lat="45.348236" lon="-121.705872">
				<ele>2224.21582</ele>
				<time>2026-06-02T09:21:24Z</time>
			</trkpt>
			<trkpt lat="45.348278" lon="-121.705887">
				<ele>2225.009766</ele>
				<time>2026-06-02T09:21:35Z</time>
			</trkpt>
			<trkpt lat="45.348278" lon="-121.705887">
				<ele>2225.009766</ele>
				<time>2026-06-02T09:21:35Z</time>
			</trkpt>
			<trkpt lat="45.34832" lon="-121.705902">
				<ele>2225.406494</ele>
				<time>2026-06-02T09:21:49Z</time>
			</trkpt>
			<trkpt lat="45.348351" lon="-121.705856">
				<ele>2227.726563</ele>
				<time>2026-06-02T09:22:07Z</time>
			</trkpt>
			<trkpt lat="45.348351" lon="-121.705856">
				<ele>2227.726563</ele>
				<time>2026-06-02T09:22:07Z</time>
			</trkpt>
			<trkpt lat="45.348392" lon="-121.705833">
				<ele>2230.77417</ele>
				<time>2026-06-02T09:22:26Z</time>
			</trkpt>
			<trkpt lat="45.348392" lon="-121.705833">
				<ele>2230.77417</ele>
				<time>2026-06-02T09:22:26Z</time>
			</trkpt>
			<trkpt lat="45.348434" lon="-121.705811">
				<ele>2230.947266</ele>
				<time>2026-06-02T09:22:44Z</time>
			</trkpt>
			<trkpt lat="45.34848" lon="-121.705795">
				<ele>2232.228271</ele>
				<time>2026-06-02T09:22:58Z</time>
			</trkpt>
			<trkpt lat="45.34848" lon="-121.705795">
				<ele>2232.228271</ele>
				<time>2026-06-02T09:22:58Z</time>
			</trkpt>
			<trkpt lat="45.348522" lon="-121.705765">
				<ele>2233.444092</ele>
				<time>2026-06-02T09:23:13Z</time>
			</trkpt>
			<trkpt lat="45.348564" lon="-121.705734">
				<ele>2235.19751</ele>
				<time>2026-06-02T09:23:28Z</time>
			</trkpt>
			<trkpt lat="45.348564" lon="-121.705734">
				<ele>2235.19751</ele>
				<time>2026-06-02T09:23:28Z</time>
			</trkpt>
			<trkpt lat="45.348648" lon="-121.705696">
				<ele>2238.918457</ele>
				<time>2026-06-02T09:23:53Z</time>
			</trkpt>
			<trkpt lat="45.348648" lon="-121.705696">
				<ele>2238.918457</ele>
				<time>2026-06-02T09:23:53Z</time>
			</trkpt>
			<trkpt lat="45.348686" lon="-121.705666">
				<ele>2242.813721</ele>
				<time>2026-06-02T09:24:48Z</time>
			</trkpt>
			<trkpt lat="45.348686" lon="-121.705666">
				<ele>2242.813721</ele>
				<time>2026-06-02T09:24:48Z</time>
			</trkpt>
			<trkpt lat="45.348728" lon="-121.705635">
				<ele>2244.460449</ele>
				<time>2026-06-02T09:24:58Z</time>
			</trkpt>
			<trkpt lat="45.348766" lon="-121.705605">
				<ele>2244.820557</ele>
				<time>2026-06-02T09:25:09Z</time>
			</trkpt>
			<trkpt lat="45.348766" lon="-121.705605">
				<ele>2244.820557</ele>
				<time>2026-06-02T09:25:09Z</time>
			</trkpt>
			<trkpt lat="45.348782" lon="-121.705551">
				<ele>2245.797119</ele>
				<time>2026-06-02T09:25:20Z</time>
			</trkpt>
			<trkpt lat="45.348816" lon="-121.705505">
				<ele>2247.854004</ele>
				<time>2026-06-02T09:25:29Z</time>
			</trkpt>
			<trkpt lat="45.348816" lon="-121.705505">
				<ele>2247.854004</ele>
				<time>2026-06-02T09:25:29Z</time>
			</trkpt>
			<trkpt lat="45.348854" lon="-121.705475">
				<ele>2246.459961</ele>
				<time>2026-06-02T09:25:57Z</time>
			</trkpt>
			<trkpt lat="45.348896" lon="-121.70546">
				<ele>2248.35498</ele>
				<time>2026-06-02T09:30:16Z</time>
			</trkpt>
			<trkpt lat="45.348896" lon="-121.70546">
				<ele>2248.35498</ele>
				<time>2026-06-02T09:30:16Z</time>
			</trkpt>
			<trkpt lat="45.348942" lon="-121.705444">
				<ele>2250.154785</ele>
				<time>2026-06-02T09:30:33Z</time>
			</trkpt>
			<trkpt lat="45.348991" lon="-121.705452">
				<ele>2249.729492</ele>
				<time>2026-06-02T09:30:39Z</time>
			</trkpt>
			<trkpt lat="45.348991" lon="-121.705452">
				<ele>2249.729492</ele>
				<time>2026-06-02T09:30:39Z</time>
			</trkpt>
			<trkpt lat="45.349026" lon="-121.705406">
				<ele>2251.655029</ele>
				<time>2026-06-02T09:30:47Z</time>
			</trkpt>
			<trkpt lat="45.349068" lon="-121.705414">
				<ele>2252.833252</ele>
				<time>2026-06-02T09:30:58Z</time>
			</trkpt>
			<trkpt lat="45.349068" lon="-121.705414">
				<ele>2252.833252</ele>
				<time>2026-06-02T09:30:58Z</time>
			</trkpt>
			<trkpt lat="45.34911" lon="-121.705399">
				<ele>2253.168945</ele>
				<time>2026-06-02T09:31:08Z</time>
			</trkpt>
			<trkpt lat="45.349152" lon="-121.705414">
				<ele>2255.486816</ele>
				<time>2026-06-02T09:31:16Z</time>
			</trkpt>
			<trkpt lat="45.349201" lon="-121.705414">
				<ele>2256.443848</ele>
				<time>2026-06-02T09:31:26Z</time>
			</trkpt>
			<trkpt lat="45.349201" lon="-121.705414">
				<ele>2256.443848</ele>
				<time>2026-06-02T09:31:26Z</time>
			</trkpt>
			<trkpt lat="45.349247" lon="-121.705414">
				<ele>2258.784424</ele>
				<time>2026-06-02T09:31:36Z</time>
			</trkpt>
			<trkpt lat="45.349293" lon="-121.705421">
				<ele>2260.148193</ele>
				<time>2026-06-02T09:31:45Z</time>
			</trkpt>
			<trkpt lat="45.349293" lon="-121.705421">
				<ele>2260.148193</ele>
				<time>2026-06-02T09:31:45Z</time>
			</trkpt>
			<trkpt lat="45.349339" lon="-121.705429">
				<ele>2261.356689</ele>
				<time>2026-06-02T09:31:54Z</time>
			</trkpt>
			<trkpt lat="45.349384" lon="-121.705437">
				<ele>2262.223145</ele>
				<time>2026-06-02T09:32:02Z</time>
			</trkpt>
			<trkpt lat="45.34943" lon="-121.705437">
				<ele>2262.613525</ele>
				<time>2026-06-02T09:32:10Z</time>
			</trkpt>
			<trkpt lat="45.34943" lon="-121.705437">
				<ele>2262.613525</ele>
				<time>2026-06-02T09:32:10Z</time>
			</trkpt>
			<trkpt lat="45.349476" lon="-121.705437">
				<ele>2263.70752</ele>
				<time>2026-06-02T09:32:16Z</time>
			</trkpt>
			<trkpt lat="45.349518" lon="-121.705421">
				<ele>2264.291016</ele>
				<time>2026-06-02T09:32:24Z</time>
			</trkpt>
			<trkpt lat="45.34956" lon="-121.705406">
				<ele>2265.225586</ele>
				<time>2026-06-02T09:32:31Z</time>
			</trkpt>
			<trkpt lat="45.34956" lon="-121.705406">
				<ele>2265.225586</ele>
				<time>2026-06-02T09:32:31Z</time>
			</trkpt>
			<trkpt lat="45.349598" lon="-121.705368">
				<ele>2265.773438</ele>
				<time>2026-06-02T09:32:40Z</time>
			</trkpt>
			<trkpt lat="45.349651" lon="-121.70536">
				<ele>2267.960449</ele>
				<time>2026-06-02T09:32:50Z</time>
			</trkpt>
			<trkpt lat="45.349651" lon="-121.70536">
				<ele>2267.960449</ele>
				<time>2026-06-02T09:32:50Z</time>
			</trkpt>
			<trkpt lat="45.349689" lon="-121.705399">
				<ele>2268.488281</ele>
				<time>2026-06-02T09:32:58Z</time>
			</trkpt>
			<trkpt lat="45.349731" lon="-121.705414">
				<ele>2269.655273</ele>
				<time>2026-06-02T09:33:08Z</time>
			</trkpt>
			<trkpt lat="45.349781" lon="-121.705414">
				<ele>2270.55542</ele>
				<time>2026-06-02T09:33:18Z</time>
			</trkpt>
			<trkpt lat="45.349781" lon="-121.705414">
				<ele>2270.55542</ele>
				<time>2026-06-02T09:33:18Z</time>
			</trkpt>
			<trkpt lat="45.349815" lon="-121.705368">
				<ele>2271.200684</ele>
				<time>2026-06-02T09:33:28Z</time>
			</trkpt>
			<trkpt lat="45.349857" lon="-121.705338">
				<ele>2270.794434</ele>
				<time>2026-06-02T09:33:37Z</time>
			</trkpt>
			<trkpt lat="45.349857" lon="-121.705338">
				<ele>2270.794434</ele>
				<time>2026-06-02T09:33:37Z</time>
			</trkpt>
			<trkpt lat="45.349888" lon="-121.705299">
				<ele>2272.140381</ele>
				<time>2026-06-02T09:33:45Z</time>
			</trkpt>
			<trkpt lat="45.349918" lon="-121.705254">
				<ele>2274.710693</ele>
				<time>2026-06-02T09:33:53Z</time>
			</trkpt>
			<trkpt lat="45.349945" lon="-121.705193">
				<ele>2275.384766</ele>
				<time>2026-06-02T09:34:01Z</time>
			</trkpt>
			<trkpt lat="45.349945" lon="-121.705193">
				<ele>2275.384766</ele>
				<time>2026-06-02T09:34:01Z</time>
			</trkpt>
			<trkpt lat="45.349972" lon="-121.705139">
				<ele>2276.596191</ele>
				<time>2026-06-02T09:34:10Z</time>
			</trkpt>
			<trkpt lat="45.350006" lon="-121.705093">
				<ele>2277.547119</ele>
				<time>2026-06-02T09:34:22Z</time>
			</trkpt>
			<trkpt lat="45.350006" lon="-121.705093">
				<ele>2277.547119</ele>
				<time>2026-06-02T09:34:22Z</time>
			</trkpt>
			<trkpt lat="45.350029" lon="-121.705032">
				<ele>2279.899414</ele>
				<time>2026-06-02T09:34:32Z</time>
			</trkpt>
			<trkpt lat="45.350063" lon="-121.704987">
				<ele>2281.395996</ele>
				<time>2026-06-02T09:34:45Z</time>
			</trkpt>
			<trkpt lat="45.350063" lon="-121.704987">
				<ele>2281.395996</ele>
				<time>2026-06-02T09:34:45Z</time>
			</trkpt>
			<trkpt lat="45.350101" lon="-121.704956">
				<ele>2281.798096</ele>
				<time>2026-06-02T09:34:56Z</time>
			</trkpt>
			<trkpt lat="45.350143" lon="-121.704926">
				<ele>2283.341553</ele>
				<time>2026-06-02T09:35:08Z</time>
			</trkpt>
			<trkpt lat="45.350143" lon="-121.704926">
				<ele>2283.341553</ele>
				<time>2026-06-02T09:35:08Z</time>
			</trkpt>
			<trkpt lat="45.35017" lon="-121.70488">
				<ele>2284.165039</ele>
				<time>2026-06-02T09:35:18Z</time>
			</trkpt>
			<trkpt lat="45.350208" lon="-121.704834">
				<ele>2284.281982</ele>
				<time>2026-06-02T09:35:29Z</time>
			</trkpt>
			<trkpt lat="45.350208" lon="-121.704834">
				<ele>2284.281982</ele>
				<time>2026-06-02T09:35:29Z</time>
			</trkpt>
			<trkpt lat="45.35025" lon="-121.704819">
				<ele>2287.103516</ele>
				<time>2026-06-02T09:35:41Z</time>
			</trkpt>
			<trkpt lat="45.350285" lon="-121.704773">
				<ele>2287.320313</ele>
				<time>2026-06-02T09:35:55Z</time>
			</trkpt>
			<trkpt lat="45.350285" lon="-121.704773">
				<ele>2287.320313</ele>
				<time>2026-06-02T09:35:55Z</time>
			</trkpt>
			<trkpt lat="45.350319" lon="-121.704727">
				<ele>2287.597656</ele>
				<time>2026-06-02T09:36:08Z</time>
			</trkpt>
			<trkpt lat="45.350349" lon="-121.704674">
				<ele>2290.30542</ele>
				<time>2026-06-02T09:36:21Z</time>
			</trkpt>
			<trkpt lat="45.350349" lon="-121.704674">
				<ele>2290.30542</ele>
				<time>2026-06-02T09:36:21Z</time>
			</trkpt>
			<trkpt lat="45.350384" lon="-121.704628">
				<ele>2291.583984</ele>
				<time>2026-06-02T09:36:35Z</time>
			</trkpt>
			<trkpt lat="45.350426" lon="-121.704597">
				<ele>2292.594238</ele>
				<time>2026-06-02T09:36:47Z</time>
			</trkpt>
			<trkpt lat="45.350426" lon="-121.704597">
				<ele>2292.594238</ele>
				<time>2026-06-02T09:36:47Z</time>
			</trkpt>
			<trkpt lat="45.35046" lon="-121.704559">
				<ele>2294.30542</ele>
				<time>2026-06-02T09:37:00Z</time>
			</trkpt>
			<trkpt lat="45.350494" lon="-121.704514">
				<ele>2294.867676</ele>
				<time>2026-06-02T09:37:09Z</time>
			</trkpt>
			<trkpt lat="45.350494" lon="-121.704514">
				<ele>2294.867676</ele>
				<time>2026-06-02T09:37:09Z</time>
			</trkpt>
			<trkpt lat="45.350529" lon="-121.704468">
				<ele>2296.258789</ele>
				<time>2026-06-02T09:37:21Z</time>
			</trkpt>
			<trkpt lat="45.350574" lon="-121.704468">
				<ele>2297.675537</ele>
				<time>2026-06-02T09:37:31Z</time>
			</trkpt>
			<trkpt lat="45.350574" lon="-121.704468">
				<ele>2297.675537</ele>
				<time>2026-06-02T09:37:31Z</time>
			</trkpt>
			<trkpt lat="45.350613" lon="-121.704498">
				<ele>2299.484619</ele>
				<time>2026-06-02T09:37:42Z</time>
			</trkpt>
			<trkpt lat="45.350651" lon="-121.704544">
				<ele>2299.648926</ele>
				<time>2026-06-02T09:37:52Z</time>
			</trkpt>
			<trkpt lat="45.350651" lon="-121.704544">
				<ele>2299.648926</ele>
				<time>2026-06-02T09:37:52Z</time>
			</trkpt>
			<trkpt lat="45.350689" lon="-121.704514">
				<ele>2300.958008</ele>
				<time>2026-06-02T09:38:04Z</time>
			</trkpt>
			<trkpt lat="45.350731" lon="-121.704483">
				<ele>2302.020752</ele>
				<time>2026-06-02T09:38:14Z</time>
			</trkpt>
			<trkpt lat="45.350731" lon="-121.704483">
				<ele>2302.020752</ele>
				<time>2026-06-02T09:38:14Z</time>
			</trkpt>
			<trkpt lat="45.350761" lon="-121.704445">
				<ele>2303.241211</ele>
				<time>2026-06-02T09:38:25Z</time>
			</trkpt>
			<trkpt lat="45.350803" lon="-121.704407">
				<ele>2305.009766</ele>
				<time>2026-06-02T09:38:37Z</time>
			</trkpt>
			<trkpt lat="45.350803" lon="-121.704407">
				<ele>2305.009766</ele>
				<time>2026-06-02T09:38:37Z</time>
			</trkpt>
			<trkpt lat="45.350842" lon="-121.704376">
				<ele>2305.693115</ele>
				<time>2026-06-02T09:38:49Z</time>
			</trkpt>
			<trkpt lat="45.35088" lon="-121.704346">
				<ele>2305.955078</ele>
				<time>2026-06-02T09:39:01Z</time>
			</trkpt>
			<trkpt lat="45.35088" lon="-121.704346">
				<ele>2305.955078</ele>
				<time>2026-06-02T09:39:01Z</time>
			</trkpt>
			<trkpt lat="45.350914" lon="-121.704308">
				<ele>2307.945557</ele>
				<time>2026-06-02T09:39:21Z</time>
			</trkpt>
			<trkpt lat="45.350914" lon="-121.704308">
				<ele>2307.945557</ele>
				<time>2026-06-02T09:39:21Z</time>
			</trkpt>
			<trkpt lat="45.350986" lon="-121.704239">
				<ele>2310.955811</ele>
				<time>2026-06-02T09:39:49Z</time>
			</trkpt>
			<trkpt lat="45.350986" lon="-121.704239">
				<ele>2310.955811</ele>
				<time>2026-06-02T09:39:49Z</time>
			</trkpt>
			<trkpt lat="45.351017" lon="-121.704193">
				<ele>2312.64502</ele>
				<time>2026-06-02T09:40:04Z</time>
			</trkpt>
			<trkpt lat="45.35104" lon="-121.704132">
				<ele>2315.393799</ele>
				<time>2026-06-02T09:40:17Z</time>
			</trkpt>
			<trkpt lat="45.35104" lon="-121.704132">
				<ele>2315.393799</ele>
				<time>2026-06-02T09:40:17Z</time>
			</trkpt>
			<trkpt lat="45.351059" lon="-121.704071">
				<ele>2316.643555</ele>
				<time>2026-06-02T09:40:32Z</time>
			</trkpt>
			<trkpt lat="45.351086" lon="-121.704025">
				<ele>2317.68042</ele>
				<time>2026-06-02T09:40:47Z</time>
			</trkpt>
			<trkpt lat="45.351086" lon="-121.704025">
				<ele>2317.68042</ele>
				<time>2026-06-02T09:40:47Z</time>
			</trkpt>
			<trkpt lat="45.351135" lon="-121.703903">
				<ele>2320.147949</ele>
				<time>2026-06-02T09:41:12Z</time>
			</trkpt>
			<trkpt lat="45.351135" lon="-121.703903">
				<ele>2320.147949</ele>
				<time>2026-06-02T09:41:12Z</time>
			</trkpt>
			<trkpt lat="45.351185" lon="-121.703796">
				<ele>2323.256104</ele>
				<time>2026-06-02T09:41:34Z</time>
			</trkpt>
			<trkpt lat="45.351185" lon="-121.703796">
				<ele>2323.256104</ele>
				<time>2026-06-02T09:41:34Z</time>
			</trkpt>
			<trkpt lat="45.351215" lon="-121.703751">
				<ele>2324.021729</ele>
				<time>2026-06-02T09:41:45Z</time>
			</trkpt>
			<trkpt lat="45.351246" lon="-121.703705">
				<ele>2323.627441</ele>
				<time>2026-06-02T09:41:56Z</time>
			</trkpt>
			<trkpt lat="45.351246" lon="-121.703705">
				<ele>2323.627441</ele>
				<time>2026-06-02T09:41:56Z</time>
			</trkpt>
			<trkpt lat="45.351269" lon="-121.703651">
				<ele>2324.816895</ele>
				<time>2026-06-02T09:42:08Z</time>
			</trkpt>
			<trkpt lat="45.351315" lon="-121.703667">
				<ele>2327.40918</ele>
				<time>2026-06-02T09:43:28Z</time>
			</trkpt>
			<trkpt lat="45.351315" lon="-121.703667">
				<ele>2327.40918</ele>
				<time>2026-06-02T09:43:28Z</time>
			</trkpt>
			<trkpt lat="45.351364" lon="-121.703644">
				<ele>2327.010986</ele>
				<time>2026-06-02T09:43:38Z</time>
			</trkpt>
			<trkpt lat="45.351406" lon="-121.703629">
				<ele>2328.931396</ele>
				<time>2026-06-02T09:43:50Z</time>
			</trkpt>
			<trkpt lat="45.351406" lon="-121.703629">
				<ele>2328.931396</ele>
				<time>2026-06-02T09:43:50Z</time>
			</trkpt>
			<trkpt lat="45.351452" lon="-121.703606">
				<ele>2330.386719</ele>
				<time>2026-06-02T09:44:03Z</time>
			</trkpt>
			<trkpt lat="45.351494" lon="-121.703583">
				<ele>2331.38208</ele>
				<time>2026-06-02T09:44:14Z</time>
			</trkpt>
			<trkpt lat="45.351494" lon="-121.703583">
				<ele>2331.38208</ele>
				<time>2026-06-02T09:44:14Z</time>
			</trkpt>
			<trkpt lat="45.351536" lon="-121.70356">
				<ele>2333.485107</ele>
				<time>2026-06-02T09:44:28Z</time>
			</trkpt>
			<trkpt lat="45.351578" lon="-121.703529">
				<ele>2335.054688</ele>
				<time>2026-06-02T09:44:42Z</time>
			</trkpt>
			<trkpt lat="45.351578" lon="-121.703529">
				<ele>2335.054688</ele>
				<time>2026-06-02T09:44:42Z</time>
			</trkpt>
			<trkpt lat="45.35162" lon="-121.703506">
				<ele>2336.170166</ele>
				<time>2026-06-02T09:45:01Z</time>
			</trkpt>
			<trkpt lat="45.35162" lon="-121.703506">
				<ele>2336.170166</ele>
				<time>2026-06-02T09:45:01Z</time>
			</trkpt>
			<trkpt lat="45.351662" lon="-121.703476">
				<ele>2336.991211</ele>
				<time>2026-06-02T09:45:15Z</time>
			</trkpt>
			<trkpt lat="45.3517" lon="-121.703453">
				<ele>2338.2229</ele>
				<time>2026-06-02T09:45:25Z</time>
			</trkpt>
			<trkpt lat="45.3517" lon="-121.703453">
				<ele>2338.2229</ele>
				<time>2026-06-02T09:45:25Z</time>
			</trkpt>
			<trkpt lat="45.351746" lon="-121.703438">
				<ele>2340.202393</ele>
				<time>2026-06-02T09:45:37Z</time>
			</trkpt>
			<trkpt lat="45.351788" lon="-121.703407">
				<ele>2342.526123</ele>
				<time>2026-06-02T09:45:51Z</time>
			</trkpt>
			<trkpt lat="45.351788" lon="-121.703407">
				<ele>2342.526123</ele>
				<time>2026-06-02T09:45:51Z</time>
			</trkpt>
			<trkpt lat="45.351826" lon="-121.703384">
				<ele>2344.525879</ele>
				<time>2026-06-02T09:46:04Z</time>
			</trkpt>
			<trkpt lat="45.351871" lon="-121.703369">
				<ele>2346.077148</ele>
				<time>2026-06-02T09:46:23Z</time>
			</trkpt>
			<trkpt lat="45.351871" lon="-121.703369">
				<ele>2346.077148</ele>
				<time>2026-06-02T09:46:23Z</time>
			</trkpt>
			<trkpt lat="45.351917" lon="-121.703339">
				<ele>2347.740479</ele>
				<time>2026-06-02T09:46:32Z</time>
			</trkpt>
			<trkpt lat="45.351959" lon="-121.703316">
				<ele>2350.358643</ele>
				<time>2026-06-02T09:46:39Z</time>
			</trkpt>
			<trkpt lat="45.352001" lon="-121.703293">
				<ele>2351.302002</ele>
				<time>2026-06-02T09:46:48Z</time>
			</trkpt>
			<trkpt lat="45.352001" lon="-121.703293">
				<ele>2351.302002</ele>
				<time>2026-06-02T09:46:48Z</time>
			</trkpt>
			<trkpt lat="45.352036" lon="-121.703262">
				<ele>2353.02124</ele>
				<time>2026-06-02T09:47:04Z</time>
			</trkpt>
			<trkpt lat="45.352077" lon="-121.703224">
				<ele>2353.319824</ele>
				<time>2026-06-02T09:47:18Z</time>
			</trkpt>
			<trkpt lat="45.352077" lon="-121.703224">
				<ele>2353.319824</ele>
				<time>2026-06-02T09:47:18Z</time>
			</trkpt>
			<trkpt lat="45.352116" lon="-121.703194">
				<ele>2354.724854</ele>
				<time>2026-06-02T09:47:29Z</time>
			</trkpt>
			<trkpt lat="45.352165" lon="-121.703194">
				<ele>2356.13916</ele>
				<time>2026-06-02T09:47:48Z</time>
			</trkpt>
			<trkpt lat="45.352165" lon="-121.703194">
				<ele>2356.13916</ele>
				<time>2026-06-02T09:47:48Z</time>
			</trkpt>
			<trkpt lat="45.352207" lon="-121.703186">
				<ele>2358.171875</ele>
				<time>2026-06-02T09:48:00Z</time>
			</trkpt>
			<trkpt lat="45.352253" lon="-121.703194">
				<ele>2362.380127</ele>
				<time>2026-06-02T09:49:06Z</time>
			</trkpt>
			<trkpt lat="45.352253" lon="-121.703194">
				<ele>2362.380127</ele>
				<time>2026-06-02T09:49:06Z</time>
			</trkpt>
			<trkpt lat="45.352291" lon="-121.703156">
				<ele>2362.462646</ele>
				<time>2026-06-02T09:49:28Z</time>
			</trkpt>
			<trkpt lat="45.352291" lon="-121.703156">
				<ele>2362.462646</ele>
				<time>2026-06-02T09:49:28Z</time>
			</trkpt>
			<trkpt lat="45.352333" lon="-121.70314">
				<ele>2364.314209</ele>
				<time>2026-06-02T09:49:44Z</time>
			</trkpt>
			<trkpt lat="45.352375" lon="-121.703125">
				<ele>2366.883545</ele>
				<time>2026-06-02T09:50:00Z</time>
			</trkpt>
			<trkpt lat="45.352375" lon="-121.703125">
				<ele>2366.883545</ele>
				<time>2026-06-02T09:50:00Z</time>
			</trkpt>
			<trkpt lat="45.35239" lon="-121.703064">
				<ele>2368.505127</ele>
				<time>2026-06-02T09:50:18Z</time>
			</trkpt>
			<trkpt lat="45.352432" lon="-121.703064">
				<ele>2369.529541</ele>
				<time>2026-06-02T09:50:31Z</time>
			</trkpt>
			<trkpt lat="45.352432" lon="-121.703064">
				<ele>2369.529541</ele>
				<time>2026-06-02T09:50:31Z</time>
			</trkpt>
			<trkpt lat="45.352474" lon="-121.703056">
				<ele>2370.134277</ele>
				<time>2026-06-02T09:50:44Z</time>
			</trkpt>
			<trkpt lat="45.352516" lon="-121.703041">
				<ele>2371.433594</ele>
				<time>2026-06-02T09:50:57Z</time>
			</trkpt>
			<trkpt lat="45.352516" lon="-121.703041">
				<ele>2371.433594</ele>
				<time>2026-06-02T09:50:57Z</time>
			</trkpt>
			<trkpt lat="45.352558" lon="-121.703011">
				<ele>2372.450928</ele>
				<time>2026-06-02T09:51:10Z</time>
			</trkpt>
			<trkpt lat="45.352581" lon="-121.702957">
				<ele>2373.991211</ele>
				<time>2026-06-02T09:51:24Z</time>
			</trkpt>
			<trkpt lat="45.352581" lon="-121.702957">
				<ele>2373.991211</ele>
				<time>2026-06-02T09:51:24Z</time>
			</trkpt>
			<trkpt lat="45.352623" lon="-121.702934">
				<ele>2375.068604</ele>
				<time>2026-06-02T09:51:45Z</time>
			</trkpt>
			<trkpt lat="45.352623" lon="-121.702934">
				<ele>2375.068604</ele>
				<time>2026-06-02T09:51:45Z</time>
			</trkpt>
			<trkpt lat="45.352669" lon="-121.702934">
				<ele>2376.036377</ele>
				<time>2026-06-02T09:52:00Z</time>
			</trkpt>
			<trkpt lat="45.352711" lon="-121.702934">
				<ele>2377.230957</ele>
				<time>2026-06-02T09:52:13Z</time>
			</trkpt>
			<trkpt lat="45.352711" lon="-121.702934">
				<ele>2377.230957</ele>
				<time>2026-06-02T09:52:13Z</time>
			</trkpt>
			<trkpt lat="45.352757" lon="-121.702934">
				<ele>2377.996338</ele>
				<time>2026-06-02T09:52:26Z</time>
			</trkpt>
			<trkpt lat="45.352802" lon="-121.702934">
				<ele>2380.027832</ele>
				<time>2026-06-02T09:52:37Z</time>
			</trkpt>
			<trkpt lat="45.352802" lon="-121.702934">
				<ele>2380.027832</ele>
				<time>2026-06-02T09:52:37Z</time>
			</trkpt>
			<trkpt lat="45.352848" lon="-121.70295">
				<ele>2382.20166</ele>
				<time>2026-06-02T09:52:49Z</time>
			</trkpt>
			<trkpt lat="45.35289" lon="-121.702927">
				<ele>2384.481201</ele>
				<time>2026-06-02T09:53:02Z</time>
			</trkpt>
			<trkpt lat="45.35289" lon="-121.702927">
				<ele>2384.481201</ele>
				<time>2026-06-02T09:53:02Z</time>
			</trkpt>
			<trkpt lat="45.352936" lon="-121.702934">
				<ele>2385.101807</ele>
				<time>2026-06-02T09:53:14Z</time>
			</trkpt>
			<trkpt lat="45.352978" lon="-121.70295">
				<ele>2386.850098</ele>
				<time>2026-06-02T09:53:23Z</time>
			</trkpt>
			<trkpt lat="45.352978" lon="-121.70295">
				<ele>2386.850098</ele>
				<time>2026-06-02T09:53:23Z</time>
			</trkpt>
			<trkpt lat="45.353024" lon="-121.702965">
				<ele>2389.640137</ele>
				<time>2026-06-02T09:53:41Z</time>
			</trkpt>
			<trkpt lat="45.353065" lon="-121.702934">
				<ele>2390.971191</ele>
				<time>2026-06-02T09:54:02Z</time>
			</trkpt>
			<trkpt lat="45.353065" lon="-121.702934">
				<ele>2390.971191</ele>
				<time>2026-06-02T09:54:02Z</time>
			</trkpt>
			<trkpt lat="45.353142" lon="-121.702866">
				<ele>2395.077881</ele>
				<time>2026-06-02T09:54:32Z</time>
			</trkpt>
			<trkpt lat="45.353142" lon="-121.702866">
				<ele>2395.077881</ele>
				<time>2026-06-02T09:54:32Z</time>
			</trkpt>
			<trkpt lat="45.35318" lon="-121.702843">
				<ele>2396.640381</ele>
				<time>2026-06-02T09:54:48Z</time>
			</trkpt>
			<trkpt lat="45.353226" lon="-121.702827">
				<ele>2399.316162</ele>
				<time>2026-06-02T09:55:01Z</time>
			</trkpt>
			<trkpt lat="45.353226" lon="-121.702827">
				<ele>2399.316162</ele>
				<time>2026-06-02T09:55:01Z</time>
			</trkpt>
			<trkpt lat="45.353271" lon="-121.702827">
				<ele>2400.339355</ele>
				<time>2026-06-02T09:55:14Z</time>
			</trkpt>
			<trkpt lat="45.353321" lon="-121.70282">
				<ele>2401.899658</ele>
				<time>2026-06-02T09:55:26Z</time>
			</trkpt>
			<trkpt lat="45.353321" lon="-121.70282">
				<ele>2401.899658</ele>
				<time>2026-06-02T09:55:26Z</time>
			</trkpt>
			<trkpt lat="45.353363" lon="-121.702827">
				<ele>2401.387451</ele>
				<time>2026-06-02T09:55:36Z</time>
			</trkpt>
			<trkpt lat="45.353409" lon="-121.702835">
				<ele>2402.949707</ele>
				<time>2026-06-02T09:55:46Z</time>
			</trkpt>
			<trkpt lat="45.353409" lon="-121.702835">
				<ele>2402.949707</ele>
				<time>2026-06-02T09:55:46Z</time>
			</trkpt>
			<trkpt lat="45.353447" lon="-121.702873">
				<ele>2403.600342</ele>
				<time>2026-06-02T09:55:56Z</time>
			</trkpt>
			<trkpt lat="45.353477" lon="-121.702919">
				<ele>2404.84082</ele>
				<time>2026-06-02T09:56:03Z</time>
			</trkpt>
			<trkpt lat="45.353516" lon="-121.70295">
				<ele>2405.438721</ele>
				<time>2026-06-02T09:56:12Z</time>
			</trkpt>
			<trkpt lat="45.353516" lon="-121.70295">
				<ele>2405.438721</ele>
				<time>2026-06-02T09:56:12Z</time>
			</trkpt>
			<trkpt lat="45.353561" lon="-121.702934">
				<ele>2406.413574</ele>
				<time>2026-06-02T09:56:24Z</time>
			</trkpt>
			<trkpt lat="45.353607" lon="-121.702927">
				<ele>2408.746338</ele>
				<time>2026-06-02T09:56:37Z</time>
			</trkpt>
			<trkpt lat="45.353607" lon="-121.702927">
				<ele>2408.746338</ele>
				<time>2026-06-02T09:56:37Z</time>
			</trkpt>
			<trkpt lat="45.353653" lon="-121.70295">
				<ele>2409.369385</ele>
				<time>2026-06-02T09:56:52Z</time>
			</trkpt>
			<trkpt lat="45.353699" lon="-121.702957">
				<ele>2409.694336</ele>
				<time>2026-06-02T09:57:05Z</time>
			</trkpt>
			<trkpt lat="45.353699" lon="-121.702957">
				<ele>2409.694336</ele>
				<time>2026-06-02T09:57:05Z</time>
			</trkpt>
			<trkpt lat="45.353737" lon="-121.702988">
				<ele>2410.361816</ele>
				<time>2026-06-02T09:57:17Z</time>
			</trkpt>
			<trkpt lat="45.353779" lon="-121.702995">
				<ele>2412.273926</ele>
				<time>2026-06-02T09:57:31Z</time>
			</trkpt>
			<trkpt lat="45.353779" lon="-121.702995">
				<ele>2412.273926</ele>
				<time>2026-06-02T09:57:31Z</time>
			</trkpt>
			<trkpt lat="45.353825" lon="-121.702995">
				<ele>2413.570068</ele>
				<time>2026-06-02T09:57:47Z</time>
			</trkpt>
			<trkpt lat="45.353867" lon="-121.702972">
				<ele>2415.776855</ele>
				<time>2026-06-02T09:58:04Z</time>
			</trkpt>
			<trkpt lat="45.353867" lon="-121.702972">
				<ele>2415.776855</ele>
				<time>2026-06-02T09:58:04Z</time>
			</trkpt>
			<trkpt lat="45.353901" lon="-121.702942">
				<ele>2417.497803</ele>
				<time>2026-06-02T09:58:24Z</time>
			</trkpt>
			<trkpt lat="45.353901" lon="-121.702942">
				<ele>2417.497803</ele>
				<time>2026-06-02T09:58:24Z</time>
			</trkpt>
			<trkpt lat="45.353943" lon="-121.702927">
				<ele>2420.461182</ele>
				<time>2026-06-02T09:58:40Z</time>
			</trkpt>
			<trkpt lat="45.353989" lon="-121.702911">
				<ele>2422.865967</ele>
				<time>2026-06-02T09:59:04Z</time>
			</trkpt>
			<trkpt lat="45.353989" lon="-121.702911">
				<ele>2422.865967</ele>
				<time>2026-06-02T09:59:04Z</time>
			</trkpt>
			<trkpt lat="45.354027" lon="-121.702866">
				<ele>2424.244873</ele>
				<time>2026-06-02T09:59:26Z</time>
			</trkpt>
			<trkpt lat="45.354027" lon="-121.702866">
				<ele>2424.244873</ele>
				<time>2026-06-02T09:59:26Z</time>
			</trkpt>
			<trkpt lat="45.354073" lon="-121.702858">
				<ele>2425.797363</ele>
				<time>2026-06-02T09:59:39Z</time>
			</trkpt>
			<trkpt lat="45.354111" lon="-121.702835">
				<ele>2427.321289</ele>
				<time>2026-06-02T09:59:56Z</time>
			</trkpt>
			<trkpt lat="45.354111" lon="-121.702835">
				<ele>2427.321289</ele>
				<time>2026-06-02T09:59:56Z</time>
			</trkpt>
			<trkpt lat="45.354153" lon="-121.70282">
				<ele>2428.689941</ele>
				<time>2026-06-02T10:00:11Z</time>
			</trkpt>
			<trkpt lat="45.354195" lon="-121.702805">
				<ele>2430.873779</ele>
				<time>2026-06-02T10:00:25Z</time>
			</trkpt>
			<trkpt lat="45.354195" lon="-121.702805">
				<ele>2430.873779</ele>
				<time>2026-06-02T10:00:25Z</time>
			</trkpt>
			<trkpt lat="45.354237" lon="-121.702812">
				<ele>2432.268311</ele>
				<time>2026-06-02T10:00:38Z</time>
			</trkpt>
			<trkpt lat="45.354279" lon="-121.702774">
				<ele>2433.539551</ele>
				<time>2026-06-02T10:00:55Z</time>
			</trkpt>
			<trkpt lat="45.354279" lon="-121.702774">
				<ele>2433.539551</ele>
				<time>2026-06-02T10:00:55Z</time>
			</trkpt>
			<trkpt lat="45.354321" lon="-121.702751">
				<ele>2434.130859</ele>
				<time>2026-06-02T10:01:07Z</time>
			</trkpt>
			<trkpt lat="45.354362" lon="-121.702728">
				<ele>2435.22876</ele>
				<time>2026-06-02T10:01:23Z</time>
			</trkpt>
			<trkpt lat="45.354362" lon="-121.702728">
				<ele>2435.22876</ele>
				<time>2026-06-02T10:01:23Z</time>
			</trkpt>
			<trkpt lat="45.354404" lon="-121.702713">
				<ele>2438.294922</ele>
				<time>2026-06-02T10:01:38Z</time>
			</trkpt>
			<trkpt lat="45.354446" lon="-121.702698">
				<ele>2440.556641</ele>
				<time>2026-06-02T10:01:52Z</time>
			</trkpt>
			<trkpt lat="45.354446" lon="-121.702698">
				<ele>2440.556641</ele>
				<time>2026-06-02T10:01:52Z</time>
			</trkpt>
			<trkpt lat="45.354488" lon="-121.702675">
				<ele>2442.435059</ele>
				<time>2026-06-02T10:02:11Z</time>
			</trkpt>
			<trkpt lat="45.354488" lon="-121.702675">
				<ele>2442.435059</ele>
				<time>2026-06-02T10:02:11Z</time>
			</trkpt>
			<trkpt lat="45.35453" lon="-121.702644">
				<ele>2444.240234</ele>
				<time>2026-06-02T10:02:28Z</time>
			</trkpt>
			<trkpt lat="45.354572" lon="-121.702621">
				<ele>2445.293213</ele>
				<time>2026-06-02T10:02:43Z</time>
			</trkpt>
			<trkpt lat="45.354572" lon="-121.702621">
				<ele>2445.293213</ele>
				<time>2026-06-02T10:02:43Z</time>
			</trkpt>
			<trkpt lat="45.354614" lon="-121.702621">
				<ele>2446.322998</ele>
				<time>2026-06-02T10:02:56Z</time>
			</trkpt>
			<trkpt lat="45.354656" lon="-121.702606">
				<ele>2447.897461</ele>
				<time>2026-06-02T10:03:12Z</time>
			</trkpt>
			<trkpt lat="45.354656" lon="-121.702606">
				<ele>2447.897461</ele>
				<time>2026-06-02T10:03:12Z</time>
			</trkpt>
			<trkpt lat="45.354698" lon="-121.702583">
				<ele>2448.895264</ele>
				<time>2026-06-02T10:03:25Z</time>
			</trkpt>
			<trkpt lat="45.35474" lon="-121.702568">
				<ele>2449.53418</ele>
				<time>2026-06-02T10:03:38Z</time>
			</trkpt>
			<trkpt lat="45.35474" lon="-121.702568">
				<ele>2449.53418</ele>
				<time>2026-06-02T10:03:38Z</time>
			</trkpt>
			<trkpt lat="45.354778" lon="-121.702545">
				<ele>2452.375</ele>
				<time>2026-06-02T10:03:52Z</time>
			</trkpt>
			<trkpt lat="45.354824" lon="-121.702538">
				<ele>2454.358887</ele>
				<time>2026-06-02T10:04:06Z</time>
			</trkpt>
			<trkpt lat="45.354824" lon="-121.702538">
				<ele>2454.358887</ele>
				<time>2026-06-02T10:04:06Z</time>
			</trkpt>
			<trkpt lat="45.354866" lon="-121.70253">
				<ele>2457.746826</ele>
				<time>2026-06-02T10:04:28Z</time>
			</trkpt>
			<trkpt lat="45.354866" lon="-121.70253">
				<ele>2457.746826</ele>
				<time>2026-06-02T10:04:28Z</time>
			</trkpt>
			<trkpt lat="45.354908" lon="-121.702515">
				<ele>2460.039795</ele>
				<time>2026-06-02T10:04:47Z</time>
			</trkpt>
			<trkpt lat="45.354908" lon="-121.702515">
				<ele>2460.039795</ele>
				<time>2026-06-02T10:04:47Z</time>
			</trkpt>
			<trkpt lat="45.35495" lon="-121.702492">
				<ele>2462.629639</ele>
				<time>2026-06-02T10:05:09Z</time>
			</trkpt>
			<trkpt lat="45.35495" lon="-121.702492">
				<ele>2462.629639</ele>
				<time>2026-06-02T10:05:09Z</time>
			</trkpt>
			<trkpt lat="45.354992" lon="-121.702477">
				<ele>2464.001953</ele>
				<time>2026-06-02T10:05:31Z</time>
			</trkpt>
			<trkpt lat="45.354992" lon="-121.702477">
				<ele>2464.001953</ele>
				<time>2026-06-02T10:05:31Z</time>
			</trkpt>
			<trkpt lat="45.355034" lon="-121.702454">
				<ele>2465.5896</ele>
				<time>2026-06-02T10:05:47Z</time>
			</trkpt>
			<trkpt lat="45.355072" lon="-121.702423">
				<ele>2467.835449</ele>
				<time>2026-06-02T10:06:00Z</time>
			</trkpt>
			<trkpt lat="45.355072" lon="-121.702423">
				<ele>2467.835449</ele>
				<time>2026-06-02T10:06:00Z</time>
			</trkpt>
			<trkpt lat="45.355114" lon="-121.702408">
				<ele>2471.204834</ele>
				<time>2026-06-02T10:06:18Z</time>
			</trkpt>
			<trkpt lat="45.355156" lon="-121.702408">
				<ele>2471.651123</ele>
				<time>2026-06-02T10:06:33Z</time>
			</trkpt>
			<trkpt lat="45.355156" lon="-121.702408">
				<ele>2471.651123</ele>
				<time>2026-06-02T10:06:33Z</time>
			</trkpt>
			<trkpt lat="45.355194" lon="-121.702377">
				<ele>2473.984131</ele>
				<time>2026-06-02T10:07:44Z</time>
			</trkpt>
			<trkpt lat="45.355194" lon="-121.702377">
				<ele>2473.984131</ele>
				<time>2026-06-02T10:07:44Z</time>
			</trkpt>
			<trkpt lat="45.355236" lon="-121.702347">
				<ele>2475.935791</ele>
				<time>2026-06-02T10:07:56Z</time>
			</trkpt>
			<trkpt lat="45.355278" lon="-121.702332">
				<ele>2478.654541</ele>
				<time>2026-06-02T10:08:09Z</time>
			</trkpt>
			<trkpt lat="45.355278" lon="-121.702332">
				<ele>2478.654541</ele>
				<time>2026-06-02T10:08:09Z</time>
			</trkpt>
			<trkpt lat="45.355316" lon="-121.702309">
				<ele>2478.720215</ele>
				<time>2026-06-02T10:08:20Z</time>
			</trkpt>
			<trkpt lat="45.355354" lon="-121.702271">
				<ele>2481.060547</ele>
				<time>2026-06-02T10:08:33Z</time>
			</trkpt>
			<trkpt lat="45.355354" lon="-121.702271">
				<ele>2481.060547</ele>
				<time>2026-06-02T10:08:33Z</time>
			</trkpt>
			<trkpt lat="45.355412" lon="-121.702171">
				<ele>2486.473633</ele>
				<time>2026-06-02T10:08:59Z</time>
			</trkpt>
			<trkpt lat="45.355412" lon="-121.702171">
				<ele>2486.473633</ele>
				<time>2026-06-02T10:08:59Z</time>
			</trkpt>
			<trkpt lat="45.355453" lon="-121.702156">
				<ele>2487.544922</ele>
				<time>2026-06-02T10:09:11Z</time>
			</trkpt>
			<trkpt lat="45.355492" lon="-121.702118">
				<ele>2487.889404</ele>
				<time>2026-06-02T10:09:28Z</time>
			</trkpt>
			<trkpt lat="45.355492" lon="-121.702118">
				<ele>2487.889404</ele>
				<time>2026-06-02T10:09:28Z</time>
			</trkpt>
			<trkpt lat="45.355522" lon="-121.70208">
				<ele>2489.216553</ele>
				<time>2026-06-02T10:09:42Z</time>
			</trkpt>
			<trkpt lat="45.355564" lon="-121.702049">
				<ele>2490.355469</ele>
				<time>2026-06-02T10:09:55Z</time>
			</trkpt>
			<trkpt lat="45.355564" lon="-121.702049">
				<ele>2490.355469</ele>
				<time>2026-06-02T10:09:55Z</time>
			</trkpt>
			<trkpt lat="45.355602" lon="-121.702011">
				<ele>2491.42334</ele>
				<time>2026-06-02T10:10:08Z</time>
			</trkpt>
			<trkpt lat="45.355629" lon="-121.701958">
				<ele>2493.824951</ele>
				<time>2026-06-02T10:10:21Z</time>
			</trkpt>
			<trkpt lat="45.355629" lon="-121.701958">
				<ele>2493.824951</ele>
				<time>2026-06-02T10:10:21Z</time>
			</trkpt>
			<trkpt lat="45.355659" lon="-121.701912">
				<ele>2495.229248</ele>
				<time>2026-06-02T10:10:32Z</time>
			</trkpt>
			<trkpt lat="45.355701" lon="-121.701889">
				<ele>2497.509277</ele>
				<time>2026-06-02T10:10:43Z</time>
			</trkpt>
			<trkpt lat="45.355701" lon="-121.701889">
				<ele>2497.509277</ele>
				<time>2026-06-02T10:10:43Z</time>
			</trkpt>
			<trkpt lat="45.35574" lon="-121.701843">
				<ele>2498.634277</ele>
				<time>2026-06-02T10:10:53Z</time>
			</trkpt>
			<trkpt lat="45.355766" lon="-121.701797">
				<ele>2499.794922</ele>
				<time>2026-06-02T10:11:04Z</time>
			</trkpt>
			<trkpt lat="45.355766" lon="-121.701797">
				<ele>2499.794922</ele>
				<time>2026-06-02T10:11:04Z</time>
			</trkpt>
			<trkpt lat="45.355812" lon="-121.701775">
				<ele>2500.37085</ele>
				<time>2026-06-02T10:11:12Z</time>
			</trkpt>
			<trkpt lat="45.355839" lon="-121.701721">
				<ele>2501.469727</ele>
				<time>2026-06-02T10:16:39Z</time>
			</trkpt>
			<trkpt lat="45.355839" lon="-121.701721">
				<ele>2501.469727</ele>
				<time>2026-06-02T10:16:39Z</time>
			</trkpt>
			<trkpt lat="45.355862" lon="-121.701668">
				<ele>2502.314209</ele>
				<time>2026-06-02T10:16:45Z</time>
			</trkpt>
			<trkpt lat="45.355892" lon="-121.701614">
				<ele>2502.100098</ele>
				<time>2026-06-02T10:16:52Z</time>
			</trkpt>
			<trkpt lat="45.355923" lon="-121.701561">
				<ele>2503.967041</ele>
				<time>2026-06-02T10:16:58Z</time>
			</trkpt>
			<trkpt lat="45.355923" lon="-121.701561">
				<ele>2503.967041</ele>
				<time>2026-06-02T10:16:58Z</time>
			</trkpt>
			<trkpt lat="45.355953" lon="-121.701508">
				<ele>2504.696777</ele>
				<time>2026-06-02T10:17:08Z</time>
			</trkpt>
			<trkpt lat="45.355934" lon="-121.701569">
				<ele>2506.330566</ele>
				<time>2026-06-02T10:18:22Z</time>
			</trkpt>
			<trkpt lat="45.355934" lon="-121.701569">
				<ele>2506.330566</ele>
				<time>2026-06-02T10:18:22Z</time>
			</trkpt>
			<trkpt lat="45.355919" lon="-121.701622">
				<ele>2504.977783</ele>
				<time>2026-06-02T10:18:32Z</time>
			</trkpt>
			<trkpt lat="45.355885" lon="-121.701752">
				<ele>2502.634033</ele>
				<time>2026-06-02T10:18:44Z</time>
			</trkpt>
			<trkpt lat="45.355885" lon="-121.701752">
				<ele>2502.634033</ele>
				<time>2026-06-02T10:18:44Z</time>
			</trkpt>
			<trkpt lat="45.355843" lon="-121.70179">
				<ele>2500.435547</ele>
				<time>2026-06-02T10:18:53Z</time>
			</trkpt>
			<trkpt lat="45.355888" lon="-121.701797">
				<ele>2499.414795</ele>
				<time>2026-06-02T10:20:12Z</time>
			</trkpt>
			<trkpt lat="45.355888" lon="-121.701797">
				<ele>2499.414795</ele>
				<time>2026-06-02T10:20:12Z</time>
			</trkpt>
			<trkpt lat="45.355927" lon="-121.701828">
				<ele>2499.624512</ele>
				<time>2026-06-02T10:20:18Z</time>
			</trkpt>
			<trkpt lat="45.355965" lon="-121.701851">
				<ele>2499.848877</ele>
				<time>2026-06-02T10:20:23Z</time>
			</trkpt>
			<trkpt lat="45.356007" lon="-121.701874">
				<ele>2500.756348</ele>
				<time>2026-06-02T10:20:28Z</time>
			</trkpt>
			<trkpt lat="45.356052" lon="-121.701889">
				<ele>2501.780029</ele>
				<time>2026-06-02T10:20:36Z</time>
			</trkpt>
			<trkpt lat="45.356052" lon="-121.701889">
				<ele>2501.780029</ele>
				<time>2026-06-02T10:20:36Z</time>
			</trkpt>
			<trkpt lat="45.356098" lon="-121.701904">
				<ele>2502.568359</ele>
				<time>2026-06-02T10:20:47Z</time>
			</trkpt>
			<trkpt lat="45.35614" lon="-121.701912">
				<ele>2503.68335</ele>
				<time>2026-06-02T10:20:55Z</time>
			</trkpt>
			<trkpt lat="45.35614" lon="-121.701912">
				<ele>2503.68335</ele>
				<time>2026-06-02T10:20:55Z</time>
			</trkpt>
			<trkpt lat="45.356228" lon="-121.701935">
				<ele>2507.455566</ele>
				<time>2026-06-02T10:21:13Z</time>
			</trkpt>
			<trkpt lat="45.356266" lon="-121.701973">
				<ele>2509.984863</ele>
				<time>2026-06-02T10:21:23Z</time>
			</trkpt>
			<trkpt lat="45.356266" lon="-121.701973">
				<ele>2509.984863</ele>
				<time>2026-06-02T10:21:23Z</time>
			</trkpt>
			<trkpt lat="45.356304" lon="-121.70195">
				<ele>2510.515137</ele>
				<time>2026-06-02T10:21:35Z</time>
			</trkpt>
			<trkpt lat="45.35635" lon="-121.70195">
				<ele>2511.350098</ele>
				<time>2026-06-02T10:21:46Z</time>
			</trkpt>
			<trkpt lat="45.35635" lon="-121.70195">
				<ele>2511.350098</ele>
				<time>2026-06-02T10:21:46Z</time>
			</trkpt>
			<trkpt lat="45.356392" lon="-121.701942">
				<ele>2513.729248</ele>
				<time>2026-06-02T10:21:57Z</time>
			</trkpt>
			<trkpt lat="45.356438" lon="-121.701942">
				<ele>2515.362305</ele>
				<time>2026-06-02T10:22:10Z</time>
			</trkpt>
			<trkpt lat="45.356438" lon="-121.701942">
				<ele>2515.362305</ele>
				<time>2026-06-02T10:22:10Z</time>
			</trkpt>
			<trkpt lat="45.356483" lon="-121.701935">
				<ele>2516.054199</ele>
				<time>2026-06-02T10:22:25Z</time>
			</trkpt>
			<trkpt lat="45.356529" lon="-121.701942">
				<ele>2517.588135</ele>
				<time>2026-06-02T10:22:40Z</time>
			</trkpt>
			<trkpt lat="45.356529" lon="-121.701942">
				<ele>2517.588135</ele>
				<time>2026-06-02T10:22:40Z</time>
			</trkpt>
			<trkpt lat="45.356571" lon="-121.701942">
				<ele>2520.239502</ele>
				<time>2026-06-02T10:22:55Z</time>
			</trkpt>
			<trkpt lat="45.356617" lon="-121.701942">
				<ele>2521.583984</ele>
				<time>2026-06-02T10:23:10Z</time>
			</trkpt>
			<trkpt lat="45.356617" lon="-121.701942">
				<ele>2521.583984</ele>
				<time>2026-06-02T10:23:10Z</time>
			</trkpt>
			<trkpt lat="45.356659" lon="-121.701935">
				<ele>2523.730225</ele>
				<time>2026-06-02T10:23:23Z</time>
			</trkpt>
			<trkpt lat="45.356705" lon="-121.701927">
				<ele>2525.022705</ele>
				<time>2026-06-02T10:23:37Z</time>
			</trkpt>
			<trkpt lat="45.356705" lon="-121.701927">
				<ele>2525.022705</ele>
				<time>2026-06-02T10:23:37Z</time>
			</trkpt>
			<trkpt lat="45.356747" lon="-121.701935">
				<ele>2526.283936</ele>
				<time>2026-06-02T10:23:49Z</time>
			</trkpt>
			<trkpt lat="45.356792" lon="-121.70195">
				<ele>2528.708252</ele>
				<time>2026-06-02T10:24:02Z</time>
			</trkpt>
			<trkpt lat="45.356792" lon="-121.70195">
				<ele>2528.708252</ele>
				<time>2026-06-02T10:24:02Z</time>
			</trkpt>
			<trkpt lat="45.356834" lon="-121.701927">
				<ele>2530.489746</ele>
				<time>2026-06-02T10:24:16Z</time>
			</trkpt>
			<trkpt lat="45.356876" lon="-121.70192">
				<ele>2531.855957</ele>
				<time>2026-06-02T10:24:31Z</time>
			</trkpt>
			<trkpt lat="45.356876" lon="-121.70192">
				<ele>2531.855957</ele>
				<time>2026-06-02T10:24:31Z</time>
			</trkpt>
			<trkpt lat="45.356922" lon="-121.701904">
				<ele>2533.532715</ele>
				<time>2026-06-02T10:24:45Z</time>
			</trkpt>
			<trkpt lat="45.35696" lon="-121.701866">
				<ele>2535.278809</ele>
				<time>2026-06-02T10:24:58Z</time>
			</trkpt>
			<trkpt lat="45.35696" lon="-121.701866">
				<ele>2535.278809</ele>
				<time>2026-06-02T10:24:58Z</time>
			</trkpt>
			<trkpt lat="45.356991" lon="-121.70182">
				<ele>2537.530518</ele>
				<time>2026-06-02T10:25:10Z</time>
			</trkpt>
			<trkpt lat="45.357037" lon="-121.701805">
				<ele>2539.109131</ele>
				<time>2026-06-02T10:25:22Z</time>
			</trkpt>
			<trkpt lat="45.357037" lon="-121.701805">
				<ele>2539.109131</ele>
				<time>2026-06-02T10:25:22Z</time>
			</trkpt>
			<trkpt lat="45.357079" lon="-121.701797">
				<ele>2539.715088</ele>
				<time>2026-06-02T10:26:16Z</time>
			</trkpt>
			<trkpt lat="45.357079" lon="-121.701797">
				<ele>2539.715088</ele>
				<time>2026-06-02T10:26:16Z</time>
			</trkpt>
			<trkpt lat="45.357117" lon="-121.701759">
				<ele>2541.79126</ele>
				<time>2026-06-02T10:26:26Z</time>
			</trkpt>
			<trkpt lat="45.357155" lon="-121.701729">
				<ele>2543.098633</ele>
				<time>2026-06-02T10:26:37Z</time>
			</trkpt>
			<trkpt lat="45.357155" lon="-121.701729">
				<ele>2543.098633</ele>
				<time>2026-06-02T10:26:37Z</time>
			</trkpt>
			<trkpt lat="45.357189" lon="-121.701691">
				<ele>2545.103516</ele>
				<time>2026-06-02T10:26:48Z</time>
			</trkpt>
			<trkpt lat="45.357227" lon="-121.701668">
				<ele>2547.036377</ele>
				<time>2026-06-02T10:26:57Z</time>
			</trkpt>
			<trkpt lat="45.357227" lon="-121.701668">
				<ele>2547.036377</ele>
				<time>2026-06-02T10:26:57Z</time>
			</trkpt>
			<trkpt lat="45.357269" lon="-121.701637">
				<ele>2549.046875</ele>
				<time>2026-06-02T10:27:07Z</time>
			</trkpt>
			<trkpt lat="45.357311" lon="-121.701614">
				<ele>2550.19751</ele>
				<time>2026-06-02T10:27:17Z</time>
			</trkpt>
			<trkpt lat="45.357311" lon="-121.701614">
				<ele>2550.19751</ele>
				<time>2026-06-02T10:27:17Z</time>
			</trkpt>
			<trkpt lat="45.357349" lon="-121.701576">
				<ele>2551.181396</ele>
				<time>2026-06-02T10:27:28Z</time>
			</trkpt>
			<trkpt lat="45.357391" lon="-121.701553">
				<ele>2552.438477</ele>
				<time>2026-06-02T10:27:40Z</time>
			</trkpt>
			<trkpt lat="45.357391" lon="-121.701553">
				<ele>2552.438477</ele>
				<time>2026-06-02T10:27:40Z</time>
			</trkpt>
			<trkpt lat="45.357471" lon="-121.701508">
				<ele>2555.431885</ele>
				<time>2026-06-02T10:28:03Z</time>
			</trkpt>
			<trkpt lat="45.357471" lon="-121.701508">
				<ele>2555.431885</ele>
				<time>2026-06-02T10:28:03Z</time>
			</trkpt>
			<trkpt lat="45.357513" lon="-121.701492">
				<ele>2556.859131</ele>
				<time>2026-06-02T10:28:17Z</time>
			</trkpt>
			<trkpt lat="45.357559" lon="-121.701492">
				<ele>2558.102051</ele>
				<time>2026-06-02T10:28:30Z</time>
			</trkpt>
			<trkpt lat="45.357559" lon="-121.701492">
				<ele>2558.102051</ele>
				<time>2026-06-02T10:28:30Z</time>
			</trkpt>
			<trkpt lat="45.357647" lon="-121.701485">
				<ele>2562.119141</ele>
				<time>2026-06-02T10:28:56Z</time>
			</trkpt>
			<trkpt lat="45.357647" lon="-121.701485">
				<ele>2562.119141</ele>
				<time>2026-06-02T10:28:56Z</time>
			</trkpt>
			<trkpt lat="45.357689" lon="-121.701462">
				<ele>2564.306641</ele>
				<time>2026-06-02T10:29:08Z</time>
			</trkpt>
			<trkpt lat="45.357735" lon="-121.701469">
				<ele>2565.401611</ele>
				<time>2026-06-02T10:29:20Z</time>
			</trkpt>
			<trkpt lat="45.357735" lon="-121.701469">
				<ele>2565.401611</ele>
				<time>2026-06-02T10:29:20Z</time>
			</trkpt>
			<trkpt lat="45.357777" lon="-121.701492">
				<ele>2566.152588</ele>
				<time>2026-06-02T10:29:31Z</time>
			</trkpt>
			<trkpt lat="45.357819" lon="-121.701508">
				<ele>2567.40918</ele>
				<time>2026-06-02T10:29:44Z</time>
			</trkpt>
			<trkpt lat="45.357819" lon="-121.701508">
				<ele>2567.40918</ele>
				<time>2026-06-02T10:29:44Z</time>
			</trkpt>
			<trkpt lat="45.357861" lon="-121.701492">
				<ele>2568.124512</ele>
				<time>2026-06-02T10:30:03Z</time>
			</trkpt>
			<trkpt lat="45.357861" lon="-121.701492">
				<ele>2568.124512</ele>
				<time>2026-06-02T10:30:03Z</time>
			</trkpt>
			<trkpt lat="45.357903" lon="-121.701485">
				<ele>2569.276367</ele>
				<time>2026-06-02T10:30:17Z</time>
			</trkpt>
			<trkpt lat="45.357948" lon="-121.701485">
				<ele>2570.924316</ele>
				<time>2026-06-02T10:30:32Z</time>
			</trkpt>
			<trkpt lat="45.357948" lon="-121.701485">
				<ele>2570.924316</ele>
				<time>2026-06-02T10:30:32Z</time>
			</trkpt>
			<trkpt lat="45.35799" lon="-121.701485">
				<ele>2571.540771</ele>
				<time>2026-06-02T10:30:48Z</time>
			</trkpt>
			<trkpt lat="45.358036" lon="-121.701485">
				<ele>2570.932129</ele>
				<time>2026-06-02T10:31:06Z</time>
			</trkpt>
			<trkpt lat="45.358036" lon="-121.701485">
				<ele>2570.932129</ele>
				<time>2026-06-02T10:31:06Z</time>
			</trkpt>
			<trkpt lat="45.358078" lon="-121.701508">
				<ele>2574.280029</ele>
				<time>2026-06-02T10:31:20Z</time>
			</trkpt>
			<trkpt lat="45.358124" lon="-121.701515">
				<ele>2576.043701</ele>
				<time>2026-06-02T10:31:35Z</time>
			</trkpt>
			<trkpt lat="45.358124" lon="-121.701515">
				<ele>2576.043701</ele>
				<time>2026-06-02T10:31:35Z</time>
			</trkpt>
			<trkpt lat="45.35817" lon="-121.70153">
				<ele>2576.463867</ele>
				<time>2026-06-02T10:31:50Z</time>
			</trkpt>
			<trkpt lat="45.358212" lon="-121.701546">
				<ele>2578.412842</ele>
				<time>2026-06-02T10:32:04Z</time>
			</trkpt>
			<trkpt lat="45.358212" lon="-121.701546">
				<ele>2578.412842</ele>
				<time>2026-06-02T10:32:04Z</time>
			</trkpt>
			<trkpt lat="45.358253" lon="-121.701561">
				<ele>2580.616943</ele>
				<time>2026-06-02T10:32:21Z</time>
			</trkpt>
			<trkpt lat="45.358295" lon="-121.701591">
				<ele>2583.491943</ele>
				<time>2026-06-02T10:32:37Z</time>
			</trkpt>
			<trkpt lat="45.358295" lon="-121.701591">
				<ele>2583.491943</ele>
				<time>2026-06-02T10:32:37Z</time>
			</trkpt>
			<trkpt lat="45.358337" lon="-121.701614">
				<ele>2584.201172</ele>
				<time>2026-06-02T10:32:54Z</time>
			</trkpt>
			<trkpt lat="45.358379" lon="-121.70163">
				<ele>2585.162109</ele>
				<time>2026-06-02T10:33:08Z</time>
			</trkpt>
			<trkpt lat="45.358379" lon="-121.70163">
				<ele>2585.162109</ele>
				<time>2026-06-02T10:33:08Z</time>
			</trkpt>
			<trkpt lat="45.358467" lon="-121.701637">
				<ele>2588.865967</ele>
				<time>2026-06-02T10:33:39Z</time>
			</trkpt>
			<trkpt lat="45.358467" lon="-121.701637">
				<ele>2588.865967</ele>
				<time>2026-06-02T10:33:39Z</time>
			</trkpt>
			<trkpt lat="45.358509" lon="-121.701622">
				<ele>2591.3479</ele>
				<time>2026-06-02T10:33:52Z</time>
			</trkpt>
			<trkpt lat="45.358551" lon="-121.701622">
				<ele>2592.98877</ele>
				<time>2026-06-02T10:34:07Z</time>
			</trkpt>
			<trkpt lat="45.358551" lon="-121.701622">
				<ele>2592.98877</ele>
				<time>2026-06-02T10:34:07Z</time>
			</trkpt>
			<trkpt lat="45.358597" lon="-121.701614">
				<ele>2593.714844</ele>
				<time>2026-06-02T10:34:23Z</time>
			</trkpt>
			<trkpt lat="45.358643" lon="-121.701614">
				<ele>2596.840088</ele>
				<time>2026-06-02T10:34:40Z</time>
			</trkpt>
			<trkpt lat="45.358643" lon="-121.701614">
				<ele>2596.840088</ele>
				<time>2026-06-02T10:34:40Z</time>
			</trkpt>
			<trkpt lat="45.358685" lon="-121.70163">
				<ele>2596.871338</ele>
				<time>2026-06-02T10:34:56Z</time>
			</trkpt>
			<trkpt lat="45.35873" lon="-121.701637">
				<ele>2597.17627</ele>
				<time>2026-06-02T10:35:10Z</time>
			</trkpt>
			<trkpt lat="45.35873" lon="-121.701637">
				<ele>2597.17627</ele>
				<time>2026-06-02T10:35:10Z</time>
			</trkpt>
			<trkpt lat="45.358776" lon="-121.70163">
				<ele>2598.727295</ele>
				<time>2026-06-02T10:35:27Z</time>
			</trkpt>
			<trkpt lat="45.358822" lon="-121.701622">
				<ele>2598.456543</ele>
				<time>2026-06-02T10:35:39Z</time>
			</trkpt>
			<trkpt lat="45.358822" lon="-121.701622">
				<ele>2598.456543</ele>
				<time>2026-06-02T10:35:39Z</time>
			</trkpt>
			<trkpt lat="45.358868" lon="-121.701622">
				<ele>2600.327393</ele>
				<time>2026-06-02T10:35:52Z</time>
			</trkpt>
			<trkpt lat="45.358913" lon="-121.701622">
				<ele>2602.930664</ele>
				<time>2026-06-02T10:36:07Z</time>
			</trkpt>
			<trkpt lat="45.358913" lon="-121.701622">
				<ele>2602.930664</ele>
				<time>2026-06-02T10:36:07Z</time>
			</trkpt>
			<trkpt lat="45.358955" lon="-121.701637">
				<ele>2603.858398</ele>
				<time>2026-06-02T10:36:21Z</time>
			</trkpt>
			<trkpt lat="45.358997" lon="-121.701637">
				<ele>2605.308105</ele>
				<time>2026-06-02T10:36:38Z</time>
			</trkpt>
			<trkpt lat="45.358997" lon="-121.701637">
				<ele>2605.308105</ele>
				<time>2026-06-02T10:36:38Z</time>
			</trkpt>
			<trkpt lat="45.359043" lon="-121.701637">
				<ele>2606.619385</ele>
				<time>2026-06-02T10:36:54Z</time>
			</trkpt>
			<trkpt lat="45.359089" lon="-121.701637">
				<ele>2608.35376</ele>
				<time>2026-06-02T10:37:07Z</time>
			</trkpt>
			<trkpt lat="45.359089" lon="-121.701637">
				<ele>2608.35376</ele>
				<time>2026-06-02T10:37:07Z</time>
			</trkpt>
			<trkpt lat="45.359177" lon="-121.701622">
				<ele>2611.505615</ele>
				<time>2026-06-02T10:37:37Z</time>
			</trkpt>
			<trkpt lat="45.359177" lon="-121.701622">
				<ele>2611.505615</ele>
				<time>2026-06-02T10:37:37Z</time>
			</trkpt>
			<trkpt lat="45.359219" lon="-121.701637">
				<ele>2615.273438</ele>
				<time>2026-06-02T10:38:34Z</time>
			</trkpt>
			<trkpt lat="45.359219" lon="-121.701637">
				<ele>2615.273438</ele>
				<time>2026-06-02T10:38:34Z</time>
			</trkpt>
			<trkpt lat="45.359268" lon="-121.701645">
				<ele>2615.862061</ele>
				<time>2026-06-02T10:38:46Z</time>
			</trkpt>
			<trkpt lat="45.359314" lon="-121.701653">
				<ele>2619.25415</ele>
				<time>2026-06-02T10:39:04Z</time>
			</trkpt>
			<trkpt lat="45.359314" lon="-121.701653">
				<ele>2619.25415</ele>
				<time>2026-06-02T10:39:04Z</time>
			</trkpt>
			<trkpt lat="45.35936" lon="-121.701637">
				<ele>2622.478516</ele>
				<time>2026-06-02T10:39:23Z</time>
			</trkpt>
			<trkpt lat="45.35936" lon="-121.701637">
				<ele>2622.478516</ele>
				<time>2026-06-02T10:39:23Z</time>
			</trkpt>
			<trkpt lat="45.359402" lon="-121.70163">
				<ele>2627.665527</ele>
				<time>2026-06-02T10:40:23Z</time>
			</trkpt>
			<trkpt lat="45.359402" lon="-121.70163">
				<ele>2627.665527</ele>
				<time>2026-06-02T10:40:23Z</time>
			</trkpt>
			<trkpt lat="45.359444" lon="-121.70163">
				<ele>2627.715576</ele>
				<time>2026-06-02T10:40:36Z</time>
			</trkpt>
			<trkpt lat="45.359489" lon="-121.70163">
				<ele>2628.284424</ele>
				<time>2026-06-02T10:40:50Z</time>
			</trkpt>
			<trkpt lat="45.359489" lon="-121.70163">
				<ele>2628.284424</ele>
				<time>2026-06-02T10:40:50Z</time>
			</trkpt>
			<trkpt lat="45.359535" lon="-121.701637">
				<ele>2628.772949</ele>
				<time>2026-06-02T10:41:03Z</time>
			</trkpt>
			<trkpt lat="45.359581" lon="-121.701645">
				<ele>2630.836914</ele>
				<time>2026-06-02T10:41:17Z</time>
			</trkpt>
			<trkpt lat="45.359581" lon="-121.701645">
				<ele>2630.836914</ele>
				<time>2026-06-02T10:41:17Z</time>
			</trkpt>
			<trkpt lat="45.359623" lon="-121.70166">
				<ele>2631.435059</ele>
				<time>2026-06-02T10:41:31Z</time>
			</trkpt>
			<trkpt lat="45.359665" lon="-121.701683">
				<ele>2633.860352</ele>
				<time>2026-06-02T10:41:46Z</time>
			</trkpt>
			<trkpt lat="45.359665" lon="-121.701683">
				<ele>2633.860352</ele>
				<time>2026-06-02T10:41:46Z</time>
			</trkpt>
			<trkpt lat="45.359707" lon="-121.701714">
				<ele>2636.032715</ele>
				<time>2026-06-02T10:42:01Z</time>
			</trkpt>
			<trkpt lat="45.359749" lon="-121.701729">
				<ele>2638.171631</ele>
				<time>2026-06-02T10:42:17Z</time>
			</trkpt>
			<trkpt lat="45.359749" lon="-121.701729">
				<ele>2638.171631</ele>
				<time>2026-06-02T10:42:17Z</time>
			</trkpt>
			<trkpt lat="45.359791" lon="-121.701752">
				<ele>2638.657959</ele>
				<time>2026-06-02T10:42:34Z</time>
			</trkpt>
			<trkpt lat="45.359833" lon="-121.701752">
				<ele>2642.148193</ele>
				<time>2026-06-02T10:42:51Z</time>
			</trkpt>
			<trkpt lat="45.359833" lon="-121.701752">
				<ele>2642.148193</ele>
				<time>2026-06-02T10:42:51Z</time>
			</trkpt>
			<trkpt lat="45.359875" lon="-121.701767">
				<ele>2643.528564</ele>
				<time>2026-06-02T10:43:07Z</time>
			</trkpt>
			<trkpt lat="45.359921" lon="-121.701775">
				<ele>2642.976563</ele>
				<time>2026-06-02T10:43:23Z</time>
			</trkpt>
			<trkpt lat="45.359921" lon="-121.701775">
				<ele>2642.976563</ele>
				<time>2026-06-02T10:43:23Z</time>
			</trkpt>
			<trkpt lat="45.359962" lon="-121.701782">
				<ele>2643.724121</ele>
				<time>2026-06-02T10:43:38Z</time>
			</trkpt>
			<trkpt lat="45.360008" lon="-121.701782">
				<ele>2647.69043</ele>
				<time>2026-06-02T10:43:59Z</time>
			</trkpt>
			<trkpt lat="45.360008" lon="-121.701782">
				<ele>2647.69043</ele>
				<time>2026-06-02T10:43:59Z</time>
			</trkpt>
			<trkpt lat="45.360054" lon="-121.701775">
				<ele>2652.334229</ele>
				<time>2026-06-02T10:44:21Z</time>
			</trkpt>
			<trkpt lat="45.360054" lon="-121.701775">
				<ele>2652.334229</ele>
				<time>2026-06-02T10:44:21Z</time>
			</trkpt>
			<trkpt lat="45.360096" lon="-121.70179">
				<ele>2654.422119</ele>
				<time>2026-06-02T10:44:39Z</time>
			</trkpt>
			<trkpt lat="45.360142" lon="-121.70179">
				<ele>2655.021729</ele>
				<time>2026-06-02T10:44:57Z</time>
			</trkpt>
			<trkpt lat="45.360142" lon="-121.70179">
				<ele>2655.021729</ele>
				<time>2026-06-02T10:44:57Z</time>
			</trkpt>
			<trkpt lat="45.360188" lon="-121.70179">
				<ele>2659.507324</ele>
				<time>2026-06-02T10:45:18Z</time>
			</trkpt>
			<trkpt lat="45.360188" lon="-121.70179">
				<ele>2659.507324</ele>
				<time>2026-06-02T10:45:18Z</time>
			</trkpt>
			<trkpt lat="45.360229" lon="-121.701797">
				<ele>2660.126953</ele>
				<time>2026-06-02T10:45:34Z</time>
			</trkpt>
			<trkpt lat="45.360275" lon="-121.701797">
				<ele>2662.657227</ele>
				<time>2026-06-02T10:45:52Z</time>
			</trkpt>
			<trkpt lat="45.360275" lon="-121.701797">
				<ele>2662.657227</ele>
				<time>2026-06-02T10:45:52Z</time>
			</trkpt>
			<trkpt lat="45.360359" lon="-121.701836">
				<ele>2665.711914</ele>
				<time>2026-06-02T10:46:22Z</time>
			</trkpt>
			<trkpt lat="45.360359" lon="-121.701836">
				<ele>2665.711914</ele>
				<time>2026-06-02T10:46:22Z</time>
			</trkpt>
			<trkpt lat="45.360401" lon="-121.701828">
				<ele>2668.892578</ele>
				<time>2026-06-02T10:46:38Z</time>
			</trkpt>
			<trkpt lat="45.360447" lon="-121.701851">
				<ele>2669.316162</ele>
				<time>2026-06-02T10:46:52Z</time>
			</trkpt>
			<trkpt lat="45.360447" lon="-121.701851">
				<ele>2669.316162</ele>
				<time>2026-06-02T10:46:52Z</time>
			</trkpt>
			<trkpt lat="45.360481" lon="-121.701889">
				<ele>2670.990967</ele>
				<time>2026-06-02T10:47:06Z</time>
			</trkpt>
			<trkpt lat="45.360508" lon="-121.701942">
				<ele>2672.616211</ele>
				<time>2026-06-02T10:47:20Z</time>
			</trkpt>
			<trkpt lat="45.360508" lon="-121.701942">
				<ele>2672.616211</ele>
				<time>2026-06-02T10:47:20Z</time>
			</trkpt>
			<trkpt lat="45.360554" lon="-121.701942">
				<ele>2674.002441</ele>
				<time>2026-06-02T10:47:42Z</time>
			</trkpt>
			<trkpt lat="45.360554" lon="-121.701942">
				<ele>2674.002441</ele>
				<time>2026-06-02T10:47:42Z</time>
			</trkpt>
			<trkpt lat="45.360596" lon="-121.701942">
				<ele>2677.378906</ele>
				<time>2026-06-02T10:48:04Z</time>
			</trkpt>
			<trkpt lat="45.360596" lon="-121.701942">
				<ele>2677.378906</ele>
				<time>2026-06-02T10:48:04Z</time>
			</trkpt>
			<trkpt lat="45.360634" lon="-121.701973">
				<ele>2678.838623</ele>
				<time>2026-06-02T10:48:27Z</time>
			</trkpt>
			<trkpt lat="45.360634" lon="-121.701973">
				<ele>2678.838623</ele>
				<time>2026-06-02T10:48:27Z</time>
			</trkpt>
			<trkpt lat="45.360649" lon="-121.702026">
				<ele>2680.262451</ele>
				<time>2026-06-02T10:48:36Z</time>
			</trkpt>
			<trkpt lat="45.360695" lon="-121.702057">
				<ele>2682.645508</ele>
				<time>2026-06-02T10:48:51Z</time>
			</trkpt>
			<trkpt lat="45.360695" lon="-121.702057">
				<ele>2682.645508</ele>
				<time>2026-06-02T10:48:51Z</time>
			</trkpt>
			<trkpt lat="45.360741" lon="-121.702049">
				<ele>2683.639648</ele>
				<time>2026-06-02T10:49:38Z</time>
			</trkpt>
			<trkpt lat="45.360741" lon="-121.702049">
				<ele>2683.639648</ele>
				<time>2026-06-02T10:49:38Z</time>
			</trkpt>
			<trkpt lat="45.360779" lon="-121.702026">
				<ele>2684.770264</ele>
				<time>2026-06-02T10:49:54Z</time>
			</trkpt>
			<trkpt lat="45.360821" lon="-121.702042">
				<ele>2686.750244</ele>
				<time>2026-06-02T10:50:08Z</time>
			</trkpt>
			<trkpt lat="45.360821" lon="-121.702042">
				<ele>2686.750244</ele>
				<time>2026-06-02T10:50:08Z</time>
			</trkpt>
			<trkpt lat="45.360901" lon="-121.702103">
				<ele>2690.968262</ele>
				<time>2026-06-02T10:50:32Z</time>
			</trkpt>
			<trkpt lat="45.360901" lon="-121.702103">
				<ele>2690.968262</ele>
				<time>2026-06-02T10:50:32Z</time>
			</trkpt>
			<trkpt lat="45.360943" lon="-121.702126">
				<ele>2691.847412</ele>
				<time>2026-06-02T10:50:46Z</time>
			</trkpt>
			<trkpt lat="45.360985" lon="-121.702148">
				<ele>2692.230225</ele>
				<time>2026-06-02T10:51:06Z</time>
			</trkpt>
			<trkpt lat="45.360985" lon="-121.702148">
				<ele>2692.230225</ele>
				<time>2026-06-02T10:51:06Z</time>
			</trkpt>
			<trkpt lat="45.361023" lon="-121.702118">
				<ele>2693.789063</ele>
				<time>2026-06-02T10:51:24Z</time>
			</trkpt>
			<trkpt lat="45.361061" lon="-121.702087">
				<ele>2695.999268</ele>
				<time>2026-06-02T10:51:40Z</time>
			</trkpt>
			<trkpt lat="45.361061" lon="-121.702087">
				<ele>2695.999268</ele>
				<time>2026-06-02T10:51:40Z</time>
			</trkpt>
			<trkpt lat="45.361092" lon="-121.702049">
				<ele>2700.488281</ele>
				<time>2026-06-02T10:52:26Z</time>
			</trkpt>
			<trkpt lat="45.361092" lon="-121.702049">
				<ele>2700.488281</ele>
				<time>2026-06-02T10:52:26Z</time>
			</trkpt>
			<trkpt lat="45.361134" lon="-121.702026">
				<ele>2701.812012</ele>
				<time>2026-06-02T10:52:44Z</time>
			</trkpt>
			<trkpt lat="45.361176" lon="-121.702026">
				<ele>2705.757813</ele>
				<time>2026-06-02T10:53:34Z</time>
			</trkpt>
			<trkpt lat="45.361176" lon="-121.702026">
				<ele>2705.757813</ele>
				<time>2026-06-02T10:53:34Z</time>
			</trkpt>
			<trkpt lat="45.361214" lon="-121.702057">
				<ele>2707.818604</ele>
				<time>2026-06-02T10:53:49Z</time>
			</trkpt>
			<trkpt lat="45.361256" lon="-121.702087">
				<ele>2708.287598</ele>
				<time>2026-06-02T10:54:04Z</time>
			</trkpt>
			<trkpt lat="45.361256" lon="-121.702087">
				<ele>2708.287598</ele>
				<time>2026-06-02T10:54:04Z</time>
			</trkpt>
			<trkpt lat="45.361301" lon="-121.70208">
				<ele>2708.66748</ele>
				<time>2026-06-02T10:54:21Z</time>
			</trkpt>
			<trkpt lat="45.361336" lon="-121.702042">
				<ele>2710.496338</ele>
				<time>2026-06-02T10:54:36Z</time>
			</trkpt>
			<trkpt lat="45.361336" lon="-121.702042">
				<ele>2710.496338</ele>
				<time>2026-06-02T10:54:36Z</time>
			</trkpt>
			<trkpt lat="45.361412" lon="-121.701973">
				<ele>2714.247314</ele>
				<time>2026-06-02T10:55:09Z</time>
			</trkpt>
			<trkpt lat="45.361412" lon="-121.701973">
				<ele>2714.247314</ele>
				<time>2026-06-02T10:55:09Z</time>
			</trkpt>
			<trkpt lat="45.361458" lon="-121.701981">
				<ele>2715.822754</ele>
				<time>2026-06-02T10:55:24Z</time>
			</trkpt>
			<trkpt lat="45.361504" lon="-121.702003">
				<ele>2717.599854</ele>
				<time>2026-06-02T10:55:37Z</time>
			</trkpt>
			<trkpt lat="45.361504" lon="-121.702003">
				<ele>2717.599854</ele>
				<time>2026-06-02T10:55:37Z</time>
			</trkpt>
			<trkpt lat="45.361549" lon="-121.702026">
				<ele>2721.732666</ele>
				<time>2026-06-02T10:55:52Z</time>
			</trkpt>
			<trkpt lat="45.361588" lon="-121.702049">
				<ele>2723.989014</ele>
				<time>2026-06-02T10:56:08Z</time>
			</trkpt>
			<trkpt lat="45.361588" lon="-121.702049">
				<ele>2723.989014</ele>
				<time>2026-06-02T10:56:08Z</time>
			</trkpt>
			<trkpt lat="45.361626" lon="-121.702087">
				<ele>2725.132568</ele>
				<time>2026-06-02T10:56:25Z</time>
			</trkpt>
			<trkpt lat="45.361668" lon="-121.70211">
				<ele>2725.657959</ele>
				<time>2026-06-02T10:56:39Z</time>
			</trkpt>
			<trkpt lat="45.361668" lon="-121.70211">
				<ele>2725.657959</ele>
				<time>2026-06-02T10:56:39Z</time>
			</trkpt>
			<trkpt lat="45.36171" lon="-121.702087">
				<ele>2729.696777</ele>
				<time>2026-06-02T10:57:08Z</time>
			</trkpt>
			<trkpt lat="45.36171" lon="-121.702087">
				<ele>2729.696777</ele>
				<time>2026-06-02T10:57:08Z</time>
			</trkpt>
			<trkpt lat="45.36174" lon="-121.702042">
				<ele>2731.916504</ele>
				<time>2026-06-02T10:57:24Z</time>
			</trkpt>
			<trkpt lat="45.361782" lon="-121.702019">
				<ele>2733.039795</ele>
				<time>2026-06-02T10:57:42Z</time>
			</trkpt>
			<trkpt lat="45.361782" lon="-121.702019">
				<ele>2733.039795</ele>
				<time>2026-06-02T10:57:42Z</time>
			</trkpt>
			<trkpt lat="45.361824" lon="-121.701996">
				<ele>2735.611572</ele>
				<time>2026-06-02T10:58:02Z</time>
			</trkpt>
			<trkpt lat="45.361824" lon="-121.701996">
				<ele>2735.611572</ele>
				<time>2026-06-02T10:58:02Z</time>
			</trkpt>
			<trkpt lat="45.361866" lon="-121.701981">
				<ele>2738.410645</ele>
				<time>2026-06-02T10:58:23Z</time>
			</trkpt>
			<trkpt lat="45.361866" lon="-121.701981">
				<ele>2738.410645</ele>
				<time>2026-06-02T10:58:23Z</time>
			</trkpt>
			<trkpt lat="45.361912" lon="-121.701973">
				<ele>2740.067627</ele>
				<time>2026-06-02T10:58:43Z</time>
			</trkpt>
			<trkpt lat="45.361912" lon="-121.701973">
				<ele>2740.067627</ele>
				<time>2026-06-02T10:58:43Z</time>
			</trkpt>
			<trkpt lat="45.361958" lon="-121.701958">
				<ele>2741.999512</ele>
				<time>2026-06-02T10:59:05Z</time>
			</trkpt>
			<trkpt lat="45.361958" lon="-121.701958">
				<ele>2741.999512</ele>
				<time>2026-06-02T10:59:05Z</time>
			</trkpt>
			<trkpt lat="45.362003" lon="-121.701958">
				<ele>2744.390869</ele>
				<time>2026-06-02T10:59:23Z</time>
			</trkpt>
			<trkpt lat="45.362045" lon="-121.701965">
				<ele>2745.762451</ele>
				<time>2026-06-02T10:59:39Z</time>
			</trkpt>
			<trkpt lat="45.362045" lon="-121.701965">
				<ele>2745.762451</ele>
				<time>2026-06-02T10:59:39Z</time>
			</trkpt>
			<trkpt lat="45.362091" lon="-121.70195">
				<ele>2748.741943</ele>
				<time>2026-06-02T10:59:57Z</time>
			</trkpt>
			<trkpt lat="45.362129" lon="-121.70192">
				<ele>2752.630371</ele>
				<time>2026-06-02T11:00:21Z</time>
			</trkpt>
			<trkpt lat="45.362129" lon="-121.70192">
				<ele>2752.630371</ele>
				<time>2026-06-02T11:00:21Z</time>
			</trkpt>
			<trkpt lat="45.362171" lon="-121.701904">
				<ele>2756.065674</ele>
				<time>2026-06-02T11:00:47Z</time>
			</trkpt>
			<trkpt lat="45.362171" lon="-121.701904">
				<ele>2756.065674</ele>
				<time>2026-06-02T11:00:47Z</time>
			</trkpt>
			<trkpt lat="45.362209" lon="-121.701866">
				<ele>2758.32373</ele>
				<time>2026-06-02T11:01:02Z</time>
			</trkpt>
			<trkpt lat="45.362251" lon="-121.701874">
				<ele>2760.574951</ele>
				<time>2026-06-02T11:01:18Z</time>
			</trkpt>
			<trkpt lat="45.362251" lon="-121.701874">
				<ele>2760.574951</ele>
				<time>2026-06-02T11:01:18Z</time>
			</trkpt>
			<trkpt lat="45.362289" lon="-121.701904">
				<ele>2762.209717</ele>
				<time>2026-06-02T11:01:33Z</time>
			</trkpt>
			<trkpt lat="45.362331" lon="-121.70192">
				<ele>2764.194092</ele>
				<time>2026-06-02T11:02:10Z</time>
			</trkpt>
			<trkpt lat="45.362331" lon="-121.70192">
				<ele>2764.194092</ele>
				<time>2026-06-02T11:02:10Z</time>
			</trkpt>
			<trkpt lat="45.362377" lon="-121.702034">
				<ele>2766.368164</ele>
				<time>2026-06-02T11:02:24Z</time>
			</trkpt>
			<trkpt lat="45.362392" lon="-121.701973">
				<ele>2761.954346</ele>
				<time>2026-06-02T11:09:17Z</time>
			</trkpt>
			<trkpt lat="45.362392" lon="-121.701973">
				<ele>2761.954346</ele>
				<time>2026-06-02T11:09:17Z</time>
			</trkpt>
			<trkpt lat="45.362427" lon="-121.701935">
				<ele>2763.633789</ele>
				<time>2026-06-02T11:09:29Z</time>
			</trkpt>
			<trkpt lat="45.362469" lon="-121.701942">
				<ele>2766.360352</ele>
				<time>2026-06-02T11:09:40Z</time>
			</trkpt>
			<trkpt lat="45.362469" lon="-121.701942">
				<ele>2766.360352</ele>
				<time>2026-06-02T11:09:40Z</time>
			</trkpt>
			<trkpt lat="45.362511" lon="-121.701935">
				<ele>2768.268799</ele>
				<time>2026-06-02T11:09:56Z</time>
			</trkpt>
			<trkpt lat="45.362556" lon="-121.701935">
				<ele>2770.472168</ele>
				<time>2026-06-02T11:10:11Z</time>
			</trkpt>
			<trkpt lat="45.362556" lon="-121.701935">
				<ele>2770.472168</ele>
				<time>2026-06-02T11:10:11Z</time>
			</trkpt>
			<trkpt lat="45.362579" lon="-121.701881">
				<ele>2773.769287</ele>
				<time>2026-06-02T11:10:30Z</time>
			</trkpt>
			<trkpt lat="45.362579" lon="-121.701881">
				<ele>2773.769287</ele>
				<time>2026-06-02T11:10:30Z</time>
			</trkpt>
			<trkpt lat="45.362614" lon="-121.701843">
				<ele>2774.465332</ele>
				<time>2026-06-02T11:10:44Z</time>
			</trkpt>
			<trkpt lat="45.362648" lon="-121.701805">
				<ele>2776.392578</ele>
				<time>2026-06-02T11:11:00Z</time>
			</trkpt>
			<trkpt lat="45.362648" lon="-121.701805">
				<ele>2776.392578</ele>
				<time>2026-06-02T11:11:00Z</time>
			</trkpt>
			<trkpt lat="45.36272" lon="-121.701729">
				<ele>2778.233643</ele>
				<time>2026-06-02T11:11:26Z</time>
			</trkpt>
			<trkpt lat="45.36272" lon="-121.701729">
				<ele>2778.233643</ele>
				<time>2026-06-02T11:11:26Z</time>
			</trkpt>
			<trkpt lat="45.362755" lon="-121.701691">
				<ele>2779.616943</ele>
				<time>2026-06-02T11:11:39Z</time>
			</trkpt>
			<trkpt lat="45.362789" lon="-121.701645">
				<ele>2780.457275</ele>
				<time>2026-06-02T11:11:52Z</time>
			</trkpt>
			<trkpt lat="45.362789" lon="-121.701645">
				<ele>2780.457275</ele>
				<time>2026-06-02T11:11:52Z</time>
			</trkpt>
			<trkpt lat="45.362827" lon="-121.701622">
				<ele>2782.212891</ele>
				<time>2026-06-02T11:12:07Z</time>
			</trkpt>
			<trkpt lat="45.362873" lon="-121.70163">
				<ele>2782.269043</ele>
				<time>2026-06-02T11:12:24Z</time>
			</trkpt>
			<trkpt lat="45.362873" lon="-121.70163">
				<ele>2782.269043</ele>
				<time>2026-06-02T11:12:24Z</time>
			</trkpt>
			<trkpt lat="45.362915" lon="-121.701645">
				<ele>2785.259521</ele>
				<time>2026-06-02T11:12:41Z</time>
			</trkpt>
			<trkpt lat="45.362957" lon="-121.70163">
				<ele>2787.726074</ele>
				<time>2026-06-02T11:13:02Z</time>
			</trkpt>
			<trkpt lat="45.362957" lon="-121.70163">
				<ele>2787.726074</ele>
				<time>2026-06-02T11:13:02Z</time>
			</trkpt>
			<trkpt lat="45.362999" lon="-121.701637">
				<ele>2790.031494</ele>
				<time>2026-06-02T11:13:22Z</time>
			</trkpt>
			<trkpt lat="45.362999" lon="-121.701637">
				<ele>2790.031494</ele>
				<time>2026-06-02T11:13:22Z</time>
			</trkpt>
			<trkpt lat="45.363041" lon="-121.701622">
				<ele>2794.129639</ele>
				<time>2026-06-02T11:13:41Z</time>
			</trkpt>
			<trkpt lat="45.363041" lon="-121.701622">
				<ele>2794.129639</ele>
				<time>2026-06-02T11:13:41Z</time>
			</trkpt>
			<trkpt lat="45.363083" lon="-121.701637">
				<ele>2795.526367</ele>
				<time>2026-06-02T11:13:57Z</time>
			</trkpt>
			<trkpt lat="45.363129" lon="-121.701637">
				<ele>2797.947998</ele>
				<time>2026-06-02T11:14:17Z</time>
			</trkpt>
			<trkpt lat="45.363129" lon="-121.701637">
				<ele>2797.947998</ele>
				<time>2026-06-02T11:14:17Z</time>
			</trkpt>
			<trkpt lat="45.363163" lon="-121.701599">
				<ele>2800.275635</ele>
				<time>2026-06-02T11:14:37Z</time>
			</trkpt>
			<trkpt lat="45.363163" lon="-121.701599">
				<ele>2800.275635</ele>
				<time>2026-06-02T11:14:37Z</time>
			</trkpt>
			<trkpt lat="45.363205" lon="-121.701614">
				<ele>2801.483398</ele>
				<time>2026-06-02T11:14:55Z</time>
			</trkpt>
			<trkpt lat="45.363251" lon="-121.701607">
				<ele>2803.712402</ele>
				<time>2026-06-02T11:15:13Z</time>
			</trkpt>
			<trkpt lat="45.363251" lon="-121.701607">
				<ele>2803.712402</ele>
				<time>2026-06-02T11:15:13Z</time>
			</trkpt>
			<trkpt lat="45.363281" lon="-121.701553">
				<ele>2804.046143</ele>
				<time>2026-06-02T11:15:31Z</time>
			</trkpt>
			<trkpt lat="45.363323" lon="-121.701553">
				<ele>2806.568115</ele>
				<time>2026-06-02T11:15:50Z</time>
			</trkpt>
			<trkpt lat="45.363323" lon="-121.701553">
				<ele>2806.568115</ele>
				<time>2026-06-02T11:15:50Z</time>
			</trkpt>
			<trkpt lat="45.363365" lon="-121.70153">
				<ele>2807.340332</ele>
				<time>2026-06-02T11:16:09Z</time>
			</trkpt>
			<trkpt lat="45.363365" lon="-121.70153">
				<ele>2807.340332</ele>
				<time>2026-06-02T11:16:09Z</time>
			</trkpt>
			<trkpt lat="45.363407" lon="-121.701508">
				<ele>2810.49292</ele>
				<time>2026-06-02T11:16:28Z</time>
			</trkpt>
			<trkpt lat="45.363407" lon="-121.701508">
				<ele>2810.49292</ele>
				<time>2026-06-02T11:16:28Z</time>
			</trkpt>
			<trkpt lat="45.363449" lon="-121.701492">
				<ele>2813.016113</ele>
				<time>2026-06-02T11:16:48Z</time>
			</trkpt>
			<trkpt lat="45.363449" lon="-121.701492">
				<ele>2813.016113</ele>
				<time>2026-06-02T11:16:48Z</time>
			</trkpt>
			<trkpt lat="45.363472" lon="-121.701439">
				<ele>2814.356201</ele>
				<time>2026-06-02T11:17:04Z</time>
			</trkpt>
			<trkpt lat="45.36351" lon="-121.701408">
				<ele>2814.700928</ele>
				<time>2026-06-02T11:17:22Z</time>
			</trkpt>
			<trkpt lat="45.36351" lon="-121.701408">
				<ele>2814.700928</ele>
				<time>2026-06-02T11:17:22Z</time>
			</trkpt>
			<trkpt lat="45.363541" lon="-121.701363">
				<ele>2817.276855</ele>
				<time>2026-06-02T11:17:37Z</time>
			</trkpt>
			<trkpt lat="45.36356" lon="-121.701309">
				<ele>2817.77417</ele>
				<time>2026-06-02T11:17:58Z</time>
			</trkpt>
			<trkpt lat="45.36356" lon="-121.701309">
				<ele>2817.77417</ele>
				<time>2026-06-02T11:17:58Z</time>
			</trkpt>
			<trkpt lat="45.363598" lon="-121.701279">
				<ele>2820.263916</ele>
				<time>2026-06-02T11:18:19Z</time>
			</trkpt>
			<trkpt lat="45.363598" lon="-121.701279">
				<ele>2820.263916</ele>
				<time>2026-06-02T11:18:19Z</time>
			</trkpt>
			<trkpt lat="45.363632" lon="-121.701241">
				<ele>2821.899658</ele>
				<time>2026-06-02T11:18:38Z</time>
			</trkpt>
			<trkpt lat="45.363632" lon="-121.701241">
				<ele>2821.899658</ele>
				<time>2026-06-02T11:18:38Z</time>
			</trkpt>
			<trkpt lat="45.363667" lon="-121.701202">
				<ele>2826.425781</ele>
				<time>2026-06-02T11:18:59Z</time>
			</trkpt>
			<trkpt lat="45.363667" lon="-121.701202">
				<ele>2826.425781</ele>
				<time>2026-06-02T11:18:59Z</time>
			</trkpt>
			<trkpt lat="45.363705" lon="-121.701172">
				<ele>2827.460449</ele>
				<time>2026-06-02T11:19:23Z</time>
			</trkpt>
			<trkpt lat="45.363705" lon="-121.701172">
				<ele>2827.460449</ele>
				<time>2026-06-02T11:19:23Z</time>
			</trkpt>
			<trkpt lat="45.363728" lon="-121.701118">
				<ele>2829.303223</ele>
				<time>2026-06-02T11:19:37Z</time>
			</trkpt>
			<trkpt lat="45.363773" lon="-121.701126">
				<ele>2833.950195</ele>
				<time>2026-06-02T11:19:55Z</time>
			</trkpt>
			<trkpt lat="45.363773" lon="-121.701126">
				<ele>2833.950195</ele>
				<time>2026-06-02T11:19:55Z</time>
			</trkpt>
			<trkpt lat="45.363811" lon="-121.701157">
				<ele>2839.495361</ele>
				<time>2026-06-02T11:20:13Z</time>
			</trkpt>
			<trkpt lat="45.363842" lon="-121.701202">
				<ele>2842.103516</ele>
				<time>2026-06-02T11:20:27Z</time>
			</trkpt>
			<trkpt lat="45.363842" lon="-121.701202">
				<ele>2842.103516</ele>
				<time>2026-06-02T11:20:27Z</time>
			</trkpt>
			<trkpt lat="45.363876" lon="-121.701241">
				<ele>2845.256592</ele>
				<time>2026-06-02T11:20:41Z</time>
			</trkpt>
			<trkpt lat="45.363911" lon="-121.701279">
				<ele>2846.236328</ele>
				<time>2026-06-02T11:20:55Z</time>
			</trkpt>
			<trkpt lat="45.363911" lon="-121.701279">
				<ele>2846.236328</ele>
				<time>2026-06-02T11:20:55Z</time>
			</trkpt>
			<trkpt lat="45.363953" lon="-121.701309">
				<ele>2847.523682</ele>
				<time>2026-06-02T11:21:08Z</time>
			</trkpt>
			<trkpt lat="45.363995" lon="-121.701302">
				<ele>2851.480225</ele>
				<time>2026-06-02T11:23:25Z</time>
			</trkpt>
			<trkpt lat="45.363995" lon="-121.701302">
				<ele>2851.480225</ele>
				<time>2026-06-02T11:23:25Z</time>
			</trkpt>
			<trkpt lat="45.364033" lon="-121.701271">
				<ele>2853.237549</ele>
				<time>2026-06-02T11:23:39Z</time>
			</trkpt>
			<trkpt lat="45.364025" lon="-121.701202">
				<ele>2849.106201</ele>
				<time>2026-06-02T11:24:44Z</time>
			</trkpt>
			<trkpt lat="45.364025" lon="-121.701202">
				<ele>2849.106201</ele>
				<time>2026-06-02T11:24:44Z</time>
			</trkpt>
			<trkpt lat="45.364052" lon="-121.701157">
				<ele>2849.94165</ele>
				<time>2026-06-02T11:24:59Z</time>
			</trkpt>
			<trkpt lat="45.364075" lon="-121.701096">
				<ele>2852.72168</ele>
				<time>2026-06-02T11:25:11Z</time>
			</trkpt>
			<trkpt lat="45.364075" lon="-121.701096">
				<ele>2852.72168</ele>
				<time>2026-06-02T11:25:11Z</time>
			</trkpt>
			<trkpt lat="45.364098" lon="-121.701042">
				<ele>2854.846436</ele>
				<time>2026-06-02T11:25:26Z</time>
			</trkpt>
			<trkpt lat="45.364132" lon="-121.701004">
				<ele>2858.67041</ele>
				<time>2026-06-02T11:25:42Z</time>
			</trkpt>
			<trkpt lat="45.364132" lon="-121.701004">
				<ele>2858.67041</ele>
				<time>2026-06-02T11:25:42Z</time>
			</trkpt>
			<trkpt lat="45.364159" lon="-121.700951">
				<ele>2860.387451</ele>
				<time>2026-06-02T11:25:57Z</time>
			</trkpt>
			<trkpt lat="45.364201" lon="-121.700935">
				<ele>2864.068848</ele>
				<time>2026-06-02T11:26:13Z</time>
			</trkpt>
			<trkpt lat="45.364201" lon="-121.700935">
				<ele>2864.068848</ele>
				<time>2026-06-02T11:26:13Z</time>
			</trkpt>
			<trkpt lat="45.364246" lon="-121.700935">
				<ele>2864.697266</ele>
				<time>2026-06-02T11:26:26Z</time>
			</trkpt>
			<trkpt lat="45.364288" lon="-121.700928">
				<ele>2865.922607</ele>
				<time>2026-06-02T11:26:40Z</time>
			</trkpt>
			<trkpt lat="45.364288" lon="-121.700928">
				<ele>2865.922607</ele>
				<time>2026-06-02T11:26:40Z</time>
			</trkpt>
			<trkpt lat="45.364334" lon="-121.700935">
				<ele>2867.5354</ele>
				<time>2026-06-02T11:26:56Z</time>
			</trkpt>
			<trkpt lat="45.36438" lon="-121.700912">
				<ele>2872.674316</ele>
				<time>2026-06-02T11:27:19Z</time>
			</trkpt>
			<trkpt lat="45.36438" lon="-121.700912">
				<ele>2872.674316</ele>
				<time>2026-06-02T11:27:19Z</time>
			</trkpt>
			<trkpt lat="45.364426" lon="-121.700905">
				<ele>2871.891602</ele>
				<time>2026-06-02T11:27:40Z</time>
			</trkpt>
			<trkpt lat="45.364426" lon="-121.700905">
				<ele>2871.891602</ele>
				<time>2026-06-02T11:27:40Z</time>
			</trkpt>
			<trkpt lat="45.364471" lon="-121.70089">
				<ele>2873.513916</ele>
				<time>2026-06-02T11:27:58Z</time>
			</trkpt>
			<trkpt lat="45.36451" lon="-121.700859">
				<ele>2877.311035</ele>
				<time>2026-06-02T11:28:33Z</time>
			</trkpt>
			<trkpt lat="45.36451" lon="-121.700859">
				<ele>2877.311035</ele>
				<time>2026-06-02T11:28:33Z</time>
			</trkpt>
			<trkpt lat="45.364552" lon="-121.700867">
				<ele>2880.073486</ele>
				<time>2026-06-02T11:28:52Z</time>
			</trkpt>
			<trkpt lat="45.364552" lon="-121.700867">
				<ele>2880.073486</ele>
				<time>2026-06-02T11:28:52Z</time>
			</trkpt>
			<trkpt lat="45.364594" lon="-121.700851">
				<ele>2883.62793</ele>
				<time>2026-06-02T11:29:11Z</time>
			</trkpt>
			<trkpt lat="45.364594" lon="-121.700851">
				<ele>2883.62793</ele>
				<time>2026-06-02T11:29:11Z</time>
			</trkpt>
			<trkpt lat="45.364635" lon="-121.700829">
				<ele>2887.023438</ele>
				<time>2026-06-02T11:29:27Z</time>
			</trkpt>
			<trkpt lat="45.36467" lon="-121.70079">
				<ele>2888.356934</ele>
				<time>2026-06-02T11:29:48Z</time>
			</trkpt>
			<trkpt lat="45.36467" lon="-121.70079">
				<ele>2888.356934</ele>
				<time>2026-06-02T11:29:48Z</time>
			</trkpt>
			<trkpt lat="45.364712" lon="-121.700806">
				<ele>2892.56958</ele>
				<time>2026-06-02T11:30:15Z</time>
			</trkpt>
			<trkpt lat="45.364712" lon="-121.700806">
				<ele>2892.56958</ele>
				<time>2026-06-02T11:30:15Z</time>
			</trkpt>
			<trkpt lat="45.364758" lon="-121.700821">
				<ele>2895.102783</ele>
				<time>2026-06-02T11:30:31Z</time>
			</trkpt>
			<trkpt lat="45.364799" lon="-121.700821">
				<ele>2897.885986</ele>
				<time>2026-06-02T11:30:47Z</time>
			</trkpt>
			<trkpt lat="45.364799" lon="-121.700821">
				<ele>2897.885986</ele>
				<time>2026-06-02T11:30:47Z</time>
			</trkpt>
			<trkpt lat="45.364838" lon="-121.700851">
				<ele>2899.348877</ele>
				<time>2026-06-02T11:31:03Z</time>
			</trkpt>
			<trkpt lat="45.36488" lon="-121.700851">
				<ele>2900.997803</ele>
				<time>2026-06-02T11:31:18Z</time>
			</trkpt>
			<trkpt lat="45.36488" lon="-121.700851">
				<ele>2900.997803</ele>
				<time>2026-06-02T11:31:18Z</time>
			</trkpt>
			<trkpt lat="45.364925" lon="-121.700874">
				<ele>2901.147461</ele>
				<time>2026-06-02T11:31:43Z</time>
			</trkpt>
			<trkpt lat="45.364925" lon="-121.700874">
				<ele>2901.147461</ele>
				<time>2026-06-02T11:31:43Z</time>
			</trkpt>
			<trkpt lat="45.364971" lon="-121.70089">
				<ele>2902.122559</ele>
				<time>2026-06-02T11:31:58Z</time>
			</trkpt>
			<trkpt lat="45.365013" lon="-121.700897">
				<ele>2903.714355</ele>
				<time>2026-06-02T11:32:09Z</time>
			</trkpt>
			<trkpt lat="45.365013" lon="-121.700897">
				<ele>2903.714355</ele>
				<time>2026-06-02T11:32:09Z</time>
			</trkpt>
			<trkpt lat="45.365059" lon="-121.700897">
				<ele>2904.164795</ele>
				<time>2026-06-02T11:32:23Z</time>
			</trkpt>
			<trkpt lat="45.365101" lon="-121.700897">
				<ele>2907.632568</ele>
				<time>2026-06-02T11:32:37Z</time>
			</trkpt>
			<trkpt lat="45.365101" lon="-121.700897">
				<ele>2907.632568</ele>
				<time>2026-06-02T11:32:37Z</time>
			</trkpt>
			<trkpt lat="45.365143" lon="-121.700912">
				<ele>2908.960938</ele>
				<time>2026-06-02T11:32:47Z</time>
			</trkpt>
			<trkpt lat="45.365189" lon="-121.70092">
				<ele>2909.473877</ele>
				<time>2026-06-02T11:32:56Z</time>
			</trkpt>
			<trkpt lat="45.365189" lon="-121.70092">
				<ele>2909.473877</ele>
				<time>2026-06-02T11:32:56Z</time>
			</trkpt>
			<trkpt lat="45.365231" lon="-121.700951">
				<ele>2910.917725</ele>
				<time>2026-06-02T11:33:06Z</time>
			</trkpt>
			<trkpt lat="45.365269" lon="-121.700974">
				<ele>2910.600342</ele>
				<time>2026-06-02T11:33:13Z</time>
			</trkpt>
			<trkpt lat="45.365311" lon="-121.700996">
				<ele>2911.784424</ele>
				<time>2026-06-02T11:33:22Z</time>
			</trkpt>
			<trkpt lat="45.365311" lon="-121.700996">
				<ele>2911.784424</ele>
				<time>2026-06-02T11:33:22Z</time>
			</trkpt>
			<trkpt lat="45.36536" lon="-121.700996">
				<ele>2911.62207</ele>
				<time>2026-06-02T11:33:31Z</time>
			</trkpt>
			<trkpt lat="45.36541" lon="-121.700996">
				<ele>2913.179932</ele>
				<time>2026-06-02T11:33:41Z</time>
			</trkpt>
			<trkpt lat="45.36541" lon="-121.700996">
				<ele>2913.179932</ele>
				<time>2026-06-02T11:33:41Z</time>
			</trkpt>
			<trkpt lat="45.365452" lon="-121.700974">
				<ele>2914.445557</ele>
				<time>2026-06-02T11:33:50Z</time>
			</trkpt>
			<trkpt lat="45.365501" lon="-121.700958">
				<ele>2915.748047</ele>
				<time>2026-06-02T11:33:59Z</time>
			</trkpt>
			<trkpt lat="45.365547" lon="-121.700935">
				<ele>2917.80249</ele>
				<time>2026-06-02T11:34:31Z</time>
			</trkpt>
			<trkpt lat="45.365547" lon="-121.700935">
				<ele>2917.80249</ele>
				<time>2026-06-02T11:34:31Z</time>
			</trkpt>
			<trkpt lat="45.365593" lon="-121.700912">
				<ele>2917.744629</ele>
				<time>2026-06-02T11:34:41Z</time>
			</trkpt>
			<trkpt lat="45.365635" lon="-121.700897">
				<ele>2918.737305</ele>
				<time>2026-06-02T11:34:47Z</time>
			</trkpt>
			<trkpt lat="45.365685" lon="-121.700905">
				<ele>2918.915527</ele>
				<time>2026-06-02T11:34:55Z</time>
			</trkpt>
			<trkpt lat="45.365685" lon="-121.700905">
				<ele>2918.915527</ele>
				<time>2026-06-02T11:34:55Z</time>
			</trkpt>
			<trkpt lat="45.36573" lon="-121.700882">
				<ele>2918.082031</ele>
				<time>2026-06-02T11:35:00Z</time>
			</trkpt>
			<trkpt lat="45.365772" lon="-121.700874">
				<ele>2917.914551</ele>
				<time>2026-06-02T11:35:06Z</time>
			</trkpt>
			<trkpt lat="45.365818" lon="-121.700882">
				<ele>2919.06543</ele>
				<time>2026-06-02T11:35:11Z</time>
			</trkpt>
			<trkpt lat="45.365875" lon="-121.70089">
				<ele>2912.649902</ele>
				<time>2026-06-02T11:41:29Z</time>
			</trkpt>
			<trkpt lat="45.365875" lon="-121.70089">
				<ele>2912.649902</ele>
				<time>2026-06-02T11:41:29Z</time>
			</trkpt>
			<trkpt lat="45.365765" lon="-121.700768">
				<ele>2916.532471</ele>
				<time>2026-06-02T11:41:56Z</time>
			</trkpt>
			<trkpt lat="45.365856" lon="-121.700829">
				<ele>2911.645508</ele>
				<time>2026-06-02T11:42:36Z</time>
			</trkpt>
			<trkpt lat="45.365822" lon="-121.700867">
				<ele>2913.799805</ele>
				<time>2026-06-02T11:43:21Z</time>
			</trkpt>
			<trkpt lat="45.365822" lon="-121.700867">
				<ele>2913.799805</ele>
				<time>2026-06-02T11:43:21Z</time>
			</trkpt>
			<trkpt lat="45.365868" lon="-121.700874">
				<ele>2921.931885</ele>
				<time>2026-06-02T11:48:31Z</time>
			</trkpt>
			<trkpt lat="45.365868" lon="-121.700874">
				<ele>2921.931885</ele>
				<time>2026-06-02T11:48:31Z</time>
			</trkpt>
			<trkpt lat="45.36591" lon="-121.700882">
				<ele>2920.938232</ele>
				<time>2026-06-02T11:48:37Z</time>
			</trkpt>
			<trkpt lat="45.365955" lon="-121.700897">
				<ele>2921.556641</ele>
				<time>2026-06-02T11:48:45Z</time>
			</trkpt>
			<trkpt lat="45.366001" lon="-121.700905">
				<ele>2924.287598</ele>
				<time>2026-06-02T11:48:57Z</time>
			</trkpt>
			<trkpt lat="45.366001" lon="-121.700905">
				<ele>2924.287598</ele>
				<time>2026-06-02T11:48:57Z</time>
			</trkpt>
			<trkpt lat="45.366043" lon="-121.700905">
				<ele>2925.550781</ele>
				<time>2026-06-02T11:49:10Z</time>
			</trkpt>
			<trkpt lat="45.366089" lon="-121.700905">
				<ele>2927.975098</ele>
				<time>2026-06-02T11:49:22Z</time>
			</trkpt>
			<trkpt lat="45.366089" lon="-121.700905">
				<ele>2927.975098</ele>
				<time>2026-06-02T11:49:22Z</time>
			</trkpt>
			<trkpt lat="45.366135" lon="-121.70089">
				<ele>2929.769043</ele>
				<time>2026-06-02T11:49:36Z</time>
			</trkpt>
			<trkpt lat="45.366177" lon="-121.700897">
				<ele>2931.372314</ele>
				<time>2026-06-02T11:49:50Z</time>
			</trkpt>
			<trkpt lat="45.366177" lon="-121.700897">
				<ele>2931.372314</ele>
				<time>2026-06-02T11:49:50Z</time>
			</trkpt>
			<trkpt lat="45.366219" lon="-121.700882">
				<ele>2934.211426</ele>
				<time>2026-06-02T11:50:04Z</time>
			</trkpt>
			<trkpt lat="45.366261" lon="-121.700905">
				<ele>2935.938721</ele>
				<time>2026-06-02T11:50:25Z</time>
			</trkpt>
			<trkpt lat="45.366261" lon="-121.700905">
				<ele>2935.938721</ele>
				<time>2026-06-02T11:50:25Z</time>
			</trkpt>
			<trkpt lat="45.366302" lon="-121.700882">
				<ele>2936.717529</ele>
				<time>2026-06-02T11:50:38Z</time>
			</trkpt>
			<trkpt lat="45.366348" lon="-121.700882">
				<ele>2939.621338</ele>
				<time>2026-06-02T11:50:58Z</time>
			</trkpt>
			<trkpt lat="45.366348" lon="-121.700882">
				<ele>2939.621338</ele>
				<time>2026-06-02T11:50:58Z</time>
			</trkpt>
			<trkpt lat="45.36639" lon="-121.700882">
				<ele>2942.043213</ele>
				<time>2026-06-02T11:51:13Z</time>
			</trkpt>
			<trkpt lat="45.36644" lon="-121.70089">
				<ele>2943.819336</ele>
				<time>2026-06-02T11:51:28Z</time>
			</trkpt>
			<trkpt lat="45.36644" lon="-121.70089">
				<ele>2943.819336</ele>
				<time>2026-06-02T11:51:28Z</time>
			</trkpt>
			<trkpt lat="45.366482" lon="-121.700874">
				<ele>2944.500244</ele>
				<time>2026-06-02T11:51:46Z</time>
			</trkpt>
			<trkpt lat="45.366524" lon="-121.700897">
				<ele>2945.855469</ele>
				<time>2026-06-02T11:52:00Z</time>
			</trkpt>
			<trkpt lat="45.366524" lon="-121.700897">
				<ele>2945.855469</ele>
				<time>2026-06-02T11:52:00Z</time>
			</trkpt>
			<trkpt lat="45.366562" lon="-121.70092">
				<ele>2947.946533</ele>
				<time>2026-06-02T11:52:15Z</time>
			</trkpt>
			<trkpt lat="45.366604" lon="-121.700951">
				<ele>2951.359863</ele>
				<time>2026-06-02T11:52:33Z</time>
			</trkpt>
			<trkpt lat="45.366604" lon="-121.700951">
				<ele>2951.359863</ele>
				<time>2026-06-02T11:52:33Z</time>
			</trkpt>
			<trkpt lat="45.366646" lon="-121.700958">
				<ele>2953.320801</ele>
				<time>2026-06-02T11:52:51Z</time>
			</trkpt>
			<trkpt lat="45.366692" lon="-121.700958">
				<ele>2955.588867</ele>
				<time>2026-06-02T11:53:10Z</time>
			</trkpt>
			<trkpt lat="45.366692" lon="-121.700958">
				<ele>2955.588867</ele>
				<time>2026-06-02T11:53:10Z</time>
			</trkpt>
			<trkpt lat="45.366734" lon="-121.700935">
				<ele>2956.67041</ele>
				<time>2026-06-02T11:53:26Z</time>
			</trkpt>
			<trkpt lat="45.366772" lon="-121.700966">
				<ele>2959.933838</ele>
				<time>2026-06-02T11:53:41Z</time>
			</trkpt>
			<trkpt lat="45.366772" lon="-121.700966">
				<ele>2959.933838</ele>
				<time>2026-06-02T11:53:41Z</time>
			</trkpt>
			<trkpt lat="45.366814" lon="-121.700943">
				<ele>2961.856445</ele>
				<time>2026-06-02T11:54:02Z</time>
			</trkpt>
			<trkpt lat="45.366814" lon="-121.700943">
				<ele>2961.856445</ele>
				<time>2026-06-02T11:54:02Z</time>
			</trkpt>
			<trkpt lat="45.366856" lon="-121.700928">
				<ele>2965.155762</ele>
				<time>2026-06-02T11:54:22Z</time>
			</trkpt>
			<trkpt lat="45.366856" lon="-121.700928">
				<ele>2965.155762</ele>
				<time>2026-06-02T11:54:22Z</time>
			</trkpt>
			<trkpt lat="45.366898" lon="-121.700905">
				<ele>2966.696533</ele>
				<time>2026-06-02T11:54:56Z</time>
			</trkpt>
			<trkpt lat="45.366898" lon="-121.700905">
				<ele>2966.696533</ele>
				<time>2026-06-02T11:54:56Z</time>
			</trkpt>
			<trkpt lat="45.366943" lon="-121.700912">
				<ele>2970.82251</ele>
				<time>2026-06-02T11:55:22Z</time>
			</trkpt>
			<trkpt lat="45.366943" lon="-121.700912">
				<ele>2970.82251</ele>
				<time>2026-06-02T11:55:22Z</time>
			</trkpt>
			<trkpt lat="45.366978" lon="-121.700874">
				<ele>2971.118164</ele>
				<time>2026-06-02T11:55:40Z</time>
			</trkpt>
			<trkpt lat="45.367012" lon="-121.700836">
				<ele>2975.459229</ele>
				<time>2026-06-02T11:56:20Z</time>
			</trkpt>
			<trkpt lat="45.367012" lon="-121.700836">
				<ele>2975.459229</ele>
				<time>2026-06-02T11:56:20Z</time>
			</trkpt>
			<trkpt lat="45.367039" lon="-121.700783">
				<ele>2976.733887</ele>
				<time>2026-06-02T11:56:35Z</time>
			</trkpt>
			<trkpt lat="45.367081" lon="-121.70076">
				<ele>2980.855957</ele>
				<time>2026-06-02T11:56:59Z</time>
			</trkpt>
			<trkpt lat="45.367081" lon="-121.70076">
				<ele>2980.855957</ele>
				<time>2026-06-02T11:56:59Z</time>
			</trkpt>
			<trkpt lat="45.367119" lon="-121.700729">
				<ele>2981.349854</ele>
				<time>2026-06-02T11:57:20Z</time>
			</trkpt>
			<trkpt lat="45.367119" lon="-121.700729">
				<ele>2981.349854</ele>
				<time>2026-06-02T11:57:20Z</time>
			</trkpt>
			<trkpt lat="45.367157" lon="-121.700699">
				<ele>2983.348145</ele>
				<time>2026-06-02T11:57:36Z</time>
			</trkpt>
			<trkpt lat="45.367199" lon="-121.700691">
				<ele>2986.260254</ele>
				<time>2026-06-02T11:58:08Z</time>
			</trkpt>
			<trkpt lat="45.367199" lon="-121.700691">
				<ele>2986.260254</ele>
				<time>2026-06-02T11:58:08Z</time>
			</trkpt>
			<trkpt lat="45.367237" lon="-121.700653">
				<ele>2990.503662</ele>
				<time>2026-06-02T11:58:28Z</time>
			</trkpt>
			<trkpt lat="45.367237" lon="-121.700653">
				<ele>2990.503662</ele>
				<time>2026-06-02T11:58:28Z</time>
			</trkpt>
			<trkpt lat="45.367279" lon="-121.70063">
				<ele>2990.979736</ele>
				<time>2026-06-02T11:58:48Z</time>
			</trkpt>
			<trkpt lat="45.367279" lon="-121.70063">
				<ele>2990.979736</ele>
				<time>2026-06-02T11:58:48Z</time>
			</trkpt>
			<trkpt lat="45.367321" lon="-121.7006">
				<ele>2993.039795</ele>
				<time>2026-06-02T11:59:08Z</time>
			</trkpt>
			<trkpt lat="45.367321" lon="-121.7006">
				<ele>2993.039795</ele>
				<time>2026-06-02T11:59:08Z</time>
			</trkpt>
			<trkpt lat="45.367363" lon="-121.700569">
				<ele>2993.757324</ele>
				<time>2026-06-02T11:59:28Z</time>
			</trkpt>
			<trkpt lat="45.367363" lon="-121.700569">
				<ele>2993.757324</ele>
				<time>2026-06-02T11:59:28Z</time>
			</trkpt>
			<trkpt lat="45.367405" lon="-121.700562">
				<ele>2999.185791</ele>
				<time>2026-06-02T12:00:00Z</time>
			</trkpt>
			<trkpt lat="45.367405" lon="-121.700562">
				<ele>2999.185791</ele>
				<time>2026-06-02T12:00:00Z</time>
			</trkpt>
			<trkpt lat="45.367447" lon="-121.700554">
				<ele>3001.035156</ele>
				<time>2026-06-02T12:00:27Z</time>
			</trkpt>
			<trkpt lat="45.367447" lon="-121.700554">
				<ele>3001.035156</ele>
				<time>2026-06-02T12:00:27Z</time>
			</trkpt>
			<trkpt lat="45.367489" lon="-121.700531">
				<ele>3004.924072</ele>
				<time>2026-06-02T12:01:16Z</time>
			</trkpt>
			<trkpt lat="45.367489" lon="-121.700531">
				<ele>3004.924072</ele>
				<time>2026-06-02T12:01:16Z</time>
			</trkpt>
			<trkpt lat="45.367527" lon="-121.7005">
				<ele>3006.492188</ele>
				<time>2026-06-02T12:02:37Z</time>
			</trkpt>
			<trkpt lat="45.367527" lon="-121.7005">
				<ele>3006.492188</ele>
				<time>2026-06-02T12:02:37Z</time>
			</trkpt>
			<trkpt lat="45.367569" lon="-121.700478">
				<ele>3005.744629</ele>
				<time>2026-06-02T12:03:00Z</time>
			</trkpt>
			<trkpt lat="45.367569" lon="-121.700478">
				<ele>3005.744629</ele>
				<time>2026-06-02T12:03:00Z</time>
			</trkpt>
			<trkpt lat="45.367611" lon="-121.700455">
				<ele>3010.758057</ele>
				<time>2026-06-02T12:03:27Z</time>
			</trkpt>
			<trkpt lat="45.367611" lon="-121.700455">
				<ele>3010.758057</ele>
				<time>2026-06-02T12:03:27Z</time>
			</trkpt>
			<trkpt lat="45.367653" lon="-121.700424">
				<ele>3012.554443</ele>
				<time>2026-06-02T12:03:56Z</time>
			</trkpt>
			<trkpt lat="45.367653" lon="-121.700424">
				<ele>3012.554443</ele>
				<time>2026-06-02T12:03:56Z</time>
			</trkpt>
			<trkpt lat="45.367699" lon="-121.700417">
				<ele>3016.315918</ele>
				<time>2026-06-02T12:04:22Z</time>
			</trkpt>
			<trkpt lat="45.367699" lon="-121.700417">
				<ele>3016.315918</ele>
				<time>2026-06-02T12:04:22Z</time>
			</trkpt>
			<trkpt lat="45.367737" lon="-121.700386">
				<ele>3019.234863</ele>
				<time>2026-06-02T12:04:48Z</time>
			</trkpt>
			<trkpt lat="45.367737" lon="-121.700386">
				<ele>3019.234863</ele>
				<time>2026-06-02T12:04:48Z</time>
			</trkpt>
			<trkpt lat="45.367771" lon="-121.700348">
				<ele>3020.030762</ele>
				<time>2026-06-02T12:05:13Z</time>
			</trkpt>
			<trkpt lat="45.367771" lon="-121.700348">
				<ele>3020.030762</ele>
				<time>2026-06-02T12:05:13Z</time>
			</trkpt>
			<trkpt lat="45.367809" lon="-121.700325">
				<ele>3021.571777</ele>
				<time>2026-06-02T12:05:34Z</time>
			</trkpt>
			<trkpt lat="45.367809" lon="-121.700325">
				<ele>3021.571777</ele>
				<time>2026-06-02T12:05:34Z</time>
			</trkpt>
			<trkpt lat="45.367844" lon="-121.700287">
				<ele>3025.896729</ele>
				<time>2026-06-02T12:06:46Z</time>
			</trkpt>
			<trkpt lat="45.367844" lon="-121.700287">
				<ele>3025.896729</ele>
				<time>2026-06-02T12:06:46Z</time>
			</trkpt>
			<trkpt lat="45.367882" lon="-121.700249">
				<ele>3027.118896</ele>
				<time>2026-06-02T12:07:05Z</time>
			</trkpt>
			<trkpt lat="45.367882" lon="-121.700249">
				<ele>3027.118896</ele>
				<time>2026-06-02T12:07:05Z</time>
			</trkpt>
			<trkpt lat="45.367908" lon="-121.700203">
				<ele>3029.905762</ele>
				<time>2026-06-02T12:07:31Z</time>
			</trkpt>
			<trkpt lat="45.367908" lon="-121.700203">
				<ele>3029.905762</ele>
				<time>2026-06-02T12:07:31Z</time>
			</trkpt>
			<trkpt lat="45.367947" lon="-121.700172">
				<ele>3034.561523</ele>
				<time>2026-06-02T12:07:52Z</time>
			</trkpt>
			<trkpt lat="45.367947" lon="-121.700172">
				<ele>3034.561523</ele>
				<time>2026-06-02T12:07:52Z</time>
			</trkpt>
			<trkpt lat="45.367977" lon="-121.700127">
				<ele>3034.831299</ele>
				<time>2026-06-02T12:08:14Z</time>
			</trkpt>
			<trkpt lat="45.367977" lon="-121.700127">
				<ele>3034.831299</ele>
				<time>2026-06-02T12:08:14Z</time>
			</trkpt>
			<trkpt lat="45.368008" lon="-121.700081">
				<ele>3037.893066</ele>
				<time>2026-06-02T12:09:03Z</time>
			</trkpt>
			<trkpt lat="45.368008" lon="-121.700081">
				<ele>3037.893066</ele>
				<time>2026-06-02T12:09:03Z</time>
			</trkpt>
			<trkpt lat="45.368038" lon="-121.700043">
				<ele>3039.87085</ele>
				<time>2026-06-02T12:09:21Z</time>
			</trkpt>
			<trkpt lat="45.368065" lon="-121.699989">
				<ele>3042.644775</ele>
				<time>2026-06-02T12:09:46Z</time>
			</trkpt>
			<trkpt lat="45.368065" lon="-121.699989">
				<ele>3042.644775</ele>
				<time>2026-06-02T12:09:46Z</time>
			</trkpt>
			<trkpt lat="45.368095" lon="-121.699944">
				<ele>3044.357666</ele>
				<time>2026-06-02T12:10:07Z</time>
			</trkpt>
			<trkpt lat="45.368095" lon="-121.699944">
				<ele>3044.357666</ele>
				<time>2026-06-02T12:10:07Z</time>
			</trkpt>
			<trkpt lat="45.368134" lon="-121.699913">
				<ele>3047.757568</ele>
				<time>2026-06-02T12:10:30Z</time>
			</trkpt>
			<trkpt lat="45.368134" lon="-121.699913">
				<ele>3047.757568</ele>
				<time>2026-06-02T12:10:30Z</time>
			</trkpt>
			<trkpt lat="45.368172" lon="-121.699883">
				<ele>3049.886963</ele>
				<time>2026-06-02T12:10:52Z</time>
			</trkpt>
			<trkpt lat="45.368172" lon="-121.699883">
				<ele>3049.886963</ele>
				<time>2026-06-02T12:10:52Z</time>
			</trkpt>
			<trkpt lat="45.368214" lon="-121.69986">
				<ele>3053.050537</ele>
				<time>2026-06-02T12:11:22Z</time>
			</trkpt>
			<trkpt lat="45.368214" lon="-121.69986">
				<ele>3053.050537</ele>
				<time>2026-06-02T12:11:22Z</time>
			</trkpt>
			<trkpt lat="45.368248" lon="-121.699821">
				<ele>3053.6604</ele>
				<time>2026-06-02T12:11:45Z</time>
			</trkpt>
			<trkpt lat="45.368248" lon="-121.699821">
				<ele>3053.6604</ele>
				<time>2026-06-02T12:11:45Z</time>
			</trkpt>
			<trkpt lat="45.368294" lon="-121.699814">
				<ele>3057.213135</ele>
				<time>2026-06-02T12:12:14Z</time>
			</trkpt>
			<trkpt lat="45.368294" lon="-121.699814">
				<ele>3057.213135</ele>
				<time>2026-06-02T12:12:14Z</time>
			</trkpt>
			<trkpt lat="45.368343" lon="-121.699806">
				<ele>3060.185791</ele>
				<time>2026-06-02T12:12:49Z</time>
			</trkpt>
			<trkpt lat="45.368343" lon="-121.699806">
				<ele>3060.185791</ele>
				<time>2026-06-02T12:12:49Z</time>
			</trkpt>
			<trkpt lat="45.368382" lon="-121.699776">
				<ele>3062.179443</ele>
				<time>2026-06-02T12:13:34Z</time>
			</trkpt>
			<trkpt lat="45.368382" lon="-121.699776">
				<ele>3062.179443</ele>
				<time>2026-06-02T12:13:34Z</time>
			</trkpt>
			<trkpt lat="45.368423" lon="-121.699753">
				<ele>3067.079346</ele>
				<time>2026-06-02T12:14:07Z</time>
			</trkpt>
			<trkpt lat="45.368423" lon="-121.699753">
				<ele>3067.079346</ele>
				<time>2026-06-02T12:14:07Z</time>
			</trkpt>
			<trkpt lat="45.368465" lon="-121.699745">
				<ele>3066.824219</ele>
				<time>2026-06-02T12:14:27Z</time>
			</trkpt>
			<trkpt lat="45.368465" lon="-121.699745">
				<ele>3066.824219</ele>
				<time>2026-06-02T12:14:27Z</time>
			</trkpt>
			<trkpt lat="45.368523" lon="-121.699715">
				<ele>3071.220703</ele>
				<time>2026-06-02T12:15:11Z</time>
			</trkpt>
			<trkpt lat="45.368523" lon="-121.699715">
				<ele>3071.220703</ele>
				<time>2026-06-02T12:15:11Z</time>
			</trkpt>
			<trkpt lat="45.368568" lon="-121.699661">
				<ele>3079.205078</ele>
				<time>2026-06-02T12:16:08Z</time>
			</trkpt>
			<trkpt lat="45.368568" lon="-121.699661">
				<ele>3079.205078</ele>
				<time>2026-06-02T12:16:08Z</time>
			</trkpt>
			<trkpt lat="45.368633" lon="-121.699631">
				<ele>3083.113281</ele>
				<time>2026-06-02T12:16:45Z</time>
			</trkpt>
			<trkpt lat="45.368633" lon="-121.699631">
				<ele>3083.113281</ele>
				<time>2026-06-02T12:16:45Z</time>
			</trkpt>
			<trkpt lat="45.368687" lon="-121.699554">
				<ele>3089.801025</ele>
				<time>2026-06-02T12:17:34Z</time>
			</trkpt>
			<trkpt lat="45.368687" lon="-121.699554">
				<ele>3089.801025</ele>
				<time>2026-06-02T12:17:34Z</time>
			</trkpt>
			<trkpt lat="45.368744" lon="-121.699509">
				<ele>3090.997803</ele>
				<time>2026-06-02T12:18:26Z</time>
			</trkpt>
			<trkpt lat="45.368744" lon="-121.699509">
				<ele>3090.997803</ele>
				<time>2026-06-02T12:18:26Z</time>
			</trkpt>
			<trkpt lat="45.368805" lon="-121.699463">
				<ele>3096.292725</ele>
				<time>2026-06-02T12:19:10Z</time>
			</trkpt>
			<trkpt lat="45.368805" lon="-121.699463">
				<ele>3096.292725</ele>
				<time>2026-06-02T12:19:10Z</time>
			</trkpt>
			<trkpt lat="45.368874" lon="-121.699455">
				<ele>3098.894043</ele>
				<time>2026-06-02T12:19:44Z</time>
			</trkpt>
			<trkpt lat="45.368874" lon="-121.699455">
				<ele>3098.894043</ele>
				<time>2026-06-02T12:19:44Z</time>
			</trkpt>
			<trkpt lat="45.368935" lon="-121.699471">
				<ele>3104.048096</ele>
				<time>2026-06-02T12:20:24Z</time>
			</trkpt>
			<trkpt lat="45.368935" lon="-121.699471">
				<ele>3104.048096</ele>
				<time>2026-06-02T12:20:24Z</time>
			</trkpt>
			<trkpt lat="45.368996" lon="-121.699486">
				<ele>3107.52124</ele>
				<time>2026-06-02T12:20:56Z</time>
			</trkpt>
			<trkpt lat="45.368996" lon="-121.699486">
				<ele>3107.52124</ele>
				<time>2026-06-02T12:20:56Z</time>
			</trkpt>
			<trkpt lat="45.369049" lon="-121.699509">
				<ele>3112.098633</ele>
				<time>2026-06-02T12:21:52Z</time>
			</trkpt>
			<trkpt lat="45.369049" lon="-121.699509">
				<ele>3112.098633</ele>
				<time>2026-06-02T12:21:52Z</time>
			</trkpt>
			<trkpt lat="45.369102" lon="-121.699516">
				<ele>3118.815186</ele>
				<time>2026-06-02T12:22:38Z</time>
			</trkpt>
			<trkpt lat="45.369102" lon="-121.699516">
				<ele>3118.815186</ele>
				<time>2026-06-02T12:22:38Z</time>
			</trkpt>
			<trkpt lat="45.369141" lon="-121.699463">
				<ele>3120.208008</ele>
				<time>2026-06-02T12:24:26Z</time>
			</trkpt>
			<trkpt lat="45.369141" lon="-121.699463">
				<ele>3120.208008</ele>
				<time>2026-06-02T12:24:26Z</time>
			</trkpt>
			<trkpt lat="45.369179" lon="-121.699409">
				<ele>3121.357666</ele>
				<time>2026-06-02T12:24:38Z</time>
			</trkpt>
			<trkpt lat="45.369225" lon="-121.699371">
				<ele>3122.185059</ele>
				<time>2026-06-02T12:24:55Z</time>
			</trkpt>
			<trkpt lat="45.369225" lon="-121.699371">
				<ele>3122.185059</ele>
				<time>2026-06-02T12:24:55Z</time>
			</trkpt>
			<trkpt lat="45.369267" lon="-121.699326">
				<ele>3121.269043</ele>
				<time>2026-06-02T12:25:08Z</time>
			</trkpt>
			<trkpt lat="45.369312" lon="-121.69928">
				<ele>3121.465088</ele>
				<time>2026-06-02T12:25:19Z</time>
			</trkpt>
			<trkpt lat="45.369312" lon="-121.69928">
				<ele>3121.465088</ele>
				<time>2026-06-02T12:25:19Z</time>
			</trkpt>
			<trkpt lat="45.369358" lon="-121.699234">
				<ele>3121.272949</ele>
				<time>2026-06-02T12:25:30Z</time>
			</trkpt>
			<trkpt lat="45.369404" lon="-121.699203">
				<ele>3122.48584</ele>
				<time>2026-06-02T12:25:44Z</time>
			</trkpt>
			<trkpt lat="45.369404" lon="-121.699203">
				<ele>3122.48584</ele>
				<time>2026-06-02T12:25:44Z</time>
			</trkpt>
			<trkpt lat="45.369457" lon="-121.699181">
				<ele>3122.718506</ele>
				<time>2026-06-02T12:25:57Z</time>
			</trkpt>
			<trkpt lat="45.369503" lon="-121.699135">
				<ele>3124.202148</ele>
				<time>2026-06-02T12:26:09Z</time>
			</trkpt>
			<trkpt lat="45.369503" lon="-121.699135">
				<ele>3124.202148</ele>
				<time>2026-06-02T12:26:09Z</time>
			</trkpt>
			<trkpt lat="45.369553" lon="-121.699097">
				<ele>3124.264404</ele>
				<time>2026-06-02T12:26:20Z</time>
			</trkpt>
			<trkpt lat="45.369598" lon="-121.699059">
				<ele>3125.040039</ele>
				<time>2026-06-02T12:26:30Z</time>
			</trkpt>
			<trkpt lat="45.369598" lon="-121.699059">
				<ele>3125.040039</ele>
				<time>2026-06-02T12:26:30Z</time>
			</trkpt>
			<trkpt lat="45.369648" lon="-121.69902">
				<ele>3124.800293</ele>
				<time>2026-06-02T12:26:41Z</time>
			</trkpt>
			<trkpt lat="45.369682" lon="-121.698952">
				<ele>3124.604492</ele>
				<time>2026-06-02T12:26:50Z</time>
			</trkpt>
			<trkpt lat="45.369682" lon="-121.698952">
				<ele>3124.604492</ele>
				<time>2026-06-02T12:26:50Z</time>
			</trkpt>
			<trkpt lat="45.369743" lon="-121.698959">
				<ele>3129.975098</ele>
				<time>2026-06-02T12:30:12Z</time>
			</trkpt>
			<trkpt lat="45.369743" lon="-121.698959">
				<ele>3129.975098</ele>
				<time>2026-06-02T12:30:12Z</time>
			</trkpt>
			<trkpt lat="45.369804" lon="-121.698982">
				<ele>3128.707031</ele>
				<time>2026-06-02T12:30:24Z</time>
			</trkpt>
			<trkpt lat="45.369865" lon="-121.698975">
				<ele>3132.499023</ele>
				<time>2026-06-02T12:30:42Z</time>
			</trkpt>
			<trkpt lat="45.369865" lon="-121.698975">
				<ele>3132.499023</ele>
				<time>2026-06-02T12:30:42Z</time>
			</trkpt>
			<trkpt lat="45.369919" lon="-121.698997">
				<ele>3136.362305</ele>
				<time>2026-06-02T12:31:02Z</time>
			</trkpt>
			<trkpt lat="45.369919" lon="-121.698997">
				<ele>3136.362305</ele>
				<time>2026-06-02T12:31:02Z</time>
			</trkpt>
			<trkpt lat="45.369972" lon="-121.699013">
				<ele>3136.480469</ele>
				<time>2026-06-02T12:31:15Z</time>
			</trkpt>
			<trkpt lat="45.370045" lon="-121.699005">
				<ele>3139.278076</ele>
				<time>2026-06-02T12:31:42Z</time>
			</trkpt>
			<trkpt lat="45.370045" lon="-121.699005">
				<ele>3139.278076</ele>
				<time>2026-06-02T12:31:42Z</time>
			</trkpt>
			<trkpt lat="45.37011" lon="-121.69899">
				<ele>3142.120361</ele>
				<time>2026-06-02T12:31:59Z</time>
			</trkpt>
			<trkpt lat="45.370178" lon="-121.698982">
				<ele>3142.942139</ele>
				<time>2026-06-02T12:32:16Z</time>
			</trkpt>
			<trkpt lat="45.370178" lon="-121.698982">
				<ele>3142.942139</ele>
				<time>2026-06-02T12:32:16Z</time>
			</trkpt>
			<trkpt lat="45.370247" lon="-121.698982">
				<ele>3144.437256</ele>
				<time>2026-06-02T12:32:35Z</time>
			</trkpt>
			<trkpt lat="45.370247" lon="-121.698982">
				<ele>3144.437256</ele>
				<time>2026-06-02T12:32:35Z</time>
			</trkpt>
			<trkpt lat="45.370304" lon="-121.698982">
				<ele>3145.819824</ele>
				<time>2026-06-02T12:32:54Z</time>
			</trkpt>
			<trkpt lat="45.370304" lon="-121.698982">
				<ele>3145.819824</ele>
				<time>2026-06-02T12:32:54Z</time>
			</trkpt>
			<trkpt lat="45.370377" lon="-121.698997">
				<ele>3143.809082</ele>
				<time>2026-06-02T12:33:12Z</time>
			</trkpt>
			<trkpt lat="45.370445" lon="-121.698997">
				<ele>3143.838623</ele>
				<time>2026-06-02T12:33:27Z</time>
			</trkpt>
			<trkpt lat="45.370445" lon="-121.698997">
				<ele>3143.838623</ele>
				<time>2026-06-02T12:33:27Z</time>
			</trkpt>
			<trkpt lat="45.37051" lon="-121.699013">
				<ele>3144.11792</ele>
				<time>2026-06-02T12:33:42Z</time>
			</trkpt>
			<trkpt lat="45.370586" lon="-121.698997">
				<ele>3152.948486</ele>
				<time>2026-06-02T12:34:06Z</time>
			</trkpt>
			<trkpt lat="45.370586" lon="-121.698997">
				<ele>3152.948486</ele>
				<time>2026-06-02T12:34:06Z</time>
			</trkpt>
			<trkpt lat="45.370663" lon="-121.699005">
				<ele>3155.166748</ele>
				<time>2026-06-02T12:34:27Z</time>
			</trkpt>
			<trkpt lat="45.370663" lon="-121.699005">
				<ele>3155.166748</ele>
				<time>2026-06-02T12:34:27Z</time>
			</trkpt>
			<trkpt lat="45.370747" lon="-121.69902">
				<ele>3156.739258</ele>
				<time>2026-06-02T12:34:45Z</time>
			</trkpt>
			<trkpt lat="45.370823" lon="-121.699036">
				<ele>3157.823486</ele>
				<time>2026-06-02T12:34:59Z</time>
			</trkpt>
			<trkpt lat="45.370823" lon="-121.699036">
				<ele>3157.823486</ele>
				<time>2026-06-02T12:34:59Z</time>
			</trkpt>
			<trkpt lat="45.370884" lon="-121.699074">
				<ele>3159.393555</ele>
				<time>2026-06-02T12:35:11Z</time>
			</trkpt>
			<trkpt lat="45.370937" lon="-121.699074">
				<ele>3160.62085</ele>
				<time>2026-06-02T12:36:06Z</time>
			</trkpt>
			<trkpt lat="45.370937" lon="-121.699074">
				<ele>3160.62085</ele>
				<time>2026-06-02T12:36:06Z</time>
			</trkpt>
			<trkpt lat="45.370995" lon="-121.699089">
				<ele>3165.16626</ele>
				<time>2026-06-02T12:36:32Z</time>
			</trkpt>
			<trkpt lat="45.370995" lon="-121.699089">
				<ele>3165.16626</ele>
				<time>2026-06-02T12:36:32Z</time>
			</trkpt>
			<trkpt lat="45.371082" lon="-121.699112">
				<ele>3167.655273</ele>
				<time>2026-06-02T12:37:13Z</time>
			</trkpt>
			<trkpt lat="45.371082" lon="-121.699112">
				<ele>3167.655273</ele>
				<time>2026-06-02T12:37:13Z</time>
			</trkpt>
			<trkpt lat="45.371124" lon="-121.699203">
				<ele>3169.431396</ele>
				<time>2026-06-02T12:37:34Z</time>
			</trkpt>
			<trkpt lat="45.371124" lon="-121.699203">
				<ele>3169.431396</ele>
				<time>2026-06-02T12:37:34Z</time>
			</trkpt>
			<trkpt lat="45.371162" lon="-121.699287">
				<ele>3171.545654</ele>
				<time>2026-06-02T12:37:51Z</time>
			</trkpt>
			<trkpt lat="45.371181" lon="-121.699364">
				<ele>3175.103271</ele>
				<time>2026-06-02T12:38:12Z</time>
			</trkpt>
			<trkpt lat="45.371181" lon="-121.699364">
				<ele>3175.103271</ele>
				<time>2026-06-02T12:38:12Z</time>
			</trkpt>
			<trkpt lat="45.371201" lon="-121.699471">
				<ele>3178.212646</ele>
				<time>2026-06-02T12:38:41Z</time>
			</trkpt>
			<trkpt lat="45.371201" lon="-121.699471">
				<ele>3178.212646</ele>
				<time>2026-06-02T12:38:41Z</time>
			</trkpt>
			<trkpt lat="45.371208" lon="-121.699562">
				<ele>3177.999756</ele>
				<time>2026-06-02T12:39:02Z</time>
			</trkpt>
			<trkpt lat="45.371208" lon="-121.699562">
				<ele>3177.999756</ele>
				<time>2026-06-02T12:39:02Z</time>
			</trkpt>
			<trkpt lat="45.371258" lon="-121.699593">
				<ele>3180.566895</ele>
				<time>2026-06-02T12:42:36Z</time>
			</trkpt>
			<trkpt lat="45.371258" lon="-121.699593">
				<ele>3180.566895</ele>
				<time>2026-06-02T12:42:36Z</time>
			</trkpt>
			<trkpt lat="45.371284" lon="-121.699661">
				<ele>3181.86792</ele>
				<time>2026-06-02T12:43:01Z</time>
			</trkpt>
			<trkpt lat="45.371284" lon="-121.699661">
				<ele>3181.86792</ele>
				<time>2026-06-02T12:43:01Z</time>
			</trkpt>
			<trkpt lat="45.371338" lon="-121.699623">
				<ele>3185.419922</ele>
				<time>2026-06-02T12:43:25Z</time>
			</trkpt>
			<trkpt lat="45.371338" lon="-121.699623">
				<ele>3185.419922</ele>
				<time>2026-06-02T12:43:25Z</time>
			</trkpt>
			<trkpt lat="45.371418" lon="-121.699577">
				<ele>3190.232666</ele>
				<time>2026-06-02T12:44:20Z</time>
			</trkpt>
			<trkpt lat="45.371418" lon="-121.699577">
				<ele>3190.232666</ele>
				<time>2026-06-02T12:44:20Z</time>
			</trkpt>
			<trkpt lat="45.371437" lon="-121.699493">
				<ele>3194.708984</ele>
				<time>2026-06-02T12:45:25Z</time>
			</trkpt>
			<trkpt lat="45.371437" lon="-121.699493">
				<ele>3194.708984</ele>
				<time>2026-06-02T12:45:25Z</time>
			</trkpt>
			<trkpt lat="45.371487" lon="-121.699532">
				<ele>3198.516357</ele>
				<time>2026-06-02T12:46:09Z</time>
			</trkpt>
			<trkpt lat="45.371487" lon="-121.699532">
				<ele>3198.516357</ele>
				<time>2026-06-02T12:46:09Z</time>
			</trkpt>
			<trkpt lat="45.371525" lon="-121.699478">
				<ele>3200.231201</ele>
				<time>2026-06-02T12:46:27Z</time>
			</trkpt>
			<trkpt lat="45.371582" lon="-121.699455">
				<ele>3203.408447</ele>
				<time>2026-06-02T12:47:30Z</time>
			</trkpt>
			<trkpt lat="45.371582" lon="-121.699455">
				<ele>3203.408447</ele>
				<time>2026-06-02T12:47:30Z</time>
			</trkpt>
			<trkpt lat="45.371635" lon="-121.699402">
				<ele>3207.703125</ele>
				<time>2026-06-02T12:48:25Z</time>
			</trkpt>
			<trkpt lat="45.371635" lon="-121.699402">
				<ele>3207.703125</ele>
				<time>2026-06-02T12:48:25Z</time>
			</trkpt>
			<trkpt lat="45.371716" lon="-121.699402">
				<ele>3210.606689</ele>
				<time>2026-06-02T12:49:28Z</time>
			</trkpt>
			<trkpt lat="45.371716" lon="-121.699402">
				<ele>3210.606689</ele>
				<time>2026-06-02T12:49:28Z</time>
			</trkpt>
			<trkpt lat="45.371738" lon="-121.699318">
				<ele>3215.355469</ele>
				<time>2026-06-02T12:50:26Z</time>
			</trkpt>
			<trkpt lat="45.371738" lon="-121.699318">
				<ele>3215.355469</ele>
				<time>2026-06-02T12:50:26Z</time>
			</trkpt>
			<trkpt lat="45.37175" lon="-121.699371">
				<ele>3225.792236</ele>
				<time>2026-06-02T13:06:37Z</time>
			</trkpt>
			<trkpt lat="45.37175" lon="-121.699371">
				<ele>3225.792236</ele>
				<time>2026-06-02T13:06:37Z</time>
			</trkpt>
			<trkpt lat="45.3717" lon="-121.699425">
				<ele>3217.257568</ele>
				<time>2026-06-02T13:07:47Z</time>
			</trkpt>
			<trkpt lat="45.371746" lon="-121.699348">
				<ele>3218.953857</ele>
				<time>2026-06-02T13:07:51Z</time>
			</trkpt>
			<trkpt lat="45.371811" lon="-121.699379">
				<ele>3218.84375</ele>
				<time>2026-06-02T13:22:45Z</time>
			</trkpt>
			<trkpt lat="45.371811" lon="-121.699379">
				<ele>3218.84375</ele>
				<time>2026-06-02T13:22:45Z</time>
			</trkpt>
			<trkpt lat="45.371861" lon="-121.699402">
				<ele>3228.204102</ele>
				<time>2026-06-02T13:25:19Z</time>
			</trkpt>
			<trkpt lat="45.371861" lon="-121.699402">
				<ele>3228.204102</ele>
				<time>2026-06-02T13:25:19Z</time>
			</trkpt>
			<trkpt lat="45.371933" lon="-121.699341">
				<ele>3231.37085</ele>
				<time>2026-06-02T13:27:34Z</time>
			</trkpt>
			<trkpt lat="45.371933" lon="-121.699341">
				<ele>3231.37085</ele>
				<time>2026-06-02T13:27:34Z</time>
			</trkpt>
			<trkpt lat="45.372002" lon="-121.699295">
				<ele>3236.896484</ele>
				<time>2026-06-02T13:28:11Z</time>
			</trkpt>
			<trkpt lat="45.372002" lon="-121.699295">
				<ele>3236.896484</ele>
				<time>2026-06-02T13:28:11Z</time>
			</trkpt>
			<trkpt lat="45.372078" lon="-121.699211">
				<ele>3243.096924</ele>
				<time>2026-06-02T13:29:02Z</time>
			</trkpt>
			<trkpt lat="45.372078" lon="-121.699211">
				<ele>3243.096924</ele>
				<time>2026-06-02T13:29:02Z</time>
			</trkpt>
			<trkpt lat="45.372192" lon="-121.699112">
				<ele>3249.202881</ele>
				<time>2026-06-02T13:30:21Z</time>
			</trkpt>
			<trkpt lat="45.372192" lon="-121.699112">
				<ele>3249.202881</ele>
				<time>2026-06-02T13:30:21Z</time>
			</trkpt>
			<trkpt lat="45.372269" lon="-121.699028">
				<ele>3257.882568</ele>
				<time>2026-06-02T13:31:21Z</time>
			</trkpt>
			<trkpt lat="45.372269" lon="-121.699028">
				<ele>3257.882568</ele>
				<time>2026-06-02T13:31:21Z</time>
			</trkpt>
			<trkpt lat="45.372337" lon="-121.698967">
				<ele>3262.862305</ele>
				<time>2026-06-02T13:32:18Z</time>
			</trkpt>
			<trkpt lat="45.372337" lon="-121.698967">
				<ele>3262.862305</ele>
				<time>2026-06-02T13:32:18Z</time>
			</trkpt>
			<trkpt lat="45.372414" lon="-121.698891">
				<ele>3267.584229</ele>
				<time>2026-06-02T13:33:50Z</time>
			</trkpt>
			<trkpt lat="45.372414" lon="-121.698891">
				<ele>3267.584229</ele>
				<time>2026-06-02T13:33:50Z</time>
			</trkpt>
			<trkpt lat="45.372494" lon="-121.698822">
				<ele>3276.577148</ele>
				<time>2026-06-02T13:35:08Z</time>
			</trkpt>
			<trkpt lat="45.372494" lon="-121.698822">
				<ele>3276.577148</ele>
				<time>2026-06-02T13:35:08Z</time>
			</trkpt>
			<trkpt lat="45.372604" lon="-121.69873">
				<ele>3285.946533</ele>
				<time>2026-06-02T13:36:36Z</time>
			</trkpt>
			<trkpt lat="45.372604" lon="-121.69873">
				<ele>3285.946533</ele>
				<time>2026-06-02T13:36:36Z</time>
			</trkpt>
			<trkpt lat="45.372662" lon="-121.698647">
				<ele>3293.520752</ele>
				<time>2026-06-02T13:37:48Z</time>
			</trkpt>
			<trkpt lat="45.372662" lon="-121.698647">
				<ele>3293.520752</ele>
				<time>2026-06-02T13:37:48Z</time>
			</trkpt>
			<trkpt lat="45.372753" lon="-121.698624">
				<ele>3297.625977</ele>
				<time>2026-06-02T13:38:41Z</time>
			</trkpt>
			<trkpt lat="45.372753" lon="-121.698624">
				<ele>3297.625977</ele>
				<time>2026-06-02T13:38:41Z</time>
			</trkpt>
			<trkpt lat="45.372841" lon="-121.69854">
				<ele>3307.850098</ele>
				<time>2026-06-02T13:40:08Z</time>
			</trkpt>
			<trkpt lat="45.372841" lon="-121.69854">
				<ele>3307.850098</ele>
				<time>2026-06-02T13:40:08Z</time>
			</trkpt>
			<trkpt lat="45.372955" lon="-121.698509">
				<ele>3319.905029</ele>
				<time>2026-06-02T13:41:59Z</time>
			</trkpt>
			<trkpt lat="45.372955" lon="-121.698509">
				<ele>3319.905029</ele>
				<time>2026-06-02T13:41:59Z</time>
			</trkpt>
			<trkpt lat="45.37302" lon="-121.698441">
				<ele>3323.982666</ele>
				<time>2026-06-02T13:42:58Z</time>
			</trkpt>
			<trkpt lat="45.37302" lon="-121.698441">
				<ele>3323.982666</ele>
				<time>2026-06-02T13:42:58Z</time>
			</trkpt>
			<trkpt lat="45.373089" lon="-121.698357">
				<ele>3329.998047</ele>
				<time>2026-06-02T13:44:40Z</time>
			</trkpt>
			<trkpt lat="45.373089" lon="-121.698357">
				<ele>3329.998047</ele>
				<time>2026-06-02T13:44:40Z</time>
			</trkpt>
			<trkpt lat="45.373184" lon="-121.698326">
				<ele>3340.202881</ele>
				<time>2026-06-02T13:46:11Z</time>
			</trkpt>
			<trkpt lat="45.373184" lon="-121.698326">
				<ele>3340.202881</ele>
				<time>2026-06-02T13:46:11Z</time>
			</trkpt>
			<trkpt lat="45.373238" lon="-121.698227">
				<ele>3340.741455</ele>
				<time>2026-06-02T13:47:57Z</time>
			</trkpt>
			<trkpt lat="45.373238" lon="-121.698227">
				<ele>3340.741455</ele>
				<time>2026-06-02T13:47:57Z</time>
			</trkpt>
			<trkpt lat="45.373306" lon="-121.698189">
				<ele>3347.081055</ele>
				<time>2026-06-02T13:49:11Z</time>
			</trkpt>
			<trkpt lat="45.373306" lon="-121.698189">
				<ele>3347.081055</ele>
				<time>2026-06-02T13:49:11Z</time>
			</trkpt>
			<trkpt lat="45.373394" lon="-121.698135">
				<ele>3361.751221</ele>
				<time>2026-06-02T13:50:45Z</time>
			</trkpt>
			<trkpt lat="45.373394" lon="-121.698135">
				<ele>3361.751221</ele>
				<time>2026-06-02T13:50:45Z</time>
			</trkpt>
			<trkpt lat="45.37344" lon="-121.698036">
				<ele>3364.770264</ele>
				<time>2026-06-02T13:51:46Z</time>
			</trkpt>
			<trkpt lat="45.37344" lon="-121.698036">
				<ele>3364.770264</ele>
				<time>2026-06-02T13:51:46Z</time>
			</trkpt>
			<trkpt lat="45.373451" lon="-121.697937">
				<ele>3371.231445</ele>
				<time>2026-06-02T13:53:07Z</time>
			</trkpt>
			<trkpt lat="45.373451" lon="-121.697937">
				<ele>3371.231445</ele>
				<time>2026-06-02T13:53:07Z</time>
			</trkpt>
			<trkpt lat="45.373516" lon="-121.697884">
				<ele>3377.772949</ele>
				<time>2026-06-02T13:53:42Z</time>
			</trkpt>
			<trkpt lat="45.373516" lon="-121.697884">
				<ele>3377.772949</ele>
				<time>2026-06-02T13:53:42Z</time>
			</trkpt>
			<trkpt lat="45.373581" lon="-121.697807">
				<ele>3382.644531</ele>
				<time>2026-06-02T13:55:01Z</time>
			</trkpt>
			<trkpt lat="45.373581" lon="-121.697807">
				<ele>3382.644531</ele>
				<time>2026-06-02T13:55:01Z</time>
			</trkpt>
			<trkpt lat="45.373665" lon="-121.697731">
				<ele>3394.351807</ele>
				<time>2026-06-02T13:57:03Z</time>
			</trkpt>
			<trkpt lat="45.373665" lon="-121.697731">
				<ele>3394.351807</ele>
				<time>2026-06-02T13:57:03Z</time>
			</trkpt>
			<trkpt lat="45.373753" lon="-121.697701">
				<ele>3403.810791</ele>
				<time>2026-06-02T13:58:10Z</time>
			</trkpt>
			<trkpt lat="45.373753" lon="-121.697701">
				<ele>3403.810791</ele>
				<time>2026-06-02T13:58:10Z</time>
			</trkpt>
			<trkpt lat="45.373695" lon="-121.697617">
				<ele>3409.990234</ele>
				<time>2026-06-02T13:58:34Z</time>
			</trkpt>
			<trkpt lat="45.373695" lon="-121.697617">
				<ele>3409.990234</ele>
				<time>2026-06-02T13:58:34Z</time>
			</trkpt>
			<trkpt lat="45.373688" lon="-121.697533">
				<ele>3415.047363</ele>
				<time>2026-06-02T13:59:22Z</time>
			</trkpt>
			<trkpt lat="45.373688" lon="-121.697533">
				<ele>3415.047363</ele>
				<time>2026-06-02T13:59:22Z</time>
			</trkpt>
			<trkpt lat="45.373657" lon="-121.697464">
				<ele>3415.5896</ele>
				<time>2026-06-02T13:59:53Z</time>
			</trkpt>
			<trkpt lat="45.373657" lon="-121.697464">
				<ele>3415.5896</ele>
				<time>2026-06-02T13:59:53Z</time>
			</trkpt>
			<trkpt lat="45.373657" lon="-121.697388">
				<ele>3416.534668</ele>
				<time>2026-06-02T14:00:03Z</time>
			</trkpt>
			<trkpt lat="45.373619" lon="-121.697327">
				<ele>3417.566895</ele>
				<time>2026-06-02T14:00:10Z</time>
			</trkpt>
			<trkpt lat="45.3736" lon="-121.697243">
				<ele>3416.357666</ele>
				<time>2026-06-02T14:00:17Z</time>
			</trkpt>
			<trkpt lat="45.3736" lon="-121.697243">
				<ele>3416.357666</ele>
				<time>2026-06-02T14:00:17Z</time>
			</trkpt>
			<trkpt lat="45.373589" lon="-121.697166">
				<ele>3417.513916</ele>
				<time>2026-06-02T14:00:22Z</time>
			</trkpt>
			<trkpt lat="45.373569" lon="-121.696999">
				<ele>3413.249023</ele>
				<time>2026-06-02T14:04:17Z</time>
			</trkpt>
			<trkpt lat="45.373569" lon="-121.696999">
				<ele>3413.249023</ele>
				<time>2026-06-02T14:04:17Z</time>
			</trkpt>
			<trkpt lat="45.373596" lon="-121.696869">
				<ele>3412.386475</ele>
				<time>2026-06-02T14:04:29Z</time>
			</trkpt>
			<trkpt lat="45.373589" lon="-121.696762">
				<ele>3411.074463</ele>
				<time>2026-06-02T14:04:36Z</time>
			</trkpt>
			<trkpt lat="45.373589" lon="-121.696762">
				<ele>3411.074463</ele>
				<time>2026-06-02T14:04:36Z</time>
			</trkpt>
			<trkpt lat="45.373585" lon="-121.696655">
				<ele>3413.599365</ele>
				<time>2026-06-02T14:04:46Z</time>
			</trkpt>
			<trkpt lat="45.373592" lon="-121.696564">
				<ele>3412.28125</ele>
				<time>2026-06-02T14:04:55Z</time>
			</trkpt>
			<trkpt lat="45.373592" lon="-121.696564">
				<ele>3412.28125</ele>
				<time>2026-06-02T14:04:55Z</time>
			</trkpt>
			<trkpt lat="45.373589" lon="-121.696472">
				<ele>3410.721436</ele>
				<time>2026-06-02T14:05:03Z</time>
			</trkpt>
			<trkpt lat="45.373566" lon="-121.696388">
				<ele>3409.927734</ele>
				<time>2026-06-02T14:05:10Z</time>
			</trkpt>
			<trkpt lat="45.373516" lon="-121.696312">
				<ele>3409.904541</ele>
				<time>2026-06-02T14:05:17Z</time>
			</trkpt>
			<trkpt lat="45.373516" lon="-121.696312">
				<ele>3409.904541</ele>
				<time>2026-06-02T14:05:17Z</time>
			</trkpt>
			<trkpt lat="45.373489" lon="-121.696236">
				<ele>3410.166504</ele>
				<time>2026-06-02T14:05:25Z</time>
			</trkpt>
			<trkpt lat="45.37347" lon="-121.696144">
				<ele>3409.360352</ele>
				<time>2026-06-02T14:05:34Z</time>
			</trkpt>
			<trkpt lat="45.373451" lon="-121.69606">
				<ele>3411.299316</ele>
				<time>2026-06-02T14:05:44Z</time>
			</trkpt>
			<trkpt lat="45.373451" lon="-121.69606">
				<ele>3411.299316</ele>
				<time>2026-06-02T14:05:44Z</time>
			</trkpt>
			<trkpt lat="45.373436" lon="-121.695976">
				<ele>3413.09375</ele>
				<time>2026-06-02T14:05:54Z</time>
			</trkpt>
			<trkpt lat="45.373444" lon="-121.695862">
				<ele>3416.572754</ele>
				<time>2026-06-02T14:06:15Z</time>
			</trkpt>
			<trkpt lat="45.373444" lon="-121.695862">
				<ele>3416.572754</ele>
				<time>2026-06-02T14:06:15Z</time>
			</trkpt>
			<trkpt lat="45.373508" lon="-121.695854">
				<ele>3420.238525</ele>
				<time>2026-06-02T14:06:31Z</time>
			</trkpt>
			<trkpt lat="45.373417" lon="-121.695786">
				<ele>3420.358887</ele>
				<time>2026-06-02T14:24:36Z</time>
			</trkpt>
			<trkpt lat="45.373417" lon="-121.695786">
				<ele>3420.358887</ele>
				<time>2026-06-02T14:24:36Z</time>
			</trkpt>
			<trkpt lat="45.373352" lon="-121.695686">
				<ele>3417.810547</ele>
				<time>2026-06-02T14:38:41Z</time>
			</trkpt>
			<trkpt lat="45.373352" lon="-121.695686">
				<ele>3417.810547</ele>
				<time>2026-06-02T14:38:41Z</time>
			</trkpt>
			<trkpt lat="45.373283" lon="-121.695641">
				<ele>3416.853516</ele>
				<time>2026-06-02T14:38:49Z</time>
			</trkpt>
			<trkpt lat="45.373219" lon="-121.695557">
				<ele>3414.04834</ele>
				<time>2026-06-02T14:38:58Z</time>
			</trkpt>
			<trkpt lat="45.373158" lon="-121.695503">
				<ele>3413.551025</ele>
				<time>2026-06-02T14:39:05Z</time>
			</trkpt>
			<trkpt lat="45.373158" lon="-121.695503">
				<ele>3413.551025</ele>
				<time>2026-06-02T14:39:05Z</time>
			</trkpt>
			<trkpt lat="45.373238" lon="-121.695618">
				<ele>3416.300537</ele>
				<time>2026-06-02T14:41:25Z</time>
			</trkpt>
			<trkpt lat="45.373238" lon="-121.695618">
				<ele>3416.300537</ele>
				<time>2026-06-02T14:41:25Z</time>
			</trkpt>
			<trkpt lat="45.373314" lon="-121.695694">
				<ele>3419.296387</ele>
				<time>2026-06-02T14:41:37Z</time>
			</trkpt>
			<trkpt lat="45.373383" lon="-121.69574">
				<ele>3422.321289</ele>
				<time>2026-06-02T14:41:47Z</time>
			</trkpt>
			<trkpt lat="45.373383" lon="-121.69574">
				<ele>3422.321289</ele>
				<time>2026-06-02T14:41:47Z</time>
			</trkpt>
			<trkpt lat="45.373493" lon="-121.695839">
				<ele>3420.062012</ele>
				<time>2026-06-02T14:46:06Z</time>
			</trkpt>
			<trkpt lat="45.373493" lon="-121.695839">
				<ele>3420.062012</ele>
				<time>2026-06-02T14:46:06Z</time>
			</trkpt>
			<trkpt lat="45.373459" lon="-121.695946">
				<ele>3414.606445</ele>
				<time>2026-06-02T14:47:37Z</time>
			</trkpt>
			<trkpt lat="45.373459" lon="-121.695946">
				<ele>3414.606445</ele>
				<time>2026-06-02T14:47:37Z</time>
			</trkpt>
			<trkpt lat="45.373482" lon="-121.696045">
				<ele>3412.330322</ele>
				<time>2026-06-02T14:47:52Z</time>
			</trkpt>
			<trkpt lat="45.373501" lon="-121.696152">
				<ele>3411.976807</ele>
				<time>2026-06-02T14:48:01Z</time>
			</trkpt>
			<trkpt lat="45.373501" lon="-121.696152">
				<ele>3411.976807</ele>
				<time>2026-06-02T14:48:01Z</time>
			</trkpt>
			<trkpt lat="45.373524" lon="-121.696251">
				<ele>3409.65332</ele>
				<time>2026-06-02T14:48:12Z</time>
			</trkpt>
			<trkpt lat="45.373558" lon="-121.696335">
				<ele>3410.000488</ele>
				<time>2026-06-02T14:48:22Z</time>
			</trkpt>
			<trkpt lat="45.373558" lon="-121.696335">
				<ele>3410.000488</ele>
				<time>2026-06-02T14:48:22Z</time>
			</trkpt>
			<trkpt lat="45.3736" lon="-121.696396">
				<ele>3410.765869</ele>
				<time>2026-06-02T14:48:29Z</time>
			</trkpt>
			<trkpt lat="45.373627" lon="-121.696472">
				<ele>3410.5896</ele>
				<time>2026-06-02T14:48:36Z</time>
			</trkpt>
			<trkpt lat="45.373627" lon="-121.696556">
				<ele>3413.669922</ele>
				<time>2026-06-02T14:48:45Z</time>
			</trkpt>
			<trkpt lat="45.373627" lon="-121.696556">
				<ele>3413.669922</ele>
				<time>2026-06-02T14:48:45Z</time>
			</trkpt>
			<trkpt lat="45.373608" lon="-121.69664">
				<ele>3413.318848</ele>
				<time>2026-06-02T14:48:54Z</time>
			</trkpt>
			<trkpt lat="45.373608" lon="-121.696732">
				<ele>3410.299316</ele>
				<time>2026-06-02T14:49:02Z</time>
			</trkpt>
			<trkpt lat="45.373615" lon="-121.696815">
				<ele>3412.31543</ele>
				<time>2026-06-02T14:49:35Z</time>
			</trkpt>
			<trkpt lat="45.373615" lon="-121.696815">
				<ele>3412.31543</ele>
				<time>2026-06-02T14:49:35Z</time>
			</trkpt>
			<trkpt lat="45.373608" lon="-121.696945">
				<ele>3414.56958</ele>
				<time>2026-06-02T14:55:08Z</time>
			</trkpt>
			<trkpt lat="45.373608" lon="-121.696945">
				<ele>3414.56958</ele>
				<time>2026-06-02T14:55:08Z</time>
			</trkpt>
			<trkpt lat="45.373589" lon="-121.697052">
				<ele>3414.811279</ele>
				<time>2026-06-02T14:55:23Z</time>
			</trkpt>
			<trkpt lat="45.373608" lon="-121.697159">
				<ele>3416.559814</ele>
				<time>2026-06-02T14:55:35Z</time>
			</trkpt>
			<trkpt lat="45.373608" lon="-121.697159">
				<ele>3416.559814</ele>
				<time>2026-06-02T14:55:35Z</time>
			</trkpt>
			<trkpt lat="45.373623" lon="-121.697266">
				<ele>3417.240967</ele>
				<time>2026-06-02T14:55:45Z</time>
			</trkpt>
			<trkpt lat="45.373661" lon="-121.69735">
				<ele>3419.523926</ele>
				<time>2026-06-02T14:55:57Z</time>
			</trkpt>
			<trkpt lat="45.373661" lon="-121.69735">
				<ele>3419.523926</ele>
				<time>2026-06-02T14:55:57Z</time>
			</trkpt>
			<trkpt lat="45.37368" lon="-121.697441">
				<ele>3419.915527</ele>
				<time>2026-06-02T14:56:07Z</time>
			</trkpt>
			<trkpt lat="45.373703" lon="-121.69754">
				<ele>3417.766113</ele>
				<time>2026-06-02T14:56:26Z</time>
			</trkpt>
			<trkpt lat="45.373703" lon="-121.69754">
				<ele>3417.766113</ele>
				<time>2026-06-02T14:56:26Z</time>
			</trkpt>
			<trkpt lat="45.373718" lon="-121.697624">
				<ele>3419.507813</ele>
				<time>2026-06-02T14:56:36Z</time>
			</trkpt>
			<trkpt lat="45.373745" lon="-121.697708">
				<ele>3416.161133</ele>
				<time>2026-06-02T14:57:01Z</time>
			</trkpt>
			<trkpt lat="45.373745" lon="-121.697708">
				<ele>3416.161133</ele>
				<time>2026-06-02T14:57:01Z</time>
			</trkpt>
			<trkpt lat="45.373707" lon="-121.697777">
				<ele>3394.496338</ele>
				<time>2026-06-02T14:57:50Z</time>
			</trkpt>
			<trkpt lat="45.373707" lon="-121.697777">
				<ele>3394.496338</ele>
				<time>2026-06-02T14:57:50Z</time>
			</trkpt>
			<trkpt lat="45.373604" lon="-121.697777">
				<ele>3391.177002</ele>
				<time>2026-06-02T14:59:06Z</time>
			</trkpt>
			<trkpt lat="45.373604" lon="-121.697777">
				<ele>3391.177002</ele>
				<time>2026-06-02T14:59:06Z</time>
			</trkpt>
			<trkpt lat="45.373558" lon="-121.697845">
				<ele>3386.097168</ele>
				<time>2026-06-02T15:00:15Z</time>
			</trkpt>
			<trkpt lat="45.373558" lon="-121.697845">
				<ele>3386.097168</ele>
				<time>2026-06-02T15:00:15Z</time>
			</trkpt>
			<trkpt lat="45.373501" lon="-121.697876">
				<ele>3378.656982</ele>
				<time>2026-06-02T15:02:42Z</time>
			</trkpt>
			<trkpt lat="45.373501" lon="-121.697876">
				<ele>3378.656982</ele>
				<time>2026-06-02T15:02:42Z</time>
			</trkpt>
			<trkpt lat="45.37344" lon="-121.697922">
				<ele>3379.804199</ele>
				<time>2026-06-02T15:04:06Z</time>
			</trkpt>
			<trkpt lat="45.37344" lon="-121.697922">
				<ele>3379.804199</ele>
				<time>2026-06-02T15:04:06Z</time>
			</trkpt>
			<trkpt lat="45.373379" lon="-121.697952">
				<ele>3374.619873</ele>
				<time>2026-06-02T15:04:56Z</time>
			</trkpt>
			<trkpt lat="45.373379" lon="-121.697952">
				<ele>3374.619873</ele>
				<time>2026-06-02T15:04:56Z</time>
			</trkpt>
			<trkpt lat="45.373306" lon="-121.697975">
				<ele>3360.803955</ele>
				<time>2026-06-02T15:07:58Z</time>
			</trkpt>
			<trkpt lat="45.373306" lon="-121.697975">
				<ele>3360.803955</ele>
				<time>2026-06-02T15:07:58Z</time>
			</trkpt>
			<trkpt lat="45.373245" lon="-121.698029">
				<ele>3349.392334</ele>
				<time>2026-06-02T15:09:39Z</time>
			</trkpt>
			<trkpt lat="45.373245" lon="-121.698029">
				<ele>3349.392334</ele>
				<time>2026-06-02T15:09:39Z</time>
			</trkpt>
			<trkpt lat="45.3731" lon="-121.698204">
				<ele>3336.882568</ele>
				<time>2026-06-02T15:14:24Z</time>
			</trkpt>
			<trkpt lat="45.3731" lon="-121.698204">
				<ele>3336.882568</ele>
				<time>2026-06-02T15:14:24Z</time>
			</trkpt>
			<trkpt lat="45.373032" lon="-121.698296">
				<ele>3326.189941</ele>
				<time>2026-06-02T15:17:03Z</time>
			</trkpt>
			<trkpt lat="45.373032" lon="-121.698296">
				<ele>3326.189941</ele>
				<time>2026-06-02T15:17:03Z</time>
			</trkpt>
			<trkpt lat="45.372978" lon="-121.69838">
				<ele>3319.030762</ele>
				<time>2026-06-02T15:18:20Z</time>
			</trkpt>
			<trkpt lat="45.372978" lon="-121.69838">
				<ele>3319.030762</ele>
				<time>2026-06-02T15:18:20Z</time>
			</trkpt>
			<trkpt lat="45.372925" lon="-121.698433">
				<ele>3314.511475</ele>
				<time>2026-06-02T15:19:47Z</time>
			</trkpt>
			<trkpt lat="45.372925" lon="-121.698433">
				<ele>3314.511475</ele>
				<time>2026-06-02T15:19:47Z</time>
			</trkpt>
			<trkpt lat="45.372871" lon="-121.698471">
				<ele>3308.814209</ele>
				<time>2026-06-02T15:20:32Z</time>
			</trkpt>
			<trkpt lat="45.372871" lon="-121.698471">
				<ele>3308.814209</ele>
				<time>2026-06-02T15:20:32Z</time>
			</trkpt>
			<trkpt lat="45.372822" lon="-121.698517">
				<ele>3305.561279</ele>
				<time>2026-06-02T15:20:57Z</time>
			</trkpt>
			<trkpt lat="45.372822" lon="-121.698517">
				<ele>3305.561279</ele>
				<time>2026-06-02T15:20:57Z</time>
			</trkpt>
			<trkpt lat="45.372795" lon="-121.698601">
				<ele>3297.12207</ele>
				<time>2026-06-02T15:21:27Z</time>
			</trkpt>
			<trkpt lat="45.372795" lon="-121.698601">
				<ele>3297.12207</ele>
				<time>2026-06-02T15:21:27Z</time>
			</trkpt>
			<trkpt lat="45.372765" lon="-121.698685">
				<ele>3292.552734</ele>
				<time>2026-06-02T15:22:22Z</time>
			</trkpt>
			<trkpt lat="45.372765" lon="-121.698685">
				<ele>3292.552734</ele>
				<time>2026-06-02T15:22:22Z</time>
			</trkpt>
			<trkpt lat="45.372707" lon="-121.69873">
				<ele>3292.444824</ele>
				<time>2026-06-02T15:22:52Z</time>
			</trkpt>
			<trkpt lat="45.372707" lon="-121.69873">
				<ele>3292.444824</ele>
				<time>2026-06-02T15:22:52Z</time>
			</trkpt>
			<trkpt lat="45.372643" lon="-121.698715">
				<ele>3290.291016</ele>
				<time>2026-06-02T15:23:35Z</time>
			</trkpt>
			<trkpt lat="45.372643" lon="-121.698715">
				<ele>3290.291016</ele>
				<time>2026-06-02T15:23:35Z</time>
			</trkpt>
			<trkpt lat="45.372601" lon="-121.698776">
				<ele>3285.936768</ele>
				<time>2026-06-02T15:24:04Z</time>
			</trkpt>
			<trkpt lat="45.372601" lon="-121.698776">
				<ele>3285.936768</ele>
				<time>2026-06-02T15:24:04Z</time>
			</trkpt>
			<trkpt lat="45.372551" lon="-121.69883">
				<ele>3278.47998</ele>
				<time>2026-06-02T15:24:31Z</time>
			</trkpt>
			<trkpt lat="45.372551" lon="-121.69883">
				<ele>3278.47998</ele>
				<time>2026-06-02T15:24:31Z</time>
			</trkpt>
			<trkpt lat="45.37249" lon="-121.698853">
				<ele>3273.147949</ele>
				<time>2026-06-02T15:24:58Z</time>
			</trkpt>
			<trkpt lat="45.37249" lon="-121.698853">
				<ele>3273.147949</ele>
				<time>2026-06-02T15:24:58Z</time>
			</trkpt>
			<trkpt lat="45.372429" lon="-121.698868">
				<ele>3273.366699</ele>
				<time>2026-06-02T15:26:56Z</time>
			</trkpt>
			<trkpt lat="45.372429" lon="-121.698868">
				<ele>3273.366699</ele>
				<time>2026-06-02T15:26:56Z</time>
			</trkpt>
			<trkpt lat="45.372375" lon="-121.698914">
				<ele>3268.460205</ele>
				<time>2026-06-02T15:27:13Z</time>
			</trkpt>
			<trkpt lat="45.372322" lon="-121.698952">
				<ele>3261.138184</ele>
				<time>2026-06-02T15:27:41Z</time>
			</trkpt>
			<trkpt lat="45.372322" lon="-121.698952">
				<ele>3261.138184</ele>
				<time>2026-06-02T15:27:41Z</time>
			</trkpt>
			<trkpt lat="45.372261" lon="-121.698952">
				<ele>3262.065186</ele>
				<time>2026-06-02T15:28:05Z</time>
			</trkpt>
			<trkpt lat="45.372261" lon="-121.698952">
				<ele>3262.065186</ele>
				<time>2026-06-02T15:28:05Z</time>
			</trkpt>
			<trkpt lat="45.372211" lon="-121.699005">
				<ele>3253.725342</ele>
				<time>2026-06-02T15:28:30Z</time>
			</trkpt>
			<trkpt lat="45.372211" lon="-121.699005">
				<ele>3253.725342</ele>
				<time>2026-06-02T15:28:30Z</time>
			</trkpt>
			<trkpt lat="45.372169" lon="-121.699074">
				<ele>3247.612061</ele>
				<time>2026-06-02T15:28:58Z</time>
			</trkpt>
			<trkpt lat="45.372169" lon="-121.699074">
				<ele>3247.612061</ele>
				<time>2026-06-02T15:28:58Z</time>
			</trkpt>
			<trkpt lat="45.372101" lon="-121.69915">
				<ele>3241.909668</ele>
				<time>2026-06-02T15:30:23Z</time>
			</trkpt>
			<trkpt lat="45.372101" lon="-121.69915">
				<ele>3241.909668</ele>
				<time>2026-06-02T15:30:23Z</time>
			</trkpt>
			<trkpt lat="45.372032" lon="-121.699158">
				<ele>3239.926514</ele>
				<time>2026-06-02T15:30:48Z</time>
			</trkpt>
			<trkpt lat="45.372032" lon="-121.699158">
				<ele>3239.926514</ele>
				<time>2026-06-02T15:30:48Z</time>
			</trkpt>
			<trkpt lat="45.371975" lon="-121.699211">
				<ele>3235.910645</ele>
				<time>2026-06-02T15:31:15Z</time>
			</trkpt>
			<trkpt lat="45.371975" lon="-121.699211">
				<ele>3235.910645</ele>
				<time>2026-06-02T15:31:15Z</time>
			</trkpt>
			<trkpt lat="45.371922" lon="-121.699272">
				<ele>3231.816406</ele>
				<time>2026-06-02T15:31:37Z</time>
			</trkpt>
			<trkpt lat="45.371922" lon="-121.699272">
				<ele>3231.816406</ele>
				<time>2026-06-02T15:31:37Z</time>
			</trkpt>
			<trkpt lat="45.371853" lon="-121.69928">
				<ele>3229.458984</ele>
				<time>2026-06-02T15:31:53Z</time>
			</trkpt>
			<trkpt lat="45.371777" lon="-121.699272">
				<ele>3220.894775</ele>
				<time>2026-06-02T15:32:29Z</time>
			</trkpt>
			<trkpt lat="45.371777" lon="-121.699272">
				<ele>3220.894775</ele>
				<time>2026-06-02T15:32:29Z</time>
			</trkpt>
			<trkpt lat="45.371719" lon="-121.699326">
				<ele>3222.182373</ele>
				<time>2026-06-02T15:56:35Z</time>
			</trkpt>
			<trkpt lat="45.371719" lon="-121.699326">
				<ele>3222.182373</ele>
				<time>2026-06-02T15:56:35Z</time>
			</trkpt>
			<trkpt lat="45.371651" lon="-121.699333">
				<ele>3218.222168</ele>
				<time>2026-06-02T15:57:12Z</time>
			</trkpt>
			<trkpt lat="45.371651" lon="-121.699333">
				<ele>3218.222168</ele>
				<time>2026-06-02T15:57:12Z</time>
			</trkpt>
			<trkpt lat="45.371582" lon="-121.699333">
				<ele>3213.115723</ele>
				<time>2026-06-02T15:57:41Z</time>
			</trkpt>
			<trkpt lat="45.371582" lon="-121.699333">
				<ele>3213.115723</ele>
				<time>2026-06-02T15:57:41Z</time>
			</trkpt>
			<trkpt lat="45.371578" lon="-121.699432">
				<ele>3213.460205</ele>
				<time>2026-06-02T15:57:59Z</time>
			</trkpt>
			<trkpt lat="45.37151" lon="-121.699409">
				<ele>3210.464111</ele>
				<time>2026-06-02T15:58:12Z</time>
			</trkpt>
			<trkpt lat="45.37151" lon="-121.699409">
				<ele>3210.464111</ele>
				<time>2026-06-02T15:58:12Z</time>
			</trkpt>
			<trkpt lat="45.371441" lon="-121.699425">
				<ele>3205.891113</ele>
				<time>2026-06-02T15:58:36Z</time>
			</trkpt>
			<trkpt lat="45.371441" lon="-121.699425">
				<ele>3205.891113</ele>
				<time>2026-06-02T15:58:36Z</time>
			</trkpt>
			<trkpt lat="45.371407" lon="-121.699516">
				<ele>3201.513672</ele>
				<time>2026-06-02T15:58:55Z</time>
			</trkpt>
			<trkpt lat="45.371407" lon="-121.699516">
				<ele>3201.513672</ele>
				<time>2026-06-02T15:58:55Z</time>
			</trkpt>
			<trkpt lat="45.371365" lon="-121.699593">
				<ele>3197.380371</ele>
				<time>2026-06-02T15:59:13Z</time>
			</trkpt>
			<trkpt lat="45.371296" lon="-121.699593">
				<ele>3193.498047</ele>
				<time>2026-06-02T15:59:39Z</time>
			</trkpt>
			<trkpt lat="45.371296" lon="-121.699593">
				<ele>3193.498047</ele>
				<time>2026-06-02T15:59:39Z</time>
			</trkpt>
			<trkpt lat="45.371235" lon="-121.69957">
				<ele>3189.561035</ele>
				<time>2026-06-02T16:00:04Z</time>
			</trkpt>
			<trkpt lat="45.371235" lon="-121.69957">
				<ele>3189.561035</ele>
				<time>2026-06-02T16:00:04Z</time>
			</trkpt>
			<trkpt lat="45.371185" lon="-121.699509">
				<ele>3187.650879</ele>
				<time>2026-06-02T16:00:22Z</time>
			</trkpt>
			<trkpt lat="45.371155" lon="-121.699409">
				<ele>3186.414307</ele>
				<time>2026-06-02T16:00:42Z</time>
			</trkpt>
			<trkpt lat="45.371155" lon="-121.699409">
				<ele>3186.414307</ele>
				<time>2026-06-02T16:00:42Z</time>
			</trkpt>
			<trkpt lat="45.371143" lon="-121.699318">
				<ele>3186.07959</ele>
				<time>2026-06-02T16:00:55Z</time>
			</trkpt>
			<trkpt lat="45.371132" lon="-121.699226">
				<ele>3187.085449</ele>
				<time>2026-06-02T16:01:04Z</time>
			</trkpt>
			<trkpt lat="45.371132" lon="-121.699226">
				<ele>3187.085449</ele>
				<time>2026-06-02T16:01:04Z</time>
			</trkpt>
			<trkpt lat="45.371101" lon="-121.699142">
				<ele>3186.771973</ele>
				<time>2026-06-02T16:01:13Z</time>
			</trkpt>
			<trkpt lat="45.371059" lon="-121.699074">
				<ele>3185.841064</ele>
				<time>2026-06-02T16:01:24Z</time>
			</trkpt>
			<trkpt lat="45.371059" lon="-121.699074">
				<ele>3185.841064</ele>
				<time>2026-06-02T16:01:24Z</time>
			</trkpt>
			<trkpt lat="45.371021" lon="-121.698997">
				<ele>3185.010986</ele>
				<time>2026-06-02T16:01:41Z</time>
			</trkpt>
			<trkpt lat="45.370964" lon="-121.699043">
				<ele>3179.863281</ele>
				<time>2026-06-02T16:01:57Z</time>
			</trkpt>
			<trkpt lat="45.370964" lon="-121.699043">
				<ele>3179.863281</ele>
				<time>2026-06-02T16:01:57Z</time>
			</trkpt>
			<trkpt lat="45.370899" lon="-121.69902">
				<ele>3178.365723</ele>
				<time>2026-06-02T16:02:12Z</time>
			</trkpt>
			<trkpt lat="45.370857" lon="-121.698952">
				<ele>3179.052246</ele>
				<time>2026-06-02T16:02:22Z</time>
			</trkpt>
			<trkpt lat="45.370857" lon="-121.698952">
				<ele>3179.052246</ele>
				<time>2026-06-02T16:02:22Z</time>
			</trkpt>
			<trkpt lat="45.370842" lon="-121.69886">
				<ele>3178.912842</ele>
				<time>2026-06-02T16:02:31Z</time>
			</trkpt>
			<trkpt lat="45.370811" lon="-121.698784">
				<ele>3178.683105</ele>
				<time>2026-06-02T16:02:39Z</time>
			</trkpt>
			<trkpt lat="45.370781" lon="-121.698708">
				<ele>3179.103271</ele>
				<time>2026-06-02T16:02:47Z</time>
			</trkpt>
			<trkpt lat="45.370781" lon="-121.698708">
				<ele>3179.103271</ele>
				<time>2026-06-02T16:02:47Z</time>
			</trkpt>
			<trkpt lat="45.370735" lon="-121.698547">
				<ele>3174.106689</ele>
				<time>2026-06-02T16:03:07Z</time>
			</trkpt>
			<trkpt lat="45.370735" lon="-121.698547">
				<ele>3174.106689</ele>
				<time>2026-06-02T16:03:07Z</time>
			</trkpt>
			<trkpt lat="45.370705" lon="-121.698486">
				<ele>3174.029785</ele>
				<time>2026-06-02T16:03:15Z</time>
			</trkpt>
			<trkpt lat="45.37067" lon="-121.698425">
				<ele>3174.939697</ele>
				<time>2026-06-02T16:03:23Z</time>
			</trkpt>
			<trkpt lat="45.37064" lon="-121.69838">
				<ele>3175.465332</ele>
				<time>2026-06-02T16:03:31Z</time>
			</trkpt>
			<trkpt lat="45.37064" lon="-121.69838">
				<ele>3175.465332</ele>
				<time>2026-06-02T16:03:31Z</time>
			</trkpt>
			<trkpt lat="45.370598" lon="-121.698334">
				<ele>3168.620117</ele>
				<time>2026-06-02T16:03:41Z</time>
			</trkpt>
			<trkpt lat="45.370552" lon="-121.698311">
				<ele>3162.827881</ele>
				<time>2026-06-02T16:03:50Z</time>
			</trkpt>
			<trkpt lat="45.370552" lon="-121.698311">
				<ele>3162.827881</ele>
				<time>2026-06-02T16:03:50Z</time>
			</trkpt>
			<trkpt lat="45.370499" lon="-121.698288">
				<ele>3158.53418</ele>
				<time>2026-06-02T16:04:00Z</time>
			</trkpt>
			<trkpt lat="45.370457" lon="-121.69825">
				<ele>3155.876953</ele>
				<time>2026-06-02T16:04:09Z</time>
			</trkpt>
			<trkpt lat="45.370457" lon="-121.69825">
				<ele>3155.876953</ele>
				<time>2026-06-02T16:04:09Z</time>
			</trkpt>
			<trkpt lat="45.37043" lon="-121.698189">
				<ele>3153.79541</ele>
				<time>2026-06-02T16:04:15Z</time>
			</trkpt>
			<trkpt lat="45.37038" lon="-121.698158">
				<ele>3154.255615</ele>
				<time>2026-06-02T16:04:21Z</time>
			</trkpt>
			<trkpt lat="45.370338" lon="-121.698112">
				<ele>3155.673584</ele>
				<time>2026-06-02T16:04:25Z</time>
			</trkpt>
			<trkpt lat="45.370281" lon="-121.698082">
				<ele>3151.482178</ele>
				<time>2026-06-02T16:04:30Z</time>
			</trkpt>
			<trkpt lat="45.370281" lon="-121.698082">
				<ele>3151.482178</ele>
				<time>2026-06-02T16:04:30Z</time>
			</trkpt>
			<trkpt lat="45.37022" lon="-121.698067">
				<ele>3150.337402</ele>
				<time>2026-06-02T16:04:34Z</time>
			</trkpt>
			<trkpt lat="45.370163" lon="-121.698082">
				<ele>3149.672363</ele>
				<time>2026-06-02T16:04:39Z</time>
			</trkpt>
			<trkpt lat="45.370106" lon="-121.698082">
				<ele>3147.458008</ele>
				<time>2026-06-02T16:04:44Z</time>
			</trkpt>
			<trkpt lat="45.370041" lon="-121.698097">
				<ele>3145.561768</ele>
				<time>2026-06-02T16:04:48Z</time>
			</trkpt>
			<trkpt lat="45.369987" lon="-121.698097">
				<ele>3144.54126</ele>
				<time>2026-06-02T16:04:53Z</time>
			</trkpt>
			<trkpt lat="45.369987" lon="-121.698097">
				<ele>3144.54126</ele>
				<time>2026-06-02T16:04:53Z</time>
			</trkpt>
			<trkpt lat="45.36993" lon="-121.698128">
				<ele>3145.192383</ele>
				<time>2026-06-02T16:04:58Z</time>
			</trkpt>
			<trkpt lat="45.369873" lon="-121.698174">
				<ele>3144.62207</ele>
				<time>2026-06-02T16:05:04Z</time>
			</trkpt>
			<trkpt lat="45.36982" lon="-121.698219">
				<ele>3141.909424</ele>
				<time>2026-06-02T16:05:09Z</time>
			</trkpt>
			<trkpt lat="45.369762" lon="-121.698265">
				<ele>3144.09668</ele>
				<time>2026-06-02T16:05:14Z</time>
			</trkpt>
			<trkpt lat="45.369762" lon="-121.698265">
				<ele>3144.09668</ele>
				<time>2026-06-02T16:05:14Z</time>
			</trkpt>
			<trkpt lat="45.369724" lon="-121.698326">
				<ele>3144.668701</ele>
				<time>2026-06-02T16:05:19Z</time>
			</trkpt>
			<trkpt lat="45.369686" lon="-121.698395">
				<ele>3143.81958</ele>
				<time>2026-06-02T16:05:24Z</time>
			</trkpt>
			<trkpt lat="45.369656" lon="-121.698456">
				<ele>3142.347412</ele>
				<time>2026-06-02T16:05:31Z</time>
			</trkpt>
			<trkpt lat="45.369621" lon="-121.698524">
				<ele>3140.299805</ele>
				<time>2026-06-02T16:05:39Z</time>
			</trkpt>
			<trkpt lat="45.369621" lon="-121.698524">
				<ele>3140.299805</ele>
				<time>2026-06-02T16:05:39Z</time>
			</trkpt>
			<trkpt lat="45.369598" lon="-121.698601">
				<ele>3136.958008</ele>
				<time>2026-06-02T16:05:46Z</time>
			</trkpt>
			<trkpt lat="45.369583" lon="-121.698685">
				<ele>3135.717041</ele>
				<time>2026-06-02T16:05:52Z</time>
			</trkpt>
			<trkpt lat="45.369541" lon="-121.698753">
				<ele>3134.468994</ele>
				<time>2026-06-02T16:06:00Z</time>
			</trkpt>
			<trkpt lat="45.369541" lon="-121.698753">
				<ele>3134.468994</ele>
				<time>2026-06-02T16:06:00Z</time>
			</trkpt>
			<trkpt lat="45.36948" lon="-121.698753">
				<ele>3133.261719</ele>
				<time>2026-06-02T16:06:11Z</time>
			</trkpt>
			<trkpt lat="45.369431" lon="-121.698807">
				<ele>3131.208252</ele>
				<time>2026-06-02T16:06:19Z</time>
			</trkpt>
			<trkpt lat="45.369431" lon="-121.698807">
				<ele>3131.208252</ele>
				<time>2026-06-02T16:06:19Z</time>
			</trkpt>
			<trkpt lat="45.369373" lon="-121.698845">
				<ele>3128.16748</ele>
				<time>2026-06-02T16:06:28Z</time>
			</trkpt>
			<trkpt lat="45.369328" lon="-121.698906">
				<ele>3128.047363</ele>
				<time>2026-06-02T16:06:35Z</time>
			</trkpt>
			<trkpt lat="45.369263" lon="-121.698914">
				<ele>3127.381592</ele>
				<time>2026-06-02T16:06:44Z</time>
			</trkpt>
			<trkpt lat="45.369263" lon="-121.698914">
				<ele>3127.381592</ele>
				<time>2026-06-02T16:06:44Z</time>
			</trkpt>
			<trkpt lat="45.369194" lon="-121.698898">
				<ele>3126.501221</ele>
				<time>2026-06-02T16:06:56Z</time>
			</trkpt>
			<trkpt lat="45.369125" lon="-121.698914">
				<ele>3123.02002</ele>
				<time>2026-06-02T16:07:08Z</time>
			</trkpt>
			<trkpt lat="45.369125" lon="-121.698914">
				<ele>3123.02002</ele>
				<time>2026-06-02T16:07:08Z</time>
			</trkpt>
			<trkpt lat="45.369053" lon="-121.698936">
				<ele>3119.287354</ele>
				<time>2026-06-02T16:07:19Z</time>
			</trkpt>
			<trkpt lat="45.368988" lon="-121.69899">
				<ele>3112.013672</ele>
				<time>2026-06-02T16:07:34Z</time>
			</trkpt>
			<trkpt lat="45.368988" lon="-121.69899">
				<ele>3112.013672</ele>
				<time>2026-06-02T16:07:34Z</time>
			</trkpt>
			<trkpt lat="45.368927" lon="-121.69902">
				<ele>3111.533447</ele>
				<time>2026-06-02T16:07:47Z</time>
			</trkpt>
			<trkpt lat="45.368858" lon="-121.699028">
				<ele>3109.371338</ele>
				<time>2026-06-02T16:08:04Z</time>
			</trkpt>
			<trkpt lat="45.368858" lon="-121.699028">
				<ele>3109.371338</ele>
				<time>2026-06-02T16:08:04Z</time>
			</trkpt>
			<trkpt lat="45.368797" lon="-121.698982">
				<ele>3105.003906</ele>
				<time>2026-06-02T16:08:21Z</time>
			</trkpt>
			<trkpt lat="45.368732" lon="-121.69902">
				<ele>3103.58252</ele>
				<time>2026-06-02T16:08:38Z</time>
			</trkpt>
			<trkpt lat="45.368732" lon="-121.69902">
				<ele>3103.58252</ele>
				<time>2026-06-02T16:08:38Z</time>
			</trkpt>
			<trkpt lat="45.368668" lon="-121.699066">
				<ele>3100.683594</ele>
				<time>2026-06-02T16:08:49Z</time>
			</trkpt>
			<trkpt lat="45.368622" lon="-121.699127">
				<ele>3097.553223</ele>
				<time>2026-06-02T16:08:58Z</time>
			</trkpt>
			<trkpt lat="45.368622" lon="-121.699127">
				<ele>3097.553223</ele>
				<time>2026-06-02T16:08:58Z</time>
			</trkpt>
			<trkpt lat="45.36858" lon="-121.699203">
				<ele>3095.919189</ele>
				<time>2026-06-02T16:09:06Z</time>
			</trkpt>
			<trkpt lat="45.368549" lon="-121.69928">
				<ele>3091.783447</ele>
				<time>2026-06-02T16:09:14Z</time>
			</trkpt>
			<trkpt lat="45.368519" lon="-121.699356">
				<ele>3089.681885</ele>
				<time>2026-06-02T16:09:25Z</time>
			</trkpt>
			<trkpt lat="45.368519" lon="-121.699356">
				<ele>3089.681885</ele>
				<time>2026-06-02T16:09:25Z</time>
			</trkpt>
			<trkpt lat="45.368488" lon="-121.69944">
				<ele>3088.646973</ele>
				<time>2026-06-02T16:09:38Z</time>
			</trkpt>
			<trkpt lat="45.368458" lon="-121.699516">
				<ele>3083.77124</ele>
				<time>2026-06-02T16:09:54Z</time>
			</trkpt>
			<trkpt lat="45.368458" lon="-121.699516">
				<ele>3083.77124</ele>
				<time>2026-06-02T16:09:54Z</time>
			</trkpt>
			<trkpt lat="45.368431" lon="-121.699585">
				<ele>3080.086426</ele>
				<time>2026-06-02T16:10:07Z</time>
			</trkpt>
			<trkpt lat="45.368389" lon="-121.699646">
				<ele>3078.055664</ele>
				<time>2026-06-02T16:10:20Z</time>
			</trkpt>
			<trkpt lat="45.368389" lon="-121.699646">
				<ele>3078.055664</ele>
				<time>2026-06-02T16:10:20Z</time>
			</trkpt>
			<trkpt lat="45.368355" lon="-121.699722">
				<ele>3075.088623</ele>
				<time>2026-06-02T16:10:33Z</time>
			</trkpt>
			<trkpt lat="45.368301" lon="-121.69976">
				<ele>3073.467285</ele>
				<time>2026-06-02T16:10:46Z</time>
			</trkpt>
			<trkpt lat="45.368301" lon="-121.69976">
				<ele>3073.467285</ele>
				<time>2026-06-02T16:10:46Z</time>
			</trkpt>
			<trkpt lat="45.36824" lon="-121.699783">
				<ele>3071.202148</ele>
				<time>2026-06-02T16:10:57Z</time>
			</trkpt>
			<trkpt lat="45.368206" lon="-121.699867">
				<ele>3064.622559</ele>
				<time>2026-06-02T16:11:13Z</time>
			</trkpt>
			<trkpt lat="45.368206" lon="-121.699867">
				<ele>3064.622559</ele>
				<time>2026-06-02T16:11:13Z</time>
			</trkpt>
			<trkpt lat="45.36816" lon="-121.699936">
				<ele>3061.451416</ele>
				<time>2026-06-02T16:11:24Z</time>
			</trkpt>
			<trkpt lat="45.368103" lon="-121.699974">
				<ele>3056.637451</ele>
				<time>2026-06-02T16:11:43Z</time>
			</trkpt>
			<trkpt lat="45.368103" lon="-121.699974">
				<ele>3056.637451</ele>
				<time>2026-06-02T16:11:43Z</time>
			</trkpt>
			<trkpt lat="45.368053" lon="-121.70002">
				<ele>3053.607422</ele>
				<time>2026-06-02T16:12:00Z</time>
			</trkpt>
			<trkpt lat="45.368011" lon="-121.700073">
				<ele>3049.964844</ele>
				<time>2026-06-02T16:12:12Z</time>
			</trkpt>
			<trkpt lat="45.368011" lon="-121.700073">
				<ele>3049.964844</ele>
				<time>2026-06-02T16:12:12Z</time>
			</trkpt>
			<trkpt lat="45.367962" lon="-121.700134">
				<ele>3044.899658</ele>
				<time>2026-06-02T16:12:33Z</time>
			</trkpt>
			<trkpt lat="45.367962" lon="-121.700134">
				<ele>3044.899658</ele>
				<time>2026-06-02T16:12:33Z</time>
			</trkpt>
			<trkpt lat="45.367901" lon="-121.70015">
				<ele>3041.073975</ele>
				<time>2026-06-02T16:13:15Z</time>
			</trkpt>
			<trkpt lat="45.367901" lon="-121.70015">
				<ele>3041.073975</ele>
				<time>2026-06-02T16:13:15Z</time>
			</trkpt>
			<trkpt lat="45.367828" lon="-121.700272">
				<ele>3036.932617</ele>
				<time>2026-06-02T16:13:43Z</time>
			</trkpt>
			<trkpt lat="45.367828" lon="-121.700272">
				<ele>3036.932617</ele>
				<time>2026-06-02T16:13:43Z</time>
			</trkpt>
			<trkpt lat="45.367809" lon="-121.70034">
				<ele>3032.843262</ele>
				<time>2026-06-02T16:13:52Z</time>
			</trkpt>
			<trkpt lat="45.367771" lon="-121.700363">
				<ele>3035.886719</ele>
				<time>2026-06-02T16:19:45Z</time>
			</trkpt>
			<trkpt lat="45.367771" lon="-121.700363">
				<ele>3035.886719</ele>
				<time>2026-06-02T16:19:45Z</time>
			</trkpt>
			<trkpt lat="45.367756" lon="-121.700302">
				<ele>3030.608398</ele>
				<time>2026-06-02T16:22:28Z</time>
			</trkpt>
			<trkpt lat="45.367756" lon="-121.700302">
				<ele>3030.608398</ele>
				<time>2026-06-02T16:22:28Z</time>
			</trkpt>
			<trkpt lat="45.367706" lon="-121.700325">
				<ele>3027.673096</ele>
				<time>2026-06-02T16:23:28Z</time>
			</trkpt>
			<trkpt lat="45.367706" lon="-121.700325">
				<ele>3027.673096</ele>
				<time>2026-06-02T16:23:28Z</time>
			</trkpt>
			<trkpt lat="45.367668" lon="-121.700356">
				<ele>3025.025391</ele>
				<time>2026-06-02T16:23:29Z</time>
			</trkpt>
			<trkpt lat="45.36763" lon="-121.700394">
				<ele>3022.152832</ele>
				<time>2026-06-02T16:23:30Z</time>
			</trkpt>
			<trkpt lat="45.367596" lon="-121.700439">
				<ele>3019.518311</ele>
				<time>2026-06-02T16:23:31Z</time>
			</trkpt>
			<trkpt lat="45.367546" lon="-121.700462">
				<ele>3017.101807</ele>
				<time>2026-06-02T16:23:32Z</time>
			</trkpt>
			<trkpt lat="45.367443" lon="-121.700516">
				<ele>3009.554443</ele>
				<time>2026-06-02T16:23:34Z</time>
			</trkpt>
			<trkpt lat="45.367397" lon="-121.700539">
				<ele>3006.582275</ele>
				<time>2026-06-02T16:23:35Z</time>
			</trkpt>
			<trkpt lat="45.367344" lon="-121.700584">
				<ele>3002.560303</ele>
				<time>2026-06-02T16:23:36Z</time>
			</trkpt>
			<trkpt lat="45.367294" lon="-121.700607">
				<ele>2999.524658</ele>
				<time>2026-06-02T16:23:37Z</time>
			</trkpt>
			<trkpt lat="45.367226" lon="-121.700661">
				<ele>2995.770508</ele>
				<time>2026-06-02T16:23:39Z</time>
			</trkpt>
			<trkpt lat="45.367172" lon="-121.700706">
				<ele>2992.177246</ele>
				<time>2026-06-02T16:23:41Z</time>
			</trkpt>
			<trkpt lat="45.367142" lon="-121.70076">
				<ele>2995.665283</ele>
				<time>2026-06-02T16:24:02Z</time>
			</trkpt>
			<trkpt lat="45.367142" lon="-121.70076">
				<ele>2995.665283</ele>
				<time>2026-06-02T16:24:02Z</time>
			</trkpt>
			<trkpt lat="45.367096" lon="-121.700783">
				<ele>2991.137451</ele>
				<time>2026-06-02T16:24:05Z</time>
			</trkpt>
			<trkpt lat="45.367001" lon="-121.700874">
				<ele>2983.149902</ele>
				<time>2026-06-02T16:24:11Z</time>
			</trkpt>
			<trkpt lat="45.366962" lon="-121.700912">
				<ele>2975.526367</ele>
				<time>2026-06-02T16:25:12Z</time>
			</trkpt>
			<trkpt lat="45.366962" lon="-121.700912">
				<ele>2975.526367</ele>
				<time>2026-06-02T16:25:12Z</time>
			</trkpt>
			<trkpt lat="45.366955" lon="-121.700974">
				<ele>2973.958984</ele>
				<time>2026-06-02T16:29:27Z</time>
			</trkpt>
			<trkpt lat="45.366955" lon="-121.700974">
				<ele>2973.958984</ele>
				<time>2026-06-02T16:29:27Z</time>
			</trkpt>
			<trkpt lat="45.366913" lon="-121.701012">
				<ele>2970.938232</ele>
				<time>2026-06-02T16:29:29Z</time>
			</trkpt>
			<trkpt lat="45.366817" lon="-121.70108">
				<ele>2963.256104</ele>
				<time>2026-06-02T16:29:33Z</time>
			</trkpt>
			<trkpt lat="45.36676" lon="-121.701118">
				<ele>2959.479736</ele>
				<time>2026-06-02T16:29:35Z</time>
			</trkpt>
			<trkpt lat="45.3666" lon="-121.701256">
				<ele>2948.724121</ele>
				<time>2026-06-02T16:29:41Z</time>
			</trkpt>
			<trkpt lat="45.366558" lon="-121.701286">
				<ele>2945.285645</ele>
				<time>2026-06-02T16:30:05Z</time>
			</trkpt>
			<trkpt lat="45.366558" lon="-121.701286">
				<ele>2945.285645</ele>
				<time>2026-06-02T16:30:05Z</time>
			</trkpt>
			<trkpt lat="45.366516" lon="-121.701263">
				<ele>2946.378906</ele>
				<time>2026-06-02T16:30:20Z</time>
			</trkpt>
			<trkpt lat="45.366474" lon="-121.701233">
				<ele>2947.861572</ele>
				<time>2026-06-02T16:30:30Z</time>
			</trkpt>
			<trkpt lat="45.366474" lon="-121.701233">
				<ele>2947.861572</ele>
				<time>2026-06-02T16:30:30Z</time>
			</trkpt>
			<trkpt lat="45.366425" lon="-121.701225">
				<ele>2946.325684</ele>
				<time>2026-06-02T16:30:43Z</time>
			</trkpt>
			<trkpt lat="45.366379" lon="-121.701279">
				<ele>2943.043701</ele>
				<time>2026-06-02T16:30:45Z</time>
			</trkpt>
			<trkpt lat="45.366322" lon="-121.701324">
				<ele>2939.386719</ele>
				<time>2026-06-02T16:30:47Z</time>
			</trkpt>
			<trkpt lat="45.366257" lon="-121.701355">
				<ele>2935.067871</ele>
				<time>2026-06-02T16:30:49Z</time>
			</trkpt>
			<trkpt lat="45.366257" lon="-121.701355">
				<ele>2935.067871</ele>
				<time>2026-06-02T16:30:49Z</time>
			</trkpt>
			<trkpt lat="45.366196" lon="-121.701408">
				<ele>2930.997314</ele>
				<time>2026-06-02T16:30:51Z</time>
			</trkpt>
			<trkpt lat="45.366123" lon="-121.701447">
				<ele>2926.486084</ele>
				<time>2026-06-02T16:30:53Z</time>
			</trkpt>
			<trkpt lat="45.366085" lon="-121.701485">
				<ele>2923.483887</ele>
				<time>2026-06-02T16:30:54Z</time>
			</trkpt>
			<trkpt lat="45.365997" lon="-121.701553">
				<ele>2918.677734</ele>
				<time>2026-06-02T16:30:56Z</time>
			</trkpt>
			<trkpt lat="45.365917" lon="-121.70163">
				<ele>2913.995605</ele>
				<time>2026-06-02T16:30:58Z</time>
			</trkpt>
			<trkpt lat="45.365875" lon="-121.70166">
				<ele>2912.186279</ele>
				<time>2026-06-02T16:30:59Z</time>
			</trkpt>
			<trkpt lat="45.365814" lon="-121.701736">
				<ele>2908.091553</ele>
				<time>2026-06-02T16:31:01Z</time>
			</trkpt>
			<trkpt lat="45.365753" lon="-121.70179">
				<ele>2904.331787</ele>
				<time>2026-06-02T16:31:03Z</time>
			</trkpt>
			<trkpt lat="45.365715" lon="-121.701851">
				<ele>2901.504639</ele>
				<time>2026-06-02T16:31:07Z</time>
			</trkpt>
			<trkpt lat="45.365669" lon="-121.701843">
				<ele>2902.551758</ele>
				<time>2026-06-02T16:31:24Z</time>
			</trkpt>
			<trkpt lat="45.365669" lon="-121.701843">
				<ele>2902.551758</ele>
				<time>2026-06-02T16:31:24Z</time>
			</trkpt>
			<trkpt lat="45.365582" lon="-121.701866">
				<ele>2900.686523</ele>
				<time>2026-06-02T16:31:41Z</time>
			</trkpt>
			<trkpt lat="45.36554" lon="-121.701881">
				<ele>2899.238525</ele>
				<time>2026-06-02T16:31:48Z</time>
			</trkpt>
			<trkpt lat="45.36554" lon="-121.701881">
				<ele>2899.238525</ele>
				<time>2026-06-02T16:31:48Z</time>
			</trkpt>
			<trkpt lat="45.36549" lon="-121.701904">
				<ele>2895.919434</ele>
				<time>2026-06-02T16:31:56Z</time>
			</trkpt>
			<trkpt lat="45.365448" lon="-121.701897">
				<ele>2894.764648</ele>
				<time>2026-06-02T16:32:02Z</time>
			</trkpt>
			<trkpt lat="45.365402" lon="-121.701889">
				<ele>2893.917969</ele>
				<time>2026-06-02T16:32:08Z</time>
			</trkpt>
			<trkpt lat="45.365402" lon="-121.701889">
				<ele>2893.917969</ele>
				<time>2026-06-02T16:32:08Z</time>
			</trkpt>
			<trkpt lat="45.365356" lon="-121.701874">
				<ele>2893.923584</ele>
				<time>2026-06-02T16:32:16Z</time>
			</trkpt>
			<trkpt lat="45.365311" lon="-121.701897">
				<ele>2889.99707</ele>
				<time>2026-06-02T16:32:29Z</time>
			</trkpt>
			<trkpt lat="45.365311" lon="-121.701897">
				<ele>2889.99707</ele>
				<time>2026-06-02T16:32:29Z</time>
			</trkpt>
			<trkpt lat="45.36528" lon="-121.70195">
				<ele>2886.85791</ele>
				<time>2026-06-02T16:32:32Z</time>
			</trkpt>
			<trkpt lat="45.365242" lon="-121.702003">
				<ele>2883.730225</ele>
				<time>2026-06-02T16:32:35Z</time>
			</trkpt>
			<trkpt lat="45.365208" lon="-121.702072">
				<ele>2880.649414</ele>
				<time>2026-06-02T16:32:37Z</time>
			</trkpt>
			<trkpt lat="45.365139" lon="-121.702179">
				<ele>2874.744629</ele>
				<time>2026-06-02T16:32:43Z</time>
			</trkpt>
			<trkpt lat="45.365101" lon="-121.70224">
				<ele>2871.977539</ele>
				<time>2026-06-02T16:32:45Z</time>
			</trkpt>
			<trkpt lat="45.36504" lon="-121.702301">
				<ele>2868.189697</ele>
				<time>2026-06-02T16:32:48Z</time>
			</trkpt>
			<trkpt lat="45.36504" lon="-121.702301">
				<ele>2868.189697</ele>
				<time>2026-06-02T16:32:48Z</time>
			</trkpt>
			<trkpt lat="45.365002" lon="-121.702354">
				<ele>2865.483154</ele>
				<time>2026-06-02T16:32:51Z</time>
			</trkpt>
			<trkpt lat="45.36488" lon="-121.702461">
				<ele>2857.668701</ele>
				<time>2026-06-02T16:33:03Z</time>
			</trkpt>
			<trkpt lat="45.364773" lon="-121.702576">
				<ele>2849.883057</ele>
				<time>2026-06-02T16:33:09Z</time>
			</trkpt>
			<trkpt lat="45.364773" lon="-121.702576">
				<ele>2849.883057</ele>
				<time>2026-06-02T16:33:09Z</time>
			</trkpt>
			<trkpt lat="45.364731" lon="-121.702614">
				<ele>2846.378418</ele>
				<time>2026-06-02T16:33:11Z</time>
			</trkpt>
			<trkpt lat="45.364685" lon="-121.702637">
				<ele>2842.933105</ele>
				<time>2026-06-02T16:33:13Z</time>
			</trkpt>
			<trkpt lat="45.364643" lon="-121.70269">
				<ele>2840.866455</ele>
				<time>2026-06-02T16:33:16Z</time>
			</trkpt>
			<trkpt lat="45.364601" lon="-121.702744">
				<ele>2840.052734</ele>
				<time>2026-06-02T16:33:19Z</time>
			</trkpt>
			<trkpt lat="45.364494" lon="-121.702888">
				<ele>2833.060059</ele>
				<time>2026-06-02T16:33:27Z</time>
			</trkpt>
			<trkpt lat="45.364464" lon="-121.702942">
				<ele>2831.20459</ele>
				<time>2026-06-02T16:33:29Z</time>
			</trkpt>
			<trkpt lat="45.364464" lon="-121.702942">
				<ele>2831.20459</ele>
				<time>2026-06-02T16:33:29Z</time>
			</trkpt>
			<trkpt lat="45.364429" lon="-121.702988">
				<ele>2828.479492</ele>
				<time>2026-06-02T16:33:33Z</time>
			</trkpt>
			<trkpt lat="45.364384" lon="-121.703011">
				<ele>2825.64917</ele>
				<time>2026-06-02T16:33:35Z</time>
			</trkpt>
			<trkpt lat="45.364342" lon="-121.703041">
				<ele>2823.905029</ele>
				<time>2026-06-02T16:33:37Z</time>
			</trkpt>
			<trkpt lat="45.364296" lon="-121.703079">
				<ele>2821.13916</ele>
				<time>2026-06-02T16:33:39Z</time>
			</trkpt>
			<trkpt lat="45.364254" lon="-121.703117">
				<ele>2819.141113</ele>
				<time>2026-06-02T16:33:41Z</time>
			</trkpt>
			<trkpt lat="45.364231" lon="-121.703171">
				<ele>2819.61499</ele>
				<time>2026-06-02T16:33:51Z</time>
			</trkpt>
			<trkpt lat="45.364231" lon="-121.703171">
				<ele>2819.61499</ele>
				<time>2026-06-02T16:33:51Z</time>
			</trkpt>
			<trkpt lat="45.364189" lon="-121.703171">
				<ele>2819.952393</ele>
				<time>2026-06-02T16:34:12Z</time>
			</trkpt>
			<trkpt lat="45.364189" lon="-121.703171">
				<ele>2819.952393</ele>
				<time>2026-06-02T16:34:12Z</time>
			</trkpt>
			<trkpt lat="45.364147" lon="-121.703186">
				<ele>2817.730225</ele>
				<time>2026-06-02T16:34:56Z</time>
			</trkpt>
			<trkpt lat="45.364147" lon="-121.703186">
				<ele>2817.730225</ele>
				<time>2026-06-02T16:34:56Z</time>
			</trkpt>
			<trkpt lat="45.364098" lon="-121.703178">
				<ele>2818.407471</ele>
				<time>2026-06-02T16:35:03Z</time>
			</trkpt>
			<trkpt lat="45.364052" lon="-121.703163">
				<ele>2819.049561</ele>
				<time>2026-06-02T16:35:08Z</time>
			</trkpt>
			<trkpt lat="45.363998" lon="-121.703171">
				<ele>2817.940186</ele>
				<time>2026-06-02T16:35:14Z</time>
			</trkpt>
			<trkpt lat="45.363949" lon="-121.703163">
				<ele>2815.974365</ele>
				<time>2026-06-02T16:35:42Z</time>
			</trkpt>
			<trkpt lat="45.363949" lon="-121.703163">
				<ele>2815.974365</ele>
				<time>2026-06-02T16:35:42Z</time>
			</trkpt>
			<trkpt lat="45.363899" lon="-121.703163">
				<ele>2816.811523</ele>
				<time>2026-06-02T16:35:47Z</time>
			</trkpt>
			<trkpt lat="45.363804" lon="-121.703178">
				<ele>2814.887939</ele>
				<time>2026-06-02T16:35:56Z</time>
			</trkpt>
			<trkpt lat="45.363758" lon="-121.703186">
				<ele>2814.335205</ele>
				<time>2026-06-02T16:36:01Z</time>
			</trkpt>
			<trkpt lat="45.363758" lon="-121.703186">
				<ele>2814.335205</ele>
				<time>2026-06-02T16:36:01Z</time>
			</trkpt>
			<trkpt lat="45.363712" lon="-121.703217">
				<ele>2810.821533</ele>
				<time>2026-06-02T16:36:07Z</time>
			</trkpt>
			<trkpt lat="45.363678" lon="-121.703262">
				<ele>2809.14624</ele>
				<time>2026-06-02T16:36:15Z</time>
			</trkpt>
			<trkpt lat="45.363632" lon="-121.703285">
				<ele>2803.700439</ele>
				<time>2026-06-02T16:36:36Z</time>
			</trkpt>
			<trkpt lat="45.363632" lon="-121.703285">
				<ele>2803.700439</ele>
				<time>2026-06-02T16:36:36Z</time>
			</trkpt>
			<trkpt lat="45.363575" lon="-121.703316">
				<ele>2801.158691</ele>
				<time>2026-06-02T16:36:39Z</time>
			</trkpt>
			<trkpt lat="45.363529" lon="-121.703346">
				<ele>2799.202393</ele>
				<time>2026-06-02T16:36:41Z</time>
			</trkpt>
			<trkpt lat="45.363464" lon="-121.703362">
				<ele>2795.105469</ele>
				<time>2026-06-02T16:36:44Z</time>
			</trkpt>
			<trkpt lat="45.363403" lon="-121.703392">
				<ele>2792.577881</ele>
				<time>2026-06-02T16:36:46Z</time>
			</trkpt>
			<trkpt lat="45.36335" lon="-121.7034">
				<ele>2790.246338</ele>
				<time>2026-06-02T16:36:48Z</time>
			</trkpt>
			<trkpt lat="45.363297" lon="-121.703445">
				<ele>2787.850342</ele>
				<time>2026-06-02T16:36:50Z</time>
			</trkpt>
			<trkpt lat="45.363247" lon="-121.703468">
				<ele>2786.482422</ele>
				<time>2026-06-02T16:36:53Z</time>
			</trkpt>
			<trkpt lat="45.363209" lon="-121.703506">
				<ele>2785.568115</ele>
				<time>2026-06-02T16:36:55Z</time>
			</trkpt>
			<trkpt lat="45.363209" lon="-121.703506">
				<ele>2785.568115</ele>
				<time>2026-06-02T16:36:55Z</time>
			</trkpt>
			<trkpt lat="45.363155" lon="-121.703568">
				<ele>2783.885986</ele>
				<time>2026-06-02T16:36:58Z</time>
			</trkpt>
			<trkpt lat="45.363102" lon="-121.703613">
				<ele>2781.025391</ele>
				<time>2026-06-02T16:37:01Z</time>
			</trkpt>
			<trkpt lat="45.36306" lon="-121.703636">
				<ele>2780.05957</ele>
				<time>2026-06-02T16:37:03Z</time>
			</trkpt>
			<trkpt lat="45.363014" lon="-121.703644">
				<ele>2778.538086</ele>
				<time>2026-06-02T16:37:34Z</time>
			</trkpt>
			<trkpt lat="45.363014" lon="-121.703644">
				<ele>2778.538086</ele>
				<time>2026-06-02T16:37:34Z</time>
			</trkpt>
			<trkpt lat="45.362972" lon="-121.703667">
				<ele>2776.909424</ele>
				<time>2026-06-02T16:37:37Z</time>
			</trkpt>
			<trkpt lat="45.362869" lon="-121.703712">
				<ele>2771.660645</ele>
				<time>2026-06-02T16:37:44Z</time>
			</trkpt>
			<trkpt lat="45.362823" lon="-121.703751">
				<ele>2769.412598</ele>
				<time>2026-06-02T16:37:47Z</time>
			</trkpt>
			<trkpt lat="45.362785" lon="-121.703789">
				<ele>2767.902344</ele>
				<time>2026-06-02T16:37:50Z</time>
			</trkpt>
			<trkpt lat="45.362736" lon="-121.703804">
				<ele>2767.894043</ele>
				<time>2026-06-02T16:37:58Z</time>
			</trkpt>
			<trkpt lat="45.362736" lon="-121.703804">
				<ele>2767.894043</ele>
				<time>2026-06-02T16:37:58Z</time>
			</trkpt>
			<trkpt lat="45.362694" lon="-121.703773">
				<ele>2771.04248</ele>
				<time>2026-06-02T16:38:04Z</time>
			</trkpt>
			<trkpt lat="45.362648" lon="-121.703766">
				<ele>2769.607666</ele>
				<time>2026-06-02T16:38:09Z</time>
			</trkpt>
			<trkpt lat="45.362602" lon="-121.703728">
				<ele>2767.725342</ele>
				<time>2026-06-02T16:38:15Z</time>
			</trkpt>
			<trkpt lat="45.362556" lon="-121.703712">
				<ele>2766.69043</ele>
				<time>2026-06-02T16:38:21Z</time>
			</trkpt>
			<trkpt lat="45.362556" lon="-121.703712">
				<ele>2766.69043</ele>
				<time>2026-06-02T16:38:21Z</time>
			</trkpt>
			<trkpt lat="45.362514" lon="-121.70369">
				<ele>2765.626465</ele>
				<time>2026-06-02T16:38:26Z</time>
			</trkpt>
			<trkpt lat="45.362469" lon="-121.703682">
				<ele>2767.614502</ele>
				<time>2026-06-02T16:38:33Z</time>
			</trkpt>
			<trkpt lat="45.362431" lon="-121.703651">
				<ele>2768.118164</ele>
				<time>2026-06-02T16:38:40Z</time>
			</trkpt>
			<trkpt lat="45.362431" lon="-121.703651">
				<ele>2768.118164</ele>
				<time>2026-06-02T16:38:40Z</time>
			</trkpt>
			<trkpt lat="45.362389" lon="-121.703644">
				<ele>2764.745361</ele>
				<time>2026-06-02T16:38:46Z</time>
			</trkpt>
			<trkpt lat="45.36235" lon="-121.703598">
				<ele>2762.644775</ele>
				<time>2026-06-02T16:38:53Z</time>
			</trkpt>
			<trkpt lat="45.362309" lon="-121.703568">
				<ele>2760.565918</ele>
				<time>2026-06-02T16:39:01Z</time>
			</trkpt>
			<trkpt lat="45.362309" lon="-121.703568">
				<ele>2760.565918</ele>
				<time>2026-06-02T16:39:01Z</time>
			</trkpt>
			<trkpt lat="45.36227" lon="-121.703529">
				<ele>2759.845215</ele>
				<time>2026-06-02T16:39:08Z</time>
			</trkpt>
			<trkpt lat="45.362232" lon="-121.703484">
				<ele>2759.555664</ele>
				<time>2026-06-02T16:39:17Z</time>
			</trkpt>
			<trkpt lat="45.362202" lon="-121.703537">
				<ele>2755.409424</ele>
				<time>2026-06-02T16:39:39Z</time>
			</trkpt>
			<trkpt lat="45.362202" lon="-121.703537">
				<ele>2755.409424</ele>
				<time>2026-06-02T16:39:39Z</time>
			</trkpt>
			<trkpt lat="45.362167" lon="-121.703583">
				<ele>2752.944336</ele>
				<time>2026-06-02T16:39:51Z</time>
			</trkpt>
			<trkpt lat="45.362114" lon="-121.703598">
				<ele>2750.917725</ele>
				<time>2026-06-02T16:39:55Z</time>
			</trkpt>
			<trkpt lat="45.362049" lon="-121.703598">
				<ele>2747.908936</ele>
				<time>2026-06-02T16:39:59Z</time>
			</trkpt>
			<trkpt lat="45.362049" lon="-121.703598">
				<ele>2747.908936</ele>
				<time>2026-06-02T16:39:59Z</time>
			</trkpt>
			<trkpt lat="45.362" lon="-121.703613">
				<ele>2746.236572</ele>
				<time>2026-06-02T16:40:02Z</time>
			</trkpt>
			<trkpt lat="45.361927" lon="-121.703621">
				<ele>2743.046875</ele>
				<time>2026-06-02T16:40:05Z</time>
			</trkpt>
			<trkpt lat="45.361866" lon="-121.703636">
				<ele>2740.504395</ele>
				<time>2026-06-02T16:40:08Z</time>
			</trkpt>
			<trkpt lat="45.361713" lon="-121.703644">
				<ele>2732.044189</ele>
				<time>2026-06-02T16:40:16Z</time>
			</trkpt>
			<trkpt lat="45.361671" lon="-121.703651">
				<ele>2729.85498</ele>
				<time>2026-06-02T16:40:18Z</time>
			</trkpt>
			<trkpt lat="45.361671" lon="-121.703651">
				<ele>2729.85498</ele>
				<time>2026-06-02T16:40:18Z</time>
			</trkpt>
			<trkpt lat="45.36161" lon="-121.703674">
				<ele>2725.871338</ele>
				<time>2026-06-02T16:40:20Z</time>
			</trkpt>
			<trkpt lat="45.361458" lon="-121.70372">
				<ele>2717.839111</ele>
				<time>2026-06-02T16:40:24Z</time>
			</trkpt>
			<trkpt lat="45.361408" lon="-121.703751">
				<ele>2715.349121</ele>
				<time>2026-06-02T16:40:26Z</time>
			</trkpt>
			<trkpt lat="45.361301" lon="-121.703781">
				<ele>2710.533691</ele>
				<time>2026-06-02T16:40:31Z</time>
			</trkpt>
			<trkpt lat="45.361252" lon="-121.703789">
				<ele>2709.033447</ele>
				<time>2026-06-02T16:40:33Z</time>
			</trkpt>
			<trkpt lat="45.361206" lon="-121.703789">
				<ele>2706.979248</ele>
				<time>2026-06-02T16:40:35Z</time>
			</trkpt>
			<trkpt lat="45.361153" lon="-121.703796">
				<ele>2704.966553</ele>
				<time>2026-06-02T16:40:37Z</time>
			</trkpt>
			<trkpt lat="45.361153" lon="-121.703796">
				<ele>2704.966553</ele>
				<time>2026-06-02T16:40:37Z</time>
			</trkpt>
			<trkpt lat="45.361057" lon="-121.703827">
				<ele>2700.852783</ele>
				<time>2026-06-02T16:40:41Z</time>
			</trkpt>
			<trkpt lat="45.360985" lon="-121.703842">
				<ele>2697.305176</ele>
				<time>2026-06-02T16:40:43Z</time>
			</trkpt>
			<trkpt lat="45.360867" lon="-121.703857">
				<ele>2690.889893</ele>
				<time>2026-06-02T16:40:48Z</time>
			</trkpt>
			<trkpt lat="45.360764" lon="-121.703896">
				<ele>2686.27124</ele>
				<time>2026-06-02T16:40:52Z</time>
			</trkpt>
			<trkpt lat="45.360714" lon="-121.703903">
				<ele>2683.442871</ele>
				<time>2026-06-02T16:40:54Z</time>
			</trkpt>
			<trkpt lat="45.360668" lon="-121.703918">
				<ele>2681.091064</ele>
				<time>2026-06-02T16:41:01Z</time>
			</trkpt>
			<trkpt lat="45.360668" lon="-121.703918">
				<ele>2681.091064</ele>
				<time>2026-06-02T16:41:01Z</time>
			</trkpt>
			<trkpt lat="45.360615" lon="-121.703926">
				<ele>2678.605957</ele>
				<time>2026-06-02T16:41:06Z</time>
			</trkpt>
			<trkpt lat="45.360569" lon="-121.703918">
				<ele>2676.531738</ele>
				<time>2026-06-02T16:41:13Z</time>
			</trkpt>
			<trkpt lat="45.360477" lon="-121.703949">
				<ele>2672.239014</ele>
				<time>2026-06-02T16:41:20Z</time>
			</trkpt>
			<trkpt lat="45.360477" lon="-121.703949">
				<ele>2672.239014</ele>
				<time>2026-06-02T16:41:20Z</time>
			</trkpt>
			<trkpt lat="45.360321" lon="-121.703972">
				<ele>2666.651855</ele>
				<time>2026-06-02T16:41:32Z</time>
			</trkpt>
			<trkpt lat="45.360207" lon="-121.703979">
				<ele>2662.173828</ele>
				<time>2026-06-02T16:41:39Z</time>
			</trkpt>
			<trkpt lat="45.360207" lon="-121.703979">
				<ele>2662.173828</ele>
				<time>2026-06-02T16:41:39Z</time>
			</trkpt>
			<trkpt lat="45.360104" lon="-121.703972">
				<ele>2658.451172</ele>
				<time>2026-06-02T16:41:46Z</time>
			</trkpt>
			<trkpt lat="45.360058" lon="-121.703972">
				<ele>2657.419189</ele>
				<time>2026-06-02T16:41:51Z</time>
			</trkpt>
			<trkpt lat="45.360016" lon="-121.703949">
				<ele>2655.311035</ele>
				<time>2026-06-02T16:42:00Z</time>
			</trkpt>
			<trkpt lat="45.360016" lon="-121.703949">
				<ele>2655.311035</ele>
				<time>2026-06-02T16:42:00Z</time>
			</trkpt>
			<trkpt lat="45.359966" lon="-121.703949">
				<ele>2652.670898</ele>
				<time>2026-06-02T16:42:04Z</time>
			</trkpt>
			<trkpt lat="45.359917" lon="-121.703957">
				<ele>2651.492676</ele>
				<time>2026-06-02T16:42:10Z</time>
			</trkpt>
			<trkpt lat="45.359871" lon="-121.703949">
				<ele>2649.825684</ele>
				<time>2026-06-02T16:42:15Z</time>
			</trkpt>
			<trkpt lat="45.359818" lon="-121.703957">
				<ele>2647.152832</ele>
				<time>2026-06-02T16:42:18Z</time>
			</trkpt>
			<trkpt lat="45.359768" lon="-121.703964">
				<ele>2645.406738</ele>
				<time>2026-06-02T16:42:25Z</time>
			</trkpt>
			<trkpt lat="45.359768" lon="-121.703964">
				<ele>2645.406738</ele>
				<time>2026-06-02T16:42:25Z</time>
			</trkpt>
			<trkpt lat="45.359726" lon="-121.703972">
				<ele>2643.333496</ele>
				<time>2026-06-02T16:42:29Z</time>
			</trkpt>
			<trkpt lat="45.35968" lon="-121.703987">
				<ele>2642.112305</ele>
				<time>2026-06-02T16:42:33Z</time>
			</trkpt>
			<trkpt lat="45.359619" lon="-121.704002">
				<ele>2639.563477</ele>
				<time>2026-06-02T16:42:38Z</time>
			</trkpt>
			<trkpt lat="45.35957" lon="-121.704002">
				<ele>2637.38208</ele>
				<time>2026-06-02T16:42:42Z</time>
			</trkpt>
			<trkpt lat="45.35952" lon="-121.704002">
				<ele>2635.677734</ele>
				<time>2026-06-02T16:42:45Z</time>
			</trkpt>
			<trkpt lat="45.35952" lon="-121.704002">
				<ele>2635.677734</ele>
				<time>2026-06-02T16:42:45Z</time>
			</trkpt>
			<trkpt lat="45.359474" lon="-121.703995">
				<ele>2633.982422</ele>
				<time>2026-06-02T16:42:48Z</time>
			</trkpt>
			<trkpt lat="45.359428" lon="-121.703995">
				<ele>2632.155029</ele>
				<time>2026-06-02T16:42:51Z</time>
			</trkpt>
			<trkpt lat="45.359383" lon="-121.703995">
				<ele>2631.253418</ele>
				<time>2026-06-02T16:42:56Z</time>
			</trkpt>
			<trkpt lat="45.359287" lon="-121.703972">
				<ele>2626.760498</ele>
				<time>2026-06-02T16:43:05Z</time>
			</trkpt>
			<trkpt lat="45.359287" lon="-121.703972">
				<ele>2626.760498</ele>
				<time>2026-06-02T16:43:05Z</time>
			</trkpt>
			<trkpt lat="45.359238" lon="-121.703972">
				<ele>2624.430176</ele>
				<time>2026-06-02T16:43:10Z</time>
			</trkpt>
			<trkpt lat="45.359192" lon="-121.703964">
				<ele>2622.310303</ele>
				<time>2026-06-02T16:43:15Z</time>
			</trkpt>
			<trkpt lat="45.359043" lon="-121.703949">
				<ele>2616.599854</ele>
				<time>2026-06-02T16:43:26Z</time>
			</trkpt>
			<trkpt lat="45.359043" lon="-121.703949">
				<ele>2616.599854</ele>
				<time>2026-06-02T16:43:26Z</time>
			</trkpt>
			<trkpt lat="45.358997" lon="-121.703957">
				<ele>2614.206787</ele>
				<time>2026-06-02T16:43:30Z</time>
			</trkpt>
			<trkpt lat="45.358944" lon="-121.703957">
				<ele>2612.169434</ele>
				<time>2026-06-02T16:43:33Z</time>
			</trkpt>
			<trkpt lat="45.358799" lon="-121.703995">
				<ele>2606.486816</ele>
				<time>2026-06-02T16:43:45Z</time>
			</trkpt>
			<trkpt lat="45.358799" lon="-121.703995">
				<ele>2606.486816</ele>
				<time>2026-06-02T16:43:45Z</time>
			</trkpt>
			<trkpt lat="45.358757" lon="-121.704002">
				<ele>2604.461914</ele>
				<time>2026-06-02T16:43:54Z</time>
			</trkpt>
			<trkpt lat="45.358707" lon="-121.70401">
				<ele>2603.427002</ele>
				<time>2026-06-02T16:44:00Z</time>
			</trkpt>
			<trkpt lat="45.358624" lon="-121.704041">
				<ele>2599.702393</ele>
				<time>2026-06-02T16:44:06Z</time>
			</trkpt>
			<trkpt lat="45.358624" lon="-121.704041">
				<ele>2599.702393</ele>
				<time>2026-06-02T16:44:06Z</time>
			</trkpt>
			<trkpt lat="45.358528" lon="-121.704071">
				<ele>2595.230713</ele>
				<time>2026-06-02T16:44:15Z</time>
			</trkpt>
			<trkpt lat="45.358482" lon="-121.704079">
				<ele>2593.235352</ele>
				<time>2026-06-02T16:44:18Z</time>
			</trkpt>
			<trkpt lat="45.358383" lon="-121.704079">
				<ele>2589.45874</ele>
				<time>2026-06-02T16:44:27Z</time>
			</trkpt>
			<trkpt lat="45.358383" lon="-121.704079">
				<ele>2589.45874</ele>
				<time>2026-06-02T16:44:27Z</time>
			</trkpt>
			<trkpt lat="45.358334" lon="-121.704094">
				<ele>2587.436279</ele>
				<time>2026-06-02T16:44:32Z</time>
			</trkpt>
			<trkpt lat="45.358292" lon="-121.704094">
				<ele>2587.782471</ele>
				<time>2026-06-02T16:44:57Z</time>
			</trkpt>
			<trkpt lat="45.358292" lon="-121.704094">
				<ele>2587.782471</ele>
				<time>2026-06-02T16:44:57Z</time>
			</trkpt>
			<trkpt lat="45.358261" lon="-121.704048">
				<ele>2587.577393</ele>
				<time>2026-06-02T16:45:42Z</time>
			</trkpt>
			<trkpt lat="45.358261" lon="-121.704048">
				<ele>2587.577393</ele>
				<time>2026-06-02T16:45:42Z</time>
			</trkpt>
			<trkpt lat="45.358238" lon="-121.703995">
				<ele>2586.529297</ele>
				<time>2026-06-02T16:47:56Z</time>
			</trkpt>
			<trkpt lat="45.358238" lon="-121.703995">
				<ele>2586.529297</ele>
				<time>2026-06-02T16:47:56Z</time>
			</trkpt>
			<trkpt lat="45.358223" lon="-121.703926">
				<ele>2586.686523</ele>
				<time>2026-06-02T16:48:05Z</time>
			</trkpt>
			<trkpt lat="45.358192" lon="-121.703865">
				<ele>2586.512207</ele>
				<time>2026-06-02T16:48:14Z</time>
			</trkpt>
			<trkpt lat="45.358173" lon="-121.703804">
				<ele>2585.192139</ele>
				<time>2026-06-02T16:48:22Z</time>
			</trkpt>
			<trkpt lat="45.358173" lon="-121.703804">
				<ele>2585.192139</ele>
				<time>2026-06-02T16:48:22Z</time>
			</trkpt>
			<trkpt lat="45.35815" lon="-121.703743">
				<ele>2584.062988</ele>
				<time>2026-06-02T16:48:28Z</time>
			</trkpt>
			<trkpt lat="45.358105" lon="-121.703621">
				<ele>2582.430664</ele>
				<time>2026-06-02T16:48:41Z</time>
			</trkpt>
			<trkpt lat="45.358105" lon="-121.703621">
				<ele>2582.430664</ele>
				<time>2026-06-02T16:48:41Z</time>
			</trkpt>
			<trkpt lat="45.358105" lon="-121.70356">
				<ele>2581.642578</ele>
				<time>2026-06-02T16:48:48Z</time>
			</trkpt>
			<trkpt lat="45.358093" lon="-121.703491">
				<ele>2581.56543</ele>
				<time>2026-06-02T16:48:55Z</time>
			</trkpt>
			<trkpt lat="45.35807" lon="-121.70343">
				<ele>2579.23999</ele>
				<time>2026-06-02T16:49:02Z</time>
			</trkpt>
			<trkpt lat="45.35807" lon="-121.70343">
				<ele>2579.23999</ele>
				<time>2026-06-02T16:49:02Z</time>
			</trkpt>
			<trkpt lat="45.358047" lon="-121.703377">
				<ele>2578.007568</ele>
				<time>2026-06-02T16:49:11Z</time>
			</trkpt>
			<trkpt lat="45.358021" lon="-121.703323">
				<ele>2580.830078</ele>
				<time>2026-06-02T16:50:26Z</time>
			</trkpt>
			<trkpt lat="45.358021" lon="-121.703323">
				<ele>2580.830078</ele>
				<time>2026-06-02T16:50:26Z</time>
			</trkpt>
			<trkpt lat="45.35799" lon="-121.703278">
				<ele>2573.580078</ele>
				<time>2026-06-02T16:51:08Z</time>
			</trkpt>
			<trkpt lat="45.35799" lon="-121.703278">
				<ele>2573.580078</ele>
				<time>2026-06-02T16:51:08Z</time>
			</trkpt>
			<trkpt lat="45.357979" lon="-121.703217">
				<ele>2574.073242</ele>
				<time>2026-06-02T16:51:13Z</time>
			</trkpt>
			<trkpt lat="45.357964" lon="-121.703148">
				<ele>2573.398682</ele>
				<time>2026-06-02T16:51:20Z</time>
			</trkpt>
			<trkpt lat="45.357948" lon="-121.703079">
				<ele>2573.897461</ele>
				<time>2026-06-02T16:51:26Z</time>
			</trkpt>
			<trkpt lat="45.357941" lon="-121.703018">
				<ele>2574.871582</ele>
				<time>2026-06-02T16:51:32Z</time>
			</trkpt>
			<trkpt lat="45.357941" lon="-121.703018">
				<ele>2574.871582</ele>
				<time>2026-06-02T16:51:32Z</time>
			</trkpt>
			<trkpt lat="45.357929" lon="-121.702957">
				<ele>2574.433105</ele>
				<time>2026-06-02T16:51:40Z</time>
			</trkpt>
			<trkpt lat="45.357922" lon="-121.702896">
				<ele>2574.244873</ele>
				<time>2026-06-02T16:51:46Z</time>
			</trkpt>
			<trkpt lat="45.35791" lon="-121.70282">
				<ele>2573.7854</ele>
				<time>2026-06-02T16:51:53Z</time>
			</trkpt>
			<trkpt lat="45.35791" lon="-121.70282">
				<ele>2573.7854</ele>
				<time>2026-06-02T16:51:53Z</time>
			</trkpt>
			<trkpt lat="45.357906" lon="-121.702744">
				<ele>2574.510742</ele>
				<time>2026-06-02T16:52:00Z</time>
			</trkpt>
			<trkpt lat="45.357899" lon="-121.702682">
				<ele>2574.630615</ele>
				<time>2026-06-02T16:52:05Z</time>
			</trkpt>
			<trkpt lat="45.357895" lon="-121.702621">
				<ele>2573.516357</ele>
				<time>2026-06-02T16:52:10Z</time>
			</trkpt>
			<trkpt lat="45.357883" lon="-121.702545">
				<ele>2574.38501</ele>
				<time>2026-06-02T16:52:16Z</time>
			</trkpt>
			<trkpt lat="45.357883" lon="-121.702545">
				<ele>2574.38501</ele>
				<time>2026-06-02T16:52:16Z</time>
			</trkpt>
			<trkpt lat="45.35788" lon="-121.702477">
				<ele>2572.759521</ele>
				<time>2026-06-02T16:52:21Z</time>
			</trkpt>
			<trkpt lat="45.357876" lon="-121.702408">
				<ele>2573.730713</ele>
				<time>2026-06-02T16:52:27Z</time>
			</trkpt>
			<trkpt lat="45.357872" lon="-121.702339">
				<ele>2572.55542</ele>
				<time>2026-06-02T16:52:32Z</time>
			</trkpt>
			<trkpt lat="45.357864" lon="-121.702278">
				<ele>2572.209961</ele>
				<time>2026-06-02T16:52:38Z</time>
			</trkpt>
			<trkpt lat="45.357864" lon="-121.702278">
				<ele>2572.209961</ele>
				<time>2026-06-02T16:52:38Z</time>
			</trkpt>
			<trkpt lat="45.357868" lon="-121.702217">
				<ele>2570.60498</ele>
				<time>2026-06-02T16:52:44Z</time>
			</trkpt>
			<trkpt lat="45.357876" lon="-121.702148">
				<ele>2570.615234</ele>
				<time>2026-06-02T16:52:50Z</time>
			</trkpt>
			<trkpt lat="45.357868" lon="-121.70208">
				<ele>2569.860596</ele>
				<time>2026-06-02T16:52:57Z</time>
			</trkpt>
			<trkpt lat="45.357868" lon="-121.70208">
				<ele>2569.860596</ele>
				<time>2026-06-02T16:52:57Z</time>
			</trkpt>
			<trkpt lat="45.357864" lon="-121.702019">
				<ele>2570.588379</ele>
				<time>2026-06-02T16:53:03Z</time>
			</trkpt>
			<trkpt lat="45.357861" lon="-121.70195">
				<ele>2568.846191</ele>
				<time>2026-06-02T16:53:09Z</time>
			</trkpt>
			<trkpt lat="45.357841" lon="-121.701881">
				<ele>2567.514648</ele>
				<time>2026-06-02T16:53:15Z</time>
			</trkpt>
			<trkpt lat="45.357834" lon="-121.70182">
				<ele>2569.499512</ele>
				<time>2026-06-02T16:53:21Z</time>
			</trkpt>
			<trkpt lat="45.357834" lon="-121.70182">
				<ele>2569.499512</ele>
				<time>2026-06-02T16:53:21Z</time>
			</trkpt>
			<trkpt lat="45.357845" lon="-121.701691">
				<ele>2567.230469</ele>
				<time>2026-06-02T16:53:36Z</time>
			</trkpt>
			<trkpt lat="45.357826" lon="-121.701637">
				<ele>2568.080566</ele>
				<time>2026-06-02T16:53:45Z</time>
			</trkpt>
			<trkpt lat="45.357826" lon="-121.701637">
				<ele>2568.080566</ele>
				<time>2026-06-02T16:53:45Z</time>
			</trkpt>
			<trkpt lat="45.357788" lon="-121.701599">
				<ele>2566.687988</ele>
				<time>2026-06-02T16:54:00Z</time>
			</trkpt>
			<trkpt lat="45.357758" lon="-121.701553">
				<ele>2566.240967</ele>
				<time>2026-06-02T16:54:06Z</time>
			</trkpt>
			<trkpt lat="45.357758" lon="-121.701553">
				<ele>2566.240967</ele>
				<time>2026-06-02T16:54:06Z</time>
			</trkpt>
			<trkpt lat="45.357727" lon="-121.7015">
				<ele>2563.306641</ele>
				<time>2026-06-02T16:54:14Z</time>
			</trkpt>
			<trkpt lat="45.357685" lon="-121.701485">
				<ele>2562.16748</ele>
				<time>2026-06-02T16:54:27Z</time>
			</trkpt>
			<trkpt lat="45.357685" lon="-121.701485">
				<ele>2562.16748</ele>
				<time>2026-06-02T16:54:27Z</time>
			</trkpt>
			<trkpt lat="45.357643" lon="-121.701515">
				<ele>2560.163818</ele>
				<time>2026-06-02T16:54:33Z</time>
			</trkpt>
			<trkpt lat="45.357594" lon="-121.701492">
				<ele>2558.968994</ele>
				<time>2026-06-02T16:54:41Z</time>
			</trkpt>
			<trkpt lat="45.357548" lon="-121.701508">
				<ele>2558.094238</ele>
				<time>2026-06-02T16:54:48Z</time>
			</trkpt>
			<trkpt lat="45.357548" lon="-121.701508">
				<ele>2558.094238</ele>
				<time>2026-06-02T16:54:48Z</time>
			</trkpt>
			<trkpt lat="45.357502" lon="-121.701508">
				<ele>2555.661133</ele>
				<time>2026-06-02T16:54:58Z</time>
			</trkpt>
			<trkpt lat="45.357464" lon="-121.701538">
				<ele>2553.975342</ele>
				<time>2026-06-02T16:55:06Z</time>
			</trkpt>
			<trkpt lat="45.357414" lon="-121.701553">
				<ele>2552.807373</ele>
				<time>2026-06-02T16:55:14Z</time>
			</trkpt>
			<trkpt lat="45.357414" lon="-121.701553">
				<ele>2552.807373</ele>
				<time>2026-06-02T16:55:14Z</time>
			</trkpt>
			<trkpt lat="45.357292" lon="-121.701637">
				<ele>2547.669922</ele>
				<time>2026-06-02T16:55:36Z</time>
			</trkpt>
			<trkpt lat="45.357292" lon="-121.701637">
				<ele>2547.669922</ele>
				<time>2026-06-02T16:55:36Z</time>
			</trkpt>
			<trkpt lat="45.357262" lon="-121.701675">
				<ele>2546.218506</ele>
				<time>2026-06-02T16:55:43Z</time>
			</trkpt>
			<trkpt lat="45.357212" lon="-121.701698">
				<ele>2544.193359</ele>
				<time>2026-06-02T16:55:51Z</time>
			</trkpt>
			<trkpt lat="45.35717" lon="-121.701721">
				<ele>2543.025146</ele>
				<time>2026-06-02T16:55:58Z</time>
			</trkpt>
			<trkpt lat="45.35717" lon="-121.701721">
				<ele>2543.025146</ele>
				<time>2026-06-02T16:55:58Z</time>
			</trkpt>
			<trkpt lat="45.357132" lon="-121.701752">
				<ele>2541.970215</ele>
				<time>2026-06-02T16:56:05Z</time>
			</trkpt>
			<trkpt lat="45.35709" lon="-121.701752">
				<ele>2540.029053</ele>
				<time>2026-06-02T16:56:22Z</time>
			</trkpt>
			<trkpt lat="45.35709" lon="-121.701752">
				<ele>2540.029053</ele>
				<time>2026-06-02T16:56:22Z</time>
			</trkpt>
			<trkpt lat="45.357063" lon="-121.701706">
				<ele>2540.992188</ele>
				<time>2026-06-02T16:56:31Z</time>
			</trkpt>
			<trkpt lat="45.357002" lon="-121.701698">
				<ele>2537.212646</ele>
				<time>2026-06-02T16:56:43Z</time>
			</trkpt>
			<trkpt lat="45.357002" lon="-121.701698">
				<ele>2537.212646</ele>
				<time>2026-06-02T16:56:43Z</time>
			</trkpt>
			<trkpt lat="45.356953" lon="-121.701668">
				<ele>2534.925049</ele>
				<time>2026-06-02T16:56:45Z</time>
			</trkpt>
			<trkpt lat="45.356892" lon="-121.701645">
				<ele>2532.310059</ele>
				<time>2026-06-02T16:56:47Z</time>
			</trkpt>
			<trkpt lat="45.356842" lon="-121.701653">
				<ele>2530.467773</ele>
				<time>2026-06-02T16:56:49Z</time>
			</trkpt>
			<trkpt lat="45.356796" lon="-121.70163">
				<ele>2528.452148</ele>
				<time>2026-06-02T16:56:51Z</time>
			</trkpt>
			<trkpt lat="45.356731" lon="-121.701622">
				<ele>2525.876953</ele>
				<time>2026-06-02T16:56:53Z</time>
			</trkpt>
			<trkpt lat="45.356678" lon="-121.701607">
				<ele>2524.150879</ele>
				<time>2026-06-02T16:56:57Z</time>
			</trkpt>
			<trkpt lat="45.356636" lon="-121.701607">
				<ele>2522.416016</ele>
				<time>2026-06-02T16:57:01Z</time>
			</trkpt>
			<trkpt lat="45.35659" lon="-121.701599">
				<ele>2521.054932</ele>
				<time>2026-06-02T16:57:06Z</time>
			</trkpt>
			<trkpt lat="45.35659" lon="-121.701599">
				<ele>2521.054932</ele>
				<time>2026-06-02T16:57:06Z</time>
			</trkpt>
			<trkpt lat="45.356541" lon="-121.701599">
				<ele>2519.591797</ele>
				<time>2026-06-02T16:57:09Z</time>
			</trkpt>
			<trkpt lat="45.356491" lon="-121.701591">
				<ele>2517.61377</ele>
				<time>2026-06-02T16:57:12Z</time>
			</trkpt>
			<trkpt lat="45.356441" lon="-121.701599">
				<ele>2515.943115</ele>
				<time>2026-06-02T16:57:19Z</time>
			</trkpt>
			<trkpt lat="45.356411" lon="-121.701645">
				<ele>2515.333252</ele>
				<time>2026-06-02T16:57:23Z</time>
			</trkpt>
			<trkpt lat="45.35638" lon="-121.701683">
				<ele>2512.900635</ele>
				<time>2026-06-02T16:57:28Z</time>
			</trkpt>
			<trkpt lat="45.35638" lon="-121.701683">
				<ele>2512.900635</ele>
				<time>2026-06-02T16:57:28Z</time>
			</trkpt>
			<trkpt lat="45.356342" lon="-121.701721">
				<ele>2512.091553</ele>
				<time>2026-06-02T16:57:33Z</time>
			</trkpt>
			<trkpt lat="45.356308" lon="-121.701759">
				<ele>2510.609375</ele>
				<time>2026-06-02T16:57:39Z</time>
			</trkpt>
			<trkpt lat="45.356274" lon="-121.70182">
				<ele>2509.4104</ele>
				<time>2026-06-02T16:57:44Z</time>
			</trkpt>
			<trkpt lat="45.356239" lon="-121.701859">
				<ele>2509.422852</ele>
				<time>2026-06-02T16:57:49Z</time>
			</trkpt>
			<trkpt lat="45.356239" lon="-121.701859">
				<ele>2509.422852</ele>
				<time>2026-06-02T16:57:49Z</time>
			</trkpt>
			<trkpt lat="45.356201" lon="-121.701904">
				<ele>2506.657959</ele>
				<time>2026-06-02T16:57:54Z</time>
			</trkpt>
			<trkpt lat="45.356174" lon="-121.701958">
				<ele>2505.507813</ele>
				<time>2026-06-02T16:57:59Z</time>
			</trkpt>
			<trkpt lat="45.356133" lon="-121.701973">
				<ele>2504.87793</ele>
				<time>2026-06-02T16:58:04Z</time>
			</trkpt>
			<trkpt lat="45.356087" lon="-121.701981">
				<ele>2504.486084</ele>
				<time>2026-06-02T16:58:10Z</time>
			</trkpt>
			<trkpt lat="45.356087" lon="-121.701981">
				<ele>2504.486084</ele>
				<time>2026-06-02T16:58:10Z</time>
			</trkpt>
			<trkpt lat="45.356045" lon="-121.702003">
				<ele>2504.686523</ele>
				<time>2026-06-02T16:58:16Z</time>
			</trkpt>
			<trkpt lat="45.355949" lon="-121.702042">
				<ele>2502.086914</ele>
				<time>2026-06-02T16:58:28Z</time>
			</trkpt>
			<trkpt lat="45.355907" lon="-121.702072">
				<ele>2499.530273</ele>
				<time>2026-06-02T16:58:34Z</time>
			</trkpt>
			<trkpt lat="45.355907" lon="-121.702072">
				<ele>2499.530273</ele>
				<time>2026-06-02T16:58:34Z</time>
			</trkpt>
			<trkpt lat="45.355865" lon="-121.702095">
				<ele>2497.887451</ele>
				<time>2026-06-02T16:58:39Z</time>
			</trkpt>
			<trkpt lat="45.35582" lon="-121.702095">
				<ele>2496.499756</ele>
				<time>2026-06-02T16:58:44Z</time>
			</trkpt>
			<trkpt lat="45.355774" lon="-121.702118">
				<ele>2495.132568</ele>
				<time>2026-06-02T16:58:50Z</time>
			</trkpt>
			<trkpt lat="45.355732" lon="-121.702133">
				<ele>2492.502686</ele>
				<time>2026-06-02T16:58:57Z</time>
			</trkpt>
			<trkpt lat="45.355732" lon="-121.702133">
				<ele>2492.502686</ele>
				<time>2026-06-02T16:58:57Z</time>
			</trkpt>
			<trkpt lat="45.355698" lon="-121.702187">
				<ele>2491.225342</ele>
				<time>2026-06-02T16:59:03Z</time>
			</trkpt>
			<trkpt lat="45.355652" lon="-121.702187">
				<ele>2490.013672</ele>
				<time>2026-06-02T16:59:20Z</time>
			</trkpt>
			<trkpt lat="45.355652" lon="-121.702187">
				<ele>2490.013672</ele>
				<time>2026-06-02T16:59:20Z</time>
			</trkpt>
			<trkpt lat="45.355553" lon="-121.702255">
				<ele>2485.278076</ele>
				<time>2026-06-02T16:59:28Z</time>
			</trkpt>
			<trkpt lat="45.355499" lon="-121.702278">
				<ele>2483.474854</ele>
				<time>2026-06-02T16:59:32Z</time>
			</trkpt>
			<trkpt lat="45.355461" lon="-121.702316">
				<ele>2482.204102</ele>
				<time>2026-06-02T16:59:36Z</time>
			</trkpt>
			<trkpt lat="45.355404" lon="-121.702339">
				<ele>2479.00708</ele>
				<time>2026-06-02T16:59:41Z</time>
			</trkpt>
			<trkpt lat="45.355404" lon="-121.702339">
				<ele>2479.00708</ele>
				<time>2026-06-02T16:59:41Z</time>
			</trkpt>
			<trkpt lat="45.35535" lon="-121.702377">
				<ele>2476.434814</ele>
				<time>2026-06-02T16:59:44Z</time>
			</trkpt>
			<trkpt lat="45.355305" lon="-121.7024">
				<ele>2474.746338</ele>
				<time>2026-06-02T16:59:46Z</time>
			</trkpt>
			<trkpt lat="45.355164" lon="-121.702477">
				<ele>2468.2146</ele>
				<time>2026-06-02T16:59:53Z</time>
			</trkpt>
			<trkpt lat="45.355061" lon="-121.702522">
				<ele>2464.060791</ele>
				<time>2026-06-02T16:59:58Z</time>
			</trkpt>
			<trkpt lat="45.355015" lon="-121.702545">
				<ele>2461.8396</ele>
				<time>2026-06-02T17:00:00Z</time>
			</trkpt>
			<trkpt lat="45.355015" lon="-121.702545">
				<ele>2461.8396</ele>
				<time>2026-06-02T17:00:00Z</time>
			</trkpt>
			<trkpt lat="45.354961" lon="-121.702568">
				<ele>2459.669678</ele>
				<time>2026-06-02T17:00:03Z</time>
			</trkpt>
			<trkpt lat="45.354919" lon="-121.702591">
				<ele>2457.706543</ele>
				<time>2026-06-02T17:00:06Z</time>
			</trkpt>
			<trkpt lat="45.354767" lon="-121.702652">
				<ele>2450.560791</ele>
				<time>2026-06-02T17:00:15Z</time>
			</trkpt>
			<trkpt lat="45.35471" lon="-121.702675">
				<ele>2447.500977</ele>
				<time>2026-06-02T17:00:18Z</time>
			</trkpt>
			<trkpt lat="45.354649" lon="-121.70269">
				<ele>2444.97998</ele>
				<time>2026-06-02T17:00:20Z</time>
			</trkpt>
			<trkpt lat="45.354649" lon="-121.70269">
				<ele>2444.97998</ele>
				<time>2026-06-02T17:00:20Z</time>
			</trkpt>
			<trkpt lat="45.354599" lon="-121.702721">
				<ele>2443.208984</ele>
				<time>2026-06-02T17:00:22Z</time>
			</trkpt>
			<trkpt lat="45.354542" lon="-121.702728">
				<ele>2440.976563</ele>
				<time>2026-06-02T17:00:30Z</time>
			</trkpt>
			<trkpt lat="45.354458" lon="-121.702774">
				<ele>2438.335938</ele>
				<time>2026-06-02T17:00:45Z</time>
			</trkpt>
			<trkpt lat="45.354458" lon="-121.702774">
				<ele>2438.335938</ele>
				<time>2026-06-02T17:00:45Z</time>
			</trkpt>
			<trkpt lat="45.354401" lon="-121.702797">
				<ele>2436.066895</ele>
				<time>2026-06-02T17:00:50Z</time>
			</trkpt>
			<trkpt lat="45.354305" lon="-121.702858">
				<ele>2431.510498</ele>
				<time>2026-06-02T17:01:41Z</time>
			</trkpt>
			<trkpt lat="45.354305" lon="-121.702858">
				<ele>2431.510498</ele>
				<time>2026-06-02T17:01:41Z</time>
			</trkpt>
			<trkpt lat="45.354259" lon="-121.70285">
				<ele>2430.297607</ele>
				<time>2026-06-02T17:01:47Z</time>
			</trkpt>
			<trkpt lat="45.35421" lon="-121.702873">
				<ele>2429.163574</ele>
				<time>2026-06-02T17:01:53Z</time>
			</trkpt>
			<trkpt lat="45.354164" lon="-121.702896">
				<ele>2427.368652</ele>
				<time>2026-06-02T17:01:59Z</time>
			</trkpt>
			<trkpt lat="45.354118" lon="-121.702904">
				<ele>2425.96875</ele>
				<time>2026-06-02T17:02:05Z</time>
			</trkpt>
			<trkpt lat="45.354118" lon="-121.702904">
				<ele>2425.96875</ele>
				<time>2026-06-02T17:02:05Z</time>
			</trkpt>
			<trkpt lat="45.353989" lon="-121.702972">
				<ele>2420.702393</ele>
				<time>2026-06-02T17:02:23Z</time>
			</trkpt>
			<trkpt lat="45.353943" lon="-121.702988">
				<ele>2416.890381</ele>
				<time>2026-06-02T17:02:39Z</time>
			</trkpt>
			<trkpt lat="45.353943" lon="-121.702988">
				<ele>2416.890381</ele>
				<time>2026-06-02T17:02:39Z</time>
			</trkpt>
			<trkpt lat="45.353901" lon="-121.703018">
				<ele>2415.393555</ele>
				<time>2026-06-02T17:02:47Z</time>
			</trkpt>
			<trkpt lat="45.353859" lon="-121.703041">
				<ele>2415.480469</ele>
				<time>2026-06-02T17:02:53Z</time>
			</trkpt>
			<trkpt lat="45.353832" lon="-121.703094">
				<ele>2409.02417</ele>
				<time>2026-06-02T17:10:06Z</time>
			</trkpt>
			<trkpt lat="45.353832" lon="-121.703094">
				<ele>2409.02417</ele>
				<time>2026-06-02T17:10:06Z</time>
			</trkpt>
			<trkpt lat="45.353786" lon="-121.703094">
				<ele>2411.309326</ele>
				<time>2026-06-02T17:10:30Z</time>
			</trkpt>
			<trkpt lat="45.353745" lon="-121.70311">
				<ele>2407.627441</ele>
				<time>2026-06-02T17:10:38Z</time>
			</trkpt>
			<trkpt lat="45.353745" lon="-121.70311">
				<ele>2407.627441</ele>
				<time>2026-06-02T17:10:38Z</time>
			</trkpt>
			<trkpt lat="45.353703" lon="-121.703094">
				<ele>2407.572998</ele>
				<time>2026-06-02T17:10:44Z</time>
			</trkpt>
			<trkpt lat="45.353657" lon="-121.703102">
				<ele>2407.256348</ele>
				<time>2026-06-02T17:10:54Z</time>
			</trkpt>
			<trkpt lat="45.353611" lon="-121.70311">
				<ele>2403.831787</ele>
				<time>2026-06-02T17:11:05Z</time>
			</trkpt>
			<trkpt lat="45.353611" lon="-121.70311">
				<ele>2403.831787</ele>
				<time>2026-06-02T17:11:05Z</time>
			</trkpt>
			<trkpt lat="45.353573" lon="-121.70314">
				<ele>2400.69458</ele>
				<time>2026-06-02T17:11:15Z</time>
			</trkpt>
			<trkpt lat="45.353535" lon="-121.703178">
				<ele>2399.057617</ele>
				<time>2026-06-02T17:11:23Z</time>
			</trkpt>
			<trkpt lat="45.353493" lon="-121.703186">
				<ele>2397.270508</ele>
				<time>2026-06-02T17:11:31Z</time>
			</trkpt>
			<trkpt lat="45.353493" lon="-121.703186">
				<ele>2397.270508</ele>
				<time>2026-06-02T17:11:31Z</time>
			</trkpt>
			<trkpt lat="45.353451" lon="-121.703209">
				<ele>2396.360352</ele>
				<time>2026-06-02T17:11:38Z</time>
			</trkpt>
			<trkpt lat="45.353401" lon="-121.703232">
				<ele>2392.980713</ele>
				<time>2026-06-02T17:12:00Z</time>
			</trkpt>
			<trkpt lat="45.353401" lon="-121.703232">
				<ele>2392.980713</ele>
				<time>2026-06-02T17:12:00Z</time>
			</trkpt>
			<trkpt lat="45.353363" lon="-121.703278">
				<ele>2390.795654</ele>
				<time>2026-06-02T17:12:09Z</time>
			</trkpt>
			<trkpt lat="45.353317" lon="-121.703293">
				<ele>2388.01001</ele>
				<time>2026-06-02T17:12:20Z</time>
			</trkpt>
			<trkpt lat="45.353317" lon="-121.703293">
				<ele>2388.01001</ele>
				<time>2026-06-02T17:12:20Z</time>
			</trkpt>
			<trkpt lat="45.353283" lon="-121.703331">
				<ele>2385.98999</ele>
				<time>2026-06-02T17:12:25Z</time>
			</trkpt>
			<trkpt lat="45.353237" lon="-121.703354">
				<ele>2383.899658</ele>
				<time>2026-06-02T17:12:31Z</time>
			</trkpt>
			<trkpt lat="45.353199" lon="-121.703377">
				<ele>2382.942139</ele>
				<time>2026-06-02T17:12:36Z</time>
			</trkpt>
			<trkpt lat="45.353157" lon="-121.703407">
				<ele>2380.848145</ele>
				<time>2026-06-02T17:12:43Z</time>
			</trkpt>
			<trkpt lat="45.353157" lon="-121.703407">
				<ele>2380.848145</ele>
				<time>2026-06-02T17:12:43Z</time>
			</trkpt>
			<trkpt lat="45.353111" lon="-121.703438">
				<ele>2378.603516</ele>
				<time>2026-06-02T17:12:50Z</time>
			</trkpt>
			<trkpt lat="45.353073" lon="-121.703476">
				<ele>2378.024414</ele>
				<time>2026-06-02T17:12:55Z</time>
			</trkpt>
			<trkpt lat="45.352989" lon="-121.703537">
				<ele>2374.541748</ele>
				<time>2026-06-02T17:13:06Z</time>
			</trkpt>
			<trkpt lat="45.352989" lon="-121.703537">
				<ele>2374.541748</ele>
				<time>2026-06-02T17:13:06Z</time>
			</trkpt>
			<trkpt lat="45.352947" lon="-121.70359">
				<ele>2373.189941</ele>
				<time>2026-06-02T17:13:12Z</time>
			</trkpt>
			<trkpt lat="45.352905" lon="-121.703629">
				<ele>2371.914307</ele>
				<time>2026-06-02T17:13:17Z</time>
			</trkpt>
			<trkpt lat="45.352871" lon="-121.703674">
				<ele>2370.915039</ele>
				<time>2026-06-02T17:13:23Z</time>
			</trkpt>
			<trkpt lat="45.352837" lon="-121.703705">
				<ele>2368.995117</ele>
				<time>2026-06-02T17:13:28Z</time>
			</trkpt>
			<trkpt lat="45.352837" lon="-121.703705">
				<ele>2368.995117</ele>
				<time>2026-06-02T17:13:28Z</time>
			</trkpt>
			<trkpt lat="45.352818" lon="-121.703773">
				<ele>2366.794189</ele>
				<time>2026-06-02T17:13:33Z</time>
			</trkpt>
			<trkpt lat="45.352783" lon="-121.703812">
				<ele>2365.744629</ele>
				<time>2026-06-02T17:13:38Z</time>
			</trkpt>
			<trkpt lat="45.352753" lon="-121.703873">
				<ele>2362.961426</ele>
				<time>2026-06-02T17:13:43Z</time>
			</trkpt>
			<trkpt lat="45.352711" lon="-121.703911">
				<ele>2361.63623</ele>
				<time>2026-06-02T17:13:49Z</time>
			</trkpt>
			<trkpt lat="45.352711" lon="-121.703911">
				<ele>2361.63623</ele>
				<time>2026-06-02T17:13:49Z</time>
			</trkpt>
			<trkpt lat="45.352657" lon="-121.703934">
				<ele>2360.103027</ele>
				<time>2026-06-02T17:13:54Z</time>
			</trkpt>
			<trkpt lat="45.352612" lon="-121.703972">
				<ele>2360.048096</ele>
				<time>2026-06-02T17:13:58Z</time>
			</trkpt>
			<trkpt lat="45.352562" lon="-121.703972">
				<ele>2359.751953</ele>
				<time>2026-06-02T17:14:02Z</time>
			</trkpt>
			<trkpt lat="45.352509" lon="-121.703972">
				<ele>2358.137207</ele>
				<time>2026-06-02T17:14:07Z</time>
			</trkpt>
			<trkpt lat="45.352459" lon="-121.703987">
				<ele>2358.320801</ele>
				<time>2026-06-02T17:14:11Z</time>
			</trkpt>
			<trkpt lat="45.352459" lon="-121.703987">
				<ele>2358.320801</ele>
				<time>2026-06-02T17:14:11Z</time>
			</trkpt>
			<trkpt lat="45.352413" lon="-121.703979">
				<ele>2357.358887</ele>
				<time>2026-06-02T17:14:16Z</time>
			</trkpt>
			<trkpt lat="45.352367" lon="-121.704002">
				<ele>2356.734375</ele>
				<time>2026-06-02T17:14:22Z</time>
			</trkpt>
			<trkpt lat="45.352322" lon="-121.70401">
				<ele>2353.128174</ele>
				<time>2026-06-02T17:14:27Z</time>
			</trkpt>
			<trkpt lat="45.352283" lon="-121.704048">
				<ele>2352.614746</ele>
				<time>2026-06-02T17:14:32Z</time>
			</trkpt>
			<trkpt lat="45.352283" lon="-121.704048">
				<ele>2352.614746</ele>
				<time>2026-06-02T17:14:32Z</time>
			</trkpt>
			<trkpt lat="45.352253" lon="-121.704102">
				<ele>2351.19458</ele>
				<time>2026-06-02T17:14:37Z</time>
			</trkpt>
			<trkpt lat="45.352219" lon="-121.704147">
				<ele>2349.683594</ele>
				<time>2026-06-02T17:14:41Z</time>
			</trkpt>
			<trkpt lat="45.352196" lon="-121.704216">
				<ele>2348.082031</ele>
				<time>2026-06-02T17:14:46Z</time>
			</trkpt>
			<trkpt lat="45.352177" lon="-121.704277">
				<ele>2348.16333</ele>
				<time>2026-06-02T17:14:50Z</time>
			</trkpt>
			<trkpt lat="45.352154" lon="-121.70433">
				<ele>2346.827393</ele>
				<time>2026-06-02T17:14:54Z</time>
			</trkpt>
			<trkpt lat="45.352154" lon="-121.70433">
				<ele>2346.827393</ele>
				<time>2026-06-02T17:14:54Z</time>
			</trkpt>
			<trkpt lat="45.352119" lon="-121.704384">
				<ele>2344.682129</ele>
				<time>2026-06-02T17:14:59Z</time>
			</trkpt>
			<trkpt lat="45.352077" lon="-121.704422">
				<ele>2343.351318</ele>
				<time>2026-06-02T17:15:03Z</time>
			</trkpt>
			<trkpt lat="45.352036" lon="-121.704445">
				<ele>2341.077393</ele>
				<time>2026-06-02T17:15:08Z</time>
			</trkpt>
			<trkpt lat="45.351994" lon="-121.704491">
				<ele>2338.826904</ele>
				<time>2026-06-02T17:15:14Z</time>
			</trkpt>
			<trkpt lat="45.351994" lon="-121.704491">
				<ele>2338.826904</ele>
				<time>2026-06-02T17:15:14Z</time>
			</trkpt>
			<trkpt lat="45.351952" lon="-121.704514">
				<ele>2337.799316</ele>
				<time>2026-06-02T17:15:18Z</time>
			</trkpt>
			<trkpt lat="45.35191" lon="-121.704552">
				<ele>2337.549805</ele>
				<time>2026-06-02T17:15:23Z</time>
			</trkpt>
			<trkpt lat="45.351868" lon="-121.704575">
				<ele>2335.826904</ele>
				<time>2026-06-02T17:15:27Z</time>
			</trkpt>
			<trkpt lat="45.351822" lon="-121.704605">
				<ele>2334.237793</ele>
				<time>2026-06-02T17:15:31Z</time>
			</trkpt>
			<trkpt lat="45.35178" lon="-121.70462">
				<ele>2332.439453</ele>
				<time>2026-06-02T17:15:36Z</time>
			</trkpt>
			<trkpt lat="45.35178" lon="-121.70462">
				<ele>2332.439453</ele>
				<time>2026-06-02T17:15:36Z</time>
			</trkpt>
			<trkpt lat="45.35173" lon="-121.704636">
				<ele>2332.012695</ele>
				<time>2026-06-02T17:15:40Z</time>
			</trkpt>
			<trkpt lat="45.351681" lon="-121.704628">
				<ele>2331.496582</ele>
				<time>2026-06-02T17:15:44Z</time>
			</trkpt>
			<trkpt lat="45.351631" lon="-121.70462">
				<ele>2330.474609</ele>
				<time>2026-06-02T17:15:49Z</time>
			</trkpt>
			<trkpt lat="45.351578" lon="-121.704605">
				<ele>2330.030273</ele>
				<time>2026-06-02T17:15:55Z</time>
			</trkpt>
			<trkpt lat="45.351578" lon="-121.704605">
				<ele>2330.030273</ele>
				<time>2026-06-02T17:15:55Z</time>
			</trkpt>
			<trkpt lat="45.351532" lon="-121.704582">
				<ele>2328.942139</ele>
				<time>2026-06-02T17:16:00Z</time>
			</trkpt>
			<trkpt lat="45.351437" lon="-121.704552">
				<ele>2327.258057</ele>
				<time>2026-06-02T17:16:10Z</time>
			</trkpt>
			<trkpt lat="45.351391" lon="-121.704536">
				<ele>2325.330078</ele>
				<time>2026-06-02T17:16:15Z</time>
			</trkpt>
			<trkpt lat="45.351391" lon="-121.704536">
				<ele>2325.330078</ele>
				<time>2026-06-02T17:16:15Z</time>
			</trkpt>
			<trkpt lat="45.351349" lon="-121.704536">
				<ele>2325.038818</ele>
				<time>2026-06-02T17:16:20Z</time>
			</trkpt>
			<trkpt lat="45.351299" lon="-121.704536">
				<ele>2322.057129</ele>
				<time>2026-06-02T17:16:26Z</time>
			</trkpt>
			<trkpt lat="45.3512" lon="-121.704521">
				<ele>2318.820068</ele>
				<time>2026-06-02T17:16:40Z</time>
			</trkpt>
			<trkpt lat="45.3512" lon="-121.704521">
				<ele>2318.820068</ele>
				<time>2026-06-02T17:16:40Z</time>
			</trkpt>
			<trkpt lat="45.351154" lon="-121.704521">
				<ele>2316.147217</ele>
				<time>2026-06-02T17:16:47Z</time>
			</trkpt>
			<trkpt lat="45.351105" lon="-121.704544">
				<ele>2312.789795</ele>
				<time>2026-06-02T17:16:54Z</time>
			</trkpt>
			<trkpt lat="45.351063" lon="-121.704536">
				<ele>2310.218506</ele>
				<time>2026-06-02T17:17:02Z</time>
			</trkpt>
			<trkpt lat="45.351063" lon="-121.704536">
				<ele>2310.218506</ele>
				<time>2026-06-02T17:17:02Z</time>
			</trkpt>
			<trkpt lat="45.351025" lon="-121.704575">
				<ele>2307.920654</ele>
				<time>2026-06-02T17:17:07Z</time>
			</trkpt>
			<trkpt lat="45.350986" lon="-121.704597">
				<ele>2307.165771</ele>
				<time>2026-06-02T17:17:13Z</time>
			</trkpt>
			<trkpt lat="45.350883" lon="-121.704613">
				<ele>2303.801758</ele>
				<time>2026-06-02T17:17:27Z</time>
			</trkpt>
			<trkpt lat="45.350883" lon="-121.704613">
				<ele>2303.801758</ele>
				<time>2026-06-02T17:17:27Z</time>
			</trkpt>
			<trkpt lat="45.350788" lon="-121.704613">
				<ele>2299.080322</ele>
				<time>2026-06-02T17:17:38Z</time>
			</trkpt>
			<trkpt lat="45.350739" lon="-121.70462">
				<ele>2297.044434</ele>
				<time>2026-06-02T17:17:44Z</time>
			</trkpt>
			<trkpt lat="45.350697" lon="-121.704628">
				<ele>2296.608398</ele>
				<time>2026-06-02T17:18:01Z</time>
			</trkpt>
			<trkpt lat="45.350697" lon="-121.704628">
				<ele>2296.608398</ele>
				<time>2026-06-02T17:18:01Z</time>
			</trkpt>
			<trkpt lat="45.350651" lon="-121.704628">
				<ele>2294.484863</ele>
				<time>2026-06-02T17:18:08Z</time>
			</trkpt>
			<trkpt lat="45.350613" lon="-121.704674">
				<ele>2293.824951</ele>
				<time>2026-06-02T17:18:15Z</time>
			</trkpt>
			<trkpt lat="45.350571" lon="-121.704704">
				<ele>2291.192627</ele>
				<time>2026-06-02T17:18:22Z</time>
			</trkpt>
			<trkpt lat="45.350571" lon="-121.704704">
				<ele>2291.192627</ele>
				<time>2026-06-02T17:18:22Z</time>
			</trkpt>
			<trkpt lat="45.350533" lon="-121.704758">
				<ele>2289.550049</ele>
				<time>2026-06-02T17:18:27Z</time>
			</trkpt>
			<trkpt lat="45.350494" lon="-121.704796">
				<ele>2288.502197</ele>
				<time>2026-06-02T17:18:33Z</time>
			</trkpt>
			<trkpt lat="45.350426" lon="-121.704895">
				<ele>2285.486084</ele>
				<time>2026-06-02T17:18:44Z</time>
			</trkpt>
			<trkpt lat="45.350426" lon="-121.704895">
				<ele>2285.486084</ele>
				<time>2026-06-02T17:18:44Z</time>
			</trkpt>
			<trkpt lat="45.350353" lon="-121.704971">
				<ele>2282.27002</ele>
				<time>2026-06-02T17:18:54Z</time>
			</trkpt>
			<trkpt lat="45.350288" lon="-121.70507">
				<ele>2279.68042</ele>
				<time>2026-06-02T17:19:02Z</time>
			</trkpt>
			<trkpt lat="45.350254" lon="-121.705116">
				<ele>2280.207275</ele>
				<time>2026-06-02T17:19:06Z</time>
			</trkpt>
			<trkpt lat="45.350254" lon="-121.705116">
				<ele>2280.207275</ele>
				<time>2026-06-02T17:19:06Z</time>
			</trkpt>
			<trkpt lat="45.350204" lon="-121.705154">
				<ele>2279.452148</ele>
				<time>2026-06-02T17:19:11Z</time>
			</trkpt>
			<trkpt lat="45.350155" lon="-121.705139">
				<ele>2276.723145</ele>
				<time>2026-06-02T17:19:16Z</time>
			</trkpt>
			<trkpt lat="45.350101" lon="-121.705139">
				<ele>2275.426758</ele>
				<time>2026-06-02T17:19:21Z</time>
			</trkpt>
			<trkpt lat="45.350052" lon="-121.705132">
				<ele>2274.662598</ele>
				<time>2026-06-02T17:19:27Z</time>
			</trkpt>
			<trkpt lat="45.350052" lon="-121.705132">
				<ele>2274.662598</ele>
				<time>2026-06-02T17:19:27Z</time>
			</trkpt>
			<trkpt lat="45.350006" lon="-121.705124">
				<ele>2272.53833</ele>
				<time>2026-06-02T17:19:33Z</time>
			</trkpt>
			<trkpt lat="45.349911" lon="-121.705101">
				<ele>2270.717041</ele>
				<time>2026-06-02T17:19:43Z</time>
			</trkpt>
			<trkpt lat="45.349865" lon="-121.705078">
				<ele>2269.830566</ele>
				<time>2026-06-02T17:19:50Z</time>
			</trkpt>
			<trkpt lat="45.349865" lon="-121.705078">
				<ele>2269.830566</ele>
				<time>2026-06-02T17:19:50Z</time>
			</trkpt>
			<trkpt lat="45.349819" lon="-121.705055">
				<ele>2267.444336</ele>
				<time>2026-06-02T17:19:57Z</time>
			</trkpt>
			<trkpt lat="45.34977" lon="-121.705063">
				<ele>2266.54248</ele>
				<time>2026-06-02T17:20:01Z</time>
			</trkpt>
			<trkpt lat="45.349674" lon="-121.705048">
				<ele>2263.817871</ele>
				<time>2026-06-02T17:20:11Z</time>
			</trkpt>
			<trkpt lat="45.349674" lon="-121.705048">
				<ele>2263.817871</ele>
				<time>2026-06-02T17:20:11Z</time>
			</trkpt>
			<trkpt lat="45.349625" lon="-121.705063">
				<ele>2263.422119</ele>
				<time>2026-06-02T17:20:16Z</time>
			</trkpt>
			<trkpt lat="45.349583" lon="-121.705116">
				<ele>2262.362793</ele>
				<time>2026-06-02T17:20:22Z</time>
			</trkpt>
			<trkpt lat="45.349541" lon="-121.705154">
				<ele>2261.260498</ele>
				<time>2026-06-02T17:20:27Z</time>
			</trkpt>
			<trkpt lat="45.349514" lon="-121.705208">
				<ele>2261.157227</ele>
				<time>2026-06-02T17:20:31Z</time>
			</trkpt>
			<trkpt lat="45.349514" lon="-121.705208">
				<ele>2261.157227</ele>
				<time>2026-06-02T17:20:31Z</time>
			</trkpt>
			<trkpt lat="45.349476" lon="-121.705246">
				<ele>2260.539307</ele>
				<time>2026-06-02T17:20:35Z</time>
			</trkpt>
			<trkpt lat="45.349438" lon="-121.705276">
				<ele>2260.778076</ele>
				<time>2026-06-02T17:20:39Z</time>
			</trkpt>
			<trkpt lat="45.349384" lon="-121.705292">
				<ele>2259.029297</ele>
				<time>2026-06-02T17:20:44Z</time>
			</trkpt>
			<trkpt lat="45.349342" lon="-121.705284">
				<ele>2258.28418</ele>
				<time>2026-06-02T17:20:48Z</time>
			</trkpt>
			<trkpt lat="45.349293" lon="-121.705269">
				<ele>2256.998291</ele>
				<time>2026-06-02T17:20:53Z</time>
			</trkpt>
			<trkpt lat="45.349293" lon="-121.705269">
				<ele>2256.998291</ele>
				<time>2026-06-02T17:20:53Z</time>
			</trkpt>
			<trkpt lat="45.349247" lon="-121.705254">
				<ele>2256.042236</ele>
				<time>2026-06-02T17:20:59Z</time>
			</trkpt>
			<trkpt lat="45.349201" lon="-121.705261">
				<ele>2255.402588</ele>
				<time>2026-06-02T17:21:04Z</time>
			</trkpt>
			<trkpt lat="45.349159" lon="-121.705254">
				<ele>2254.678467</ele>
				<time>2026-06-02T17:21:08Z</time>
			</trkpt>
			<trkpt lat="45.349117" lon="-121.705292">
				<ele>2252.859863</ele>
				<time>2026-06-02T17:21:13Z</time>
			</trkpt>
			<trkpt lat="45.349117" lon="-121.705292">
				<ele>2252.859863</ele>
				<time>2026-06-02T17:21:13Z</time>
			</trkpt>
			<trkpt lat="45.349068" lon="-121.705307">
				<ele>2252.469971</ele>
				<time>2026-06-02T17:21:18Z</time>
			</trkpt>
			<trkpt lat="45.349033" lon="-121.705345">
				<ele>2250.252441</ele>
				<time>2026-06-02T17:21:23Z</time>
			</trkpt>
			<trkpt lat="45.348995" lon="-121.705383">
				<ele>2248.754883</ele>
				<time>2026-06-02T17:21:29Z</time>
			</trkpt>
			<trkpt lat="45.348957" lon="-121.705414">
				<ele>2249.266113</ele>
				<time>2026-06-02T17:21:34Z</time>
			</trkpt>
			<trkpt lat="45.348957" lon="-121.705414">
				<ele>2249.266113</ele>
				<time>2026-06-02T17:21:34Z</time>
			</trkpt>
			<trkpt lat="45.348923" lon="-121.705452">
				<ele>2247.158936</ele>
				<time>2026-06-02T17:21:39Z</time>
			</trkpt>
			<trkpt lat="45.34882" lon="-121.705589">
				<ele>2244.259766</ele>
				<time>2026-06-02T17:21:55Z</time>
			</trkpt>
			<trkpt lat="45.34882" lon="-121.705589">
				<ele>2244.259766</ele>
				<time>2026-06-02T17:21:55Z</time>
			</trkpt>
			<trkpt lat="45.348789" lon="-121.705635">
				<ele>2243.338379</ele>
				<time>2026-06-02T17:22:01Z</time>
			</trkpt>
			<trkpt lat="45.348751" lon="-121.705666">
				<ele>2241.78833</ele>
				<time>2026-06-02T17:22:06Z</time>
			</trkpt>
			<trkpt lat="45.348709" lon="-121.705711">
				<ele>2240.063965</ele>
				<time>2026-06-02T17:22:11Z</time>
			</trkpt>
			<trkpt lat="45.348667" lon="-121.705711">
				<ele>2239.132813</ele>
				<time>2026-06-02T17:22:15Z</time>
			</trkpt>
			<trkpt lat="45.348667" lon="-121.705711">
				<ele>2239.132813</ele>
				<time>2026-06-02T17:22:15Z</time>
			</trkpt>
			<trkpt lat="45.348629" lon="-121.70575">
				<ele>2238.035889</ele>
				<time>2026-06-02T17:22:20Z</time>
			</trkpt>
			<trkpt lat="45.348579" lon="-121.705765">
				<ele>2235.668701</ele>
				<time>2026-06-02T17:22:25Z</time>
			</trkpt>
			<trkpt lat="45.348541" lon="-121.705788">
				<ele>2234.165771</ele>
				<time>2026-06-02T17:22:29Z</time>
			</trkpt>
			<trkpt lat="45.348495" lon="-121.705803">
				<ele>2231.80249</ele>
				<time>2026-06-02T17:22:33Z</time>
			</trkpt>
			<trkpt lat="45.348446" lon="-121.705833">
				<ele>2230.930176</ele>
				<time>2026-06-02T17:22:37Z</time>
			</trkpt>
			<trkpt lat="45.348446" lon="-121.705833">
				<ele>2230.930176</ele>
				<time>2026-06-02T17:22:37Z</time>
			</trkpt>
			<trkpt lat="45.348354" lon="-121.705887">
				<ele>2226.302734</ele>
				<time>2026-06-02T17:22:46Z</time>
			</trkpt>
			<trkpt lat="45.348305" lon="-121.70591">
				<ele>2224.796631</ele>
				<time>2026-06-02T17:22:52Z</time>
			</trkpt>
			<trkpt lat="45.348255" lon="-121.705925">
				<ele>2222.904541</ele>
				<time>2026-06-02T17:22:57Z</time>
			</trkpt>
			<trkpt lat="45.348255" lon="-121.705925">
				<ele>2222.904541</ele>
				<time>2026-06-02T17:22:57Z</time>
			</trkpt>
			<trkpt lat="45.348213" lon="-121.705948">
				<ele>2222.666016</ele>
				<time>2026-06-02T17:23:02Z</time>
			</trkpt>
			<trkpt lat="45.34816" lon="-121.705956">
				<ele>2219.977783</ele>
				<time>2026-06-02T17:23:09Z</time>
			</trkpt>
			<trkpt lat="45.348122" lon="-121.705986">
				<ele>2220.137207</ele>
				<time>2026-06-02T17:23:15Z</time>
			</trkpt>
			<trkpt lat="45.348072" lon="-121.706001">
				<ele>2218.790283</ele>
				<time>2026-06-02T17:23:23Z</time>
			</trkpt>
			<trkpt lat="45.348072" lon="-121.706001">
				<ele>2218.790283</ele>
				<time>2026-06-02T17:23:23Z</time>
			</trkpt>
			<trkpt lat="45.34803" lon="-121.706024">
				<ele>2217.4646</ele>
				<time>2026-06-02T17:23:33Z</time>
			</trkpt>
			<trkpt lat="45.34798" lon="-121.706039">
				<ele>2215.468506</ele>
				<time>2026-06-02T17:23:38Z</time>
			</trkpt>
			<trkpt lat="45.347942" lon="-121.706062">
				<ele>2214.455078</ele>
				<time>2026-06-02T17:23:43Z</time>
			</trkpt>
			<trkpt lat="45.347942" lon="-121.706062">
				<ele>2214.455078</ele>
				<time>2026-06-02T17:23:43Z</time>
			</trkpt>
			<trkpt lat="45.347893" lon="-121.706078">
				<ele>2212.467285</ele>
				<time>2026-06-02T17:23:48Z</time>
			</trkpt>
			<trkpt lat="45.347847" lon="-121.706078">
				<ele>2210.764404</ele>
				<time>2026-06-02T17:23:53Z</time>
			</trkpt>
			<trkpt lat="45.347805" lon="-121.70607">
				<ele>2209.715576</ele>
				<time>2026-06-02T17:23:57Z</time>
			</trkpt>
			<trkpt lat="45.347771" lon="-121.706108">
				<ele>2207.470947</ele>
				<time>2026-06-02T17:24:01Z</time>
			</trkpt>
			<trkpt lat="45.347717" lon="-121.706108">
				<ele>2205.407715</ele>
				<time>2026-06-02T17:24:04Z</time>
			</trkpt>
			<trkpt lat="45.347717" lon="-121.706108">
				<ele>2205.407715</ele>
				<time>2026-06-02T17:24:04Z</time>
			</trkpt>
			<trkpt lat="45.347668" lon="-121.7061">
				<ele>2202.663574</ele>
				<time>2026-06-02T17:24:09Z</time>
			</trkpt>
			<trkpt lat="45.347607" lon="-121.706108">
				<ele>2200.941406</ele>
				<time>2026-06-02T17:24:14Z</time>
			</trkpt>
			<trkpt lat="45.347557" lon="-121.706085">
				<ele>2198.793945</ele>
				<time>2026-06-02T17:24:18Z</time>
			</trkpt>
			<trkpt lat="45.347504" lon="-121.706108">
				<ele>2197.983643</ele>
				<time>2026-06-02T17:24:22Z</time>
			</trkpt>
			<trkpt lat="45.34745" lon="-121.706093">
				<ele>2197.537354</ele>
				<time>2026-06-02T17:24:26Z</time>
			</trkpt>
			<trkpt lat="45.34745" lon="-121.706093">
				<ele>2197.537354</ele>
				<time>2026-06-02T17:24:26Z</time>
			</trkpt>
			<trkpt lat="45.347408" lon="-121.706116">
				<ele>2196.695068</ele>
				<time>2026-06-02T17:24:30Z</time>
			</trkpt>
			<trkpt lat="45.347363" lon="-121.706131">
				<ele>2195.477051</ele>
				<time>2026-06-02T17:24:35Z</time>
			</trkpt>
			<trkpt lat="45.347321" lon="-121.706131">
				<ele>2193.031738</ele>
				<time>2026-06-02T17:24:39Z</time>
			</trkpt>
			<trkpt lat="45.347286" lon="-121.706177">
				<ele>2192.288574</ele>
				<time>2026-06-02T17:24:44Z</time>
			</trkpt>
			<trkpt lat="45.34724" lon="-121.706184">
				<ele>2190.546143</ele>
				<time>2026-06-02T17:24:48Z</time>
			</trkpt>
			<trkpt lat="45.34724" lon="-121.706184">
				<ele>2190.546143</ele>
				<time>2026-06-02T17:24:48Z</time>
			</trkpt>
			<trkpt lat="45.347195" lon="-121.706192">
				<ele>2189.365479</ele>
				<time>2026-06-02T17:24:52Z</time>
			</trkpt>
			<trkpt lat="45.347149" lon="-121.706192">
				<ele>2189.099365</ele>
				<time>2026-06-02T17:24:56Z</time>
			</trkpt>
			<trkpt lat="45.347103" lon="-121.706207">
				<ele>2187.230713</ele>
				<time>2026-06-02T17:25:00Z</time>
			</trkpt>
			<trkpt lat="45.347061" lon="-121.706207">
				<ele>2186.246338</ele>
				<time>2026-06-02T17:25:05Z</time>
			</trkpt>
			<trkpt lat="45.347019" lon="-121.706215">
				<ele>2185.376221</ele>
				<time>2026-06-02T17:25:09Z</time>
			</trkpt>
			<trkpt lat="45.347019" lon="-121.706215">
				<ele>2185.376221</ele>
				<time>2026-06-02T17:25:09Z</time>
			</trkpt>
			<trkpt lat="45.346977" lon="-121.706223">
				<ele>2183.057373</ele>
				<time>2026-06-02T17:25:13Z</time>
			</trkpt>
			<trkpt lat="45.346935" lon="-121.706253">
				<ele>2181.992432</ele>
				<time>2026-06-02T17:25:17Z</time>
			</trkpt>
			<trkpt lat="45.346889" lon="-121.706253">
				<ele>2180.7229</ele>
				<time>2026-06-02T17:25:21Z</time>
			</trkpt>
			<trkpt lat="45.346844" lon="-121.706284">
				<ele>2179.798828</ele>
				<time>2026-06-02T17:25:26Z</time>
			</trkpt>
			<trkpt lat="45.346794" lon="-121.706284">
				<ele>2178.133545</ele>
				<time>2026-06-02T17:25:32Z</time>
			</trkpt>
			<trkpt lat="45.346794" lon="-121.706284">
				<ele>2178.133545</ele>
				<time>2026-06-02T17:25:32Z</time>
			</trkpt>
			<trkpt lat="45.346745" lon="-121.706299">
				<ele>2177.939453</ele>
				<time>2026-06-02T17:25:37Z</time>
			</trkpt>
			<trkpt lat="45.346703" lon="-121.706306">
				<ele>2176.686768</ele>
				<time>2026-06-02T17:25:41Z</time>
			</trkpt>
			<trkpt lat="45.346653" lon="-121.706314">
				<ele>2174.673096</ele>
				<time>2026-06-02T17:25:46Z</time>
			</trkpt>
			<trkpt lat="45.346607" lon="-121.706337">
				<ele>2174.208984</ele>
				<time>2026-06-02T17:25:50Z</time>
			</trkpt>
			<trkpt lat="45.346558" lon="-121.706345">
				<ele>2169.931885</ele>
				<time>2026-06-02T17:25:56Z</time>
			</trkpt>
			<trkpt lat="45.346558" lon="-121.706345">
				<ele>2169.931885</ele>
				<time>2026-06-02T17:25:56Z</time>
			</trkpt>
			<trkpt lat="45.346516" lon="-121.706352">
				<ele>2167.76709</ele>
				<time>2026-06-02T17:26:02Z</time>
			</trkpt>
			<trkpt lat="45.346466" lon="-121.706367">
				<ele>2166.344482</ele>
				<time>2026-06-02T17:26:07Z</time>
			</trkpt>
			<trkpt lat="45.346424" lon="-121.706406">
				<ele>2165.889404</ele>
				<time>2026-06-02T17:26:12Z</time>
			</trkpt>
			<trkpt lat="45.346382" lon="-121.706421">
				<ele>2165.176514</ele>
				<time>2026-06-02T17:26:16Z</time>
			</trkpt>
			<trkpt lat="45.346382" lon="-121.706421">
				<ele>2165.176514</ele>
				<time>2026-06-02T17:26:16Z</time>
			</trkpt>
			<trkpt lat="45.34634" lon="-121.706436">
				<ele>2165.114502</ele>
				<time>2026-06-02T17:26:20Z</time>
			</trkpt>
			<trkpt lat="45.346298" lon="-121.706451">
				<ele>2163.578613</ele>
				<time>2026-06-02T17:26:24Z</time>
			</trkpt>
			<trkpt lat="45.346256" lon="-121.706474">
				<ele>2162.551758</ele>
				<time>2026-06-02T17:26:28Z</time>
			</trkpt>
			<trkpt lat="45.34621" lon="-121.706459">
				<ele>2160.239746</ele>
				<time>2026-06-02T17:26:33Z</time>
			</trkpt>
			<trkpt lat="45.346165" lon="-121.706474">
				<ele>2158.601563</ele>
				<time>2026-06-02T17:26:37Z</time>
			</trkpt>
			<trkpt lat="45.346165" lon="-121.706474">
				<ele>2158.601563</ele>
				<time>2026-06-02T17:26:37Z</time>
			</trkpt>
			<trkpt lat="45.346115" lon="-121.70649">
				<ele>2156.508301</ele>
				<time>2026-06-02T17:26:43Z</time>
			</trkpt>
			<trkpt lat="45.346062" lon="-121.70649">
				<ele>2154.897949</ele>
				<time>2026-06-02T17:26:48Z</time>
			</trkpt>
			<trkpt lat="45.34602" lon="-121.706512">
				<ele>2153.46167</ele>
				<time>2026-06-02T17:26:52Z</time>
			</trkpt>
			<trkpt lat="45.345978" lon="-121.706512">
				<ele>2153.026855</ele>
				<time>2026-06-02T17:26:57Z</time>
			</trkpt>
			<trkpt lat="45.345978" lon="-121.706512">
				<ele>2153.026855</ele>
				<time>2026-06-02T17:26:57Z</time>
			</trkpt>
			<trkpt lat="45.345928" lon="-121.706528">
				<ele>2150.961426</ele>
				<time>2026-06-02T17:27:03Z</time>
			</trkpt>
			<trkpt lat="45.345886" lon="-121.706551">
				<ele>2150.380859</ele>
				<time>2026-06-02T17:27:08Z</time>
			</trkpt>
			<trkpt lat="45.345837" lon="-121.706558">
				<ele>2147.459717</ele>
				<time>2026-06-02T17:27:14Z</time>
			</trkpt>
			<trkpt lat="45.345787" lon="-121.706573">
				<ele>2146.895508</ele>
				<time>2026-06-02T17:27:19Z</time>
			</trkpt>
			<trkpt lat="45.345787" lon="-121.706573">
				<ele>2146.895508</ele>
				<time>2026-06-02T17:27:19Z</time>
			</trkpt>
			<trkpt lat="45.345741" lon="-121.706581">
				<ele>2145.316895</ele>
				<time>2026-06-02T17:27:25Z</time>
			</trkpt>
			<trkpt lat="45.345695" lon="-121.706581">
				<ele>2144.332764</ele>
				<time>2026-06-02T17:27:30Z</time>
			</trkpt>
			<trkpt lat="45.34565" lon="-121.706589">
				<ele>2142.410645</ele>
				<time>2026-06-02T17:27:35Z</time>
			</trkpt>
			<trkpt lat="45.345604" lon="-121.706604">
				<ele>2141.000732</ele>
				<time>2026-06-02T17:27:39Z</time>
			</trkpt>
			<trkpt lat="45.345604" lon="-121.706604">
				<ele>2141.000732</ele>
				<time>2026-06-02T17:27:39Z</time>
			</trkpt>
			<trkpt lat="45.345566" lon="-121.706627">
				<ele>2140.50708</ele>
				<time>2026-06-02T17:27:43Z</time>
			</trkpt>
			<trkpt lat="45.345516" lon="-121.706642">
				<ele>2139.901855</ele>
				<time>2026-06-02T17:27:49Z</time>
			</trkpt>
			<trkpt lat="45.34547" lon="-121.70665">
				<ele>2137.563721</ele>
				<time>2026-06-02T17:27:57Z</time>
			</trkpt>
			<trkpt lat="45.345421" lon="-121.706665">
				<ele>2135.685791</ele>
				<time>2026-06-02T17:28:03Z</time>
			</trkpt>
			<trkpt lat="45.345421" lon="-121.706665">
				<ele>2135.685791</ele>
				<time>2026-06-02T17:28:03Z</time>
			</trkpt>
			<trkpt lat="45.345375" lon="-121.706688">
				<ele>2134.868652</ele>
				<time>2026-06-02T17:28:08Z</time>
			</trkpt>
			<trkpt lat="45.345341" lon="-121.706688">
				<ele>2132.052002</ele>
				<time>2026-06-02T17:28:10Z</time>
			</trkpt>
			<trkpt lat="45.345291" lon="-121.706711">
				<ele>2133.864258</ele>
				<time>2026-06-02T17:28:42Z</time>
			</trkpt>
			<trkpt lat="45.345291" lon="-121.706711">
				<ele>2133.864258</ele>
				<time>2026-06-02T17:28:42Z</time>
			</trkpt>
			<trkpt lat="45.345245" lon="-121.706718">
				<ele>2131.577393</ele>
				<time>2026-06-02T17:28:48Z</time>
			</trkpt>
			<trkpt lat="45.345203" lon="-121.706696">
				<ele>2129.686523</ele>
				<time>2026-06-02T17:28:52Z</time>
			</trkpt>
			<trkpt lat="45.345158" lon="-121.706696">
				<ele>2129.263184</ele>
				<time>2026-06-02T17:28:57Z</time>
			</trkpt>
			<trkpt lat="45.345116" lon="-121.706703">
				<ele>2127.808594</ele>
				<time>2026-06-02T17:29:02Z</time>
			</trkpt>
			<trkpt lat="45.345116" lon="-121.706703">
				<ele>2127.808594</ele>
				<time>2026-06-02T17:29:02Z</time>
			</trkpt>
			<trkpt lat="45.34507" lon="-121.706703">
				<ele>2126.666504</ele>
				<time>2026-06-02T17:29:07Z</time>
			</trkpt>
			<trkpt lat="45.345028" lon="-121.706711">
				<ele>2124.334229</ele>
				<time>2026-06-02T17:29:11Z</time>
			</trkpt>
			<trkpt lat="45.344978" lon="-121.706703">
				<ele>2122.182617</ele>
				<time>2026-06-02T17:29:17Z</time>
			</trkpt>
			<trkpt lat="45.34494" lon="-121.706726">
				<ele>2122.290283</ele>
				<time>2026-06-02T17:29:21Z</time>
			</trkpt>
			<trkpt lat="45.34494" lon="-121.706726">
				<ele>2122.290283</ele>
				<time>2026-06-02T17:29:21Z</time>
			</trkpt>
			<trkpt lat="45.344894" lon="-121.706726">
				<ele>2121.722656</ele>
				<time>2026-06-02T17:29:24Z</time>
			</trkpt>
			<trkpt lat="45.344849" lon="-121.706741">
				<ele>2121.347412</ele>
				<time>2026-06-02T17:29:27Z</time>
			</trkpt>
			<trkpt lat="45.344807" lon="-121.706734">
				<ele>2118.541748</ele>
				<time>2026-06-02T17:29:32Z</time>
			</trkpt>
			<trkpt lat="45.344761" lon="-121.706749">
				<ele>2117.315674</ele>
				<time>2026-06-02T17:29:37Z</time>
			</trkpt>
			<trkpt lat="45.344711" lon="-121.706749">
				<ele>2115.473633</ele>
				<time>2026-06-02T17:29:42Z</time>
			</trkpt>
			<trkpt lat="45.344711" lon="-121.706749">
				<ele>2115.473633</ele>
				<time>2026-06-02T17:29:42Z</time>
			</trkpt>
			<trkpt lat="45.344666" lon="-121.706779">
				<ele>2114.755615</ele>
				<time>2026-06-02T17:29:47Z</time>
			</trkpt>
			<trkpt lat="45.34462" lon="-121.706787">
				<ele>2113.064209</ele>
				<time>2026-06-02T17:29:52Z</time>
			</trkpt>
			<trkpt lat="45.34457" lon="-121.706795">
				<ele>2111.935059</ele>
				<time>2026-06-02T17:29:57Z</time>
			</trkpt>
			<trkpt lat="45.344517" lon="-121.706787">
				<ele>2110.283447</ele>
				<time>2026-06-02T17:30:02Z</time>
			</trkpt>
			<trkpt lat="45.344517" lon="-121.706787">
				<ele>2110.283447</ele>
				<time>2026-06-02T17:30:02Z</time>
			</trkpt>
			<trkpt lat="45.344471" lon="-121.70681">
				<ele>2109.296875</ele>
				<time>2026-06-02T17:30:07Z</time>
			</trkpt>
			<trkpt lat="45.344421" lon="-121.706818">
				<ele>2107.421387</ele>
				<time>2026-06-02T17:30:11Z</time>
			</trkpt>
			<trkpt lat="45.344376" lon="-121.706833">
				<ele>2107.427734</ele>
				<time>2026-06-02T17:30:16Z</time>
			</trkpt>
			<trkpt lat="45.344322" lon="-121.706848">
				<ele>2106.276855</ele>
				<time>2026-06-02T17:30:22Z</time>
			</trkpt>
			<trkpt lat="45.344322" lon="-121.706848">
				<ele>2106.276855</ele>
				<time>2026-06-02T17:30:22Z</time>
			</trkpt>
			<trkpt lat="45.34428" lon="-121.706863">
				<ele>2105.787842</ele>
				<time>2026-06-02T17:30:26Z</time>
			</trkpt>
			<trkpt lat="45.344231" lon="-121.706886">
				<ele>2105.360596</ele>
				<time>2026-06-02T17:30:32Z</time>
			</trkpt>
			<trkpt lat="45.344189" lon="-121.706909">
				<ele>2104.071045</ele>
				<time>2026-06-02T17:30:36Z</time>
			</trkpt>
			<trkpt lat="45.344147" lon="-121.706924">
				<ele>2101.619629</ele>
				<time>2026-06-02T17:30:41Z</time>
			</trkpt>
			<trkpt lat="45.344147" lon="-121.706924">
				<ele>2101.619629</ele>
				<time>2026-06-02T17:30:41Z</time>
			</trkpt>
			<trkpt lat="45.344097" lon="-121.706955">
				<ele>2100.809814</ele>
				<time>2026-06-02T17:30:46Z</time>
			</trkpt>
			<trkpt lat="45.344055" lon="-121.706963">
				<ele>2099.753174</ele>
				<time>2026-06-02T17:30:51Z</time>
			</trkpt>
			<trkpt lat="45.344013" lon="-121.70697">
				<ele>2099.148438</ele>
				<time>2026-06-02T17:30:56Z</time>
			</trkpt>
			<trkpt lat="45.343967" lon="-121.706978">
				<ele>2096.892822</ele>
				<time>2026-06-02T17:31:01Z</time>
			</trkpt>
			<trkpt lat="45.343967" lon="-121.706978">
				<ele>2096.892822</ele>
				<time>2026-06-02T17:31:01Z</time>
			</trkpt>
			<trkpt lat="45.343868" lon="-121.706993">
				<ele>2094.721191</ele>
				<time>2026-06-02T17:31:12Z</time>
			</trkpt>
			<trkpt lat="45.343815" lon="-121.706993">
				<ele>2093.164795</ele>
				<time>2026-06-02T17:31:17Z</time>
			</trkpt>
			<trkpt lat="45.343769" lon="-121.707008">
				<ele>2091.394043</ele>
				<time>2026-06-02T17:31:22Z</time>
			</trkpt>
			<trkpt lat="45.343769" lon="-121.707008">
				<ele>2091.394043</ele>
				<time>2026-06-02T17:31:22Z</time>
			</trkpt>
			<trkpt lat="45.343727" lon="-121.707016">
				<ele>2090.980957</ele>
				<time>2026-06-02T17:31:26Z</time>
			</trkpt>
			<trkpt lat="45.343632" lon="-121.707047">
				<ele>2087.979004</ele>
				<time>2026-06-02T17:31:36Z</time>
			</trkpt>
			<trkpt lat="45.343586" lon="-121.707054">
				<ele>2086.595215</ele>
				<time>2026-06-02T17:31:40Z</time>
			</trkpt>
			<trkpt lat="45.34354" lon="-121.707047">
				<ele>2084.79834</ele>
				<time>2026-06-02T17:31:45Z</time>
			</trkpt>
			<trkpt lat="45.34354" lon="-121.707047">
				<ele>2084.79834</ele>
				<time>2026-06-02T17:31:45Z</time>
			</trkpt>
			<trkpt lat="45.343494" lon="-121.707062">
				<ele>2084.894043</ele>
				<time>2026-06-02T17:31:49Z</time>
			</trkpt>
			<trkpt lat="45.343449" lon="-121.707085">
				<ele>2084.81543</ele>
				<time>2026-06-02T17:31:54Z</time>
			</trkpt>
			<trkpt lat="45.343391" lon="-121.7071">
				<ele>2084.12915</ele>
				<time>2026-06-02T17:31:59Z</time>
			</trkpt>
			<trkpt lat="45.343346" lon="-121.707108">
				<ele>2082.507813</ele>
				<time>2026-06-02T17:32:04Z</time>
			</trkpt>
			<trkpt lat="45.343346" lon="-121.707108">
				<ele>2082.507813</ele>
				<time>2026-06-02T17:32:04Z</time>
			</trkpt>
			<trkpt lat="45.3433" lon="-121.707115">
				<ele>2080.070313</ele>
				<time>2026-06-02T17:32:09Z</time>
			</trkpt>
			<trkpt lat="45.343254" lon="-121.707123">
				<ele>2079.52002</ele>
				<time>2026-06-02T17:32:14Z</time>
			</trkpt>
			<trkpt lat="45.343212" lon="-121.70713">
				<ele>2078.193115</ele>
				<time>2026-06-02T17:32:18Z</time>
			</trkpt>
			<trkpt lat="45.34317" lon="-121.707146">
				<ele>2076.16626</ele>
				<time>2026-06-02T17:32:23Z</time>
			</trkpt>
			<trkpt lat="45.34317" lon="-121.707146">
				<ele>2076.16626</ele>
				<time>2026-06-02T17:32:23Z</time>
			</trkpt>
			<trkpt lat="45.343124" lon="-121.707161">
				<ele>2074.172852</ele>
				<time>2026-06-02T17:32:27Z</time>
			</trkpt>
			<trkpt lat="45.343082" lon="-121.707184">
				<ele>2073.138428</ele>
				<time>2026-06-02T17:32:31Z</time>
			</trkpt>
			<trkpt lat="45.343029" lon="-121.707191">
				<ele>2071.752197</ele>
				<time>2026-06-02T17:32:36Z</time>
			</trkpt>
			<trkpt lat="45.342987" lon="-121.707199">
				<ele>2070.855225</ele>
				<time>2026-06-02T17:32:40Z</time>
			</trkpt>
			<trkpt lat="45.342941" lon="-121.707191">
				<ele>2069.627441</ele>
				<time>2026-06-02T17:32:44Z</time>
			</trkpt>
			<trkpt lat="45.342941" lon="-121.707191">
				<ele>2069.627441</ele>
				<time>2026-06-02T17:32:44Z</time>
			</trkpt>
			<trkpt lat="45.342899" lon="-121.707214">
				<ele>2068.977539</ele>
				<time>2026-06-02T17:32:48Z</time>
			</trkpt>
			<trkpt lat="45.34285" lon="-121.707214">
				<ele>2067.839844</ele>
				<time>2026-06-02T17:32:52Z</time>
			</trkpt>
			<trkpt lat="45.342808" lon="-121.707237">
				<ele>2068.039063</ele>
				<time>2026-06-02T17:32:56Z</time>
			</trkpt>
			<trkpt lat="45.342762" lon="-121.707245">
				<ele>2066.528076</ele>
				<time>2026-06-02T17:33:01Z</time>
			</trkpt>
			<trkpt lat="45.342716" lon="-121.707253">
				<ele>2063.868896</ele>
				<time>2026-06-02T17:33:09Z</time>
			</trkpt>
			<trkpt lat="45.342716" lon="-121.707253">
				<ele>2063.868896</ele>
				<time>2026-06-02T17:33:09Z</time>
			</trkpt>
			<trkpt lat="45.342667" lon="-121.707268">
				<ele>2061.754395</ele>
				<time>2026-06-02T17:33:15Z</time>
			</trkpt>
			<trkpt lat="45.342621" lon="-121.707275">
				<ele>2061.102783</ele>
				<time>2026-06-02T17:33:19Z</time>
			</trkpt>
			<trkpt lat="45.342575" lon="-121.707298">
				<ele>2058.975342</ele>
				<time>2026-06-02T17:33:24Z</time>
			</trkpt>
			<trkpt lat="45.342522" lon="-121.707329">
				<ele>2059.371094</ele>
				<time>2026-06-02T17:33:29Z</time>
			</trkpt>
			<trkpt lat="45.342522" lon="-121.707329">
				<ele>2059.371094</ele>
				<time>2026-06-02T17:33:29Z</time>
			</trkpt>
			<trkpt lat="45.342476" lon="-121.707329">
				<ele>2055.489014</ele>
				<time>2026-06-02T17:33:34Z</time>
			</trkpt>
			<trkpt lat="45.34243" lon="-121.707336">
				<ele>2053.087891</ele>
				<time>2026-06-02T17:33:40Z</time>
			</trkpt>
			<trkpt lat="45.342384" lon="-121.707336">
				<ele>2051.749756</ele>
				<time>2026-06-02T17:33:44Z</time>
			</trkpt>
			<trkpt lat="45.342331" lon="-121.707352">
				<ele>2051.411133</ele>
				<time>2026-06-02T17:33:49Z</time>
			</trkpt>
			<trkpt lat="45.342331" lon="-121.707352">
				<ele>2051.411133</ele>
				<time>2026-06-02T17:33:49Z</time>
			</trkpt>
			<trkpt lat="45.342278" lon="-121.707367">
				<ele>2049.449219</ele>
				<time>2026-06-02T17:33:56Z</time>
			</trkpt>
			<trkpt lat="45.342228" lon="-121.707367">
				<ele>2048.277588</ele>
				<time>2026-06-02T17:34:01Z</time>
			</trkpt>
			<trkpt lat="45.342182" lon="-121.707375">
				<ele>2046.432739</ele>
				<time>2026-06-02T17:34:06Z</time>
			</trkpt>
			<trkpt lat="45.342136" lon="-121.707397">
				<ele>2044.359131</ele>
				<time>2026-06-02T17:34:12Z</time>
			</trkpt>
			<trkpt lat="45.342136" lon="-121.707397">
				<ele>2044.359131</ele>
				<time>2026-06-02T17:34:12Z</time>
			</trkpt>
			<trkpt lat="45.342091" lon="-121.707413">
				<ele>2044.49292</ele>
				<time>2026-06-02T17:34:17Z</time>
			</trkpt>
			<trkpt lat="45.342049" lon="-121.707413">
				<ele>2043.19165</ele>
				<time>2026-06-02T17:34:21Z</time>
			</trkpt>
			<trkpt lat="45.342007" lon="-121.707436">
				<ele>2042.727783</ele>
				<time>2026-06-02T17:34:25Z</time>
			</trkpt>
			<trkpt lat="45.341961" lon="-121.707458">
				<ele>2041.238647</ele>
				<time>2026-06-02T17:34:29Z</time>
			</trkpt>
			<trkpt lat="45.341911" lon="-121.707466">
				<ele>2039.910889</ele>
				<time>2026-06-02T17:34:34Z</time>
			</trkpt>
			<trkpt lat="45.341911" lon="-121.707466">
				<ele>2039.910889</ele>
				<time>2026-06-02T17:34:34Z</time>
			</trkpt>
			<trkpt lat="45.341866" lon="-121.707474">
				<ele>2037.680054</ele>
				<time>2026-06-02T17:34:39Z</time>
			</trkpt>
			<trkpt lat="45.341816" lon="-121.707504">
				<ele>2036.218262</ele>
				<time>2026-06-02T17:34:44Z</time>
			</trkpt>
			<trkpt lat="45.341766" lon="-121.707504">
				<ele>2034.355347</ele>
				<time>2026-06-02T17:34:49Z</time>
			</trkpt>
			<trkpt lat="45.341721" lon="-121.70752">
				<ele>2033.848145</ele>
				<time>2026-06-02T17:34:54Z</time>
			</trkpt>
			<trkpt lat="45.341721" lon="-121.70752">
				<ele>2033.848145</ele>
				<time>2026-06-02T17:34:54Z</time>
			</trkpt>
			<trkpt lat="45.341679" lon="-121.707558">
				<ele>2031.253784</ele>
				<time>2026-06-02T17:34:59Z</time>
			</trkpt>
			<trkpt lat="45.341633" lon="-121.707565">
				<ele>2029.836426</ele>
				<time>2026-06-02T17:35:04Z</time>
			</trkpt>
			<trkpt lat="45.341583" lon="-121.707565">
				<ele>2027.808105</ele>
				<time>2026-06-02T17:35:09Z</time>
			</trkpt>
			<trkpt lat="45.34153" lon="-121.707581">
				<ele>2026.303345</ele>
				<time>2026-06-02T17:35:14Z</time>
			</trkpt>
			<trkpt lat="45.34153" lon="-121.707581">
				<ele>2026.303345</ele>
				<time>2026-06-02T17:35:14Z</time>
			</trkpt>
			<trkpt lat="45.341476" lon="-121.707581">
				<ele>2025.324097</ele>
				<time>2026-06-02T17:35:19Z</time>
			</trkpt>
			<trkpt lat="45.341434" lon="-121.707626">
				<ele>2024.326538</ele>
				<time>2026-06-02T17:35:23Z</time>
			</trkpt>
			<trkpt lat="45.341385" lon="-121.707634">
				<ele>2022.924683</ele>
				<time>2026-06-02T17:35:28Z</time>
			</trkpt>
			<trkpt lat="45.341343" lon="-121.707657">
				<ele>2021.973389</ele>
				<time>2026-06-02T17:35:33Z</time>
			</trkpt>
			<trkpt lat="45.341343" lon="-121.707657">
				<ele>2021.973389</ele>
				<time>2026-06-02T17:35:33Z</time>
			</trkpt>
			<trkpt lat="45.341305" lon="-121.707687">
				<ele>2021.842407</ele>
				<time>2026-06-02T17:35:37Z</time>
			</trkpt>
			<trkpt lat="45.341259" lon="-121.707718">
				<ele>2019.954468</ele>
				<time>2026-06-02T17:35:42Z</time>
			</trkpt>
			<trkpt lat="45.341171" lon="-121.707748">
				<ele>2017.543701</ele>
				<time>2026-06-02T17:35:51Z</time>
			</trkpt>
			<trkpt lat="45.341129" lon="-121.707779">
				<ele>2015.50769</ele>
				<time>2026-06-02T17:35:56Z</time>
			</trkpt>
			<trkpt lat="45.341129" lon="-121.707779">
				<ele>2015.50769</ele>
				<time>2026-06-02T17:35:56Z</time>
			</trkpt>
			<trkpt lat="45.341091" lon="-121.707802">
				<ele>2014.786133</ele>
				<time>2026-06-02T17:36:00Z</time>
			</trkpt>
			<trkpt lat="45.341049" lon="-121.707832">
				<ele>2012.734253</ele>
				<time>2026-06-02T17:36:04Z</time>
			</trkpt>
			<trkpt lat="45.341011" lon="-121.707878">
				<ele>2013.305054</ele>
				<time>2026-06-02T17:36:09Z</time>
			</trkpt>
			<trkpt lat="45.340927" lon="-121.707924">
				<ele>2010.589111</ele>
				<time>2026-06-02T17:36:16Z</time>
			</trkpt>
			<trkpt lat="45.340927" lon="-121.707924">
				<ele>2010.589111</ele>
				<time>2026-06-02T17:36:16Z</time>
			</trkpt>
			<trkpt lat="45.340881" lon="-121.70797">
				<ele>2010.087402</ele>
				<time>2026-06-02T17:36:21Z</time>
			</trkpt>
			<trkpt lat="45.340836" lon="-121.708">
				<ele>2008.941162</ele>
				<time>2026-06-02T17:36:26Z</time>
			</trkpt>
			<trkpt lat="45.340794" lon="-121.708023">
				<ele>2007.481323</ele>
				<time>2026-06-02T17:36:31Z</time>
			</trkpt>
			<trkpt lat="45.340752" lon="-121.708038">
				<ele>2006.412231</ele>
				<time>2026-06-02T17:36:36Z</time>
			</trkpt>
			<trkpt lat="45.340752" lon="-121.708038">
				<ele>2006.412231</ele>
				<time>2026-06-02T17:36:36Z</time>
			</trkpt>
			<trkpt lat="45.34071" lon="-121.708061">
				<ele>2005.085449</ele>
				<time>2026-06-02T17:36:41Z</time>
			</trkpt>
			<trkpt lat="45.340656" lon="-121.708076">
				<ele>2005.310547</ele>
				<time>2026-06-02T17:36:45Z</time>
			</trkpt>
			<trkpt lat="45.340614" lon="-121.708107">
				<ele>2003.033569</ele>
				<time>2026-06-02T17:36:50Z</time>
			</trkpt>
			<trkpt lat="45.340569" lon="-121.708122">
				<ele>2001.503052</ele>
				<time>2026-06-02T17:36:54Z</time>
			</trkpt>
			<trkpt lat="45.34053" lon="-121.708153">
				<ele>1999.956665</ele>
				<time>2026-06-02T17:36:59Z</time>
			</trkpt>
			<trkpt lat="45.34053" lon="-121.708153">
				<ele>1999.956665</ele>
				<time>2026-06-02T17:36:59Z</time>
			</trkpt>
			<trkpt lat="45.340488" lon="-121.708183">
				<ele>1999.050537</ele>
				<time>2026-06-02T17:37:02Z</time>
			</trkpt>
			<trkpt lat="45.340435" lon="-121.708191">
				<ele>1997.672852</ele>
				<time>2026-06-02T17:37:08Z</time>
			</trkpt>
			<trkpt lat="45.340389" lon="-121.708199">
				<ele>1996.178955</ele>
				<time>2026-06-02T17:37:12Z</time>
			</trkpt>
			<trkpt lat="45.340332" lon="-121.708206">
				<ele>1995.043701</ele>
				<time>2026-06-02T17:37:17Z</time>
			</trkpt>
			<trkpt lat="45.340286" lon="-121.708229">
				<ele>1994.473633</ele>
				<time>2026-06-02T17:37:22Z</time>
			</trkpt>
			<trkpt lat="45.340286" lon="-121.708229">
				<ele>1994.473633</ele>
				<time>2026-06-02T17:37:22Z</time>
			</trkpt>
			<trkpt lat="45.340237" lon="-121.708229">
				<ele>1994.254639</ele>
				<time>2026-06-02T17:37:26Z</time>
			</trkpt>
			<trkpt lat="45.340141" lon="-121.708199">
				<ele>1991.031128</ele>
				<time>2026-06-02T17:37:36Z</time>
			</trkpt>
			<trkpt lat="45.340092" lon="-121.708191">
				<ele>1990.745239</ele>
				<time>2026-06-02T17:37:41Z</time>
			</trkpt>
			<trkpt lat="45.340092" lon="-121.708191">
				<ele>1990.745239</ele>
				<time>2026-06-02T17:37:41Z</time>
			</trkpt>
			<trkpt lat="45.34005" lon="-121.708176">
				<ele>1988.214478</ele>
				<time>2026-06-02T17:37:45Z</time>
			</trkpt>
			<trkpt lat="45.340004" lon="-121.70816">
				<ele>1986.961914</ele>
				<time>2026-06-02T17:37:49Z</time>
			</trkpt>
			<trkpt lat="45.339962" lon="-121.70813">
				<ele>1986.113281</ele>
				<time>2026-06-02T17:37:53Z</time>
			</trkpt>
			<trkpt lat="45.339909" lon="-121.708107">
				<ele>1984.835449</ele>
				<time>2026-06-02T17:37:58Z</time>
			</trkpt>
			<trkpt lat="45.339859" lon="-121.708107">
				<ele>1984.435791</ele>
				<time>2026-06-02T17:38:03Z</time>
			</trkpt>
			<trkpt lat="45.339859" lon="-121.708107">
				<ele>1984.435791</ele>
				<time>2026-06-02T17:38:03Z</time>
			</trkpt>
			<trkpt lat="45.339813" lon="-121.708107">
				<ele>1985.200928</ele>
				<time>2026-06-02T17:38:07Z</time>
			</trkpt>
			<trkpt lat="45.339779" lon="-121.708069">
				<ele>1983.540161</ele>
				<time>2026-06-02T17:38:12Z</time>
			</trkpt>
			<trkpt lat="45.339737" lon="-121.708054">
				<ele>1981.638184</ele>
				<time>2026-06-02T17:38:17Z</time>
			</trkpt>
			<trkpt lat="45.339684" lon="-121.708038">
				<ele>1980.737305</ele>
				<time>2026-06-02T17:38:22Z</time>
			</trkpt>
			<trkpt lat="45.339684" lon="-121.708038">
				<ele>1980.737305</ele>
				<time>2026-06-02T17:38:22Z</time>
			</trkpt>
			<trkpt lat="45.339642" lon="-121.708023">
				<ele>1980.469482</ele>
				<time>2026-06-02T17:38:26Z</time>
			</trkpt>
			<trkpt lat="45.339596" lon="-121.708">
				<ele>1976.718628</ele>
				<time>2026-06-02T17:38:31Z</time>
			</trkpt>
			<trkpt lat="45.339542" lon="-121.707985">
				<ele>1976.203003</ele>
				<time>2026-06-02T17:38:36Z</time>
			</trkpt>
			<trkpt lat="45.3395" lon="-121.707977">
				<ele>1975.005493</ele>
				<time>2026-06-02T17:38:40Z</time>
			</trkpt>
			<trkpt lat="45.339451" lon="-121.707962">
				<ele>1971.359863</ele>
				<time>2026-06-02T17:38:45Z</time>
			</trkpt>
			<trkpt lat="45.339451" lon="-121.707962">
				<ele>1971.359863</ele>
				<time>2026-06-02T17:38:45Z</time>
			</trkpt>
			<trkpt lat="45.339405" lon="-121.707939">
				<ele>1971.492432</ele>
				<time>2026-06-02T17:38:49Z</time>
			</trkpt>
			<trkpt lat="45.339352" lon="-121.707939">
				<ele>1969.18457</ele>
				<time>2026-06-02T17:38:54Z</time>
			</trkpt>
			<trkpt lat="45.339302" lon="-121.707932">
				<ele>1969.92395</ele>
				<time>2026-06-02T17:38:58Z</time>
			</trkpt>
			<trkpt lat="45.339249" lon="-121.707939">
				<ele>1968.915283</ele>
				<time>2026-06-02T17:39:03Z</time>
			</trkpt>
			<trkpt lat="45.339203" lon="-121.707947">
				<ele>1965.323853</ele>
				<time>2026-06-02T17:39:07Z</time>
			</trkpt>
			<trkpt lat="45.339203" lon="-121.707947">
				<ele>1965.323853</ele>
				<time>2026-06-02T17:39:07Z</time>
			</trkpt>
			<trkpt lat="45.339157" lon="-121.707939">
				<ele>1964.985962</ele>
				<time>2026-06-02T17:39:11Z</time>
			</trkpt>
			<trkpt lat="45.339115" lon="-121.707962">
				<ele>1964.127808</ele>
				<time>2026-06-02T17:39:16Z</time>
			</trkpt>
			<trkpt lat="45.339066" lon="-121.707962">
				<ele>1963.042969</ele>
				<time>2026-06-02T17:39:20Z</time>
			</trkpt>
			<trkpt lat="45.339024" lon="-121.707947">
				<ele>1963.282227</ele>
				<time>2026-06-02T17:39:24Z</time>
			</trkpt>
			<trkpt lat="45.338982" lon="-121.707916">
				<ele>1959.957275</ele>
				<time>2026-06-02T17:39:29Z</time>
			</trkpt>
			<trkpt lat="45.338982" lon="-121.707916">
				<ele>1959.957275</ele>
				<time>2026-06-02T17:39:29Z</time>
			</trkpt>
			<trkpt lat="45.33894" lon="-121.707901">
				<ele>1959.377563</ele>
				<time>2026-06-02T17:39:32Z</time>
			</trkpt>
			<trkpt lat="45.338894" lon="-121.707893">
				<ele>1959.690918</ele>
				<time>2026-06-02T17:39:36Z</time>
			</trkpt>
			<trkpt lat="45.338848" lon="-121.707878">
				<ele>1959.127075</ele>
				<time>2026-06-02T17:39:40Z</time>
			</trkpt>
			<trkpt lat="45.338791" lon="-121.707893">
				<ele>1957.549561</ele>
				<time>2026-06-02T17:39:45Z</time>
			</trkpt>
			<trkpt lat="45.338745" lon="-121.707901">
				<ele>1955.672729</ele>
				<time>2026-06-02T17:39:49Z</time>
			</trkpt>
			<trkpt lat="45.338745" lon="-121.707901">
				<ele>1955.672729</ele>
				<time>2026-06-02T17:39:49Z</time>
			</trkpt>
			<trkpt lat="45.338692" lon="-121.707893">
				<ele>1954.291748</ele>
				<time>2026-06-02T17:39:54Z</time>
			</trkpt>
			<trkpt lat="45.338634" lon="-121.707901">
				<ele>1952.312866</ele>
				<time>2026-06-02T17:40:00Z</time>
			</trkpt>
			<trkpt lat="45.338589" lon="-121.707893">
				<ele>1952.112671</ele>
				<time>2026-06-02T17:40:04Z</time>
			</trkpt>
			<trkpt lat="45.338539" lon="-121.707893">
				<ele>1951.483765</ele>
				<time>2026-06-02T17:40:08Z</time>
			</trkpt>
			<trkpt lat="45.338539" lon="-121.707893">
				<ele>1951.483765</ele>
				<time>2026-06-02T17:40:08Z</time>
			</trkpt>
			<trkpt lat="45.33849" lon="-121.707901">
				<ele>1949.908569</ele>
				<time>2026-06-02T17:40:12Z</time>
			</trkpt>
			<trkpt lat="45.33844" lon="-121.707893">
				<ele>1948.240234</ele>
				<time>2026-06-02T17:40:16Z</time>
			</trkpt>
			<trkpt lat="45.338394" lon="-121.707909">
				<ele>1949.584717</ele>
				<time>2026-06-02T17:40:20Z</time>
			</trkpt>
			<trkpt lat="45.338337" lon="-121.707916">
				<ele>1946.679565</ele>
				<time>2026-06-02T17:40:25Z</time>
			</trkpt>
			<trkpt lat="45.338287" lon="-121.707916">
				<ele>1945.098633</ele>
				<time>2026-06-02T17:40:30Z</time>
			</trkpt>
			<trkpt lat="45.338287" lon="-121.707916">
				<ele>1945.098633</ele>
				<time>2026-06-02T17:40:30Z</time>
			</trkpt>
			<trkpt lat="45.338245" lon="-121.707939">
				<ele>1945.303345</ele>
				<time>2026-06-02T17:40:34Z</time>
			</trkpt>
			<trkpt lat="45.3382" lon="-121.707932">
				<ele>1943.548218</ele>
				<time>2026-06-02T17:40:39Z</time>
			</trkpt>
			<trkpt lat="45.33815" lon="-121.707947">
				<ele>1942.015137</ele>
				<time>2026-06-02T17:40:43Z</time>
			</trkpt>
			<trkpt lat="45.338093" lon="-121.707939">
				<ele>1940.802734</ele>
				<time>2026-06-02T17:40:48Z</time>
			</trkpt>
			<trkpt lat="45.338055" lon="-121.707977">
				<ele>1939.365845</ele>
				<time>2026-06-02T17:40:52Z</time>
			</trkpt>
			<trkpt lat="45.338055" lon="-121.707977">
				<ele>1939.365845</ele>
				<time>2026-06-02T17:40:52Z</time>
			</trkpt>
			<trkpt lat="45.338005" lon="-121.708">
				<ele>1937.711182</ele>
				<time>2026-06-02T17:40:57Z</time>
			</trkpt>
			<trkpt lat="45.337955" lon="-121.708046">
				<ele>1937.228271</ele>
				<time>2026-06-02T17:41:02Z</time>
			</trkpt>
			<trkpt lat="45.337898" lon="-121.708031">
				<ele>1935.944702</ele>
				<time>2026-06-02T17:41:07Z</time>
			</trkpt>
			<trkpt lat="45.337852" lon="-121.708038">
				<ele>1934.052612</ele>
				<time>2026-06-02T17:41:10Z</time>
			</trkpt>
			<trkpt lat="45.337807" lon="-121.708046">
				<ele>1932.892334</ele>
				<time>2026-06-02T17:41:14Z</time>
			</trkpt>
			<trkpt lat="45.337807" lon="-121.708046">
				<ele>1932.892334</ele>
				<time>2026-06-02T17:41:14Z</time>
			</trkpt>
			<trkpt lat="45.337753" lon="-121.708069">
				<ele>1932.076782</ele>
				<time>2026-06-02T17:41:19Z</time>
			</trkpt>
			<trkpt lat="45.337708" lon="-121.708092">
				<ele>1931.066406</ele>
				<time>2026-06-02T17:41:24Z</time>
			</trkpt>
			<trkpt lat="45.33765" lon="-121.708107">
				<ele>1930.484741</ele>
				<time>2026-06-02T17:41:30Z</time>
			</trkpt>
			<trkpt lat="45.337616" lon="-121.708145">
				<ele>1928.57373</ele>
				<time>2026-06-02T17:41:36Z</time>
			</trkpt>
			<trkpt lat="45.337616" lon="-121.708145">
				<ele>1928.57373</ele>
				<time>2026-06-02T17:41:36Z</time>
			</trkpt>
			<trkpt lat="45.337566" lon="-121.708176">
				<ele>1927.838013</ele>
				<time>2026-06-02T17:41:40Z</time>
			</trkpt>
			<trkpt lat="45.337524" lon="-121.708206">
				<ele>1926.629272</ele>
				<time>2026-06-02T17:41:44Z</time>
			</trkpt>
			<trkpt lat="45.337479" lon="-121.708221">
				<ele>1925.234131</ele>
				<time>2026-06-02T17:41:48Z</time>
			</trkpt>
			<trkpt lat="45.337437" lon="-121.708252">
				<ele>1924.533691</ele>
				<time>2026-06-02T17:41:53Z</time>
			</trkpt>
			<trkpt lat="45.337391" lon="-121.708267">
				<ele>1922.181885</ele>
				<time>2026-06-02T17:41:57Z</time>
			</trkpt>
			<trkpt lat="45.337391" lon="-121.708267">
				<ele>1922.181885</ele>
				<time>2026-06-02T17:41:57Z</time>
			</trkpt>
			<trkpt lat="45.337341" lon="-121.708298">
				<ele>1921.363281</ele>
				<time>2026-06-02T17:42:02Z</time>
			</trkpt>
			<trkpt lat="45.337299" lon="-121.708321">
				<ele>1921.590576</ele>
				<time>2026-06-02T17:42:06Z</time>
			</trkpt>
			<trkpt lat="45.337254" lon="-121.708351">
				<ele>1920.769653</ele>
				<time>2026-06-02T17:42:10Z</time>
			</trkpt>
			<trkpt lat="45.337204" lon="-121.708366">
				<ele>1920.998779</ele>
				<time>2026-06-02T17:42:15Z</time>
			</trkpt>
			<trkpt lat="45.337166" lon="-121.708405">
				<ele>1920.917969</ele>
				<time>2026-06-02T17:42:19Z</time>
			</trkpt>
			<trkpt lat="45.337166" lon="-121.708405">
				<ele>1920.917969</ele>
				<time>2026-06-02T17:42:19Z</time>
			</trkpt>
			<trkpt lat="45.337124" lon="-121.708435">
				<ele>1919.86084</ele>
				<time>2026-06-02T17:42:24Z</time>
			</trkpt>
			<trkpt lat="45.337082" lon="-121.708466">
				<ele>1917.11731</ele>
				<time>2026-06-02T17:42:30Z</time>
			</trkpt>
			<trkpt lat="45.337044" lon="-121.708496">
				<ele>1917.811035</ele>
				<time>2026-06-02T17:42:34Z</time>
			</trkpt>
			<trkpt lat="45.337002" lon="-121.708527">
				<ele>1916.116455</ele>
				<time>2026-06-02T17:42:39Z</time>
			</trkpt>
			<trkpt lat="45.337002" lon="-121.708527">
				<ele>1916.116455</ele>
				<time>2026-06-02T17:42:39Z</time>
			</trkpt>
			<trkpt lat="45.336956" lon="-121.708542">
				<ele>1916.679077</ele>
				<time>2026-06-02T17:42:43Z</time>
			</trkpt>
			<trkpt lat="45.33691" lon="-121.708557">
				<ele>1915.054321</ele>
				<time>2026-06-02T17:42:47Z</time>
			</trkpt>
			<trkpt lat="45.336861" lon="-121.708588">
				<ele>1914.98999</ele>
				<time>2026-06-02T17:42:52Z</time>
			</trkpt>
			<trkpt lat="45.336819" lon="-121.708633">
				<ele>1913.927612</ele>
				<time>2026-06-02T17:42:57Z</time>
			</trkpt>
			<trkpt lat="45.336781" lon="-121.708672">
				<ele>1910.316284</ele>
				<time>2026-06-02T17:43:02Z</time>
			</trkpt>
			<trkpt lat="45.336781" lon="-121.708672">
				<ele>1910.316284</ele>
				<time>2026-06-02T17:43:02Z</time>
			</trkpt>
			<trkpt lat="45.33675" lon="-121.708717">
				<ele>1910.10144</ele>
				<time>2026-06-02T17:43:06Z</time>
			</trkpt>
			<trkpt lat="45.336704" lon="-121.708771">
				<ele>1910.362183</ele>
				<time>2026-06-02T17:43:10Z</time>
			</trkpt>
			<trkpt lat="45.336666" lon="-121.708801">
				<ele>1909.136353</ele>
				<time>2026-06-02T17:43:14Z</time>
			</trkpt>
			<trkpt lat="45.336628" lon="-121.708847">
				<ele>1908.948608</ele>
				<time>2026-06-02T17:43:18Z</time>
			</trkpt>
			<trkpt lat="45.33659" lon="-121.708878">
				<ele>1910.12915</ele>
				<time>2026-06-02T17:43:23Z</time>
			</trkpt>
			<trkpt lat="45.33659" lon="-121.708878">
				<ele>1910.12915</ele>
				<time>2026-06-02T17:43:23Z</time>
			</trkpt>
			<trkpt lat="45.33651" lon="-121.708961">
				<ele>1907.163818</ele>
				<time>2026-06-02T17:43:31Z</time>
			</trkpt>
			<trkpt lat="45.336452" lon="-121.708992">
				<ele>1907.810303</ele>
				<time>2026-06-02T17:43:37Z</time>
			</trkpt>
			<trkpt lat="45.336407" lon="-121.709015">
				<ele>1906.070557</ele>
				<time>2026-06-02T17:43:42Z</time>
			</trkpt>
			<trkpt lat="45.336407" lon="-121.709015">
				<ele>1906.070557</ele>
				<time>2026-06-02T17:43:42Z</time>
			</trkpt>
			<trkpt lat="45.336369" lon="-121.709045">
				<ele>1904.345581</ele>
				<time>2026-06-02T17:43:46Z</time>
			</trkpt>
			<trkpt lat="45.336327" lon="-121.709068">
				<ele>1904.748535</ele>
				<time>2026-06-02T17:43:50Z</time>
			</trkpt>
			<trkpt lat="45.336285" lon="-121.709114">
				<ele>1904.102417</ele>
				<time>2026-06-02T17:43:56Z</time>
			</trkpt>
			<trkpt lat="45.336239" lon="-121.709137">
				<ele>1903.953125</ele>
				<time>2026-06-02T17:44:01Z</time>
			</trkpt>
			<trkpt lat="45.336239" lon="-121.709137">
				<ele>1903.953125</ele>
				<time>2026-06-02T17:44:01Z</time>
			</trkpt>
			<trkpt lat="45.336205" lon="-121.709183">
				<ele>1902.32605</ele>
				<time>2026-06-02T17:44:05Z</time>
			</trkpt>
			<trkpt lat="45.336151" lon="-121.709183">
				<ele>1899.717285</ele>
				<time>2026-06-02T17:44:10Z</time>
			</trkpt>
			<trkpt lat="45.336128" lon="-121.709122">
				<ele>1898.730591</ele>
				<time>2026-06-02T17:44:14Z</time>
			</trkpt>
			<trkpt lat="45.336136" lon="-121.709045">
				<ele>1897.109863</ele>
				<time>2026-06-02T17:44:19Z</time>
			</trkpt>
			<trkpt lat="45.336094" lon="-121.709">
				<ele>1895.318481</ele>
				<time>2026-06-02T17:44:24Z</time>
			</trkpt>
			<trkpt lat="45.336094" lon="-121.709">
				<ele>1895.318481</ele>
				<time>2026-06-02T17:44:24Z</time>
			</trkpt>
			<trkpt lat="45.336048" lon="-121.709">
				<ele>1892.834351</ele>
				<time>2026-06-02T17:44:29Z</time>
			</trkpt>
			<trkpt lat="45.33601" lon="-121.709038">
				<ele>1891.525391</ele>
				<time>2026-06-02T17:44:33Z</time>
			</trkpt>
			<trkpt lat="45.33596" lon="-121.709061">
				<ele>1892.665894</ele>
				<time>2026-06-02T17:44:37Z</time>
			</trkpt>
			<trkpt lat="45.335911" lon="-121.709084">
				<ele>1890.395142</ele>
				<time>2026-06-02T17:44:41Z</time>
			</trkpt>
			<trkpt lat="45.335869" lon="-121.709114">
				<ele>1890.640503</ele>
				<time>2026-06-02T17:44:45Z</time>
			</trkpt>
			<trkpt lat="45.335869" lon="-121.709114">
				<ele>1890.640503</ele>
				<time>2026-06-02T17:44:45Z</time>
			</trkpt>
			<trkpt lat="45.335819" lon="-121.709145">
				<ele>1888.977417</ele>
				<time>2026-06-02T17:44:50Z</time>
			</trkpt>
			<trkpt lat="45.33577" lon="-121.70916">
				<ele>1887.861084</ele>
				<time>2026-06-02T17:44:55Z</time>
			</trkpt>
			<trkpt lat="45.335724" lon="-121.70919">
				<ele>1886.401733</ele>
				<time>2026-06-02T17:45:00Z</time>
			</trkpt>
			<trkpt lat="45.335674" lon="-121.709206">
				<ele>1886.019897</ele>
				<time>2026-06-02T17:45:05Z</time>
			</trkpt>
			<trkpt lat="45.335674" lon="-121.709206">
				<ele>1886.019897</ele>
				<time>2026-06-02T17:45:05Z</time>
			</trkpt>
			<trkpt lat="45.335636" lon="-121.709229">
				<ele>1885.505737</ele>
				<time>2026-06-02T17:45:09Z</time>
			</trkpt>
			<trkpt lat="45.335579" lon="-121.709236">
				<ele>1883.03064</ele>
				<time>2026-06-02T17:45:14Z</time>
			</trkpt>
			<trkpt lat="45.335537" lon="-121.709236">
				<ele>1883.578125</ele>
				<time>2026-06-02T17:45:18Z</time>
			</trkpt>
			<trkpt lat="45.335487" lon="-121.709229">
				<ele>1881.786255</ele>
				<time>2026-06-02T17:45:23Z</time>
			</trkpt>
			<trkpt lat="45.335438" lon="-121.709244">
				<ele>1880.499268</ele>
				<time>2026-06-02T17:45:28Z</time>
			</trkpt>
			<trkpt lat="45.335438" lon="-121.709244">
				<ele>1880.499268</ele>
				<time>2026-06-02T17:45:28Z</time>
			</trkpt>
			<trkpt lat="45.335396" lon="-121.709229">
				<ele>1878.693359</ele>
				<time>2026-06-02T17:45:32Z</time>
			</trkpt>
			<trkpt lat="45.33535" lon="-121.709236">
				<ele>1877.422607</ele>
				<time>2026-06-02T17:46:15Z</time>
			</trkpt>
			<trkpt lat="45.33535" lon="-121.709236">
				<ele>1877.422607</ele>
				<time>2026-06-02T17:46:15Z</time>
			</trkpt>
			<trkpt lat="45.335308" lon="-121.709221">
				<ele>1876.280273</ele>
				<time>2026-06-02T17:46:22Z</time>
			</trkpt>
			<trkpt lat="45.335266" lon="-121.70919">
				<ele>1874.831055</ele>
				<time>2026-06-02T17:46:28Z</time>
			</trkpt>
			<trkpt lat="45.335228" lon="-121.709152">
				<ele>1873.532593</ele>
				<time>2026-06-02T17:46:33Z</time>
			</trkpt>
			<trkpt lat="45.335186" lon="-121.709129">
				<ele>1874.250854</ele>
				<time>2026-06-02T17:46:38Z</time>
			</trkpt>
			<trkpt lat="45.335186" lon="-121.709129">
				<ele>1874.250854</ele>
				<time>2026-06-02T17:46:38Z</time>
			</trkpt>
			<trkpt lat="45.335148" lon="-121.709084">
				<ele>1872.605957</ele>
				<time>2026-06-02T17:46:43Z</time>
			</trkpt>
			<trkpt lat="45.335094" lon="-121.709076">
				<ele>1870.131836</ele>
				<time>2026-06-02T17:46:47Z</time>
			</trkpt>
			<trkpt lat="45.335049" lon="-121.709084">
				<ele>1868.228027</ele>
				<time>2026-06-02T17:46:51Z</time>
			</trkpt>
			<trkpt lat="45.334999" lon="-121.709106">
				<ele>1868.181763</ele>
				<time>2026-06-02T17:46:56Z</time>
			</trkpt>
			<trkpt lat="45.334965" lon="-121.709145">
				<ele>1868.460083</ele>
				<time>2026-06-02T17:47:01Z</time>
			</trkpt>
			<trkpt lat="45.334965" lon="-121.709145">
				<ele>1868.460083</ele>
				<time>2026-06-02T17:47:01Z</time>
			</trkpt>
			<trkpt lat="45.334915" lon="-121.709183">
				<ele>1866.716675</ele>
				<time>2026-06-02T17:47:06Z</time>
			</trkpt>
			<trkpt lat="45.334866" lon="-121.70919">
				<ele>1866.63855</ele>
				<time>2026-06-02T17:47:11Z</time>
			</trkpt>
			<trkpt lat="45.334812" lon="-121.709221">
				<ele>1866.41394</ele>
				<time>2026-06-02T17:47:15Z</time>
			</trkpt>
			<trkpt lat="45.334766" lon="-121.709236">
				<ele>1865.603271</ele>
				<time>2026-06-02T17:47:19Z</time>
			</trkpt>
			<trkpt lat="45.334717" lon="-121.709236">
				<ele>1864.382202</ele>
				<time>2026-06-02T17:47:23Z</time>
			</trkpt>
			<trkpt lat="45.334717" lon="-121.709236">
				<ele>1864.382202</ele>
				<time>2026-06-02T17:47:23Z</time>
			</trkpt>
			<trkpt lat="45.334675" lon="-121.709251">
				<ele>1865.307007</ele>
				<time>2026-06-02T17:47:27Z</time>
			</trkpt>
			<trkpt lat="45.334629" lon="-121.709274">
				<ele>1863.436768</ele>
				<time>2026-06-02T17:47:31Z</time>
			</trkpt>
			<trkpt lat="45.334579" lon="-121.709274">
				<ele>1861.909546</ele>
				<time>2026-06-02T17:47:36Z</time>
			</trkpt>
			<trkpt lat="45.33453" lon="-121.709274">
				<ele>1861.982788</ele>
				<time>2026-06-02T17:47:40Z</time>
			</trkpt>
			<trkpt lat="45.334484" lon="-121.709259">
				<ele>1860.399536</ele>
				<time>2026-06-02T17:47:44Z</time>
			</trkpt>
			<trkpt lat="45.334484" lon="-121.709259">
				<ele>1860.399536</ele>
				<time>2026-06-02T17:47:44Z</time>
			</trkpt>
			<trkpt lat="45.334435" lon="-121.709274">
				<ele>1860.394775</ele>
				<time>2026-06-02T17:47:49Z</time>
			</trkpt>
			<trkpt lat="45.334389" lon="-121.709282">
				<ele>1860.418091</ele>
				<time>2026-06-02T17:47:53Z</time>
			</trkpt>
			<trkpt lat="45.334339" lon="-121.709274">
				<ele>1859.161499</ele>
				<time>2026-06-02T17:47:58Z</time>
			</trkpt>
			<trkpt lat="45.33429" lon="-121.709259">
				<ele>1858.383789</ele>
				<time>2026-06-02T17:48:03Z</time>
			</trkpt>
			<trkpt lat="45.33429" lon="-121.709259">
				<ele>1858.383789</ele>
				<time>2026-06-02T17:48:03Z</time>
			</trkpt>
			<trkpt lat="45.33424" lon="-121.709251">
				<ele>1857.805664</ele>
				<time>2026-06-02T17:48:08Z</time>
			</trkpt>
			<trkpt lat="45.334198" lon="-121.709221">
				<ele>1856.694824</ele>
				<time>2026-06-02T17:48:12Z</time>
			</trkpt>
			<trkpt lat="45.334156" lon="-121.709213">
				<ele>1855.72583</ele>
				<time>2026-06-02T17:48:16Z</time>
			</trkpt>
			<trkpt lat="45.334114" lon="-121.709183">
				<ele>1853.929932</ele>
				<time>2026-06-02T17:48:20Z</time>
			</trkpt>
			<trkpt lat="45.334076" lon="-121.709137">
				<ele>1853.39978</ele>
				<time>2026-06-02T17:48:24Z</time>
			</trkpt>
			<trkpt lat="45.334076" lon="-121.709137">
				<ele>1853.39978</ele>
				<time>2026-06-02T17:48:24Z</time>
			</trkpt>
			<trkpt lat="45.334064" lon="-121.709076">
				<ele>1849.515381</ele>
				<time>2026-06-02T17:48:28Z</time>
			</trkpt>
			<trkpt lat="45.334045" lon="-121.709015">
				<ele>1848.474365</ele>
				<time>2026-06-02T17:48:32Z</time>
			</trkpt>
			<trkpt lat="45.33403" lon="-121.708946">
				<ele>1849.80188</ele>
				<time>2026-06-02T17:48:36Z</time>
			</trkpt>
			<trkpt lat="45.33403" lon="-121.708885">
				<ele>1848.162842</ele>
				<time>2026-06-02T17:48:40Z</time>
			</trkpt>
			<trkpt lat="45.334011" lon="-121.708832">
				<ele>1847.170532</ele>
				<time>2026-06-02T17:48:44Z</time>
			</trkpt>
			<trkpt lat="45.334011" lon="-121.708832">
				<ele>1847.170532</ele>
				<time>2026-06-02T17:48:44Z</time>
			</trkpt>
			<trkpt lat="45.333977" lon="-121.708771">
				<ele>1845.777344</ele>
				<time>2026-06-02T17:48:49Z</time>
			</trkpt>
			<trkpt lat="45.333939" lon="-121.708733">
				<ele>1844.304688</ele>
				<time>2026-06-02T17:48:54Z</time>
			</trkpt>
			<trkpt lat="45.333893" lon="-121.708717">
				<ele>1842.619263</ele>
				<time>2026-06-02T17:48:58Z</time>
			</trkpt>
			<trkpt lat="45.333847" lon="-121.708733">
				<ele>1842.187866</ele>
				<time>2026-06-02T17:49:03Z</time>
			</trkpt>
			<trkpt lat="45.333847" lon="-121.708733">
				<ele>1842.187866</ele>
				<time>2026-06-02T17:49:03Z</time>
			</trkpt>
			<trkpt lat="45.333801" lon="-121.70874">
				<ele>1841.587158</ele>
				<time>2026-06-02T17:49:07Z</time>
			</trkpt>
			<trkpt lat="45.333759" lon="-121.708763">
				<ele>1839.477295</ele>
				<time>2026-06-02T17:49:12Z</time>
			</trkpt>
			<trkpt lat="45.333717" lon="-121.708786">
				<ele>1839.117065</ele>
				<time>2026-06-02T17:49:16Z</time>
			</trkpt>
			<trkpt lat="45.333668" lon="-121.708817">
				<ele>1837.264526</ele>
				<time>2026-06-02T17:49:20Z</time>
			</trkpt>
			<trkpt lat="45.333611" lon="-121.708824">
				<ele>1836.521606</ele>
				<time>2026-06-02T17:49:25Z</time>
			</trkpt>
			<trkpt lat="45.333611" lon="-121.708824">
				<ele>1836.521606</ele>
				<time>2026-06-02T17:49:25Z</time>
			</trkpt>
			<trkpt lat="45.333561" lon="-121.708839">
				<ele>1834.947144</ele>
				<time>2026-06-02T17:49:29Z</time>
			</trkpt>
			<trkpt lat="45.333515" lon="-121.708832">
				<ele>1834.783813</ele>
				<time>2026-06-02T17:49:33Z</time>
			</trkpt>
			<trkpt lat="45.333466" lon="-121.708832">
				<ele>1834.983765</ele>
				<time>2026-06-02T17:49:38Z</time>
			</trkpt>
			<trkpt lat="45.333427" lon="-121.708794">
				<ele>1834.145386</ele>
				<time>2026-06-02T17:49:42Z</time>
			</trkpt>
			<trkpt lat="45.333378" lon="-121.708778">
				<ele>1832.533569</ele>
				<time>2026-06-02T17:49:48Z</time>
			</trkpt>
			<trkpt lat="45.333378" lon="-121.708778">
				<ele>1832.533569</ele>
				<time>2026-06-02T17:49:48Z</time>
			</trkpt>
			<trkpt lat="45.333328" lon="-121.708748">
				<ele>1830.445801</ele>
				<time>2026-06-02T17:49:53Z</time>
			</trkpt>
			<trkpt lat="45.33329" lon="-121.708725">
				<ele>1829.962158</ele>
				<time>2026-06-02T17:49:57Z</time>
			</trkpt>
			<trkpt lat="45.333241" lon="-121.708725">
				<ele>1828.328735</ele>
				<time>2026-06-02T17:50:02Z</time>
			</trkpt>
			<trkpt lat="45.333191" lon="-121.708717">
				<ele>1827.746826</ele>
				<time>2026-06-02T17:50:06Z</time>
			</trkpt>
			<trkpt lat="45.333138" lon="-121.708717">
				<ele>1826.751709</ele>
				<time>2026-06-02T17:50:11Z</time>
			</trkpt>
			<trkpt lat="45.333138" lon="-121.708717">
				<ele>1826.751709</ele>
				<time>2026-06-02T17:50:11Z</time>
			</trkpt>
			<trkpt lat="45.333088" lon="-121.708725">
				<ele>1826.004028</ele>
				<time>2026-06-02T17:50:16Z</time>
			</trkpt>
			<trkpt lat="45.333038" lon="-121.708725">
				<ele>1826.906372</ele>
				<time>2026-06-02T17:50:21Z</time>
			</trkpt>
			<trkpt lat="45.332996" lon="-121.708733">
				<ele>1826.129761</ele>
				<time>2026-06-02T17:50:24Z</time>
			</trkpt>
			<trkpt lat="45.332951" lon="-121.708748">
				<ele>1824.605835</ele>
				<time>2026-06-02T17:50:28Z</time>
			</trkpt>
			<trkpt lat="45.332905" lon="-121.708748">
				<ele>1824.127563</ele>
				<time>2026-06-02T17:50:32Z</time>
			</trkpt>
			<trkpt lat="45.332905" lon="-121.708748">
				<ele>1824.127563</ele>
				<time>2026-06-02T17:50:32Z</time>
			</trkpt>
			<trkpt lat="45.332863" lon="-121.708755">
				<ele>1822.227783</ele>
				<time>2026-06-02T17:50:36Z</time>
			</trkpt>
			<trkpt lat="45.332817" lon="-121.708755">
				<ele>1822.666016</ele>
				<time>2026-06-02T17:50:40Z</time>
			</trkpt>
			<trkpt lat="45.332779" lon="-121.708786">
				<ele>1820.470337</ele>
				<time>2026-06-02T17:50:44Z</time>
			</trkpt>
			<trkpt lat="45.332733" lon="-121.708778">
				<ele>1820.707886</ele>
				<time>2026-06-02T17:50:48Z</time>
			</trkpt>
			<trkpt lat="45.332687" lon="-121.708794">
				<ele>1820.640503</ele>
				<time>2026-06-02T17:50:52Z</time>
			</trkpt>
			<trkpt lat="45.332687" lon="-121.708794">
				<ele>1820.640503</ele>
				<time>2026-06-02T17:50:52Z</time>
			</trkpt>
			<trkpt lat="45.332638" lon="-121.708801">
				<ele>1819.795044</ele>
				<time>2026-06-02T17:50:56Z</time>
			</trkpt>
			<trkpt lat="45.332588" lon="-121.708817">
				<ele>1819.247803</ele>
				<time>2026-06-02T17:51:00Z</time>
			</trkpt>
			<trkpt lat="45.332542" lon="-121.708824">
				<ele>1818.604614</ele>
				<time>2026-06-02T17:51:04Z</time>
			</trkpt>
			<trkpt lat="45.332497" lon="-121.708855">
				<ele>1817.348267</ele>
				<time>2026-06-02T17:51:08Z</time>
			</trkpt>
			<trkpt lat="45.332455" lon="-121.70887">
				<ele>1817.027466</ele>
				<time>2026-06-02T17:51:12Z</time>
			</trkpt>
			<trkpt lat="45.332455" lon="-121.70887">
				<ele>1817.027466</ele>
				<time>2026-06-02T17:51:12Z</time>
			</trkpt>
			<trkpt lat="45.332409" lon="-121.7089">
				<ele>1816.099487</ele>
				<time>2026-06-02T17:51:17Z</time>
			</trkpt>
			<trkpt lat="45.332363" lon="-121.708908">
				<ele>1817.657104</ele>
				<time>2026-06-02T17:51:21Z</time>
			</trkpt>
			<trkpt lat="45.332272" lon="-121.708931">
				<ele>1814.222778</ele>
				<time>2026-06-02T17:51:29Z</time>
			</trkpt>
			<trkpt lat="45.332222" lon="-121.708923">
				<ele>1812.459961</ele>
				<time>2026-06-02T17:51:33Z</time>
			</trkpt>
			<trkpt lat="45.332222" lon="-121.708923">
				<ele>1812.459961</ele>
				<time>2026-06-02T17:51:33Z</time>
			</trkpt>
			<trkpt lat="45.33218" lon="-121.708916">
				<ele>1812.394897</ele>
				<time>2026-06-02T17:51:37Z</time>
			</trkpt>
			<trkpt lat="45.332134" lon="-121.7089">
				<ele>1810.872559</ele>
				<time>2026-06-02T17:51:41Z</time>
			</trkpt>
			<trkpt lat="45.332088" lon="-121.708885">
				<ele>1809.978027</ele>
				<time>2026-06-02T17:51:45Z</time>
			</trkpt>
			<trkpt lat="45.332035" lon="-121.708878">
				<ele>1809.151123</ele>
				<time>2026-06-02T17:51:50Z</time>
			</trkpt>
			<trkpt lat="45.331997" lon="-121.708855">
				<ele>1808.092041</ele>
				<time>2026-06-02T17:51:54Z</time>
			</trkpt>
			<trkpt lat="45.331997" lon="-121.708855">
				<ele>1808.092041</ele>
				<time>2026-06-02T17:51:54Z</time>
			</trkpt>
			<trkpt lat="45.331951" lon="-121.708817">
				<ele>1807.348145</ele>
				<time>2026-06-02T17:52:00Z</time>
			</trkpt>
			<trkpt lat="45.331921" lon="-121.708771">
				<ele>1806.117065</ele>
				<time>2026-06-02T17:52:05Z</time>
			</trkpt>
			<trkpt lat="45.331879" lon="-121.70874">
				<ele>1805.574463</ele>
				<time>2026-06-02T17:52:11Z</time>
			</trkpt>
			<trkpt lat="45.331856" lon="-121.708694">
				<ele>1805.284058</ele>
				<time>2026-06-02T17:52:19Z</time>
			</trkpt>
			<trkpt lat="45.331856" lon="-121.708694">
				<ele>1805.284058</ele>
				<time>2026-06-02T17:52:19Z</time>
			</trkpt>
			<trkpt lat="45.331833" lon="-121.708633">
				<ele>1804.715454</ele>
				<time>2026-06-02T17:52:24Z</time>
			</trkpt>
			<trkpt lat="45.331779" lon="-121.708519">
				<ele>1803.343384</ele>
				<time>2026-06-02T17:52:34Z</time>
			</trkpt>
			<trkpt lat="45.331753" lon="-121.708473">
				<ele>1801.93811</ele>
				<time>2026-06-02T17:52:39Z</time>
			</trkpt>
			<trkpt lat="45.331753" lon="-121.708473">
				<ele>1801.93811</ele>
				<time>2026-06-02T17:52:39Z</time>
			</trkpt>
			<trkpt lat="45.331711" lon="-121.708435">
				<ele>1799.55481</ele>
				<time>2026-06-02T17:52:43Z</time>
			</trkpt>
			<trkpt lat="45.331665" lon="-121.708412">
				<ele>1799.031128</ele>
				<time>2026-06-02T17:52:47Z</time>
			</trkpt>
			<trkpt lat="45.331623" lon="-121.708389">
				<ele>1799.620605</ele>
				<time>2026-06-02T17:52:51Z</time>
			</trkpt>
			<trkpt lat="45.331577" lon="-121.708374">
				<ele>1799.776978</ele>
				<time>2026-06-02T17:52:55Z</time>
			</trkpt>
			<trkpt lat="45.331543" lon="-121.708328">
				<ele>1800.050659</ele>
				<time>2026-06-02T17:53:01Z</time>
			</trkpt>
			<trkpt lat="45.331543" lon="-121.708328">
				<ele>1800.050659</ele>
				<time>2026-06-02T17:53:01Z</time>
			</trkpt>
			<trkpt lat="45.331551" lon="-121.708267">
				<ele>1799.285645</ele>
				<time>2026-06-02T17:53:14Z</time>
			</trkpt>
			<trkpt lat="45.331566" lon="-121.708199">
				<ele>1799.480957</ele>
				<time>2026-06-02T17:53:17Z</time>
			</trkpt>
			<trkpt lat="45.331593" lon="-121.708122">
				<ele>1798.956787</ele>
				<time>2026-06-02T17:53:20Z</time>
			</trkpt>
			<trkpt lat="45.331593" lon="-121.708122">
				<ele>1798.956787</ele>
				<time>2026-06-02T17:53:20Z</time>
			</trkpt>
			<trkpt lat="45.331566" lon="-121.708069">
				<ele>1797.659302</ele>
				<time>2026-06-02T17:53:23Z</time>
			</trkpt>
			<trkpt lat="45.331532" lon="-121.708023">
				<ele>1795.793945</ele>
				<time>2026-06-02T17:53:28Z</time>
			</trkpt>
			<trkpt lat="45.331501" lon="-121.70797">
				<ele>1792.994019</ele>
				<time>2026-06-02T17:53:34Z</time>
			</trkpt>
			<trkpt lat="45.331474" lon="-121.707916">
				<ele>1791.998413</ele>
				<time>2026-06-02T17:53:36Z</time>
			</trkpt>
			<trkpt lat="45.331459" lon="-121.707848">
				<ele>1792.207886</ele>
				<time>2026-06-02T17:53:40Z</time>
			</trkpt>
			<trkpt lat="45.331459" lon="-121.707848">
				<ele>1792.207886</ele>
				<time>2026-06-02T17:53:40Z</time>
			</trkpt>
			<trkpt lat="45.331535" lon="-121.707787">
				<ele>1789.895752</ele>
				<time>2026-06-02T17:53:49Z</time>
			</trkpt>
			<trkpt lat="45.331596" lon="-121.707695">
				<ele>1790.46228</ele>
				<time>2026-06-02T17:53:58Z</time>
			</trkpt>
			<trkpt lat="45.331631" lon="-121.707634">
				<ele>1790.780029</ele>
				<time>2026-06-02T17:54:03Z</time>
			</trkpt>
			<trkpt lat="45.331631" lon="-121.707634">
				<ele>1790.780029</ele>
				<time>2026-06-02T17:54:03Z</time>
			</trkpt>
			<trkpt lat="45.331665" lon="-121.707581">
				<ele>1790.917114</ele>
				<time>2026-06-02T17:54:08Z</time>
			</trkpt>
			<trkpt lat="45.331703" lon="-121.707527">
				<ele>1790.936401</ele>
				<time>2026-06-02T17:54:13Z</time>
			</trkpt>
			<trkpt lat="45.331745" lon="-121.707497">
				<ele>1791.075928</ele>
				<time>2026-06-02T17:54:18Z</time>
			</trkpt>
			<trkpt lat="45.331783" lon="-121.707466">
				<ele>1791.711304</ele>
				<time>2026-06-02T17:54:23Z</time>
			</trkpt>
			<trkpt lat="45.331783" lon="-121.707466">
				<ele>1791.711304</ele>
				<time>2026-06-02T17:54:23Z</time>
			</trkpt>
			<trkpt lat="45.331829" lon="-121.707466">
				<ele>1789.578857</ele>
				<time>2026-06-02T17:54:33Z</time>
			</trkpt>
		</trkseg>
	</trk>
</gpx>
