<?xml version="1.0" encoding="UTF-8"?>
<gpx xmlns:xsi="http://www.w3.org/2001/XMLSchema-instance" xmlns="http://www.topografix.com/GPX/1/1" xmlns:onx="http://www.onxmaps.com" xsi:schemaLocation="http://www.topografix.com/GPX/1/1 http://www.topografix.com/GPX/1/1/gpx.xsd " version="1.1" creator="onXmaps backcountry ios">
	<trk>
		<name>Mount Rainier via Emmons</name>
		<extensions>
			<onx:style>dash</onx:style>
			<onx:weight>4.0</onx:weight>
			<onx:color>rgba(0, 255, 255, 1)</onx:color>
		</extensions>
		<trkseg>
			<trkpt lat="46.902031" lon="-121.642097">
				<ele>1303.432007</ele>
				<time>2026-06-14T15:33:14Z</time>
			</trkpt>
			<trkpt lat="46.902031" lon="-121.642128">
				<ele>1302.906494</ele>
				<time>2026-06-14T15:33:16Z</time>
			</trkpt>
			<trkpt lat="46.902054" lon="-121.642319">
				<ele>1304.89978</ele>
				<time>2026-06-14T15:33:33Z</time>
			</trkpt>
			<trkpt lat="46.902058" lon="-121.64238">
				<ele>1304.349609</ele>
				<time>2026-06-14T15:33:37Z</time>
			</trkpt>
			<trkpt lat="46.90205" lon="-121.642441">
				<ele>1303.046509</ele>
				<time>2026-06-14T15:33:40Z</time>
			</trkpt>
			<trkpt lat="46.902054" lon="-121.642624">
				<ele>1304.758423</ele>
				<time>2026-06-14T15:33:52Z</time>
			</trkpt>
			<trkpt lat="46.902065" lon="-121.64267">
				<ele>1305.749512</ele>
				<time>2026-06-14T15:33:55Z</time>
			</trkpt>
			<trkpt lat="46.902088" lon="-121.642761">
				<ele>1304.332764</ele>
				<time>2026-06-14T15:34:01Z</time>
			</trkpt>
			<trkpt lat="46.902092" lon="-121.642815">
				<ele>1305.706299</ele>
				<time>2026-06-14T15:34:05Z</time>
			</trkpt>
			<trkpt lat="46.902107" lon="-121.64286">
				<ele>1305.33374</ele>
				<time>2026-06-14T15:34:09Z</time>
			</trkpt>
			<trkpt lat="46.902145" lon="-121.642883">
				<ele>1306.207397</ele>
				<time>2026-06-14T15:34:12Z</time>
			</trkpt>
			<trkpt lat="46.902203" lon="-121.642944">
				<ele>1304.905396</ele>
				<time>2026-06-14T15:34:18Z</time>
			</trkpt>
			<trkpt lat="46.902225" lon="-121.642982">
				<ele>1306.518433</ele>
				<time>2026-06-14T15:34:21Z</time>
			</trkpt>
			<trkpt lat="46.902229" lon="-121.643036">
				<ele>1307.203735</ele>
				<time>2026-06-14T15:34:24Z</time>
			</trkpt>
			<trkpt lat="46.902237" lon="-121.643082">
				<ele>1307.110596</ele>
				<time>2026-06-14T15:34:27Z</time>
			</trkpt>
			<trkpt lat="46.902241" lon="-121.643127">
				<ele>1306.695068</ele>
				<time>2026-06-14T15:34:30Z</time>
			</trkpt>
			<trkpt lat="46.902256" lon="-121.643234">
				<ele>1307.773193</ele>
				<time>2026-06-14T15:34:36Z</time>
			</trkpt>
			<trkpt lat="46.902245" lon="-121.643341">
				<ele>1310.969971</ele>
				<time>2026-06-14T15:34:42Z</time>
			</trkpt>
			<trkpt lat="46.902241" lon="-121.643394">
				<ele>1310.017212</ele>
				<time>2026-06-14T15:34:45Z</time>
			</trkpt>
			<trkpt lat="46.902256" lon="-121.643501">
				<ele>1311.82251</ele>
				<time>2026-06-14T15:34:51Z</time>
			</trkpt>
			<trkpt lat="46.902256" lon="-121.643562">
				<ele>1312.290527</ele>
				<time>2026-06-14T15:34:54Z</time>
			</trkpt>
			<trkpt lat="46.902245" lon="-121.643616">
				<ele>1311.922729</ele>
				<time>2026-06-14T15:34:57Z</time>
			</trkpt>
			<trkpt lat="46.902256" lon="-121.643692">
				<ele>1312.098999</ele>
				<time>2026-06-14T15:35:01Z</time>
			</trkpt>
			<trkpt lat="46.902248" lon="-121.643753">
				<ele>1311.773682</ele>
				<time>2026-06-14T15:35:04Z</time>
			</trkpt>
			<trkpt lat="46.902237" lon="-121.643814">
				<ele>1311.665405</ele>
				<time>2026-06-14T15:35:07Z</time>
			</trkpt>
			<trkpt lat="46.902237" lon="-121.643921">
				<ele>1310.94458</ele>
				<time>2026-06-14T15:35:13Z</time>
			</trkpt>
			<trkpt lat="46.902222" lon="-121.643967">
				<ele>1311.499756</ele>
				<time>2026-06-14T15:35:16Z</time>
			</trkpt>
			<trkpt lat="46.902206" lon="-121.644028">
				<ele>1310.699829</ele>
				<time>2026-06-14T15:35:20Z</time>
			</trkpt>
			<trkpt lat="46.902203" lon="-121.644081">
				<ele>1310.608276</ele>
				<time>2026-06-14T15:35:23Z</time>
			</trkpt>
			<trkpt lat="46.902195" lon="-121.644127">
				<ele>1310.729614</ele>
				<time>2026-06-14T15:35:26Z</time>
			</trkpt>
			<trkpt lat="46.902161" lon="-121.644211">
				<ele>1312.073975</ele>
				<time>2026-06-14T15:35:32Z</time>
			</trkpt>
			<trkpt lat="46.902145" lon="-121.644302">
				<ele>1311.811401</ele>
				<time>2026-06-14T15:35:38Z</time>
			</trkpt>
			<trkpt lat="46.902134" lon="-121.644341">
				<ele>1312.640259</ele>
				<time>2026-06-14T15:35:40Z</time>
			</trkpt>
			<trkpt lat="46.902111" lon="-121.644379">
				<ele>1312.603638</ele>
				<time>2026-06-14T15:35:43Z</time>
			</trkpt>
			<trkpt lat="46.902107" lon="-121.644417">
				<ele>1313.388672</ele>
				<time>2026-06-14T15:35:45Z</time>
			</trkpt>
			<trkpt lat="46.902084" lon="-121.644493">
				<ele>1314.020996</ele>
				<time>2026-06-14T15:35:49Z</time>
			</trkpt>
			<trkpt lat="46.902065" lon="-121.644524">
				<ele>1313.228271</ele>
				<time>2026-06-14T15:35:51Z</time>
			</trkpt>
			<trkpt lat="46.902061" lon="-121.644577">
				<ele>1313.302246</ele>
				<time>2026-06-14T15:35:54Z</time>
			</trkpt>
			<trkpt lat="46.902054" lon="-121.644615">
				<ele>1313.619995</ele>
				<time>2026-06-14T15:35:56Z</time>
			</trkpt>
			<trkpt lat="46.902039" lon="-121.644661">
				<ele>1313.395752</ele>
				<time>2026-06-14T15:35:59Z</time>
			</trkpt>
			<trkpt lat="46.90202" lon="-121.644714">
				<ele>1312.710327</ele>
				<time>2026-06-14T15:36:02Z</time>
			</trkpt>
			<trkpt lat="46.902008" lon="-121.644768">
				<ele>1313.476074</ele>
				<time>2026-06-14T15:36:05Z</time>
			</trkpt>
			<trkpt lat="46.902027" lon="-121.644798">
				<ele>1315.245728</ele>
				<time>2026-06-14T15:36:08Z</time>
			</trkpt>
			<trkpt lat="46.902016" lon="-121.644836">
				<ele>1315.161133</ele>
				<time>2026-06-14T15:36:10Z</time>
			</trkpt>
			<trkpt lat="46.902" lon="-121.644882">
				<ele>1316.054932</ele>
				<time>2026-06-14T15:36:13Z</time>
			</trkpt>
			<trkpt lat="46.901985" lon="-121.64492">
				<ele>1315.615967</ele>
				<time>2026-06-14T15:36:15Z</time>
			</trkpt>
			<trkpt lat="46.901966" lon="-121.644958">
				<ele>1316.09729</ele>
				<time>2026-06-14T15:36:18Z</time>
			</trkpt>
			<trkpt lat="46.901943" lon="-121.644989">
				<ele>1315.095215</ele>
				<time>2026-06-14T15:36:21Z</time>
			</trkpt>
			<trkpt lat="46.901928" lon="-121.64502">
				<ele>1315.838623</ele>
				<time>2026-06-14T15:36:23Z</time>
			</trkpt>
			<trkpt lat="46.90192" lon="-121.645065">
				<ele>1316.344604</ele>
				<time>2026-06-14T15:36:26Z</time>
			</trkpt>
			<trkpt lat="46.901917" lon="-121.645111">
				<ele>1316.46875</ele>
				<time>2026-06-14T15:36:29Z</time>
			</trkpt>
			<trkpt lat="46.90189" lon="-121.645142">
				<ele>1315.726196</ele>
				<time>2026-06-14T15:36:32Z</time>
			</trkpt>
			<trkpt lat="46.901867" lon="-121.645218">
				<ele>1317.34375</ele>
				<time>2026-06-14T15:36:38Z</time>
			</trkpt>
			<trkpt lat="46.901844" lon="-121.645332">
				<ele>1316.827271</ele>
				<time>2026-06-14T15:36:46Z</time>
			</trkpt>
			<trkpt lat="46.901829" lon="-121.645386">
				<ele>1316.866821</ele>
				<time>2026-06-14T15:36:49Z</time>
			</trkpt>
			<trkpt lat="46.901817" lon="-121.645424">
				<ele>1316.584351</ele>
				<time>2026-06-14T15:36:52Z</time>
			</trkpt>
			<trkpt lat="46.90181" lon="-121.645462">
				<ele>1316.992676</ele>
				<time>2026-06-14T15:36:54Z</time>
			</trkpt>
			<trkpt lat="46.901802" lon="-121.6455">
				<ele>1316.98938</ele>
				<time>2026-06-14T15:36:57Z</time>
			</trkpt>
			<trkpt lat="46.901791" lon="-121.645538">
				<ele>1317.125854</ele>
				<time>2026-06-14T15:36:59Z</time>
			</trkpt>
			<trkpt lat="46.901775" lon="-121.645576">
				<ele>1316.889038</ele>
				<time>2026-06-14T15:37:02Z</time>
			</trkpt>
			<trkpt lat="46.90176" lon="-121.645622">
				<ele>1317.430542</ele>
				<time>2026-06-14T15:37:06Z</time>
			</trkpt>
			<trkpt lat="46.901733" lon="-121.645721">
				<ele>1317.134155</ele>
				<time>2026-06-14T15:37:12Z</time>
			</trkpt>
			<trkpt lat="46.901722" lon="-121.64576">
				<ele>1318.339844</ele>
				<time>2026-06-14T15:37:16Z</time>
			</trkpt>
			<trkpt lat="46.901688" lon="-121.645905">
				<ele>1320.42395</ele>
				<time>2026-06-14T15:37:26Z</time>
			</trkpt>
			<trkpt lat="46.901676" lon="-121.64595">
				<ele>1319.464966</ele>
				<time>2026-06-14T15:37:29Z</time>
			</trkpt>
			<trkpt lat="46.901661" lon="-121.645996">
				<ele>1319.09729</ele>
				<time>2026-06-14T15:37:32Z</time>
			</trkpt>
			<trkpt lat="46.901646" lon="-121.646088">
				<ele>1318.996948</ele>
				<time>2026-06-14T15:37:38Z</time>
			</trkpt>
			<trkpt lat="46.901634" lon="-121.646141">
				<ele>1318.255981</ele>
				<time>2026-06-14T15:37:42Z</time>
			</trkpt>
			<trkpt lat="46.901623" lon="-121.646202">
				<ele>1319.090454</ele>
				<time>2026-06-14T15:37:46Z</time>
			</trkpt>
			<trkpt lat="46.901585" lon="-121.646301">
				<ele>1321.674194</ele>
				<time>2026-06-14T15:37:53Z</time>
			</trkpt>
			<trkpt lat="46.901577" lon="-121.646355">
				<ele>1320.789429</ele>
				<time>2026-06-14T15:37:56Z</time>
			</trkpt>
			<trkpt lat="46.901554" lon="-121.6464">
				<ele>1321.702271</ele>
				<time>2026-06-14T15:37:59Z</time>
			</trkpt>
			<trkpt lat="46.901512" lon="-121.646561">
				<ele>1321.30896</ele>
				<time>2026-06-14T15:38:10Z</time>
			</trkpt>
			<trkpt lat="46.901489" lon="-121.646606">
				<ele>1322.312988</ele>
				<time>2026-06-14T15:38:13Z</time>
			</trkpt>
			<trkpt lat="46.901493" lon="-121.646667">
				<ele>1322.638794</ele>
				<time>2026-06-14T15:38:17Z</time>
			</trkpt>
			<trkpt lat="46.901474" lon="-121.646721">
				<ele>1323.966187</ele>
				<time>2026-06-14T15:38:21Z</time>
			</trkpt>
			<trkpt lat="46.901466" lon="-121.646774">
				<ele>1323.96814</ele>
				<time>2026-06-14T15:38:25Z</time>
			</trkpt>
			<trkpt lat="46.901443" lon="-121.646828">
				<ele>1323.327026</ele>
				<time>2026-06-14T15:38:28Z</time>
			</trkpt>
			<trkpt lat="46.901432" lon="-121.646873">
				<ele>1323.15686</ele>
				<time>2026-06-14T15:38:32Z</time>
			</trkpt>
			<trkpt lat="46.901417" lon="-121.646919">
				<ele>1324.969482</ele>
				<time>2026-06-14T15:38:36Z</time>
			</trkpt>
			<trkpt lat="46.901413" lon="-121.64698">
				<ele>1325.129028</ele>
				<time>2026-06-14T15:38:39Z</time>
			</trkpt>
			<trkpt lat="46.901394" lon="-121.647026">
				<ele>1325.664551</ele>
				<time>2026-06-14T15:38:43Z</time>
			</trkpt>
			<trkpt lat="46.901379" lon="-121.647072">
				<ele>1325.382202</ele>
				<time>2026-06-14T15:38:46Z</time>
			</trkpt>
			<trkpt lat="46.901367" lon="-121.647125">
				<ele>1325.983276</ele>
				<time>2026-06-14T15:38:49Z</time>
			</trkpt>
			<trkpt lat="46.90136" lon="-121.647179">
				<ele>1326.173584</ele>
				<time>2026-06-14T15:38:52Z</time>
			</trkpt>
			<trkpt lat="46.901348" lon="-121.647224">
				<ele>1326.170288</ele>
				<time>2026-06-14T15:38:55Z</time>
			</trkpt>
			<trkpt lat="46.901306" lon="-121.647324">
				<ele>1327.505249</ele>
				<time>2026-06-14T15:39:01Z</time>
			</trkpt>
			<trkpt lat="46.901302" lon="-121.647385">
				<ele>1327.580566</ele>
				<time>2026-06-14T15:39:04Z</time>
			</trkpt>
			<trkpt lat="46.901287" lon="-121.647446">
				<ele>1328.548096</ele>
				<time>2026-06-14T15:39:08Z</time>
			</trkpt>
			<trkpt lat="46.901249" lon="-121.647552">
				<ele>1329.337036</ele>
				<time>2026-06-14T15:39:15Z</time>
			</trkpt>
			<trkpt lat="46.901222" lon="-121.647606">
				<ele>1329.261597</ele>
				<time>2026-06-14T15:39:19Z</time>
			</trkpt>
			<trkpt lat="46.901207" lon="-121.647667">
				<ele>1329.689209</ele>
				<time>2026-06-14T15:39:23Z</time>
			</trkpt>
			<trkpt lat="46.901184" lon="-121.647705">
				<ele>1330.472534</ele>
				<time>2026-06-14T15:39:26Z</time>
			</trkpt>
			<trkpt lat="46.901188" lon="-121.647774">
				<ele>1330.322876</ele>
				<time>2026-06-14T15:39:29Z</time>
			</trkpt>
			<trkpt lat="46.901184" lon="-121.64785">
				<ele>1329.766968</ele>
				<time>2026-06-14T15:39:33Z</time>
			</trkpt>
			<trkpt lat="46.901165" lon="-121.647903">
				<ele>1330.228516</ele>
				<time>2026-06-14T15:39:36Z</time>
			</trkpt>
			<trkpt lat="46.901157" lon="-121.647972">
				<ele>1330.527222</ele>
				<time>2026-06-14T15:39:40Z</time>
			</trkpt>
			<trkpt lat="46.901138" lon="-121.648117">
				<ele>1328.885864</ele>
				<time>2026-06-14T15:39:50Z</time>
			</trkpt>
			<trkpt lat="46.901119" lon="-121.648178">
				<ele>1330.649536</ele>
				<time>2026-06-14T15:39:53Z</time>
			</trkpt>
			<trkpt lat="46.9011" lon="-121.648239">
				<ele>1330.371094</ele>
				<time>2026-06-14T15:39:58Z</time>
			</trkpt>
			<trkpt lat="46.901104" lon="-121.648308">
				<ele>1330.19397</ele>
				<time>2026-06-14T15:40:02Z</time>
			</trkpt>
			<trkpt lat="46.901093" lon="-121.648361">
				<ele>1331.00769</ele>
				<time>2026-06-14T15:40:05Z</time>
			</trkpt>
			<trkpt lat="46.901085" lon="-121.64843">
				<ele>1331.560425</ele>
				<time>2026-06-14T15:40:09Z</time>
			</trkpt>
			<trkpt lat="46.901093" lon="-121.648552">
				<ele>1334.265747</ele>
				<time>2026-06-14T15:40:18Z</time>
			</trkpt>
			<trkpt lat="46.901085" lon="-121.648621">
				<ele>1333.962158</ele>
				<time>2026-06-14T15:40:22Z</time>
			</trkpt>
			<trkpt lat="46.901093" lon="-121.648689">
				<ele>1334.18103</ele>
				<time>2026-06-14T15:40:25Z</time>
			</trkpt>
			<trkpt lat="46.901093" lon="-121.648758">
				<ele>1333.683105</ele>
				<time>2026-06-14T15:40:29Z</time>
			</trkpt>
			<trkpt lat="46.901108" lon="-121.648819">
				<ele>1335.918945</ele>
				<time>2026-06-14T15:40:33Z</time>
			</trkpt>
			<trkpt lat="46.901131" lon="-121.648933">
				<ele>1337.811646</ele>
				<time>2026-06-14T15:40:42Z</time>
			</trkpt>
			<trkpt lat="46.901142" lon="-121.648994">
				<ele>1337.534058</ele>
				<time>2026-06-14T15:40:47Z</time>
			</trkpt>
			<trkpt lat="46.901196" lon="-121.649117">
				<ele>1339.781128</ele>
				<time>2026-06-14T15:40:55Z</time>
			</trkpt>
			<trkpt lat="46.901192" lon="-121.649185">
				<ele>1340.111694</ele>
				<time>2026-06-14T15:41:00Z</time>
			</trkpt>
			<trkpt lat="46.901192" lon="-121.649246">
				<ele>1340.865234</ele>
				<time>2026-06-14T15:41:04Z</time>
			</trkpt>
			<trkpt lat="46.901188" lon="-121.649307">
				<ele>1340.906738</ele>
				<time>2026-06-14T15:41:08Z</time>
			</trkpt>
			<trkpt lat="46.90118" lon="-121.649437">
				<ele>1344.067139</ele>
				<time>2026-06-14T15:41:15Z</time>
			</trkpt>
			<trkpt lat="46.90118" lon="-121.649498">
				<ele>1343.300293</ele>
				<time>2026-06-14T15:41:19Z</time>
			</trkpt>
			<trkpt lat="46.901192" lon="-121.649559">
				<ele>1343.098022</ele>
				<time>2026-06-14T15:41:22Z</time>
			</trkpt>
			<trkpt lat="46.901188" lon="-121.649689">
				<ele>1343.458496</ele>
				<time>2026-06-14T15:41:30Z</time>
			</trkpt>
			<trkpt lat="46.901192" lon="-121.649757">
				<ele>1342.544189</ele>
				<time>2026-06-14T15:41:35Z</time>
			</trkpt>
			<trkpt lat="46.901188" lon="-121.649826">
				<ele>1343.882446</ele>
				<time>2026-06-14T15:41:39Z</time>
			</trkpt>
			<trkpt lat="46.901176" lon="-121.649895">
				<ele>1344.549561</ele>
				<time>2026-06-14T15:41:44Z</time>
			</trkpt>
			<trkpt lat="46.901199" lon="-121.64994">
				<ele>1346.356567</ele>
				<time>2026-06-14T15:41:48Z</time>
			</trkpt>
			<trkpt lat="46.901199" lon="-121.649994">
				<ele>1347.66333</ele>
				<time>2026-06-14T15:41:52Z</time>
			</trkpt>
			<trkpt lat="46.901203" lon="-121.650055">
				<ele>1347.516724</ele>
				<time>2026-06-14T15:41:55Z</time>
			</trkpt>
			<trkpt lat="46.901249" lon="-121.650146">
				<ele>1349.20874</ele>
				<time>2026-06-14T15:42:02Z</time>
			</trkpt>
			<trkpt lat="46.901295" lon="-121.650284">
				<ele>1347.697876</ele>
				<time>2026-06-14T15:42:11Z</time>
			</trkpt>
			<trkpt lat="46.901321" lon="-121.650345">
				<ele>1348.161499</ele>
				<time>2026-06-14T15:42:15Z</time>
			</trkpt>
			<trkpt lat="46.90136" lon="-121.650459">
				<ele>1352.911255</ele>
				<time>2026-06-14T15:42:23Z</time>
			</trkpt>
			<trkpt lat="46.901386" lon="-121.650513">
				<ele>1352.098877</ele>
				<time>2026-06-14T15:42:27Z</time>
			</trkpt>
			<trkpt lat="46.901424" lon="-121.650566">
				<ele>1354.810791</ele>
				<time>2026-06-14T15:42:33Z</time>
			</trkpt>
			<trkpt lat="46.901459" lon="-121.650612">
				<ele>1354.499146</ele>
				<time>2026-06-14T15:42:37Z</time>
			</trkpt>
			<trkpt lat="46.901485" lon="-121.650673">
				<ele>1352.856201</ele>
				<time>2026-06-14T15:42:42Z</time>
			</trkpt>
			<trkpt lat="46.901497" lon="-121.650742">
				<ele>1353.014648</ele>
				<time>2026-06-14T15:42:44Z</time>
			</trkpt>
			<trkpt lat="46.901497" lon="-121.650826">
				<ele>1351.794434</ele>
				<time>2026-06-14T15:42:48Z</time>
			</trkpt>
			<trkpt lat="46.901501" lon="-121.650978">
				<ele>1355.893433</ele>
				<time>2026-06-14T15:42:56Z</time>
			</trkpt>
			<trkpt lat="46.901482" lon="-121.651077">
				<ele>1357.472412</ele>
				<time>2026-06-14T15:43:00Z</time>
			</trkpt>
			<trkpt lat="46.901489" lon="-121.651146">
				<ele>1357.893555</ele>
				<time>2026-06-14T15:43:05Z</time>
			</trkpt>
			<trkpt lat="46.90147" lon="-121.651215">
				<ele>1357.696289</ele>
				<time>2026-06-14T15:43:08Z</time>
			</trkpt>
			<trkpt lat="46.901443" lon="-121.651291">
				<ele>1357.647217</ele>
				<time>2026-06-14T15:43:13Z</time>
			</trkpt>
			<trkpt lat="46.901432" lon="-121.65136">
				<ele>1358.430786</ele>
				<time>2026-06-14T15:43:18Z</time>
			</trkpt>
			<trkpt lat="46.901421" lon="-121.651428">
				<ele>1358.796021</ele>
				<time>2026-06-14T15:43:22Z</time>
			</trkpt>
			<trkpt lat="46.901386" lon="-121.651482">
				<ele>1358.804199</ele>
				<time>2026-06-14T15:43:25Z</time>
			</trkpt>
			<trkpt lat="46.901363" lon="-121.65155">
				<ele>1358.231812</ele>
				<time>2026-06-14T15:43:29Z</time>
			</trkpt>
			<trkpt lat="46.901344" lon="-121.651611">
				<ele>1358.229736</ele>
				<time>2026-06-14T15:43:32Z</time>
			</trkpt>
			<trkpt lat="46.901333" lon="-121.651672">
				<ele>1357.35144</ele>
				<time>2026-06-14T15:43:37Z</time>
			</trkpt>
			<trkpt lat="46.90134" lon="-121.651749">
				<ele>1357.80603</ele>
				<time>2026-06-14T15:43:42Z</time>
			</trkpt>
			<trkpt lat="46.901333" lon="-121.651833">
				<ele>1357.784424</ele>
				<time>2026-06-14T15:43:46Z</time>
			</trkpt>
			<trkpt lat="46.901318" lon="-121.651894">
				<ele>1356.294312</ele>
				<time>2026-06-14T15:43:50Z</time>
			</trkpt>
			<trkpt lat="46.901291" lon="-121.651932">
				<ele>1356.566284</ele>
				<time>2026-06-14T15:43:53Z</time>
			</trkpt>
			<trkpt lat="46.90131" lon="-121.651985">
				<ele>1357.150513</ele>
				<time>2026-06-14T15:43:56Z</time>
			</trkpt>
			<trkpt lat="46.901291" lon="-121.652039">
				<ele>1356.286011</ele>
				<time>2026-06-14T15:43:59Z</time>
			</trkpt>
			<trkpt lat="46.901295" lon="-121.652107">
				<ele>1357.814209</ele>
				<time>2026-06-14T15:44:03Z</time>
			</trkpt>
			<trkpt lat="46.901287" lon="-121.652176">
				<ele>1357.737915</ele>
				<time>2026-06-14T15:44:07Z</time>
			</trkpt>
			<trkpt lat="46.901268" lon="-121.652328">
				<ele>1359.931885</ele>
				<time>2026-06-14T15:44:18Z</time>
			</trkpt>
			<trkpt lat="46.901291" lon="-121.652382">
				<ele>1360.497437</ele>
				<time>2026-06-14T15:44:21Z</time>
			</trkpt>
			<trkpt lat="46.901283" lon="-121.652451">
				<ele>1360.710815</ele>
				<time>2026-06-14T15:44:25Z</time>
			</trkpt>
			<trkpt lat="46.90126" lon="-121.652512">
				<ele>1360.73938</ele>
				<time>2026-06-14T15:44:28Z</time>
			</trkpt>
			<trkpt lat="46.901253" lon="-121.652649">
				<ele>1363.914917</ele>
				<time>2026-06-14T15:44:36Z</time>
			</trkpt>
			<trkpt lat="46.901234" lon="-121.652718">
				<ele>1363.835083</ele>
				<time>2026-06-14T15:44:40Z</time>
			</trkpt>
			<trkpt lat="46.90123" lon="-121.652786">
				<ele>1363.530029</ele>
				<time>2026-06-14T15:44:43Z</time>
			</trkpt>
			<trkpt lat="46.901237" lon="-121.652863">
				<ele>1365.156128</ele>
				<time>2026-06-14T15:44:47Z</time>
			</trkpt>
			<trkpt lat="46.901211" lon="-121.652946">
				<ele>1365.908447</ele>
				<time>2026-06-14T15:44:52Z</time>
			</trkpt>
			<trkpt lat="46.901192" lon="-121.653">
				<ele>1365.800049</ele>
				<time>2026-06-14T15:44:56Z</time>
			</trkpt>
			<trkpt lat="46.901154" lon="-121.653107">
				<ele>1365.922485</ele>
				<time>2026-06-14T15:45:02Z</time>
			</trkpt>
			<trkpt lat="46.901161" lon="-121.653183">
				<ele>1365.784424</ele>
				<time>2026-06-14T15:45:06Z</time>
			</trkpt>
			<trkpt lat="46.901161" lon="-121.653244">
				<ele>1366.197754</ele>
				<time>2026-06-14T15:45:10Z</time>
			</trkpt>
			<trkpt lat="46.901169" lon="-121.653313">
				<ele>1365.983765</ele>
				<time>2026-06-14T15:45:14Z</time>
			</trkpt>
			<trkpt lat="46.901165" lon="-121.653381">
				<ele>1367.270752</ele>
				<time>2026-06-14T15:45:19Z</time>
			</trkpt>
			<trkpt lat="46.901176" lon="-121.653435">
				<ele>1367.120972</ele>
				<time>2026-06-14T15:45:22Z</time>
			</trkpt>
			<trkpt lat="46.901169" lon="-121.653496">
				<ele>1367.831055</ele>
				<time>2026-06-14T15:45:26Z</time>
			</trkpt>
			<trkpt lat="46.901184" lon="-121.653557">
				<ele>1367.807739</ele>
				<time>2026-06-14T15:45:29Z</time>
			</trkpt>
			<trkpt lat="46.901176" lon="-121.653625">
				<ele>1368.272095</ele>
				<time>2026-06-14T15:45:33Z</time>
			</trkpt>
			<trkpt lat="46.901203" lon="-121.653755">
				<ele>1371.264893</ele>
				<time>2026-06-14T15:45:40Z</time>
			</trkpt>
			<trkpt lat="46.901207" lon="-121.653831">
				<ele>1370.846069</ele>
				<time>2026-06-14T15:45:43Z</time>
			</trkpt>
			<trkpt lat="46.901176" lon="-121.6539">
				<ele>1374.862305</ele>
				<time>2026-06-14T15:45:48Z</time>
			</trkpt>
			<trkpt lat="46.901184" lon="-121.653976">
				<ele>1374.567139</ele>
				<time>2026-06-14T15:45:53Z</time>
			</trkpt>
			<trkpt lat="46.901154" lon="-121.654129">
				<ele>1372.594604</ele>
				<time>2026-06-14T15:46:02Z</time>
			</trkpt>
			<trkpt lat="46.901131" lon="-121.654289">
				<ele>1375.108276</ele>
				<time>2026-06-14T15:46:11Z</time>
			</trkpt>
			<trkpt lat="46.901112" lon="-121.654358">
				<ele>1373.676514</ele>
				<time>2026-06-14T15:46:15Z</time>
			</trkpt>
			<trkpt lat="46.901112" lon="-121.654442">
				<ele>1374.138794</ele>
				<time>2026-06-14T15:46:19Z</time>
			</trkpt>
			<trkpt lat="46.9011" lon="-121.654533">
				<ele>1375.803711</ele>
				<time>2026-06-14T15:46:23Z</time>
			</trkpt>
			<trkpt lat="46.901085" lon="-121.654602">
				<ele>1376.354248</ele>
				<time>2026-06-14T15:46:28Z</time>
			</trkpt>
			<trkpt lat="46.901058" lon="-121.654671">
				<ele>1376.221802</ele>
				<time>2026-06-14T15:46:32Z</time>
			</trkpt>
			<trkpt lat="46.901035" lon="-121.654739">
				<ele>1376.549194</ele>
				<time>2026-06-14T15:46:36Z</time>
			</trkpt>
			<trkpt lat="46.901039" lon="-121.654816">
				<ele>1375.026611</ele>
				<time>2026-06-14T15:46:41Z</time>
			</trkpt>
			<trkpt lat="46.901028" lon="-121.654915">
				<ele>1375.199585</ele>
				<time>2026-06-14T15:46:46Z</time>
			</trkpt>
			<trkpt lat="46.90099" lon="-121.655144">
				<ele>1378.517822</ele>
				<time>2026-06-14T15:46:58Z</time>
			</trkpt>
			<trkpt lat="46.900986" lon="-121.655228">
				<ele>1377.965942</ele>
				<time>2026-06-14T15:47:02Z</time>
			</trkpt>
			<trkpt lat="46.900978" lon="-121.655388">
				<ele>1377.662109</ele>
				<time>2026-06-14T15:47:11Z</time>
			</trkpt>
			<trkpt lat="46.90097" lon="-121.655457">
				<ele>1377.960571</ele>
				<time>2026-06-14T15:47:14Z</time>
			</trkpt>
			<trkpt lat="46.900932" lon="-121.655579">
				<ele>1379.318726</ele>
				<time>2026-06-14T15:47:22Z</time>
			</trkpt>
			<trkpt lat="46.900925" lon="-121.65564">
				<ele>1380.250977</ele>
				<time>2026-06-14T15:47:27Z</time>
			</trkpt>
			<trkpt lat="46.900951" lon="-121.655708">
				<ele>1381.265625</ele>
				<time>2026-06-14T15:47:30Z</time>
			</trkpt>
			<trkpt lat="46.900936" lon="-121.655914">
				<ele>1385.479126</ele>
				<time>2026-06-14T15:47:44Z</time>
			</trkpt>
			<trkpt lat="46.900932" lon="-121.655991">
				<ele>1385.063843</ele>
				<time>2026-06-14T15:47:48Z</time>
			</trkpt>
			<trkpt lat="46.900928" lon="-121.656067">
				<ele>1385.106079</ele>
				<time>2026-06-14T15:47:53Z</time>
			</trkpt>
			<trkpt lat="46.900925" lon="-121.656143">
				<ele>1385.984497</ele>
				<time>2026-06-14T15:47:58Z</time>
			</trkpt>
			<trkpt lat="46.900902" lon="-121.656204">
				<ele>1386.349731</ele>
				<time>2026-06-14T15:48:01Z</time>
			</trkpt>
			<trkpt lat="46.900875" lon="-121.65625">
				<ele>1386.440796</ele>
				<time>2026-06-14T15:48:05Z</time>
			</trkpt>
			<trkpt lat="46.90086" lon="-121.656303">
				<ele>1388.850586</ele>
				<time>2026-06-14T15:48:10Z</time>
			</trkpt>
			<trkpt lat="46.900822" lon="-121.656433">
				<ele>1386.409546</ele>
				<time>2026-06-14T15:48:19Z</time>
			</trkpt>
			<trkpt lat="46.900791" lon="-121.656471">
				<ele>1386.430908</ele>
				<time>2026-06-14T15:48:22Z</time>
			</trkpt>
			<trkpt lat="46.900791" lon="-121.656532">
				<ele>1385.699219</ele>
				<time>2026-06-14T15:48:26Z</time>
			</trkpt>
			<trkpt lat="46.900787" lon="-121.656609">
				<ele>1387.146729</ele>
				<time>2026-06-14T15:48:31Z</time>
			</trkpt>
			<trkpt lat="46.900776" lon="-121.656685">
				<ele>1387.744995</ele>
				<time>2026-06-14T15:48:36Z</time>
			</trkpt>
			<trkpt lat="46.900772" lon="-121.656822">
				<ele>1390.523438</ele>
				<time>2026-06-14T15:48:45Z</time>
			</trkpt>
			<trkpt lat="46.900764" lon="-121.656891">
				<ele>1390.86499</ele>
				<time>2026-06-14T15:48:50Z</time>
			</trkpt>
			<trkpt lat="46.900753" lon="-121.656952">
				<ele>1389.931763</ele>
				<time>2026-06-14T15:48:54Z</time>
			</trkpt>
			<trkpt lat="46.90078" lon="-121.657066">
				<ele>1392.306641</ele>
				<time>2026-06-14T15:49:02Z</time>
			</trkpt>
			<trkpt lat="46.900764" lon="-121.657127">
				<ele>1392.490845</ele>
				<time>2026-06-14T15:49:05Z</time>
			</trkpt>
			<trkpt lat="46.900749" lon="-121.657249">
				<ele>1394.912842</ele>
				<time>2026-06-14T15:49:15Z</time>
			</trkpt>
			<trkpt lat="46.900772" lon="-121.657303">
				<ele>1394.818604</ele>
				<time>2026-06-14T15:49:18Z</time>
			</trkpt>
			<trkpt lat="46.900776" lon="-121.657364">
				<ele>1394.822876</ele>
				<time>2026-06-14T15:49:22Z</time>
			</trkpt>
			<trkpt lat="46.900772" lon="-121.657433">
				<ele>1395.623413</ele>
				<time>2026-06-14T15:49:27Z</time>
			</trkpt>
			<trkpt lat="46.900764" lon="-121.657494">
				<ele>1397.118164</ele>
				<time>2026-06-14T15:49:31Z</time>
			</trkpt>
			<trkpt lat="46.900772" lon="-121.657555">
				<ele>1395.734863</ele>
				<time>2026-06-14T15:49:35Z</time>
			</trkpt>
			<trkpt lat="46.900768" lon="-121.657631">
				<ele>1397.93335</ele>
				<time>2026-06-14T15:49:39Z</time>
			</trkpt>
			<trkpt lat="46.900745" lon="-121.657814">
				<ele>1400.613037</ele>
				<time>2026-06-14T15:49:50Z</time>
			</trkpt>
			<trkpt lat="46.900703" lon="-121.657928">
				<ele>1400.065552</ele>
				<time>2026-06-14T15:49:57Z</time>
			</trkpt>
			<trkpt lat="46.900703" lon="-121.657997">
				<ele>1399.105225</ele>
				<time>2026-06-14T15:50:02Z</time>
			</trkpt>
			<trkpt lat="46.900703" lon="-121.658066">
				<ele>1401.078735</ele>
				<time>2026-06-14T15:50:06Z</time>
			</trkpt>
			<trkpt lat="46.900711" lon="-121.658127">
				<ele>1400.870728</ele>
				<time>2026-06-14T15:50:11Z</time>
			</trkpt>
			<trkpt lat="46.900665" lon="-121.658241">
				<ele>1404.260742</ele>
				<time>2026-06-14T15:50:21Z</time>
			</trkpt>
			<trkpt lat="46.900673" lon="-121.658302">
				<ele>1403.566528</ele>
				<time>2026-06-14T15:50:25Z</time>
			</trkpt>
			<trkpt lat="46.900673" lon="-121.658371">
				<ele>1404.511963</ele>
				<time>2026-06-14T15:50:29Z</time>
			</trkpt>
			<trkpt lat="46.900684" lon="-121.65844">
				<ele>1403.28772</ele>
				<time>2026-06-14T15:50:33Z</time>
			</trkpt>
			<trkpt lat="46.900684" lon="-121.658485">
				<ele>1403.997559</ele>
				<time>2026-06-14T15:50:37Z</time>
			</trkpt>
			<trkpt lat="46.900688" lon="-121.658539">
				<ele>1404.136353</ele>
				<time>2026-06-14T15:50:40Z</time>
			</trkpt>
			<trkpt lat="46.900692" lon="-121.658592">
				<ele>1404.656372</ele>
				<time>2026-06-14T15:50:44Z</time>
			</trkpt>
			<trkpt lat="46.900673" lon="-121.658691">
				<ele>1406.891479</ele>
				<time>2026-06-14T15:50:51Z</time>
			</trkpt>
			<trkpt lat="46.900646" lon="-121.658783">
				<ele>1407.62854</ele>
				<time>2026-06-14T15:50:57Z</time>
			</trkpt>
			<trkpt lat="46.900616" lon="-121.658875">
				<ele>1407.872803</ele>
				<time>2026-06-14T15:51:04Z</time>
			</trkpt>
			<trkpt lat="46.900597" lon="-121.658905">
				<ele>1408.147339</ele>
				<time>2026-06-14T15:51:07Z</time>
			</trkpt>
			<trkpt lat="46.900608" lon="-121.658951">
				<ele>1410.055054</ele>
				<time>2026-06-14T15:51:12Z</time>
			</trkpt>
			<trkpt lat="46.90065" lon="-121.658867">
				<ele>1408.829346</ele>
				<time>2026-06-14T15:51:21Z</time>
			</trkpt>
			<trkpt lat="46.900723" lon="-121.658676">
				<ele>1411.550903</ele>
				<time>2026-06-14T15:51:36Z</time>
			</trkpt>
			<trkpt lat="46.900742" lon="-121.658653">
				<ele>1412.600952</ele>
				<time>2026-06-14T15:51:39Z</time>
			</trkpt>
			<trkpt lat="46.900757" lon="-121.658615">
				<ele>1412.76709</ele>
				<time>2026-06-14T15:51:41Z</time>
			</trkpt>
			<trkpt lat="46.900764" lon="-121.658585">
				<ele>1413.325806</ele>
				<time>2026-06-14T15:51:43Z</time>
			</trkpt>
			<trkpt lat="46.900784" lon="-121.658546">
				<ele>1412.81543</ele>
				<time>2026-06-14T15:51:46Z</time>
			</trkpt>
			<trkpt lat="46.900799" lon="-121.658508">
				<ele>1412.983765</ele>
				<time>2026-06-14T15:51:49Z</time>
			</trkpt>
			<trkpt lat="46.90081" lon="-121.658455">
				<ele>1413.078613</ele>
				<time>2026-06-14T15:51:53Z</time>
			</trkpt>
			<trkpt lat="46.900829" lon="-121.658409">
				<ele>1414.299316</ele>
				<time>2026-06-14T15:51:57Z</time>
			</trkpt>
			<trkpt lat="46.900852" lon="-121.658386">
				<ele>1413.825073</ele>
				<time>2026-06-14T15:52:00Z</time>
			</trkpt>
			<trkpt lat="46.900871" lon="-121.658348">
				<ele>1413.863403</ele>
				<time>2026-06-14T15:52:03Z</time>
			</trkpt>
			<trkpt lat="46.90089" lon="-121.658302">
				<ele>1414.12146</ele>
				<time>2026-06-14T15:52:07Z</time>
			</trkpt>
			<trkpt lat="46.900913" lon="-121.658226">
				<ele>1416.117432</ele>
				<time>2026-06-14T15:52:13Z</time>
			</trkpt>
			<trkpt lat="46.900928" lon="-121.65818">
				<ele>1416.67395</ele>
				<time>2026-06-14T15:52:16Z</time>
			</trkpt>
			<trkpt lat="46.900936" lon="-121.658218">
				<ele>1418.814087</ele>
				<time>2026-06-14T15:52:20Z</time>
			</trkpt>
			<trkpt lat="46.900936" lon="-121.658272">
				<ele>1418.575928</ele>
				<time>2026-06-14T15:52:24Z</time>
			</trkpt>
			<trkpt lat="46.900928" lon="-121.658318">
				<ele>1418.657715</ele>
				<time>2026-06-14T15:52:27Z</time>
			</trkpt>
			<trkpt lat="46.900921" lon="-121.658363">
				<ele>1420.026367</ele>
				<time>2026-06-14T15:52:31Z</time>
			</trkpt>
			<trkpt lat="46.900921" lon="-121.65847">
				<ele>1421.791626</ele>
				<time>2026-06-14T15:52:38Z</time>
			</trkpt>
			<trkpt lat="46.90094" lon="-121.658508">
				<ele>1422.111694</ele>
				<time>2026-06-14T15:52:40Z</time>
			</trkpt>
			<trkpt lat="46.900944" lon="-121.658554">
				<ele>1421.729492</ele>
				<time>2026-06-14T15:52:43Z</time>
			</trkpt>
			<trkpt lat="46.900944" lon="-121.658615">
				<ele>1421.851685</ele>
				<time>2026-06-14T15:52:46Z</time>
			</trkpt>
			<trkpt lat="46.90094" lon="-121.658661">
				<ele>1422.37915</ele>
				<time>2026-06-14T15:52:49Z</time>
			</trkpt>
			<trkpt lat="46.900955" lon="-121.658707">
				<ele>1422.350708</ele>
				<time>2026-06-14T15:52:54Z</time>
			</trkpt>
			<trkpt lat="46.900948" lon="-121.65876">
				<ele>1423.349121</ele>
				<time>2026-06-14T15:52:58Z</time>
			</trkpt>
			<trkpt lat="46.900944" lon="-121.658806">
				<ele>1423.610107</ele>
				<time>2026-06-14T15:53:00Z</time>
			</trkpt>
			<trkpt lat="46.900902" lon="-121.658875">
				<ele>1425.807739</ele>
				<time>2026-06-14T15:53:07Z</time>
			</trkpt>
			<trkpt lat="46.900898" lon="-121.658928">
				<ele>1425.698242</ele>
				<time>2026-06-14T15:53:10Z</time>
			</trkpt>
			<trkpt lat="46.900887" lon="-121.659042">
				<ele>1427.703735</ele>
				<time>2026-06-14T15:53:19Z</time>
			</trkpt>
			<trkpt lat="46.900856" lon="-121.659081">
				<ele>1428.343018</ele>
				<time>2026-06-14T15:53:23Z</time>
			</trkpt>
			<trkpt lat="46.900848" lon="-121.659142">
				<ele>1427.926758</ele>
				<time>2026-06-14T15:53:27Z</time>
			</trkpt>
			<trkpt lat="46.900856" lon="-121.659271">
				<ele>1430.098267</ele>
				<time>2026-06-14T15:53:35Z</time>
			</trkpt>
			<trkpt lat="46.90086" lon="-121.659325">
				<ele>1430.345337</ele>
				<time>2026-06-14T15:53:39Z</time>
			</trkpt>
			<trkpt lat="46.900845" lon="-121.659386">
				<ele>1429.9823</ele>
				<time>2026-06-14T15:53:43Z</time>
			</trkpt>
			<trkpt lat="46.900826" lon="-121.659431">
				<ele>1430.213623</ele>
				<time>2026-06-14T15:53:47Z</time>
			</trkpt>
			<trkpt lat="46.900795" lon="-121.659538">
				<ele>1432.074951</ele>
				<time>2026-06-14T15:53:56Z</time>
			</trkpt>
			<trkpt lat="46.900787" lon="-121.659592">
				<ele>1433.603882</ele>
				<time>2026-06-14T15:54:00Z</time>
			</trkpt>
			<trkpt lat="46.900791" lon="-121.65966">
				<ele>1434.230103</ele>
				<time>2026-06-14T15:54:04Z</time>
			</trkpt>
			<trkpt lat="46.900787" lon="-121.65976">
				<ele>1433.968506</ele>
				<time>2026-06-14T15:54:11Z</time>
			</trkpt>
			<trkpt lat="46.900776" lon="-121.659805">
				<ele>1434.238281</ele>
				<time>2026-06-14T15:54:14Z</time>
			</trkpt>
			<trkpt lat="46.900745" lon="-121.659904">
				<ele>1436.966553</ele>
				<time>2026-06-14T15:54:23Z</time>
			</trkpt>
			<trkpt lat="46.900742" lon="-121.659973">
				<ele>1437.20459</ele>
				<time>2026-06-14T15:54:27Z</time>
			</trkpt>
			<trkpt lat="46.900753" lon="-121.660027">
				<ele>1437.793335</ele>
				<time>2026-06-14T15:54:32Z</time>
			</trkpt>
			<trkpt lat="46.900761" lon="-121.66008">
				<ele>1440.656616</ele>
				<time>2026-06-14T15:54:36Z</time>
			</trkpt>
			<trkpt lat="46.900764" lon="-121.660141">
				<ele>1439.117798</ele>
				<time>2026-06-14T15:54:40Z</time>
			</trkpt>
			<trkpt lat="46.900749" lon="-121.660194">
				<ele>1439.99231</ele>
				<time>2026-06-14T15:54:44Z</time>
			</trkpt>
			<trkpt lat="46.900749" lon="-121.660248">
				<ele>1439.984131</ele>
				<time>2026-06-14T15:54:48Z</time>
			</trkpt>
			<trkpt lat="46.900726" lon="-121.660301">
				<ele>1440.307983</ele>
				<time>2026-06-14T15:54:50Z</time>
			</trkpt>
			<trkpt lat="46.9007" lon="-121.660347">
				<ele>1441.548584</ele>
				<time>2026-06-14T15:54:55Z</time>
			</trkpt>
			<trkpt lat="46.900723" lon="-121.6604">
				<ele>1441.299438</ele>
				<time>2026-06-14T15:54:58Z</time>
			</trkpt>
			<trkpt lat="46.900715" lon="-121.660477">
				<ele>1441.74231</ele>
				<time>2026-06-14T15:55:04Z</time>
			</trkpt>
			<trkpt lat="46.900715" lon="-121.660545">
				<ele>1441.937744</ele>
				<time>2026-06-14T15:55:08Z</time>
			</trkpt>
			<trkpt lat="46.900711" lon="-121.660721">
				<ele>1443.521118</ele>
				<time>2026-06-14T15:55:21Z</time>
			</trkpt>
			<trkpt lat="46.900719" lon="-121.660782">
				<ele>1444.769897</ele>
				<time>2026-06-14T15:55:26Z</time>
			</trkpt>
			<trkpt lat="46.900734" lon="-121.660904">
				<ele>1446.180542</ele>
				<time>2026-06-14T15:55:35Z</time>
			</trkpt>
			<trkpt lat="46.900719" lon="-121.661057">
				<ele>1448.445435</ele>
				<time>2026-06-14T15:55:46Z</time>
			</trkpt>
			<trkpt lat="46.900707" lon="-121.661125">
				<ele>1448.328003</ele>
				<time>2026-06-14T15:55:50Z</time>
			</trkpt>
			<trkpt lat="46.900703" lon="-121.661201">
				<ele>1449.644653</ele>
				<time>2026-06-14T15:55:54Z</time>
			</trkpt>
			<trkpt lat="46.900711" lon="-121.661255">
				<ele>1449.87854</ele>
				<time>2026-06-14T15:56:00Z</time>
			</trkpt>
			<trkpt lat="46.900715" lon="-121.661324">
				<ele>1450.555542</ele>
				<time>2026-06-14T15:56:04Z</time>
			</trkpt>
			<trkpt lat="46.900665" lon="-121.66143">
				<ele>1453.731445</ele>
				<time>2026-06-14T15:56:11Z</time>
			</trkpt>
			<trkpt lat="46.900642" lon="-121.661491">
				<ele>1453.390747</ele>
				<time>2026-06-14T15:56:17Z</time>
			</trkpt>
			<trkpt lat="46.900635" lon="-121.66156">
				<ele>1454.167725</ele>
				<time>2026-06-14T15:56:20Z</time>
			</trkpt>
			<trkpt lat="46.900623" lon="-121.661629">
				<ele>1454.158447</ele>
				<time>2026-06-14T15:56:25Z</time>
			</trkpt>
			<trkpt lat="46.90062" lon="-121.661705">
				<ele>1456.140503</ele>
				<time>2026-06-14T15:56:30Z</time>
			</trkpt>
			<trkpt lat="46.900623" lon="-121.661789">
				<ele>1454.726929</ele>
				<time>2026-06-14T15:56:35Z</time>
			</trkpt>
			<trkpt lat="46.900608" lon="-121.661926">
				<ele>1456.97937</ele>
				<time>2026-06-14T15:56:45Z</time>
			</trkpt>
			<trkpt lat="46.900604" lon="-121.661995">
				<ele>1456.500854</ele>
				<time>2026-06-14T15:56:49Z</time>
			</trkpt>
			<trkpt lat="46.900593" lon="-121.662056">
				<ele>1456.297363</ele>
				<time>2026-06-14T15:56:53Z</time>
			</trkpt>
			<trkpt lat="46.900604" lon="-121.662109">
				<ele>1455.755615</ele>
				<time>2026-06-14T15:56:57Z</time>
			</trkpt>
			<trkpt lat="46.900585" lon="-121.662224">
				<ele>1456.914917</ele>
				<time>2026-06-14T15:57:04Z</time>
			</trkpt>
			<trkpt lat="46.900574" lon="-121.662346">
				<ele>1457.681274</ele>
				<time>2026-06-14T15:57:12Z</time>
			</trkpt>
			<trkpt lat="46.900566" lon="-121.662399">
				<ele>1458.235229</ele>
				<time>2026-06-14T15:57:16Z</time>
			</trkpt>
			<trkpt lat="46.900551" lon="-121.662453">
				<ele>1460.146118</ele>
				<time>2026-06-14T15:57:21Z</time>
			</trkpt>
			<trkpt lat="46.900562" lon="-121.662506">
				<ele>1459.339111</ele>
				<time>2026-06-14T15:57:25Z</time>
			</trkpt>
			<trkpt lat="46.900562" lon="-121.662552">
				<ele>1459.170288</ele>
				<time>2026-06-14T15:57:28Z</time>
			</trkpt>
			<trkpt lat="46.900536" lon="-121.662666">
				<ele>1462.922852</ele>
				<time>2026-06-14T15:57:36Z</time>
			</trkpt>
			<trkpt lat="46.900528" lon="-121.662727">
				<ele>1461.459351</ele>
				<time>2026-06-14T15:57:41Z</time>
			</trkpt>
			<trkpt lat="46.900528" lon="-121.662781">
				<ele>1461.818481</ele>
				<time>2026-06-14T15:57:44Z</time>
			</trkpt>
			<trkpt lat="46.900501" lon="-121.66291">
				<ele>1465.116943</ele>
				<time>2026-06-14T15:57:54Z</time>
			</trkpt>
			<trkpt lat="46.900501" lon="-121.662971">
				<ele>1464.734375</ele>
				<time>2026-06-14T15:57:59Z</time>
			</trkpt>
			<trkpt lat="46.90049" lon="-121.663025">
				<ele>1464.657715</ele>
				<time>2026-06-14T15:58:04Z</time>
			</trkpt>
			<trkpt lat="46.900448" lon="-121.663071">
				<ele>1462.889648</ele>
				<time>2026-06-14T15:59:33Z</time>
			</trkpt>
			<trkpt lat="46.900475" lon="-121.663124">
				<ele>1464.612915</ele>
				<time>2026-06-14T15:59:44Z</time>
			</trkpt>
			<trkpt lat="46.900467" lon="-121.663193">
				<ele>1465.346924</ele>
				<time>2026-06-14T15:59:49Z</time>
			</trkpt>
			<trkpt lat="46.900448" lon="-121.663254">
				<ele>1467.269165</ele>
				<time>2026-06-14T15:59:52Z</time>
			</trkpt>
			<trkpt lat="46.900444" lon="-121.663322">
				<ele>1466.937744</ele>
				<time>2026-06-14T15:59:56Z</time>
			</trkpt>
			<trkpt lat="46.900455" lon="-121.663383">
				<ele>1467.143921</ele>
				<time>2026-06-14T15:59:59Z</time>
			</trkpt>
			<trkpt lat="46.900429" lon="-121.663506">
				<ele>1465.412109</ele>
				<time>2026-06-14T16:00:06Z</time>
			</trkpt>
			<trkpt lat="46.900391" lon="-121.663559">
				<ele>1465.211914</ele>
				<time>2026-06-14T16:00:09Z</time>
			</trkpt>
			<trkpt lat="46.900352" lon="-121.663589">
				<ele>1465.430908</ele>
				<time>2026-06-14T16:00:12Z</time>
			</trkpt>
			<trkpt lat="46.900326" lon="-121.663628">
				<ele>1464.643433</ele>
				<time>2026-06-14T16:00:15Z</time>
			</trkpt>
			<trkpt lat="46.90033" lon="-121.663689">
				<ele>1464.763184</ele>
				<time>2026-06-14T16:00:18Z</time>
			</trkpt>
			<trkpt lat="46.900314" lon="-121.663734">
				<ele>1463.880005</ele>
				<time>2026-06-14T16:00:21Z</time>
			</trkpt>
			<trkpt lat="46.90028" lon="-121.663765">
				<ele>1463.943481</ele>
				<time>2026-06-14T16:00:24Z</time>
			</trkpt>
			<trkpt lat="46.900303" lon="-121.663818">
				<ele>1461.870972</ele>
				<time>2026-06-14T16:00:47Z</time>
			</trkpt>
			<trkpt lat="46.900307" lon="-121.663872">
				<ele>1461.219482</ele>
				<time>2026-06-14T16:00:49Z</time>
			</trkpt>
			<trkpt lat="46.900303" lon="-121.663925">
				<ele>1461.622925</ele>
				<time>2026-06-14T16:00:52Z</time>
			</trkpt>
			<trkpt lat="46.900288" lon="-121.663971">
				<ele>1462.435425</ele>
				<time>2026-06-14T16:00:55Z</time>
			</trkpt>
			<trkpt lat="46.90028" lon="-121.664017">
				<ele>1461.776611</ele>
				<time>2026-06-14T16:00:58Z</time>
			</trkpt>
			<trkpt lat="46.900284" lon="-121.66407">
				<ele>1463.044067</ele>
				<time>2026-06-14T16:01:01Z</time>
			</trkpt>
			<trkpt lat="46.900284" lon="-121.664139">
				<ele>1462.570435</ele>
				<time>2026-06-14T16:01:04Z</time>
			</trkpt>
			<trkpt lat="46.900288" lon="-121.664207">
				<ele>1463.095581</ele>
				<time>2026-06-14T16:01:08Z</time>
			</trkpt>
			<trkpt lat="46.900253" lon="-121.664246">
				<ele>1461.866455</ele>
				<time>2026-06-14T16:01:11Z</time>
			</trkpt>
			<trkpt lat="46.900234" lon="-121.664299">
				<ele>1461.555054</ele>
				<time>2026-06-14T16:01:14Z</time>
			</trkpt>
			<trkpt lat="46.900223" lon="-121.664421">
				<ele>1463.885498</ele>
				<time>2026-06-14T16:01:20Z</time>
			</trkpt>
			<trkpt lat="46.900223" lon="-121.664497">
				<ele>1463.902222</ele>
				<time>2026-06-14T16:01:24Z</time>
			</trkpt>
			<trkpt lat="46.90023" lon="-121.664566">
				<ele>1463.60022</ele>
				<time>2026-06-14T16:01:27Z</time>
			</trkpt>
			<trkpt lat="46.900242" lon="-121.664627">
				<ele>1463.68457</ele>
				<time>2026-06-14T16:01:30Z</time>
			</trkpt>
			<trkpt lat="46.900223" lon="-121.664696">
				<ele>1463.386353</ele>
				<time>2026-06-14T16:01:33Z</time>
			</trkpt>
			<trkpt lat="46.900211" lon="-121.664757">
				<ele>1462.73584</ele>
				<time>2026-06-14T16:01:36Z</time>
			</trkpt>
			<trkpt lat="46.900192" lon="-121.66481">
				<ele>1463.419189</ele>
				<time>2026-06-14T16:01:39Z</time>
			</trkpt>
			<trkpt lat="46.900169" lon="-121.664856">
				<ele>1464.889771</ele>
				<time>2026-06-14T16:01:42Z</time>
			</trkpt>
			<trkpt lat="46.900139" lon="-121.664902">
				<ele>1465.531372</ele>
				<time>2026-06-14T16:01:45Z</time>
			</trkpt>
			<trkpt lat="46.900116" lon="-121.66494">
				<ele>1466.74353</ele>
				<time>2026-06-14T16:01:48Z</time>
			</trkpt>
			<trkpt lat="46.90012" lon="-121.664993">
				<ele>1468.205078</ele>
				<time>2026-06-14T16:01:50Z</time>
			</trkpt>
			<trkpt lat="46.900101" lon="-121.665054">
				<ele>1469.073486</ele>
				<time>2026-06-14T16:01:53Z</time>
			</trkpt>
			<trkpt lat="46.900093" lon="-121.665123">
				<ele>1469.051514</ele>
				<time>2026-06-14T16:01:57Z</time>
			</trkpt>
			<trkpt lat="46.900093" lon="-121.665184">
				<ele>1468.937378</ele>
				<time>2026-06-14T16:02:00Z</time>
			</trkpt>
			<trkpt lat="46.900082" lon="-121.665237">
				<ele>1469.116943</ele>
				<time>2026-06-14T16:02:03Z</time>
			</trkpt>
			<trkpt lat="46.900082" lon="-121.665314">
				<ele>1466.888794</ele>
				<time>2026-06-14T16:02:07Z</time>
			</trkpt>
			<trkpt lat="46.900078" lon="-121.665382">
				<ele>1466.39209</ele>
				<time>2026-06-14T16:02:11Z</time>
			</trkpt>
			<trkpt lat="46.900082" lon="-121.665459">
				<ele>1466.479248</ele>
				<time>2026-06-14T16:02:15Z</time>
			</trkpt>
			<trkpt lat="46.900078" lon="-121.665581">
				<ele>1469.406494</ele>
				<time>2026-06-14T16:02:23Z</time>
			</trkpt>
			<trkpt lat="46.900085" lon="-121.665634">
				<ele>1470.401245</ele>
				<time>2026-06-14T16:02:27Z</time>
			</trkpt>
			<trkpt lat="46.900082" lon="-121.665695">
				<ele>1470.879883</ele>
				<time>2026-06-14T16:02:30Z</time>
			</trkpt>
			<trkpt lat="46.900085" lon="-121.665749">
				<ele>1469.234985</ele>
				<time>2026-06-14T16:02:34Z</time>
			</trkpt>
			<trkpt lat="46.900089" lon="-121.66581">
				<ele>1469.036011</ele>
				<time>2026-06-14T16:02:37Z</time>
			</trkpt>
			<trkpt lat="46.900059" lon="-121.665855">
				<ele>1469.837891</ele>
				<time>2026-06-14T16:02:40Z</time>
			</trkpt>
			<trkpt lat="46.900024" lon="-121.665916">
				<ele>1469.204956</ele>
				<time>2026-06-14T16:02:44Z</time>
			</trkpt>
			<trkpt lat="46.900002" lon="-121.665985">
				<ele>1469.257935</ele>
				<time>2026-06-14T16:02:48Z</time>
			</trkpt>
			<trkpt lat="46.899986" lon="-121.666046">
				<ele>1471.393799</ele>
				<time>2026-06-14T16:02:52Z</time>
			</trkpt>
			<trkpt lat="46.899963" lon="-121.666107">
				<ele>1472.469116</ele>
				<time>2026-06-14T16:02:56Z</time>
			</trkpt>
			<trkpt lat="46.89996" lon="-121.666161">
				<ele>1472.611084</ele>
				<time>2026-06-14T16:02:59Z</time>
			</trkpt>
			<trkpt lat="46.899963" lon="-121.666214">
				<ele>1473.611938</ele>
				<time>2026-06-14T16:03:02Z</time>
			</trkpt>
			<trkpt lat="46.899948" lon="-121.66626">
				<ele>1473.391113</ele>
				<time>2026-06-14T16:03:05Z</time>
			</trkpt>
			<trkpt lat="46.899944" lon="-121.666328">
				<ele>1472.430786</ele>
				<time>2026-06-14T16:03:09Z</time>
			</trkpt>
			<trkpt lat="46.899952" lon="-121.666382">
				<ele>1472.597046</ele>
				<time>2026-06-14T16:03:13Z</time>
			</trkpt>
			<trkpt lat="46.899967" lon="-121.666481">
				<ele>1473.498779</ele>
				<time>2026-06-14T16:03:19Z</time>
			</trkpt>
			<trkpt lat="46.899963" lon="-121.666542">
				<ele>1472.444214</ele>
				<time>2026-06-14T16:03:23Z</time>
			</trkpt>
			<trkpt lat="46.89996" lon="-121.666603">
				<ele>1473.109985</ele>
				<time>2026-06-14T16:03:26Z</time>
			</trkpt>
			<trkpt lat="46.899963" lon="-121.666656">
				<ele>1472.203613</ele>
				<time>2026-06-14T16:03:29Z</time>
			</trkpt>
			<trkpt lat="46.899956" lon="-121.66671">
				<ele>1473.434937</ele>
				<time>2026-06-14T16:03:33Z</time>
			</trkpt>
			<trkpt lat="46.899956" lon="-121.666771">
				<ele>1473.855835</ele>
				<time>2026-06-14T16:03:36Z</time>
			</trkpt>
			<trkpt lat="46.89996" lon="-121.666832">
				<ele>1475.098877</ele>
				<time>2026-06-14T16:03:40Z</time>
			</trkpt>
			<trkpt lat="46.899963" lon="-121.666885">
				<ele>1475.247681</ele>
				<time>2026-06-14T16:03:44Z</time>
			</trkpt>
			<trkpt lat="46.899944" lon="-121.667038">
				<ele>1478.917358</ele>
				<time>2026-06-14T16:03:55Z</time>
			</trkpt>
			<trkpt lat="46.899944" lon="-121.667099">
				<ele>1478.257324</ele>
				<time>2026-06-14T16:03:58Z</time>
			</trkpt>
			<trkpt lat="46.899937" lon="-121.667152">
				<ele>1479.85498</ele>
				<time>2026-06-14T16:04:01Z</time>
			</trkpt>
			<trkpt lat="46.899929" lon="-121.667198">
				<ele>1478.0448</ele>
				<time>2026-06-14T16:04:04Z</time>
			</trkpt>
			<trkpt lat="46.899925" lon="-121.667259">
				<ele>1478.570435</ele>
				<time>2026-06-14T16:04:08Z</time>
			</trkpt>
			<trkpt lat="46.899925" lon="-121.667313">
				<ele>1477.990723</ele>
				<time>2026-06-14T16:04:12Z</time>
			</trkpt>
			<trkpt lat="46.899925" lon="-121.667374">
				<ele>1478.588379</ele>
				<time>2026-06-14T16:04:15Z</time>
			</trkpt>
			<trkpt lat="46.899929" lon="-121.66748">
				<ele>1477.920654</ele>
				<time>2026-06-14T16:04:22Z</time>
			</trkpt>
			<trkpt lat="46.899918" lon="-121.667572">
				<ele>1479.312866</ele>
				<time>2026-06-14T16:04:28Z</time>
			</trkpt>
			<trkpt lat="46.899902" lon="-121.667656">
				<ele>1481.403076</ele>
				<time>2026-06-14T16:04:35Z</time>
			</trkpt>
			<trkpt lat="46.899895" lon="-121.667709">
				<ele>1481.459961</ele>
				<time>2026-06-14T16:04:38Z</time>
			</trkpt>
			<trkpt lat="46.899891" lon="-121.667747">
				<ele>1481.557129</ele>
				<time>2026-06-14T16:04:41Z</time>
			</trkpt>
			<trkpt lat="46.899891" lon="-121.667847">
				<ele>1482.358887</ele>
				<time>2026-06-14T16:04:48Z</time>
			</trkpt>
			<trkpt lat="46.899879" lon="-121.667877">
				<ele>1483.836426</ele>
				<time>2026-06-14T16:04:51Z</time>
			</trkpt>
			<trkpt lat="46.899872" lon="-121.667908">
				<ele>1483.851807</ele>
				<time>2026-06-14T16:04:53Z</time>
			</trkpt>
			<trkpt lat="46.899872" lon="-121.667953">
				<ele>1483.838989</ele>
				<time>2026-06-14T16:04:56Z</time>
			</trkpt>
			<trkpt lat="46.899879" lon="-121.667999">
				<ele>1483.610474</ele>
				<time>2026-06-14T16:04:59Z</time>
			</trkpt>
			<trkpt lat="46.899902" lon="-121.668015">
				<ele>1483.589478</ele>
				<time>2026-06-14T16:05:03Z</time>
			</trkpt>
			<trkpt lat="46.899921" lon="-121.667953">
				<ele>1483.8396</ele>
				<time>2026-06-14T16:05:07Z</time>
			</trkpt>
			<trkpt lat="46.899933" lon="-121.667908">
				<ele>1484.374878</ele>
				<time>2026-06-14T16:05:10Z</time>
			</trkpt>
			<trkpt lat="46.899933" lon="-121.66787">
				<ele>1484.47583</ele>
				<time>2026-06-14T16:05:13Z</time>
			</trkpt>
			<trkpt lat="46.899956" lon="-121.667839">
				<ele>1484.094604</ele>
				<time>2026-06-14T16:05:15Z</time>
			</trkpt>
			<trkpt lat="46.899971" lon="-121.667809">
				<ele>1485.059326</ele>
				<time>2026-06-14T16:05:17Z</time>
			</trkpt>
			<trkpt lat="46.89999" lon="-121.667778">
				<ele>1484.356445</ele>
				<time>2026-06-14T16:05:20Z</time>
			</trkpt>
			<trkpt lat="46.900009" lon="-121.667763">
				<ele>1485.541138</ele>
				<time>2026-06-14T16:05:22Z</time>
			</trkpt>
			<trkpt lat="46.900051" lon="-121.667671">
				<ele>1486.469604</ele>
				<time>2026-06-14T16:05:30Z</time>
			</trkpt>
			<trkpt lat="46.900089" lon="-121.667618">
				<ele>1488.12146</ele>
				<time>2026-06-14T16:05:35Z</time>
			</trkpt>
			<trkpt lat="46.900112" lon="-121.667587">
				<ele>1487.610596</ele>
				<time>2026-06-14T16:05:38Z</time>
			</trkpt>
			<trkpt lat="46.90015" lon="-121.667519">
				<ele>1490.899414</ele>
				<time>2026-06-14T16:05:45Z</time>
			</trkpt>
			<trkpt lat="46.900177" lon="-121.66748">
				<ele>1491.114014</ele>
				<time>2026-06-14T16:05:49Z</time>
			</trkpt>
			<trkpt lat="46.9002" lon="-121.66745">
				<ele>1490.562988</ele>
				<time>2026-06-14T16:05:52Z</time>
			</trkpt>
			<trkpt lat="46.900211" lon="-121.667412">
				<ele>1491.974854</ele>
				<time>2026-06-14T16:05:55Z</time>
			</trkpt>
			<trkpt lat="46.900246" lon="-121.667336">
				<ele>1491.474609</ele>
				<time>2026-06-14T16:06:01Z</time>
			</trkpt>
			<trkpt lat="46.900242" lon="-121.667282">
				<ele>1492.028076</ele>
				<time>2026-06-14T16:06:05Z</time>
			</trkpt>
			<trkpt lat="46.900234" lon="-121.667244">
				<ele>1493.596191</ele>
				<time>2026-06-14T16:06:09Z</time>
			</trkpt>
			<trkpt lat="46.900261" lon="-121.667259">
				<ele>1494.259644</ele>
				<time>2026-06-14T16:06:12Z</time>
			</trkpt>
			<trkpt lat="46.900284" lon="-121.667305">
				<ele>1493.533447</ele>
				<time>2026-06-14T16:06:15Z</time>
			</trkpt>
			<trkpt lat="46.900314" lon="-121.667343">
				<ele>1493.93457</ele>
				<time>2026-06-14T16:06:19Z</time>
			</trkpt>
			<trkpt lat="46.900291" lon="-121.667526">
				<ele>1499.104736</ele>
				<time>2026-06-14T16:06:32Z</time>
			</trkpt>
			<trkpt lat="46.900288" lon="-121.66758">
				<ele>1498.927368</ele>
				<time>2026-06-14T16:06:35Z</time>
			</trkpt>
			<trkpt lat="46.900288" lon="-121.667618">
				<ele>1498.172485</ele>
				<time>2026-06-14T16:06:38Z</time>
			</trkpt>
			<trkpt lat="46.900272" lon="-121.667664">
				<ele>1498.512817</ele>
				<time>2026-06-14T16:06:41Z</time>
			</trkpt>
			<trkpt lat="46.900276" lon="-121.667747">
				<ele>1497.031128</ele>
				<time>2026-06-14T16:06:49Z</time>
			</trkpt>
			<trkpt lat="46.900257" lon="-121.667824">
				<ele>1498.161743</ele>
				<time>2026-06-14T16:06:55Z</time>
			</trkpt>
			<trkpt lat="46.900249" lon="-121.667877">
				<ele>1498.034302</ele>
				<time>2026-06-14T16:06:58Z</time>
			</trkpt>
			<trkpt lat="46.900234" lon="-121.667908">
				<ele>1499.284302</ele>
				<time>2026-06-14T16:07:01Z</time>
			</trkpt>
			<trkpt lat="46.90023" lon="-121.667961">
				<ele>1498.885986</ele>
				<time>2026-06-14T16:07:04Z</time>
			</trkpt>
			<trkpt lat="46.900208" lon="-121.668068">
				<ele>1501.344849</ele>
				<time>2026-06-14T16:07:11Z</time>
			</trkpt>
			<trkpt lat="46.900196" lon="-121.668098">
				<ele>1501.279541</ele>
				<time>2026-06-14T16:07:13Z</time>
			</trkpt>
			<trkpt lat="46.900181" lon="-121.668144">
				<ele>1500.758423</ele>
				<time>2026-06-14T16:07:16Z</time>
			</trkpt>
			<trkpt lat="46.900166" lon="-121.668205">
				<ele>1501.711548</ele>
				<time>2026-06-14T16:07:21Z</time>
			</trkpt>
			<trkpt lat="46.90015" lon="-121.668289">
				<ele>1502.312744</ele>
				<time>2026-06-14T16:07:26Z</time>
			</trkpt>
			<trkpt lat="46.900146" lon="-121.66832">
				<ele>1502.384766</ele>
				<time>2026-06-14T16:07:28Z</time>
			</trkpt>
			<trkpt lat="46.900139" lon="-121.668358">
				<ele>1502.340576</ele>
				<time>2026-06-14T16:07:30Z</time>
			</trkpt>
			<trkpt lat="46.900154" lon="-121.668388">
				<ele>1502.500977</ele>
				<time>2026-06-14T16:07:31Z</time>
			</trkpt>
			<trkpt lat="46.900143" lon="-121.668427">
				<ele>1503.044067</ele>
				<time>2026-06-14T16:07:34Z</time>
			</trkpt>
			<trkpt lat="46.900146" lon="-121.668457">
				<ele>1502.613525</ele>
				<time>2026-06-14T16:07:36Z</time>
			</trkpt>
			<trkpt lat="46.900158" lon="-121.668541">
				<ele>1503.549438</ele>
				<time>2026-06-14T16:07:42Z</time>
			</trkpt>
			<trkpt lat="46.900169" lon="-121.66861">
				<ele>1502.856567</ele>
				<time>2026-06-14T16:07:46Z</time>
			</trkpt>
			<trkpt lat="46.900181" lon="-121.668648">
				<ele>1502.888306</ele>
				<time>2026-06-14T16:07:48Z</time>
			</trkpt>
			<trkpt lat="46.900173" lon="-121.668686">
				<ele>1503.701538</ele>
				<time>2026-06-14T16:07:50Z</time>
			</trkpt>
			<trkpt lat="46.900169" lon="-121.668716">
				<ele>1502.658691</ele>
				<time>2026-06-14T16:07:52Z</time>
			</trkpt>
			<trkpt lat="46.900173" lon="-121.668755">
				<ele>1504.742676</ele>
				<time>2026-06-14T16:07:56Z</time>
			</trkpt>
			<trkpt lat="46.900166" lon="-121.6688">
				<ele>1504.864258</ele>
				<time>2026-06-14T16:07:58Z</time>
			</trkpt>
			<trkpt lat="46.90015" lon="-121.668869">
				<ele>1506.410767</ele>
				<time>2026-06-14T16:08:02Z</time>
			</trkpt>
			<trkpt lat="46.900146" lon="-121.668907">
				<ele>1506.414063</ele>
				<time>2026-06-14T16:08:04Z</time>
			</trkpt>
			<trkpt lat="46.900124" lon="-121.668922">
				<ele>1506.589844</ele>
				<time>2026-06-14T16:08:06Z</time>
			</trkpt>
			<trkpt lat="46.900135" lon="-121.668968">
				<ele>1505.936279</ele>
				<time>2026-06-14T16:08:08Z</time>
			</trkpt>
			<trkpt lat="46.900131" lon="-121.669006">
				<ele>1506.037476</ele>
				<time>2026-06-14T16:08:10Z</time>
			</trkpt>
			<trkpt lat="46.900124" lon="-121.669044">
				<ele>1504.811157</ele>
				<time>2026-06-14T16:08:13Z</time>
			</trkpt>
			<trkpt lat="46.900108" lon="-121.66909">
				<ele>1504.418945</ele>
				<time>2026-06-14T16:08:16Z</time>
			</trkpt>
			<trkpt lat="46.900101" lon="-121.669144">
				<ele>1504.536987</ele>
				<time>2026-06-14T16:08:19Z</time>
			</trkpt>
			<trkpt lat="46.900101" lon="-121.669205">
				<ele>1505.096069</ele>
				<time>2026-06-14T16:08:22Z</time>
			</trkpt>
			<trkpt lat="46.90012" lon="-121.66925">
				<ele>1504.830688</ele>
				<time>2026-06-14T16:08:25Z</time>
			</trkpt>
			<trkpt lat="46.900127" lon="-121.669304">
				<ele>1504.922241</ele>
				<time>2026-06-14T16:08:28Z</time>
			</trkpt>
			<trkpt lat="46.900131" lon="-121.669357">
				<ele>1504.739868</ele>
				<time>2026-06-14T16:08:31Z</time>
			</trkpt>
			<trkpt lat="46.900135" lon="-121.669418">
				<ele>1505.716553</ele>
				<time>2026-06-14T16:08:35Z</time>
			</trkpt>
			<trkpt lat="46.900131" lon="-121.669472">
				<ele>1505.578369</ele>
				<time>2026-06-14T16:08:38Z</time>
			</trkpt>
			<trkpt lat="46.900124" lon="-121.669525">
				<ele>1505.814941</ele>
				<time>2026-06-14T16:08:41Z</time>
			</trkpt>
			<trkpt lat="46.900105" lon="-121.669624">
				<ele>1508.265503</ele>
				<time>2026-06-14T16:08:47Z</time>
			</trkpt>
			<trkpt lat="46.900105" lon="-121.669685">
				<ele>1507.06604</ele>
				<time>2026-06-14T16:08:51Z</time>
			</trkpt>
			<trkpt lat="46.900097" lon="-121.669746">
				<ele>1507.249268</ele>
				<time>2026-06-14T16:08:55Z</time>
			</trkpt>
			<trkpt lat="46.900108" lon="-121.669807">
				<ele>1508.661987</ele>
				<time>2026-06-14T16:08:58Z</time>
			</trkpt>
			<trkpt lat="46.900093" lon="-121.669876">
				<ele>1509.71167</ele>
				<time>2026-06-14T16:09:02Z</time>
			</trkpt>
			<trkpt lat="46.90007" lon="-121.669937">
				<ele>1509.821655</ele>
				<time>2026-06-14T16:09:05Z</time>
			</trkpt>
			<trkpt lat="46.900063" lon="-121.670006">
				<ele>1509.419434</ele>
				<time>2026-06-14T16:09:10Z</time>
			</trkpt>
			<trkpt lat="46.900063" lon="-121.670074">
				<ele>1509.958496</ele>
				<time>2026-06-14T16:09:14Z</time>
			</trkpt>
			<trkpt lat="46.900089" lon="-121.670288">
				<ele>1514.49231</ele>
				<time>2026-06-14T16:09:28Z</time>
			</trkpt>
			<trkpt lat="46.90004" lon="-121.670349">
				<ele>1515.084473</ele>
				<time>2026-06-14T16:09:37Z</time>
			</trkpt>
			<trkpt lat="46.900032" lon="-121.670448">
				<ele>1516.244507</ele>
				<time>2026-06-14T16:09:41Z</time>
			</trkpt>
			<trkpt lat="46.899986" lon="-121.670479">
				<ele>1517.557373</ele>
				<time>2026-06-14T16:09:44Z</time>
			</trkpt>
			<trkpt lat="46.899956" lon="-121.670555">
				<ele>1513.436279</ele>
				<time>2026-06-14T16:09:51Z</time>
			</trkpt>
			<trkpt lat="46.899937" lon="-121.670647">
				<ele>1513.545898</ele>
				<time>2026-06-14T16:09:57Z</time>
			</trkpt>
			<trkpt lat="46.899895" lon="-121.670715">
				<ele>1512.539551</ele>
				<time>2026-06-14T16:10:05Z</time>
			</trkpt>
			<trkpt lat="46.899887" lon="-121.670815">
				<ele>1515.645264</ele>
				<time>2026-06-14T16:10:10Z</time>
			</trkpt>
			<trkpt lat="46.899822" lon="-121.670975">
				<ele>1517.332397</ele>
				<time>2026-06-14T16:10:20Z</time>
			</trkpt>
			<trkpt lat="46.899769" lon="-121.671005">
				<ele>1514.965454</ele>
				<time>2026-06-14T16:10:27Z</time>
			</trkpt>
			<trkpt lat="46.899708" lon="-121.671051">
				<ele>1515.774902</ele>
				<time>2026-06-14T16:10:30Z</time>
			</trkpt>
			<trkpt lat="46.899658" lon="-121.671074">
				<ele>1515.392334</ele>
				<time>2026-06-14T16:10:36Z</time>
			</trkpt>
			<trkpt lat="46.899628" lon="-121.67112">
				<ele>1515.554077</ele>
				<time>2026-06-14T16:10:41Z</time>
			</trkpt>
			<trkpt lat="46.899601" lon="-121.671288">
				<ele>1518.285645</ele>
				<time>2026-06-14T16:10:58Z</time>
			</trkpt>
			<trkpt lat="46.899574" lon="-121.67131">
				<ele>1518.930664</ele>
				<time>2026-06-14T16:11:02Z</time>
			</trkpt>
			<trkpt lat="46.899555" lon="-121.671349">
				<ele>1519.134277</ele>
				<time>2026-06-14T16:11:05Z</time>
			</trkpt>
			<trkpt lat="46.899525" lon="-121.671394">
				<ele>1519.256104</ele>
				<time>2026-06-14T16:11:08Z</time>
			</trkpt>
			<trkpt lat="46.899506" lon="-121.671432">
				<ele>1518.62146</ele>
				<time>2026-06-14T16:11:11Z</time>
			</trkpt>
			<trkpt lat="46.89949" lon="-121.671471">
				<ele>1518.77002</ele>
				<time>2026-06-14T16:11:14Z</time>
			</trkpt>
			<trkpt lat="46.899475" lon="-121.671516">
				<ele>1519.393921</ele>
				<time>2026-06-14T16:11:17Z</time>
			</trkpt>
			<trkpt lat="46.899456" lon="-121.671547">
				<ele>1518.681885</ele>
				<time>2026-06-14T16:11:20Z</time>
			</trkpt>
			<trkpt lat="46.899441" lon="-121.671577">
				<ele>1518.654785</ele>
				<time>2026-06-14T16:11:22Z</time>
			</trkpt>
			<trkpt lat="46.899418" lon="-121.671654">
				<ele>1519.950684</ele>
				<time>2026-06-14T16:11:28Z</time>
			</trkpt>
			<trkpt lat="46.899403" lon="-121.671692">
				<ele>1521.999512</ele>
				<time>2026-06-14T16:11:31Z</time>
			</trkpt>
			<trkpt lat="46.899387" lon="-121.671738">
				<ele>1521.1521</ele>
				<time>2026-06-14T16:11:34Z</time>
			</trkpt>
			<trkpt lat="46.899364" lon="-121.671776">
				<ele>1521.221436</ele>
				<time>2026-06-14T16:11:37Z</time>
			</trkpt>
			<trkpt lat="46.899361" lon="-121.671814">
				<ele>1521.230957</ele>
				<time>2026-06-14T16:11:40Z</time>
			</trkpt>
			<trkpt lat="46.899357" lon="-121.67186">
				<ele>1521.540649</ele>
				<time>2026-06-14T16:11:42Z</time>
			</trkpt>
			<trkpt lat="46.899353" lon="-121.671898">
				<ele>1521.514526</ele>
				<time>2026-06-14T16:11:44Z</time>
			</trkpt>
			<trkpt lat="46.899338" lon="-121.671936">
				<ele>1521.630249</ele>
				<time>2026-06-14T16:11:47Z</time>
			</trkpt>
			<trkpt lat="46.899323" lon="-121.671982">
				<ele>1520.671387</ele>
				<time>2026-06-14T16:11:50Z</time>
			</trkpt>
			<trkpt lat="46.899307" lon="-121.67202">
				<ele>1522.047729</ele>
				<time>2026-06-14T16:11:52Z</time>
			</trkpt>
			<trkpt lat="46.899277" lon="-121.672058">
				<ele>1522.179932</ele>
				<time>2026-06-14T16:11:55Z</time>
			</trkpt>
			<trkpt lat="46.899231" lon="-121.672165">
				<ele>1523.963989</ele>
				<time>2026-06-14T16:12:01Z</time>
			</trkpt>
			<trkpt lat="46.899208" lon="-121.672211">
				<ele>1523.893555</ele>
				<time>2026-06-14T16:12:04Z</time>
			</trkpt>
			<trkpt lat="46.899166" lon="-121.67231">
				<ele>1524.391235</ele>
				<time>2026-06-14T16:12:11Z</time>
			</trkpt>
			<trkpt lat="46.899158" lon="-121.672363">
				<ele>1525.350464</ele>
				<time>2026-06-14T16:12:14Z</time>
			</trkpt>
			<trkpt lat="46.899155" lon="-121.67244">
				<ele>1524.141235</ele>
				<time>2026-06-14T16:12:19Z</time>
			</trkpt>
			<trkpt lat="46.899151" lon="-121.672546">
				<ele>1524.70105</ele>
				<time>2026-06-14T16:12:26Z</time>
			</trkpt>
			<trkpt lat="46.899155" lon="-121.6726">
				<ele>1526.457275</ele>
				<time>2026-06-14T16:12:29Z</time>
			</trkpt>
			<trkpt lat="46.899139" lon="-121.672653">
				<ele>1527.327515</ele>
				<time>2026-06-14T16:12:33Z</time>
			</trkpt>
			<trkpt lat="46.899139" lon="-121.672714">
				<ele>1527.378906</ele>
				<time>2026-06-14T16:12:36Z</time>
			</trkpt>
			<trkpt lat="46.899143" lon="-121.672775">
				<ele>1528.531738</ele>
				<time>2026-06-14T16:12:39Z</time>
			</trkpt>
			<trkpt lat="46.899132" lon="-121.672897">
				<ele>1528.028564</ele>
				<time>2026-06-14T16:12:47Z</time>
			</trkpt>
			<trkpt lat="46.899105" lon="-121.672943">
				<ele>1528.903931</ele>
				<time>2026-06-14T16:12:51Z</time>
			</trkpt>
			<trkpt lat="46.899059" lon="-121.672958">
				<ele>1527.701904</ele>
				<time>2026-06-14T16:12:55Z</time>
			</trkpt>
			<trkpt lat="46.89901" lon="-121.673004">
				<ele>1528.261108</ele>
				<time>2026-06-14T16:12:58Z</time>
			</trkpt>
			<trkpt lat="46.898979" lon="-121.673042">
				<ele>1527.700562</ele>
				<time>2026-06-14T16:13:02Z</time>
			</trkpt>
			<trkpt lat="46.898937" lon="-121.673065">
				<ele>1527.824219</ele>
				<time>2026-06-14T16:13:05Z</time>
			</trkpt>
			<trkpt lat="46.898876" lon="-121.673149">
				<ele>1524.921875</ele>
				<time>2026-06-14T16:13:13Z</time>
			</trkpt>
			<trkpt lat="46.898846" lon="-121.673187">
				<ele>1525.290039</ele>
				<time>2026-06-14T16:13:16Z</time>
			</trkpt>
			<trkpt lat="46.898811" lon="-121.673218">
				<ele>1524.66687</ele>
				<time>2026-06-14T16:13:20Z</time>
			</trkpt>
			<trkpt lat="46.898792" lon="-121.673271">
				<ele>1525.960327</ele>
				<time>2026-06-14T16:13:24Z</time>
			</trkpt>
			<trkpt lat="46.898769" lon="-121.673317">
				<ele>1526.186035</ele>
				<time>2026-06-14T16:13:27Z</time>
			</trkpt>
			<trkpt lat="46.898758" lon="-121.673378">
				<ele>1526.022217</ele>
				<time>2026-06-14T16:13:31Z</time>
			</trkpt>
			<trkpt lat="46.898754" lon="-121.673439">
				<ele>1525.113037</ele>
				<time>2026-06-14T16:13:34Z</time>
			</trkpt>
			<trkpt lat="46.898716" lon="-121.673477">
				<ele>1525.000122</ele>
				<time>2026-06-14T16:13:37Z</time>
			</trkpt>
			<trkpt lat="46.898647" lon="-121.673569">
				<ele>1528.83606</ele>
				<time>2026-06-14T16:13:44Z</time>
			</trkpt>
			<trkpt lat="46.898609" lon="-121.673615">
				<ele>1528.85376</ele>
				<time>2026-06-14T16:13:48Z</time>
			</trkpt>
			<trkpt lat="46.898567" lon="-121.673645">
				<ele>1529.5802</ele>
				<time>2026-06-14T16:13:51Z</time>
			</trkpt>
			<trkpt lat="46.898529" lon="-121.673691">
				<ele>1528.818481</ele>
				<time>2026-06-14T16:13:56Z</time>
			</trkpt>
			<trkpt lat="46.898502" lon="-121.673744">
				<ele>1529.148804</ele>
				<time>2026-06-14T16:14:00Z</time>
			</trkpt>
			<trkpt lat="46.898514" lon="-121.673805">
				<ele>1527.804688</ele>
				<time>2026-06-14T16:14:04Z</time>
			</trkpt>
			<trkpt lat="46.898518" lon="-121.673859">
				<ele>1529.142822</ele>
				<time>2026-06-14T16:14:09Z</time>
			</trkpt>
			<trkpt lat="46.898514" lon="-121.67392">
				<ele>1529.545288</ele>
				<time>2026-06-14T16:14:14Z</time>
			</trkpt>
			<trkpt lat="46.898502" lon="-121.673973">
				<ele>1529.508911</ele>
				<time>2026-06-14T16:14:18Z</time>
			</trkpt>
			<trkpt lat="46.89846" lon="-121.674126">
				<ele>1532.302002</ele>
				<time>2026-06-14T16:14:27Z</time>
			</trkpt>
			<trkpt lat="46.898376" lon="-121.674225">
				<ele>1531.289795</ele>
				<time>2026-06-14T16:14:35Z</time>
			</trkpt>
			<trkpt lat="46.89835" lon="-121.674294">
				<ele>1532.182617</ele>
				<time>2026-06-14T16:14:40Z</time>
			</trkpt>
			<trkpt lat="46.898331" lon="-121.67437">
				<ele>1531.2948</ele>
				<time>2026-06-14T16:14:45Z</time>
			</trkpt>
			<trkpt lat="46.898312" lon="-121.674438">
				<ele>1531.555664</ele>
				<time>2026-06-14T16:14:50Z</time>
			</trkpt>
			<trkpt lat="46.898281" lon="-121.674492">
				<ele>1532.008423</ele>
				<time>2026-06-14T16:14:54Z</time>
			</trkpt>
			<trkpt lat="46.898247" lon="-121.674545">
				<ele>1533.547363</ele>
				<time>2026-06-14T16:15:00Z</time>
			</trkpt>
			<trkpt lat="46.898205" lon="-121.674583">
				<ele>1534.074829</ele>
				<time>2026-06-14T16:15:03Z</time>
			</trkpt>
			<trkpt lat="46.898159" lon="-121.674644">
				<ele>1534.053467</ele>
				<time>2026-06-14T16:15:09Z</time>
			</trkpt>
			<trkpt lat="46.898125" lon="-121.674713">
				<ele>1537.730225</ele>
				<time>2026-06-14T16:15:14Z</time>
			</trkpt>
			<trkpt lat="46.898083" lon="-121.674774">
				<ele>1538.886597</ele>
				<time>2026-06-14T16:15:20Z</time>
			</trkpt>
			<trkpt lat="46.897991" lon="-121.67482">
				<ele>1535.945068</ele>
				<time>2026-06-14T16:15:30Z</time>
			</trkpt>
			<trkpt lat="46.897942" lon="-121.674835">
				<ele>1535.827515</ele>
				<time>2026-06-14T16:15:35Z</time>
			</trkpt>
			<trkpt lat="46.897842" lon="-121.674988">
				<ele>1537.909302</ele>
				<time>2026-06-14T16:15:50Z</time>
			</trkpt>
			<trkpt lat="46.897827" lon="-121.675049">
				<ele>1538.050049</ele>
				<time>2026-06-14T16:15:56Z</time>
			</trkpt>
			<trkpt lat="46.8978" lon="-121.67511">
				<ele>1537.273804</ele>
				<time>2026-06-14T16:16:01Z</time>
			</trkpt>
			<trkpt lat="46.89777" lon="-121.67524">
				<ele>1540.387573</ele>
				<time>2026-06-14T16:16:12Z</time>
			</trkpt>
			<trkpt lat="46.897739" lon="-121.675285">
				<ele>1542.891235</ele>
				<time>2026-06-14T16:16:17Z</time>
			</trkpt>
			<trkpt lat="46.897755" lon="-121.675346">
				<ele>1542.976807</ele>
				<time>2026-06-14T16:16:26Z</time>
			</trkpt>
			<trkpt lat="46.897682" lon="-121.67543">
				<ele>1545.902222</ele>
				<time>2026-06-14T16:16:38Z</time>
			</trkpt>
			<trkpt lat="46.897671" lon="-121.67556">
				<ele>1545.536377</ele>
				<time>2026-06-14T16:16:51Z</time>
			</trkpt>
			<trkpt lat="46.897659" lon="-121.675629">
				<ele>1546.781006</ele>
				<time>2026-06-14T16:16:57Z</time>
			</trkpt>
			<trkpt lat="46.897617" lon="-121.675674">
				<ele>1548.129395</ele>
				<time>2026-06-14T16:17:01Z</time>
			</trkpt>
			<trkpt lat="46.897602" lon="-121.675751">
				<ele>1548.657349</ele>
				<time>2026-06-14T16:17:08Z</time>
			</trkpt>
			<trkpt lat="46.897579" lon="-121.67588">
				<ele>1546.90686</ele>
				<time>2026-06-14T16:17:20Z</time>
			</trkpt>
			<trkpt lat="46.897511" lon="-121.67598">
				<ele>1552.670654</ele>
				<time>2026-06-14T16:17:30Z</time>
			</trkpt>
			<trkpt lat="46.897476" lon="-121.676025">
				<ele>1553.39563</ele>
				<time>2026-06-14T16:17:40Z</time>
			</trkpt>
			<trkpt lat="46.897461" lon="-121.676086">
				<ele>1553.664307</ele>
				<time>2026-06-14T16:17:46Z</time>
			</trkpt>
			<trkpt lat="46.897434" lon="-121.676208">
				<ele>1552.782959</ele>
				<time>2026-06-14T16:17:57Z</time>
			</trkpt>
			<trkpt lat="46.897369" lon="-121.6763">
				<ele>1551.770264</ele>
				<time>2026-06-14T16:18:05Z</time>
			</trkpt>
			<trkpt lat="46.897335" lon="-121.676346">
				<ele>1551.443726</ele>
				<time>2026-06-14T16:18:10Z</time>
			</trkpt>
			<trkpt lat="46.897301" lon="-121.676407">
				<ele>1553.09021</ele>
				<time>2026-06-14T16:18:15Z</time>
			</trkpt>
			<trkpt lat="46.89727" lon="-121.676468">
				<ele>1553.619629</ele>
				<time>2026-06-14T16:18:21Z</time>
			</trkpt>
			<trkpt lat="46.897236" lon="-121.676514">
				<ele>1553.184448</ele>
				<time>2026-06-14T16:18:26Z</time>
			</trkpt>
			<trkpt lat="46.897186" lon="-121.676613">
				<ele>1554.934082</ele>
				<time>2026-06-14T16:18:37Z</time>
			</trkpt>
			<trkpt lat="46.897156" lon="-121.676659">
				<ele>1553.44873</ele>
				<time>2026-06-14T16:18:41Z</time>
			</trkpt>
			<trkpt lat="46.89711" lon="-121.67675">
				<ele>1554.440552</ele>
				<time>2026-06-14T16:18:50Z</time>
			</trkpt>
			<trkpt lat="46.897099" lon="-121.676804">
				<ele>1554.194824</ele>
				<time>2026-06-14T16:18:55Z</time>
			</trkpt>
			<trkpt lat="46.897087" lon="-121.676857">
				<ele>1555.375977</ele>
				<time>2026-06-14T16:19:00Z</time>
			</trkpt>
			<trkpt lat="46.89706" lon="-121.677017">
				<ele>1552.855957</ele>
				<time>2026-06-14T16:19:11Z</time>
			</trkpt>
			<trkpt lat="46.89706" lon="-121.677124">
				<ele>1551.81543</ele>
				<time>2026-06-14T16:19:18Z</time>
			</trkpt>
			<trkpt lat="46.897068" lon="-121.677185">
				<ele>1552.906494</ele>
				<time>2026-06-14T16:19:21Z</time>
			</trkpt>
			<trkpt lat="46.897064" lon="-121.677238">
				<ele>1552.725342</ele>
				<time>2026-06-14T16:19:24Z</time>
			</trkpt>
			<trkpt lat="46.897083" lon="-121.677345">
				<ele>1553.234619</ele>
				<time>2026-06-14T16:19:31Z</time>
			</trkpt>
			<trkpt lat="46.897076" lon="-121.677399">
				<ele>1552.876221</ele>
				<time>2026-06-14T16:19:33Z</time>
			</trkpt>
			<trkpt lat="46.897064" lon="-121.677444">
				<ele>1554.325195</ele>
				<time>2026-06-14T16:19:35Z</time>
			</trkpt>
			<trkpt lat="46.897057" lon="-121.677498">
				<ele>1554.911255</ele>
				<time>2026-06-14T16:19:38Z</time>
			</trkpt>
			<trkpt lat="46.897049" lon="-121.677589">
				<ele>1552.939087</ele>
				<time>2026-06-14T16:19:44Z</time>
			</trkpt>
			<trkpt lat="46.89706" lon="-121.677628">
				<ele>1552.909058</ele>
				<time>2026-06-14T16:19:47Z</time>
			</trkpt>
			<trkpt lat="46.897064" lon="-121.677719">
				<ele>1553.412231</ele>
				<time>2026-06-14T16:19:52Z</time>
			</trkpt>
			<trkpt lat="46.89706" lon="-121.677765">
				<ele>1551.916504</ele>
				<time>2026-06-14T16:19:55Z</time>
			</trkpt>
			<trkpt lat="46.897072" lon="-121.677803">
				<ele>1552.501343</ele>
				<time>2026-06-14T16:19:57Z</time>
			</trkpt>
			<trkpt lat="46.897091" lon="-121.677887">
				<ele>1549.738647</ele>
				<time>2026-06-14T16:20:03Z</time>
			</trkpt>
			<trkpt lat="46.897102" lon="-121.677917">
				<ele>1550.771851</ele>
				<time>2026-06-14T16:20:06Z</time>
			</trkpt>
			<trkpt lat="46.897133" lon="-121.677956">
				<ele>1550.830933</ele>
				<time>2026-06-14T16:20:09Z</time>
			</trkpt>
			<trkpt lat="46.89711" lon="-121.677994">
				<ele>1551.790039</ele>
				<time>2026-06-14T16:20:13Z</time>
			</trkpt>
			<trkpt lat="46.897079" lon="-121.678017">
				<ele>1553.921875</ele>
				<time>2026-06-14T16:20:17Z</time>
			</trkpt>
			<trkpt lat="46.897045" lon="-121.67804">
				<ele>1554.071167</ele>
				<time>2026-06-14T16:20:19Z</time>
			</trkpt>
			<trkpt lat="46.897018" lon="-121.678062">
				<ele>1552.723022</ele>
				<time>2026-06-14T16:20:22Z</time>
			</trkpt>
			<trkpt lat="46.896992" lon="-121.678093">
				<ele>1553.214355</ele>
				<time>2026-06-14T16:20:25Z</time>
			</trkpt>
			<trkpt lat="46.896973" lon="-121.678131">
				<ele>1554.543213</ele>
				<time>2026-06-14T16:20:33Z</time>
			</trkpt>
			<trkpt lat="46.896965" lon="-121.678185">
				<ele>1553.076416</ele>
				<time>2026-06-14T16:20:38Z</time>
			</trkpt>
			<trkpt lat="46.896969" lon="-121.67823">
				<ele>1553.71875</ele>
				<time>2026-06-14T16:20:40Z</time>
			</trkpt>
			<trkpt lat="46.896954" lon="-121.678284">
				<ele>1553.916504</ele>
				<time>2026-06-14T16:20:44Z</time>
			</trkpt>
			<trkpt lat="46.896942" lon="-121.678375">
				<ele>1556.318726</ele>
				<time>2026-06-14T16:20:52Z</time>
			</trkpt>
			<trkpt lat="46.896954" lon="-121.678474">
				<ele>1556.926392</ele>
				<time>2026-06-14T16:20:59Z</time>
			</trkpt>
			<trkpt lat="46.896942" lon="-121.678596">
				<ele>1560.603149</ele>
				<time>2026-06-14T16:21:09Z</time>
			</trkpt>
			<trkpt lat="46.896919" lon="-121.678635">
				<ele>1560.188843</ele>
				<time>2026-06-14T16:21:14Z</time>
			</trkpt>
			<trkpt lat="46.896896" lon="-121.678696">
				<ele>1561.630249</ele>
				<time>2026-06-14T16:21:19Z</time>
			</trkpt>
			<trkpt lat="46.896896" lon="-121.678749">
				<ele>1561.661133</ele>
				<time>2026-06-14T16:21:23Z</time>
			</trkpt>
			<trkpt lat="46.896885" lon="-121.678818">
				<ele>1561.417603</ele>
				<time>2026-06-14T16:21:27Z</time>
			</trkpt>
			<trkpt lat="46.896866" lon="-121.678871">
				<ele>1562.417603</ele>
				<time>2026-06-14T16:21:31Z</time>
			</trkpt>
			<trkpt lat="46.896866" lon="-121.678947">
				<ele>1561.534668</ele>
				<time>2026-06-14T16:21:36Z</time>
			</trkpt>
			<trkpt lat="46.896866" lon="-121.679008">
				<ele>1562.391113</ele>
				<time>2026-06-14T16:21:40Z</time>
			</trkpt>
			<trkpt lat="46.896854" lon="-121.67907">
				<ele>1564.596802</ele>
				<time>2026-06-14T16:21:46Z</time>
			</trkpt>
			<trkpt lat="46.896854" lon="-121.679146">
				<ele>1564.241333</ele>
				<time>2026-06-14T16:21:50Z</time>
			</trkpt>
			<trkpt lat="46.896824" lon="-121.679199">
				<ele>1564.972534</ele>
				<time>2026-06-14T16:21:55Z</time>
			</trkpt>
			<trkpt lat="46.896809" lon="-121.679283">
				<ele>1563.708374</ele>
				<time>2026-06-14T16:22:02Z</time>
			</trkpt>
			<trkpt lat="46.896763" lon="-121.679443">
				<ele>1566.450562</ele>
				<time>2026-06-14T16:22:16Z</time>
			</trkpt>
			<trkpt lat="46.896732" lon="-121.679474">
				<ele>1568.797729</ele>
				<time>2026-06-14T16:22:21Z</time>
			</trkpt>
			<trkpt lat="46.896736" lon="-121.679535">
				<ele>1569.526978</ele>
				<time>2026-06-14T16:22:26Z</time>
			</trkpt>
			<trkpt lat="46.896717" lon="-121.679588">
				<ele>1572.717529</ele>
				<time>2026-06-14T16:22:33Z</time>
			</trkpt>
			<trkpt lat="46.896706" lon="-121.679665">
				<ele>1572.171509</ele>
				<time>2026-06-14T16:22:37Z</time>
			</trkpt>
			<trkpt lat="46.89669" lon="-121.679733">
				<ele>1571.332275</ele>
				<time>2026-06-14T16:22:41Z</time>
			</trkpt>
			<trkpt lat="46.89669" lon="-121.679802">
				<ele>1571.411377</ele>
				<time>2026-06-14T16:22:45Z</time>
			</trkpt>
			<trkpt lat="46.896667" lon="-121.679863">
				<ele>1572.020752</ele>
				<time>2026-06-14T16:22:49Z</time>
			</trkpt>
			<trkpt lat="46.896641" lon="-121.679916">
				<ele>1571.349731</ele>
				<time>2026-06-14T16:22:54Z</time>
			</trkpt>
			<trkpt lat="46.89661" lon="-121.679962">
				<ele>1571.880371</ele>
				<time>2026-06-14T16:22:59Z</time>
			</trkpt>
			<trkpt lat="46.896622" lon="-121.680046">
				<ele>1572.022095</ele>
				<time>2026-06-14T16:23:04Z</time>
			</trkpt>
			<trkpt lat="46.896606" lon="-121.680107">
				<ele>1574.520874</ele>
				<time>2026-06-14T16:23:10Z</time>
			</trkpt>
			<trkpt lat="46.896564" lon="-121.680214">
				<ele>1576.768799</ele>
				<time>2026-06-14T16:23:21Z</time>
			</trkpt>
			<trkpt lat="46.896553" lon="-121.680275">
				<ele>1576.022339</ele>
				<time>2026-06-14T16:23:26Z</time>
			</trkpt>
			<trkpt lat="46.896542" lon="-121.680336">
				<ele>1576.566895</ele>
				<time>2026-06-14T16:23:32Z</time>
			</trkpt>
			<trkpt lat="46.896545" lon="-121.680405">
				<ele>1576.288208</ele>
				<time>2026-06-14T16:23:38Z</time>
			</trkpt>
			<trkpt lat="46.896568" lon="-121.68058">
				<ele>1578.260254</ele>
				<time>2026-06-14T16:23:51Z</time>
			</trkpt>
			<trkpt lat="46.896561" lon="-121.680634">
				<ele>1578.61731</ele>
				<time>2026-06-14T16:23:56Z</time>
			</trkpt>
			<trkpt lat="46.896576" lon="-121.680695">
				<ele>1578.666748</ele>
				<time>2026-06-14T16:24:01Z</time>
			</trkpt>
			<trkpt lat="46.896595" lon="-121.680756">
				<ele>1578.681519</ele>
				<time>2026-06-14T16:24:05Z</time>
			</trkpt>
			<trkpt lat="46.896603" lon="-121.680809">
				<ele>1579.35437</ele>
				<time>2026-06-14T16:24:09Z</time>
			</trkpt>
			<trkpt lat="46.896595" lon="-121.680862">
				<ele>1579.709351</ele>
				<time>2026-06-14T16:24:13Z</time>
			</trkpt>
			<trkpt lat="46.896606" lon="-121.680916">
				<ele>1579.895386</ele>
				<time>2026-06-14T16:24:17Z</time>
			</trkpt>
			<trkpt lat="46.896618" lon="-121.680962">
				<ele>1580.804443</ele>
				<time>2026-06-14T16:24:21Z</time>
			</trkpt>
			<trkpt lat="46.896652" lon="-121.681061">
				<ele>1581.056396</ele>
				<time>2026-06-14T16:24:29Z</time>
			</trkpt>
			<trkpt lat="46.896679" lon="-121.681229">
				<ele>1580.127197</ele>
				<time>2026-06-14T16:24:41Z</time>
			</trkpt>
			<trkpt lat="46.896664" lon="-121.68129">
				<ele>1581.28833</ele>
				<time>2026-06-14T16:24:45Z</time>
			</trkpt>
			<trkpt lat="46.896683" lon="-121.681343">
				<ele>1582.929321</ele>
				<time>2026-06-14T16:24:50Z</time>
			</trkpt>
			<trkpt lat="46.896687" lon="-121.681396">
				<ele>1582.12439</ele>
				<time>2026-06-14T16:24:55Z</time>
			</trkpt>
			<trkpt lat="46.896706" lon="-121.681442">
				<ele>1583.99707</ele>
				<time>2026-06-14T16:25:02Z</time>
			</trkpt>
			<trkpt lat="46.89669" lon="-121.681519">
				<ele>1583.298828</ele>
				<time>2026-06-14T16:25:55Z</time>
			</trkpt>
			<trkpt lat="46.896725" lon="-121.681633">
				<ele>1585.373413</ele>
				<time>2026-06-14T16:26:06Z</time>
			</trkpt>
			<trkpt lat="46.896736" lon="-121.681679">
				<ele>1585.209595</ele>
				<time>2026-06-14T16:26:09Z</time>
			</trkpt>
			<trkpt lat="46.896763" lon="-121.681793">
				<ele>1588.551025</ele>
				<time>2026-06-14T16:26:19Z</time>
			</trkpt>
			<trkpt lat="46.896801" lon="-121.681862">
				<ele>1591.865723</ele>
				<time>2026-06-14T16:26:26Z</time>
			</trkpt>
			<trkpt lat="46.89682" lon="-121.6819">
				<ele>1590.993164</ele>
				<time>2026-06-14T16:26:29Z</time>
			</trkpt>
			<trkpt lat="46.89682" lon="-121.681961">
				<ele>1591.931152</ele>
				<time>2026-06-14T16:26:32Z</time>
			</trkpt>
			<trkpt lat="46.896832" lon="-121.682022">
				<ele>1592.182861</ele>
				<time>2026-06-14T16:26:36Z</time>
			</trkpt>
			<trkpt lat="46.896843" lon="-121.682068">
				<ele>1591.300049</ele>
				<time>2026-06-14T16:26:40Z</time>
			</trkpt>
			<trkpt lat="46.896847" lon="-121.682121">
				<ele>1591.953735</ele>
				<time>2026-06-14T16:26:44Z</time>
			</trkpt>
			<trkpt lat="46.896858" lon="-121.682175">
				<ele>1592.19104</ele>
				<time>2026-06-14T16:26:47Z</time>
			</trkpt>
			<trkpt lat="46.896881" lon="-121.682259">
				<ele>1593.715576</ele>
				<time>2026-06-14T16:26:54Z</time>
			</trkpt>
			<trkpt lat="46.896893" lon="-121.682304">
				<ele>1594.03064</ele>
				<time>2026-06-14T16:26:58Z</time>
			</trkpt>
			<trkpt lat="46.896896" lon="-121.682358">
				<ele>1593.920044</ele>
				<time>2026-06-14T16:27:02Z</time>
			</trkpt>
			<trkpt lat="46.896919" lon="-121.682404">
				<ele>1595.738403</ele>
				<time>2026-06-14T16:27:06Z</time>
			</trkpt>
			<trkpt lat="46.896935" lon="-121.682449">
				<ele>1594.38269</ele>
				<time>2026-06-14T16:27:10Z</time>
			</trkpt>
			<trkpt lat="46.896961" lon="-121.68251">
				<ele>1594.561401</ele>
				<time>2026-06-14T16:27:15Z</time>
			</trkpt>
			<trkpt lat="46.896969" lon="-121.682625">
				<ele>1595.644043</ele>
				<time>2026-06-14T16:27:22Z</time>
			</trkpt>
			<trkpt lat="46.896965" lon="-121.682671">
				<ele>1596.797119</ele>
				<time>2026-06-14T16:27:27Z</time>
			</trkpt>
			<trkpt lat="46.896961" lon="-121.682716">
				<ele>1596.694214</ele>
				<time>2026-06-14T16:27:31Z</time>
			</trkpt>
			<trkpt lat="46.896996" lon="-121.682892">
				<ele>1600.631836</ele>
				<time>2026-06-14T16:27:49Z</time>
			</trkpt>
			<trkpt lat="46.897011" lon="-121.682945">
				<ele>1600.689453</ele>
				<time>2026-06-14T16:27:52Z</time>
			</trkpt>
			<trkpt lat="46.897015" lon="-121.683029">
				<ele>1601.00769</ele>
				<time>2026-06-14T16:27:57Z</time>
			</trkpt>
			<trkpt lat="46.897015" lon="-121.683067">
				<ele>1602.317871</ele>
				<time>2026-06-14T16:28:00Z</time>
			</trkpt>
			<trkpt lat="46.897015" lon="-121.683113">
				<ele>1602.508057</ele>
				<time>2026-06-14T16:28:03Z</time>
			</trkpt>
			<trkpt lat="46.897018" lon="-121.683159">
				<ele>1604.231201</ele>
				<time>2026-06-14T16:28:07Z</time>
			</trkpt>
			<trkpt lat="46.897015" lon="-121.683197">
				<ele>1604.10437</ele>
				<time>2026-06-14T16:28:10Z</time>
			</trkpt>
			<trkpt lat="46.896988" lon="-121.683289">
				<ele>1604.900757</ele>
				<time>2026-06-14T16:28:18Z</time>
			</trkpt>
			<trkpt lat="46.896984" lon="-121.683403">
				<ele>1603.580078</ele>
				<time>2026-06-14T16:28:27Z</time>
			</trkpt>
			<trkpt lat="46.896992" lon="-121.683464">
				<ele>1601.241211</ele>
				<time>2026-06-14T16:28:30Z</time>
			</trkpt>
			<trkpt lat="46.896942" lon="-121.683578">
				<ele>1603.700928</ele>
				<time>2026-06-14T16:28:38Z</time>
			</trkpt>
			<trkpt lat="46.89695" lon="-121.683632">
				<ele>1603.7229</ele>
				<time>2026-06-14T16:28:42Z</time>
			</trkpt>
			<trkpt lat="46.896938" lon="-121.683762">
				<ele>1605.125244</ele>
				<time>2026-06-14T16:28:50Z</time>
			</trkpt>
			<trkpt lat="46.896915" lon="-121.683876">
				<ele>1605.43396</ele>
				<time>2026-06-14T16:28:58Z</time>
			</trkpt>
			<trkpt lat="46.896908" lon="-121.683998">
				<ele>1608.448853</ele>
				<time>2026-06-14T16:29:09Z</time>
			</trkpt>
			<trkpt lat="46.896954" lon="-121.684074">
				<ele>1611.796509</ele>
				<time>2026-06-14T16:29:19Z</time>
			</trkpt>
			<trkpt lat="46.896973" lon="-121.684135">
				<ele>1611.254639</ele>
				<time>2026-06-14T16:29:23Z</time>
			</trkpt>
			<trkpt lat="46.896984" lon="-121.684196">
				<ele>1611.358765</ele>
				<time>2026-06-14T16:29:27Z</time>
			</trkpt>
			<trkpt lat="46.896992" lon="-121.684303">
				<ele>1614.06311</ele>
				<time>2026-06-14T16:29:35Z</time>
			</trkpt>
			<trkpt lat="46.896999" lon="-121.684372">
				<ele>1614.847778</ele>
				<time>2026-06-14T16:29:40Z</time>
			</trkpt>
			<trkpt lat="46.896931" lon="-121.684456">
				<ele>1617.344482</ele>
				<time>2026-06-14T16:29:48Z</time>
			</trkpt>
			<trkpt lat="46.896896" lon="-121.684486">
				<ele>1617.769531</ele>
				<time>2026-06-14T16:29:51Z</time>
			</trkpt>
			<trkpt lat="46.896767" lon="-121.68454">
				<ele>1617.329224</ele>
				<time>2026-06-14T16:30:04Z</time>
			</trkpt>
			<trkpt lat="46.896713" lon="-121.684532">
				<ele>1616.791382</ele>
				<time>2026-06-14T16:30:09Z</time>
			</trkpt>
			<trkpt lat="46.896702" lon="-121.684586">
				<ele>1616.384888</ele>
				<time>2026-06-14T16:30:14Z</time>
			</trkpt>
			<trkpt lat="46.896679" lon="-121.684631">
				<ele>1617.959351</ele>
				<time>2026-06-14T16:30:18Z</time>
			</trkpt>
			<trkpt lat="46.896614" lon="-121.684723">
				<ele>1618.37915</ele>
				<time>2026-06-14T16:30:28Z</time>
			</trkpt>
			<trkpt lat="46.896599" lon="-121.684776">
				<ele>1617.335693</ele>
				<time>2026-06-14T16:30:33Z</time>
			</trkpt>
			<trkpt lat="46.896587" lon="-121.684837">
				<ele>1619.245605</ele>
				<time>2026-06-14T16:30:39Z</time>
			</trkpt>
			<trkpt lat="46.896584" lon="-121.684898">
				<ele>1619.146484</ele>
				<time>2026-06-14T16:30:43Z</time>
			</trkpt>
			<trkpt lat="46.896572" lon="-121.684944">
				<ele>1618.959106</ele>
				<time>2026-06-14T16:30:46Z</time>
			</trkpt>
			<trkpt lat="46.896557" lon="-121.68499">
				<ele>1619.383789</ele>
				<time>2026-06-14T16:30:50Z</time>
			</trkpt>
			<trkpt lat="46.896549" lon="-121.685059">
				<ele>1621.737061</ele>
				<time>2026-06-14T16:30:55Z</time>
			</trkpt>
			<trkpt lat="46.89653" lon="-121.685173">
				<ele>1623.86499</ele>
				<time>2026-06-14T16:31:05Z</time>
			</trkpt>
			<trkpt lat="46.896511" lon="-121.68528">
				<ele>1624.562988</ele>
				<time>2026-06-14T16:31:12Z</time>
			</trkpt>
			<trkpt lat="46.896503" lon="-121.685341">
				<ele>1624.315186</ele>
				<time>2026-06-14T16:31:16Z</time>
			</trkpt>
			<trkpt lat="46.896484" lon="-121.685448">
				<ele>1625.797852</ele>
				<time>2026-06-14T16:31:24Z</time>
			</trkpt>
			<trkpt lat="46.896473" lon="-121.685493">
				<ele>1625.950684</ele>
				<time>2026-06-14T16:31:27Z</time>
			</trkpt>
			<trkpt lat="46.896473" lon="-121.685547">
				<ele>1627.352173</ele>
				<time>2026-06-14T16:31:31Z</time>
			</trkpt>
			<trkpt lat="46.896473" lon="-121.6856">
				<ele>1626.934082</ele>
				<time>2026-06-14T16:31:35Z</time>
			</trkpt>
			<trkpt lat="46.896458" lon="-121.685654">
				<ele>1626.834961</ele>
				<time>2026-06-14T16:31:39Z</time>
			</trkpt>
			<trkpt lat="46.896442" lon="-121.685699">
				<ele>1626.813843</ele>
				<time>2026-06-14T16:31:43Z</time>
			</trkpt>
			<trkpt lat="46.896389" lon="-121.685783">
				<ele>1629.095215</ele>
				<time>2026-06-14T16:31:52Z</time>
			</trkpt>
			<trkpt lat="46.896385" lon="-121.685837">
				<ele>1628.923828</ele>
				<time>2026-06-14T16:31:57Z</time>
			</trkpt>
			<trkpt lat="46.896381" lon="-121.685905">
				<ele>1628.34314</ele>
				<time>2026-06-14T16:32:02Z</time>
			</trkpt>
			<trkpt lat="46.89632" lon="-121.686058">
				<ele>1631.250366</ele>
				<time>2026-06-14T16:32:15Z</time>
			</trkpt>
			<trkpt lat="46.896294" lon="-121.686111">
				<ele>1633.33252</ele>
				<time>2026-06-14T16:32:20Z</time>
			</trkpt>
			<trkpt lat="46.896267" lon="-121.686142">
				<ele>1633.223022</ele>
				<time>2026-06-14T16:32:24Z</time>
			</trkpt>
			<trkpt lat="46.896229" lon="-121.68618">
				<ele>1633.288818</ele>
				<time>2026-06-14T16:32:28Z</time>
			</trkpt>
			<trkpt lat="46.896214" lon="-121.686218">
				<ele>1632.589844</ele>
				<time>2026-06-14T16:32:32Z</time>
			</trkpt>
			<trkpt lat="46.896202" lon="-121.686272">
				<ele>1633.603149</ele>
				<time>2026-06-14T16:32:35Z</time>
			</trkpt>
			<trkpt lat="46.896191" lon="-121.68631">
				<ele>1632.916748</ele>
				<time>2026-06-14T16:32:38Z</time>
			</trkpt>
			<trkpt lat="46.89616" lon="-121.686386">
				<ele>1633.961304</ele>
				<time>2026-06-14T16:32:45Z</time>
			</trkpt>
			<trkpt lat="46.896152" lon="-121.686424">
				<ele>1634.097656</ele>
				<time>2026-06-14T16:32:48Z</time>
			</trkpt>
			<trkpt lat="46.896137" lon="-121.686462">
				<ele>1635.390503</ele>
				<time>2026-06-14T16:32:52Z</time>
			</trkpt>
			<trkpt lat="46.89613" lon="-121.686546">
				<ele>1634.863281</ele>
				<time>2026-06-14T16:32:59Z</time>
			</trkpt>
			<trkpt lat="46.896137" lon="-121.686646">
				<ele>1635.986816</ele>
				<time>2026-06-14T16:33:06Z</time>
			</trkpt>
			<trkpt lat="46.896149" lon="-121.686676">
				<ele>1635.64624</ele>
				<time>2026-06-14T16:33:09Z</time>
			</trkpt>
			<trkpt lat="46.89616" lon="-121.686714">
				<ele>1636.127197</ele>
				<time>2026-06-14T16:33:12Z</time>
			</trkpt>
			<trkpt lat="46.896168" lon="-121.68676">
				<ele>1635.694458</ele>
				<time>2026-06-14T16:33:15Z</time>
			</trkpt>
			<trkpt lat="46.896198" lon="-121.686928">
				<ele>1639.378174</ele>
				<time>2026-06-14T16:33:28Z</time>
			</trkpt>
			<trkpt lat="46.896206" lon="-121.686974">
				<ele>1639.484985</ele>
				<time>2026-06-14T16:33:31Z</time>
			</trkpt>
			<trkpt lat="46.896198" lon="-121.687065">
				<ele>1641.500977</ele>
				<time>2026-06-14T16:33:37Z</time>
			</trkpt>
			<trkpt lat="46.896198" lon="-121.687119">
				<ele>1640.854736</ele>
				<time>2026-06-14T16:33:41Z</time>
			</trkpt>
			<trkpt lat="46.896194" lon="-121.687164">
				<ele>1642.121582</ele>
				<time>2026-06-14T16:33:45Z</time>
			</trkpt>
			<trkpt lat="46.896172" lon="-121.687248">
				<ele>1643.236938</ele>
				<time>2026-06-14T16:33:51Z</time>
			</trkpt>
			<trkpt lat="46.896145" lon="-121.687355">
				<ele>1642.966675</ele>
				<time>2026-06-14T16:33:59Z</time>
			</trkpt>
			<trkpt lat="46.896122" lon="-121.687401">
				<ele>1642.715088</ele>
				<time>2026-06-14T16:34:02Z</time>
			</trkpt>
			<trkpt lat="46.896099" lon="-121.687454">
				<ele>1644.379395</ele>
				<time>2026-06-14T16:34:06Z</time>
			</trkpt>
			<trkpt lat="46.896076" lon="-121.687569">
				<ele>1645.6604</ele>
				<time>2026-06-14T16:34:15Z</time>
			</trkpt>
			<trkpt lat="46.896076" lon="-121.687622">
				<ele>1646.8396</ele>
				<time>2026-06-14T16:34:19Z</time>
			</trkpt>
			<trkpt lat="46.896065" lon="-121.687721">
				<ele>1646.128662</ele>
				<time>2026-06-14T16:34:26Z</time>
			</trkpt>
			<trkpt lat="46.896061" lon="-121.687775">
				<ele>1646.216309</ele>
				<time>2026-06-14T16:34:29Z</time>
			</trkpt>
			<trkpt lat="46.896065" lon="-121.687828">
				<ele>1646.541382</ele>
				<time>2026-06-14T16:34:33Z</time>
			</trkpt>
			<trkpt lat="46.896049" lon="-121.687881">
				<ele>1647.68689</ele>
				<time>2026-06-14T16:34:38Z</time>
			</trkpt>
			<trkpt lat="46.896027" lon="-121.687927">
				<ele>1647.037109</ele>
				<time>2026-06-14T16:34:42Z</time>
			</trkpt>
			<trkpt lat="46.896015" lon="-121.687981">
				<ele>1647.446899</ele>
				<time>2026-06-14T16:34:46Z</time>
			</trkpt>
			<trkpt lat="46.895985" lon="-121.688019">
				<ele>1648.158325</ele>
				<time>2026-06-14T16:34:50Z</time>
			</trkpt>
			<trkpt lat="46.895962" lon="-121.688072">
				<ele>1647.992188</ele>
				<time>2026-06-14T16:34:54Z</time>
			</trkpt>
			<trkpt lat="46.895954" lon="-121.688118">
				<ele>1647.993286</ele>
				<time>2026-06-14T16:34:57Z</time>
			</trkpt>
			<trkpt lat="46.89595" lon="-121.688217">
				<ele>1651.052612</ele>
				<time>2026-06-14T16:35:04Z</time>
			</trkpt>
			<trkpt lat="46.895931" lon="-121.688309">
				<ele>1652.554688</ele>
				<time>2026-06-14T16:35:13Z</time>
			</trkpt>
			<trkpt lat="46.895935" lon="-121.688354">
				<ele>1652.376709</ele>
				<time>2026-06-14T16:35:16Z</time>
			</trkpt>
			<trkpt lat="46.895927" lon="-121.688416">
				<ele>1653.372681</ele>
				<time>2026-06-14T16:35:19Z</time>
			</trkpt>
			<trkpt lat="46.895927" lon="-121.688461">
				<ele>1652.710571</ele>
				<time>2026-06-14T16:35:22Z</time>
			</trkpt>
			<trkpt lat="46.895916" lon="-121.688507">
				<ele>1652.757935</ele>
				<time>2026-06-14T16:35:25Z</time>
			</trkpt>
			<trkpt lat="46.895908" lon="-121.68856">
				<ele>1653.737183</ele>
				<time>2026-06-14T16:35:29Z</time>
			</trkpt>
			<trkpt lat="46.895916" lon="-121.688606">
				<ele>1652.967896</ele>
				<time>2026-06-14T16:35:34Z</time>
			</trkpt>
			<trkpt lat="46.895969" lon="-121.688744">
				<ele>1655.065063</ele>
				<time>2026-06-14T16:37:54Z</time>
			</trkpt>
			<trkpt lat="46.895966" lon="-121.688812">
				<ele>1655.891113</ele>
				<time>2026-06-14T16:37:58Z</time>
			</trkpt>
			<trkpt lat="46.895943" lon="-121.688873">
				<ele>1656.318237</ele>
				<time>2026-06-14T16:38:02Z</time>
			</trkpt>
			<trkpt lat="46.895912" lon="-121.688927">
				<ele>1658.421021</ele>
				<time>2026-06-14T16:38:06Z</time>
			</trkpt>
			<trkpt lat="46.895893" lon="-121.688988">
				<ele>1658.969849</ele>
				<time>2026-06-14T16:38:10Z</time>
			</trkpt>
			<trkpt lat="46.895855" lon="-121.689041">
				<ele>1660.886719</ele>
				<time>2026-06-14T16:38:15Z</time>
			</trkpt>
			<trkpt lat="46.895813" lon="-121.689178">
				<ele>1660.316162</ele>
				<time>2026-06-14T16:38:23Z</time>
			</trkpt>
			<trkpt lat="46.895775" lon="-121.689316">
				<ele>1659.115967</ele>
				<time>2026-06-14T16:38:33Z</time>
			</trkpt>
			<trkpt lat="46.895748" lon="-121.689461">
				<ele>1660.988281</ele>
				<time>2026-06-14T16:38:43Z</time>
			</trkpt>
			<trkpt lat="46.895748" lon="-121.689522">
				<ele>1662.604248</ele>
				<time>2026-06-14T16:38:48Z</time>
			</trkpt>
			<trkpt lat="46.895748" lon="-121.689598">
				<ele>1663.436523</ele>
				<time>2026-06-14T16:38:53Z</time>
			</trkpt>
			<trkpt lat="46.89571" lon="-121.689636">
				<ele>1663.513306</ele>
				<time>2026-06-14T16:38:57Z</time>
			</trkpt>
			<trkpt lat="46.89566" lon="-121.689728">
				<ele>1661.937378</ele>
				<time>2026-06-14T16:39:05Z</time>
			</trkpt>
			<trkpt lat="46.895607" lon="-121.689888">
				<ele>1665.353516</ele>
				<time>2026-06-14T16:39:17Z</time>
			</trkpt>
			<trkpt lat="46.895615" lon="-121.689941">
				<ele>1665.104248</ele>
				<time>2026-06-14T16:39:21Z</time>
			</trkpt>
			<trkpt lat="46.895618" lon="-121.689987">
				<ele>1665.15332</ele>
				<time>2026-06-14T16:39:24Z</time>
			</trkpt>
			<trkpt lat="46.895592" lon="-121.690094">
				<ele>1667.173218</ele>
				<time>2026-06-14T16:39:32Z</time>
			</trkpt>
			<trkpt lat="46.895557" lon="-121.690147">
				<ele>1667.501831</ele>
				<time>2026-06-14T16:39:36Z</time>
			</trkpt>
			<trkpt lat="46.895538" lon="-121.690193">
				<ele>1669.248047</ele>
				<time>2026-06-14T16:39:40Z</time>
			</trkpt>
			<trkpt lat="46.895504" lon="-121.6903">
				<ele>1668.774414</ele>
				<time>2026-06-14T16:39:47Z</time>
			</trkpt>
			<trkpt lat="46.89547" lon="-121.690346">
				<ele>1668.684082</ele>
				<time>2026-06-14T16:39:51Z</time>
			</trkpt>
			<trkpt lat="46.895447" lon="-121.690399">
				<ele>1670.472168</ele>
				<time>2026-06-14T16:39:55Z</time>
			</trkpt>
			<trkpt lat="46.89542" lon="-121.690445">
				<ele>1669.285278</ele>
				<time>2026-06-14T16:39:59Z</time>
			</trkpt>
			<trkpt lat="46.89539" lon="-121.690491">
				<ele>1669.773682</ele>
				<time>2026-06-14T16:40:03Z</time>
			</trkpt>
			<trkpt lat="46.895374" lon="-121.690544">
				<ele>1669.862549</ele>
				<time>2026-06-14T16:40:07Z</time>
			</trkpt>
			<trkpt lat="46.895351" lon="-121.690598">
				<ele>1669.138306</ele>
				<time>2026-06-14T16:40:12Z</time>
			</trkpt>
			<trkpt lat="46.895355" lon="-121.690659">
				<ele>1669.102905</ele>
				<time>2026-06-14T16:40:15Z</time>
			</trkpt>
			<trkpt lat="46.895329" lon="-121.690697">
				<ele>1669.646973</ele>
				<time>2026-06-14T16:40:18Z</time>
			</trkpt>
			<trkpt lat="46.895321" lon="-121.69075">
				<ele>1669.964478</ele>
				<time>2026-06-14T16:40:21Z</time>
			</trkpt>
			<trkpt lat="46.895298" lon="-121.690788">
				<ele>1670.647217</ele>
				<time>2026-06-14T16:40:24Z</time>
			</trkpt>
			<trkpt lat="46.895275" lon="-121.690834">
				<ele>1670.798584</ele>
				<time>2026-06-14T16:40:28Z</time>
			</trkpt>
			<trkpt lat="46.895264" lon="-121.690887">
				<ele>1671.600464</ele>
				<time>2026-06-14T16:40:32Z</time>
			</trkpt>
			<trkpt lat="46.89526" lon="-121.690941">
				<ele>1671.607056</ele>
				<time>2026-06-14T16:40:36Z</time>
			</trkpt>
			<trkpt lat="46.895233" lon="-121.690979">
				<ele>1671.202637</ele>
				<time>2026-06-14T16:40:40Z</time>
			</trkpt>
			<trkpt lat="46.895226" lon="-121.691109">
				<ele>1673.729614</ele>
				<time>2026-06-14T16:40:48Z</time>
			</trkpt>
			<trkpt lat="46.895172" lon="-121.6912">
				<ele>1675.156982</ele>
				<time>2026-06-14T16:40:57Z</time>
			</trkpt>
			<trkpt lat="46.895138" lon="-121.691238">
				<ele>1676.614624</ele>
				<time>2026-06-14T16:41:01Z</time>
			</trkpt>
			<trkpt lat="46.895065" lon="-121.691338">
				<ele>1676.6698</ele>
				<time>2026-06-14T16:41:11Z</time>
			</trkpt>
			<trkpt lat="46.89502" lon="-121.691376">
				<ele>1676.622192</ele>
				<time>2026-06-14T16:41:16Z</time>
			</trkpt>
			<trkpt lat="46.894974" lon="-121.691498">
				<ele>1678.724365</ele>
				<time>2026-06-14T16:41:24Z</time>
			</trkpt>
			<trkpt lat="46.894936" lon="-121.691536">
				<ele>1679.018555</ele>
				<time>2026-06-14T16:41:28Z</time>
			</trkpt>
			<trkpt lat="46.894913" lon="-121.691589">
				<ele>1679.022461</ele>
				<time>2026-06-14T16:41:33Z</time>
			</trkpt>
			<trkpt lat="46.894852" lon="-121.691673">
				<ele>1680.622681</ele>
				<time>2026-06-14T16:41:41Z</time>
			</trkpt>
			<trkpt lat="46.894817" lon="-121.691704">
				<ele>1680.738647</ele>
				<time>2026-06-14T16:41:45Z</time>
			</trkpt>
			<trkpt lat="46.894806" lon="-121.691757">
				<ele>1680.246582</ele>
				<time>2026-06-14T16:41:49Z</time>
			</trkpt>
			<trkpt lat="46.894783" lon="-121.691795">
				<ele>1678.163818</ele>
				<time>2026-06-14T16:41:53Z</time>
			</trkpt>
			<trkpt lat="46.894764" lon="-121.691849">
				<ele>1678.544067</ele>
				<time>2026-06-14T16:41:57Z</time>
			</trkpt>
			<trkpt lat="46.894695" lon="-121.691933">
				<ele>1680.572266</ele>
				<time>2026-06-14T16:42:05Z</time>
			</trkpt>
			<trkpt lat="46.894642" lon="-121.692024">
				<ele>1681.852661</ele>
				<time>2026-06-14T16:42:13Z</time>
			</trkpt>
			<trkpt lat="46.894615" lon="-121.692139">
				<ele>1680.630371</ele>
				<time>2026-06-14T16:42:20Z</time>
			</trkpt>
			<trkpt lat="46.894592" lon="-121.6922">
				<ele>1682.337769</ele>
				<time>2026-06-14T16:42:24Z</time>
			</trkpt>
			<trkpt lat="46.894573" lon="-121.692253">
				<ele>1682.582764</ele>
				<time>2026-06-14T16:42:28Z</time>
			</trkpt>
			<trkpt lat="46.894547" lon="-121.692307">
				<ele>1681.906372</ele>
				<time>2026-06-14T16:42:32Z</time>
			</trkpt>
			<trkpt lat="46.894516" lon="-121.69236">
				<ele>1682.794678</ele>
				<time>2026-06-14T16:42:36Z</time>
			</trkpt>
			<trkpt lat="46.894482" lon="-121.692398">
				<ele>1684.558105</ele>
				<time>2026-06-14T16:42:40Z</time>
			</trkpt>
			<trkpt lat="46.894485" lon="-121.692467">
				<ele>1684.680542</ele>
				<time>2026-06-14T16:42:44Z</time>
			</trkpt>
			<trkpt lat="46.894444" lon="-121.692558">
				<ele>1687.471436</ele>
				<time>2026-06-14T16:42:51Z</time>
			</trkpt>
			<trkpt lat="46.894413" lon="-121.692596">
				<ele>1687.56665</ele>
				<time>2026-06-14T16:42:54Z</time>
			</trkpt>
			<trkpt lat="46.894337" lon="-121.692719">
				<ele>1691.02063</ele>
				<time>2026-06-14T16:43:05Z</time>
			</trkpt>
			<trkpt lat="46.894341" lon="-121.69278">
				<ele>1688.477051</ele>
				<time>2026-06-14T16:43:09Z</time>
			</trkpt>
			<trkpt lat="46.894356" lon="-121.692833">
				<ele>1688.805176</ele>
				<time>2026-06-14T16:43:12Z</time>
			</trkpt>
			<trkpt lat="46.894352" lon="-121.692886">
				<ele>1687.621704</ele>
				<time>2026-06-14T16:43:16Z</time>
			</trkpt>
			<trkpt lat="46.894299" lon="-121.693039">
				<ele>1689.500244</ele>
				<time>2026-06-14T16:43:28Z</time>
			</trkpt>
			<trkpt lat="46.894272" lon="-121.693092">
				<ele>1691.519897</ele>
				<time>2026-06-14T16:43:33Z</time>
			</trkpt>
			<trkpt lat="46.894253" lon="-121.693146">
				<ele>1690.601929</ele>
				<time>2026-06-14T16:43:43Z</time>
			</trkpt>
			<trkpt lat="46.894253" lon="-121.693222">
				<ele>1692.23584</ele>
				<time>2026-06-14T16:43:58Z</time>
			</trkpt>
			<trkpt lat="46.894245" lon="-121.693291">
				<ele>1691.482544</ele>
				<time>2026-06-14T16:44:04Z</time>
			</trkpt>
			<trkpt lat="46.894234" lon="-121.693344">
				<ele>1691.694702</ele>
				<time>2026-06-14T16:44:15Z</time>
			</trkpt>
			<trkpt lat="46.894238" lon="-121.693405">
				<ele>1691.026855</ele>
				<time>2026-06-14T16:44:18Z</time>
			</trkpt>
			<trkpt lat="46.89423" lon="-121.693459">
				<ele>1691.274292</ele>
				<time>2026-06-14T16:44:21Z</time>
			</trkpt>
			<trkpt lat="46.894226" lon="-121.69352">
				<ele>1690.919067</ele>
				<time>2026-06-14T16:44:25Z</time>
			</trkpt>
			<trkpt lat="46.894222" lon="-121.693581">
				<ele>1689.116333</ele>
				<time>2026-06-14T16:44:28Z</time>
			</trkpt>
			<trkpt lat="46.894211" lon="-121.693703">
				<ele>1691.71167</ele>
				<time>2026-06-14T16:44:36Z</time>
			</trkpt>
			<trkpt lat="46.894146" lon="-121.693802">
				<ele>1697.651733</ele>
				<time>2026-06-14T16:44:44Z</time>
			</trkpt>
			<trkpt lat="46.894112" lon="-121.693947">
				<ele>1696.102661</ele>
				<time>2026-06-14T16:44:52Z</time>
			</trkpt>
			<trkpt lat="46.894096" lon="-121.694008">
				<ele>1696.343628</ele>
				<time>2026-06-14T16:44:56Z</time>
			</trkpt>
			<trkpt lat="46.89407" lon="-121.694046">
				<ele>1696.324341</ele>
				<time>2026-06-14T16:45:00Z</time>
			</trkpt>
			<trkpt lat="46.894043" lon="-121.694115">
				<ele>1695.911377</ele>
				<time>2026-06-14T16:45:03Z</time>
			</trkpt>
			<trkpt lat="46.894032" lon="-121.694168">
				<ele>1697.427124</ele>
				<time>2026-06-14T16:45:07Z</time>
			</trkpt>
			<trkpt lat="46.894001" lon="-121.694229">
				<ele>1697.095947</ele>
				<time>2026-06-14T16:45:11Z</time>
			</trkpt>
			<trkpt lat="46.893967" lon="-121.694344">
				<ele>1698.269775</ele>
				<time>2026-06-14T16:45:18Z</time>
			</trkpt>
			<trkpt lat="46.89394" lon="-121.694382">
				<ele>1697.312622</ele>
				<time>2026-06-14T16:45:22Z</time>
			</trkpt>
			<trkpt lat="46.893894" lon="-121.694405">
				<ele>1696.855713</ele>
				<time>2026-06-14T16:45:26Z</time>
			</trkpt>
			<trkpt lat="46.893848" lon="-121.694443">
				<ele>1697.442139</ele>
				<time>2026-06-14T16:45:30Z</time>
			</trkpt>
			<trkpt lat="46.893818" lon="-121.694481">
				<ele>1696.671265</ele>
				<time>2026-06-14T16:45:33Z</time>
			</trkpt>
			<trkpt lat="46.893787" lon="-121.694511">
				<ele>1696.862915</ele>
				<time>2026-06-14T16:45:36Z</time>
			</trkpt>
			<trkpt lat="46.893772" lon="-121.694565">
				<ele>1696.011353</ele>
				<time>2026-06-14T16:45:40Z</time>
			</trkpt>
			<trkpt lat="46.893726" lon="-121.694588">
				<ele>1697.970581</ele>
				<time>2026-06-14T16:45:45Z</time>
			</trkpt>
			<trkpt lat="46.893684" lon="-121.694595">
				<ele>1698.207886</ele>
				<time>2026-06-14T16:45:48Z</time>
			</trkpt>
			<trkpt lat="46.893642" lon="-121.694611">
				<ele>1696.976318</ele>
				<time>2026-06-14T16:45:53Z</time>
			</trkpt>
			<trkpt lat="46.893608" lon="-121.694649">
				<ele>1697.238281</ele>
				<time>2026-06-14T16:45:58Z</time>
			</trkpt>
			<trkpt lat="46.893566" lon="-121.694656">
				<ele>1698.939331</ele>
				<time>2026-06-14T16:46:02Z</time>
			</trkpt>
			<trkpt lat="46.893528" lon="-121.694687">
				<ele>1698.249023</ele>
				<time>2026-06-14T16:46:06Z</time>
			</trkpt>
			<trkpt lat="46.893494" lon="-121.694725">
				<ele>1696.448608</ele>
				<time>2026-06-14T16:46:10Z</time>
			</trkpt>
			<trkpt lat="46.893414" lon="-121.694794">
				<ele>1699.647339</ele>
				<time>2026-06-14T16:46:20Z</time>
			</trkpt>
			<trkpt lat="46.893333" lon="-121.694817">
				<ele>1703.669678</ele>
				<time>2026-06-14T16:46:28Z</time>
			</trkpt>
			<trkpt lat="46.893234" lon="-121.694817">
				<ele>1702.975586</ele>
				<time>2026-06-14T16:46:37Z</time>
			</trkpt>
			<trkpt lat="46.893196" lon="-121.694824">
				<ele>1704.747681</ele>
				<time>2026-06-14T16:46:43Z</time>
			</trkpt>
			<trkpt lat="46.893147" lon="-121.694847">
				<ele>1703.850708</ele>
				<time>2026-06-14T16:46:49Z</time>
			</trkpt>
			<trkpt lat="46.893188" lon="-121.694832">
				<ele>1708.078857</ele>
				<time>2026-06-14T16:46:59Z</time>
			</trkpt>
			<trkpt lat="46.893246" lon="-121.694817">
				<ele>1708.836304</ele>
				<time>2026-06-14T16:47:06Z</time>
			</trkpt>
			<trkpt lat="46.893288" lon="-121.694817">
				<ele>1711.282593</ele>
				<time>2026-06-14T16:47:11Z</time>
			</trkpt>
			<trkpt lat="46.893322" lon="-121.694855">
				<ele>1708.869873</ele>
				<time>2026-06-14T16:47:17Z</time>
			</trkpt>
			<trkpt lat="46.893364" lon="-121.694862">
				<ele>1709.306763</ele>
				<time>2026-06-14T16:47:22Z</time>
			</trkpt>
			<trkpt lat="46.893406" lon="-121.694885">
				<ele>1708.891968</ele>
				<time>2026-06-14T16:47:25Z</time>
			</trkpt>
			<trkpt lat="46.893478" lon="-121.694939">
				<ele>1710.089722</ele>
				<time>2026-06-14T16:47:34Z</time>
			</trkpt>
			<trkpt lat="46.893497" lon="-121.694992">
				<ele>1711.267334</ele>
				<time>2026-06-14T16:47:39Z</time>
			</trkpt>
			<trkpt lat="46.893486" lon="-121.695053">
				<ele>1710.480347</ele>
				<time>2026-06-14T16:47:42Z</time>
			</trkpt>
			<trkpt lat="46.893456" lon="-121.695183">
				<ele>1712.28186</ele>
				<time>2026-06-14T16:47:52Z</time>
			</trkpt>
			<trkpt lat="46.893444" lon="-121.695244">
				<ele>1712.026123</ele>
				<time>2026-06-14T16:47:57Z</time>
			</trkpt>
			<trkpt lat="46.893463" lon="-121.695305">
				<ele>1711.946899</ele>
				<time>2026-06-14T16:48:02Z</time>
			</trkpt>
			<trkpt lat="46.89344" lon="-121.695366">
				<ele>1711.352783</ele>
				<time>2026-06-14T16:48:07Z</time>
			</trkpt>
			<trkpt lat="46.89341" lon="-121.69548">
				<ele>1715.363037</ele>
				<time>2026-06-14T16:48:16Z</time>
			</trkpt>
			<trkpt lat="46.893394" lon="-121.695526">
				<ele>1714.221436</ele>
				<time>2026-06-14T16:48:20Z</time>
			</trkpt>
			<trkpt lat="46.893394" lon="-121.695595">
				<ele>1719.495117</ele>
				<time>2026-06-14T16:48:27Z</time>
			</trkpt>
			<trkpt lat="46.893375" lon="-121.695656">
				<ele>1718.512451</ele>
				<time>2026-06-14T16:48:33Z</time>
			</trkpt>
			<trkpt lat="46.893345" lon="-121.695709">
				<ele>1718.640747</ele>
				<time>2026-06-14T16:48:38Z</time>
			</trkpt>
			<trkpt lat="46.893326" lon="-121.695763">
				<ele>1720.733887</ele>
				<time>2026-06-14T16:48:42Z</time>
			</trkpt>
			<trkpt lat="46.893299" lon="-121.695808">
				<ele>1719.712036</ele>
				<time>2026-06-14T16:48:47Z</time>
			</trkpt>
			<trkpt lat="46.893295" lon="-121.695862">
				<ele>1722.861206</ele>
				<time>2026-06-14T16:48:55Z</time>
			</trkpt>
			<trkpt lat="46.893288" lon="-121.695923">
				<ele>1723.477051</ele>
				<time>2026-06-14T16:49:01Z</time>
			</trkpt>
			<trkpt lat="46.893284" lon="-121.695984">
				<ele>1725.182251</ele>
				<time>2026-06-14T16:49:08Z</time>
			</trkpt>
			<trkpt lat="46.893238" lon="-121.696022">
				<ele>1725.75</ele>
				<time>2026-06-14T16:49:13Z</time>
			</trkpt>
			<trkpt lat="46.8932" lon="-121.696053">
				<ele>1727.438354</ele>
				<time>2026-06-14T16:49:17Z</time>
			</trkpt>
			<trkpt lat="46.893173" lon="-121.696098">
				<ele>1727.217285</ele>
				<time>2026-06-14T16:49:23Z</time>
			</trkpt>
			<trkpt lat="46.89315" lon="-121.696144">
				<ele>1727.549805</ele>
				<time>2026-06-14T16:49:29Z</time>
			</trkpt>
			<trkpt lat="46.893127" lon="-121.696205">
				<ele>1727.480591</ele>
				<time>2026-06-14T16:49:35Z</time>
			</trkpt>
			<trkpt lat="46.893089" lon="-121.696236">
				<ele>1728.37207</ele>
				<time>2026-06-14T16:49:43Z</time>
			</trkpt>
			<trkpt lat="46.893066" lon="-121.696342">
				<ele>1730.869385</ele>
				<time>2026-06-14T16:49:58Z</time>
			</trkpt>
			<trkpt lat="46.893051" lon="-121.696396">
				<ele>1731.617188</ele>
				<time>2026-06-14T16:50:04Z</time>
			</trkpt>
			<trkpt lat="46.893024" lon="-121.696434">
				<ele>1731.772949</ele>
				<time>2026-06-14T16:50:08Z</time>
			</trkpt>
			<trkpt lat="46.893055" lon="-121.696472">
				<ele>1735.779663</ele>
				<time>2026-06-14T16:50:13Z</time>
			</trkpt>
			<trkpt lat="46.893028" lon="-121.696518">
				<ele>1734.544922</ele>
				<time>2026-06-14T16:50:18Z</time>
			</trkpt>
			<trkpt lat="46.89299" lon="-121.696548">
				<ele>1737.065308</ele>
				<time>2026-06-14T16:50:24Z</time>
			</trkpt>
			<trkpt lat="46.892967" lon="-121.696579">
				<ele>1735.900635</ele>
				<time>2026-06-14T16:50:30Z</time>
			</trkpt>
			<trkpt lat="46.892941" lon="-121.696609">
				<ele>1736.056763</ele>
				<time>2026-06-14T16:50:37Z</time>
			</trkpt>
			<trkpt lat="46.89291" lon="-121.696632">
				<ele>1736.793335</ele>
				<time>2026-06-14T16:50:42Z</time>
			</trkpt>
			<trkpt lat="46.892841" lon="-121.696632">
				<ele>1740.286255</ele>
				<time>2026-06-14T16:50:51Z</time>
			</trkpt>
			<trkpt lat="46.892799" lon="-121.69664">
				<ele>1740.632568</ele>
				<time>2026-06-14T16:51:01Z</time>
			</trkpt>
			<trkpt lat="46.892769" lon="-121.696671">
				<ele>1740.747559</ele>
				<time>2026-06-14T16:51:08Z</time>
			</trkpt>
			<trkpt lat="46.892735" lon="-121.696686">
				<ele>1742.160034</ele>
				<time>2026-06-14T16:51:12Z</time>
			</trkpt>
			<trkpt lat="46.892696" lon="-121.696709">
				<ele>1741.691528</ele>
				<time>2026-06-14T16:51:17Z</time>
			</trkpt>
			<trkpt lat="46.892654" lon="-121.696709">
				<ele>1743.50708</ele>
				<time>2026-06-14T16:51:22Z</time>
			</trkpt>
			<trkpt lat="46.89257" lon="-121.696793">
				<ele>1740.773438</ele>
				<time>2026-06-14T16:51:34Z</time>
			</trkpt>
			<trkpt lat="46.892521" lon="-121.696861">
				<ele>1741.983154</ele>
				<time>2026-06-14T16:51:42Z</time>
			</trkpt>
			<trkpt lat="46.89249" lon="-121.696907">
				<ele>1743.268311</ele>
				<time>2026-06-14T16:51:47Z</time>
			</trkpt>
			<trkpt lat="46.892475" lon="-121.69696">
				<ele>1742.71228</ele>
				<time>2026-06-14T16:51:53Z</time>
			</trkpt>
			<trkpt lat="46.892456" lon="-121.696999">
				<ele>1743.41394</ele>
				<time>2026-06-14T16:51:57Z</time>
			</trkpt>
			<trkpt lat="46.892426" lon="-121.697021">
				<ele>1743.175171</ele>
				<time>2026-06-14T16:52:00Z</time>
			</trkpt>
			<trkpt lat="46.892418" lon="-121.697067">
				<ele>1745.512085</ele>
				<time>2026-06-14T16:52:06Z</time>
			</trkpt>
			<trkpt lat="46.892399" lon="-121.697113">
				<ele>1745.489502</ele>
				<time>2026-06-14T16:52:10Z</time>
			</trkpt>
			<trkpt lat="46.892403" lon="-121.697151">
				<ele>1747.882202</ele>
				<time>2026-06-14T16:52:16Z</time>
			</trkpt>
			<trkpt lat="46.892368" lon="-121.697182">
				<ele>1748.332642</ele>
				<time>2026-06-14T16:52:20Z</time>
			</trkpt>
			<trkpt lat="46.892353" lon="-121.697227">
				<ele>1750.166626</ele>
				<time>2026-06-14T16:52:25Z</time>
			</trkpt>
			<trkpt lat="46.892368" lon="-121.697266">
				<ele>1750.678589</ele>
				<time>2026-06-14T16:52:29Z</time>
			</trkpt>
			<trkpt lat="46.892342" lon="-121.697296">
				<ele>1750.648193</ele>
				<time>2026-06-14T16:52:34Z</time>
			</trkpt>
			<trkpt lat="46.892326" lon="-121.697334">
				<ele>1751.363281</ele>
				<time>2026-06-14T16:52:39Z</time>
			</trkpt>
			<trkpt lat="46.8923" lon="-121.697365">
				<ele>1751.438477</ele>
				<time>2026-06-14T16:52:42Z</time>
			</trkpt>
			<trkpt lat="46.892281" lon="-121.697449">
				<ele>1752.996582</ele>
				<time>2026-06-14T16:52:50Z</time>
			</trkpt>
			<trkpt lat="46.892269" lon="-121.697487">
				<ele>1752.256348</ele>
				<time>2026-06-14T16:52:54Z</time>
			</trkpt>
			<trkpt lat="46.892227" lon="-121.697601">
				<ele>1754.591797</ele>
				<time>2026-06-14T16:53:03Z</time>
			</trkpt>
			<trkpt lat="46.892193" lon="-121.69767">
				<ele>1752.443359</ele>
				<time>2026-06-14T16:53:10Z</time>
			</trkpt>
			<trkpt lat="46.892151" lon="-121.697739">
				<ele>1754.796143</ele>
				<time>2026-06-14T16:53:30Z</time>
			</trkpt>
			<trkpt lat="46.892124" lon="-121.697769">
				<ele>1755.275757</ele>
				<time>2026-06-14T16:53:34Z</time>
			</trkpt>
			<trkpt lat="46.892101" lon="-121.697807">
				<ele>1759.050537</ele>
				<time>2026-06-14T16:53:39Z</time>
			</trkpt>
			<trkpt lat="46.892017" lon="-121.697891">
				<ele>1761.247192</ele>
				<time>2026-06-14T16:53:55Z</time>
			</trkpt>
			<trkpt lat="46.891983" lon="-121.697906">
				<ele>1760.802368</ele>
				<time>2026-06-14T16:54:00Z</time>
			</trkpt>
			<trkpt lat="46.891956" lon="-121.697929">
				<ele>1761.120728</ele>
				<time>2026-06-14T16:54:04Z</time>
			</trkpt>
			<trkpt lat="46.891888" lon="-121.697952">
				<ele>1762.654785</ele>
				<time>2026-06-14T16:54:10Z</time>
			</trkpt>
			<trkpt lat="46.89185" lon="-121.697975">
				<ele>1762.835083</ele>
				<time>2026-06-14T16:54:16Z</time>
			</trkpt>
			<trkpt lat="46.891811" lon="-121.698006">
				<ele>1764.201172</ele>
				<time>2026-06-14T16:54:21Z</time>
			</trkpt>
			<trkpt lat="46.891781" lon="-121.698044">
				<ele>1763.769653</ele>
				<time>2026-06-14T16:54:26Z</time>
			</trkpt>
			<trkpt lat="46.891754" lon="-121.698074">
				<ele>1764.29541</ele>
				<time>2026-06-14T16:54:31Z</time>
			</trkpt>
			<trkpt lat="46.89172" lon="-121.698112">
				<ele>1765.743164</ele>
				<time>2026-06-14T16:54:35Z</time>
			</trkpt>
			<trkpt lat="46.891689" lon="-121.698151">
				<ele>1762.789673</ele>
				<time>2026-06-14T16:54:40Z</time>
			</trkpt>
			<trkpt lat="46.89167" lon="-121.698212">
				<ele>1764.37854</ele>
				<time>2026-06-14T16:54:43Z</time>
			</trkpt>
			<trkpt lat="46.891624" lon="-121.698174">
				<ele>1769.526611</ele>
				<time>2026-06-14T16:54:49Z</time>
			</trkpt>
			<trkpt lat="46.891594" lon="-121.69812">
				<ele>1767.926392</ele>
				<time>2026-06-14T16:54:54Z</time>
			</trkpt>
			<trkpt lat="46.89156" lon="-121.698128">
				<ele>1767.696777</ele>
				<time>2026-06-14T16:54:57Z</time>
			</trkpt>
			<trkpt lat="46.891529" lon="-121.698135">
				<ele>1768.247192</ele>
				<time>2026-06-14T16:55:00Z</time>
			</trkpt>
			<trkpt lat="46.891491" lon="-121.698151">
				<ele>1767.304688</ele>
				<time>2026-06-14T16:55:03Z</time>
			</trkpt>
			<trkpt lat="46.891411" lon="-121.698151">
				<ele>1767.964966</ele>
				<time>2026-06-14T16:55:10Z</time>
			</trkpt>
			<trkpt lat="46.89135" lon="-121.698174">
				<ele>1766.579224</ele>
				<time>2026-06-14T16:55:16Z</time>
			</trkpt>
			<trkpt lat="46.891258" lon="-121.69825">
				<ele>1765.603149</ele>
				<time>2026-06-14T16:55:27Z</time>
			</trkpt>
			<trkpt lat="46.891178" lon="-121.698273">
				<ele>1768.983032</ele>
				<time>2026-06-14T16:55:37Z</time>
			</trkpt>
			<trkpt lat="46.891071" lon="-121.69828">
				<ele>1767.503052</ele>
				<time>2026-06-14T16:55:48Z</time>
			</trkpt>
			<trkpt lat="46.891037" lon="-121.698288">
				<ele>1769.555054</ele>
				<time>2026-06-14T16:55:54Z</time>
			</trkpt>
			<trkpt lat="46.891014" lon="-121.698326">
				<ele>1770.539551</ele>
				<time>2026-06-14T16:55:59Z</time>
			</trkpt>
			<trkpt lat="46.890976" lon="-121.698341">
				<ele>1771.046265</ele>
				<time>2026-06-14T16:56:03Z</time>
			</trkpt>
			<trkpt lat="46.890949" lon="-121.698364">
				<ele>1771.185181</ele>
				<time>2026-06-14T16:56:08Z</time>
			</trkpt>
			<trkpt lat="46.890888" lon="-121.698387">
				<ele>1770.59021</ele>
				<time>2026-06-14T16:56:14Z</time>
			</trkpt>
			<trkpt lat="46.890823" lon="-121.69841">
				<ele>1773.497437</ele>
				<time>2026-06-14T16:56:21Z</time>
			</trkpt>
			<trkpt lat="46.890793" lon="-121.698425">
				<ele>1773.849731</ele>
				<time>2026-06-14T16:56:25Z</time>
			</trkpt>
			<trkpt lat="46.890743" lon="-121.698486">
				<ele>1774.076538</ele>
				<time>2026-06-14T16:56:34Z</time>
			</trkpt>
			<trkpt lat="46.89072" lon="-121.698517">
				<ele>1775.092896</ele>
				<time>2026-06-14T16:56:38Z</time>
			</trkpt>
			<trkpt lat="46.890694" lon="-121.698532">
				<ele>1775.165894</ele>
				<time>2026-06-14T16:56:42Z</time>
			</trkpt>
			<trkpt lat="46.890675" lon="-121.698563">
				<ele>1776.818237</ele>
				<time>2026-06-14T16:56:46Z</time>
			</trkpt>
			<trkpt lat="46.890648" lon="-121.698593">
				<ele>1776.595215</ele>
				<time>2026-06-14T16:56:49Z</time>
			</trkpt>
			<trkpt lat="46.890621" lon="-121.698624">
				<ele>1776.539917</ele>
				<time>2026-06-14T16:56:52Z</time>
			</trkpt>
			<trkpt lat="46.890602" lon="-121.698654">
				<ele>1778.244385</ele>
				<time>2026-06-14T16:56:56Z</time>
			</trkpt>
			<trkpt lat="46.890575" lon="-121.698685">
				<ele>1779.140137</ele>
				<time>2026-06-14T16:56:59Z</time>
			</trkpt>
			<trkpt lat="46.89056" lon="-121.698708">
				<ele>1779.179932</ele>
				<time>2026-06-14T16:57:03Z</time>
			</trkpt>
			<trkpt lat="46.890537" lon="-121.698738">
				<ele>1779.813599</ele>
				<time>2026-06-14T16:57:06Z</time>
			</trkpt>
			<trkpt lat="46.890514" lon="-121.698753">
				<ele>1780.87085</ele>
				<time>2026-06-14T16:57:09Z</time>
			</trkpt>
			<trkpt lat="46.890511" lon="-121.698799">
				<ele>1779.512939</ele>
				<time>2026-06-14T16:57:13Z</time>
			</trkpt>
			<trkpt lat="46.890488" lon="-121.698814">
				<ele>1779.489746</ele>
				<time>2026-06-14T16:57:16Z</time>
			</trkpt>
			<trkpt lat="46.890453" lon="-121.69883">
				<ele>1779.02832</ele>
				<time>2026-06-14T16:57:18Z</time>
			</trkpt>
			<trkpt lat="46.890427" lon="-121.698845">
				<ele>1781.57666</ele>
				<time>2026-06-14T16:57:23Z</time>
			</trkpt>
			<trkpt lat="46.890396" lon="-121.69883">
				<ele>1780.942017</ele>
				<time>2026-06-14T16:57:27Z</time>
			</trkpt>
			<trkpt lat="46.890369" lon="-121.698853">
				<ele>1781.749512</ele>
				<time>2026-06-14T16:57:30Z</time>
			</trkpt>
			<trkpt lat="46.890293" lon="-121.698952">
				<ele>1788.71228</ele>
				<time>2026-06-14T16:57:56Z</time>
			</trkpt>
			<trkpt lat="46.890259" lon="-121.698975">
				<ele>1787.750488</ele>
				<time>2026-06-14T16:58:00Z</time>
			</trkpt>
			<trkpt lat="46.890186" lon="-121.699028">
				<ele>1791.539185</ele>
				<time>2026-06-14T16:58:09Z</time>
			</trkpt>
			<trkpt lat="46.890118" lon="-121.69912">
				<ele>1790.477417</ele>
				<time>2026-06-14T16:58:22Z</time>
			</trkpt>
			<trkpt lat="46.890072" lon="-121.699173">
				<ele>1788.985962</ele>
				<time>2026-06-14T16:58:30Z</time>
			</trkpt>
			<trkpt lat="46.890018" lon="-121.699211">
				<ele>1789.033691</ele>
				<time>2026-06-14T16:58:37Z</time>
			</trkpt>
			<trkpt lat="46.88998" lon="-121.69928">
				<ele>1789.411865</ele>
				<time>2026-06-14T16:58:43Z</time>
			</trkpt>
			<trkpt lat="46.889942" lon="-121.699333">
				<ele>1792.200439</ele>
				<time>2026-06-14T16:58:50Z</time>
			</trkpt>
			<trkpt lat="46.889896" lon="-121.699387">
				<ele>1792.16272</ele>
				<time>2026-06-14T16:58:56Z</time>
			</trkpt>
			<trkpt lat="46.889843" lon="-121.699417">
				<ele>1794.654175</ele>
				<time>2026-06-14T16:59:02Z</time>
			</trkpt>
			<trkpt lat="46.889816" lon="-121.699493">
				<ele>1796.501953</ele>
				<time>2026-06-14T16:59:13Z</time>
			</trkpt>
			<trkpt lat="46.889778" lon="-121.69957">
				<ele>1796.262817</ele>
				<time>2026-06-14T16:59:21Z</time>
			</trkpt>
			<trkpt lat="46.889736" lon="-121.69973">
				<ele>1798.26416</ele>
				<time>2026-06-14T16:59:38Z</time>
			</trkpt>
			<trkpt lat="46.889744" lon="-121.699821">
				<ele>1800.658936</ele>
				<time>2026-06-14T16:59:50Z</time>
			</trkpt>
			<trkpt lat="46.889702" lon="-121.69989">
				<ele>1801.870117</ele>
				<time>2026-06-14T17:00:07Z</time>
			</trkpt>
			<trkpt lat="46.889633" lon="-121.699966">
				<ele>1806.816406</ele>
				<time>2026-06-14T17:00:25Z</time>
			</trkpt>
			<trkpt lat="46.889561" lon="-121.699974">
				<ele>1808.366943</ele>
				<time>2026-06-14T17:00:38Z</time>
			</trkpt>
			<trkpt lat="46.8895" lon="-121.700027">
				<ele>1812.644653</ele>
				<time>2026-06-14T17:00:51Z</time>
			</trkpt>
			<trkpt lat="46.889446" lon="-121.700089">
				<ele>1813.175293</ele>
				<time>2026-06-14T17:01:00Z</time>
			</trkpt>
			<trkpt lat="46.889389" lon="-121.700104">
				<ele>1813.373657</ele>
				<time>2026-06-14T17:01:11Z</time>
			</trkpt>
			<trkpt lat="46.889324" lon="-121.700119">
				<ele>1815.233521</ele>
				<time>2026-06-14T17:01:19Z</time>
			</trkpt>
			<trkpt lat="46.889259" lon="-121.700172">
				<ele>1814.062012</ele>
				<time>2026-06-14T17:01:29Z</time>
			</trkpt>
			<trkpt lat="46.889214" lon="-121.700218">
				<ele>1813.788574</ele>
				<time>2026-06-14T17:01:35Z</time>
			</trkpt>
			<trkpt lat="46.889164" lon="-121.700264">
				<ele>1811.959473</ele>
				<time>2026-06-14T17:01:43Z</time>
			</trkpt>
			<trkpt lat="46.889107" lon="-121.700272">
				<ele>1813.035034</ele>
				<time>2026-06-14T17:01:51Z</time>
			</trkpt>
			<trkpt lat="46.889053" lon="-121.700317">
				<ele>1812.904785</ele>
				<time>2026-06-14T17:02:01Z</time>
			</trkpt>
			<trkpt lat="46.888931" lon="-121.700409">
				<ele>1817.092529</ele>
				<time>2026-06-14T17:02:28Z</time>
			</trkpt>
			<trkpt lat="46.888908" lon="-121.700508">
				<ele>1816.802002</ele>
				<time>2026-06-14T17:02:40Z</time>
			</trkpt>
			<trkpt lat="46.88892" lon="-121.70063">
				<ele>1818.219116</ele>
				<time>2026-06-14T17:02:49Z</time>
			</trkpt>
			<trkpt lat="46.888947" lon="-121.700714">
				<ele>1822.168213</ele>
				<time>2026-06-14T17:02:56Z</time>
			</trkpt>
			<trkpt lat="46.888939" lon="-121.700806">
				<ele>1823.752808</ele>
				<time>2026-06-14T17:03:02Z</time>
			</trkpt>
			<trkpt lat="46.888889" lon="-121.700874">
				<ele>1822.734741</ele>
				<time>2026-06-14T17:03:09Z</time>
			</trkpt>
			<trkpt lat="46.888855" lon="-121.701065">
				<ele>1818.722778</ele>
				<time>2026-06-14T17:03:20Z</time>
			</trkpt>
			<trkpt lat="46.888802" lon="-121.701103">
				<ele>1819.338623</ele>
				<time>2026-06-14T17:03:27Z</time>
			</trkpt>
			<trkpt lat="46.888763" lon="-121.701172">
				<ele>1817.122437</ele>
				<time>2026-06-14T17:03:54Z</time>
			</trkpt>
			<trkpt lat="46.888809" lon="-121.701096">
				<ele>1818.108521</ele>
				<time>2026-06-14T17:14:06Z</time>
			</trkpt>
			<trkpt lat="46.888863" lon="-121.701019">
				<ele>1816.925171</ele>
				<time>2026-06-14T17:14:12Z</time>
			</trkpt>
			<trkpt lat="46.88887" lon="-121.700928">
				<ele>1819.95166</ele>
				<time>2026-06-14T17:14:18Z</time>
			</trkpt>
			<trkpt lat="46.888905" lon="-121.700844">
				<ele>1820.024536</ele>
				<time>2026-06-14T17:14:24Z</time>
			</trkpt>
			<trkpt lat="46.888935" lon="-121.70076">
				<ele>1821.482788</ele>
				<time>2026-06-14T17:14:29Z</time>
			</trkpt>
			<trkpt lat="46.889" lon="-121.700706">
				<ele>1821.459229</ele>
				<time>2026-06-14T17:14:35Z</time>
			</trkpt>
			<trkpt lat="46.889065" lon="-121.700691">
				<ele>1821.680542</ele>
				<time>2026-06-14T17:14:40Z</time>
			</trkpt>
			<trkpt lat="46.889111" lon="-121.70063">
				<ele>1821.873901</ele>
				<time>2026-06-14T17:14:46Z</time>
			</trkpt>
			<trkpt lat="46.889137" lon="-121.700539">
				<ele>1820.735474</ele>
				<time>2026-06-14T17:14:53Z</time>
			</trkpt>
			<trkpt lat="46.889187" lon="-121.70047">
				<ele>1818.800659</ele>
				<time>2026-06-14T17:14:58Z</time>
			</trkpt>
			<trkpt lat="46.889229" lon="-121.700401">
				<ele>1818.780762</ele>
				<time>2026-06-14T17:15:05Z</time>
			</trkpt>
			<trkpt lat="46.889172" lon="-121.700455">
				<ele>1818.527954</ele>
				<time>2026-06-14T17:15:52Z</time>
			</trkpt>
			<trkpt lat="46.889126" lon="-121.700523">
				<ele>1823.107544</ele>
				<time>2026-06-14T17:15:58Z</time>
			</trkpt>
			<trkpt lat="46.889111" lon="-121.700607">
				<ele>1822.666748</ele>
				<time>2026-06-14T17:16:06Z</time>
			</trkpt>
			<trkpt lat="46.889065" lon="-121.700676">
				<ele>1820.551025</ele>
				<time>2026-06-14T17:16:11Z</time>
			</trkpt>
			<trkpt lat="46.888996" lon="-121.700684">
				<ele>1822.772705</ele>
				<time>2026-06-14T17:16:17Z</time>
			</trkpt>
			<trkpt lat="46.888947" lon="-121.700722">
				<ele>1823.728149</ele>
				<time>2026-06-14T17:16:22Z</time>
			</trkpt>
			<trkpt lat="46.888931" lon="-121.700813">
				<ele>1822.505005</ele>
				<time>2026-06-14T17:16:26Z</time>
			</trkpt>
			<trkpt lat="46.888893" lon="-121.700882">
				<ele>1820.262329</ele>
				<time>2026-06-14T17:16:31Z</time>
			</trkpt>
			<trkpt lat="46.888824" lon="-121.701035">
				<ele>1818.906372</ele>
				<time>2026-06-14T17:16:42Z</time>
			</trkpt>
			<trkpt lat="46.888779" lon="-121.701088">
				<ele>1817.21814</ele>
				<time>2026-06-14T17:16:48Z</time>
			</trkpt>
			<trkpt lat="46.888763" lon="-121.701164">
				<ele>1814.466553</ele>
				<time>2026-06-14T17:17:15Z</time>
			</trkpt>
			<trkpt lat="46.888809" lon="-121.701241">
				<ele>1814.608276</ele>
				<time>2026-06-14T17:22:35Z</time>
			</trkpt>
			<trkpt lat="46.888775" lon="-121.701164">
				<ele>1815.778076</ele>
				<time>2026-06-14T17:23:21Z</time>
			</trkpt>
			<trkpt lat="46.888813" lon="-121.701088">
				<ele>1816.906006</ele>
				<time>2026-06-14T17:28:55Z</time>
			</trkpt>
			<trkpt lat="46.888844" lon="-121.701187">
				<ele>1816.004517</ele>
				<time>2026-06-14T17:29:03Z</time>
			</trkpt>
			<trkpt lat="46.888836" lon="-121.701279">
				<ele>1817.60791</ele>
				<time>2026-06-14T17:29:07Z</time>
			</trkpt>
			<trkpt lat="46.888863" lon="-121.701378">
				<ele>1818.703491</ele>
				<time>2026-06-14T17:29:15Z</time>
			</trkpt>
			<trkpt lat="46.888878" lon="-121.701469">
				<ele>1820.823242</ele>
				<time>2026-06-14T17:29:19Z</time>
			</trkpt>
			<trkpt lat="46.888878" lon="-121.701569">
				<ele>1821.43457</ele>
				<time>2026-06-14T17:29:24Z</time>
			</trkpt>
			<trkpt lat="46.888863" lon="-121.701668">
				<ele>1818.876465</ele>
				<time>2026-06-14T17:29:29Z</time>
			</trkpt>
			<trkpt lat="46.888855" lon="-121.701759">
				<ele>1818.592529</ele>
				<time>2026-06-14T17:29:34Z</time>
			</trkpt>
			<trkpt lat="46.88884" lon="-121.701843">
				<ele>1817.000122</ele>
				<time>2026-06-14T17:29:39Z</time>
			</trkpt>
			<trkpt lat="46.88884" lon="-121.701935">
				<ele>1816.419067</ele>
				<time>2026-06-14T17:29:49Z</time>
			</trkpt>
			<trkpt lat="46.888828" lon="-121.702011">
				<ele>1813.56958</ele>
				<time>2026-06-14T17:29:55Z</time>
			</trkpt>
			<trkpt lat="46.888828" lon="-121.702103">
				<ele>1813.644897</ele>
				<time>2026-06-14T17:30:00Z</time>
			</trkpt>
			<trkpt lat="46.888828" lon="-121.702286">
				<ele>1812.799316</ele>
				<time>2026-06-14T17:30:09Z</time>
			</trkpt>
			<trkpt lat="46.888832" lon="-121.702377">
				<ele>1812.825806</ele>
				<time>2026-06-14T17:30:13Z</time>
			</trkpt>
			<trkpt lat="46.888821" lon="-121.702477">
				<ele>1814.548218</ele>
				<time>2026-06-14T17:30:18Z</time>
			</trkpt>
			<trkpt lat="46.888786" lon="-121.70256">
				<ele>1814.62561</ele>
				<time>2026-06-14T17:30:23Z</time>
			</trkpt>
			<trkpt lat="46.888771" lon="-121.70266">
				<ele>1814.103516</ele>
				<time>2026-06-14T17:30:28Z</time>
			</trkpt>
			<trkpt lat="46.888794" lon="-121.702835">
				<ele>1817.373657</ele>
				<time>2026-06-14T17:30:38Z</time>
			</trkpt>
			<trkpt lat="46.888786" lon="-121.702927">
				<ele>1816.782349</ele>
				<time>2026-06-14T17:30:43Z</time>
			</trkpt>
			<trkpt lat="46.888783" lon="-121.703026">
				<ele>1817.464111</ele>
				<time>2026-06-14T17:30:48Z</time>
			</trkpt>
			<trkpt lat="46.888779" lon="-121.703117">
				<ele>1817.747803</ele>
				<time>2026-06-14T17:30:53Z</time>
			</trkpt>
			<trkpt lat="46.888767" lon="-121.703201">
				<ele>1816.273926</ele>
				<time>2026-06-14T17:30:59Z</time>
			</trkpt>
			<trkpt lat="46.888763" lon="-121.703384">
				<ele>1819.013306</ele>
				<time>2026-06-14T17:31:10Z</time>
			</trkpt>
			<trkpt lat="46.888741" lon="-121.703468">
				<ele>1820.090576</ele>
				<time>2026-06-14T17:31:17Z</time>
			</trkpt>
			<trkpt lat="46.888729" lon="-121.70356">
				<ele>1820.824341</ele>
				<time>2026-06-14T17:31:23Z</time>
			</trkpt>
			<trkpt lat="46.888668" lon="-121.703583">
				<ele>1822.861938</ele>
				<time>2026-06-14T17:31:29Z</time>
			</trkpt>
			<trkpt lat="46.888634" lon="-121.703644">
				<ele>1824.896118</ele>
				<time>2026-06-14T17:31:34Z</time>
			</trkpt>
			<trkpt lat="46.888599" lon="-121.703712">
				<ele>1825.740845</ele>
				<time>2026-06-14T17:31:41Z</time>
			</trkpt>
			<trkpt lat="46.888596" lon="-121.703812">
				<ele>1824.493286</ele>
				<time>2026-06-14T17:31:47Z</time>
			</trkpt>
			<trkpt lat="46.888573" lon="-121.703903">
				<ele>1825.367554</ele>
				<time>2026-06-14T17:31:54Z</time>
			</trkpt>
			<trkpt lat="46.88855" lon="-121.703979">
				<ele>1828.10376</ele>
				<time>2026-06-14T17:32:02Z</time>
			</trkpt>
			<trkpt lat="46.888523" lon="-121.704056">
				<ele>1829.853027</ele>
				<time>2026-06-14T17:32:11Z</time>
			</trkpt>
			<trkpt lat="46.8885" lon="-121.704231">
				<ele>1832.433228</ele>
				<time>2026-06-14T17:32:27Z</time>
			</trkpt>
			<trkpt lat="46.888462" lon="-121.704308">
				<ele>1831.807373</ele>
				<time>2026-06-14T17:32:35Z</time>
			</trkpt>
			<trkpt lat="46.888412" lon="-121.704353">
				<ele>1833.276489</ele>
				<time>2026-06-14T17:32:42Z</time>
			</trkpt>
			<trkpt lat="46.888371" lon="-121.70443">
				<ele>1834.155151</ele>
				<time>2026-06-14T17:32:49Z</time>
			</trkpt>
			<trkpt lat="46.888321" lon="-121.704498">
				<ele>1834.231323</ele>
				<time>2026-06-14T17:32:55Z</time>
			</trkpt>
			<trkpt lat="46.888252" lon="-121.704544">
				<ele>1832.607544</ele>
				<time>2026-06-14T17:33:02Z</time>
			</trkpt>
			<trkpt lat="46.888226" lon="-121.704628">
				<ele>1833.119995</ele>
				<time>2026-06-14T17:33:08Z</time>
			</trkpt>
			<trkpt lat="46.888206" lon="-121.70472">
				<ele>1837.749023</ele>
				<time>2026-06-14T17:33:17Z</time>
			</trkpt>
			<trkpt lat="46.888195" lon="-121.704811">
				<ele>1838.439209</ele>
				<time>2026-06-14T17:33:24Z</time>
			</trkpt>
			<trkpt lat="46.888176" lon="-121.704895">
				<ele>1838.672607</ele>
				<time>2026-06-14T17:33:31Z</time>
			</trkpt>
			<trkpt lat="46.888126" lon="-121.704964">
				<ele>1838.965698</ele>
				<time>2026-06-14T17:33:39Z</time>
			</trkpt>
			<trkpt lat="46.888065" lon="-121.704971">
				<ele>1840.817627</ele>
				<time>2026-06-14T17:33:47Z</time>
			</trkpt>
			<trkpt lat="46.888077" lon="-121.705154">
				<ele>1842.906982</ele>
				<time>2026-06-14T17:34:01Z</time>
			</trkpt>
			<trkpt lat="46.888107" lon="-121.705238">
				<ele>1844.947388</ele>
				<time>2026-06-14T17:34:10Z</time>
			</trkpt>
			<trkpt lat="46.888077" lon="-121.705322">
				<ele>1844.415649</ele>
				<time>2026-06-14T17:34:17Z</time>
			</trkpt>
			<trkpt lat="46.88805" lon="-121.705505">
				<ele>1846.996826</ele>
				<time>2026-06-14T17:34:38Z</time>
			</trkpt>
			<trkpt lat="46.888012" lon="-121.705582">
				<ele>1849.645142</ele>
				<time>2026-06-14T17:34:48Z</time>
			</trkpt>
			<trkpt lat="46.888" lon="-121.705666">
				<ele>1849.24231</ele>
				<time>2026-06-14T17:34:55Z</time>
			</trkpt>
			<trkpt lat="46.888016" lon="-121.705757">
				<ele>1852.265137</ele>
				<time>2026-06-14T17:35:04Z</time>
			</trkpt>
			<trkpt lat="46.888012" lon="-121.705849">
				<ele>1852.749634</ele>
				<time>2026-06-14T17:35:13Z</time>
			</trkpt>
			<trkpt lat="46.88802" lon="-121.70594">
				<ele>1856.694946</ele>
				<time>2026-06-14T17:35:25Z</time>
			</trkpt>
			<trkpt lat="46.887989" lon="-121.706009">
				<ele>1858.638428</ele>
				<time>2026-06-14T17:35:34Z</time>
			</trkpt>
			<trkpt lat="46.888016" lon="-121.7061">
				<ele>1861.301147</ele>
				<time>2026-06-14T17:35:45Z</time>
			</trkpt>
			<trkpt lat="46.888042" lon="-121.706192">
				<ele>1861.006714</ele>
				<time>2026-06-14T17:35:52Z</time>
			</trkpt>
			<trkpt lat="46.888062" lon="-121.706276">
				<ele>1862.176392</ele>
				<time>2026-06-14T17:35:59Z</time>
			</trkpt>
			<trkpt lat="46.888107" lon="-121.706345">
				<ele>1863.912354</ele>
				<time>2026-06-14T17:36:05Z</time>
			</trkpt>
			<trkpt lat="46.888084" lon="-121.706429">
				<ele>1863.115356</ele>
				<time>2026-06-14T17:36:15Z</time>
			</trkpt>
			<trkpt lat="46.888119" lon="-121.706497">
				<ele>1862.344971</ele>
				<time>2026-06-14T17:36:26Z</time>
			</trkpt>
			<trkpt lat="46.888153" lon="-121.706573">
				<ele>1865.86145</ele>
				<time>2026-06-14T17:36:43Z</time>
			</trkpt>
			<trkpt lat="46.888168" lon="-121.706665">
				<ele>1868.497192</ele>
				<time>2026-06-14T17:36:53Z</time>
			</trkpt>
			<trkpt lat="46.888161" lon="-121.706764">
				<ele>1867.673828</ele>
				<time>2026-06-14T17:37:03Z</time>
			</trkpt>
			<trkpt lat="46.88821" lon="-121.706947">
				<ele>1873.724243</ele>
				<time>2026-06-14T17:37:21Z</time>
			</trkpt>
			<trkpt lat="46.888233" lon="-121.707039">
				<ele>1875.851196</ele>
				<time>2026-06-14T17:37:34Z</time>
			</trkpt>
			<trkpt lat="46.888245" lon="-121.707123">
				<ele>1876.125244</ele>
				<time>2026-06-14T17:37:47Z</time>
			</trkpt>
			<trkpt lat="46.888245" lon="-121.707207">
				<ele>1877.072632</ele>
				<time>2026-06-14T17:37:55Z</time>
			</trkpt>
			<trkpt lat="46.888203" lon="-121.707275">
				<ele>1876.418091</ele>
				<time>2026-06-14T17:38:08Z</time>
			</trkpt>
			<trkpt lat="46.888184" lon="-121.707367">
				<ele>1880.60022</ele>
				<time>2026-06-14T17:38:21Z</time>
			</trkpt>
			<trkpt lat="46.888161" lon="-121.707451">
				<ele>1879.870483</ele>
				<time>2026-06-14T17:38:33Z</time>
			</trkpt>
			<trkpt lat="46.88818" lon="-121.707535">
				<ele>1880.220703</ele>
				<time>2026-06-14T17:38:47Z</time>
			</trkpt>
			<trkpt lat="46.888142" lon="-121.70771">
				<ele>1882.512695</ele>
				<time>2026-06-14T17:39:07Z</time>
			</trkpt>
			<trkpt lat="46.888157" lon="-121.707886">
				<ele>1885.135376</ele>
				<time>2026-06-14T17:39:28Z</time>
			</trkpt>
			<trkpt lat="46.888161" lon="-121.707977">
				<ele>1885.747437</ele>
				<time>2026-06-14T17:39:39Z</time>
			</trkpt>
			<trkpt lat="46.888138" lon="-121.708061">
				<ele>1888.211182</ele>
				<time>2026-06-14T17:39:53Z</time>
			</trkpt>
			<trkpt lat="46.888107" lon="-121.708138">
				<ele>1892.599609</ele>
				<time>2026-06-14T17:40:09Z</time>
			</trkpt>
			<trkpt lat="46.888107" lon="-121.708221">
				<ele>1893.969727</ele>
				<time>2026-06-14T17:40:18Z</time>
			</trkpt>
			<trkpt lat="46.888077" lon="-121.708298">
				<ele>1894.264893</ele>
				<time>2026-06-14T17:40:27Z</time>
			</trkpt>
			<trkpt lat="46.8881" lon="-121.708481">
				<ele>1899.124146</ele>
				<time>2026-06-14T17:41:07Z</time>
			</trkpt>
			<trkpt lat="46.8881" lon="-121.70858">
				<ele>1900.719727</ele>
				<time>2026-06-14T17:41:23Z</time>
			</trkpt>
			<trkpt lat="46.8881" lon="-121.708786">
				<ele>1908.275391</ele>
				<time>2026-06-14T17:44:01Z</time>
			</trkpt>
			<trkpt lat="46.888126" lon="-121.70887">
				<ele>1906.056152</ele>
				<time>2026-06-14T17:44:11Z</time>
			</trkpt>
			<trkpt lat="46.888084" lon="-121.708946">
				<ele>1906.802368</ele>
				<time>2026-06-14T17:44:20Z</time>
			</trkpt>
			<trkpt lat="46.888073" lon="-121.709038">
				<ele>1908.141968</ele>
				<time>2026-06-14T17:44:30Z</time>
			</trkpt>
			<trkpt lat="46.888145" lon="-121.709175">
				<ele>1911.884521</ele>
				<time>2026-06-14T17:44:54Z</time>
			</trkpt>
			<trkpt lat="46.888138" lon="-121.709267">
				<ele>1911.950073</ele>
				<time>2026-06-14T17:45:00Z</time>
			</trkpt>
			<trkpt lat="46.888123" lon="-121.709358">
				<ele>1912.515259</ele>
				<time>2026-06-14T17:45:09Z</time>
			</trkpt>
			<trkpt lat="46.888123" lon="-121.70945">
				<ele>1912.796509</ele>
				<time>2026-06-14T17:45:17Z</time>
			</trkpt>
			<trkpt lat="46.888145" lon="-121.709541">
				<ele>1915.323486</ele>
				<time>2026-06-14T17:45:24Z</time>
			</trkpt>
			<trkpt lat="46.88813" lon="-121.709633">
				<ele>1915.308594</ele>
				<time>2026-06-14T17:45:32Z</time>
			</trkpt>
			<trkpt lat="46.888126" lon="-121.709732">
				<ele>1913.365967</ele>
				<time>2026-06-14T17:45:45Z</time>
			</trkpt>
			<trkpt lat="46.888088" lon="-121.709831">
				<ele>1914.390015</ele>
				<time>2026-06-14T17:45:54Z</time>
			</trkpt>
			<trkpt lat="46.8881" lon="-121.70993">
				<ele>1919.539307</ele>
				<time>2026-06-14T17:46:06Z</time>
			</trkpt>
			<trkpt lat="46.888081" lon="-121.710014">
				<ele>1920.690674</ele>
				<time>2026-06-14T17:46:17Z</time>
			</trkpt>
			<trkpt lat="46.888165" lon="-121.710266">
				<ele>1931.461548</ele>
				<time>2026-06-14T17:46:55Z</time>
			</trkpt>
			<trkpt lat="46.888184" lon="-121.710457">
				<ele>1936.035278</ele>
				<time>2026-06-14T17:47:26Z</time>
			</trkpt>
			<trkpt lat="46.888187" lon="-121.710564">
				<ele>1937.691528</ele>
				<time>2026-06-14T17:47:46Z</time>
			</trkpt>
			<trkpt lat="46.888203" lon="-121.710648">
				<ele>1940.849609</ele>
				<time>2026-06-14T17:48:03Z</time>
			</trkpt>
			<trkpt lat="46.888252" lon="-121.710716">
				<ele>1943.81604</ele>
				<time>2026-06-14T17:48:15Z</time>
			</trkpt>
			<trkpt lat="46.88826" lon="-121.710808">
				<ele>1945.02356</ele>
				<time>2026-06-14T17:48:32Z</time>
			</trkpt>
			<trkpt lat="46.888268" lon="-121.710907">
				<ele>1949.346802</ele>
				<time>2026-06-14T17:49:01Z</time>
			</trkpt>
			<trkpt lat="46.888302" lon="-121.710983">
				<ele>1950.887451</ele>
				<time>2026-06-14T17:49:08Z</time>
			</trkpt>
			<trkpt lat="46.888348" lon="-121.711044">
				<ele>1950.09021</ele>
				<time>2026-06-14T17:49:17Z</time>
			</trkpt>
			<trkpt lat="46.888325" lon="-121.711128">
				<ele>1950.419189</ele>
				<time>2026-06-14T17:49:27Z</time>
			</trkpt>
			<trkpt lat="46.888367" lon="-121.711197">
				<ele>1952.198486</ele>
				<time>2026-06-14T17:49:34Z</time>
			</trkpt>
			<trkpt lat="46.888367" lon="-121.711296">
				<ele>1951.715576</ele>
				<time>2026-06-14T17:49:41Z</time>
			</trkpt>
			<trkpt lat="46.888374" lon="-121.711395">
				<ele>1952.352905</ele>
				<time>2026-06-14T17:49:48Z</time>
			</trkpt>
			<trkpt lat="46.888401" lon="-121.711479">
				<ele>1953.233276</ele>
				<time>2026-06-14T17:49:59Z</time>
			</trkpt>
			<trkpt lat="46.888416" lon="-121.711571">
				<ele>1955.70813</ele>
				<time>2026-06-14T17:50:08Z</time>
			</trkpt>
			<trkpt lat="46.888424" lon="-121.71167">
				<ele>1956.18042</ele>
				<time>2026-06-14T17:50:18Z</time>
			</trkpt>
			<trkpt lat="46.888454" lon="-121.711761">
				<ele>1958.532715</ele>
				<time>2026-06-14T17:50:28Z</time>
			</trkpt>
			<trkpt lat="46.888485" lon="-121.711845">
				<ele>1959.16272</ele>
				<time>2026-06-14T17:50:38Z</time>
			</trkpt>
			<trkpt lat="46.888557" lon="-121.712006">
				<ele>1965.637085</ele>
				<time>2026-06-14T17:51:46Z</time>
			</trkpt>
			<trkpt lat="46.888569" lon="-121.712097">
				<ele>1967.246094</ele>
				<time>2026-06-14T17:51:56Z</time>
			</trkpt>
			<trkpt lat="46.88858" lon="-121.712196">
				<ele>1968.257935</ele>
				<time>2026-06-14T17:52:07Z</time>
			</trkpt>
			<trkpt lat="46.888615" lon="-121.712273">
				<ele>1968.869507</ele>
				<time>2026-06-14T17:52:16Z</time>
			</trkpt>
			<trkpt lat="46.888622" lon="-121.712357">
				<ele>1969.210327</ele>
				<time>2026-06-14T17:52:24Z</time>
			</trkpt>
			<trkpt lat="46.888641" lon="-121.71244">
				<ele>1971.345825</ele>
				<time>2026-06-14T17:52:33Z</time>
			</trkpt>
			<trkpt lat="46.888634" lon="-121.712532">
				<ele>1970.595581</ele>
				<time>2026-06-14T17:52:40Z</time>
			</trkpt>
			<trkpt lat="46.888668" lon="-121.712631">
				<ele>1972.053833</ele>
				<time>2026-06-14T17:52:50Z</time>
			</trkpt>
			<trkpt lat="46.888714" lon="-121.712692">
				<ele>1976.974609</ele>
				<time>2026-06-14T17:53:07Z</time>
			</trkpt>
			<trkpt lat="46.888744" lon="-121.712776">
				<ele>1977.828613</ele>
				<time>2026-06-14T17:53:19Z</time>
			</trkpt>
			<trkpt lat="46.888844" lon="-121.712891">
				<ele>1983.462646</ele>
				<time>2026-06-14T17:54:07Z</time>
			</trkpt>
			<trkpt lat="46.88887" lon="-121.712975">
				<ele>1986.026489</ele>
				<time>2026-06-14T17:54:32Z</time>
			</trkpt>
			<trkpt lat="46.888889" lon="-121.713058">
				<ele>1986.41626</ele>
				<time>2026-06-14T17:54:41Z</time>
			</trkpt>
			<trkpt lat="46.888885" lon="-121.713142">
				<ele>1988.950439</ele>
				<time>2026-06-14T17:54:55Z</time>
			</trkpt>
			<trkpt lat="46.888859" lon="-121.713211">
				<ele>1990.324097</ele>
				<time>2026-06-14T17:55:07Z</time>
			</trkpt>
			<trkpt lat="46.888828" lon="-121.71328">
				<ele>1990.218994</ele>
				<time>2026-06-14T17:55:17Z</time>
			</trkpt>
			<trkpt lat="46.888767" lon="-121.713417">
				<ele>1992.801636</ele>
				<time>2026-06-14T17:55:38Z</time>
			</trkpt>
			<trkpt lat="46.888756" lon="-121.713501">
				<ele>1993.704712</ele>
				<time>2026-06-14T17:55:52Z</time>
			</trkpt>
			<trkpt lat="46.888668" lon="-121.713608">
				<ele>1996.745117</ele>
				<time>2026-06-14T17:56:12Z</time>
			</trkpt>
			<trkpt lat="46.888611" lon="-121.713646">
				<ele>1996.159424</ele>
				<time>2026-06-14T17:56:21Z</time>
			</trkpt>
			<trkpt lat="46.888573" lon="-121.713715">
				<ele>1997.227173</ele>
				<time>2026-06-14T17:56:34Z</time>
			</trkpt>
			<trkpt lat="46.888542" lon="-121.713882">
				<ele>2002.427734</ele>
				<time>2026-06-14T17:57:02Z</time>
			</trkpt>
			<trkpt lat="46.888546" lon="-121.713966">
				<ele>2004.040161</ele>
				<time>2026-06-14T17:57:12Z</time>
			</trkpt>
			<trkpt lat="46.888531" lon="-121.71405">
				<ele>2004.309448</ele>
				<time>2026-06-14T17:57:23Z</time>
			</trkpt>
			<trkpt lat="46.888527" lon="-121.714142">
				<ele>2006.795044</ele>
				<time>2026-06-14T17:57:31Z</time>
			</trkpt>
			<trkpt lat="46.888481" lon="-121.714378">
				<ele>2010.214355</ele>
				<time>2026-06-14T17:57:58Z</time>
			</trkpt>
			<trkpt lat="46.888485" lon="-121.714462">
				<ele>2011.829834</ele>
				<time>2026-06-14T17:58:07Z</time>
			</trkpt>
			<trkpt lat="46.888447" lon="-121.714516">
				<ele>2014.42688</ele>
				<time>2026-06-14T17:58:18Z</time>
			</trkpt>
			<trkpt lat="46.888432" lon="-121.714592">
				<ele>2014.112671</ele>
				<time>2026-06-14T17:58:26Z</time>
			</trkpt>
			<trkpt lat="46.888401" lon="-121.714661">
				<ele>2016.277588</ele>
				<time>2026-06-14T17:58:34Z</time>
			</trkpt>
			<trkpt lat="46.888378" lon="-121.714745">
				<ele>2016.115234</ele>
				<time>2026-06-14T17:58:45Z</time>
			</trkpt>
			<trkpt lat="46.88834" lon="-121.714806">
				<ele>2019.557251</ele>
				<time>2026-06-14T17:58:55Z</time>
			</trkpt>
			<trkpt lat="46.888298" lon="-121.714851">
				<ele>2017.763428</ele>
				<time>2026-06-14T17:59:03Z</time>
			</trkpt>
			<trkpt lat="46.888252" lon="-121.714897">
				<ele>2019.744263</ele>
				<time>2026-06-14T17:59:11Z</time>
			</trkpt>
			<trkpt lat="46.888199" lon="-121.714874">
				<ele>2022.52063</ele>
				<time>2026-06-14T18:02:33Z</time>
			</trkpt>
			<trkpt lat="46.888187" lon="-121.714958">
				<ele>2016.91687</ele>
				<time>2026-06-14T18:07:44Z</time>
			</trkpt>
			<trkpt lat="46.888237" lon="-121.715019">
				<ele>2021.046509</ele>
				<time>2026-06-14T18:12:48Z</time>
			</trkpt>
			<trkpt lat="46.888233" lon="-121.715103">
				<ele>2019.94812</ele>
				<time>2026-06-14T18:13:13Z</time>
			</trkpt>
			<trkpt lat="46.888229" lon="-121.715027">
				<ele>2018.178955</ele>
				<time>2026-06-14T18:14:12Z</time>
			</trkpt>
			<trkpt lat="46.888206" lon="-121.714958">
				<ele>2017.476074</ele>
				<time>2026-06-14T18:15:25Z</time>
			</trkpt>
			<trkpt lat="46.888142" lon="-121.714981">
				<ele>2017.641846</ele>
				<time>2026-06-14T18:23:39Z</time>
			</trkpt>
			<trkpt lat="46.888107" lon="-121.715057">
				<ele>2017.929321</ele>
				<time>2026-06-14T18:23:47Z</time>
			</trkpt>
			<trkpt lat="46.888077" lon="-121.715141">
				<ele>2019.553711</ele>
				<time>2026-06-14T18:23:53Z</time>
			</trkpt>
			<trkpt lat="46.888027" lon="-121.715179">
				<ele>2019.6875</ele>
				<time>2026-06-14T18:24:01Z</time>
			</trkpt>
			<trkpt lat="46.887974" lon="-121.71521">
				<ele>2018.431519</ele>
				<time>2026-06-14T18:24:09Z</time>
			</trkpt>
			<trkpt lat="46.887928" lon="-121.715279">
				<ele>2017.320679</ele>
				<time>2026-06-14T18:24:19Z</time>
			</trkpt>
			<trkpt lat="46.887871" lon="-121.715309">
				<ele>2019.136719</ele>
				<time>2026-06-14T18:24:26Z</time>
			</trkpt>
			<trkpt lat="46.887833" lon="-121.715378">
				<ele>2018.520508</ele>
				<time>2026-06-14T18:24:38Z</time>
			</trkpt>
			<trkpt lat="46.887787" lon="-121.715446">
				<ele>2024.05249</ele>
				<time>2026-06-14T18:24:48Z</time>
			</trkpt>
			<trkpt lat="46.887745" lon="-121.715508">
				<ele>2023.044189</ele>
				<time>2026-06-14T18:24:56Z</time>
			</trkpt>
			<trkpt lat="46.887699" lon="-121.715576">
				<ele>2023.420898</ele>
				<time>2026-06-14T18:25:07Z</time>
			</trkpt>
			<trkpt lat="46.887646" lon="-121.715637">
				<ele>2023.204956</ele>
				<time>2026-06-14T18:25:14Z</time>
			</trkpt>
			<trkpt lat="46.887619" lon="-121.715721">
				<ele>2027.019287</ele>
				<time>2026-06-14T18:25:25Z</time>
			</trkpt>
			<trkpt lat="46.887569" lon="-121.715759">
				<ele>2026.995972</ele>
				<time>2026-06-14T18:25:32Z</time>
			</trkpt>
			<trkpt lat="46.887539" lon="-121.715828">
				<ele>2029.947632</ele>
				<time>2026-06-14T18:25:43Z</time>
			</trkpt>
			<trkpt lat="46.887486" lon="-121.715874">
				<ele>2028.143433</ele>
				<time>2026-06-14T18:25:50Z</time>
			</trkpt>
			<trkpt lat="46.887432" lon="-121.715912">
				<ele>2030.746094</ele>
				<time>2026-06-14T18:26:06Z</time>
			</trkpt>
			<trkpt lat="46.887383" lon="-121.715965">
				<ele>2030.233276</ele>
				<time>2026-06-14T18:26:17Z</time>
			</trkpt>
			<trkpt lat="46.887337" lon="-121.716019">
				<ele>2034.474854</ele>
				<time>2026-06-14T18:26:26Z</time>
			</trkpt>
			<trkpt lat="46.887287" lon="-121.716057">
				<ele>2035.897095</ele>
				<time>2026-06-14T18:26:39Z</time>
			</trkpt>
			<trkpt lat="46.887241" lon="-121.71611">
				<ele>2036.167969</ele>
				<time>2026-06-14T18:26:48Z</time>
			</trkpt>
			<trkpt lat="46.887196" lon="-121.716164">
				<ele>2041.144897</ele>
				<time>2026-06-14T18:26:59Z</time>
			</trkpt>
			<trkpt lat="46.887142" lon="-121.716209">
				<ele>2042.999268</ele>
				<time>2026-06-14T18:27:11Z</time>
			</trkpt>
			<trkpt lat="46.887028" lon="-121.716286">
				<ele>2039.165161</ele>
				<time>2026-06-14T18:27:36Z</time>
			</trkpt>
			<trkpt lat="46.886917" lon="-121.716354">
				<ele>2044.907837</ele>
				<time>2026-06-14T18:28:03Z</time>
			</trkpt>
			<trkpt lat="46.886868" lon="-121.716393">
				<ele>2042.399292</ele>
				<time>2026-06-14T18:28:12Z</time>
			</trkpt>
			<trkpt lat="46.886822" lon="-121.716438">
				<ele>2047.852783</ele>
				<time>2026-06-14T18:28:25Z</time>
			</trkpt>
			<trkpt lat="46.886787" lon="-121.716507">
				<ele>2045.639282</ele>
				<time>2026-06-14T18:28:41Z</time>
			</trkpt>
			<trkpt lat="46.886703" lon="-121.716614">
				<ele>2052.641846</ele>
				<time>2026-06-14T18:29:04Z</time>
			</trkpt>
			<trkpt lat="46.88665" lon="-121.716629">
				<ele>2051.145752</ele>
				<time>2026-06-14T18:29:13Z</time>
			</trkpt>
			<trkpt lat="46.886612" lon="-121.71669">
				<ele>2052.699219</ele>
				<time>2026-06-14T18:29:29Z</time>
			</trkpt>
			<trkpt lat="46.886562" lon="-121.716721">
				<ele>2054.542725</ele>
				<time>2026-06-14T18:29:40Z</time>
			</trkpt>
			<trkpt lat="46.886513" lon="-121.716766">
				<ele>2058.611572</ele>
				<time>2026-06-14T18:29:50Z</time>
			</trkpt>
			<trkpt lat="46.886398" lon="-121.716789">
				<ele>2056.531982</ele>
				<time>2026-06-14T18:30:33Z</time>
			</trkpt>
			<trkpt lat="46.886341" lon="-121.71682">
				<ele>2056.350342</ele>
				<time>2026-06-14T18:30:43Z</time>
			</trkpt>
			<trkpt lat="46.886288" lon="-121.716827">
				<ele>2056.787354</ele>
				<time>2026-06-14T18:30:54Z</time>
			</trkpt>
			<trkpt lat="46.886215" lon="-121.716835">
				<ele>2058.782471</ele>
				<time>2026-06-14T18:31:10Z</time>
			</trkpt>
			<trkpt lat="46.886055" lon="-121.716919">
				<ele>2062.275635</ele>
				<time>2026-06-14T18:32:06Z</time>
			</trkpt>
			<trkpt lat="46.886005" lon="-121.716957">
				<ele>2067.856689</ele>
				<time>2026-06-14T18:33:24Z</time>
			</trkpt>
			<trkpt lat="46.885948" lon="-121.716965">
				<ele>2069.809082</ele>
				<time>2026-06-14T18:33:49Z</time>
			</trkpt>
			<trkpt lat="46.885899" lon="-121.717033">
				<ele>2065.850586</ele>
				<time>2026-06-14T18:34:07Z</time>
			</trkpt>
			<trkpt lat="46.885853" lon="-121.717094">
				<ele>2068.046387</ele>
				<time>2026-06-14T18:34:24Z</time>
			</trkpt>
			<trkpt lat="46.885803" lon="-121.717102">
				<ele>2071.224854</ele>
				<time>2026-06-14T18:34:38Z</time>
			</trkpt>
			<trkpt lat="46.885757" lon="-121.717148">
				<ele>2071.695801</ele>
				<time>2026-06-14T18:34:55Z</time>
			</trkpt>
			<trkpt lat="46.885715" lon="-121.717209">
				<ele>2075.314941</ele>
				<time>2026-06-14T18:35:22Z</time>
			</trkpt>
			<trkpt lat="46.885658" lon="-121.717232">
				<ele>2079.447021</ele>
				<time>2026-06-14T18:35:41Z</time>
			</trkpt>
			<trkpt lat="46.885616" lon="-121.717262">
				<ele>2081.111328</ele>
				<time>2026-06-14T18:35:52Z</time>
			</trkpt>
			<trkpt lat="46.885578" lon="-121.717331">
				<ele>2087.916016</ele>
				<time>2026-06-14T18:36:19Z</time>
			</trkpt>
			<trkpt lat="46.885551" lon="-121.717415">
				<ele>2085.401611</ele>
				<time>2026-06-14T18:36:39Z</time>
			</trkpt>
			<trkpt lat="46.885502" lon="-121.717468">
				<ele>2094.319092</ele>
				<time>2026-06-14T18:37:15Z</time>
			</trkpt>
			<trkpt lat="46.885468" lon="-121.717537">
				<ele>2095.011475</ele>
				<time>2026-06-14T18:37:34Z</time>
			</trkpt>
			<trkpt lat="46.885418" lon="-121.71759">
				<ele>2099.162598</ele>
				<time>2026-06-14T18:38:03Z</time>
			</trkpt>
			<trkpt lat="46.885384" lon="-121.717651">
				<ele>2100.424805</ele>
				<time>2026-06-14T18:38:21Z</time>
			</trkpt>
			<trkpt lat="46.885345" lon="-121.717712">
				<ele>2097.53125</ele>
				<time>2026-06-14T18:38:42Z</time>
			</trkpt>
			<trkpt lat="46.885311" lon="-121.717789">
				<ele>2100.567139</ele>
				<time>2026-06-14T18:39:03Z</time>
			</trkpt>
			<trkpt lat="46.885239" lon="-121.717918">
				<ele>2109.396973</ele>
				<time>2026-06-14T18:39:53Z</time>
			</trkpt>
			<trkpt lat="46.885197" lon="-121.717987">
				<ele>2110.682617</ele>
				<time>2026-06-14T18:40:10Z</time>
			</trkpt>
			<trkpt lat="46.885143" lon="-121.71804">
				<ele>2113.975098</ele>
				<time>2026-06-14T18:40:29Z</time>
			</trkpt>
			<trkpt lat="46.885086" lon="-121.718086">
				<ele>2113.197998</ele>
				<time>2026-06-14T18:40:50Z</time>
			</trkpt>
			<trkpt lat="46.885029" lon="-121.718124">
				<ele>2119.388672</ele>
				<time>2026-06-14T18:41:22Z</time>
			</trkpt>
			<trkpt lat="46.884972" lon="-121.71817">
				<ele>2122.07251</ele>
				<time>2026-06-14T18:41:40Z</time>
			</trkpt>
			<trkpt lat="46.884838" lon="-121.718239">
				<ele>2124.141357</ele>
				<time>2026-06-14T18:42:23Z</time>
			</trkpt>
			<trkpt lat="46.884773" lon="-121.718277">
				<ele>2128.672852</ele>
				<time>2026-06-14T18:42:46Z</time>
			</trkpt>
			<trkpt lat="46.884716" lon="-121.71833">
				<ele>2129.6521</ele>
				<time>2026-06-14T18:43:09Z</time>
			</trkpt>
			<trkpt lat="46.884655" lon="-121.718376">
				<ele>2134.202637</ele>
				<time>2026-06-14T18:43:30Z</time>
			</trkpt>
			<trkpt lat="46.884602" lon="-121.718445">
				<ele>2135.030273</ele>
				<time>2026-06-14T18:43:47Z</time>
			</trkpt>
			<trkpt lat="46.884499" lon="-121.718559">
				<ele>2139.32959</ele>
				<time>2026-06-14T18:44:30Z</time>
			</trkpt>
			<trkpt lat="46.884441" lon="-121.718605">
				<ele>2139.304688</ele>
				<time>2026-06-14T18:44:50Z</time>
			</trkpt>
			<trkpt lat="46.88438" lon="-121.718636">
				<ele>2141.798584</ele>
				<time>2026-06-14T18:45:13Z</time>
			</trkpt>
			<trkpt lat="46.884335" lon="-121.718704">
				<ele>2142.650391</ele>
				<time>2026-06-14T18:45:39Z</time>
			</trkpt>
			<trkpt lat="46.884274" lon="-121.718742">
				<ele>2145.041504</ele>
				<time>2026-06-14T18:45:54Z</time>
			</trkpt>
			<trkpt lat="46.884216" lon="-121.718796">
				<ele>2150.197021</ele>
				<time>2026-06-14T18:46:14Z</time>
			</trkpt>
			<trkpt lat="46.884102" lon="-121.718895">
				<ele>2153.925537</ele>
				<time>2026-06-14T18:47:02Z</time>
			</trkpt>
			<trkpt lat="46.884041" lon="-121.718925">
				<ele>2156.267578</ele>
				<time>2026-06-14T18:47:30Z</time>
			</trkpt>
			<trkpt lat="46.883999" lon="-121.719002">
				<ele>2157.820557</ele>
				<time>2026-06-14T18:47:51Z</time>
			</trkpt>
			<trkpt lat="46.8839" lon="-121.719131">
				<ele>2169.146729</ele>
				<time>2026-06-14T18:48:58Z</time>
			</trkpt>
			<trkpt lat="46.88385" lon="-121.719208">
				<ele>2169.901855</ele>
				<time>2026-06-14T18:49:22Z</time>
			</trkpt>
			<trkpt lat="46.883801" lon="-121.719269">
				<ele>2171.158447</ele>
				<time>2026-06-14T18:49:48Z</time>
			</trkpt>
			<trkpt lat="46.883682" lon="-121.719368">
				<ele>2176.585449</ele>
				<time>2026-06-14T18:50:46Z</time>
			</trkpt>
			<trkpt lat="46.883621" lon="-121.719437">
				<ele>2181.645996</ele>
				<time>2026-06-14T18:51:03Z</time>
			</trkpt>
			<trkpt lat="46.88356" lon="-121.719505">
				<ele>2183.009277</ele>
				<time>2026-06-14T18:51:30Z</time>
			</trkpt>
			<trkpt lat="46.883503" lon="-121.719475">
				<ele>2184.711182</ele>
				<time>2026-06-14T18:56:26Z</time>
			</trkpt>
			<trkpt lat="46.883476" lon="-121.719559">
				<ele>2185.520752</ele>
				<time>2026-06-14T19:00:28Z</time>
			</trkpt>
			<trkpt lat="46.883381" lon="-121.71965">
				<ele>2191.864258</ele>
				<time>2026-06-14T19:01:04Z</time>
			</trkpt>
			<trkpt lat="46.883286" lon="-121.719734">
				<ele>2194.324463</ele>
				<time>2026-06-14T19:01:50Z</time>
			</trkpt>
			<trkpt lat="46.883244" lon="-121.719788">
				<ele>2196.598633</ele>
				<time>2026-06-14T19:02:11Z</time>
			</trkpt>
			<trkpt lat="46.883183" lon="-121.719856">
				<ele>2197.365479</ele>
				<time>2026-06-14T19:02:44Z</time>
			</trkpt>
			<trkpt lat="46.883076" lon="-121.719933">
				<ele>2207.695313</ele>
				<time>2026-06-14T19:03:33Z</time>
			</trkpt>
			<trkpt lat="46.883034" lon="-121.719971">
				<ele>2210.460938</ele>
				<time>2026-06-14T19:03:49Z</time>
			</trkpt>
			<trkpt lat="46.88298" lon="-121.719994">
				<ele>2210.279297</ele>
				<time>2026-06-14T19:04:19Z</time>
			</trkpt>
			<trkpt lat="46.882931" lon="-121.720009">
				<ele>2211.55542</ele>
				<time>2026-06-14T19:04:38Z</time>
			</trkpt>
			<trkpt lat="46.882889" lon="-121.720055">
				<ele>2212.249023</ele>
				<time>2026-06-14T19:04:57Z</time>
			</trkpt>
			<trkpt lat="46.882801" lon="-121.720131">
				<ele>2215.757568</ele>
				<time>2026-06-14T19:05:38Z</time>
			</trkpt>
			<trkpt lat="46.882744" lon="-121.720184">
				<ele>2223.278564</ele>
				<time>2026-06-14T19:06:20Z</time>
			</trkpt>
			<trkpt lat="46.882591" lon="-121.720322">
				<ele>2237.470947</ele>
				<time>2026-06-14T19:07:58Z</time>
			</trkpt>
			<trkpt lat="46.882538" lon="-121.720383">
				<ele>2242.604492</ele>
				<time>2026-06-14T19:08:36Z</time>
			</trkpt>
			<trkpt lat="46.882462" lon="-121.720413">
				<ele>2245.307129</ele>
				<time>2026-06-14T19:09:15Z</time>
			</trkpt>
			<trkpt lat="46.88242" lon="-121.720497">
				<ele>2250.980713</ele>
				<time>2026-06-14T19:09:55Z</time>
			</trkpt>
			<trkpt lat="46.882355" lon="-121.72052">
				<ele>2258.105469</ele>
				<time>2026-06-14T19:10:36Z</time>
			</trkpt>
			<trkpt lat="46.882294" lon="-121.720535">
				<ele>2260.177246</ele>
				<time>2026-06-14T19:10:59Z</time>
			</trkpt>
			<trkpt lat="46.882221" lon="-121.720535">
				<ele>2258.709717</ele>
				<time>2026-06-14T19:11:28Z</time>
			</trkpt>
			<trkpt lat="46.882145" lon="-121.720535">
				<ele>2260.075928</ele>
				<time>2026-06-14T19:12:05Z</time>
			</trkpt>
			<trkpt lat="46.881996" lon="-121.720512">
				<ele>2267.083008</ele>
				<time>2026-06-14T19:13:16Z</time>
			</trkpt>
			<trkpt lat="46.881817" lon="-121.720543">
				<ele>2284.714844</ele>
				<time>2026-06-14T19:14:46Z</time>
			</trkpt>
			<trkpt lat="46.881733" lon="-121.720535">
				<ele>2287.298828</ele>
				<time>2026-06-14T19:15:33Z</time>
			</trkpt>
			<trkpt lat="46.881618" lon="-121.720551">
				<ele>2295.037598</ele>
				<time>2026-06-14T19:16:30Z</time>
			</trkpt>
			<trkpt lat="46.881523" lon="-121.720558">
				<ele>2295.686768</ele>
				<time>2026-06-14T19:17:08Z</time>
			</trkpt>
			<trkpt lat="46.881428" lon="-121.720589">
				<ele>2301.000732</ele>
				<time>2026-06-14T19:17:45Z</time>
			</trkpt>
			<trkpt lat="46.881302" lon="-121.720703">
				<ele>2311.654785</ele>
				<time>2026-06-14T19:19:09Z</time>
			</trkpt>
			<trkpt lat="46.881226" lon="-121.720772">
				<ele>2313.350342</ele>
				<time>2026-06-14T19:19:51Z</time>
			</trkpt>
			<trkpt lat="46.881176" lon="-121.720856">
				<ele>2315.855713</ele>
				<time>2026-06-14T19:20:22Z</time>
			</trkpt>
			<trkpt lat="46.881058" lon="-121.720825">
				<ele>2321.775391</ele>
				<time>2026-06-14T19:21:53Z</time>
			</trkpt>
			<trkpt lat="46.880936" lon="-121.72084">
				<ele>2325.930664</ele>
				<time>2026-06-14T19:22:35Z</time>
			</trkpt>
			<trkpt lat="46.880878" lon="-121.720825">
				<ele>2330.694824</ele>
				<time>2026-06-14T19:22:56Z</time>
			</trkpt>
			<trkpt lat="46.880836" lon="-121.72081">
				<ele>2330.445068</ele>
				<time>2026-06-14T19:24:52Z</time>
			</trkpt>
			<trkpt lat="46.880703" lon="-121.720894">
				<ele>2337.866211</ele>
				<time>2026-06-14T19:26:56Z</time>
			</trkpt>
			<trkpt lat="46.880596" lon="-121.721054">
				<ele>2350.462646</ele>
				<time>2026-06-14T19:28:13Z</time>
			</trkpt>
			<trkpt lat="46.880539" lon="-121.721092">
				<ele>2354.458984</ele>
				<time>2026-06-14T19:28:37Z</time>
			</trkpt>
			<trkpt lat="46.880478" lon="-121.721169">
				<ele>2356.88501</ele>
				<time>2026-06-14T19:29:15Z</time>
			</trkpt>
			<trkpt lat="46.880432" lon="-121.721336">
				<ele>2367.39624</ele>
				<time>2026-06-14T19:30:06Z</time>
			</trkpt>
			<trkpt lat="46.880402" lon="-121.72142">
				<ele>2369.630859</ele>
				<time>2026-06-14T19:30:27Z</time>
			</trkpt>
			<trkpt lat="46.880344" lon="-121.721474">
				<ele>2371.231445</ele>
				<time>2026-06-14T19:30:56Z</time>
			</trkpt>
			<trkpt lat="46.88028" lon="-121.721512">
				<ele>2375.969971</ele>
				<time>2026-06-14T19:31:22Z</time>
			</trkpt>
			<trkpt lat="46.880165" lon="-121.721626">
				<ele>2381.925049</ele>
				<time>2026-06-14T19:32:37Z</time>
			</trkpt>
			<trkpt lat="46.8801" lon="-121.721649">
				<ele>2387.903076</ele>
				<time>2026-06-14T19:33:03Z</time>
			</trkpt>
			<trkpt lat="46.880005" lon="-121.72171">
				<ele>2390.564209</ele>
				<time>2026-06-14T19:33:55Z</time>
			</trkpt>
			<trkpt lat="46.879948" lon="-121.721817">
				<ele>2396.21875</ele>
				<time>2026-06-14T19:34:38Z</time>
			</trkpt>
			<trkpt lat="46.879868" lon="-121.721855">
				<ele>2393.180908</ele>
				<time>2026-06-14T19:34:55Z</time>
			</trkpt>
			<trkpt lat="46.879799" lon="-121.721886">
				<ele>2403.200439</ele>
				<time>2026-06-14T19:35:49Z</time>
			</trkpt>
			<trkpt lat="46.879738" lon="-121.721939">
				<ele>2405.688721</ele>
				<time>2026-06-14T19:36:20Z</time>
			</trkpt>
			<trkpt lat="46.879662" lon="-121.721992">
				<ele>2410.648438</ele>
				<time>2026-06-14T19:37:12Z</time>
			</trkpt>
			<trkpt lat="46.879601" lon="-121.722061">
				<ele>2411.920654</ele>
				<time>2026-06-14T19:37:43Z</time>
			</trkpt>
			<trkpt lat="46.879436" lon="-121.722145">
				<ele>2424.513428</ele>
				<time>2026-06-14T19:39:21Z</time>
			</trkpt>
			<trkpt lat="46.879356" lon="-121.722145">
				<ele>2422.117432</ele>
				<time>2026-06-14T19:39:47Z</time>
			</trkpt>
			<trkpt lat="46.879261" lon="-121.722183">
				<ele>2423.239502</ele>
				<time>2026-06-14T19:40:28Z</time>
			</trkpt>
			<trkpt lat="46.879189" lon="-121.722267">
				<ele>2434.310303</ele>
				<time>2026-06-14T19:41:32Z</time>
			</trkpt>
			<trkpt lat="46.879128" lon="-121.722321">
				<ele>2438.207275</ele>
				<time>2026-06-14T19:42:09Z</time>
			</trkpt>
			<trkpt lat="46.879063" lon="-121.722366">
				<ele>2437.222656</ele>
				<time>2026-06-14T19:43:01Z</time>
			</trkpt>
			<trkpt lat="46.879028" lon="-121.72245">
				<ele>2448.624756</ele>
				<time>2026-06-14T19:44:04Z</time>
			</trkpt>
			<trkpt lat="46.878979" lon="-121.722511">
				<ele>2452.786133</ele>
				<time>2026-06-14T19:44:30Z</time>
			</trkpt>
			<trkpt lat="46.878899" lon="-121.722557">
				<ele>2460.483154</ele>
				<time>2026-06-14T19:45:07Z</time>
			</trkpt>
			<trkpt lat="46.878853" lon="-121.722641">
				<ele>2466.590088</ele>
				<time>2026-06-14T19:45:37Z</time>
			</trkpt>
			<trkpt lat="46.878784" lon="-121.722687">
				<ele>2473.235107</ele>
				<time>2026-06-14T19:46:27Z</time>
			</trkpt>
			<trkpt lat="46.878674" lon="-121.72271">
				<ele>2475.815918</ele>
				<time>2026-06-14T19:47:36Z</time>
			</trkpt>
			<trkpt lat="46.87859" lon="-121.72274">
				<ele>2480.439697</ele>
				<time>2026-06-14T19:48:22Z</time>
			</trkpt>
			<trkpt lat="46.878506" lon="-121.722778">
				<ele>2483.317383</ele>
				<time>2026-06-14T19:49:06Z</time>
			</trkpt>
			<trkpt lat="46.878345" lon="-121.722847">
				<ele>2494.390869</ele>
				<time>2026-06-14T19:50:33Z</time>
			</trkpt>
			<trkpt lat="46.878292" lon="-121.722939">
				<ele>2501.401611</ele>
				<time>2026-06-14T19:51:15Z</time>
			</trkpt>
			<trkpt lat="46.878159" lon="-121.722923">
				<ele>2500.025146</ele>
				<time>2026-06-14T19:52:15Z</time>
			</trkpt>
			<trkpt lat="46.878063" lon="-121.722984">
				<ele>2502.825439</ele>
				<time>2026-06-14T19:53:05Z</time>
			</trkpt>
			<trkpt lat="46.877979" lon="-121.722977">
				<ele>2504.19043</ele>
				<time>2026-06-14T19:53:55Z</time>
			</trkpt>
			<trkpt lat="46.877857" lon="-121.72303">
				<ele>2513.728516</ele>
				<time>2026-06-14T19:55:05Z</time>
			</trkpt>
			<trkpt lat="46.877777" lon="-121.723114">
				<ele>2519.296143</ele>
				<time>2026-06-14T19:56:02Z</time>
			</trkpt>
			<trkpt lat="46.87772" lon="-121.723145">
				<ele>2523.816162</ele>
				<time>2026-06-14T19:57:04Z</time>
			</trkpt>
			<trkpt lat="46.877636" lon="-121.723228">
				<ele>2527.814941</ele>
				<time>2026-06-14T19:57:58Z</time>
			</trkpt>
			<trkpt lat="46.877571" lon="-121.723297">
				<ele>2536.256836</ele>
				<time>2026-06-14T19:59:00Z</time>
			</trkpt>
			<trkpt lat="46.877422" lon="-121.723419">
				<ele>2546.186523</ele>
				<time>2026-06-14T20:00:41Z</time>
			</trkpt>
			<trkpt lat="46.877361" lon="-121.723495">
				<ele>2551.245605</ele>
				<time>2026-06-14T20:01:42Z</time>
			</trkpt>
			<trkpt lat="46.877316" lon="-121.723595">
				<ele>2553.821289</ele>
				<time>2026-06-14T20:02:10Z</time>
			</trkpt>
			<trkpt lat="46.8773" lon="-121.723694">
				<ele>2555.984619</ele>
				<time>2026-06-14T20:02:34Z</time>
			</trkpt>
			<trkpt lat="46.877274" lon="-121.723808">
				<ele>2556.732666</ele>
				<time>2026-06-14T20:03:00Z</time>
			</trkpt>
			<trkpt lat="46.877262" lon="-121.723923">
				<ele>2560.442627</ele>
				<time>2026-06-14T20:03:31Z</time>
			</trkpt>
			<trkpt lat="46.877239" lon="-121.72406">
				<ele>2561.634766</ele>
				<time>2026-06-14T20:04:09Z</time>
			</trkpt>
			<trkpt lat="46.877216" lon="-121.724213">
				<ele>2564.777588</ele>
				<time>2026-06-14T20:05:02Z</time>
			</trkpt>
			<trkpt lat="46.877262" lon="-121.724304">
				<ele>2566.693359</ele>
				<time>2026-06-14T20:05:31Z</time>
			</trkpt>
			<trkpt lat="46.877308" lon="-121.724373">
				<ele>2570.30835</ele>
				<time>2026-06-14T20:06:04Z</time>
			</trkpt>
			<trkpt lat="46.877377" lon="-121.724342">
				<ele>2567.677002</ele>
				<time>2026-06-14T20:39:30Z</time>
			</trkpt>
			<trkpt lat="46.877209" lon="-121.724411">
				<ele>2575.322266</ele>
				<time>2026-06-14T20:44:02Z</time>
			</trkpt>
			<trkpt lat="46.877151" lon="-121.724388">
				<ele>2575.210693</ele>
				<time>2026-06-14T20:44:23Z</time>
			</trkpt>
			<trkpt lat="46.877094" lon="-121.724396">
				<ele>2575.959961</ele>
				<time>2026-06-14T20:44:51Z</time>
			</trkpt>
			<trkpt lat="46.877018" lon="-121.724403">
				<ele>2580.525391</ele>
				<time>2026-06-14T20:45:23Z</time>
			</trkpt>
			<trkpt lat="46.876968" lon="-121.724373">
				<ele>2583.68457</ele>
				<time>2026-06-14T20:45:54Z</time>
			</trkpt>
			<trkpt lat="46.876892" lon="-121.724388">
				<ele>2586.346924</ele>
				<time>2026-06-14T20:46:31Z</time>
			</trkpt>
			<trkpt lat="46.876854" lon="-121.724457">
				<ele>2589.773193</ele>
				<time>2026-06-14T20:46:58Z</time>
			</trkpt>
			<trkpt lat="46.876801" lon="-121.72451">
				<ele>2590.564697</ele>
				<time>2026-06-14T20:47:27Z</time>
			</trkpt>
			<trkpt lat="46.876778" lon="-121.724594">
				<ele>2593.989502</ele>
				<time>2026-06-14T20:47:51Z</time>
			</trkpt>
			<trkpt lat="46.87674" lon="-121.724655">
				<ele>2595.589355</ele>
				<time>2026-06-14T20:48:17Z</time>
			</trkpt>
			<trkpt lat="46.876701" lon="-121.724724">
				<ele>2599.430908</ele>
				<time>2026-06-14T20:48:43Z</time>
			</trkpt>
			<trkpt lat="46.876663" lon="-121.7248">
				<ele>2601.419189</ele>
				<time>2026-06-14T20:49:08Z</time>
			</trkpt>
			<trkpt lat="46.876633" lon="-121.724884">
				<ele>2604.744873</ele>
				<time>2026-06-14T20:49:37Z</time>
			</trkpt>
			<trkpt lat="46.876587" lon="-121.724953">
				<ele>2606.276367</ele>
				<time>2026-06-14T20:50:07Z</time>
			</trkpt>
			<trkpt lat="46.87653" lon="-121.724991">
				<ele>2610.706543</ele>
				<time>2026-06-14T20:50:43Z</time>
			</trkpt>
			<trkpt lat="46.876465" lon="-121.725098">
				<ele>2613.089844</ele>
				<time>2026-06-14T20:51:23Z</time>
			</trkpt>
			<trkpt lat="46.876411" lon="-121.725212">
				<ele>2619.577637</ele>
				<time>2026-06-14T20:52:07Z</time>
			</trkpt>
			<trkpt lat="46.876343" lon="-121.725273">
				<ele>2621.781006</ele>
				<time>2026-06-14T20:52:36Z</time>
			</trkpt>
			<trkpt lat="46.876274" lon="-121.725418">
				<ele>2626.184814</ele>
				<time>2026-06-14T20:53:24Z</time>
			</trkpt>
			<trkpt lat="46.876209" lon="-121.725471">
				<ele>2630.667725</ele>
				<time>2026-06-14T20:53:57Z</time>
			</trkpt>
			<trkpt lat="46.876148" lon="-121.725578">
				<ele>2633.721191</ele>
				<time>2026-06-14T20:54:40Z</time>
			</trkpt>
			<trkpt lat="46.876087" lon="-121.725677">
				<ele>2638.495361</ele>
				<time>2026-06-14T20:55:28Z</time>
			</trkpt>
			<trkpt lat="46.876003" lon="-121.725815">
				<ele>2648.988281</ele>
				<time>2026-06-14T20:56:35Z</time>
			</trkpt>
			<trkpt lat="46.875954" lon="-121.725868">
				<ele>2651.998779</ele>
				<time>2026-06-14T20:57:08Z</time>
			</trkpt>
			<trkpt lat="46.875816" lon="-121.726089">
				<ele>2660.297852</ele>
				<time>2026-06-14T20:59:02Z</time>
			</trkpt>
			<trkpt lat="46.875713" lon="-121.726173">
				<ele>2670.460938</ele>
				<time>2026-06-14T21:00:09Z</time>
			</trkpt>
			<trkpt lat="46.87566" lon="-121.72625">
				<ele>2671.302246</ele>
				<time>2026-06-14T21:01:04Z</time>
			</trkpt>
			<trkpt lat="46.875603" lon="-121.726295">
				<ele>2676.995361</ele>
				<time>2026-06-14T21:01:41Z</time>
			</trkpt>
			<trkpt lat="46.875534" lon="-121.726295">
				<ele>2676.992432</ele>
				<time>2026-06-14T21:02:13Z</time>
			</trkpt>
			<trkpt lat="46.875477" lon="-121.726326">
				<ele>2681.28418</ele>
				<time>2026-06-14T21:02:52Z</time>
			</trkpt>
			<trkpt lat="46.875221" lon="-121.726357">
				<ele>2691.091309</ele>
				<time>2026-06-14T21:07:54Z</time>
			</trkpt>
			<trkpt lat="46.875149" lon="-121.726341">
				<ele>2693.258789</ele>
				<time>2026-06-14T21:08:26Z</time>
			</trkpt>
			<trkpt lat="46.875061" lon="-121.726387">
				<ele>2701.137207</ele>
				<time>2026-06-14T21:09:11Z</time>
			</trkpt>
			<trkpt lat="46.874889" lon="-121.726425">
				<ele>2709.566895</ele>
				<time>2026-06-14T21:10:27Z</time>
			</trkpt>
			<trkpt lat="46.874813" lon="-121.726448">
				<ele>2715.78833</ele>
				<time>2026-06-14T21:11:04Z</time>
			</trkpt>
			<trkpt lat="46.874744" lon="-121.726456">
				<ele>2716.422363</ele>
				<time>2026-06-14T21:11:26Z</time>
			</trkpt>
			<trkpt lat="46.87466" lon="-121.726479">
				<ele>2722.126709</ele>
				<time>2026-06-14T21:12:12Z</time>
			</trkpt>
			<trkpt lat="46.874592" lon="-121.726494">
				<ele>2723.210205</ele>
				<time>2026-06-14T21:12:34Z</time>
			</trkpt>
			<trkpt lat="46.874523" lon="-121.726501">
				<ele>2725.340576</ele>
				<time>2026-06-14T21:13:10Z</time>
			</trkpt>
			<trkpt lat="46.874187" lon="-121.726509">
				<ele>2742.29541</ele>
				<time>2026-06-14T21:15:19Z</time>
			</trkpt>
			<trkpt lat="46.874161" lon="-121.726501">
				<ele>2743.162109</ele>
				<time>2026-06-14T21:15:29Z</time>
			</trkpt>
			<trkpt lat="46.874134" lon="-121.726509">
				<ele>2742.160889</ele>
				<time>2026-06-14T21:15:36Z</time>
			</trkpt>
			<trkpt lat="46.874111" lon="-121.726501">
				<ele>2745.299561</ele>
				<time>2026-06-14T21:15:51Z</time>
			</trkpt>
			<trkpt lat="46.874088" lon="-121.726501">
				<ele>2745.194336</ele>
				<time>2026-06-14T21:16:00Z</time>
			</trkpt>
			<trkpt lat="46.874004" lon="-121.726471">
				<ele>2747.329346</ele>
				<time>2026-06-14T21:16:35Z</time>
			</trkpt>
			<trkpt lat="46.873978" lon="-121.726479">
				<ele>2750.325195</ele>
				<time>2026-06-14T21:16:51Z</time>
			</trkpt>
			<trkpt lat="46.873951" lon="-121.726463">
				<ele>2750.856934</ele>
				<time>2026-06-14T21:17:00Z</time>
			</trkpt>
			<trkpt lat="46.873913" lon="-121.726448">
				<ele>2750.879395</ele>
				<time>2026-06-14T21:17:14Z</time>
			</trkpt>
			<trkpt lat="46.873772" lon="-121.726501">
				<ele>2757.990723</ele>
				<time>2026-06-14T21:18:20Z</time>
			</trkpt>
			<trkpt lat="46.873749" lon="-121.726517">
				<ele>2760.378418</ele>
				<time>2026-06-14T21:18:34Z</time>
			</trkpt>
			<trkpt lat="46.873703" lon="-121.72654">
				<ele>2762.594238</ele>
				<time>2026-06-14T21:18:56Z</time>
			</trkpt>
			<trkpt lat="46.873688" lon="-121.726563">
				<ele>2762.803223</ele>
				<time>2026-06-14T21:19:03Z</time>
			</trkpt>
			<trkpt lat="46.873665" lon="-121.726563">
				<ele>2765.710449</ele>
				<time>2026-06-14T21:19:18Z</time>
			</trkpt>
			<trkpt lat="46.873646" lon="-121.72657">
				<ele>2765.808594</ele>
				<time>2026-06-14T21:19:27Z</time>
			</trkpt>
			<trkpt lat="46.873623" lon="-121.72657">
				<ele>2765.795654</ele>
				<time>2026-06-14T21:19:35Z</time>
			</trkpt>
			<trkpt lat="46.873608" lon="-121.726585">
				<ele>2766.141602</ele>
				<time>2026-06-14T21:19:43Z</time>
			</trkpt>
			<trkpt lat="46.873539" lon="-121.726624">
				<ele>2771.240234</ele>
				<time>2026-06-14T21:20:27Z</time>
			</trkpt>
			<trkpt lat="46.87352" lon="-121.726631">
				<ele>2771.727295</ele>
				<time>2026-06-14T21:20:43Z</time>
			</trkpt>
			<trkpt lat="46.873501" lon="-121.726639">
				<ele>2771.382813</ele>
				<time>2026-06-14T21:20:50Z</time>
			</trkpt>
			<trkpt lat="46.873444" lon="-121.726677">
				<ele>2775.536621</ele>
				<time>2026-06-14T21:21:18Z</time>
			</trkpt>
			<trkpt lat="46.873329" lon="-121.726639">
				<ele>2779.354248</ele>
				<time>2026-06-14T21:22:25Z</time>
			</trkpt>
			<trkpt lat="46.873322" lon="-121.726616">
				<ele>2781.370117</ele>
				<time>2026-06-14T21:22:35Z</time>
			</trkpt>
			<trkpt lat="46.873302" lon="-121.726601">
				<ele>2781.505859</ele>
				<time>2026-06-14T21:22:42Z</time>
			</trkpt>
			<trkpt lat="46.87328" lon="-121.726608">
				<ele>2783.39502</ele>
				<time>2026-06-14T21:22:51Z</time>
			</trkpt>
			<trkpt lat="46.873264" lon="-121.726585">
				<ele>2784.380371</ele>
				<time>2026-06-14T21:22:57Z</time>
			</trkpt>
			<trkpt lat="46.87326" lon="-121.726563">
				<ele>2784.036377</ele>
				<time>2026-06-14T21:23:01Z</time>
			</trkpt>
			<trkpt lat="46.873196" lon="-121.726402">
				<ele>2787.991211</ele>
				<time>2026-06-14T21:23:38Z</time>
			</trkpt>
			<trkpt lat="46.873131" lon="-121.726318">
				<ele>2792.903564</ele>
				<time>2026-06-14T21:24:19Z</time>
			</trkpt>
			<trkpt lat="46.873066" lon="-121.726326">
				<ele>2793.955566</ele>
				<time>2026-06-14T21:24:52Z</time>
			</trkpt>
			<trkpt lat="46.872982" lon="-121.72641">
				<ele>2799.5271</ele>
				<time>2026-06-14T21:25:43Z</time>
			</trkpt>
			<trkpt lat="46.872963" lon="-121.726448">
				<ele>2800.031494</ele>
				<time>2026-06-14T21:25:51Z</time>
			</trkpt>
			<trkpt lat="46.872929" lon="-121.726494">
				<ele>2802.676758</ele>
				<time>2026-06-14T21:26:20Z</time>
			</trkpt>
			<trkpt lat="46.87291" lon="-121.726494">
				<ele>2802.515869</ele>
				<time>2026-06-14T21:26:23Z</time>
			</trkpt>
			<trkpt lat="46.872887" lon="-121.726509">
				<ele>2805.032471</ele>
				<time>2026-06-14T21:26:38Z</time>
			</trkpt>
			<trkpt lat="46.872856" lon="-121.726563">
				<ele>2807.11792</ele>
				<time>2026-06-14T21:26:58Z</time>
			</trkpt>
			<trkpt lat="46.872837" lon="-121.726593">
				<ele>2807.56665</ele>
				<time>2026-06-14T21:27:07Z</time>
			</trkpt>
			<trkpt lat="46.872849" lon="-121.726624">
				<ele>2807.905273</ele>
				<time>2026-06-14T21:27:13Z</time>
			</trkpt>
			<trkpt lat="46.872833" lon="-121.726776">
				<ele>2813.168701</ele>
				<time>2026-06-14T21:27:45Z</time>
			</trkpt>
			<trkpt lat="46.872829" lon="-121.726807">
				<ele>2813.574219</ele>
				<time>2026-06-14T21:27:49Z</time>
			</trkpt>
			<trkpt lat="46.872814" lon="-121.72686">
				<ele>2813.810059</ele>
				<time>2026-06-14T21:27:57Z</time>
			</trkpt>
			<trkpt lat="46.872799" lon="-121.726891">
				<ele>2814.945801</ele>
				<time>2026-06-14T21:28:05Z</time>
			</trkpt>
			<trkpt lat="46.872784" lon="-121.726913">
				<ele>2816.763184</ele>
				<time>2026-06-14T21:28:23Z</time>
			</trkpt>
			<trkpt lat="46.872784" lon="-121.726868">
				<ele>2817.972168</ele>
				<time>2026-06-14T21:50:00Z</time>
			</trkpt>
			<trkpt lat="46.872768" lon="-121.726837">
				<ele>2817.773682</ele>
				<time>2026-06-14T21:50:08Z</time>
			</trkpt>
			<trkpt lat="46.872726" lon="-121.726868">
				<ele>2816.052002</ele>
				<time>2026-06-14T21:50:30Z</time>
			</trkpt>
			<trkpt lat="46.872585" lon="-121.726929">
				<ele>2806.547607</ele>
				<time>2026-06-14T21:51:29Z</time>
			</trkpt>
			<trkpt lat="46.872562" lon="-121.726936">
				<ele>2807.16626</ele>
				<time>2026-06-14T21:51:34Z</time>
			</trkpt>
			<trkpt lat="46.872452" lon="-121.726997">
				<ele>2798.925049</ele>
				<time>2026-06-14T21:52:38Z</time>
			</trkpt>
			<trkpt lat="46.87241" lon="-121.72702">
				<ele>2797.951904</ele>
				<time>2026-06-14T21:52:51Z</time>
			</trkpt>
			<trkpt lat="46.872391" lon="-121.727028">
				<ele>2795.181396</ele>
				<time>2026-06-14T21:52:59Z</time>
			</trkpt>
			<trkpt lat="46.872368" lon="-121.727028">
				<ele>2794.938721</ele>
				<time>2026-06-14T21:53:09Z</time>
			</trkpt>
			<trkpt lat="46.872192" lon="-121.72718">
				<ele>2783.253906</ele>
				<time>2026-06-14T21:54:37Z</time>
			</trkpt>
			<trkpt lat="46.872139" lon="-121.727219">
				<ele>2778.213379</ele>
				<time>2026-06-14T21:55:08Z</time>
			</trkpt>
			<trkpt lat="46.872105" lon="-121.727249">
				<ele>2776.828125</ele>
				<time>2026-06-14T21:55:48Z</time>
			</trkpt>
			<trkpt lat="46.871983" lon="-121.727242">
				<ele>2765.266846</ele>
				<time>2026-06-14T21:58:57Z</time>
			</trkpt>
			<trkpt lat="46.871853" lon="-121.72731">
				<ele>2760.099121</ele>
				<time>2026-06-14T21:59:36Z</time>
			</trkpt>
			<trkpt lat="46.871834" lon="-121.727318">
				<ele>2761.695068</ele>
				<time>2026-06-14T21:59:39Z</time>
			</trkpt>
			<trkpt lat="46.871788" lon="-121.727364">
				<ele>2759.505127</ele>
				<time>2026-06-14T21:59:46Z</time>
			</trkpt>
			<trkpt lat="46.871769" lon="-121.727386">
				<ele>2759.780518</ele>
				<time>2026-06-14T21:59:49Z</time>
			</trkpt>
			<trkpt lat="46.871773" lon="-121.727417">
				<ele>2759.161377</ele>
				<time>2026-06-14T22:00:30Z</time>
			</trkpt>
			<trkpt lat="46.87175" lon="-121.727417">
				<ele>2757.491699</ele>
				<time>2026-06-14T22:02:25Z</time>
			</trkpt>
			<trkpt lat="46.871719" lon="-121.72747">
				<ele>2756.540039</ele>
				<time>2026-06-14T22:02:33Z</time>
			</trkpt>
			<trkpt lat="46.871693" lon="-121.727493">
				<ele>2757.933594</ele>
				<time>2026-06-14T22:02:50Z</time>
			</trkpt>
			<trkpt lat="46.871674" lon="-121.727516">
				<ele>2757.750732</ele>
				<time>2026-06-14T22:02:56Z</time>
			</trkpt>
			<trkpt lat="46.871647" lon="-121.727585">
				<ele>2757.852539</ele>
				<time>2026-06-14T22:03:05Z</time>
			</trkpt>
			<trkpt lat="46.871635" lon="-121.727615">
				<ele>2757.515137</ele>
				<time>2026-06-14T22:03:11Z</time>
			</trkpt>
			<trkpt lat="46.87162" lon="-121.727646">
				<ele>2759.440186</ele>
				<time>2026-06-14T22:03:18Z</time>
			</trkpt>
			<trkpt lat="46.871601" lon="-121.727669">
				<ele>2759.515625</ele>
				<time>2026-06-14T22:03:23Z</time>
			</trkpt>
			<trkpt lat="46.871582" lon="-121.727692">
				<ele>2759.957764</ele>
				<time>2026-06-14T22:03:27Z</time>
			</trkpt>
			<trkpt lat="46.871578" lon="-121.72773">
				<ele>2759.499023</ele>
				<time>2026-06-14T22:03:33Z</time>
			</trkpt>
			<trkpt lat="46.871563" lon="-121.727768">
				<ele>2760.704102</ele>
				<time>2026-06-14T22:03:37Z</time>
			</trkpt>
			<trkpt lat="46.871548" lon="-121.727783">
				<ele>2760.362061</ele>
				<time>2026-06-14T22:03:40Z</time>
			</trkpt>
			<trkpt lat="46.871532" lon="-121.727806">
				<ele>2761.782715</ele>
				<time>2026-06-14T22:03:45Z</time>
			</trkpt>
			<trkpt lat="46.871513" lon="-121.727837">
				<ele>2761.257568</ele>
				<time>2026-06-14T22:03:49Z</time>
			</trkpt>
			<trkpt lat="46.871483" lon="-121.727882">
				<ele>2763.14209</ele>
				<time>2026-06-14T22:03:59Z</time>
			</trkpt>
			<trkpt lat="46.871468" lon="-121.727913">
				<ele>2762.895996</ele>
				<time>2026-06-14T22:04:03Z</time>
			</trkpt>
			<trkpt lat="46.871449" lon="-121.727943">
				<ele>2763.862305</ele>
				<time>2026-06-14T22:04:08Z</time>
			</trkpt>
			<trkpt lat="46.871414" lon="-121.727982">
				<ele>2762.137207</ele>
				<time>2026-06-14T22:04:17Z</time>
			</trkpt>
			<trkpt lat="46.871395" lon="-121.72805">
				<ele>2763.759521</ele>
				<time>2026-06-14T22:04:29Z</time>
			</trkpt>
			<trkpt lat="46.871384" lon="-121.728081">
				<ele>2763.86499</ele>
				<time>2026-06-14T22:04:36Z</time>
			</trkpt>
			<trkpt lat="46.871365" lon="-121.728096">
				<ele>2764.333252</ele>
				<time>2026-06-14T22:04:45Z</time>
			</trkpt>
			<trkpt lat="46.871353" lon="-121.728127">
				<ele>2763.980469</ele>
				<time>2026-06-14T22:04:50Z</time>
			</trkpt>
			<trkpt lat="46.87133" lon="-121.728195">
				<ele>2766.510742</ele>
				<time>2026-06-14T22:05:08Z</time>
			</trkpt>
			<trkpt lat="46.871311" lon="-121.728233">
				<ele>2765.600098</ele>
				<time>2026-06-14T22:05:16Z</time>
			</trkpt>
			<trkpt lat="46.871304" lon="-121.728264">
				<ele>2765.667236</ele>
				<time>2026-06-14T22:05:23Z</time>
			</trkpt>
			<trkpt lat="46.871239" lon="-121.728363">
				<ele>2770.482422</ele>
				<time>2026-06-14T22:05:46Z</time>
			</trkpt>
			<trkpt lat="46.871197" lon="-121.728401">
				<ele>2771.27832</ele>
				<time>2026-06-14T22:05:59Z</time>
			</trkpt>
			<trkpt lat="46.871181" lon="-121.728424">
				<ele>2770.812012</ele>
				<time>2026-06-14T22:06:04Z</time>
			</trkpt>
			<trkpt lat="46.871159" lon="-121.728447">
				<ele>2771.125</ele>
				<time>2026-06-14T22:06:13Z</time>
			</trkpt>
			<trkpt lat="46.871101" lon="-121.728508">
				<ele>2775.087402</ele>
				<time>2026-06-14T22:06:31Z</time>
			</trkpt>
			<trkpt lat="46.871082" lon="-121.728531">
				<ele>2775.80835</ele>
				<time>2026-06-14T22:06:40Z</time>
			</trkpt>
			<trkpt lat="46.871059" lon="-121.728554">
				<ele>2775.847412</ele>
				<time>2026-06-14T22:06:47Z</time>
			</trkpt>
			<trkpt lat="46.871017" lon="-121.728615">
				<ele>2778.661865</ele>
				<time>2026-06-14T22:07:05Z</time>
			</trkpt>
			<trkpt lat="46.871002" lon="-121.728638">
				<ele>2778.418701</ele>
				<time>2026-06-14T22:07:12Z</time>
			</trkpt>
			<trkpt lat="46.870949" lon="-121.728706">
				<ele>2781.465088</ele>
				<time>2026-06-14T22:07:43Z</time>
			</trkpt>
			<trkpt lat="46.870911" lon="-121.728752">
				<ele>2781.558105</ele>
				<time>2026-06-14T22:07:59Z</time>
			</trkpt>
			<trkpt lat="46.870865" lon="-121.728806">
				<ele>2782.733887</ele>
				<time>2026-06-14T22:10:40Z</time>
			</trkpt>
			<trkpt lat="46.870884" lon="-121.72879">
				<ele>2782.532715</ele>
				<time>2026-06-14T22:11:25Z</time>
			</trkpt>
			<trkpt lat="46.870872" lon="-121.728821">
				<ele>2784.543701</ele>
				<time>2026-06-14T22:14:42Z</time>
			</trkpt>
			<trkpt lat="46.870861" lon="-121.728851">
				<ele>2784.542969</ele>
				<time>2026-06-14T22:14:50Z</time>
			</trkpt>
			<trkpt lat="46.870838" lon="-121.728867">
				<ele>2785.79248</ele>
				<time>2026-06-14T22:14:59Z</time>
			</trkpt>
			<trkpt lat="46.870819" lon="-121.728897">
				<ele>2786.073242</ele>
				<time>2026-06-14T22:15:23Z</time>
			</trkpt>
			<trkpt lat="46.870808" lon="-121.728928">
				<ele>2785.661377</ele>
				<time>2026-06-14T22:15:33Z</time>
			</trkpt>
			<trkpt lat="46.870777" lon="-121.728989">
				<ele>2788.034424</ele>
				<time>2026-06-14T22:17:20Z</time>
			</trkpt>
			<trkpt lat="46.87077" lon="-121.729027">
				<ele>2786.933105</ele>
				<time>2026-06-14T22:17:27Z</time>
			</trkpt>
			<trkpt lat="46.870728" lon="-121.729057">
				<ele>2791.119141</ele>
				<time>2026-06-14T22:17:41Z</time>
			</trkpt>
			<trkpt lat="46.870716" lon="-121.72908">
				<ele>2791.102539</ele>
				<time>2026-06-14T22:17:45Z</time>
			</trkpt>
			<trkpt lat="46.870697" lon="-121.729156">
				<ele>2791.839844</ele>
				<time>2026-06-14T22:18:02Z</time>
			</trkpt>
			<trkpt lat="46.870678" lon="-121.729179">
				<ele>2790.689697</ele>
				<time>2026-06-14T22:18:07Z</time>
			</trkpt>
			<trkpt lat="46.870667" lon="-121.729218">
				<ele>2791.756348</ele>
				<time>2026-06-14T22:18:17Z</time>
			</trkpt>
			<trkpt lat="46.870667" lon="-121.729248">
				<ele>2789.845947</ele>
				<time>2026-06-14T22:18:21Z</time>
			</trkpt>
			<trkpt lat="46.870613" lon="-121.729347">
				<ele>2796.482422</ele>
				<time>2026-06-14T22:18:54Z</time>
			</trkpt>
			<trkpt lat="46.870598" lon="-121.729393">
				<ele>2795.967773</ele>
				<time>2026-06-14T22:19:06Z</time>
			</trkpt>
			<trkpt lat="46.87056" lon="-121.729477">
				<ele>2798.583984</ele>
				<time>2026-06-14T22:19:31Z</time>
			</trkpt>
			<trkpt lat="46.870537" lon="-121.729507">
				<ele>2798.526123</ele>
				<time>2026-06-14T22:19:45Z</time>
			</trkpt>
			<trkpt lat="46.870438" lon="-121.729744">
				<ele>2805.782715</ele>
				<time>2026-06-14T22:20:51Z</time>
			</trkpt>
			<trkpt lat="46.870434" lon="-121.729782">
				<ele>2804.972168</ele>
				<time>2026-06-14T22:20:59Z</time>
			</trkpt>
			<trkpt lat="46.870434" lon="-121.729858">
				<ele>2808.367676</ele>
				<time>2026-06-14T22:21:18Z</time>
			</trkpt>
			<trkpt lat="46.870392" lon="-121.72995">
				<ele>2811.20752</ele>
				<time>2026-06-14T22:21:43Z</time>
			</trkpt>
			<trkpt lat="46.870373" lon="-121.730011">
				<ele>2810.5354</ele>
				<time>2026-06-14T22:22:00Z</time>
			</trkpt>
			<trkpt lat="46.870338" lon="-121.730125">
				<ele>2815.605713</ele>
				<time>2026-06-14T22:22:35Z</time>
			</trkpt>
			<trkpt lat="46.870327" lon="-121.730148">
				<ele>2816.137451</ele>
				<time>2026-06-14T22:22:42Z</time>
			</trkpt>
			<trkpt lat="46.870323" lon="-121.730194">
				<ele>2816.265137</ele>
				<time>2026-06-14T22:22:53Z</time>
			</trkpt>
			<trkpt lat="46.870285" lon="-121.730278">
				<ele>2820.660645</ele>
				<time>2026-06-14T22:23:20Z</time>
			</trkpt>
			<trkpt lat="46.870281" lon="-121.730324">
				<ele>2821.447754</ele>
				<time>2026-06-14T22:23:32Z</time>
			</trkpt>
			<trkpt lat="46.870308" lon="-121.730339">
				<ele>2821.796143</ele>
				<time>2026-06-14T22:23:34Z</time>
			</trkpt>
			<trkpt lat="46.870281" lon="-121.730347">
				<ele>2821.35498</ele>
				<time>2026-06-14T22:23:39Z</time>
			</trkpt>
			<trkpt lat="46.870243" lon="-121.730438">
				<ele>2824.425049</ele>
				<time>2026-06-14T22:24:07Z</time>
			</trkpt>
			<trkpt lat="46.870235" lon="-121.730515">
				<ele>2825.905273</ele>
				<time>2026-06-14T22:24:29Z</time>
			</trkpt>
			<trkpt lat="46.870216" lon="-121.730553">
				<ele>2828.375</ele>
				<time>2026-06-14T22:24:43Z</time>
			</trkpt>
			<trkpt lat="46.870159" lon="-121.730728">
				<ele>2832.621338</ele>
				<time>2026-06-14T22:25:46Z</time>
			</trkpt>
			<trkpt lat="46.870152" lon="-121.730797">
				<ele>2832.980469</ele>
				<time>2026-06-14T22:26:09Z</time>
			</trkpt>
			<trkpt lat="46.870125" lon="-121.730888">
				<ele>2839.583252</ele>
				<time>2026-06-14T22:26:38Z</time>
			</trkpt>
			<trkpt lat="46.87009" lon="-121.730965">
				<ele>2843.098145</ele>
				<time>2026-06-14T22:27:06Z</time>
			</trkpt>
			<trkpt lat="46.870071" lon="-121.731026">
				<ele>2844.056641</ele>
				<time>2026-06-14T22:27:21Z</time>
			</trkpt>
			<trkpt lat="46.870056" lon="-121.731102">
				<ele>2847.834717</ele>
				<time>2026-06-14T22:27:50Z</time>
			</trkpt>
			<trkpt lat="46.870033" lon="-121.731178">
				<ele>2849.06958</ele>
				<time>2026-06-14T22:28:17Z</time>
			</trkpt>
			<trkpt lat="46.870022" lon="-121.731247">
				<ele>2851.0625</ele>
				<time>2026-06-14T22:28:35Z</time>
			</trkpt>
			<trkpt lat="46.870014" lon="-121.731293">
				<ele>2849.735596</ele>
				<time>2026-06-14T22:28:47Z</time>
			</trkpt>
			<trkpt lat="46.869968" lon="-121.731422">
				<ele>2858.481201</ele>
				<time>2026-06-14T22:29:32Z</time>
			</trkpt>
			<trkpt lat="46.869946" lon="-121.731483">
				<ele>2860.383789</ele>
				<time>2026-06-14T22:31:55Z</time>
			</trkpt>
			<trkpt lat="46.869942" lon="-121.731522">
				<ele>2859.975342</ele>
				<time>2026-06-14T22:32:02Z</time>
			</trkpt>
			<trkpt lat="46.869881" lon="-121.731659">
				<ele>2866.932129</ele>
				<time>2026-06-14T22:32:44Z</time>
			</trkpt>
			<trkpt lat="46.869869" lon="-121.731697">
				<ele>2866.840576</ele>
				<time>2026-06-14T22:32:58Z</time>
			</trkpt>
			<trkpt lat="46.869843" lon="-121.731873">
				<ele>2873.825684</ele>
				<time>2026-06-14T22:33:47Z</time>
			</trkpt>
			<trkpt lat="46.86982" lon="-121.731987">
				<ele>2875.441406</ele>
				<time>2026-06-14T22:34:19Z</time>
			</trkpt>
			<trkpt lat="46.869816" lon="-121.732071">
				<ele>2877.324951</ele>
				<time>2026-06-14T22:34:42Z</time>
			</trkpt>
			<trkpt lat="46.869797" lon="-121.732117">
				<ele>2880.266357</ele>
				<time>2026-06-14T22:35:00Z</time>
			</trkpt>
			<trkpt lat="46.869766" lon="-121.732178">
				<ele>2881.849121</ele>
				<time>2026-06-14T22:35:25Z</time>
			</trkpt>
			<trkpt lat="46.869755" lon="-121.732254">
				<ele>2885.97998</ele>
				<time>2026-06-14T22:35:43Z</time>
			</trkpt>
			<trkpt lat="46.869743" lon="-121.732346">
				<ele>2888.71582</ele>
				<time>2026-06-14T22:36:10Z</time>
			</trkpt>
			<trkpt lat="46.86974" lon="-121.732407">
				<ele>2889.595703</ele>
				<time>2026-06-14T22:36:28Z</time>
			</trkpt>
			<trkpt lat="46.869736" lon="-121.732452">
				<ele>2891.196045</ele>
				<time>2026-06-14T22:36:44Z</time>
			</trkpt>
			<trkpt lat="46.869743" lon="-121.732521">
				<ele>2892.104492</ele>
				<time>2026-06-14T22:36:58Z</time>
			</trkpt>
			<trkpt lat="46.869759" lon="-121.732651">
				<ele>2896.321533</ele>
				<time>2026-06-14T22:37:32Z</time>
			</trkpt>
			<trkpt lat="46.869766" lon="-121.732719">
				<ele>2897.038086</ele>
				<time>2026-06-14T22:37:45Z</time>
			</trkpt>
			<trkpt lat="46.869774" lon="-121.73275">
				<ele>2900.240234</ele>
				<time>2026-06-14T22:37:53Z</time>
			</trkpt>
			<trkpt lat="46.869759" lon="-121.73278">
				<ele>2898.830811</ele>
				<time>2026-06-14T22:37:59Z</time>
			</trkpt>
			<trkpt lat="46.869778" lon="-121.732803">
				<ele>2898.250488</ele>
				<time>2026-06-14T22:38:04Z</time>
			</trkpt>
			<trkpt lat="46.869781" lon="-121.732841">
				<ele>2899.377441</ele>
				<time>2026-06-14T22:38:12Z</time>
			</trkpt>
			<trkpt lat="46.869793" lon="-121.732864">
				<ele>2898.965088</ele>
				<time>2026-06-14T22:38:17Z</time>
			</trkpt>
			<trkpt lat="46.869804" lon="-121.732918">
				<ele>2901.505859</ele>
				<time>2026-06-14T22:38:28Z</time>
			</trkpt>
			<trkpt lat="46.869831" lon="-121.732971">
				<ele>2901.894531</ele>
				<time>2026-06-14T22:38:39Z</time>
			</trkpt>
			<trkpt lat="46.869846" lon="-121.733002">
				<ele>2901.741943</ele>
				<time>2026-06-14T22:38:47Z</time>
			</trkpt>
			<trkpt lat="46.869888" lon="-121.73307">
				<ele>2904.421631</ele>
				<time>2026-06-14T22:39:05Z</time>
			</trkpt>
			<trkpt lat="46.869907" lon="-121.733109">
				<ele>2904.063232</ele>
				<time>2026-06-14T22:39:15Z</time>
			</trkpt>
			<trkpt lat="46.869946" lon="-121.733162">
				<ele>2906.823486</ele>
				<time>2026-06-14T22:39:28Z</time>
			</trkpt>
			<trkpt lat="46.869984" lon="-121.733215">
				<ele>2906.199707</ele>
				<time>2026-06-14T22:39:39Z</time>
			</trkpt>
			<trkpt lat="46.869991" lon="-121.733246">
				<ele>2906.424316</ele>
				<time>2026-06-14T22:39:48Z</time>
			</trkpt>
			<trkpt lat="46.870014" lon="-121.733269">
				<ele>2907.771973</ele>
				<time>2026-06-14T22:39:54Z</time>
			</trkpt>
			<trkpt lat="46.870049" lon="-121.733322">
				<ele>2907.002197</ele>
				<time>2026-06-14T22:40:09Z</time>
			</trkpt>
			<trkpt lat="46.870068" lon="-121.733353">
				<ele>2906.85791</ele>
				<time>2026-06-14T22:40:15Z</time>
			</trkpt>
			<trkpt lat="46.870083" lon="-121.733383">
				<ele>2907.133057</ele>
				<time>2026-06-14T22:40:26Z</time>
			</trkpt>
			<trkpt lat="46.870125" lon="-121.733391">
				<ele>2906.762451</ele>
				<time>2026-06-14T22:40:56Z</time>
			</trkpt>
			<trkpt lat="46.870106" lon="-121.733391">
				<ele>2906.839355</ele>
				<time>2026-06-14T22:41:08Z</time>
			</trkpt>
			<trkpt lat="46.870132" lon="-121.73333">
				<ele>2905.541504</ele>
				<time>2026-06-14T22:43:27Z</time>
			</trkpt>
			<trkpt lat="46.870152" lon="-121.733322">
				<ele>2904.645996</ele>
				<time>2026-06-14T22:43:33Z</time>
			</trkpt>
			<trkpt lat="46.870171" lon="-121.733299">
				<ele>2904.658447</ele>
				<time>2026-06-14T22:44:01Z</time>
			</trkpt>
			<trkpt lat="46.870171" lon="-121.733269">
				<ele>2906.63623</ele>
				<time>2026-06-14T22:44:11Z</time>
			</trkpt>
			<trkpt lat="46.87022" lon="-121.733253">
				<ele>2905.04248</ele>
				<time>2026-06-14T22:44:15Z</time>
			</trkpt>
			<trkpt lat="46.870239" lon="-121.733238">
				<ele>2905.080566</ele>
				<time>2026-06-14T22:44:17Z</time>
			</trkpt>
			<trkpt lat="46.870258" lon="-121.733253">
				<ele>2901.622314</ele>
				<time>2026-06-14T22:44:50Z</time>
			</trkpt>
			<trkpt lat="46.870258" lon="-121.7332">
				<ele>2902.313721</ele>
				<time>2026-06-14T22:45:15Z</time>
			</trkpt>
			<trkpt lat="46.870304" lon="-121.733177">
				<ele>2901.612549</ele>
				<time>2026-06-14T22:45:20Z</time>
			</trkpt>
			<trkpt lat="46.870342" lon="-121.733131">
				<ele>2902.094238</ele>
				<time>2026-06-14T22:45:26Z</time>
			</trkpt>
			<trkpt lat="46.87035" lon="-121.733101">
				<ele>2902.054932</ele>
				<time>2026-06-14T22:45:28Z</time>
			</trkpt>
			<trkpt lat="46.870365" lon="-121.73307">
				<ele>2903.104492</ele>
				<time>2026-06-14T22:45:30Z</time>
			</trkpt>
			<trkpt lat="46.870399" lon="-121.733017">
				<ele>2901.706055</ele>
				<time>2026-06-14T22:45:37Z</time>
			</trkpt>
			<trkpt lat="46.870419" lon="-121.732979">
				<ele>2902.66333</ele>
				<time>2026-06-14T22:45:40Z</time>
			</trkpt>
			<trkpt lat="46.870434" lon="-121.732918">
				<ele>2903.039063</ele>
				<time>2026-06-14T22:45:46Z</time>
			</trkpt>
			<trkpt lat="46.870129" lon="-121.733299">
				<ele>2908.01416</ele>
				<time>2026-06-15T07:13:59Z</time>
			</trkpt>
			<trkpt lat="46.870167" lon="-121.733398">
				<ele>2908.338867</ele>
				<time>2026-06-15T07:14:06Z</time>
			</trkpt>
			<trkpt lat="46.870186" lon="-121.733391">
				<ele>2907.666748</ele>
				<time>2026-06-15T07:14:27Z</time>
			</trkpt>
			<trkpt lat="46.87014" lon="-121.733429">
				<ele>2906.262939</ele>
				<time>2026-06-15T07:15:45Z</time>
			</trkpt>
			<trkpt lat="46.870136" lon="-121.733459">
				<ele>2906.555176</ele>
				<time>2026-06-15T07:15:53Z</time>
			</trkpt>
			<trkpt lat="46.870121" lon="-121.733482">
				<ele>2907.939209</ele>
				<time>2026-06-15T07:15:57Z</time>
			</trkpt>
			<trkpt lat="46.870102" lon="-121.733513">
				<ele>2907.967041</ele>
				<time>2026-06-15T07:16:03Z</time>
			</trkpt>
			<trkpt lat="46.870029" lon="-121.733582">
				<ele>2912.633789</ele>
				<time>2026-06-15T07:16:30Z</time>
			</trkpt>
			<trkpt lat="46.87001" lon="-121.733589">
				<ele>2911.866943</ele>
				<time>2026-06-15T07:16:34Z</time>
			</trkpt>
			<trkpt lat="46.869965" lon="-121.733635">
				<ele>2913.800781</ele>
				<time>2026-06-15T07:16:51Z</time>
			</trkpt>
			<trkpt lat="46.869904" lon="-121.733673">
				<ele>2918.14624</ele>
				<time>2026-06-15T07:17:16Z</time>
			</trkpt>
			<trkpt lat="46.869888" lon="-121.733704">
				<ele>2918.267822</ele>
				<time>2026-06-15T07:17:20Z</time>
			</trkpt>
			<trkpt lat="46.869846" lon="-121.733711">
				<ele>2920.932861</ele>
				<time>2026-06-15T07:17:38Z</time>
			</trkpt>
			<trkpt lat="46.869659" lon="-121.733818">
				<ele>2929.254883</ele>
				<time>2026-06-15T07:19:07Z</time>
			</trkpt>
			<trkpt lat="46.869644" lon="-121.733833">
				<ele>2928.61499</ele>
				<time>2026-06-15T07:19:12Z</time>
			</trkpt>
			<trkpt lat="46.86956" lon="-121.733879">
				<ele>2932.731445</ele>
				<time>2026-06-15T07:19:50Z</time>
			</trkpt>
			<trkpt lat="46.869419" lon="-121.734024">
				<ele>2940.769043</ele>
				<time>2026-06-15T07:20:50Z</time>
			</trkpt>
			<trkpt lat="46.869377" lon="-121.734055">
				<ele>2940.149414</ele>
				<time>2026-06-15T07:21:04Z</time>
			</trkpt>
			<trkpt lat="46.869358" lon="-121.73407">
				<ele>2944.088623</ele>
				<time>2026-06-15T07:21:16Z</time>
			</trkpt>
			<trkpt lat="46.869339" lon="-121.734085">
				<ele>2945.226563</ele>
				<time>2026-06-15T07:21:22Z</time>
			</trkpt>
			<trkpt lat="46.869316" lon="-121.7341">
				<ele>2945.093018</ele>
				<time>2026-06-15T07:21:27Z</time>
			</trkpt>
			<trkpt lat="46.869278" lon="-121.734116">
				<ele>2947.819092</ele>
				<time>2026-06-15T07:21:44Z</time>
			</trkpt>
			<trkpt lat="46.86924" lon="-121.734146">
				<ele>2948.05957</ele>
				<time>2026-06-15T07:21:53Z</time>
			</trkpt>
			<trkpt lat="46.869202" lon="-121.734154">
				<ele>2946.988525</ele>
				<time>2026-06-15T07:22:05Z</time>
			</trkpt>
			<trkpt lat="46.869186" lon="-121.734169">
				<ele>2949.263428</ele>
				<time>2026-06-15T07:22:14Z</time>
			</trkpt>
			<trkpt lat="46.869164" lon="-121.734184">
				<ele>2948.393066</ele>
				<time>2026-06-15T07:22:19Z</time>
			</trkpt>
			<trkpt lat="46.869122" lon="-121.734207">
				<ele>2949.750244</ele>
				<time>2026-06-15T07:22:33Z</time>
			</trkpt>
			<trkpt lat="46.86908" lon="-121.7342">
				<ele>2953.937988</ele>
				<time>2026-06-15T07:22:49Z</time>
			</trkpt>
			<trkpt lat="46.869053" lon="-121.734207">
				<ele>2953.804443</ele>
				<time>2026-06-15T07:22:55Z</time>
			</trkpt>
			<trkpt lat="46.869034" lon="-121.73423">
				<ele>2953.076416</ele>
				<time>2026-06-15T07:22:59Z</time>
			</trkpt>
			<trkpt lat="46.868988" lon="-121.734253">
				<ele>2953.480469</ele>
				<time>2026-06-15T07:23:12Z</time>
			</trkpt>
			<trkpt lat="46.868919" lon="-121.734283">
				<ele>2956.010498</ele>
				<time>2026-06-15T07:23:30Z</time>
			</trkpt>
			<trkpt lat="46.8689" lon="-121.734283">
				<ele>2955.896484</ele>
				<time>2026-06-15T07:23:35Z</time>
			</trkpt>
			<trkpt lat="46.868858" lon="-121.734306">
				<ele>2958.89209</ele>
				<time>2026-06-15T07:23:52Z</time>
			</trkpt>
			<trkpt lat="46.86882" lon="-121.734329">
				<ele>2959.695313</ele>
				<time>2026-06-15T07:24:04Z</time>
			</trkpt>
			<trkpt lat="46.868801" lon="-121.734344">
				<ele>2958.905029</ele>
				<time>2026-06-15T07:24:08Z</time>
			</trkpt>
			<trkpt lat="46.868732" lon="-121.734375">
				<ele>2961.106445</ele>
				<time>2026-06-15T07:24:31Z</time>
			</trkpt>
			<trkpt lat="46.868713" lon="-121.73439">
				<ele>2960.871338</ele>
				<time>2026-06-15T07:24:36Z</time>
			</trkpt>
			<trkpt lat="46.868694" lon="-121.734413">
				<ele>2963.151855</ele>
				<time>2026-06-15T07:24:44Z</time>
			</trkpt>
			<trkpt lat="46.868675" lon="-121.734436">
				<ele>2963.416504</ele>
				<time>2026-06-15T07:24:50Z</time>
			</trkpt>
			<trkpt lat="46.868656" lon="-121.734444">
				<ele>2962.28833</ele>
				<time>2026-06-15T07:24:54Z</time>
			</trkpt>
			<trkpt lat="46.868591" lon="-121.734489">
				<ele>2966.267822</ele>
				<time>2026-06-15T07:25:16Z</time>
			</trkpt>
			<trkpt lat="46.868546" lon="-121.734505">
				<ele>2965.152344</ele>
				<time>2026-06-15T07:25:28Z</time>
			</trkpt>
			<trkpt lat="46.868477" lon="-121.734528">
				<ele>2967.80542</ele>
				<time>2026-06-15T07:25:50Z</time>
			</trkpt>
			<trkpt lat="46.86845" lon="-121.734543">
				<ele>2967.424316</ele>
				<time>2026-06-15T07:25:57Z</time>
			</trkpt>
			<trkpt lat="46.868423" lon="-121.73455">
				<ele>2969.128418</ele>
				<time>2026-06-15T07:26:05Z</time>
			</trkpt>
			<trkpt lat="46.868401" lon="-121.73455">
				<ele>2968.592773</ele>
				<time>2026-06-15T07:26:12Z</time>
			</trkpt>
			<trkpt lat="46.868378" lon="-121.734566">
				<ele>2969.25293</ele>
				<time>2026-06-15T07:26:18Z</time>
			</trkpt>
			<trkpt lat="46.868355" lon="-121.73455">
				<ele>2969.970215</ele>
				<time>2026-06-15T07:26:28Z</time>
			</trkpt>
			<trkpt lat="46.868309" lon="-121.734566">
				<ele>2973.56958</ele>
				<time>2026-06-15T07:26:42Z</time>
			</trkpt>
			<trkpt lat="46.868286" lon="-121.734573">
				<ele>2973.61377</ele>
				<time>2026-06-15T07:26:50Z</time>
			</trkpt>
			<trkpt lat="46.868259" lon="-121.734573">
				<ele>2974.553955</ele>
				<time>2026-06-15T07:26:56Z</time>
			</trkpt>
			<trkpt lat="46.86824" lon="-121.734566">
				<ele>2974.1875</ele>
				<time>2026-06-15T07:27:01Z</time>
			</trkpt>
			<trkpt lat="46.868202" lon="-121.734596">
				<ele>2975.162598</ele>
				<time>2026-06-15T07:27:16Z</time>
			</trkpt>
			<trkpt lat="46.86816" lon="-121.734573">
				<ele>2977.998291</ele>
				<time>2026-06-15T07:27:29Z</time>
			</trkpt>
			<trkpt lat="46.868141" lon="-121.734581">
				<ele>2977.48291</ele>
				<time>2026-06-15T07:27:34Z</time>
			</trkpt>
			<trkpt lat="46.868061" lon="-121.734581">
				<ele>2980.900391</ele>
				<time>2026-06-15T07:28:02Z</time>
			</trkpt>
			<trkpt lat="46.868034" lon="-121.734573">
				<ele>2979.997559</ele>
				<time>2026-06-15T07:28:13Z</time>
			</trkpt>
			<trkpt lat="46.868011" lon="-121.734596">
				<ele>2983.058838</ele>
				<time>2026-06-15T07:28:23Z</time>
			</trkpt>
			<trkpt lat="46.867935" lon="-121.734612">
				<ele>2985.288818</ele>
				<time>2026-06-15T07:28:53Z</time>
			</trkpt>
			<trkpt lat="46.867912" lon="-121.734612">
				<ele>2986.938965</ele>
				<time>2026-06-15T07:29:01Z</time>
			</trkpt>
			<trkpt lat="46.867889" lon="-121.734619">
				<ele>2986.635986</ele>
				<time>2026-06-15T07:29:09Z</time>
			</trkpt>
			<trkpt lat="46.867867" lon="-121.734634">
				<ele>2988.795654</ele>
				<time>2026-06-15T07:29:21Z</time>
			</trkpt>
			<trkpt lat="46.867847" lon="-121.73465">
				<ele>2988.293945</ele>
				<time>2026-06-15T07:29:27Z</time>
			</trkpt>
			<trkpt lat="46.867825" lon="-121.734665">
				<ele>2991.392822</ele>
				<time>2026-06-15T07:29:41Z</time>
			</trkpt>
			<trkpt lat="46.867798" lon="-121.734665">
				<ele>2992.45166</ele>
				<time>2026-06-15T07:29:53Z</time>
			</trkpt>
			<trkpt lat="46.867775" lon="-121.734673">
				<ele>2992.249756</ele>
				<time>2026-06-15T07:30:04Z</time>
			</trkpt>
			<trkpt lat="46.867729" lon="-121.734688">
				<ele>2995.438965</ele>
				<time>2026-06-15T07:30:26Z</time>
			</trkpt>
			<trkpt lat="46.867687" lon="-121.734726">
				<ele>2996.38208</ele>
				<time>2026-06-15T07:30:44Z</time>
			</trkpt>
			<trkpt lat="46.867626" lon="-121.734764">
				<ele>2999.456787</ele>
				<time>2026-06-15T07:31:15Z</time>
			</trkpt>
			<trkpt lat="46.867603" lon="-121.734756">
				<ele>2999.233398</ele>
				<time>2026-06-15T07:31:21Z</time>
			</trkpt>
			<trkpt lat="46.867584" lon="-121.734764">
				<ele>3001.241211</ele>
				<time>2026-06-15T07:31:28Z</time>
			</trkpt>
			<trkpt lat="46.867565" lon="-121.734764">
				<ele>3000.874756</ele>
				<time>2026-06-15T07:31:38Z</time>
			</trkpt>
			<trkpt lat="46.867546" lon="-121.734779">
				<ele>3001.752197</ele>
				<time>2026-06-15T07:31:47Z</time>
			</trkpt>
			<trkpt lat="46.867527" lon="-121.734795">
				<ele>3005.716309</ele>
				<time>2026-06-15T07:32:01Z</time>
			</trkpt>
			<trkpt lat="46.867424" lon="-121.73484">
				<ele>3008.669922</ele>
				<time>2026-06-15T07:32:37Z</time>
			</trkpt>
			<trkpt lat="46.867378" lon="-121.734818">
				<ele>3011.133545</ele>
				<time>2026-06-15T07:32:59Z</time>
			</trkpt>
			<trkpt lat="46.867283" lon="-121.734833">
				<ele>3016.36084</ele>
				<time>2026-06-15T07:33:41Z</time>
			</trkpt>
			<trkpt lat="46.867214" lon="-121.734879">
				<ele>3017.583496</ele>
				<time>2026-06-15T07:34:15Z</time>
			</trkpt>
			<trkpt lat="46.867142" lon="-121.734909">
				<ele>3022.619141</ele>
				<time>2026-06-15T07:34:53Z</time>
			</trkpt>
			<trkpt lat="46.867111" lon="-121.734932">
				<ele>3023.563965</ele>
				<time>2026-06-15T07:35:06Z</time>
			</trkpt>
			<trkpt lat="46.867081" lon="-121.73494">
				<ele>3023.697021</ele>
				<time>2026-06-15T07:35:20Z</time>
			</trkpt>
			<trkpt lat="46.867054" lon="-121.734955">
				<ele>3025.2146</ele>
				<time>2026-06-15T07:35:32Z</time>
			</trkpt>
			<trkpt lat="46.866962" lon="-121.734962">
				<ele>3030.237305</ele>
				<time>2026-06-15T07:36:15Z</time>
			</trkpt>
			<trkpt lat="46.866928" lon="-121.73497">
				<ele>3030.212646</ele>
				<time>2026-06-15T07:36:28Z</time>
			</trkpt>
			<trkpt lat="46.866871" lon="-121.73497">
				<ele>3034.495361</ele>
				<time>2026-06-15T07:37:05Z</time>
			</trkpt>
			<trkpt lat="46.866848" lon="-121.734978">
				<ele>3034.675537</ele>
				<time>2026-06-15T07:37:13Z</time>
			</trkpt>
			<trkpt lat="46.866798" lon="-121.73497">
				<ele>3037.611328</ele>
				<time>2026-06-15T07:37:36Z</time>
			</trkpt>
			<trkpt lat="46.866779" lon="-121.734978">
				<ele>3037.318359</ele>
				<time>2026-06-15T07:37:47Z</time>
			</trkpt>
			<trkpt lat="46.866756" lon="-121.73497">
				<ele>3037.887451</ele>
				<time>2026-06-15T07:37:59Z</time>
			</trkpt>
			<trkpt lat="46.866737" lon="-121.734985">
				<ele>3037.996094</ele>
				<time>2026-06-15T07:38:07Z</time>
			</trkpt>
			<trkpt lat="46.866711" lon="-121.734978">
				<ele>3040.834961</ele>
				<time>2026-06-15T07:38:20Z</time>
			</trkpt>
			<trkpt lat="46.86665" lon="-121.735023">
				<ele>3044.598389</ele>
				<time>2026-06-15T07:38:58Z</time>
			</trkpt>
			<trkpt lat="46.866623" lon="-121.735008">
				<ele>3045.53125</ele>
				<time>2026-06-15T07:39:17Z</time>
			</trkpt>
			<trkpt lat="46.866589" lon="-121.735016">
				<ele>3045.847168</ele>
				<time>2026-06-15T07:39:31Z</time>
			</trkpt>
			<trkpt lat="46.866493" lon="-121.735008">
				<ele>3051.086426</ele>
				<time>2026-06-15T07:40:16Z</time>
			</trkpt>
			<trkpt lat="46.866455" lon="-121.735008">
				<ele>3051.634521</ele>
				<time>2026-06-15T07:40:41Z</time>
			</trkpt>
			<trkpt lat="46.866325" lon="-121.73513">
				<ele>3061.88208</ele>
				<time>2026-06-15T07:42:26Z</time>
			</trkpt>
			<trkpt lat="46.86631" lon="-121.735153">
				<ele>3062.083008</ele>
				<time>2026-06-15T07:42:36Z</time>
			</trkpt>
			<trkpt lat="46.866283" lon="-121.735168">
				<ele>3063.689697</ele>
				<time>2026-06-15T07:42:47Z</time>
			</trkpt>
			<trkpt lat="46.866257" lon="-121.735176">
				<ele>3064.55542</ele>
				<time>2026-06-15T07:43:03Z</time>
			</trkpt>
			<trkpt lat="46.866234" lon="-121.735184">
				<ele>3064.535645</ele>
				<time>2026-06-15T07:43:13Z</time>
			</trkpt>
			<trkpt lat="46.866184" lon="-121.735207">
				<ele>3066.296387</ele>
				<time>2026-06-15T07:43:42Z</time>
			</trkpt>
			<trkpt lat="46.866158" lon="-121.735214">
				<ele>3068.82959</ele>
				<time>2026-06-15T07:43:54Z</time>
			</trkpt>
			<trkpt lat="46.866138" lon="-121.735275">
				<ele>3072.347656</ele>
				<time>2026-06-15T07:44:19Z</time>
			</trkpt>
			<trkpt lat="46.866085" lon="-121.73539">
				<ele>3076.526855</ele>
				<time>2026-06-15T07:45:06Z</time>
			</trkpt>
			<trkpt lat="46.866058" lon="-121.735397">
				<ele>3076.570801</ele>
				<time>2026-06-15T07:45:27Z</time>
			</trkpt>
			<trkpt lat="46.866032" lon="-121.73539">
				<ele>3078.441895</ele>
				<time>2026-06-15T07:45:42Z</time>
			</trkpt>
			<trkpt lat="46.866013" lon="-121.735367">
				<ele>3078.290039</ele>
				<time>2026-06-15T07:46:04Z</time>
			</trkpt>
			<trkpt lat="46.866001" lon="-121.735344">
				<ele>3079.874268</ele>
				<time>2026-06-15T07:46:22Z</time>
			</trkpt>
			<trkpt lat="46.865978" lon="-121.735321">
				<ele>3079.703125</ele>
				<time>2026-06-15T07:46:29Z</time>
			</trkpt>
			<trkpt lat="46.865925" lon="-121.735313">
				<ele>3081.271729</ele>
				<time>2026-06-15T07:46:45Z</time>
			</trkpt>
			<trkpt lat="46.865902" lon="-121.735321">
				<ele>3080.783447</ele>
				<time>2026-06-15T07:47:01Z</time>
			</trkpt>
			<trkpt lat="46.865875" lon="-121.735321">
				<ele>3081.489258</ele>
				<time>2026-06-15T07:47:08Z</time>
			</trkpt>
			<trkpt lat="46.865852" lon="-121.735298">
				<ele>3083.345947</ele>
				<time>2026-06-15T07:47:16Z</time>
			</trkpt>
			<trkpt lat="46.865807" lon="-121.735298">
				<ele>3085.349121</ele>
				<time>2026-06-15T07:47:36Z</time>
			</trkpt>
			<trkpt lat="46.865776" lon="-121.735291">
				<ele>3085.487305</ele>
				<time>2026-06-15T07:47:47Z</time>
			</trkpt>
			<trkpt lat="46.865665" lon="-121.735344">
				<ele>3090.99585</ele>
				<time>2026-06-15T07:48:40Z</time>
			</trkpt>
			<trkpt lat="46.865616" lon="-121.735359">
				<ele>3091.993652</ele>
				<time>2026-06-15T07:49:02Z</time>
			</trkpt>
			<trkpt lat="46.865505" lon="-121.735359">
				<ele>3095.423096</ele>
				<time>2026-06-15T07:49:41Z</time>
			</trkpt>
			<trkpt lat="46.865429" lon="-121.735306">
				<ele>3099.656006</ele>
				<time>2026-06-15T07:50:22Z</time>
			</trkpt>
			<trkpt lat="46.865383" lon="-121.735359">
				<ele>3106.587646</ele>
				<time>2026-06-15T07:51:14Z</time>
			</trkpt>
			<trkpt lat="46.865364" lon="-121.735405">
				<ele>3107.0979</ele>
				<time>2026-06-15T07:51:34Z</time>
			</trkpt>
			<trkpt lat="46.865273" lon="-121.735611">
				<ele>3116.237061</ele>
				<time>2026-06-15T07:53:13Z</time>
			</trkpt>
			<trkpt lat="46.865261" lon="-121.735657">
				<ele>3119.09668</ele>
				<time>2026-06-15T07:53:36Z</time>
			</trkpt>
			<trkpt lat="46.865234" lon="-121.735695">
				<ele>3118.090576</ele>
				<time>2026-06-15T07:54:15Z</time>
			</trkpt>
			<trkpt lat="46.865185" lon="-121.735748">
				<ele>3120.174561</ele>
				<time>2026-06-15T07:55:33Z</time>
			</trkpt>
			<trkpt lat="46.865112" lon="-121.735825">
				<ele>3128.457275</ele>
				<time>2026-06-15T07:56:31Z</time>
			</trkpt>
			<trkpt lat="46.865086" lon="-121.735847">
				<ele>3128.172852</ele>
				<time>2026-06-15T07:56:54Z</time>
			</trkpt>
			<trkpt lat="46.864922" lon="-121.735992">
				<ele>3145.477539</ele>
				<time>2026-06-15T07:59:14Z</time>
			</trkpt>
			<trkpt lat="46.864883" lon="-121.736046">
				<ele>3145.334961</ele>
				<time>2026-06-15T07:59:47Z</time>
			</trkpt>
			<trkpt lat="46.864826" lon="-121.736145">
				<ele>3149.952881</ele>
				<time>2026-06-15T08:04:47Z</time>
			</trkpt>
			<trkpt lat="46.864799" lon="-121.736214">
				<ele>3154.468262</ele>
				<time>2026-06-15T08:05:25Z</time>
			</trkpt>
			<trkpt lat="46.864758" lon="-121.73629">
				<ele>3156.9729</ele>
				<time>2026-06-15T08:06:00Z</time>
			</trkpt>
			<trkpt lat="46.864674" lon="-121.736397">
				<ele>3163.743652</ele>
				<time>2026-06-15T08:07:00Z</time>
			</trkpt>
			<trkpt lat="46.864639" lon="-121.736458">
				<ele>3169.891113</ele>
				<time>2026-06-15T08:07:50Z</time>
			</trkpt>
			<trkpt lat="46.864597" lon="-121.736496">
				<ele>3168.582764</ele>
				<time>2026-06-15T08:08:13Z</time>
			</trkpt>
			<trkpt lat="46.864559" lon="-121.736534">
				<ele>3172.700684</ele>
				<time>2026-06-15T08:08:41Z</time>
			</trkpt>
			<trkpt lat="46.864521" lon="-121.736572">
				<ele>3171.248779</ele>
				<time>2026-06-15T08:09:16Z</time>
			</trkpt>
			<trkpt lat="46.864449" lon="-121.736649">
				<ele>3183.416992</ele>
				<time>2026-06-15T08:10:31Z</time>
			</trkpt>
			<trkpt lat="46.864414" lon="-121.736687">
				<ele>3186.263672</ele>
				<time>2026-06-15T08:10:56Z</time>
			</trkpt>
			<trkpt lat="46.86438" lon="-121.736725">
				<ele>3185.745361</ele>
				<time>2026-06-15T08:11:20Z</time>
			</trkpt>
			<trkpt lat="46.864342" lon="-121.736801">
				<ele>3190.206299</ele>
				<time>2026-06-15T08:11:58Z</time>
			</trkpt>
			<trkpt lat="46.864265" lon="-121.736916">
				<ele>3194.925537</ele>
				<time>2026-06-15T08:13:08Z</time>
			</trkpt>
			<trkpt lat="46.864178" lon="-121.737015">
				<ele>3204.200195</ele>
				<time>2026-06-15T08:14:45Z</time>
			</trkpt>
			<trkpt lat="46.864159" lon="-121.737053">
				<ele>3204.613037</ele>
				<time>2026-06-15T08:22:50Z</time>
			</trkpt>
			<trkpt lat="46.864105" lon="-121.737152">
				<ele>3209.200195</ele>
				<time>2026-06-15T08:23:34Z</time>
			</trkpt>
			<trkpt lat="46.864071" lon="-121.737175">
				<ele>3209.935547</ele>
				<time>2026-06-15T08:23:49Z</time>
			</trkpt>
			<trkpt lat="46.864033" lon="-121.737228">
				<ele>3212.385254</ele>
				<time>2026-06-15T08:24:16Z</time>
			</trkpt>
			<trkpt lat="46.864025" lon="-121.737282">
				<ele>3216.396973</ele>
				<time>2026-06-15T08:24:35Z</time>
			</trkpt>
			<trkpt lat="46.864006" lon="-121.73732">
				<ele>3216.502197</ele>
				<time>2026-06-15T08:24:50Z</time>
			</trkpt>
			<trkpt lat="46.863914" lon="-121.737473">
				<ele>3224.779053</ele>
				<time>2026-06-15T08:26:15Z</time>
			</trkpt>
			<trkpt lat="46.863842" lon="-121.737602">
				<ele>3229.767822</ele>
				<time>2026-06-15T08:27:15Z</time>
			</trkpt>
			<trkpt lat="46.863785" lon="-121.737709">
				<ele>3237.825195</ele>
				<time>2026-06-15T08:28:13Z</time>
			</trkpt>
			<trkpt lat="46.863758" lon="-121.73774">
				<ele>3238.008301</ele>
				<time>2026-06-15T08:28:37Z</time>
			</trkpt>
			<trkpt lat="46.863724" lon="-121.737801">
				<ele>3242.555664</ele>
				<time>2026-06-15T08:29:14Z</time>
			</trkpt>
			<trkpt lat="46.863697" lon="-121.737862">
				<ele>3245.016357</ele>
				<time>2026-06-15T08:29:48Z</time>
			</trkpt>
			<trkpt lat="46.863659" lon="-121.73793">
				<ele>3246.811279</ele>
				<time>2026-06-15T08:30:33Z</time>
			</trkpt>
			<trkpt lat="46.863636" lon="-121.737946">
				<ele>3249.013428</ele>
				<time>2026-06-15T08:30:55Z</time>
			</trkpt>
			<trkpt lat="46.863613" lon="-121.737961">
				<ele>3248.604492</ele>
				<time>2026-06-15T08:31:04Z</time>
			</trkpt>
			<trkpt lat="46.863499" lon="-121.738144">
				<ele>3260.5354</ele>
				<time>2026-06-15T08:32:56Z</time>
			</trkpt>
			<trkpt lat="46.863422" lon="-121.738297">
				<ele>3267.933838</ele>
				<time>2026-06-15T08:34:11Z</time>
			</trkpt>
			<trkpt lat="46.863373" lon="-121.73835">
				<ele>3269.718506</ele>
				<time>2026-06-15T08:34:35Z</time>
			</trkpt>
			<trkpt lat="46.863316" lon="-121.738434">
				<ele>3276.970459</ele>
				<time>2026-06-15T08:35:34Z</time>
			</trkpt>
			<trkpt lat="46.863289" lon="-121.738472">
				<ele>3276.905518</ele>
				<time>2026-06-15T08:35:50Z</time>
			</trkpt>
			<trkpt lat="46.86327" lon="-121.738503">
				<ele>3278.409424</ele>
				<time>2026-06-15T08:36:12Z</time>
			</trkpt>
			<trkpt lat="46.863247" lon="-121.738541">
				<ele>3282.710449</ele>
				<time>2026-06-15T08:36:33Z</time>
			</trkpt>
			<trkpt lat="46.86319" lon="-121.738625">
				<ele>3285.936768</ele>
				<time>2026-06-15T08:37:26Z</time>
			</trkpt>
			<trkpt lat="46.863113" lon="-121.7388">
				<ele>3293.593018</ele>
				<time>2026-06-15T08:39:05Z</time>
			</trkpt>
			<trkpt lat="46.863041" lon="-121.738945">
				<ele>3302.884033</ele>
				<time>2026-06-15T08:40:36Z</time>
			</trkpt>
			<trkpt lat="46.862976" lon="-121.739059">
				<ele>3307.224609</ele>
				<time>2026-06-15T08:41:41Z</time>
			</trkpt>
			<trkpt lat="46.862892" lon="-121.739265">
				<ele>3319.484863</ele>
				<time>2026-06-15T08:44:00Z</time>
			</trkpt>
			<trkpt lat="46.862869" lon="-121.739288">
				<ele>3319.231445</ele>
				<time>2026-06-15T08:44:13Z</time>
			</trkpt>
			<trkpt lat="46.862793" lon="-121.739418">
				<ele>3324.595459</ele>
				<time>2026-06-15T08:45:35Z</time>
			</trkpt>
			<trkpt lat="46.862774" lon="-121.739471">
				<ele>3329.994385</ele>
				<time>2026-06-15T08:46:42Z</time>
			</trkpt>
			<trkpt lat="46.862755" lon="-121.739517">
				<ele>3329.397461</ele>
				<time>2026-06-15T08:46:57Z</time>
			</trkpt>
			<trkpt lat="46.862675" lon="-121.739662">
				<ele>3339.53833</ele>
				<time>2026-06-15T08:48:21Z</time>
			</trkpt>
			<trkpt lat="46.862637" lon="-121.739746">
				<ele>3341.557617</ele>
				<time>2026-06-15T08:49:02Z</time>
			</trkpt>
			<trkpt lat="46.862617" lon="-121.739777">
				<ele>3344.044189</ele>
				<time>2026-06-15T08:49:24Z</time>
			</trkpt>
			<trkpt lat="46.862591" lon="-121.739815">
				<ele>3344.9729</ele>
				<time>2026-06-15T08:49:41Z</time>
			</trkpt>
			<trkpt lat="46.862572" lon="-121.739853">
				<ele>3346.788818</ele>
				<time>2026-06-15T08:50:08Z</time>
			</trkpt>
			<trkpt lat="46.862507" lon="-121.739944">
				<ele>3354.121582</ele>
				<time>2026-06-15T08:51:43Z</time>
			</trkpt>
			<trkpt lat="46.862469" lon="-121.73999">
				<ele>3355.842041</ele>
				<time>2026-06-15T08:52:06Z</time>
			</trkpt>
			<trkpt lat="46.862431" lon="-121.740036">
				<ele>3358.719971</ele>
				<time>2026-06-15T08:52:44Z</time>
			</trkpt>
			<trkpt lat="46.862408" lon="-121.740074">
				<ele>3362.460449</ele>
				<time>2026-06-15T08:53:12Z</time>
			</trkpt>
			<trkpt lat="46.86235" lon="-121.74012">
				<ele>3364.554199</ele>
				<time>2026-06-15T08:53:52Z</time>
			</trkpt>
			<trkpt lat="46.862316" lon="-121.740166">
				<ele>3365.279541</ele>
				<time>2026-06-15T08:54:18Z</time>
			</trkpt>
			<trkpt lat="46.862289" lon="-121.740189">
				<ele>3370.81958</ele>
				<time>2026-06-15T08:54:51Z</time>
			</trkpt>
			<trkpt lat="46.862221" lon="-121.740257">
				<ele>3373.462646</ele>
				<time>2026-06-15T08:55:26Z</time>
			</trkpt>
			<trkpt lat="46.862198" lon="-121.740295">
				<ele>3376.00708</ele>
				<time>2026-06-15T08:56:05Z</time>
			</trkpt>
			<trkpt lat="46.862171" lon="-121.740311">
				<ele>3375.492432</ele>
				<time>2026-06-15T08:56:45Z</time>
			</trkpt>
			<trkpt lat="46.862148" lon="-121.740326">
				<ele>3375.922119</ele>
				<time>2026-06-15T08:56:55Z</time>
			</trkpt>
			<trkpt lat="46.862068" lon="-121.740425">
				<ele>3382.420654</ele>
				<time>2026-06-15T08:58:07Z</time>
			</trkpt>
			<trkpt lat="46.86203" lon="-121.740463">
				<ele>3382.358154</ele>
				<time>2026-06-15T08:58:36Z</time>
			</trkpt>
			<trkpt lat="46.862" lon="-121.740509">
				<ele>3388.449463</ele>
				<time>2026-06-15T08:59:11Z</time>
			</trkpt>
			<trkpt lat="46.86195" lon="-121.740547">
				<ele>3388.671143</ele>
				<time>2026-06-15T08:59:45Z</time>
			</trkpt>
			<trkpt lat="46.861835" lon="-121.740677">
				<ele>3400.087646</ele>
				<time>2026-06-15T09:01:53Z</time>
			</trkpt>
			<trkpt lat="46.861778" lon="-121.740692">
				<ele>3402.744385</ele>
				<time>2026-06-15T09:02:39Z</time>
			</trkpt>
			<trkpt lat="46.861748" lon="-121.740746">
				<ele>3404.466553</ele>
				<time>2026-06-15T09:03:08Z</time>
			</trkpt>
			<trkpt lat="46.861675" lon="-121.740799">
				<ele>3410.571533</ele>
				<time>2026-06-15T09:04:36Z</time>
			</trkpt>
			<trkpt lat="46.861588" lon="-121.740913">
				<ele>3420.917725</ele>
				<time>2026-06-15T09:06:24Z</time>
			</trkpt>
			<trkpt lat="46.861538" lon="-121.741028">
				<ele>3426.208252</ele>
				<time>2026-06-15T09:07:59Z</time>
			</trkpt>
			<trkpt lat="46.861507" lon="-121.741081">
				<ele>3430.705811</ele>
				<time>2026-06-15T09:09:06Z</time>
			</trkpt>
			<trkpt lat="46.861481" lon="-121.741219">
				<ele>3436.560059</ele>
				<time>2026-06-15T09:11:56Z</time>
			</trkpt>
			<trkpt lat="46.861423" lon="-121.741356">
				<ele>3441.14209</ele>
				<time>2026-06-15T09:13:33Z</time>
			</trkpt>
			<trkpt lat="46.861378" lon="-121.741547">
				<ele>3450.390625</ele>
				<time>2026-06-15T09:15:31Z</time>
			</trkpt>
			<trkpt lat="46.861351" lon="-121.741608">
				<ele>3451.63623</ele>
				<time>2026-06-15T09:16:05Z</time>
			</trkpt>
			<trkpt lat="46.86134" lon="-121.741661">
				<ele>3455.466064</ele>
				<time>2026-06-15T09:16:54Z</time>
			</trkpt>
			<trkpt lat="46.861309" lon="-121.741768">
				<ele>3459.917969</ele>
				<time>2026-06-15T09:19:06Z</time>
			</trkpt>
			<trkpt lat="46.861309" lon="-121.741821">
				<ele>3465.425781</ele>
				<time>2026-06-15T09:19:37Z</time>
			</trkpt>
			<trkpt lat="46.861282" lon="-121.74189">
				<ele>3465.699707</ele>
				<time>2026-06-15T09:20:09Z</time>
			</trkpt>
			<trkpt lat="46.861248" lon="-121.741974">
				<ele>3467.537842</ele>
				<time>2026-06-15T09:35:46Z</time>
			</trkpt>
			<trkpt lat="46.86124" lon="-121.742081">
				<ele>3475.046387</ele>
				<time>2026-06-15T09:36:40Z</time>
			</trkpt>
			<trkpt lat="46.861229" lon="-121.742226">
				<ele>3478.781494</ele>
				<time>2026-06-15T09:37:45Z</time>
			</trkpt>
			<trkpt lat="46.861229" lon="-121.74231">
				<ele>3483.481201</ele>
				<time>2026-06-15T09:38:21Z</time>
			</trkpt>
			<trkpt lat="46.86121" lon="-121.742393">
				<ele>3485.992432</ele>
				<time>2026-06-15T09:39:04Z</time>
			</trkpt>
			<trkpt lat="46.861217" lon="-121.742447">
				<ele>3489.11084</ele>
				<time>2026-06-15T09:39:27Z</time>
			</trkpt>
			<trkpt lat="46.861206" lon="-121.742493">
				<ele>3487.287109</ele>
				<time>2026-06-15T09:39:44Z</time>
			</trkpt>
			<trkpt lat="46.861214" lon="-121.742538">
				<ele>3490.653076</ele>
				<time>2026-06-15T09:40:11Z</time>
			</trkpt>
			<trkpt lat="46.861195" lon="-121.742638">
				<ele>3493.229492</ele>
				<time>2026-06-15T09:40:57Z</time>
			</trkpt>
			<trkpt lat="46.861172" lon="-121.742691">
				<ele>3497.700195</ele>
				<time>2026-06-15T09:41:29Z</time>
			</trkpt>
			<trkpt lat="46.861111" lon="-121.742821">
				<ele>3503.118896</ele>
				<time>2026-06-15T09:42:43Z</time>
			</trkpt>
			<trkpt lat="46.861088" lon="-121.742966">
				<ele>3510.735352</ele>
				<time>2026-06-15T09:44:09Z</time>
			</trkpt>
			<trkpt lat="46.861092" lon="-121.743027">
				<ele>3516.236328</ele>
				<time>2026-06-15T09:44:42Z</time>
			</trkpt>
			<trkpt lat="46.861076" lon="-121.743149">
				<ele>3519.0979</ele>
				<time>2026-06-15T09:45:39Z</time>
			</trkpt>
			<trkpt lat="46.861046" lon="-121.743202">
				<ele>3519.95752</ele>
				<time>2026-06-15T09:46:15Z</time>
			</trkpt>
			<trkpt lat="46.86097" lon="-121.74321">
				<ele>3525.230713</ele>
				<time>2026-06-15T09:47:15Z</time>
			</trkpt>
			<trkpt lat="46.860882" lon="-121.743233">
				<ele>3528.59668</ele>
				<time>2026-06-15T09:48:16Z</time>
			</trkpt>
			<trkpt lat="46.860878" lon="-121.743355">
				<ele>3538.486572</ele>
				<time>2026-06-15T09:49:55Z</time>
			</trkpt>
			<trkpt lat="46.860832" lon="-121.743378">
				<ele>3539.140137</ele>
				<time>2026-06-15T09:50:40Z</time>
			</trkpt>
			<trkpt lat="46.86079" lon="-121.74334">
				<ele>3542.716797</ele>
				<time>2026-06-15T09:51:14Z</time>
			</trkpt>
			<trkpt lat="46.860748" lon="-121.743309">
				<ele>3542.532227</ele>
				<time>2026-06-15T09:51:40Z</time>
			</trkpt>
			<trkpt lat="46.860725" lon="-121.743347">
				<ele>3546.067383</ele>
				<time>2026-06-15T09:52:21Z</time>
			</trkpt>
			<trkpt lat="46.860699" lon="-121.743378">
				<ele>3546.537109</ele>
				<time>2026-06-15T09:52:36Z</time>
			</trkpt>
			<trkpt lat="46.860653" lon="-121.743431">
				<ele>3550.124023</ele>
				<time>2026-06-15T09:53:27Z</time>
			</trkpt>
			<trkpt lat="46.860531" lon="-121.7435">
				<ele>3557.308838</ele>
				<time>2026-06-15T09:54:55Z</time>
			</trkpt>
			<trkpt lat="46.860489" lon="-121.743538">
				<ele>3565.408936</ele>
				<time>2026-06-15T09:55:48Z</time>
			</trkpt>
			<trkpt lat="46.860455" lon="-121.743622">
				<ele>3563.720459</ele>
				<time>2026-06-15T09:56:23Z</time>
			</trkpt>
			<trkpt lat="46.860424" lon="-121.74369">
				<ele>3572.373047</ele>
				<time>2026-06-15T09:57:52Z</time>
			</trkpt>
			<trkpt lat="46.860413" lon="-121.743767">
				<ele>3574.074707</ele>
				<time>2026-06-15T09:58:32Z</time>
			</trkpt>
			<trkpt lat="46.86039" lon="-121.74382">
				<ele>3577.109375</ele>
				<time>2026-06-15T09:59:17Z</time>
			</trkpt>
			<trkpt lat="46.860374" lon="-121.743874">
				<ele>3582.555176</ele>
				<time>2026-06-15T10:00:05Z</time>
			</trkpt>
			<trkpt lat="46.860374" lon="-121.743996">
				<ele>3588.404541</ele>
				<time>2026-06-15T10:01:13Z</time>
			</trkpt>
			<trkpt lat="46.86034" lon="-121.74411">
				<ele>3590.720947</ele>
				<time>2026-06-15T10:02:14Z</time>
			</trkpt>
			<trkpt lat="46.860325" lon="-121.744156">
				<ele>3593.124268</ele>
				<time>2026-06-15T10:02:39Z</time>
			</trkpt>
			<trkpt lat="46.86034" lon="-121.744202">
				<ele>3597.706299</ele>
				<time>2026-06-15T10:03:09Z</time>
			</trkpt>
			<trkpt lat="46.860352" lon="-121.744255">
				<ele>3597.848145</ele>
				<time>2026-06-15T10:03:32Z</time>
			</trkpt>
			<trkpt lat="46.860317" lon="-121.744263">
				<ele>3599.560791</ele>
				<time>2026-06-15T10:03:53Z</time>
			</trkpt>
			<trkpt lat="46.860283" lon="-121.744247">
				<ele>3599.543457</ele>
				<time>2026-06-15T10:04:06Z</time>
			</trkpt>
			<trkpt lat="46.860233" lon="-121.74424">
				<ele>3600.254883</ele>
				<time>2026-06-15T10:04:43Z</time>
			</trkpt>
			<trkpt lat="46.860203" lon="-121.744217">
				<ele>3603.088135</ele>
				<time>2026-06-15T10:05:19Z</time>
			</trkpt>
			<trkpt lat="46.860165" lon="-121.744217">
				<ele>3603.621338</ele>
				<time>2026-06-15T10:05:39Z</time>
			</trkpt>
			<trkpt lat="46.860069" lon="-121.74427">
				<ele>3608.325684</ele>
				<time>2026-06-15T10:08:30Z</time>
			</trkpt>
			<trkpt lat="46.859993" lon="-121.744339">
				<ele>3610.164795</ele>
				<time>2026-06-15T10:09:08Z</time>
			</trkpt>
			<trkpt lat="46.859985" lon="-121.744514">
				<ele>3623.5</ele>
				<time>2026-06-15T10:11:25Z</time>
			</trkpt>
			<trkpt lat="46.860046" lon="-121.744705">
				<ele>3632.428955</ele>
				<time>2026-06-15T10:12:42Z</time>
			</trkpt>
			<trkpt lat="46.860058" lon="-121.744751">
				<ele>3632.814697</ele>
				<time>2026-06-15T10:13:13Z</time>
			</trkpt>
			<trkpt lat="46.860085" lon="-121.744812">
				<ele>3635.342285</ele>
				<time>2026-06-15T10:14:00Z</time>
			</trkpt>
			<trkpt lat="46.860069" lon="-121.744858">
				<ele>3634.188965</ele>
				<time>2026-06-15T10:14:36Z</time>
			</trkpt>
			<trkpt lat="46.860039" lon="-121.745033">
				<ele>3645.860352</ele>
				<time>2026-06-15T10:16:26Z</time>
			</trkpt>
			<trkpt lat="46.86005" lon="-121.745117">
				<ele>3647.407959</ele>
				<time>2026-06-15T10:16:49Z</time>
			</trkpt>
			<trkpt lat="46.860062" lon="-121.745193">
				<ele>3649.722656</ele>
				<time>2026-06-15T10:17:33Z</time>
			</trkpt>
			<trkpt lat="46.860058" lon="-121.745262">
				<ele>3650.616699</ele>
				<time>2026-06-15T10:17:57Z</time>
			</trkpt>
			<trkpt lat="46.860081" lon="-121.745308">
				<ele>3653.184814</ele>
				<time>2026-06-15T10:19:41Z</time>
			</trkpt>
			<trkpt lat="46.860031" lon="-121.745453">
				<ele>3658.855713</ele>
				<time>2026-06-15T10:21:43Z</time>
			</trkpt>
			<trkpt lat="46.860027" lon="-121.745514">
				<ele>3662.398682</ele>
				<time>2026-06-15T10:23:56Z</time>
			</trkpt>
			<trkpt lat="46.86002" lon="-121.74559">
				<ele>3662.202637</ele>
				<time>2026-06-15T10:24:16Z</time>
			</trkpt>
			<trkpt lat="46.859962" lon="-121.745781">
				<ele>3672.34668</ele>
				<time>2026-06-15T10:25:37Z</time>
			</trkpt>
			<trkpt lat="46.859924" lon="-121.745789">
				<ele>3675.34375</ele>
				<time>2026-06-15T10:26:23Z</time>
			</trkpt>
			<trkpt lat="46.859913" lon="-121.745865">
				<ele>3678.001709</ele>
				<time>2026-06-15T10:26:59Z</time>
			</trkpt>
			<trkpt lat="46.859947" lon="-121.746056">
				<ele>3685.356201</ele>
				<time>2026-06-15T10:28:21Z</time>
			</trkpt>
			<trkpt lat="46.859982" lon="-121.74614">
				<ele>3692.37793</ele>
				<time>2026-06-15T10:28:59Z</time>
			</trkpt>
			<trkpt lat="46.859982" lon="-121.746208">
				<ele>3693.068848</ele>
				<time>2026-06-15T10:29:41Z</time>
			</trkpt>
			<trkpt lat="46.860031" lon="-121.74633">
				<ele>3695.142334</ele>
				<time>2026-06-15T10:30:40Z</time>
			</trkpt>
			<trkpt lat="46.86005" lon="-121.746376">
				<ele>3695.282471</ele>
				<time>2026-06-15T10:31:00Z</time>
			</trkpt>
			<trkpt lat="46.860046" lon="-121.74646">
				<ele>3697.174072</ele>
				<time>2026-06-15T10:31:32Z</time>
			</trkpt>
			<trkpt lat="46.860001" lon="-121.746597">
				<ele>3705.376465</ele>
				<time>2026-06-15T10:32:43Z</time>
			</trkpt>
			<trkpt lat="46.859924" lon="-121.746574">
				<ele>3708.995605</ele>
				<time>2026-06-15T10:33:36Z</time>
			</trkpt>
			<trkpt lat="46.85989" lon="-121.746574">
				<ele>3708.739746</ele>
				<time>2026-06-15T10:33:48Z</time>
			</trkpt>
			<trkpt lat="46.859886" lon="-121.746628">
				<ele>3710.765137</ele>
				<time>2026-06-15T10:34:08Z</time>
			</trkpt>
			<trkpt lat="46.85989" lon="-121.746696">
				<ele>3710.494873</ele>
				<time>2026-06-15T10:34:44Z</time>
			</trkpt>
			<trkpt lat="46.859894" lon="-121.746765">
				<ele>3714.350342</ele>
				<time>2026-06-15T10:35:15Z</time>
			</trkpt>
			<trkpt lat="46.859901" lon="-121.746826">
				<ele>3715.156738</ele>
				<time>2026-06-15T10:35:38Z</time>
			</trkpt>
			<trkpt lat="46.859913" lon="-121.746872">
				<ele>3718.259277</ele>
				<time>2026-06-15T10:36:03Z</time>
			</trkpt>
			<trkpt lat="46.859947" lon="-121.746948">
				<ele>3718.348633</ele>
				<time>2026-06-15T10:36:25Z</time>
			</trkpt>
			<trkpt lat="46.859978" lon="-121.746994">
				<ele>3717.233154</ele>
				<time>2026-06-15T10:36:50Z</time>
			</trkpt>
			<trkpt lat="46.860016" lon="-121.747032">
				<ele>3717.148682</ele>
				<time>2026-06-15T10:37:05Z</time>
			</trkpt>
			<trkpt lat="46.860069" lon="-121.747116">
				<ele>3715.818848</ele>
				<time>2026-06-15T10:37:35Z</time>
			</trkpt>
			<trkpt lat="46.860115" lon="-121.747192">
				<ele>3717.412598</ele>
				<time>2026-06-15T10:37:57Z</time>
			</trkpt>
			<trkpt lat="46.860149" lon="-121.747299">
				<ele>3715.931152</ele>
				<time>2026-06-15T10:38:26Z</time>
			</trkpt>
			<trkpt lat="46.860195" lon="-121.747414">
				<ele>3715.068115</ele>
				<time>2026-06-15T10:38:59Z</time>
			</trkpt>
			<trkpt lat="46.860237" lon="-121.747498">
				<ele>3715.895996</ele>
				<time>2026-06-15T10:39:27Z</time>
			</trkpt>
			<trkpt lat="46.860313" lon="-121.747597">
				<ele>3717.485352</ele>
				<time>2026-06-15T10:41:18Z</time>
			</trkpt>
			<trkpt lat="46.860329" lon="-121.747635">
				<ele>3716.723389</ele>
				<time>2026-06-15T10:41:32Z</time>
			</trkpt>
			<trkpt lat="46.860352" lon="-121.747665">
				<ele>3716.812988</ele>
				<time>2026-06-15T10:41:51Z</time>
			</trkpt>
			<trkpt lat="46.860355" lon="-121.747772">
				<ele>3721.02124</ele>
				<time>2026-06-15T10:42:18Z</time>
			</trkpt>
			<trkpt lat="46.860325" lon="-121.747818">
				<ele>3719.062988</ele>
				<time>2026-06-15T10:43:09Z</time>
			</trkpt>
			<trkpt lat="46.860329" lon="-121.747871">
				<ele>3727.255371</ele>
				<time>2026-06-15T10:43:54Z</time>
			</trkpt>
			<trkpt lat="46.860332" lon="-121.747932">
				<ele>3724.976807</ele>
				<time>2026-06-15T10:44:17Z</time>
			</trkpt>
			<trkpt lat="46.860374" lon="-121.748062">
				<ele>3730.866699</ele>
				<time>2026-06-15T10:45:09Z</time>
			</trkpt>
			<trkpt lat="46.860447" lon="-121.748199">
				<ele>3733.294678</ele>
				<time>2026-06-15T10:46:33Z</time>
			</trkpt>
			<trkpt lat="46.860489" lon="-121.748268">
				<ele>3735.018555</ele>
				<time>2026-06-15T10:47:02Z</time>
			</trkpt>
			<trkpt lat="46.860535" lon="-121.748428">
				<ele>3738.180908</ele>
				<time>2026-06-15T10:48:25Z</time>
			</trkpt>
			<trkpt lat="46.860577" lon="-121.748611">
				<ele>3743.25</ele>
				<time>2026-06-15T10:49:19Z</time>
			</trkpt>
			<trkpt lat="46.860615" lon="-121.74868">
				<ele>3744.635986</ele>
				<time>2026-06-15T10:49:44Z</time>
			</trkpt>
			<trkpt lat="46.860657" lon="-121.748749">
				<ele>3743.896973</ele>
				<time>2026-06-15T10:50:07Z</time>
			</trkpt>
			<trkpt lat="46.860695" lon="-121.748802">
				<ele>3744.589844</ele>
				<time>2026-06-15T10:50:27Z</time>
			</trkpt>
			<trkpt lat="46.860729" lon="-121.748848">
				<ele>3744.880371</ele>
				<time>2026-06-15T10:50:41Z</time>
			</trkpt>
			<trkpt lat="46.860786" lon="-121.748947">
				<ele>3744.373779</ele>
				<time>2026-06-15T10:51:16Z</time>
			</trkpt>
			<trkpt lat="46.860844" lon="-121.749069">
				<ele>3746.665039</ele>
				<time>2026-06-15T10:51:55Z</time>
			</trkpt>
			<trkpt lat="46.86087" lon="-121.749123">
				<ele>3746.443604</ele>
				<time>2026-06-15T10:52:11Z</time>
			</trkpt>
			<trkpt lat="46.860901" lon="-121.749168">
				<ele>3746.670166</ele>
				<time>2026-06-15T10:52:25Z</time>
			</trkpt>
			<trkpt lat="46.860954" lon="-121.74926">
				<ele>3747.942383</ele>
				<time>2026-06-15T10:52:57Z</time>
			</trkpt>
			<trkpt lat="46.861023" lon="-121.749367">
				<ele>3746.137451</ele>
				<time>2026-06-15T10:53:46Z</time>
			</trkpt>
			<trkpt lat="46.86105" lon="-121.749428">
				<ele>3745.713379</ele>
				<time>2026-06-15T10:54:16Z</time>
			</trkpt>
			<trkpt lat="46.861073" lon="-121.749458">
				<ele>3746.597656</ele>
				<time>2026-06-15T11:04:12Z</time>
			</trkpt>
			<trkpt lat="46.861099" lon="-121.749489">
				<ele>3745.877441</ele>
				<time>2026-06-15T11:04:22Z</time>
			</trkpt>
			<trkpt lat="46.861122" lon="-121.749519">
				<ele>3745.717529</ele>
				<time>2026-06-15T11:04:32Z</time>
			</trkpt>
			<trkpt lat="46.861172" lon="-121.749565">
				<ele>3744.103271</ele>
				<time>2026-06-15T11:05:04Z</time>
			</trkpt>
			<trkpt lat="46.861187" lon="-121.749603">
				<ele>3744.731689</ele>
				<time>2026-06-15T11:05:15Z</time>
			</trkpt>
			<trkpt lat="46.861195" lon="-121.749657">
				<ele>3743.674072</ele>
				<time>2026-06-15T11:05:27Z</time>
			</trkpt>
			<trkpt lat="46.861206" lon="-121.749779">
				<ele>3749.847656</ele>
				<time>2026-06-15T11:06:37Z</time>
			</trkpt>
			<trkpt lat="46.861183" lon="-121.749939">
				<ele>3753.589355</ele>
				<time>2026-06-15T11:08:10Z</time>
			</trkpt>
			<trkpt lat="46.861168" lon="-121.75">
				<ele>3757.831787</ele>
				<time>2026-06-15T11:09:12Z</time>
			</trkpt>
			<trkpt lat="46.86116" lon="-121.750053">
				<ele>3756.887207</ele>
				<time>2026-06-15T11:10:05Z</time>
			</trkpt>
			<trkpt lat="46.861137" lon="-121.75013">
				<ele>3758.361328</ele>
				<time>2026-06-15T11:10:36Z</time>
			</trkpt>
			<trkpt lat="46.861134" lon="-121.750206">
				<ele>3765.666504</ele>
				<time>2026-06-15T11:11:24Z</time>
			</trkpt>
			<trkpt lat="46.861095" lon="-121.750244">
				<ele>3766.140137</ele>
				<time>2026-06-15T11:11:44Z</time>
			</trkpt>
			<trkpt lat="46.861103" lon="-121.750298">
				<ele>3769.842041</ele>
				<time>2026-06-15T11:12:03Z</time>
			</trkpt>
			<trkpt lat="46.861076" lon="-121.750343">
				<ele>3772.015625</ele>
				<time>2026-06-15T11:13:16Z</time>
			</trkpt>
			<trkpt lat="46.860981" lon="-121.750328">
				<ele>3774.317139</ele>
				<time>2026-06-15T11:14:18Z</time>
			</trkpt>
			<trkpt lat="46.86084" lon="-121.75032">
				<ele>3782.411865</ele>
				<time>2026-06-15T11:16:08Z</time>
			</trkpt>
			<trkpt lat="46.860783" lon="-121.750351">
				<ele>3786.280762</ele>
				<time>2026-06-15T11:16:44Z</time>
			</trkpt>
			<trkpt lat="46.860786" lon="-121.75042">
				<ele>3790.041992</ele>
				<time>2026-06-15T11:17:48Z</time>
			</trkpt>
			<trkpt lat="46.860718" lon="-121.750679">
				<ele>3798.823486</ele>
				<time>2026-06-15T11:19:44Z</time>
			</trkpt>
			<trkpt lat="46.86071" lon="-121.750732">
				<ele>3802.457764</ele>
				<time>2026-06-15T11:20:25Z</time>
			</trkpt>
			<trkpt lat="46.860691" lon="-121.750832">
				<ele>3804.174805</ele>
				<time>2026-06-15T11:20:57Z</time>
			</trkpt>
			<trkpt lat="46.860661" lon="-121.750877">
				<ele>3806.308594</ele>
				<time>2026-06-15T11:21:28Z</time>
			</trkpt>
			<trkpt lat="46.860641" lon="-121.750931">
				<ele>3806.609863</ele>
				<time>2026-06-15T11:21:51Z</time>
			</trkpt>
			<trkpt lat="46.860527" lon="-121.750938">
				<ele>3819.42041</ele>
				<time>2026-06-15T11:23:45Z</time>
			</trkpt>
			<trkpt lat="46.860455" lon="-121.750908">
				<ele>3823.582764</ele>
				<time>2026-06-15T11:24:30Z</time>
			</trkpt>
			<trkpt lat="46.860302" lon="-121.750885">
				<ele>3829.019531</ele>
				<time>2026-06-15T11:26:22Z</time>
			</trkpt>
			<trkpt lat="46.860275" lon="-121.750862">
				<ele>3828.849609</ele>
				<time>2026-06-15T11:26:45Z</time>
			</trkpt>
			<trkpt lat="46.860245" lon="-121.750854">
				<ele>3832.139648</ele>
				<time>2026-06-15T11:27:02Z</time>
			</trkpt>
			<trkpt lat="46.860214" lon="-121.750862">
				<ele>3831.320557</ele>
				<time>2026-06-15T11:27:27Z</time>
			</trkpt>
			<trkpt lat="46.860176" lon="-121.750862">
				<ele>3835.063965</ele>
				<time>2026-06-15T11:28:26Z</time>
			</trkpt>
			<trkpt lat="46.860142" lon="-121.750862">
				<ele>3837.101074</ele>
				<time>2026-06-15T11:28:54Z</time>
			</trkpt>
			<trkpt lat="46.860107" lon="-121.75087">
				<ele>3837.641846</ele>
				<time>2026-06-15T11:29:19Z</time>
			</trkpt>
			<trkpt lat="46.860081" lon="-121.750839">
				<ele>3841.623291</ele>
				<time>2026-06-15T11:30:07Z</time>
			</trkpt>
			<trkpt lat="46.86005" lon="-121.750862">
				<ele>3839.429932</ele>
				<time>2026-06-15T11:30:18Z</time>
			</trkpt>
			<trkpt lat="46.859962" lon="-121.750893">
				<ele>3843.488525</ele>
				<time>2026-06-15T11:31:23Z</time>
			</trkpt>
			<trkpt lat="46.859962" lon="-121.750946">
				<ele>3841.062744</ele>
				<time>2026-06-15T11:40:12Z</time>
			</trkpt>
			<trkpt lat="46.859947" lon="-121.7509">
				<ele>3846.275391</ele>
				<time>2026-06-15T11:43:17Z</time>
			</trkpt>
			<trkpt lat="46.859932" lon="-121.750954">
				<ele>3847.853027</ele>
				<time>2026-06-15T11:47:08Z</time>
			</trkpt>
			<trkpt lat="46.859905" lon="-121.750992">
				<ele>3850.50415</ele>
				<time>2026-06-15T11:47:37Z</time>
			</trkpt>
			<trkpt lat="46.859852" lon="-121.751045">
				<ele>3851.692627</ele>
				<time>2026-06-15T11:48:05Z</time>
			</trkpt>
			<trkpt lat="46.859707" lon="-121.750977">
				<ele>3860.722168</ele>
				<time>2026-06-15T11:49:14Z</time>
			</trkpt>
			<trkpt lat="46.85965" lon="-121.750961">
				<ele>3865.595459</ele>
				<time>2026-06-15T11:49:46Z</time>
			</trkpt>
			<trkpt lat="46.859604" lon="-121.750969">
				<ele>3865.128174</ele>
				<time>2026-06-15T11:50:03Z</time>
			</trkpt>
			<trkpt lat="46.85957" lon="-121.750977">
				<ele>3869.741455</ele>
				<time>2026-06-15T11:50:34Z</time>
			</trkpt>
			<trkpt lat="46.859482" lon="-121.751015">
				<ele>3872.989014</ele>
				<time>2026-06-15T11:51:13Z</time>
			</trkpt>
			<trkpt lat="46.859493" lon="-121.75116">
				<ele>3881.265137</ele>
				<time>2026-06-15T11:52:14Z</time>
			</trkpt>
			<trkpt lat="46.859535" lon="-121.751404">
				<ele>3885.610352</ele>
				<time>2026-06-15T11:53:19Z</time>
			</trkpt>
			<trkpt lat="46.859543" lon="-121.751572">
				<ele>3887.628174</ele>
				<time>2026-06-15T11:54:02Z</time>
			</trkpt>
			<trkpt lat="46.859554" lon="-121.751694">
				<ele>3891.232178</ele>
				<time>2026-06-15T11:54:38Z</time>
			</trkpt>
			<trkpt lat="46.859535" lon="-121.751793">
				<ele>3892.491455</ele>
				<time>2026-06-15T11:55:07Z</time>
			</trkpt>
			<trkpt lat="46.859489" lon="-121.751915">
				<ele>3899.947021</ele>
				<time>2026-06-15T11:56:04Z</time>
			</trkpt>
			<trkpt lat="46.859467" lon="-121.751999">
				<ele>3901.160156</ele>
				<time>2026-06-15T11:56:35Z</time>
			</trkpt>
			<trkpt lat="46.85944" lon="-121.752144">
				<ele>3907.692383</ele>
				<time>2026-06-15T11:57:33Z</time>
			</trkpt>
			<trkpt lat="46.859364" lon="-121.752373">
				<ele>3916.123047</ele>
				<time>2026-06-15T11:59:15Z</time>
			</trkpt>
			<trkpt lat="46.859322" lon="-121.752472">
				<ele>3918.629639</ele>
				<time>2026-06-15T11:59:49Z</time>
			</trkpt>
			<trkpt lat="46.859222" lon="-121.7528">
				<ele>3935.541016</ele>
				<time>2026-06-15T12:02:29Z</time>
			</trkpt>
			<trkpt lat="46.859192" lon="-121.752876">
				<ele>3935.944092</ele>
				<time>2026-06-15T12:02:49Z</time>
			</trkpt>
			<trkpt lat="46.859138" lon="-121.752876">
				<ele>3935.765869</ele>
				<time>2026-06-15T12:03:15Z</time>
			</trkpt>
			<trkpt lat="46.858898" lon="-121.752823">
				<ele>3952.430664</ele>
				<time>2026-06-15T12:06:02Z</time>
			</trkpt>
			<trkpt lat="46.858776" lon="-121.752792">
				<ele>3958.866211</ele>
				<time>2026-06-15T12:07:27Z</time>
			</trkpt>
			<trkpt lat="46.858738" lon="-121.752739">
				<ele>3964.230225</ele>
				<time>2026-06-15T12:07:54Z</time>
			</trkpt>
			<trkpt lat="46.858727" lon="-121.752815">
				<ele>3965.661621</ele>
				<time>2026-06-15T12:08:34Z</time>
			</trkpt>
			<trkpt lat="46.858723" lon="-121.752892">
				<ele>3968.689209</ele>
				<time>2026-06-15T12:08:57Z</time>
			</trkpt>
			<trkpt lat="46.85873" lon="-121.752968">
				<ele>3969.996582</ele>
				<time>2026-06-15T12:09:32Z</time>
			</trkpt>
			<trkpt lat="46.858715" lon="-121.753044">
				<ele>3974.05249</ele>
				<time>2026-06-15T12:10:07Z</time>
			</trkpt>
			<trkpt lat="46.858685" lon="-121.753197">
				<ele>3978.691162</ele>
				<time>2026-06-15T12:11:15Z</time>
			</trkpt>
			<trkpt lat="46.858681" lon="-121.753265">
				<ele>3979.681152</ele>
				<time>2026-06-15T12:11:35Z</time>
			</trkpt>
			<trkpt lat="46.858681" lon="-121.753433">
				<ele>3985.414063</ele>
				<time>2026-06-15T12:12:15Z</time>
			</trkpt>
			<trkpt lat="46.85862" lon="-121.753525">
				<ele>3985.592041</ele>
				<time>2026-06-15T12:13:01Z</time>
			</trkpt>
			<trkpt lat="46.858566" lon="-121.753616">
				<ele>3988.664307</ele>
				<time>2026-06-15T12:13:39Z</time>
			</trkpt>
			<trkpt lat="46.858509" lon="-121.753662">
				<ele>3996.811523</ele>
				<time>2026-06-15T12:14:59Z</time>
			</trkpt>
			<trkpt lat="46.85844" lon="-121.753624">
				<ele>3998.537109</ele>
				<time>2026-06-15T12:15:39Z</time>
			</trkpt>
			<trkpt lat="46.858452" lon="-121.753563">
				<ele>4005.304443</ele>
				<time>2026-06-15T12:18:32Z</time>
			</trkpt>
			<trkpt lat="46.858418" lon="-121.753593">
				<ele>4004.327637</ele>
				<time>2026-06-15T12:18:46Z</time>
			</trkpt>
			<trkpt lat="46.858345" lon="-121.753586">
				<ele>4006.750488</ele>
				<time>2026-06-15T12:19:15Z</time>
			</trkpt>
			<trkpt lat="46.85825" lon="-121.753571">
				<ele>4008.841797</ele>
				<time>2026-06-15T12:20:10Z</time>
			</trkpt>
			<trkpt lat="46.85812" lon="-121.753471">
				<ele>4020.777588</ele>
				<time>2026-06-15T12:21:41Z</time>
			</trkpt>
			<trkpt lat="46.858009" lon="-121.753418">
				<ele>4025.091064</ele>
				<time>2026-06-15T12:22:46Z</time>
			</trkpt>
			<trkpt lat="46.857952" lon="-121.753464">
				<ele>4027.27124</ele>
				<time>2026-06-15T12:23:55Z</time>
			</trkpt>
			<trkpt lat="46.857899" lon="-121.753632">
				<ele>4036.9021</ele>
				<time>2026-06-15T12:25:13Z</time>
			</trkpt>
			<trkpt lat="46.857872" lon="-121.753708">
				<ele>4038.163574</ele>
				<time>2026-06-15T12:25:53Z</time>
			</trkpt>
			<trkpt lat="46.857834" lon="-121.75383">
				<ele>4044.88208</ele>
				<time>2026-06-15T12:26:54Z</time>
			</trkpt>
			<trkpt lat="46.857807" lon="-121.753899">
				<ele>4045.645752</ele>
				<time>2026-06-15T12:27:32Z</time>
			</trkpt>
			<trkpt lat="46.857788" lon="-121.753967">
				<ele>4052.225586</ele>
				<time>2026-06-15T12:28:13Z</time>
			</trkpt>
			<trkpt lat="46.857754" lon="-121.754036">
				<ele>4053.942139</ele>
				<time>2026-06-15T12:28:45Z</time>
			</trkpt>
			<trkpt lat="46.857738" lon="-121.754105">
				<ele>4057.41626</ele>
				<time>2026-06-15T12:29:24Z</time>
			</trkpt>
			<trkpt lat="46.857704" lon="-121.754181">
				<ele>4057.295166</ele>
				<time>2026-06-15T12:30:02Z</time>
			</trkpt>
			<trkpt lat="46.857639" lon="-121.754372">
				<ele>4068.85791</ele>
				<time>2026-06-15T12:31:48Z</time>
			</trkpt>
			<trkpt lat="46.857609" lon="-121.754417">
				<ele>4069.667725</ele>
				<time>2026-06-15T12:32:17Z</time>
			</trkpt>
			<trkpt lat="46.857582" lon="-121.754509">
				<ele>4073.377197</ele>
				<time>2026-06-15T12:33:12Z</time>
			</trkpt>
			<trkpt lat="46.857559" lon="-121.754578">
				<ele>4074.252441</ele>
				<time>2026-06-15T12:33:44Z</time>
			</trkpt>
			<trkpt lat="46.857548" lon="-121.754646">
				<ele>4080.995361</ele>
				<time>2026-06-15T12:34:38Z</time>
			</trkpt>
			<trkpt lat="46.857468" lon="-121.754807">
				<ele>4086.633301</ele>
				<time>2026-06-15T12:36:11Z</time>
			</trkpt>
			<trkpt lat="46.857449" lon="-121.754852">
				<ele>4089.77832</ele>
				<time>2026-06-15T12:36:43Z</time>
			</trkpt>
			<trkpt lat="46.857395" lon="-121.754921">
				<ele>4092.384521</ele>
				<time>2026-06-15T12:37:23Z</time>
			</trkpt>
			<trkpt lat="46.857319" lon="-121.754875">
				<ele>4100.922852</ele>
				<time>2026-06-15T12:38:19Z</time>
			</trkpt>
			<trkpt lat="46.857265" lon="-121.754814">
				<ele>4102.904785</ele>
				<time>2026-06-15T12:38:49Z</time>
			</trkpt>
			<trkpt lat="46.857277" lon="-121.75473">
				<ele>4104.140625</ele>
				<time>2026-06-15T12:39:02Z</time>
			</trkpt>
			<trkpt lat="46.857296" lon="-121.754601">
				<ele>4102.151855</ele>
				<time>2026-06-15T12:39:39Z</time>
			</trkpt>
			<trkpt lat="46.857265" lon="-121.754578">
				<ele>4101.453125</ele>
				<time>2026-06-15T12:39:56Z</time>
			</trkpt>
			<trkpt lat="46.857204" lon="-121.754517">
				<ele>4103.782715</ele>
				<time>2026-06-15T12:40:42Z</time>
			</trkpt>
			<trkpt lat="46.857086" lon="-121.754478">
				<ele>4109.533691</ele>
				<time>2026-06-15T12:42:20Z</time>
			</trkpt>
			<trkpt lat="46.857044" lon="-121.75444">
				<ele>4114.314453</ele>
				<time>2026-06-15T12:42:52Z</time>
			</trkpt>
			<trkpt lat="46.856991" lon="-121.754425">
				<ele>4116.495117</ele>
				<time>2026-06-15T12:43:37Z</time>
			</trkpt>
			<trkpt lat="46.856632" lon="-121.754288">
				<ele>4139.407227</ele>
				<time>2026-06-15T12:48:21Z</time>
			</trkpt>
			<trkpt lat="46.856602" lon="-121.754395">
				<ele>4148.821289</ele>
				<time>2026-06-15T12:49:37Z</time>
			</trkpt>
			<trkpt lat="46.85659" lon="-121.754463">
				<ele>4151.009766</ele>
				<time>2026-06-15T12:50:14Z</time>
			</trkpt>
			<trkpt lat="46.856579" lon="-121.754524">
				<ele>4150.969238</ele>
				<time>2026-06-15T12:50:56Z</time>
			</trkpt>
			<trkpt lat="46.856571" lon="-121.7547">
				<ele>4155.087891</ele>
				<time>2026-06-15T12:51:39Z</time>
			</trkpt>
			<trkpt lat="46.856468" lon="-121.755188">
				<ele>4175.477539</ele>
				<time>2026-06-15T12:55:51Z</time>
			</trkpt>
			<trkpt lat="46.856449" lon="-121.755257">
				<ele>4175.486816</ele>
				<time>2026-06-15T12:56:38Z</time>
			</trkpt>
			<trkpt lat="46.856411" lon="-121.755287">
				<ele>4181.172852</ele>
				<time>2026-06-15T12:57:34Z</time>
			</trkpt>
			<trkpt lat="46.856377" lon="-121.755325">
				<ele>4181.437012</ele>
				<time>2026-06-15T13:05:08Z</time>
			</trkpt>
			<trkpt lat="46.856339" lon="-121.755371">
				<ele>4185.162109</ele>
				<time>2026-06-15T13:05:52Z</time>
			</trkpt>
			<trkpt lat="46.856285" lon="-121.755371">
				<ele>4188.038086</ele>
				<time>2026-06-15T13:06:36Z</time>
			</trkpt>
			<trkpt lat="46.85622" lon="-121.755295">
				<ele>4190.958496</ele>
				<time>2026-06-15T13:07:34Z</time>
			</trkpt>
			<trkpt lat="46.856117" lon="-121.75528">
				<ele>4194.911133</ele>
				<time>2026-06-15T13:08:39Z</time>
			</trkpt>
			<trkpt lat="46.85582" lon="-121.755196">
				<ele>4213.809082</ele>
				<time>2026-06-15T13:12:46Z</time>
			</trkpt>
			<trkpt lat="46.855782" lon="-121.755272">
				<ele>4224.047852</ele>
				<time>2026-06-15T13:14:39Z</time>
			</trkpt>
			<trkpt lat="46.855682" lon="-121.755508">
				<ele>4235.765137</ele>
				<time>2026-06-15T13:16:55Z</time>
			</trkpt>
			<trkpt lat="46.855598" lon="-121.755669">
				<ele>4242.873047</ele>
				<time>2026-06-15T13:18:34Z</time>
			</trkpt>
			<trkpt lat="46.855522" lon="-121.755783">
				<ele>4249.805176</ele>
				<time>2026-06-15T13:20:15Z</time>
			</trkpt>
			<trkpt lat="46.855495" lon="-121.755821">
				<ele>4248.593262</ele>
				<time>2026-06-15T13:20:50Z</time>
			</trkpt>
			<trkpt lat="46.855473" lon="-121.755859">
				<ele>4252.935547</ele>
				<time>2026-06-15T13:21:05Z</time>
			</trkpt>
			<trkpt lat="46.855453" lon="-121.755913">
				<ele>4253.741699</ele>
				<time>2026-06-15T13:21:20Z</time>
			</trkpt>
			<trkpt lat="46.855392" lon="-121.756004">
				<ele>4256.520996</ele>
				<time>2026-06-15T13:22:14Z</time>
			</trkpt>
			<trkpt lat="46.855354" lon="-121.756035">
				<ele>4261.606445</ele>
				<time>2026-06-15T13:22:48Z</time>
			</trkpt>
			<trkpt lat="46.855305" lon="-121.756088">
				<ele>4264.385742</ele>
				<time>2026-06-15T13:23:27Z</time>
			</trkpt>
			<trkpt lat="46.855251" lon="-121.756096">
				<ele>4268.001953</ele>
				<time>2026-06-15T13:23:59Z</time>
			</trkpt>
			<trkpt lat="46.855152" lon="-121.75618">
				<ele>4274.212891</ele>
				<time>2026-06-15T13:25:10Z</time>
			</trkpt>
			<trkpt lat="46.855038" lon="-121.756332">
				<ele>4280.956543</ele>
				<time>2026-06-15T13:26:21Z</time>
			</trkpt>
			<trkpt lat="46.854996" lon="-121.756386">
				<ele>4284.515625</ele>
				<time>2026-06-15T13:27:01Z</time>
			</trkpt>
			<trkpt lat="46.854969" lon="-121.756432">
				<ele>4285.665039</ele>
				<time>2026-06-15T13:27:34Z</time>
			</trkpt>
			<trkpt lat="46.85495" lon="-121.756485">
				<ele>4288.240723</ele>
				<time>2026-06-15T13:27:55Z</time>
			</trkpt>
			<trkpt lat="46.854927" lon="-121.756531">
				<ele>4288.535156</ele>
				<time>2026-06-15T13:28:17Z</time>
			</trkpt>
			<trkpt lat="46.8549" lon="-121.756584">
				<ele>4289.865723</ele>
				<time>2026-06-15T13:28:44Z</time>
			</trkpt>
			<trkpt lat="46.854874" lon="-121.756653">
				<ele>4292.996094</ele>
				<time>2026-06-15T13:29:17Z</time>
			</trkpt>
			<trkpt lat="46.854813" lon="-121.756767">
				<ele>4297.128906</ele>
				<time>2026-06-15T13:30:09Z</time>
			</trkpt>
			<trkpt lat="46.854771" lon="-121.756828">
				<ele>4298.546875</ele>
				<time>2026-06-15T13:30:32Z</time>
			</trkpt>
			<trkpt lat="46.854744" lon="-121.756874">
				<ele>4301.646484</ele>
				<time>2026-06-15T13:31:12Z</time>
			</trkpt>
			<trkpt lat="46.854622" lon="-121.75708">
				<ele>4308.799316</ele>
				<time>2026-06-15T13:32:38Z</time>
			</trkpt>
			<trkpt lat="46.854595" lon="-121.757126">
				<ele>4309.255859</ele>
				<time>2026-06-15T13:32:56Z</time>
			</trkpt>
			<trkpt lat="46.854572" lon="-121.757179">
				<ele>4310.575684</ele>
				<time>2026-06-15T13:33:14Z</time>
			</trkpt>
			<trkpt lat="46.854546" lon="-121.757309">
				<ele>4315.091309</ele>
				<time>2026-06-15T13:34:04Z</time>
			</trkpt>
			<trkpt lat="46.854523" lon="-121.757416">
				<ele>4317.39209</ele>
				<time>2026-06-15T13:34:42Z</time>
			</trkpt>
			<trkpt lat="46.854481" lon="-121.757462">
				<ele>4317.919434</ele>
				<time>2026-06-15T13:35:01Z</time>
			</trkpt>
			<trkpt lat="46.854477" lon="-121.757553">
				<ele>4321.270508</ele>
				<time>2026-06-15T13:35:44Z</time>
			</trkpt>
			<trkpt lat="46.854404" lon="-121.757866">
				<ele>4328.429199</ele>
				<time>2026-06-15T13:37:35Z</time>
			</trkpt>
			<trkpt lat="46.854351" lon="-121.758003">
				<ele>4332.847656</ele>
				<time>2026-06-15T13:38:23Z</time>
			</trkpt>
			<trkpt lat="46.854256" lon="-121.758102">
				<ele>4337.914551</ele>
				<time>2026-06-15T13:39:39Z</time>
			</trkpt>
			<trkpt lat="46.854225" lon="-121.758118">
				<ele>4340.403809</ele>
				<time>2026-06-15T13:40:00Z</time>
			</trkpt>
			<trkpt lat="46.854202" lon="-121.758163">
				<ele>4341.642578</ele>
				<time>2026-06-15T13:40:22Z</time>
			</trkpt>
			<trkpt lat="46.854088" lon="-121.758255">
				<ele>4350.063477</ele>
				<time>2026-06-15T13:41:26Z</time>
			</trkpt>
			<trkpt lat="46.854042" lon="-121.758354">
				<ele>4352.177246</ele>
				<time>2026-06-15T13:45:06Z</time>
			</trkpt>
			<trkpt lat="46.854012" lon="-121.758438">
				<ele>4353.32666</ele>
				<time>2026-06-15T13:50:32Z</time>
			</trkpt>
			<trkpt lat="46.854027" lon="-121.758469">
				<ele>4355.052734</ele>
				<time>2026-06-15T13:50:40Z</time>
			</trkpt>
			<trkpt lat="46.854019" lon="-121.758514">
				<ele>4355.289063</ele>
				<time>2026-06-15T13:50:46Z</time>
			</trkpt>
			<trkpt lat="46.853992" lon="-121.758606">
				<ele>4357.244629</ele>
				<time>2026-06-15T13:51:07Z</time>
			</trkpt>
			<trkpt lat="46.853973" lon="-121.758774">
				<ele>4361.675781</ele>
				<time>2026-06-15T13:51:50Z</time>
			</trkpt>
			<trkpt lat="46.853951" lon="-121.758919">
				<ele>4363.367188</ele>
				<time>2026-06-15T13:52:14Z</time>
			</trkpt>
			<trkpt lat="46.853924" lon="-121.759026">
				<ele>4363.680176</ele>
				<time>2026-06-15T13:52:30Z</time>
			</trkpt>
			<trkpt lat="46.85392" lon="-121.759064">
				<ele>4364.0</ele>
				<time>2026-06-15T13:52:36Z</time>
			</trkpt>
			<trkpt lat="46.853905" lon="-121.75914">
				<ele>4365.122559</ele>
				<time>2026-06-15T13:52:47Z</time>
			</trkpt>
			<trkpt lat="46.853851" lon="-121.759293">
				<ele>4369.688965</ele>
				<time>2026-06-15T13:53:25Z</time>
			</trkpt>
			<trkpt lat="46.853825" lon="-121.759369">
				<ele>4371.310059</ele>
				<time>2026-06-15T13:53:39Z</time>
			</trkpt>
			<trkpt lat="46.85379" lon="-121.759415">
				<ele>4371.829102</ele>
				<time>2026-06-15T13:53:52Z</time>
			</trkpt>
			<trkpt lat="46.85376" lon="-121.759476">
				<ele>4373.982422</ele>
				<time>2026-06-15T13:54:06Z</time>
			</trkpt>
			<trkpt lat="46.853737" lon="-121.759521">
				<ele>4373.615234</ele>
				<time>2026-06-15T13:54:17Z</time>
			</trkpt>
			<trkpt lat="46.853714" lon="-121.75956">
				<ele>4375.434082</ele>
				<time>2026-06-15T13:54:27Z</time>
			</trkpt>
			<trkpt lat="46.853699" lon="-121.759605">
				<ele>4374.664063</ele>
				<time>2026-06-15T13:54:34Z</time>
			</trkpt>
			<trkpt lat="46.853676" lon="-121.759628">
				<ele>4376.362793</ele>
				<time>2026-06-15T13:54:42Z</time>
			</trkpt>
			<trkpt lat="46.853645" lon="-121.759636">
				<ele>4376.437012</ele>
				<time>2026-06-15T13:54:50Z</time>
			</trkpt>
			<trkpt lat="46.853588" lon="-121.759682">
				<ele>4378.046387</ele>
				<time>2026-06-15T13:55:05Z</time>
			</trkpt>
			<trkpt lat="46.853462" lon="-121.759766">
				<ele>4383.244629</ele>
				<time>2026-06-15T13:55:39Z</time>
			</trkpt>
			<trkpt lat="46.853432" lon="-121.759789">
				<ele>4383.099121</ele>
				<time>2026-06-15T13:55:46Z</time>
			</trkpt>
			<trkpt lat="46.85334" lon="-121.759911">
				<ele>4387.362793</ele>
				<time>2026-06-15T13:56:07Z</time>
			</trkpt>
			<trkpt lat="46.85331" lon="-121.759933">
				<ele>4386.836426</ele>
				<time>2026-06-15T13:56:12Z</time>
			</trkpt>
			<trkpt lat="46.853279" lon="-121.759956">
				<ele>4387.301758</ele>
				<time>2026-06-15T13:56:16Z</time>
			</trkpt>
			<trkpt lat="46.85323" lon="-121.76001">
				<ele>4387.638672</ele>
				<time>2026-06-15T13:56:23Z</time>
			</trkpt>
			<trkpt lat="46.853203" lon="-121.760033">
				<ele>4387.567383</ele>
				<time>2026-06-15T13:56:26Z</time>
			</trkpt>
			<trkpt lat="46.853172" lon="-121.760056">
				<ele>4387.618164</ele>
				<time>2026-06-15T13:56:30Z</time>
			</trkpt>
			<trkpt lat="46.853111" lon="-121.760094">
				<ele>4387.213867</ele>
				<time>2026-06-15T13:56:38Z</time>
			</trkpt>
			<trkpt lat="46.853085" lon="-121.760117">
				<ele>4386.762695</ele>
				<time>2026-06-15T13:56:42Z</time>
			</trkpt>
			<trkpt lat="46.85305" lon="-121.760139">
				<ele>4386.737793</ele>
				<time>2026-06-15T13:56:45Z</time>
			</trkpt>
			<trkpt lat="46.853016" lon="-121.760147">
				<ele>4386.882324</ele>
				<time>2026-06-15T13:56:49Z</time>
			</trkpt>
			<trkpt lat="46.852989" lon="-121.76017">
				<ele>4386.705078</ele>
				<time>2026-06-15T13:56:52Z</time>
			</trkpt>
			<trkpt lat="46.852959" lon="-121.760193">
				<ele>4386.898438</ele>
				<time>2026-06-15T13:56:55Z</time>
			</trkpt>
			<trkpt lat="46.852924" lon="-121.760201">
				<ele>4386.416992</ele>
				<time>2026-06-15T13:56:59Z</time>
			</trkpt>
			<trkpt lat="46.852894" lon="-121.760223">
				<ele>4386.632324</ele>
				<time>2026-06-15T13:57:02Z</time>
			</trkpt>
			<trkpt lat="46.852863" lon="-121.760231">
				<ele>4386.277344</ele>
				<time>2026-06-15T13:57:05Z</time>
			</trkpt>
			<trkpt lat="46.852829" lon="-121.760239">
				<ele>4386.180664</ele>
				<time>2026-06-15T13:57:09Z</time>
			</trkpt>
			<trkpt lat="46.852779" lon="-121.760292">
				<ele>4387.407227</ele>
				<time>2026-06-15T13:57:18Z</time>
			</trkpt>
			<trkpt lat="46.852745" lon="-121.7603">
				<ele>4386.666016</ele>
				<time>2026-06-15T13:57:22Z</time>
			</trkpt>
			<trkpt lat="46.852684" lon="-121.7603">
				<ele>4387.19043</ele>
				<time>2026-06-15T13:57:29Z</time>
			</trkpt>
			<trkpt lat="46.852619" lon="-121.760307">
				<ele>4386.379883</ele>
				<time>2026-06-15T13:57:36Z</time>
			</trkpt>
			<trkpt lat="46.852585" lon="-121.760315">
				<ele>4387.197266</ele>
				<time>2026-06-15T13:57:40Z</time>
			</trkpt>
			<trkpt lat="46.852547" lon="-121.760315">
				<ele>4386.195313</ele>
				<time>2026-06-15T13:57:45Z</time>
			</trkpt>
			<trkpt lat="46.852505" lon="-121.7603">
				<ele>4386.297363</ele>
				<time>2026-06-15T13:57:49Z</time>
			</trkpt>
			<trkpt lat="46.85244" lon="-121.760315">
				<ele>4385.232422</ele>
				<time>2026-06-15T13:57:57Z</time>
			</trkpt>
			<trkpt lat="46.852413" lon="-121.760315">
				<ele>4386.31543</ele>
				<time>2026-06-15T13:58:01Z</time>
			</trkpt>
			<trkpt lat="46.852352" lon="-121.760315">
				<ele>4387.140625</ele>
				<time>2026-06-15T13:58:11Z</time>
			</trkpt>
			<trkpt lat="46.852325" lon="-121.760292">
				<ele>4387.026367</ele>
				<time>2026-06-15T13:58:17Z</time>
			</trkpt>
			<trkpt lat="46.852295" lon="-121.760315">
				<ele>4386.100586</ele>
				<time>2026-06-15T13:58:21Z</time>
			</trkpt>
			<trkpt lat="46.852257" lon="-121.76033">
				<ele>4386.250488</ele>
				<time>2026-06-15T13:58:25Z</time>
			</trkpt>
			<trkpt lat="46.852177" lon="-121.760345">
				<ele>4384.762207</ele>
				<time>2026-06-15T13:58:36Z</time>
			</trkpt>
			<trkpt lat="46.852051" lon="-121.760338">
				<ele>4386.450684</ele>
				<time>2026-06-15T13:58:57Z</time>
			</trkpt>
			<trkpt lat="46.852013" lon="-121.760338">
				<ele>4385.845703</ele>
				<time>2026-06-15T13:59:02Z</time>
			</trkpt>
			<trkpt lat="46.851982" lon="-121.760345">
				<ele>4387.066406</ele>
				<time>2026-06-15T13:59:08Z</time>
			</trkpt>
			<trkpt lat="46.851955" lon="-121.760361">
				<ele>4387.432617</ele>
				<time>2026-06-15T13:59:11Z</time>
			</trkpt>
			<trkpt lat="46.851925" lon="-121.760376">
				<ele>4387.21875</ele>
				<time>2026-06-15T13:59:14Z</time>
			</trkpt>
			<trkpt lat="46.851868" lon="-121.760391">
				<ele>4387.966309</ele>
				<time>2026-06-15T13:59:23Z</time>
			</trkpt>
			<trkpt lat="46.851841" lon="-121.760391">
				<ele>4389.346191</ele>
				<time>2026-06-15T13:59:29Z</time>
			</trkpt>
			<trkpt lat="46.851814" lon="-121.760406">
				<ele>4388.623047</ele>
				<time>2026-06-15T13:59:34Z</time>
			</trkpt>
			<trkpt lat="46.851753" lon="-121.760406">
				<ele>4390.985352</ele>
				<time>2026-06-15T13:59:44Z</time>
			</trkpt>
			<trkpt lat="46.851727" lon="-121.760422">
				<ele>4390.380371</ele>
				<time>2026-06-15T13:59:48Z</time>
			</trkpt>
			<trkpt lat="46.851696" lon="-121.760414">
				<ele>4390.538574</ele>
				<time>2026-06-15T13:59:58Z</time>
			</trkpt>
			<trkpt lat="46.851665" lon="-121.760399">
				<ele>4390.53418</ele>
				<time>2026-06-15T14:00:03Z</time>
			</trkpt>
			<trkpt lat="46.851635" lon="-121.760399">
				<ele>4390.646973</ele>
				<time>2026-06-15T14:00:09Z</time>
			</trkpt>
			<trkpt lat="46.851578" lon="-121.760368">
				<ele>4388.37207</ele>
				<time>2026-06-15T14:05:33Z</time>
			</trkpt>
			<trkpt lat="46.851521" lon="-121.760361">
				<ele>4388.957031</ele>
				<time>2026-06-15T14:05:39Z</time>
			</trkpt>
			<trkpt lat="46.85149" lon="-121.760353">
				<ele>4388.015625</ele>
				<time>2026-06-15T14:05:43Z</time>
			</trkpt>
			<trkpt lat="46.851551" lon="-121.760353">
				<ele>4389.696289</ele>
				<time>2026-06-15T14:06:46Z</time>
			</trkpt>
			<trkpt lat="46.851574" lon="-121.760368">
				<ele>4389.69873</ele>
				<time>2026-06-15T14:07:04Z</time>
			</trkpt>
			<trkpt lat="46.85154" lon="-121.760353">
				<ele>4390.578125</ele>
				<time>2026-06-15T14:09:17Z</time>
			</trkpt>
			<trkpt lat="46.851601" lon="-121.760345">
				<ele>4390.608398</ele>
				<time>2026-06-15T14:09:28Z</time>
			</trkpt>
			<trkpt lat="46.851624" lon="-121.760368">
				<ele>4390.757324</ele>
				<time>2026-06-15T14:09:34Z</time>
			</trkpt>
			<trkpt lat="46.851589" lon="-121.760361">
				<ele>4387.65625</ele>
				<time>2026-06-15T14:11:26Z</time>
			</trkpt>
			<trkpt lat="46.851631" lon="-121.760368">
				<ele>4391.30957</ele>
				<time>2026-06-15T14:11:27Z</time>
			</trkpt>
			<trkpt lat="46.85165" lon="-121.760384">
				<ele>4389.670898</ele>
				<time>2026-06-15T14:15:42Z</time>
			</trkpt>
			<trkpt lat="46.851696" lon="-121.760391">
				<ele>4390.224609</ele>
				<time>2026-06-15T14:15:52Z</time>
			</trkpt>
			<trkpt lat="46.851715" lon="-121.760391">
				<ele>4389.599121</ele>
				<time>2026-06-15T14:15:56Z</time>
			</trkpt>
			<trkpt lat="46.851749" lon="-121.760414">
				<ele>4391.314941</ele>
				<time>2026-06-15T14:16:17Z</time>
			</trkpt>
			<trkpt lat="46.85183" lon="-121.760391">
				<ele>4388.60498</ele>
				<time>2026-06-15T14:16:31Z</time>
			</trkpt>
			<trkpt lat="46.851849" lon="-121.760391">
				<ele>4388.65625</ele>
				<time>2026-06-15T14:16:34Z</time>
			</trkpt>
			<trkpt lat="46.851913" lon="-121.760376">
				<ele>4386.918945</ele>
				<time>2026-06-15T14:16:42Z</time>
			</trkpt>
			<trkpt lat="46.85194" lon="-121.760361">
				<ele>4387.080078</ele>
				<time>2026-06-15T14:16:45Z</time>
			</trkpt>
			<trkpt lat="46.851963" lon="-121.760353">
				<ele>4386.372559</ele>
				<time>2026-06-15T14:16:48Z</time>
			</trkpt>
			<trkpt lat="46.852009" lon="-121.760338">
				<ele>4387.431152</ele>
				<time>2026-06-15T14:16:55Z</time>
			</trkpt>
			<trkpt lat="46.852051" lon="-121.760338">
				<ele>4386.644531</ele>
				<time>2026-06-15T14:17:02Z</time>
			</trkpt>
			<trkpt lat="46.852074" lon="-121.760338">
				<ele>4386.840332</ele>
				<time>2026-06-15T14:17:06Z</time>
			</trkpt>
			<trkpt lat="46.852116" lon="-121.760345">
				<ele>4385.754395</ele>
				<time>2026-06-15T14:17:12Z</time>
			</trkpt>
			<trkpt lat="46.852135" lon="-121.760338">
				<ele>4385.898926</ele>
				<time>2026-06-15T14:17:14Z</time>
			</trkpt>
			<trkpt lat="46.852112" lon="-121.76033">
				<ele>4385.130859</ele>
				<time>2026-06-15T14:17:49Z</time>
			</trkpt>
			<trkpt lat="46.852074" lon="-121.760345">
				<ele>4385.79541</ele>
				<time>2026-06-15T14:17:51Z</time>
			</trkpt>
			<trkpt lat="46.852051" lon="-121.76033">
				<ele>4385.567383</ele>
				<time>2026-06-15T14:17:54Z</time>
			</trkpt>
			<trkpt lat="46.852009" lon="-121.760338">
				<ele>4386.761719</ele>
				<time>2026-06-15T14:17:58Z</time>
			</trkpt>
			<trkpt lat="46.851986" lon="-121.760338">
				<ele>4386.785156</ele>
				<time>2026-06-15T14:18:00Z</time>
			</trkpt>
			<trkpt lat="46.851955" lon="-121.760353">
				<ele>4386.240723</ele>
				<time>2026-06-15T14:18:03Z</time>
			</trkpt>
			<trkpt lat="46.851906" lon="-121.760361">
				<ele>4387.343262</ele>
				<time>2026-06-15T14:18:07Z</time>
			</trkpt>
			<trkpt lat="46.851879" lon="-121.760384">
				<ele>4387.658691</ele>
				<time>2026-06-15T14:18:10Z</time>
			</trkpt>
			<trkpt lat="46.851856" lon="-121.760391">
				<ele>4387.156738</ele>
				<time>2026-06-15T14:18:12Z</time>
			</trkpt>
			<trkpt lat="46.85183" lon="-121.760399">
				<ele>4387.06543</ele>
				<time>2026-06-15T14:18:14Z</time>
			</trkpt>
			<trkpt lat="46.85181" lon="-121.760406">
				<ele>4388.20459</ele>
				<time>2026-06-15T14:18:16Z</time>
			</trkpt>
			<trkpt lat="46.851749" lon="-121.760422">
				<ele>4389.126953</ele>
				<time>2026-06-15T14:18:22Z</time>
			</trkpt>
			<trkpt lat="46.85173" lon="-121.760406">
				<ele>4389.734375</ele>
				<time>2026-06-15T14:18:24Z</time>
			</trkpt>
			<trkpt lat="46.851711" lon="-121.760391">
				<ele>4389.283691</ele>
				<time>2026-06-15T14:18:26Z</time>
			</trkpt>
			<trkpt lat="46.851688" lon="-121.760384">
				<ele>4389.21582</ele>
				<time>2026-06-15T14:18:28Z</time>
			</trkpt>
			<trkpt lat="46.851669" lon="-121.760384">
				<ele>4390.037109</ele>
				<time>2026-06-15T14:18:30Z</time>
			</trkpt>
			<trkpt lat="46.85165" lon="-121.760376">
				<ele>4389.430664</ele>
				<time>2026-06-15T14:18:33Z</time>
			</trkpt>
			<trkpt lat="46.851631" lon="-121.760368">
				<ele>4389.889648</ele>
				<time>2026-06-15T14:18:36Z</time>
			</trkpt>
			<trkpt lat="46.85165" lon="-121.760384">
				<ele>4389.105469</ele>
				<time>2026-06-15T14:21:02Z</time>
			</trkpt>
			<trkpt lat="46.851677" lon="-121.760384">
				<ele>4388.811035</ele>
				<time>2026-06-15T14:21:06Z</time>
			</trkpt>
			<trkpt lat="46.851696" lon="-121.760399">
				<ele>4389.369141</ele>
				<time>2026-06-15T14:21:09Z</time>
			</trkpt>
			<trkpt lat="46.851719" lon="-121.760391">
				<ele>4389.0625</ele>
				<time>2026-06-15T14:21:11Z</time>
			</trkpt>
			<trkpt lat="46.851746" lon="-121.760399">
				<ele>4389.644043</ele>
				<time>2026-06-15T14:21:14Z</time>
			</trkpt>
			<trkpt lat="46.851784" lon="-121.760406">
				<ele>4389.110352</ele>
				<time>2026-06-15T14:21:19Z</time>
			</trkpt>
			<trkpt lat="46.851807" lon="-121.760399">
				<ele>4389.646484</ele>
				<time>2026-06-15T14:21:21Z</time>
			</trkpt>
			<trkpt lat="46.851826" lon="-121.760399">
				<ele>4388.036133</ele>
				<time>2026-06-15T14:21:24Z</time>
			</trkpt>
			<trkpt lat="46.851875" lon="-121.760391">
				<ele>4386.792969</ele>
				<time>2026-06-15T14:21:28Z</time>
			</trkpt>
			<trkpt lat="46.851894" lon="-121.760384">
				<ele>4386.739746</ele>
				<time>2026-06-15T14:21:30Z</time>
			</trkpt>
			<trkpt lat="46.851921" lon="-121.760376">
				<ele>4387.363281</ele>
				<time>2026-06-15T14:21:32Z</time>
			</trkpt>
			<trkpt lat="46.851963" lon="-121.760353">
				<ele>4386.522461</ele>
				<time>2026-06-15T14:21:36Z</time>
			</trkpt>
			<trkpt lat="46.85199" lon="-121.760353">
				<ele>4387.089355</ele>
				<time>2026-06-15T14:21:39Z</time>
			</trkpt>
			<trkpt lat="46.852013" lon="-121.76033">
				<ele>4387.027344</ele>
				<time>2026-06-15T14:21:43Z</time>
			</trkpt>
			<trkpt lat="46.852062" lon="-121.760338">
				<ele>4386.133301</ele>
				<time>2026-06-15T14:21:48Z</time>
			</trkpt>
			<trkpt lat="46.852081" lon="-121.760345">
				<ele>4386.377441</ele>
				<time>2026-06-15T14:21:51Z</time>
			</trkpt>
			<trkpt lat="46.852104" lon="-121.760345">
				<ele>4384.743652</ele>
				<time>2026-06-15T14:22:09Z</time>
			</trkpt>
			<trkpt lat="46.852188" lon="-121.760338">
				<ele>4383.756836</ele>
				<time>2026-06-15T14:22:17Z</time>
			</trkpt>
			<trkpt lat="46.852234" lon="-121.76033">
				<ele>4384.584961</ele>
				<time>2026-06-15T14:22:23Z</time>
			</trkpt>
			<trkpt lat="46.852253" lon="-121.760323">
				<ele>4384.251953</ele>
				<time>2026-06-15T14:22:26Z</time>
			</trkpt>
			<trkpt lat="46.852337" lon="-121.760284">
				<ele>4387.023926</ele>
				<time>2026-06-15T14:22:40Z</time>
			</trkpt>
			<trkpt lat="46.852356" lon="-121.7603">
				<ele>4386.858887</ele>
				<time>2026-06-15T14:22:42Z</time>
			</trkpt>
			<trkpt lat="46.85239" lon="-121.760323">
				<ele>4384.983398</ele>
				<time>2026-06-15T14:22:49Z</time>
			</trkpt>
			<trkpt lat="46.852417" lon="-121.760323">
				<ele>4384.962402</ele>
				<time>2026-06-15T14:22:51Z</time>
			</trkpt>
			<trkpt lat="46.852432" lon="-121.760315">
				<ele>4384.695313</ele>
				<time>2026-06-15T14:22:52Z</time>
			</trkpt>
			<trkpt lat="46.852482" lon="-121.7603">
				<ele>4386.313477</ele>
				<time>2026-06-15T14:22:57Z</time>
			</trkpt>
			<trkpt lat="46.852509" lon="-121.760315">
				<ele>4385.499023</ele>
				<time>2026-06-15T14:23:02Z</time>
			</trkpt>
			<trkpt lat="46.852524" lon="-121.76033">
				<ele>4385.658203</ele>
				<time>2026-06-15T14:23:05Z</time>
			</trkpt>
			<trkpt lat="46.852543" lon="-121.76033">
				<ele>4384.740723</ele>
				<time>2026-06-15T14:23:09Z</time>
			</trkpt>
			<trkpt lat="46.852592" lon="-121.760323">
				<ele>4386.070801</ele>
				<time>2026-06-15T14:23:15Z</time>
			</trkpt>
			<trkpt lat="46.852634" lon="-121.76033">
				<ele>4385.69873</ele>
				<time>2026-06-15T14:23:21Z</time>
			</trkpt>
			<trkpt lat="46.852654" lon="-121.760323">
				<ele>4386.240234</ele>
				<time>2026-06-15T14:23:23Z</time>
			</trkpt>
			<trkpt lat="46.852707" lon="-121.760315">
				<ele>4386.538574</ele>
				<time>2026-06-15T14:23:29Z</time>
			</trkpt>
			<trkpt lat="46.852753" lon="-121.7603">
				<ele>4385.960449</ele>
				<time>2026-06-15T14:23:35Z</time>
			</trkpt>
			<trkpt lat="46.852776" lon="-121.760292">
				<ele>4386.145996</ele>
				<time>2026-06-15T14:23:38Z</time>
			</trkpt>
			<trkpt lat="46.852795" lon="-121.760284">
				<ele>4385.724609</ele>
				<time>2026-06-15T14:23:41Z</time>
			</trkpt>
			<trkpt lat="46.852814" lon="-121.760269">
				<ele>4386.06543</ele>
				<time>2026-06-15T14:23:44Z</time>
			</trkpt>
			<trkpt lat="46.852833" lon="-121.760262">
				<ele>4385.489258</ele>
				<time>2026-06-15T14:23:47Z</time>
			</trkpt>
			<trkpt lat="46.852852" lon="-121.760262">
				<ele>4385.84668</ele>
				<time>2026-06-15T14:23:49Z</time>
			</trkpt>
			<trkpt lat="46.852898" lon="-121.760239">
				<ele>4386.067383</ele>
				<time>2026-06-15T14:23:55Z</time>
			</trkpt>
			<trkpt lat="46.852924" lon="-121.760223">
				<ele>4385.955566</ele>
				<time>2026-06-15T14:23:58Z</time>
			</trkpt>
			<trkpt lat="46.85294" lon="-121.760208">
				<ele>4386.333008</ele>
				<time>2026-06-15T14:24:00Z</time>
			</trkpt>
			<trkpt lat="46.852966" lon="-121.760185">
				<ele>4386.269531</ele>
				<time>2026-06-15T14:24:03Z</time>
			</trkpt>
			<trkpt lat="46.852982" lon="-121.760162">
				<ele>4386.265625</ele>
				<time>2026-06-15T14:24:07Z</time>
			</trkpt>
			<trkpt lat="46.853073" lon="-121.760109">
				<ele>4387.247559</ele>
				<time>2026-06-15T14:24:22Z</time>
			</trkpt>
			<trkpt lat="46.8531" lon="-121.760094">
				<ele>4386.70459</ele>
				<time>2026-06-15T14:24:25Z</time>
			</trkpt>
			<trkpt lat="46.853165" lon="-121.760048">
				<ele>4386.391113</ele>
				<time>2026-06-15T14:24:33Z</time>
			</trkpt>
			<trkpt lat="46.85318" lon="-121.760033">
				<ele>4387.166504</ele>
				<time>2026-06-15T14:24:35Z</time>
			</trkpt>
			<trkpt lat="46.853226" lon="-121.760002">
				<ele>4385.757813</ele>
				<time>2026-06-15T14:24:41Z</time>
			</trkpt>
			<trkpt lat="46.853275" lon="-121.759964">
				<ele>4387.037598</ele>
				<time>2026-06-15T14:24:46Z</time>
			</trkpt>
			<trkpt lat="46.85334" lon="-121.759911">
				<ele>4385.925293</ele>
				<time>2026-06-15T14:24:55Z</time>
			</trkpt>
			<trkpt lat="46.853401" lon="-121.759819">
				<ele>4384.990234</ele>
				<time>2026-06-15T14:25:07Z</time>
			</trkpt>
			<trkpt lat="46.853424" lon="-121.759796">
				<ele>4384.361328</ele>
				<time>2026-06-15T14:25:10Z</time>
			</trkpt>
			<trkpt lat="46.853436" lon="-121.759773">
				<ele>4384.364746</ele>
				<time>2026-06-15T14:25:13Z</time>
			</trkpt>
			<trkpt lat="46.853596" lon="-121.759659">
				<ele>4378.634277</ele>
				<time>2026-06-15T14:25:41Z</time>
			</trkpt>
			<trkpt lat="46.853642" lon="-121.759613">
				<ele>4377.979004</ele>
				<time>2026-06-15T14:25:47Z</time>
			</trkpt>
			<trkpt lat="46.853661" lon="-121.75959">
				<ele>4378.307129</ele>
				<time>2026-06-15T14:25:51Z</time>
			</trkpt>
			<trkpt lat="46.853683" lon="-121.75956">
				<ele>4376.262695</ele>
				<time>2026-06-15T14:25:55Z</time>
			</trkpt>
			<trkpt lat="46.853756" lon="-121.75946">
				<ele>4372.890625</ele>
				<time>2026-06-15T14:26:08Z</time>
			</trkpt>
			<trkpt lat="46.853779" lon="-121.759422">
				<ele>4372.645508</ele>
				<time>2026-06-15T14:26:12Z</time>
			</trkpt>
			<trkpt lat="46.853817" lon="-121.759331">
				<ele>4369.561523</ele>
				<time>2026-06-15T14:26:21Z</time>
			</trkpt>
			<trkpt lat="46.853836" lon="-121.75927">
				<ele>4369.233887</ele>
				<time>2026-06-15T14:26:25Z</time>
			</trkpt>
			<trkpt lat="46.853851" lon="-121.759254">
				<ele>4368.277832</ele>
				<time>2026-06-15T14:26:28Z</time>
			</trkpt>
			<trkpt lat="46.853851" lon="-121.759224">
				<ele>4367.716797</ele>
				<time>2026-06-15T14:26:31Z</time>
			</trkpt>
			<trkpt lat="46.853863" lon="-121.759201">
				<ele>4367.718262</ele>
				<time>2026-06-15T14:26:33Z</time>
			</trkpt>
			<trkpt lat="46.853886" lon="-121.759148">
				<ele>4366.196777</ele>
				<time>2026-06-15T14:26:39Z</time>
			</trkpt>
			<trkpt lat="46.853889" lon="-121.759117">
				<ele>4365.979492</ele>
				<time>2026-06-15T14:26:42Z</time>
			</trkpt>
			<trkpt lat="46.853905" lon="-121.759087">
				<ele>4364.663574</ele>
				<time>2026-06-15T14:26:45Z</time>
			</trkpt>
			<trkpt lat="46.853909" lon="-121.759064">
				<ele>4364.436035</ele>
				<time>2026-06-15T14:26:47Z</time>
			</trkpt>
			<trkpt lat="46.853916" lon="-121.759033">
				<ele>4364.737305</ele>
				<time>2026-06-15T14:26:49Z</time>
			</trkpt>
			<trkpt lat="46.853935" lon="-121.758873">
				<ele>4361.686523</ele>
				<time>2026-06-15T14:27:00Z</time>
			</trkpt>
			<trkpt lat="46.853951" lon="-121.758766">
				<ele>4360.945313</ele>
				<time>2026-06-15T14:27:09Z</time>
			</trkpt>
			<trkpt lat="46.853973" lon="-121.758606">
				<ele>4357.218262</ele>
				<time>2026-06-15T14:27:23Z</time>
			</trkpt>
			<trkpt lat="46.853981" lon="-121.758583">
				<ele>4355.963867</ele>
				<time>2026-06-15T14:27:26Z</time>
			</trkpt>
			<trkpt lat="46.853973" lon="-121.758553">
				<ele>4356.794434</ele>
				<time>2026-06-15T14:27:28Z</time>
			</trkpt>
			<trkpt lat="46.854004" lon="-121.758446">
				<ele>4353.725098</ele>
				<time>2026-06-15T14:27:41Z</time>
			</trkpt>
			<trkpt lat="46.854034" lon="-121.758354">
				<ele>4352.265625</ele>
				<time>2026-06-15T14:27:50Z</time>
			</trkpt>
			<trkpt lat="46.854065" lon="-121.758438">
				<ele>4350.580078</ele>
				<time>2026-06-15T14:28:13Z</time>
			</trkpt>
			<trkpt lat="46.85405" lon="-121.758408">
				<ele>4352.220215</ele>
				<time>2026-06-15T14:29:50Z</time>
			</trkpt>
			<trkpt lat="46.854042" lon="-121.758331">
				<ele>4350.663086</ele>
				<time>2026-06-15T14:32:43Z</time>
			</trkpt>
			<trkpt lat="46.854103" lon="-121.758232">
				<ele>4348.019043</ele>
				<time>2026-06-15T14:38:08Z</time>
			</trkpt>
			<trkpt lat="46.854179" lon="-121.758179">
				<ele>4344.223633</ele>
				<time>2026-06-15T14:38:40Z</time>
			</trkpt>
			<trkpt lat="46.854229" lon="-121.758171">
				<ele>4340.106934</ele>
				<time>2026-06-15T14:38:51Z</time>
			</trkpt>
			<trkpt lat="46.854259" lon="-121.758125">
				<ele>4338.82373</ele>
				<time>2026-06-15T14:38:59Z</time>
			</trkpt>
			<trkpt lat="46.854294" lon="-121.758118">
				<ele>4338.070313</ele>
				<time>2026-06-15T14:39:04Z</time>
			</trkpt>
			<trkpt lat="46.854351" lon="-121.758072">
				<ele>4332.867676</ele>
				<time>2026-06-15T14:39:19Z</time>
			</trkpt>
			<trkpt lat="46.854374" lon="-121.758049">
				<ele>4332.540039</ele>
				<time>2026-06-15T14:39:22Z</time>
			</trkpt>
			<trkpt lat="46.854397" lon="-121.758041">
				<ele>4330.95166</ele>
				<time>2026-06-15T14:39:27Z</time>
			</trkpt>
			<trkpt lat="46.854465" lon="-121.757965">
				<ele>4328.195313</ele>
				<time>2026-06-15T14:39:41Z</time>
			</trkpt>
			<trkpt lat="46.854485" lon="-121.75795">
				<ele>4326.855469</ele>
				<time>2026-06-15T14:39:45Z</time>
			</trkpt>
			<trkpt lat="46.854511" lon="-121.757896">
				<ele>4325.283203</ele>
				<time>2026-06-15T14:39:52Z</time>
			</trkpt>
			<trkpt lat="46.854546" lon="-121.757828">
				<ele>4325.143066</ele>
				<time>2026-06-15T14:42:30Z</time>
			</trkpt>
			<trkpt lat="46.85458" lon="-121.757782">
				<ele>4322.222656</ele>
				<time>2026-06-15T14:42:37Z</time>
			</trkpt>
			<trkpt lat="46.854595" lon="-121.757729">
				<ele>4321.5625</ele>
				<time>2026-06-15T14:42:42Z</time>
			</trkpt>
			<trkpt lat="46.854614" lon="-121.757668">
				<ele>4321.555664</ele>
				<time>2026-06-15T14:42:47Z</time>
			</trkpt>
			<trkpt lat="46.85466" lon="-121.757576">
				<ele>4318.072754</ele>
				<time>2026-06-15T14:42:59Z</time>
			</trkpt>
			<trkpt lat="46.85474" lon="-121.757523">
				<ele>4314.202637</ele>
				<time>2026-06-15T14:43:21Z</time>
			</trkpt>
			<trkpt lat="46.854767" lon="-121.757462">
				<ele>4313.180176</ele>
				<time>2026-06-15T14:43:33Z</time>
			</trkpt>
			<trkpt lat="46.854759" lon="-121.757393">
				<ele>4311.580078</ele>
				<time>2026-06-15T14:43:40Z</time>
			</trkpt>
			<trkpt lat="46.854759" lon="-121.757355">
				<ele>4311.262695</ele>
				<time>2026-06-15T14:43:43Z</time>
			</trkpt>
			<trkpt lat="46.854771" lon="-121.757324">
				<ele>4309.914551</ele>
				<time>2026-06-15T14:43:47Z</time>
			</trkpt>
			<trkpt lat="46.854816" lon="-121.75724">
				<ele>4308.396973</ele>
				<time>2026-06-15T14:43:57Z</time>
			</trkpt>
			<trkpt lat="46.854832" lon="-121.75721">
				<ele>4306.361816</ele>
				<time>2026-06-15T14:44:01Z</time>
			</trkpt>
			<trkpt lat="46.854839" lon="-121.757179">
				<ele>4306.505371</ele>
				<time>2026-06-15T14:44:04Z</time>
			</trkpt>
			<trkpt lat="46.85487" lon="-121.757126">
				<ele>4304.050293</ele>
				<time>2026-06-15T14:44:12Z</time>
			</trkpt>
			<trkpt lat="46.8549" lon="-121.757133">
				<ele>4303.281738</ele>
				<time>2026-06-15T14:44:16Z</time>
			</trkpt>
			<trkpt lat="46.854923" lon="-121.757111">
				<ele>4301.435547</ele>
				<time>2026-06-15T14:44:22Z</time>
			</trkpt>
			<trkpt lat="46.854942" lon="-121.75705">
				<ele>4300.535645</ele>
				<time>2026-06-15T14:44:30Z</time>
			</trkpt>
			<trkpt lat="46.854984" lon="-121.756897">
				<ele>4294.807129</ele>
				<time>2026-06-15T14:44:55Z</time>
			</trkpt>
			<trkpt lat="46.855011" lon="-121.75679">
				<ele>4291.633301</ele>
				<time>2026-06-15T14:45:08Z</time>
			</trkpt>
			<trkpt lat="46.855015" lon="-121.75676">
				<ele>4291.527832</ele>
				<time>2026-06-15T14:45:11Z</time>
			</trkpt>
			<trkpt lat="46.855061" lon="-121.756615">
				<ele>4286.194336</ele>
				<time>2026-06-15T14:45:32Z</time>
			</trkpt>
			<trkpt lat="46.855068" lon="-121.756577">
				<ele>4285.666504</ele>
				<time>2026-06-15T14:45:36Z</time>
			</trkpt>
			<trkpt lat="46.855148" lon="-121.756447">
				<ele>4279.552246</ele>
				<time>2026-06-15T14:46:02Z</time>
			</trkpt>
			<trkpt lat="46.855183" lon="-121.756378">
				<ele>4278.549805</ele>
				<time>2026-06-15T14:46:11Z</time>
			</trkpt>
			<trkpt lat="46.855247" lon="-121.756287">
				<ele>4274.662109</ele>
				<time>2026-06-15T14:46:43Z</time>
			</trkpt>
			<trkpt lat="46.855267" lon="-121.756248">
				<ele>4274.376465</ele>
				<time>2026-06-15T14:46:57Z</time>
			</trkpt>
			<trkpt lat="46.855278" lon="-121.756187">
				<ele>4270.812988</ele>
				<time>2026-06-15T14:47:17Z</time>
			</trkpt>
			<trkpt lat="46.855305" lon="-121.756149">
				<ele>4270.657227</ele>
				<time>2026-06-15T14:47:24Z</time>
			</trkpt>
			<trkpt lat="46.855343" lon="-121.756081">
				<ele>4265.769531</ele>
				<time>2026-06-15T14:47:41Z</time>
			</trkpt>
			<trkpt lat="46.855431" lon="-121.755936">
				<ele>4260.354004</ele>
				<time>2026-06-15T14:48:13Z</time>
			</trkpt>
			<trkpt lat="46.855446" lon="-121.75592">
				<ele>4258.473145</ele>
				<time>2026-06-15T14:48:20Z</time>
			</trkpt>
			<trkpt lat="46.855461" lon="-121.755898">
				<ele>4258.526855</ele>
				<time>2026-06-15T14:48:26Z</time>
			</trkpt>
			<trkpt lat="46.85548" lon="-121.755844">
				<ele>4255.48877</ele>
				<time>2026-06-15T14:48:38Z</time>
			</trkpt>
			<trkpt lat="46.85548" lon="-121.755814">
				<ele>4255.993164</ele>
				<time>2026-06-15T14:48:42Z</time>
			</trkpt>
			<trkpt lat="46.855499" lon="-121.755783">
				<ele>4254.724121</ele>
				<time>2026-06-15T14:48:49Z</time>
			</trkpt>
			<trkpt lat="46.855507" lon="-121.755753">
				<ele>4254.490723</ele>
				<time>2026-06-15T14:48:55Z</time>
			</trkpt>
			<trkpt lat="46.85556" lon="-121.755684">
				<ele>4248.371094</ele>
				<time>2026-06-15T14:49:18Z</time>
			</trkpt>
			<trkpt lat="46.855579" lon="-121.755638">
				<ele>4247.818359</ele>
				<time>2026-06-15T14:49:26Z</time>
			</trkpt>
			<trkpt lat="46.855644" lon="-121.755516">
				<ele>4238.86084</ele>
				<time>2026-06-15T14:50:00Z</time>
			</trkpt>
			<trkpt lat="46.855679" lon="-121.75547">
				<ele>4237.351563</ele>
				<time>2026-06-15T14:50:11Z</time>
			</trkpt>
			<trkpt lat="46.855705" lon="-121.755432">
				<ele>4234.862305</ele>
				<time>2026-06-15T14:50:22Z</time>
			</trkpt>
			<trkpt lat="46.855766" lon="-121.755234">
				<ele>4226.665527</ele>
				<time>2026-06-15T14:54:56Z</time>
			</trkpt>
			<trkpt lat="46.855774" lon="-121.755157">
				<ele>4225.621094</ele>
				<time>2026-06-15T14:55:17Z</time>
			</trkpt>
			<trkpt lat="46.855839" lon="-121.755142">
				<ele>4220.830566</ele>
				<time>2026-06-15T14:56:00Z</time>
			</trkpt>
			<trkpt lat="46.855896" lon="-121.755173">
				<ele>4218.624023</ele>
				<time>2026-06-15T14:56:27Z</time>
			</trkpt>
			<trkpt lat="46.85611" lon="-121.755241">
				<ele>4204.749512</ele>
				<time>2026-06-15T14:59:26Z</time>
			</trkpt>
			<trkpt lat="46.856133" lon="-121.755241">
				<ele>4201.186523</ele>
				<time>2026-06-15T14:59:41Z</time>
			</trkpt>
			<trkpt lat="46.856239" lon="-121.75528">
				<ele>4195.617188</ele>
				<time>2026-06-15T15:00:27Z</time>
			</trkpt>
			<trkpt lat="46.8563" lon="-121.755348">
				<ele>4190.32666</ele>
				<time>2026-06-15T15:00:57Z</time>
			</trkpt>
			<trkpt lat="46.856373" lon="-121.755371">
				<ele>4186.647461</ele>
				<time>2026-06-15T15:01:38Z</time>
			</trkpt>
			<trkpt lat="46.856445" lon="-121.755234">
				<ele>4178.274902</ele>
				<time>2026-06-15T15:02:58Z</time>
			</trkpt>
			<trkpt lat="46.856499" lon="-121.754951">
				<ele>4169.725586</ele>
				<time>2026-06-15T15:04:19Z</time>
			</trkpt>
			<trkpt lat="46.856552" lon="-121.754723">
				<ele>4159.250488</ele>
				<time>2026-06-15T15:05:24Z</time>
			</trkpt>
			<trkpt lat="46.856571" lon="-121.754517">
				<ele>4153.745605</ele>
				<time>2026-06-15T15:06:15Z</time>
			</trkpt>
			<trkpt lat="46.856571" lon="-121.754387">
				<ele>4149.298828</ele>
				<time>2026-06-15T15:06:46Z</time>
			</trkpt>
			<trkpt lat="46.856586" lon="-121.754349">
				<ele>4148.890137</ele>
				<time>2026-06-15T15:07:00Z</time>
			</trkpt>
			<trkpt lat="46.856602" lon="-121.754272">
				<ele>4144.715332</ele>
				<time>2026-06-15T15:07:38Z</time>
			</trkpt>
			<trkpt lat="46.856697" lon="-121.754288">
				<ele>4138.79834</ele>
				<time>2026-06-15T15:08:48Z</time>
			</trkpt>
			<trkpt lat="46.856728" lon="-121.754288">
				<ele>4138.553223</ele>
				<time>2026-06-15T15:09:01Z</time>
			</trkpt>
			<trkpt lat="46.856831" lon="-121.754318">
				<ele>4131.221191</ele>
				<time>2026-06-15T15:09:44Z</time>
			</trkpt>
			<trkpt lat="46.856873" lon="-121.754349">
				<ele>4126.618652</ele>
				<time>2026-06-15T15:10:01Z</time>
			</trkpt>
			<trkpt lat="46.856895" lon="-121.754349">
				<ele>4127.156738</ele>
				<time>2026-06-15T15:10:08Z</time>
			</trkpt>
			<trkpt lat="46.856911" lon="-121.754372">
				<ele>4124.54248</ele>
				<time>2026-06-15T15:10:18Z</time>
			</trkpt>
			<trkpt lat="46.857059" lon="-121.754425">
				<ele>4116.180664</ele>
				<time>2026-06-15T15:11:19Z</time>
			</trkpt>
			<trkpt lat="46.857178" lon="-121.754501">
				<ele>4106.291504</ele>
				<time>2026-06-15T15:12:17Z</time>
			</trkpt>
			<trkpt lat="46.857224" lon="-121.754524">
				<ele>4105.460938</ele>
				<time>2026-06-15T15:12:31Z</time>
			</trkpt>
			<trkpt lat="46.857262" lon="-121.75457">
				<ele>4100.769531</ele>
				<time>2026-06-15T15:12:50Z</time>
			</trkpt>
			<trkpt lat="46.857296" lon="-121.754601">
				<ele>4102.449219</ele>
				<time>2026-06-15T15:12:59Z</time>
			</trkpt>
			<trkpt lat="46.857323" lon="-121.754654">
				<ele>4101.469238</ele>
				<time>2026-06-15T15:13:04Z</time>
			</trkpt>
			<trkpt lat="46.857292" lon="-121.754723">
				<ele>4100.751953</ele>
				<time>2026-06-15T15:13:27Z</time>
			</trkpt>
			<trkpt lat="46.857296" lon="-121.754814">
				<ele>4101.347656</ele>
				<time>2026-06-15T15:13:46Z</time>
			</trkpt>
			<trkpt lat="46.85733" lon="-121.754868">
				<ele>4099.529785</ele>
				<time>2026-06-15T15:14:07Z</time>
			</trkpt>
			<trkpt lat="46.857384" lon="-121.754913">
				<ele>4095.077148</ele>
				<time>2026-06-15T15:14:43Z</time>
			</trkpt>
			<trkpt lat="46.857494" lon="-121.754677">
				<ele>4082.541992</ele>
				<time>2026-06-15T15:17:10Z</time>
			</trkpt>
			<trkpt lat="46.85754" lon="-121.754623">
				<ele>4080.261475</ele>
				<time>2026-06-15T15:17:32Z</time>
			</trkpt>
			<trkpt lat="46.857552" lon="-121.75457">
				<ele>4079.345703</ele>
				<time>2026-06-15T15:17:46Z</time>
			</trkpt>
			<trkpt lat="46.857571" lon="-121.754501">
				<ele>4076.59668</ele>
				<time>2026-06-15T15:18:13Z</time>
			</trkpt>
			<trkpt lat="46.857651" lon="-121.754288">
				<ele>4065.163574</ele>
				<time>2026-06-15T15:19:24Z</time>
			</trkpt>
			<trkpt lat="46.857681" lon="-121.754181">
				<ele>4064.200195</ele>
				<time>2026-06-15T15:19:49Z</time>
			</trkpt>
			<trkpt lat="46.857708" lon="-121.754135">
				<ele>4059.586182</ele>
				<time>2026-06-15T15:20:08Z</time>
			</trkpt>
			<trkpt lat="46.857735" lon="-121.754059">
				<ele>4057.314697</ele>
				<time>2026-06-15T15:20:29Z</time>
			</trkpt>
			<trkpt lat="46.85775" lon="-121.75399">
				<ele>4053.174316</ele>
				<time>2026-06-15T15:20:47Z</time>
			</trkpt>
			<trkpt lat="46.857769" lon="-121.753929">
				<ele>4051.486572</ele>
				<time>2026-06-15T15:21:05Z</time>
			</trkpt>
			<trkpt lat="46.857788" lon="-121.753883">
				<ele>4051.155762</ele>
				<time>2026-06-15T15:21:18Z</time>
			</trkpt>
			<trkpt lat="46.857822" lon="-121.753807">
				<ele>4047.556396</ele>
				<time>2026-06-15T15:21:42Z</time>
			</trkpt>
			<trkpt lat="46.857834" lon="-121.753761">
				<ele>4047.025391</ele>
				<time>2026-06-15T15:21:51Z</time>
			</trkpt>
			<trkpt lat="46.857876" lon="-121.753647">
				<ele>4043.258057</ele>
				<time>2026-06-15T15:22:20Z</time>
			</trkpt>
			<trkpt lat="46.857914" lon="-121.753525">
				<ele>4034.387451</ele>
				<time>2026-06-15T15:23:03Z</time>
			</trkpt>
			<trkpt lat="46.857922" lon="-121.753479">
				<ele>4034.193115</ele>
				<time>2026-06-15T15:23:12Z</time>
			</trkpt>
			<trkpt lat="46.857956" lon="-121.753418">
				<ele>4030.72998</ele>
				<time>2026-06-15T15:23:44Z</time>
			</trkpt>
			<trkpt lat="46.858013" lon="-121.753395">
				<ele>4024.608887</ele>
				<time>2026-06-15T15:24:34Z</time>
			</trkpt>
			<trkpt lat="46.858086" lon="-121.753433">
				<ele>4020.860596</ele>
				<time>2026-06-15T15:24:59Z</time>
			</trkpt>
			<trkpt lat="46.858143" lon="-121.753464">
				<ele>4019.707275</ele>
				<time>2026-06-15T15:25:16Z</time>
			</trkpt>
			<trkpt lat="46.858215" lon="-121.753502">
				<ele>4017.006836</ele>
				<time>2026-06-15T15:25:42Z</time>
			</trkpt>
			<trkpt lat="46.858353" lon="-121.753571">
				<ele>4006.997803</ele>
				<time>2026-06-15T15:26:38Z</time>
			</trkpt>
			<trkpt lat="46.858383" lon="-121.753578">
				<ele>4005.688477</ele>
				<time>2026-06-15T15:26:46Z</time>
			</trkpt>
			<trkpt lat="46.858425" lon="-121.753578">
				<ele>4005.507813</ele>
				<time>2026-06-15T15:26:54Z</time>
			</trkpt>
			<trkpt lat="46.858536" lon="-121.753632">
				<ele>3999.856934</ele>
				<time>2026-06-15T15:27:38Z</time>
			</trkpt>
			<trkpt lat="46.858585" lon="-121.753563">
				<ele>3993.138916</ele>
				<time>2026-06-15T15:28:26Z</time>
			</trkpt>
			<trkpt lat="46.85865" lon="-121.753471">
				<ele>3990.350342</ele>
				<time>2026-06-15T15:30:32Z</time>
			</trkpt>
			<trkpt lat="46.858681" lon="-121.753334">
				<ele>3984.649414</ele>
				<time>2026-06-15T15:37:28Z</time>
			</trkpt>
			<trkpt lat="46.858688" lon="-121.75309">
				<ele>3980.353271</ele>
				<time>2026-06-15T15:47:19Z</time>
			</trkpt>
			<trkpt lat="46.858692" lon="-121.753021">
				<ele>3977.262207</ele>
				<time>2026-06-15T15:47:33Z</time>
			</trkpt>
			<trkpt lat="46.858715" lon="-121.752892">
				<ele>3973.997559</ele>
				<time>2026-06-15T15:48:01Z</time>
			</trkpt>
			<trkpt lat="46.858719" lon="-121.752831">
				<ele>3970.618408</ele>
				<time>2026-06-15T15:48:13Z</time>
			</trkpt>
			<trkpt lat="46.858727" lon="-121.752739">
				<ele>3968.416992</ele>
				<time>2026-06-15T15:48:39Z</time>
			</trkpt>
			<trkpt lat="46.858738" lon="-121.752708">
				<ele>3966.703613</ele>
				<time>2026-06-15T15:48:50Z</time>
			</trkpt>
			<trkpt lat="46.85886" lon="-121.752747">
				<ele>3962.883301</ele>
				<time>2026-06-15T15:49:36Z</time>
			</trkpt>
			<trkpt lat="46.858902" lon="-121.752762">
				<ele>3959.696289</ele>
				<time>2026-06-15T15:49:50Z</time>
			</trkpt>
			<trkpt lat="46.858997" lon="-121.752785">
				<ele>3955.487549</ele>
				<time>2026-06-15T15:50:24Z</time>
			</trkpt>
			<trkpt lat="46.859158" lon="-121.752808">
				<ele>3944.278809</ele>
				<time>2026-06-15T15:51:25Z</time>
			</trkpt>
			<trkpt lat="46.859219" lon="-121.752846">
				<ele>3939.884521</ele>
				<time>2026-06-15T15:51:57Z</time>
			</trkpt>
			<trkpt lat="46.85923" lon="-121.752716">
				<ele>3935.464111</ele>
				<time>2026-06-15T15:52:32Z</time>
			</trkpt>
			<trkpt lat="46.859283" lon="-121.752594">
				<ele>3931.845459</ele>
				<time>2026-06-15T15:53:02Z</time>
			</trkpt>
			<trkpt lat="46.85931" lon="-121.75251">
				<ele>3928.653076</ele>
				<time>2026-06-15T15:53:27Z</time>
			</trkpt>
			<trkpt lat="46.859314" lon="-121.752472">
				<ele>3928.82251</ele>
				<time>2026-06-15T15:53:33Z</time>
			</trkpt>
			<trkpt lat="46.859333" lon="-121.752411">
				<ele>3925.368164</ele>
				<time>2026-06-15T15:53:55Z</time>
			</trkpt>
			<trkpt lat="46.859367" lon="-121.752357">
				<ele>3923.687256</ele>
				<time>2026-06-15T15:54:10Z</time>
			</trkpt>
			<trkpt lat="46.859394" lon="-121.752266">
				<ele>3918.347168</ele>
				<time>2026-06-15T15:54:29Z</time>
			</trkpt>
			<trkpt lat="46.859409" lon="-121.75219">
				<ele>3916.993164</ele>
				<time>2026-06-15T15:54:42Z</time>
			</trkpt>
			<trkpt lat="46.859417" lon="-121.752159">
				<ele>3914.327148</ele>
				<time>2026-06-15T15:54:52Z</time>
			</trkpt>
			<trkpt lat="46.859463" lon="-121.751999">
				<ele>3909.13916</ele>
				<time>2026-06-15T15:55:32Z</time>
			</trkpt>
			<trkpt lat="46.859505" lon="-121.751884">
				<ele>3903.596924</ele>
				<time>2026-06-15T15:55:58Z</time>
			</trkpt>
			<trkpt lat="46.859524" lon="-121.751778">
				<ele>3900.161377</ele>
				<time>2026-06-15T15:56:24Z</time>
			</trkpt>
			<trkpt lat="46.859535" lon="-121.751747">
				<ele>3900.269531</ele>
				<time>2026-06-15T15:56:30Z</time>
			</trkpt>
			<trkpt lat="46.859554" lon="-121.751663">
				<ele>3896.868164</ele>
				<time>2026-06-15T15:56:44Z</time>
			</trkpt>
			<trkpt lat="46.859554" lon="-121.751625">
				<ele>3897.484131</ele>
				<time>2026-06-15T15:56:50Z</time>
			</trkpt>
			<trkpt lat="46.859562" lon="-121.751595">
				<ele>3896.126221</ele>
				<time>2026-06-15T15:57:00Z</time>
			</trkpt>
			<trkpt lat="46.859539" lon="-121.751427">
				<ele>3890.373535</ele>
				<time>2026-06-15T16:04:23Z</time>
			</trkpt>
			<trkpt lat="46.859501" lon="-121.751251">
				<ele>3887.246582</ele>
				<time>2026-06-15T16:04:53Z</time>
			</trkpt>
			<trkpt lat="46.859489" lon="-121.751114">
				<ele>3882.84375</ele>
				<time>2026-06-15T16:05:21Z</time>
			</trkpt>
			<trkpt lat="46.859493" lon="-121.751076">
				<ele>3882.882568</ele>
				<time>2026-06-15T16:05:28Z</time>
			</trkpt>
			<trkpt lat="46.859493" lon="-121.750977">
				<ele>3878.177979</ele>
				<time>2026-06-15T16:05:56Z</time>
			</trkpt>
			<trkpt lat="46.859516" lon="-121.750961">
				<ele>3877.582764</ele>
				<time>2026-06-15T16:06:12Z</time>
			</trkpt>
			<trkpt lat="46.859566" lon="-121.750946">
				<ele>3876.841309</ele>
				<time>2026-06-15T16:06:24Z</time>
			</trkpt>
			<trkpt lat="46.859684" lon="-121.750931">
				<ele>3868.385742</ele>
				<time>2026-06-15T16:07:04Z</time>
			</trkpt>
			<trkpt lat="46.859707" lon="-121.750946">
				<ele>3868.432129</ele>
				<time>2026-06-15T16:07:11Z</time>
			</trkpt>
			<trkpt lat="46.859802" lon="-121.750977">
				<ele>3865.121094</ele>
				<time>2026-06-15T16:07:37Z</time>
			</trkpt>
			<trkpt lat="46.859901" lon="-121.750999">
				<ele>3858.678467</ele>
				<time>2026-06-15T16:08:15Z</time>
			</trkpt>
			<trkpt lat="46.859951" lon="-121.750893">
				<ele>3853.28418</ele>
				<time>2026-06-15T16:08:49Z</time>
			</trkpt>
			<trkpt lat="46.860043" lon="-121.750847">
				<ele>3846.022461</ele>
				<time>2026-06-15T16:09:21Z</time>
			</trkpt>
			<trkpt lat="46.860073" lon="-121.750832">
				<ele>3846.563721</ele>
				<time>2026-06-15T16:09:29Z</time>
			</trkpt>
			<trkpt lat="46.860149" lon="-121.750832">
				<ele>3841.042969</ele>
				<time>2026-06-15T16:09:55Z</time>
			</trkpt>
			<trkpt lat="46.860252" lon="-121.750839">
				<ele>3835.391602</ele>
				<time>2026-06-15T16:10:27Z</time>
			</trkpt>
			<trkpt lat="46.860298" lon="-121.750847">
				<ele>3834.137695</ele>
				<time>2026-06-15T16:10:37Z</time>
			</trkpt>
			<trkpt lat="46.860325" lon="-121.750854">
				<ele>3831.455078</ele>
				<time>2026-06-15T16:10:46Z</time>
			</trkpt>
			<trkpt lat="46.860374" lon="-121.750862">
				<ele>3830.098633</ele>
				<time>2026-06-15T16:10:58Z</time>
			</trkpt>
			<trkpt lat="46.860443" lon="-121.750908">
				<ele>3825.473389</ele>
				<time>2026-06-15T16:11:19Z</time>
			</trkpt>
			<trkpt lat="46.860504" lon="-121.750908">
				<ele>3823.790283</ele>
				<time>2026-06-15T16:11:33Z</time>
			</trkpt>
			<trkpt lat="46.860527" lon="-121.750923">
				<ele>3820.586914</ele>
				<time>2026-06-15T16:11:42Z</time>
			</trkpt>
			<trkpt lat="46.860657" lon="-121.750931">
				<ele>3813.140869</ele>
				<time>2026-06-15T16:12:20Z</time>
			</trkpt>
			<trkpt lat="46.860664" lon="-121.750847">
				<ele>3809.440918</ele>
				<time>2026-06-15T16:12:50Z</time>
			</trkpt>
			<trkpt lat="46.860676" lon="-121.750809">
				<ele>3808.874756</ele>
				<time>2026-06-15T16:12:59Z</time>
			</trkpt>
			<trkpt lat="46.860695" lon="-121.750732">
				<ele>3804.185303</ele>
				<time>2026-06-15T16:13:17Z</time>
			</trkpt>
			<trkpt lat="46.860699" lon="-121.750694">
				<ele>3804.099854</ele>
				<time>2026-06-15T16:13:25Z</time>
			</trkpt>
			<trkpt lat="46.860725" lon="-121.750595">
				<ele>3800.965332</ele>
				<time>2026-06-15T16:13:48Z</time>
			</trkpt>
			<trkpt lat="46.860741" lon="-121.750534">
				<ele>3796.745361</ele>
				<time>2026-06-15T16:14:02Z</time>
			</trkpt>
			<trkpt lat="46.860771" lon="-121.750374">
				<ele>3790.498779</ele>
				<time>2026-06-15T16:14:43Z</time>
			</trkpt>
			<trkpt lat="46.860817" lon="-121.750313">
				<ele>3785.637939</ele>
				<time>2026-06-15T16:15:12Z</time>
			</trkpt>
			<trkpt lat="46.860977" lon="-121.750305">
				<ele>3777.310547</ele>
				<time>2026-06-15T16:15:59Z</time>
			</trkpt>
			<trkpt lat="46.861019" lon="-121.75032">
				<ele>3776.584473</ele>
				<time>2026-06-15T16:16:09Z</time>
			</trkpt>
			<trkpt lat="46.86105" lon="-121.750343">
				<ele>3772.714355</ele>
				<time>2026-06-15T16:16:21Z</time>
			</trkpt>
			<trkpt lat="46.861069" lon="-121.750313">
				<ele>3771.376465</ele>
				<time>2026-06-15T16:16:41Z</time>
			</trkpt>
			<trkpt lat="46.861084" lon="-121.750244">
				<ele>3766.961914</ele>
				<time>2026-06-15T16:16:57Z</time>
			</trkpt>
			<trkpt lat="46.861088" lon="-121.750206">
				<ele>3767.247559</ele>
				<time>2026-06-15T16:17:04Z</time>
			</trkpt>
			<trkpt lat="46.861107" lon="-121.750175">
				<ele>3764.673584</ele>
				<time>2026-06-15T16:17:11Z</time>
			</trkpt>
			<trkpt lat="46.861137" lon="-121.750114">
				<ele>3763.318604</ele>
				<time>2026-06-15T16:17:28Z</time>
			</trkpt>
			<trkpt lat="46.861149" lon="-121.750084">
				<ele>3760.762695</ele>
				<time>2026-06-15T16:17:37Z</time>
			</trkpt>
			<trkpt lat="46.861168" lon="-121.749947">
				<ele>3757.215576</ele>
				<time>2026-06-15T16:18:03Z</time>
			</trkpt>
			<trkpt lat="46.861195" lon="-121.749863">
				<ele>3751.169434</ele>
				<time>2026-06-15T16:18:25Z</time>
			</trkpt>
			<trkpt lat="46.861195" lon="-121.749756">
				<ele>3748.388184</ele>
				<time>2026-06-15T16:18:48Z</time>
			</trkpt>
			<trkpt lat="46.861198" lon="-121.74971">
				<ele>3747.831299</ele>
				<time>2026-06-15T16:18:55Z</time>
			</trkpt>
			<trkpt lat="46.861191" lon="-121.749626">
				<ele>3744.115723</ele>
				<time>2026-06-15T16:19:09Z</time>
			</trkpt>
			<trkpt lat="46.861168" lon="-121.749557">
				<ele>3743.846924</ele>
				<time>2026-06-15T16:19:17Z</time>
			</trkpt>
			<trkpt lat="46.861145" lon="-121.74955">
				<ele>3742.943848</ele>
				<time>2026-06-15T16:19:26Z</time>
			</trkpt>
			<trkpt lat="46.861099" lon="-121.749512">
				<ele>3743.903809</ele>
				<time>2026-06-15T16:19:45Z</time>
			</trkpt>
			<trkpt lat="46.861057" lon="-121.749451">
				<ele>3743.291504</ele>
				<time>2026-06-15T16:19:55Z</time>
			</trkpt>
			<trkpt lat="46.861034" lon="-121.749405">
				<ele>3745.862549</ele>
				<time>2026-06-15T16:20:05Z</time>
			</trkpt>
			<trkpt lat="46.860992" lon="-121.749336">
				<ele>3746.927979</ele>
				<time>2026-06-15T16:20:23Z</time>
			</trkpt>
			<trkpt lat="46.860954" lon="-121.74929">
				<ele>3745.975342</ele>
				<time>2026-06-15T16:20:33Z</time>
			</trkpt>
			<trkpt lat="46.860924" lon="-121.749252">
				<ele>3745.764404</ele>
				<time>2026-06-15T16:20:40Z</time>
			</trkpt>
			<trkpt lat="46.860893" lon="-121.749207">
				<ele>3746.748047</ele>
				<time>2026-06-15T16:20:49Z</time>
			</trkpt>
			<trkpt lat="46.860867" lon="-121.749138">
				<ele>3747.371582</ele>
				<time>2026-06-15T16:20:59Z</time>
			</trkpt>
			<trkpt lat="46.860832" lon="-121.749084">
				<ele>3744.88208</ele>
				<time>2026-06-15T16:21:08Z</time>
			</trkpt>
			<trkpt lat="46.860809" lon="-121.749031">
				<ele>3744.809814</ele>
				<time>2026-06-15T16:21:15Z</time>
			</trkpt>
			<trkpt lat="46.86079" lon="-121.748985">
				<ele>3744.012207</ele>
				<time>2026-06-15T16:21:22Z</time>
			</trkpt>
			<trkpt lat="46.860744" lon="-121.748901">
				<ele>3744.286865</ele>
				<time>2026-06-15T16:21:37Z</time>
			</trkpt>
			<trkpt lat="46.860718" lon="-121.748863">
				<ele>3744.255127</ele>
				<time>2026-06-15T16:21:43Z</time>
			</trkpt>
			<trkpt lat="46.860691" lon="-121.748833">
				<ele>3743.115479</ele>
				<time>2026-06-15T16:21:50Z</time>
			</trkpt>
			<trkpt lat="46.860676" lon="-121.748795">
				<ele>3743.963135</ele>
				<time>2026-06-15T16:21:54Z</time>
			</trkpt>
			<trkpt lat="46.860653" lon="-121.748779">
				<ele>3743.281494</ele>
				<time>2026-06-15T16:22:00Z</time>
			</trkpt>
			<trkpt lat="46.86063" lon="-121.748749">
				<ele>3743.471191</ele>
				<time>2026-06-15T16:22:05Z</time>
			</trkpt>
			<trkpt lat="46.860611" lon="-121.748711">
				<ele>3742.780273</ele>
				<time>2026-06-15T16:22:12Z</time>
			</trkpt>
			<trkpt lat="46.860584" lon="-121.748665">
				<ele>3742.656494</ele>
				<time>2026-06-15T16:22:20Z</time>
			</trkpt>
			<trkpt lat="46.860558" lon="-121.748619">
				<ele>3742.756348</ele>
				<time>2026-06-15T16:22:31Z</time>
			</trkpt>
			<trkpt lat="46.860535" lon="-121.748505">
				<ele>3739.992676</ele>
				<time>2026-06-15T16:22:51Z</time>
			</trkpt>
			<trkpt lat="46.860512" lon="-121.748405">
				<ele>3738.999512</ele>
				<time>2026-06-15T16:23:12Z</time>
			</trkpt>
			<trkpt lat="46.860485" lon="-121.748322">
				<ele>3736.718018</ele>
				<time>2026-06-15T16:23:29Z</time>
			</trkpt>
			<trkpt lat="46.860474" lon="-121.74826">
				<ele>3736.342773</ele>
				<time>2026-06-15T16:23:38Z</time>
			</trkpt>
			<trkpt lat="46.860455" lon="-121.748222">
				<ele>3734.705322</ele>
				<time>2026-06-15T16:23:45Z</time>
			</trkpt>
			<trkpt lat="46.860435" lon="-121.748184">
				<ele>3735.099365</ele>
				<time>2026-06-15T16:23:52Z</time>
			</trkpt>
			<trkpt lat="46.860359" lon="-121.748039">
				<ele>3729.901123</ele>
				<time>2026-06-15T16:24:23Z</time>
			</trkpt>
			<trkpt lat="46.860332" lon="-121.747971">
				<ele>3729.572266</ele>
				<time>2026-06-15T16:24:43Z</time>
			</trkpt>
			<trkpt lat="46.860306" lon="-121.747803">
				<ele>3723.658203</ele>
				<time>2026-06-15T16:25:27Z</time>
			</trkpt>
			<trkpt lat="46.860348" lon="-121.747673">
				<ele>3716.444824</ele>
				<time>2026-06-15T16:25:47Z</time>
			</trkpt>
			<trkpt lat="46.860321" lon="-121.747643">
				<ele>3717.225586</ele>
				<time>2026-06-15T16:25:57Z</time>
			</trkpt>
			<trkpt lat="46.860294" lon="-121.747612">
				<ele>3717.057861</ele>
				<time>2026-06-15T16:26:03Z</time>
			</trkpt>
			<trkpt lat="46.860271" lon="-121.747581">
				<ele>3717.764648</ele>
				<time>2026-06-15T16:26:08Z</time>
			</trkpt>
			<trkpt lat="46.860256" lon="-121.747536">
				<ele>3717.794678</ele>
				<time>2026-06-15T16:26:13Z</time>
			</trkpt>
			<trkpt lat="46.860237" lon="-121.747505">
				<ele>3718.313721</ele>
				<time>2026-06-15T16:26:20Z</time>
			</trkpt>
			<trkpt lat="46.860214" lon="-121.747482">
				<ele>3716.271484</ele>
				<time>2026-06-15T16:26:25Z</time>
			</trkpt>
			<trkpt lat="46.860195" lon="-121.747444">
				<ele>3717.957031</ele>
				<time>2026-06-15T16:26:31Z</time>
			</trkpt>
			<trkpt lat="46.860176" lon="-121.747414">
				<ele>3716.705811</ele>
				<time>2026-06-15T16:26:35Z</time>
			</trkpt>
			<trkpt lat="46.860168" lon="-121.747368">
				<ele>3717.600098</ele>
				<time>2026-06-15T16:26:39Z</time>
			</trkpt>
			<trkpt lat="46.860157" lon="-121.747337">
				<ele>3716.857178</ele>
				<time>2026-06-15T16:26:45Z</time>
			</trkpt>
			<trkpt lat="46.860146" lon="-121.747299">
				<ele>3716.821045</ele>
				<time>2026-06-15T16:26:50Z</time>
			</trkpt>
			<trkpt lat="46.860123" lon="-121.747269">
				<ele>3717.195313</ele>
				<time>2026-06-15T16:26:56Z</time>
			</trkpt>
			<trkpt lat="46.860111" lon="-121.747238">
				<ele>3716.85083</ele>
				<time>2026-06-15T16:27:02Z</time>
			</trkpt>
			<trkpt lat="46.860092" lon="-121.747185">
				<ele>3716.875732</ele>
				<time>2026-06-15T16:27:07Z</time>
			</trkpt>
			<trkpt lat="46.860073" lon="-121.747147">
				<ele>3717.253906</ele>
				<time>2026-06-15T16:27:17Z</time>
			</trkpt>
			<trkpt lat="46.86005" lon="-121.747108">
				<ele>3716.59082</ele>
				<time>2026-06-15T16:27:25Z</time>
			</trkpt>
			<trkpt lat="46.860008" lon="-121.747047">
				<ele>3717.657227</ele>
				<time>2026-06-15T16:27:40Z</time>
			</trkpt>
			<trkpt lat="46.859978" lon="-121.747009">
				<ele>3717.882813</ele>
				<time>2026-06-15T16:27:50Z</time>
			</trkpt>
			<trkpt lat="46.859936" lon="-121.746956">
				<ele>3719.365479</ele>
				<time>2026-06-15T16:28:11Z</time>
			</trkpt>
			<trkpt lat="46.859901" lon="-121.74688">
				<ele>3718.931152</ele>
				<time>2026-06-15T16:28:26Z</time>
			</trkpt>
			<trkpt lat="46.85989" lon="-121.746811">
				<ele>3717.403809</ele>
				<time>2026-06-15T16:28:40Z</time>
			</trkpt>
			<trkpt lat="46.859879" lon="-121.746765">
				<ele>3715.095703</ele>
				<time>2026-06-15T16:29:53Z</time>
			</trkpt>
			<trkpt lat="46.859879" lon="-121.746582">
				<ele>3710.653809</ele>
				<time>2026-06-15T16:31:18Z</time>
			</trkpt>
			<trkpt lat="46.859905" lon="-121.746544">
				<ele>3708.577881</ele>
				<time>2026-06-15T16:31:28Z</time>
			</trkpt>
			<trkpt lat="46.860001" lon="-121.746559">
				<ele>3705.987305</ele>
				<time>2026-06-15T16:31:48Z</time>
			</trkpt>
			<trkpt lat="46.860027" lon="-121.746559">
				<ele>3703.354492</ele>
				<time>2026-06-15T16:32:01Z</time>
			</trkpt>
			<trkpt lat="46.860043" lon="-121.746529">
				<ele>3701.900635</ele>
				<time>2026-06-15T16:32:17Z</time>
			</trkpt>
			<trkpt lat="46.860035" lon="-121.746452">
				<ele>3699.554688</ele>
				<time>2026-06-15T16:32:32Z</time>
			</trkpt>
			<trkpt lat="46.860027" lon="-121.746422">
				<ele>3697.442627</ele>
				<time>2026-06-15T16:32:39Z</time>
			</trkpt>
			<trkpt lat="46.860027" lon="-121.746384">
				<ele>3697.189941</ele>
				<time>2026-06-15T16:32:45Z</time>
			</trkpt>
			<trkpt lat="46.860016" lon="-121.746353">
				<ele>3694.882568</ele>
				<time>2026-06-15T16:32:52Z</time>
			</trkpt>
			<trkpt lat="46.859951" lon="-121.746239">
				<ele>3694.102295</ele>
				<time>2026-06-15T16:33:16Z</time>
			</trkpt>
			<trkpt lat="46.859932" lon="-121.746056">
				<ele>3687.502441</ele>
				<time>2026-06-15T16:33:56Z</time>
			</trkpt>
			<trkpt lat="46.859932" lon="-121.74601">
				<ele>3684.517334</ele>
				<time>2026-06-15T16:34:08Z</time>
			</trkpt>
			<trkpt lat="46.859924" lon="-121.745972">
				<ele>3684.199219</ele>
				<time>2026-06-15T16:34:17Z</time>
			</trkpt>
			<trkpt lat="46.859905" lon="-121.745895">
				<ele>3680.461914</ele>
				<time>2026-06-15T16:34:33Z</time>
			</trkpt>
			<trkpt lat="46.859894" lon="-121.745819">
				<ele>3679.332031</ele>
				<time>2026-06-15T16:34:52Z</time>
			</trkpt>
			<trkpt lat="46.859921" lon="-121.745758">
				<ele>3675.372559</ele>
				<time>2026-06-15T16:35:13Z</time>
			</trkpt>
			<trkpt lat="46.859966" lon="-121.745743">
				<ele>3674.139404</ele>
				<time>2026-06-15T16:35:23Z</time>
			</trkpt>
			<trkpt lat="46.859989" lon="-121.745689">
				<ele>3670.118896</ele>
				<time>2026-06-15T16:35:34Z</time>
			</trkpt>
			<trkpt lat="46.860001" lon="-121.745567">
				<ele>3667.642822</ele>
				<time>2026-06-15T16:35:59Z</time>
			</trkpt>
			<trkpt lat="46.860004" lon="-121.745491">
				<ele>3663.85083</ele>
				<time>2026-06-15T16:36:14Z</time>
			</trkpt>
			<trkpt lat="46.860031" lon="-121.745384">
				<ele>3660.663574</ele>
				<time>2026-06-15T16:36:38Z</time>
			</trkpt>
			<trkpt lat="46.860043" lon="-121.745331">
				<ele>3658.022705</ele>
				<time>2026-06-15T16:36:50Z</time>
			</trkpt>
			<trkpt lat="46.86005" lon="-121.745247">
				<ele>3655.982178</ele>
				<time>2026-06-15T16:37:10Z</time>
			</trkpt>
			<trkpt lat="46.860043" lon="-121.745201">
				<ele>3653.422852</ele>
				<time>2026-06-15T16:37:23Z</time>
			</trkpt>
			<trkpt lat="46.860039" lon="-121.745132">
				<ele>3652.999023</ele>
				<time>2026-06-15T16:37:42Z</time>
			</trkpt>
			<trkpt lat="46.860016" lon="-121.745071">
				<ele>3650.70874</ele>
				<time>2026-06-15T16:38:02Z</time>
			</trkpt>
			<trkpt lat="46.860027" lon="-121.74498">
				<ele>3648.089355</ele>
				<time>2026-06-15T16:38:41Z</time>
			</trkpt>
			<trkpt lat="46.860043" lon="-121.744774">
				<ele>3635.88916</ele>
				<time>2026-06-15T16:39:35Z</time>
			</trkpt>
			<trkpt lat="46.86002" lon="-121.744713">
				<ele>3633.184082</ele>
				<time>2026-06-15T16:39:46Z</time>
			</trkpt>
			<trkpt lat="46.860004" lon="-121.744667">
				<ele>3632.01001</ele>
				<time>2026-06-15T16:39:53Z</time>
			</trkpt>
			<trkpt lat="46.859993" lon="-121.744621">
				<ele>3631.8479</ele>
				<time>2026-06-15T16:40:00Z</time>
			</trkpt>
			<trkpt lat="46.859982" lon="-121.744583">
				<ele>3630.859863</ele>
				<time>2026-06-15T16:40:09Z</time>
			</trkpt>
			<trkpt lat="46.859962" lon="-121.744446">
				<ele>3626.492432</ele>
				<time>2026-06-15T16:40:37Z</time>
			</trkpt>
			<trkpt lat="46.859993" lon="-121.744324">
				<ele>3618.982178</ele>
				<time>2026-06-15T16:41:17Z</time>
			</trkpt>
			<trkpt lat="46.860115" lon="-121.744217">
				<ele>3609.21582</ele>
				<time>2026-06-15T16:42:12Z</time>
			</trkpt>
			<trkpt lat="46.860172" lon="-121.744194">
				<ele>3606.244873</ele>
				<time>2026-06-15T16:42:28Z</time>
			</trkpt>
			<trkpt lat="46.860241" lon="-121.744225">
				<ele>3603.370117</ele>
				<time>2026-06-15T16:42:49Z</time>
			</trkpt>
			<trkpt lat="46.860287" lon="-121.74424">
				<ele>3602.508789</ele>
				<time>2026-06-15T16:42:59Z</time>
			</trkpt>
			<trkpt lat="46.860306" lon="-121.74424">
				<ele>3600.903564</ele>
				<time>2026-06-15T16:43:07Z</time>
			</trkpt>
			<trkpt lat="46.860313" lon="-121.744217">
				<ele>3599.459717</ele>
				<time>2026-06-15T16:43:33Z</time>
			</trkpt>
			<trkpt lat="46.860306" lon="-121.744179">
				<ele>3598.541504</ele>
				<time>2026-06-15T16:43:43Z</time>
			</trkpt>
			<trkpt lat="46.860294" lon="-121.744125">
				<ele>3598.013672</ele>
				<time>2026-06-15T16:43:52Z</time>
			</trkpt>
			<trkpt lat="46.860352" lon="-121.744041">
				<ele>3592.227295</ele>
				<time>2026-06-15T16:44:24Z</time>
			</trkpt>
			<trkpt lat="46.860416" lon="-121.744011">
				<ele>3587.986084</ele>
				<time>2026-06-15T16:44:43Z</time>
			</trkpt>
			<trkpt lat="46.860538" lon="-121.744057">
				<ele>3583.183105</ele>
				<time>2026-06-15T16:45:11Z</time>
			</trkpt>
			<trkpt lat="46.860626" lon="-121.744102">
				<ele>3577.512695</ele>
				<time>2026-06-15T16:45:36Z</time>
			</trkpt>
			<trkpt lat="46.860645" lon="-121.74411">
				<ele>3574.118652</ele>
				<time>2026-06-15T16:45:44Z</time>
			</trkpt>
			<trkpt lat="46.860706" lon="-121.74411">
				<ele>3571.59375</ele>
				<time>2026-06-15T16:46:10Z</time>
			</trkpt>
			<trkpt lat="46.860748" lon="-121.744118">
				<ele>3568.167725</ele>
				<time>2026-06-15T16:46:30Z</time>
			</trkpt>
			<trkpt lat="46.860767" lon="-121.744019">
				<ele>3565.227051</ele>
				<time>2026-06-15T16:47:04Z</time>
			</trkpt>
			<trkpt lat="46.860813" lon="-121.743881">
				<ele>3558.509766</ele>
				<time>2026-06-15T16:47:50Z</time>
			</trkpt>
			<trkpt lat="46.860779" lon="-121.743973">
				<ele>3560.486084</ele>
				<time>2026-06-15T16:50:22Z</time>
			</trkpt>
			<trkpt lat="46.860775" lon="-121.744049">
				<ele>3564.074951</ele>
				<time>2026-06-15T16:50:56Z</time>
			</trkpt>
			<trkpt lat="46.860722" lon="-121.744125">
				<ele>3567.506836</ele>
				<time>2026-06-15T16:51:51Z</time>
			</trkpt>
			<trkpt lat="46.860661" lon="-121.744118">
				<ele>3572.873535</ele>
				<time>2026-06-15T16:52:34Z</time>
			</trkpt>
			<trkpt lat="46.860603" lon="-121.74411">
				<ele>3574.040039</ele>
				<time>2026-06-15T16:53:06Z</time>
			</trkpt>
			<trkpt lat="46.86055" lon="-121.744095">
				<ele>3578.451172</ele>
				<time>2026-06-15T16:53:36Z</time>
			</trkpt>
			<trkpt lat="46.860489" lon="-121.744072">
				<ele>3579.256592</ele>
				<time>2026-06-15T16:54:05Z</time>
			</trkpt>
			<trkpt lat="46.860363" lon="-121.743996">
				<ele>3587.107666</ele>
				<time>2026-06-15T16:55:48Z</time>
			</trkpt>
			<trkpt lat="46.860313" lon="-121.743996">
				<ele>3587.454834</ele>
				<time>2026-06-15T16:56:23Z</time>
			</trkpt>
			<trkpt lat="46.86026" lon="-121.74398">
				<ele>3588.739746</ele>
				<time>2026-06-15T16:56:40Z</time>
			</trkpt>
			<trkpt lat="46.860287" lon="-121.743927">
				<ele>3589.268311</ele>
				<time>2026-06-15T16:57:24Z</time>
			</trkpt>
			<trkpt lat="46.860332" lon="-121.743935">
				<ele>3588.165283</ele>
				<time>2026-06-15T16:58:07Z</time>
			</trkpt>
			<trkpt lat="46.86034" lon="-121.743881">
				<ele>3587.66333</ele>
				<time>2026-06-15T16:58:22Z</time>
			</trkpt>
			<trkpt lat="46.860439" lon="-121.743607">
				<ele>3570.947021</ele>
				<time>2026-06-15T16:59:57Z</time>
			</trkpt>
			<trkpt lat="46.86047" lon="-121.743546">
				<ele>3569.374512</ele>
				<time>2026-06-15T17:00:11Z</time>
			</trkpt>
			<trkpt lat="46.860485" lon="-121.74353">
				<ele>3567.385742</ele>
				<time>2026-06-15T17:00:17Z</time>
			</trkpt>
			<trkpt lat="46.860542" lon="-121.743469">
				<ele>3564.017334</ele>
				<time>2026-06-15T17:00:34Z</time>
			</trkpt>
			<trkpt lat="46.860622" lon="-121.743446">
				<ele>3558.544922</ele>
				<time>2026-06-15T17:00:56Z</time>
			</trkpt>
			<trkpt lat="46.860752" lon="-121.743324">
				<ele>3548.550293</ele>
				<time>2026-06-15T17:02:53Z</time>
			</trkpt>
			<trkpt lat="46.860806" lon="-121.743385">
				<ele>3543.152344</ele>
				<time>2026-06-15T17:03:10Z</time>
			</trkpt>
			<trkpt lat="46.860836" lon="-121.743378">
				<ele>3543.318848</ele>
				<time>2026-06-15T17:03:22Z</time>
			</trkpt>
			<trkpt lat="46.860855" lon="-121.743362">
				<ele>3540.737305</ele>
				<time>2026-06-15T17:03:37Z</time>
			</trkpt>
			<trkpt lat="46.860859" lon="-121.743294">
				<ele>3539.72876</ele>
				<time>2026-06-15T17:03:48Z</time>
			</trkpt>
			<trkpt lat="46.860863" lon="-121.743195">
				<ele>3534.706543</ele>
				<time>2026-06-15T17:04:10Z</time>
			</trkpt>
			<trkpt lat="46.860985" lon="-121.743172">
				<ele>3527.013184</ele>
				<time>2026-06-15T17:04:39Z</time>
			</trkpt>
			<trkpt lat="46.86105" lon="-121.743164">
				<ele>3525.632568</ele>
				<time>2026-06-15T17:05:35Z</time>
			</trkpt>
			<trkpt lat="46.861069" lon="-121.74305">
				<ele>3519.25293</ele>
				<time>2026-06-15T17:05:58Z</time>
			</trkpt>
			<trkpt lat="46.861065" lon="-121.743004">
				<ele>3518.178467</ele>
				<time>2026-06-15T17:06:05Z</time>
			</trkpt>
			<trkpt lat="46.861076" lon="-121.742966">
				<ele>3517.991699</ele>
				<time>2026-06-15T17:06:13Z</time>
			</trkpt>
			<trkpt lat="46.861069" lon="-121.742867">
				<ele>3513.797363</ele>
				<time>2026-06-15T17:06:33Z</time>
			</trkpt>
			<trkpt lat="46.861134" lon="-121.742714">
				<ele>3505.593506</ele>
				<time>2026-06-15T17:07:06Z</time>
			</trkpt>
			<trkpt lat="46.861172" lon="-121.742638">
				<ele>3498.772949</ele>
				<time>2026-06-15T17:07:28Z</time>
			</trkpt>
			<trkpt lat="46.861176" lon="-121.742592">
				<ele>3498.542969</ele>
				<time>2026-06-15T17:07:33Z</time>
			</trkpt>
			<trkpt lat="46.861198" lon="-121.742516">
				<ele>3494.646973</ele>
				<time>2026-06-15T17:07:48Z</time>
			</trkpt>
			<trkpt lat="46.861206" lon="-121.742348">
				<ele>3490.109863</ele>
				<time>2026-06-15T17:08:12Z</time>
			</trkpt>
			<trkpt lat="46.861221" lon="-121.742119">
				<ele>3480.127686</ele>
				<time>2026-06-15T17:08:52Z</time>
			</trkpt>
			<trkpt lat="46.861221" lon="-121.742088">
				<ele>3479.729004</ele>
				<time>2026-06-15T17:08:56Z</time>
			</trkpt>
			<trkpt lat="46.861256" lon="-121.741905">
				<ele>3470.936279</ele>
				<time>2026-06-15T17:09:30Z</time>
			</trkpt>
			<trkpt lat="46.861267" lon="-121.741844">
				<ele>3466.549805</ele>
				<time>2026-06-15T17:09:42Z</time>
			</trkpt>
			<trkpt lat="46.861305" lon="-121.741692">
				<ele>3460.572754</ele>
				<time>2026-06-15T17:10:08Z</time>
			</trkpt>
			<trkpt lat="46.861343" lon="-121.741615">
				<ele>3455.578369</ele>
				<time>2026-06-15T17:10:23Z</time>
			</trkpt>
			<trkpt lat="46.861351" lon="-121.741585">
				<ele>3456.069092</ele>
				<time>2026-06-15T17:10:27Z</time>
			</trkpt>
			<trkpt lat="46.861389" lon="-121.741516">
				<ele>3449.730957</ele>
				<time>2026-06-15T17:10:45Z</time>
			</trkpt>
			<trkpt lat="46.861492" lon="-121.741371">
				<ele>3439.754639</ele>
				<time>2026-06-15T17:11:23Z</time>
			</trkpt>
			<trkpt lat="46.861519" lon="-121.741295">
				<ele>3434.595215</ele>
				<time>2026-06-15T17:11:39Z</time>
			</trkpt>
			<trkpt lat="46.861584" lon="-121.741158">
				<ele>3428.271484</ele>
				<time>2026-06-15T17:12:05Z</time>
			</trkpt>
			<trkpt lat="46.861637" lon="-121.741058">
				<ele>3421.714844</ele>
				<time>2026-06-15T17:12:23Z</time>
			</trkpt>
			<trkpt lat="46.861664" lon="-121.741005">
				<ele>3419.158936</ele>
				<time>2026-06-15T17:12:32Z</time>
			</trkpt>
			<trkpt lat="46.861683" lon="-121.740982">
				<ele>3418.895508</ele>
				<time>2026-06-15T17:12:36Z</time>
			</trkpt>
			<trkpt lat="46.861763" lon="-121.740829">
				<ele>3408.256836</ele>
				<time>2026-06-15T17:13:09Z</time>
			</trkpt>
			<trkpt lat="46.861832" lon="-121.740738">
				<ele>3403.718994</ele>
				<time>2026-06-15T17:13:30Z</time>
			</trkpt>
			<trkpt lat="46.861843" lon="-121.7407">
				<ele>3403.151611</ele>
				<time>2026-06-15T17:13:34Z</time>
			</trkpt>
			<trkpt lat="46.861885" lon="-121.740669">
				<ele>3399.414551</ele>
				<time>2026-06-15T17:13:42Z</time>
			</trkpt>
			<trkpt lat="46.862144" lon="-121.740364">
				<ele>3379.172607</ele>
				<time>2026-06-15T17:16:35Z</time>
			</trkpt>
			<trkpt lat="46.862202" lon="-121.740273">
				<ele>3376.66748</ele>
				<time>2026-06-15T17:16:55Z</time>
			</trkpt>
			<trkpt lat="46.862251" lon="-121.740234">
				<ele>3372.419434</ele>
				<time>2026-06-15T17:17:13Z</time>
			</trkpt>
			<trkpt lat="46.862389" lon="-121.740067">
				<ele>3363.752441</ele>
				<time>2026-06-15T17:18:16Z</time>
			</trkpt>
			<trkpt lat="46.862453" lon="-121.73996">
				<ele>3356.966064</ele>
				<time>2026-06-15T17:19:26Z</time>
			</trkpt>
			<trkpt lat="46.862507" lon="-121.739876">
				<ele>3353.037598</ele>
				<time>2026-06-15T17:19:55Z</time>
			</trkpt>
			<trkpt lat="46.862553" lon="-121.739815">
				<ele>3347.71875</ele>
				<time>2026-06-15T17:20:18Z</time>
			</trkpt>
			<trkpt lat="46.86261" lon="-121.739716">
				<ele>3344.779297</ele>
				<time>2026-06-15T17:21:02Z</time>
			</trkpt>
			<trkpt lat="46.862743" lon="-121.739487">
				<ele>3331.554688</ele>
				<time>2026-06-15T17:23:10Z</time>
			</trkpt>
			<trkpt lat="46.862793" lon="-121.739357">
				<ele>3326.101074</ele>
				<time>2026-06-15T17:23:45Z</time>
			</trkpt>
			<trkpt lat="46.862854" lon="-121.739243">
				<ele>3319.5</ele>
				<time>2026-06-15T17:24:21Z</time>
			</trkpt>
			<trkpt lat="46.8629" lon="-121.739182">
				<ele>3316.841309</ele>
				<time>2026-06-15T17:24:43Z</time>
			</trkpt>
			<trkpt lat="46.862923" lon="-121.739136">
				<ele>3313.412842</ele>
				<time>2026-06-15T17:25:08Z</time>
			</trkpt>
			<trkpt lat="46.863022" lon="-121.73893">
				<ele>3304.144043</ele>
				<time>2026-06-15T17:26:05Z</time>
			</trkpt>
			<trkpt lat="46.863167" lon="-121.738663">
				<ele>3287.833496</ele>
				<time>2026-06-15T17:27:33Z</time>
			</trkpt>
			<trkpt lat="46.86327" lon="-121.738487">
				<ele>3281.072021</ele>
				<time>2026-06-15T17:28:17Z</time>
			</trkpt>
			<trkpt lat="46.863338" lon="-121.738426">
				<ele>3275.96167</ele>
				<time>2026-06-15T17:28:39Z</time>
			</trkpt>
			<trkpt lat="46.863419" lon="-121.738342">
				<ele>3272.103516</ele>
				<time>2026-06-15T17:29:01Z</time>
			</trkpt>
			<trkpt lat="46.863472" lon="-121.738205">
				<ele>3263.905518</ele>
				<time>2026-06-15T17:29:44Z</time>
			</trkpt>
			<trkpt lat="46.863544" lon="-121.738083">
				<ele>3259.429199</ele>
				<time>2026-06-15T17:30:18Z</time>
			</trkpt>
			<trkpt lat="46.863564" lon="-121.738075">
				<ele>3257.660645</ele>
				<time>2026-06-15T17:30:26Z</time>
			</trkpt>
			<trkpt lat="46.86367" lon="-121.737885">
				<ele>3246.893311</ele>
				<time>2026-06-15T17:31:19Z</time>
			</trkpt>
			<trkpt lat="46.863708" lon="-121.737854">
				<ele>3242.577393</ele>
				<time>2026-06-15T17:31:32Z</time>
			</trkpt>
			<trkpt lat="46.863731" lon="-121.737778">
				<ele>3240.123291</ele>
				<time>2026-06-15T17:32:06Z</time>
			</trkpt>
			<trkpt lat="46.863792" lon="-121.737694">
				<ele>3235.105225</ele>
				<time>2026-06-15T17:32:27Z</time>
			</trkpt>
			<trkpt lat="46.863892" lon="-121.737564">
				<ele>3230.37915</ele>
				<time>2026-06-15T17:33:05Z</time>
			</trkpt>
			<trkpt lat="46.863949" lon="-121.737503">
				<ele>3222.828857</ele>
				<time>2026-06-15T17:33:27Z</time>
			</trkpt>
			<trkpt lat="46.863979" lon="-121.73745">
				<ele>3221.610107</ele>
				<time>2026-06-15T17:33:37Z</time>
			</trkpt>
			<trkpt lat="46.864037" lon="-121.737335">
				<ele>3216.976563</ele>
				<time>2026-06-15T17:34:03Z</time>
			</trkpt>
			<trkpt lat="46.864059" lon="-121.737289">
				<ele>3216.268799</ele>
				<time>2026-06-15T17:34:10Z</time>
			</trkpt>
			<trkpt lat="46.864094" lon="-121.737221">
				<ele>3212.658691</ele>
				<time>2026-06-15T17:34:25Z</time>
			</trkpt>
			<trkpt lat="46.864101" lon="-121.737137">
				<ele>3210.378418</ele>
				<time>2026-06-15T17:34:38Z</time>
			</trkpt>
			<trkpt lat="46.864147" lon="-121.73703">
				<ele>3205.737305</ele>
				<time>2026-06-15T17:35:05Z</time>
			</trkpt>
			<trkpt lat="46.864159" lon="-121.736992">
				<ele>3205.974854</ele>
				<time>2026-06-15T17:35:10Z</time>
			</trkpt>
			<trkpt lat="46.864258" lon="-121.73687">
				<ele>3195.998047</ele>
				<time>2026-06-15T17:35:55Z</time>
			</trkpt>
			<trkpt lat="46.864311" lon="-121.736801">
				<ele>3193.640137</ele>
				<time>2026-06-15T17:36:12Z</time>
			</trkpt>
			<trkpt lat="46.864338" lon="-121.736763">
				<ele>3190.014893</ele>
				<time>2026-06-15T17:36:28Z</time>
			</trkpt>
			<trkpt lat="46.86441" lon="-121.736641">
				<ele>3184.675537</ele>
				<time>2026-06-15T17:36:56Z</time>
			</trkpt>
			<trkpt lat="46.864487" lon="-121.736557">
				<ele>3175.898438</ele>
				<time>2026-06-15T17:37:30Z</time>
			</trkpt>
			<trkpt lat="46.864521" lon="-121.736511">
				<ele>3174.604736</ele>
				<time>2026-06-15T17:37:43Z</time>
			</trkpt>
			<trkpt lat="46.864632" lon="-121.736435">
				<ele>3166.950684</ele>
				<time>2026-06-15T17:38:24Z</time>
			</trkpt>
			<trkpt lat="46.864647" lon="-121.736404">
				<ele>3167.131348</ele>
				<time>2026-06-15T17:38:29Z</time>
			</trkpt>
			<trkpt lat="46.864655" lon="-121.736374">
				<ele>3165.001221</ele>
				<time>2026-06-15T17:38:37Z</time>
			</trkpt>
			<trkpt lat="46.864666" lon="-121.736343">
				<ele>3164.161377</ele>
				<time>2026-06-15T17:38:43Z</time>
			</trkpt>
			<trkpt lat="46.864681" lon="-121.736313">
				<ele>3164.057373</ele>
				<time>2026-06-15T17:38:48Z</time>
			</trkpt>
			<trkpt lat="46.864719" lon="-121.736237">
				<ele>3159.155518</ele>
				<time>2026-06-15T17:39:17Z</time>
			</trkpt>
			<trkpt lat="46.864735" lon="-121.736206">
				<ele>3158.713867</ele>
				<time>2026-06-15T17:39:22Z</time>
			</trkpt>
			<trkpt lat="46.864754" lon="-121.736145">
				<ele>3153.994873</ele>
				<time>2026-06-15T17:39:43Z</time>
			</trkpt>
			<trkpt lat="46.864773" lon="-121.736099">
				<ele>3153.169678</ele>
				<time>2026-06-15T17:39:53Z</time>
			</trkpt>
			<trkpt lat="46.86483" lon="-121.736046">
				<ele>3147.920898</ele>
				<time>2026-06-15T17:40:15Z</time>
			</trkpt>
			<trkpt lat="46.86499" lon="-121.735863">
				<ele>3136.834961</ele>
				<time>2026-06-15T17:41:08Z</time>
			</trkpt>
			<trkpt lat="46.865036" lon="-121.73584">
				<ele>3133.377441</ele>
				<time>2026-06-15T17:41:21Z</time>
			</trkpt>
			<trkpt lat="46.865051" lon="-121.735809">
				<ele>3133.134277</ele>
				<time>2026-06-15T17:41:27Z</time>
			</trkpt>
			<trkpt lat="46.865192" lon="-121.73571">
				<ele>3123.012695</ele>
				<time>2026-06-15T17:42:15Z</time>
			</trkpt>
			<trkpt lat="46.865292" lon="-121.735565">
				<ele>3114.109863</ele>
				<time>2026-06-15T17:42:52Z</time>
			</trkpt>
			<trkpt lat="46.865318" lon="-121.73555">
				<ele>3113.387451</ele>
				<time>2026-06-15T17:42:56Z</time>
			</trkpt>
			<trkpt lat="46.865345" lon="-121.735558">
				<ele>3111.209961</ele>
				<time>2026-06-15T17:43:04Z</time>
			</trkpt>
			<trkpt lat="46.865498" lon="-121.735687">
				<ele>3106.21875</ele>
				<time>2026-06-15T17:43:33Z</time>
			</trkpt>
			<trkpt lat="46.865547" lon="-121.735695">
				<ele>3103.787842</ele>
				<time>2026-06-15T17:43:42Z</time>
			</trkpt>
			<trkpt lat="46.865635" lon="-121.73571">
				<ele>3102.941162</ele>
				<time>2026-06-15T17:43:59Z</time>
			</trkpt>
			<trkpt lat="46.865768" lon="-121.735741">
				<ele>3097.35498</ele>
				<time>2026-06-15T17:44:42Z</time>
			</trkpt>
			<trkpt lat="46.865833" lon="-121.735748">
				<ele>3094.898438</ele>
				<time>2026-06-15T17:44:59Z</time>
			</trkpt>
			<trkpt lat="46.86586" lon="-121.735748">
				<ele>3094.857178</ele>
				<time>2026-06-15T17:45:03Z</time>
			</trkpt>
			<trkpt lat="46.86594" lon="-121.735748">
				<ele>3091.424561</ele>
				<time>2026-06-15T17:45:15Z</time>
			</trkpt>
			<trkpt lat="46.866013" lon="-121.73571">
				<ele>3088.219727</ele>
				<time>2026-06-15T17:45:45Z</time>
			</trkpt>
			<trkpt lat="46.866116" lon="-121.73568">
				<ele>3081.586182</ele>
				<time>2026-06-15T17:46:16Z</time>
			</trkpt>
			<trkpt lat="46.866211" lon="-121.735619">
				<ele>3078.379883</ele>
				<time>2026-06-15T17:46:46Z</time>
			</trkpt>
			<trkpt lat="46.86623" lon="-121.735588">
				<ele>3075.731934</ele>
				<time>2026-06-15T17:47:05Z</time>
			</trkpt>
			<trkpt lat="46.866447" lon="-121.735458">
				<ele>3066.44751</ele>
				<time>2026-06-15T17:48:11Z</time>
			</trkpt>
			<trkpt lat="46.866467" lon="-121.735435">
				<ele>3063.009033</ele>
				<time>2026-06-15T17:48:19Z</time>
			</trkpt>
			<trkpt lat="46.866497" lon="-121.735428">
				<ele>3062.144531</ele>
				<time>2026-06-15T17:48:39Z</time>
			</trkpt>
			<trkpt lat="46.866516" lon="-121.735397">
				<ele>3061.792725</ele>
				<time>2026-06-15T17:48:44Z</time>
			</trkpt>
			<trkpt lat="46.866585" lon="-121.735321">
				<ele>3057.730713</ele>
				<time>2026-06-15T17:49:09Z</time>
			</trkpt>
			<trkpt lat="46.866657" lon="-121.735291">
				<ele>3052.176514</ele>
				<time>2026-06-15T17:49:30Z</time>
			</trkpt>
			<trkpt lat="46.866684" lon="-121.735283">
				<ele>3052.018311</ele>
				<time>2026-06-15T17:49:35Z</time>
			</trkpt>
			<trkpt lat="46.866722" lon="-121.73526">
				<ele>3049.178711</ele>
				<time>2026-06-15T17:49:49Z</time>
			</trkpt>
			<trkpt lat="46.866817" lon="-121.735191">
				<ele>3044.593994</ele>
				<time>2026-06-15T17:50:25Z</time>
			</trkpt>
			<trkpt lat="46.866909" lon="-121.73513">
				<ele>3038.306885</ele>
				<time>2026-06-15T17:51:28Z</time>
			</trkpt>
			<trkpt lat="46.866993" lon="-121.735023">
				<ele>3032.895264</ele>
				<time>2026-06-15T17:52:37Z</time>
			</trkpt>
			<trkpt lat="46.867058" lon="-121.73494">
				<ele>3027.186035</ele>
				<time>2026-06-15T17:53:12Z</time>
			</trkpt>
			<trkpt lat="46.867153" lon="-121.734901">
				<ele>3025.184082</ele>
				<time>2026-06-15T17:53:41Z</time>
			</trkpt>
			<trkpt lat="46.867241" lon="-121.734848">
				<ele>3018.66626</ele>
				<time>2026-06-15T17:55:16Z</time>
			</trkpt>
			<trkpt lat="46.86734" lon="-121.734825">
				<ele>3014.816406</ele>
				<time>2026-06-15T17:55:49Z</time>
			</trkpt>
			<trkpt lat="46.867409" lon="-121.734833">
				<ele>3013.374756</ele>
				<time>2026-06-15T17:56:00Z</time>
			</trkpt>
			<trkpt lat="46.867462" lon="-121.73481">
				<ele>3009.877441</ele>
				<time>2026-06-15T17:56:17Z</time>
			</trkpt>
			<trkpt lat="46.867493" lon="-121.734802">
				<ele>3009.4104</ele>
				<time>2026-06-15T17:56:23Z</time>
			</trkpt>
			<trkpt lat="46.867512" lon="-121.734787">
				<ele>3007.213379</ele>
				<time>2026-06-15T17:56:32Z</time>
			</trkpt>
			<trkpt lat="46.867538" lon="-121.734764">
				<ele>3006.667236</ele>
				<time>2026-06-15T17:56:57Z</time>
			</trkpt>
			<trkpt lat="46.867653" lon="-121.734741">
				<ele>3001.986572</ele>
				<time>2026-06-15T17:57:23Z</time>
			</trkpt>
			<trkpt lat="46.867771" lon="-121.734665">
				<ele>2995.435059</ele>
				<time>2026-06-15T17:57:52Z</time>
			</trkpt>
			<trkpt lat="46.867794" lon="-121.734657">
				<ele>2995.782227</ele>
				<time>2026-06-15T17:57:57Z</time>
			</trkpt>
			<trkpt lat="46.867844" lon="-121.734642">
				<ele>2992.428711</ele>
				<time>2026-06-15T17:58:13Z</time>
			</trkpt>
			<trkpt lat="46.867962" lon="-121.734604">
				<ele>2987.884277</ele>
				<time>2026-06-15T17:58:46Z</time>
			</trkpt>
			<trkpt lat="46.868031" lon="-121.734573">
				<ele>2983.931152</ele>
				<time>2026-06-15T17:59:03Z</time>
			</trkpt>
			<trkpt lat="46.868073" lon="-121.734573">
				<ele>2982.790771</ele>
				<time>2026-06-15T17:59:13Z</time>
			</trkpt>
			<trkpt lat="46.868099" lon="-121.734573">
				<ele>2982.753418</ele>
				<time>2026-06-15T17:59:16Z</time>
			</trkpt>
			<trkpt lat="46.868122" lon="-121.734573">
				<ele>2982.19873</ele>
				<time>2026-06-15T17:59:21Z</time>
			</trkpt>
			<trkpt lat="46.868195" lon="-121.734589">
				<ele>2979.634766</ele>
				<time>2026-06-15T17:59:37Z</time>
			</trkpt>
			<trkpt lat="46.868217" lon="-121.734589">
				<ele>2979.664307</ele>
				<time>2026-06-15T17:59:41Z</time>
			</trkpt>
			<trkpt lat="46.868282" lon="-121.734573">
				<ele>2976.300293</ele>
				<time>2026-06-15T17:59:58Z</time>
			</trkpt>
			<trkpt lat="46.868305" lon="-121.734566">
				<ele>2977.004395</ele>
				<time>2026-06-15T18:00:03Z</time>
			</trkpt>
			<trkpt lat="46.868328" lon="-121.734543">
				<ele>2975.621338</ele>
				<time>2026-06-15T18:00:08Z</time>
			</trkpt>
			<trkpt lat="46.868412" lon="-121.73455">
				<ele>2972.871826</ele>
				<time>2026-06-15T18:00:22Z</time>
			</trkpt>
			<trkpt lat="46.868481" lon="-121.73452">
				<ele>2969.912354</ele>
				<time>2026-06-15T18:00:35Z</time>
			</trkpt>
			<trkpt lat="46.868549" lon="-121.734505">
				<ele>2969.438477</ele>
				<time>2026-06-15T18:00:47Z</time>
			</trkpt>
			<trkpt lat="46.868622" lon="-121.734467">
				<ele>2966.84082</ele>
				<time>2026-06-15T18:01:00Z</time>
			</trkpt>
			<trkpt lat="46.868645" lon="-121.734451">
				<ele>2967.203613</ele>
				<time>2026-06-15T18:01:04Z</time>
			</trkpt>
			<trkpt lat="46.868687" lon="-121.734406">
				<ele>2964.472656</ele>
				<time>2026-06-15T18:01:18Z</time>
			</trkpt>
			<trkpt lat="46.86871" lon="-121.734383">
				<ele>2963.654053</ele>
				<time>2026-06-15T18:01:23Z</time>
			</trkpt>
			<trkpt lat="46.868782" lon="-121.734337">
				<ele>2962.65918</ele>
				<time>2026-06-15T18:01:34Z</time>
			</trkpt>
			<trkpt lat="46.868801" lon="-121.734344">
				<ele>2961.512207</ele>
				<time>2026-06-15T18:01:37Z</time>
			</trkpt>
			<trkpt lat="46.868824" lon="-121.734337">
				<ele>2961.536621</ele>
				<time>2026-06-15T18:01:42Z</time>
			</trkpt>
			<trkpt lat="46.868889" lon="-121.734291">
				<ele>2958.922363</ele>
				<time>2026-06-15T18:01:54Z</time>
			</trkpt>
			<trkpt lat="46.868938" lon="-121.734268">
				<ele>2958.713135</ele>
				<time>2026-06-15T18:02:02Z</time>
			</trkpt>
			<trkpt lat="46.868965" lon="-121.734268">
				<ele>2958.359131</ele>
				<time>2026-06-15T18:02:06Z</time>
			</trkpt>
			<trkpt lat="46.869099" lon="-121.734207">
				<ele>2953.25415</ele>
				<time>2026-06-15T18:02:31Z</time>
			</trkpt>
			<trkpt lat="46.869125" lon="-121.7342">
				<ele>2953.370605</ele>
				<time>2026-06-15T18:02:35Z</time>
			</trkpt>
			<trkpt lat="46.869152" lon="-121.734184">
				<ele>2952.666748</ele>
				<time>2026-06-15T18:02:39Z</time>
			</trkpt>
			<trkpt lat="46.869205" lon="-121.734161">
				<ele>2952.625488</ele>
				<time>2026-06-15T18:02:48Z</time>
			</trkpt>
			<trkpt lat="46.869255" lon="-121.734131">
				<ele>2949.015869</ele>
				<time>2026-06-15T18:03:08Z</time>
			</trkpt>
			<trkpt lat="46.869316" lon="-121.7341">
				<ele>2947.619629</ele>
				<time>2026-06-15T18:03:18Z</time>
			</trkpt>
			<trkpt lat="46.869442" lon="-121.733986">
				<ele>2941.808105</ele>
				<time>2026-06-15T18:03:50Z</time>
			</trkpt>
			<trkpt lat="46.86953" lon="-121.73391">
				<ele>2936.431152</ele>
				<time>2026-06-15T18:04:14Z</time>
			</trkpt>
			<trkpt lat="46.869637" lon="-121.733833">
				<ele>2932.45874</ele>
				<time>2026-06-15T18:04:43Z</time>
			</trkpt>
			<trkpt lat="46.869675" lon="-121.733803">
				<ele>2929.62207</ele>
				<time>2026-06-15T18:04:53Z</time>
			</trkpt>
			<trkpt lat="46.869694" lon="-121.733788">
				<ele>2929.546875</ele>
				<time>2026-06-15T18:04:58Z</time>
			</trkpt>
			<trkpt lat="46.869717" lon="-121.733788">
				<ele>2928.114014</ele>
				<time>2026-06-15T18:05:03Z</time>
			</trkpt>
			<trkpt lat="46.869732" lon="-121.733757">
				<ele>2927.124756</ele>
				<time>2026-06-15T18:05:08Z</time>
			</trkpt>
			<trkpt lat="46.869759" lon="-121.733749">
				<ele>2926.958008</ele>
				<time>2026-06-15T18:05:12Z</time>
			</trkpt>
			<trkpt lat="46.86982" lon="-121.733711">
				<ele>2922.395264</ele>
				<time>2026-06-15T18:05:30Z</time>
			</trkpt>
			<trkpt lat="46.869839" lon="-121.733688">
				<ele>2921.558838</ele>
				<time>2026-06-15T18:05:34Z</time>
			</trkpt>
			<trkpt lat="46.869854" lon="-121.733665">
				<ele>2921.489014</ele>
				<time>2026-06-15T18:05:37Z</time>
			</trkpt>
			<trkpt lat="46.869953" lon="-121.733566">
				<ele>2916.088379</ele>
				<time>2026-06-15T18:06:00Z</time>
			</trkpt>
			<trkpt lat="46.869976" lon="-121.733536">
				<ele>2916.103516</ele>
				<time>2026-06-15T18:06:04Z</time>
			</trkpt>
			<trkpt lat="46.869987" lon="-121.733505">
				<ele>2913.743408</ele>
				<time>2026-06-15T18:06:08Z</time>
			</trkpt>
			<trkpt lat="46.870033" lon="-121.733475">
				<ele>2911.908936</ele>
				<time>2026-06-15T18:06:16Z</time>
			</trkpt>
			<trkpt lat="46.870049" lon="-121.733452">
				<ele>2911.369873</ele>
				<time>2026-06-15T18:06:19Z</time>
			</trkpt>
			<trkpt lat="46.870068" lon="-121.733429">
				<ele>2911.355713</ele>
				<time>2026-06-15T18:06:22Z</time>
			</trkpt>
			<trkpt lat="46.870132" lon="-121.733376">
				<ele>2908.622803</ele>
				<time>2026-06-15T18:06:32Z</time>
			</trkpt>
			<trkpt lat="46.870159" lon="-121.733307">
				<ele>2907.02124</ele>
				<time>2026-06-15T18:12:33Z</time>
			</trkpt>
			<trkpt lat="46.871861" lon="-121.727493">
				<ele>2764.553467</ele>
				<time>2026-06-15T19:43:46Z</time>
			</trkpt>
			<trkpt lat="46.871792" lon="-121.727379">
				<ele>2763.329102</ele>
				<time>2026-06-15T19:43:49Z</time>
			</trkpt>
			<trkpt lat="46.871826" lon="-121.727333">
				<ele>2761.380127</ele>
				<time>2026-06-15T19:44:15Z</time>
			</trkpt>
			<trkpt lat="46.871864" lon="-121.727287">
				<ele>2761.77832</ele>
				<time>2026-06-15T19:44:25Z</time>
			</trkpt>
			<trkpt lat="46.872021" lon="-121.727211">
				<ele>2770.349365</ele>
				<time>2026-06-15T19:46:03Z</time>
			</trkpt>
			<trkpt lat="46.872139" lon="-121.727211">
				<ele>2779.763184</ele>
				<time>2026-06-15T19:47:58Z</time>
			</trkpt>
			<trkpt lat="46.872192" lon="-121.72718">
				<ele>2784.447754</ele>
				<time>2026-06-15T19:48:38Z</time>
			</trkpt>
			<trkpt lat="46.872265" lon="-121.727127">
				<ele>2789.333496</ele>
				<time>2026-06-15T19:49:27Z</time>
			</trkpt>
			<trkpt lat="46.872391" lon="-121.727013">
				<ele>2796.082764</ele>
				<time>2026-06-15T19:50:53Z</time>
			</trkpt>
			<trkpt lat="46.872543" lon="-121.726944">
				<ele>2806.552002</ele>
				<time>2026-06-15T19:52:31Z</time>
			</trkpt>
			<trkpt lat="46.872723" lon="-121.726868">
				<ele>2816.018799</ele>
				<time>2026-06-15T19:54:34Z</time>
			</trkpt>
			<trkpt lat="46.872787" lon="-121.72683">
				<ele>2817.114502</ele>
				<time>2026-06-15T19:55:00Z</time>
			</trkpt>
			<trkpt lat="46.872826" lon="-121.726875">
				<ele>2814.445068</ele>
				<time>2026-06-15T20:02:20Z</time>
			</trkpt>
			<trkpt lat="46.872868" lon="-121.726898">
				<ele>2816.074707</ele>
				<time>2026-06-15T20:02:31Z</time>
			</trkpt>
			<trkpt lat="46.872906" lon="-121.726891">
				<ele>2810.602295</ele>
				<time>2026-06-15T20:02:45Z</time>
			</trkpt>
			<trkpt lat="46.873051" lon="-121.726891">
				<ele>2799.015625</ele>
				<time>2026-06-15T20:02:49Z</time>
			</trkpt>
			<trkpt lat="46.873272" lon="-121.726776">
				<ele>2786.934326</ele>
				<time>2026-06-15T20:02:55Z</time>
			</trkpt>
			<trkpt lat="46.873367" lon="-121.726753">
				<ele>2781.554688</ele>
				<time>2026-06-15T20:02:57Z</time>
			</trkpt>
			<trkpt lat="46.873451" lon="-121.726685">
				<ele>2774.997314</ele>
				<time>2026-06-15T20:03:00Z</time>
			</trkpt>
			<trkpt lat="46.873661" lon="-121.726578">
				<ele>2765.976563</ele>
				<time>2026-06-15T20:03:08Z</time>
			</trkpt>
			<trkpt lat="46.873825" lon="-121.726501">
				<ele>2756.965088</ele>
				<time>2026-06-15T20:03:16Z</time>
			</trkpt>
			<trkpt lat="46.873917" lon="-121.726463">
				<ele>2754.103271</ele>
				<time>2026-06-15T20:03:19Z</time>
			</trkpt>
			<trkpt lat="46.873943" lon="-121.726471">
				<ele>2752.658691</ele>
				<time>2026-06-15T20:03:20Z</time>
			</trkpt>
			<trkpt lat="46.87397" lon="-121.726479">
				<ele>2752.483643</ele>
				<time>2026-06-15T20:03:21Z</time>
			</trkpt>
			<trkpt lat="46.873981" lon="-121.726448">
				<ele>2751.933838</ele>
				<time>2026-06-15T20:03:29Z</time>
			</trkpt>
			<trkpt lat="46.874008" lon="-121.72644">
				<ele>2749.3125</ele>
				<time>2026-06-15T20:03:39Z</time>
			</trkpt>
			<trkpt lat="46.874031" lon="-121.726463">
				<ele>2748.785889</ele>
				<time>2026-06-15T20:03:45Z</time>
			</trkpt>
			<trkpt lat="46.874054" lon="-121.726479">
				<ele>2748.824951</ele>
				<time>2026-06-15T20:03:49Z</time>
			</trkpt>
			<trkpt lat="46.874088" lon="-121.726486">
				<ele>2748.299316</ele>
				<time>2026-06-15T20:03:56Z</time>
			</trkpt>
			<trkpt lat="46.874115" lon="-121.726501">
				<ele>2748.908203</ele>
				<time>2026-06-15T20:03:59Z</time>
			</trkpt>
			<trkpt lat="46.874187" lon="-121.726494">
				<ele>2743.316895</ele>
				<time>2026-06-15T20:04:20Z</time>
			</trkpt>
			<trkpt lat="46.87421" lon="-121.726501">
				<ele>2744.056396</ele>
				<time>2026-06-15T20:04:22Z</time>
			</trkpt>
			<trkpt lat="46.874229" lon="-121.726501">
				<ele>2741.720459</ele>
				<time>2026-06-15T20:04:28Z</time>
			</trkpt>
			<trkpt lat="46.874271" lon="-121.726479">
				<ele>2740.414307</ele>
				<time>2026-06-15T20:04:36Z</time>
			</trkpt>
			<trkpt lat="46.87429" lon="-121.726486">
				<ele>2739.107422</ele>
				<time>2026-06-15T20:04:39Z</time>
			</trkpt>
			<trkpt lat="46.874313" lon="-121.726479">
				<ele>2739.93457</ele>
				<time>2026-06-15T20:04:43Z</time>
			</trkpt>
			<trkpt lat="46.874371" lon="-121.726471">
				<ele>2736.749268</ele>
				<time>2026-06-15T20:04:54Z</time>
			</trkpt>
			<trkpt lat="46.874382" lon="-121.726494">
				<ele>2735.063721</ele>
				<time>2026-06-15T20:04:58Z</time>
			</trkpt>
			<trkpt lat="46.874409" lon="-121.726479">
				<ele>2735.387939</ele>
				<time>2026-06-15T20:05:03Z</time>
			</trkpt>
			<trkpt lat="46.874496" lon="-121.726494">
				<ele>2731.560303</ele>
				<time>2026-06-15T20:05:21Z</time>
			</trkpt>
			<trkpt lat="46.874554" lon="-121.726509">
				<ele>2730.775146</ele>
				<time>2026-06-15T20:05:33Z</time>
			</trkpt>
			<trkpt lat="46.874592" lon="-121.726524">
				<ele>2727.192139</ele>
				<time>2026-06-15T20:05:46Z</time>
			</trkpt>
			<trkpt lat="46.874615" lon="-121.726517">
				<ele>2727.26123</ele>
				<time>2026-06-15T20:05:50Z</time>
			</trkpt>
			<trkpt lat="46.874657" lon="-121.726532">
				<ele>2725.736328</ele>
				<time>2026-06-15T20:05:58Z</time>
			</trkpt>
			<trkpt lat="46.874657" lon="-121.726563">
				<ele>2723.700439</ele>
				<time>2026-06-15T20:06:02Z</time>
			</trkpt>
			<trkpt lat="46.874672" lon="-121.726578">
				<ele>2723.80835</ele>
				<time>2026-06-15T20:06:07Z</time>
			</trkpt>
			<trkpt lat="46.874699" lon="-121.726578">
				<ele>2722.119141</ele>
				<time>2026-06-15T20:06:16Z</time>
			</trkpt>
			<trkpt lat="46.874748" lon="-121.726563">
				<ele>2718.378174</ele>
				<time>2026-06-15T20:06:20Z</time>
			</trkpt>
			<trkpt lat="46.874863" lon="-121.726509">
				<ele>2715.08667</ele>
				<time>2026-06-15T20:06:27Z</time>
			</trkpt>
			<trkpt lat="46.875114" lon="-121.726402">
				<ele>2702.981689</ele>
				<time>2026-06-15T20:06:39Z</time>
			</trkpt>
			<trkpt lat="46.875629" lon="-121.726295">
				<ele>2675.974609</ele>
				<time>2026-06-15T20:07:08Z</time>
			</trkpt>
			<trkpt lat="46.875839" lon="-121.726189">
				<ele>2663.543457</ele>
				<time>2026-06-15T20:07:16Z</time>
			</trkpt>
			<trkpt lat="46.875957" lon="-121.726097">
				<ele>2657.328857</ele>
				<time>2026-06-15T20:07:33Z</time>
			</trkpt>
			<trkpt lat="46.876041" lon="-121.726135">
				<ele>2653.862061</ele>
				<time>2026-06-15T20:07:51Z</time>
			</trkpt>
			<trkpt lat="46.87606" lon="-121.726166">
				<ele>2654.421875</ele>
				<time>2026-06-15T20:08:00Z</time>
			</trkpt>
			<trkpt lat="46.876122" lon="-121.72612">
				<ele>2649.35791</ele>
				<time>2026-06-15T20:08:08Z</time>
			</trkpt>
			<trkpt lat="46.876328" lon="-121.725914">
				<ele>2636.592529</ele>
				<time>2026-06-15T20:08:23Z</time>
			</trkpt>
			<trkpt lat="46.876389" lon="-121.725883">
				<ele>2632.605713</ele>
				<time>2026-06-15T20:08:26Z</time>
			</trkpt>
			<trkpt lat="46.876503" lon="-121.725761">
				<ele>2626.983887</ele>
				<time>2026-06-15T20:08:33Z</time>
			</trkpt>
			<trkpt lat="46.876541" lon="-121.725716">
				<ele>2623.293945</ele>
				<time>2026-06-15T20:08:56Z</time>
			</trkpt>
			<trkpt lat="46.87656" lon="-121.7257">
				<ele>2623.408936</ele>
				<time>2026-06-15T20:09:00Z</time>
			</trkpt>
			<trkpt lat="46.876602" lon="-121.725647">
				<ele>2622.283203</ele>
				<time>2026-06-15T20:09:22Z</time>
			</trkpt>
			<trkpt lat="46.876732" lon="-121.725578">
				<ele>2615.806885</ele>
				<time>2026-06-15T20:09:41Z</time>
			</trkpt>
			<trkpt lat="46.876766" lon="-121.725533">
				<ele>2611.835205</ele>
				<time>2026-06-15T20:09:50Z</time>
			</trkpt>
			<trkpt lat="46.876793" lon="-121.725525">
				<ele>2611.95752</ele>
				<time>2026-06-15T20:09:53Z</time>
			</trkpt>
			<trkpt lat="46.876831" lon="-121.725479">
				<ele>2609.17627</ele>
				<time>2026-06-15T20:10:03Z</time>
			</trkpt>
			<trkpt lat="46.876846" lon="-121.725441">
				<ele>2605.236816</ele>
				<time>2026-06-15T20:10:09Z</time>
			</trkpt>
			<trkpt lat="46.876869" lon="-121.725418">
				<ele>2606.827148</ele>
				<time>2026-06-15T20:10:12Z</time>
			</trkpt>
			<trkpt lat="46.876881" lon="-121.725388">
				<ele>2604.012207</ele>
				<time>2026-06-15T20:10:33Z</time>
			</trkpt>
			<trkpt lat="46.876942" lon="-121.725357">
				<ele>2602.159912</ele>
				<time>2026-06-15T20:10:53Z</time>
			</trkpt>
			<trkpt lat="46.876957" lon="-121.725342">
				<ele>2602.466064</ele>
				<time>2026-06-15T20:10:59Z</time>
			</trkpt>
			<trkpt lat="46.877007" lon="-121.725311">
				<ele>2598.436768</ele>
				<time>2026-06-15T20:11:11Z</time>
			</trkpt>
			<trkpt lat="46.877022" lon="-121.725304">
				<ele>2599.062012</ele>
				<time>2026-06-15T20:11:14Z</time>
			</trkpt>
			<trkpt lat="46.877041" lon="-121.725288">
				<ele>2595.274658</ele>
				<time>2026-06-15T20:11:26Z</time>
			</trkpt>
			<trkpt lat="46.87706" lon="-121.725258">
				<ele>2595.841797</ele>
				<time>2026-06-15T20:11:32Z</time>
			</trkpt>
			<trkpt lat="46.877106" lon="-121.725243">
				<ele>2593.497803</ele>
				<time>2026-06-15T20:11:46Z</time>
			</trkpt>
			<trkpt lat="46.877129" lon="-121.72522">
				<ele>2593.229736</ele>
				<time>2026-06-15T20:12:01Z</time>
			</trkpt>
			<trkpt lat="46.877228" lon="-121.725136">
				<ele>2587.602295</ele>
				<time>2026-06-15T20:12:35Z</time>
			</trkpt>
			<trkpt lat="46.87727" lon="-121.72509">
				<ele>2581.749756</ele>
				<time>2026-06-15T20:12:52Z</time>
			</trkpt>
			<trkpt lat="46.877285" lon="-121.725067">
				<ele>2581.913086</ele>
				<time>2026-06-15T20:12:57Z</time>
			</trkpt>
			<trkpt lat="46.877323" lon="-121.725044">
				<ele>2581.210938</ele>
				<time>2026-06-15T20:13:06Z</time>
			</trkpt>
			<trkpt lat="46.877419" lon="-121.72496">
				<ele>2575.627686</ele>
				<time>2026-06-15T20:13:44Z</time>
			</trkpt>
			<trkpt lat="46.877499" lon="-121.724899">
				<ele>2570.172852</ele>
				<time>2026-06-15T20:13:52Z</time>
			</trkpt>
			<trkpt lat="46.877583" lon="-121.724861">
				<ele>2562.407715</ele>
				<time>2026-06-15T20:13:55Z</time>
			</trkpt>
			<trkpt lat="46.877846" lon="-121.724686">
				<ele>2541.486328</ele>
				<time>2026-06-15T20:14:02Z</time>
			</trkpt>
			<trkpt lat="46.877964" lon="-121.724586">
				<ele>2536.05835</ele>
				<time>2026-06-15T20:14:06Z</time>
			</trkpt>
			<trkpt lat="46.878048" lon="-121.724571">
				<ele>2532.005371</ele>
				<time>2026-06-15T20:14:08Z</time>
			</trkpt>
			<trkpt lat="46.878185" lon="-121.724426">
				<ele>2522.920654</ele>
				<time>2026-06-15T20:14:14Z</time>
			</trkpt>
			<trkpt lat="46.878239" lon="-121.724396">
				<ele>2515.193359</ele>
				<time>2026-06-15T20:14:17Z</time>
			</trkpt>
			<trkpt lat="46.878265" lon="-121.724365">
				<ele>2515.443604</ele>
				<time>2026-06-15T20:14:19Z</time>
			</trkpt>
			<trkpt lat="46.878338" lon="-121.724297">
				<ele>2512.602295</ele>
				<time>2026-06-15T20:14:23Z</time>
			</trkpt>
			<trkpt lat="46.878365" lon="-121.724228">
				<ele>2510.661133</ele>
				<time>2026-06-15T20:14:25Z</time>
			</trkpt>
			<trkpt lat="46.878418" lon="-121.724174">
				<ele>2503.739014</ele>
				<time>2026-06-15T20:14:30Z</time>
			</trkpt>
			<trkpt lat="46.878456" lon="-121.724121">
				<ele>2501.784424</ele>
				<time>2026-06-15T20:14:33Z</time>
			</trkpt>
			<trkpt lat="46.878483" lon="-121.724075">
				<ele>2501.262207</ele>
				<time>2026-06-15T20:14:35Z</time>
			</trkpt>
			<trkpt lat="46.878551" lon="-121.724014">
				<ele>2498.050781</ele>
				<time>2026-06-15T20:14:51Z</time>
			</trkpt>
			<trkpt lat="46.878593" lon="-121.723976">
				<ele>2498.80249</ele>
				<time>2026-06-15T20:15:00Z</time>
			</trkpt>
			<trkpt lat="46.878643" lon="-121.723923">
				<ele>2494.689941</ele>
				<time>2026-06-15T20:15:17Z</time>
			</trkpt>
			<trkpt lat="46.878662" lon="-121.723892">
				<ele>2494.707031</ele>
				<time>2026-06-15T20:15:23Z</time>
			</trkpt>
			<trkpt lat="46.878685" lon="-121.723869">
				<ele>2491.320801</ele>
				<time>2026-06-15T20:15:28Z</time>
			</trkpt>
			<trkpt lat="46.878708" lon="-121.723839">
				<ele>2491.009277</ele>
				<time>2026-06-15T20:15:32Z</time>
			</trkpt>
			<trkpt lat="46.878727" lon="-121.723816">
				<ele>2488.99707</ele>
				<time>2026-06-15T20:15:36Z</time>
			</trkpt>
			<trkpt lat="46.878742" lon="-121.723785">
				<ele>2489.995117</ele>
				<time>2026-06-15T20:15:42Z</time>
			</trkpt>
			<trkpt lat="46.878811" lon="-121.723717">
				<ele>2485.071045</ele>
				<time>2026-06-15T20:15:53Z</time>
			</trkpt>
			<trkpt lat="46.878826" lon="-121.723694">
				<ele>2485.873779</ele>
				<time>2026-06-15T20:15:56Z</time>
			</trkpt>
			<trkpt lat="46.878891" lon="-121.723618">
				<ele>2478.885742</ele>
				<time>2026-06-15T20:16:13Z</time>
			</trkpt>
			<trkpt lat="46.87891" lon="-121.723587">
				<ele>2478.594971</ele>
				<time>2026-06-15T20:16:16Z</time>
			</trkpt>
			<trkpt lat="46.878925" lon="-121.723557">
				<ele>2478.570557</ele>
				<time>2026-06-15T20:16:24Z</time>
			</trkpt>
			<trkpt lat="46.878952" lon="-121.723503">
				<ele>2475.990723</ele>
				<time>2026-06-15T20:16:28Z</time>
			</trkpt>
			<trkpt lat="46.879005" lon="-121.723373">
				<ele>2467.955566</ele>
				<time>2026-06-15T20:16:36Z</time>
			</trkpt>
			<trkpt lat="46.879047" lon="-121.723328">
				<ele>2465.614258</ele>
				<time>2026-06-15T20:16:38Z</time>
			</trkpt>
			<trkpt lat="46.879063" lon="-121.723305">
				<ele>2462.125732</ele>
				<time>2026-06-15T20:16:39Z</time>
			</trkpt>
			<trkpt lat="46.879105" lon="-121.723228">
				<ele>2459.666748</ele>
				<time>2026-06-15T20:16:41Z</time>
			</trkpt>
			<trkpt lat="46.87912" lon="-121.72319">
				<ele>2456.329834</ele>
				<time>2026-06-15T20:16:42Z</time>
			</trkpt>
			<trkpt lat="46.879147" lon="-121.723145">
				<ele>2454.364014</ele>
				<time>2026-06-15T20:16:43Z</time>
			</trkpt>
			<trkpt lat="46.879185" lon="-121.723053">
				<ele>2452.196533</ele>
				<time>2026-06-15T20:16:45Z</time>
			</trkpt>
			<trkpt lat="46.879227" lon="-121.722969">
				<ele>2447.89624</ele>
				<time>2026-06-15T20:16:47Z</time>
			</trkpt>
			<trkpt lat="46.879253" lon="-121.722939">
				<ele>2447.911377</ele>
				<time>2026-06-15T20:16:48Z</time>
			</trkpt>
			<trkpt lat="46.87933" lon="-121.722801">
				<ele>2437.444092</ele>
				<time>2026-06-15T20:16:52Z</time>
			</trkpt>
			<trkpt lat="46.879402" lon="-121.722702">
				<ele>2432.660156</ele>
				<time>2026-06-15T20:16:54Z</time>
			</trkpt>
			<trkpt lat="46.879501" lon="-121.722557">
				<ele>2423.447754</ele>
				<time>2026-06-15T20:16:58Z</time>
			</trkpt>
			<trkpt lat="46.879532" lon="-121.722519">
				<ele>2422.383057</ele>
				<time>2026-06-15T20:16:59Z</time>
			</trkpt>
			<trkpt lat="46.879623" lon="-121.72245">
				<ele>2417.415527</ele>
				<time>2026-06-15T20:17:02Z</time>
			</trkpt>
			<trkpt lat="46.879658" lon="-121.722382">
				<ele>2414.233154</ele>
				<time>2026-06-15T20:17:04Z</time>
			</trkpt>
			<trkpt lat="46.879692" lon="-121.722359">
				<ele>2413.770752</ele>
				<time>2026-06-15T20:17:06Z</time>
			</trkpt>
			<trkpt lat="46.879726" lon="-121.722336">
				<ele>2410.947998</ele>
				<time>2026-06-15T20:17:08Z</time>
			</trkpt>
			<trkpt lat="46.879761" lon="-121.722275">
				<ele>2408.518555</ele>
				<time>2026-06-15T20:17:10Z</time>
			</trkpt>
			<trkpt lat="46.879898" lon="-121.722176">
				<ele>2400.907715</ele>
				<time>2026-06-15T20:17:15Z</time>
			</trkpt>
			<trkpt lat="46.879917" lon="-121.722145">
				<ele>2402.523193</ele>
				<time>2026-06-15T20:17:16Z</time>
			</trkpt>
			<trkpt lat="46.879986" lon="-121.722107">
				<ele>2394.81958</ele>
				<time>2026-06-15T20:17:23Z</time>
			</trkpt>
			<trkpt lat="46.88002" lon="-121.722061">
				<ele>2393.951416</ele>
				<time>2026-06-15T20:17:25Z</time>
			</trkpt>
			<trkpt lat="46.880058" lon="-121.722008">
				<ele>2393.772461</ele>
				<time>2026-06-15T20:17:27Z</time>
			</trkpt>
			<trkpt lat="46.88018" lon="-121.721886">
				<ele>2384.253906</ele>
				<time>2026-06-15T20:17:34Z</time>
			</trkpt>
			<trkpt lat="46.880234" lon="-121.721848">
				<ele>2383.871582</ele>
				<time>2026-06-15T20:17:36Z</time>
			</trkpt>
			<trkpt lat="46.880348" lon="-121.721771">
				<ele>2373.064453</ele>
				<time>2026-06-15T20:17:45Z</time>
			</trkpt>
			<trkpt lat="46.880383" lon="-121.721718">
				<ele>2371.780273</ele>
				<time>2026-06-15T20:17:47Z</time>
			</trkpt>
			<trkpt lat="46.880413" lon="-121.72168">
				<ele>2366.114502</ele>
				<time>2026-06-15T20:17:49Z</time>
			</trkpt>
			<trkpt lat="46.880486" lon="-121.721611">
				<ele>2362.672852</ele>
				<time>2026-06-15T20:17:55Z</time>
			</trkpt>
			<trkpt lat="46.880508" lon="-121.721581">
				<ele>2359.910645</ele>
				<time>2026-06-15T20:17:58Z</time>
			</trkpt>
			<trkpt lat="46.880558" lon="-121.721527">
				<ele>2360.028809</ele>
				<time>2026-06-15T20:18:08Z</time>
			</trkpt>
			<trkpt lat="46.880596" lon="-121.721474">
				<ele>2359.538818</ele>
				<time>2026-06-15T20:18:15Z</time>
			</trkpt>
			<trkpt lat="46.880737" lon="-121.721321">
				<ele>2349.95874</ele>
				<time>2026-06-15T20:18:31Z</time>
			</trkpt>
			<trkpt lat="46.880779" lon="-121.721252">
				<ele>2347.503906</ele>
				<time>2026-06-15T20:18:35Z</time>
			</trkpt>
			<trkpt lat="46.880821" lon="-121.721191">
				<ele>2347.554199</ele>
				<time>2026-06-15T20:18:42Z</time>
			</trkpt>
			<trkpt lat="46.880894" lon="-121.72113">
				<ele>2342.289063</ele>
				<time>2026-06-15T20:18:53Z</time>
			</trkpt>
			<trkpt lat="46.880924" lon="-121.7211">
				<ele>2342.855957</ele>
				<time>2026-06-15T20:18:56Z</time>
			</trkpt>
			<trkpt lat="46.880943" lon="-121.721054">
				<ele>2338.626709</ele>
				<time>2026-06-15T20:19:02Z</time>
			</trkpt>
			<trkpt lat="46.881088" lon="-121.720833">
				<ele>2325.962646</ele>
				<time>2026-06-15T20:19:15Z</time>
			</trkpt>
			<trkpt lat="46.881161" lon="-121.720711">
				<ele>2321.9104</ele>
				<time>2026-06-15T20:19:22Z</time>
			</trkpt>
			<trkpt lat="46.881241" lon="-121.72065">
				<ele>2318.427246</ele>
				<time>2026-06-15T20:19:28Z</time>
			</trkpt>
			<trkpt lat="46.881496" lon="-121.720474">
				<ele>2299.698242</ele>
				<time>2026-06-15T20:19:40Z</time>
			</trkpt>
			<trkpt lat="46.881523" lon="-121.720451">
				<ele>2298.194092</ele>
				<time>2026-06-15T20:19:41Z</time>
			</trkpt>
			<trkpt lat="46.881546" lon="-121.720444">
				<ele>2298.140137</ele>
				<time>2026-06-15T20:19:42Z</time>
			</trkpt>
			<trkpt lat="46.881592" lon="-121.720428">
				<ele>2295.846191</ele>
				<time>2026-06-15T20:19:45Z</time>
			</trkpt>
			<trkpt lat="46.881676" lon="-121.720413">
				<ele>2291.081787</ele>
				<time>2026-06-15T20:19:53Z</time>
			</trkpt>
			<trkpt lat="46.881691" lon="-121.720436">
				<ele>2289.415771</ele>
				<time>2026-06-15T20:19:56Z</time>
			</trkpt>
			<trkpt lat="46.881752" lon="-121.720436">
				<ele>2288.417725</ele>
				<time>2026-06-15T20:19:58Z</time>
			</trkpt>
			<trkpt lat="46.881859" lon="-121.720451">
				<ele>2281.784912</ele>
				<time>2026-06-15T20:20:02Z</time>
			</trkpt>
			<trkpt lat="46.881996" lon="-121.720467">
				<ele>2270.093994</ele>
				<time>2026-06-15T20:20:07Z</time>
			</trkpt>
			<trkpt lat="46.882015" lon="-121.72049">
				<ele>2270.079102</ele>
				<time>2026-06-15T20:20:08Z</time>
			</trkpt>
			<trkpt lat="46.882061" lon="-121.72049">
				<ele>2269.097168</ele>
				<time>2026-06-15T20:20:10Z</time>
			</trkpt>
			<trkpt lat="46.882103" lon="-121.720497">
				<ele>2266.05835</ele>
				<time>2026-06-15T20:20:12Z</time>
			</trkpt>
			<trkpt lat="46.882217" lon="-121.720474">
				<ele>2260.121582</ele>
				<time>2026-06-15T20:20:17Z</time>
			</trkpt>
			<trkpt lat="46.882282" lon="-121.720451">
				<ele>2258.625732</ele>
				<time>2026-06-15T20:20:20Z</time>
			</trkpt>
			<trkpt lat="46.882305" lon="-121.720444">
				<ele>2257.012451</ele>
				<time>2026-06-15T20:20:21Z</time>
			</trkpt>
			<trkpt lat="46.882343" lon="-121.720406">
				<ele>2255.595703</ele>
				<time>2026-06-15T20:20:24Z</time>
			</trkpt>
			<trkpt lat="46.882458" lon="-121.720314">
				<ele>2246.687012</ele>
				<time>2026-06-15T20:20:29Z</time>
			</trkpt>
			<trkpt lat="46.882492" lon="-121.720291">
				<ele>2246.437256</ele>
				<time>2026-06-15T20:20:30Z</time>
			</trkpt>
			<trkpt lat="46.882607" lon="-121.720245">
				<ele>2237.922852</ele>
				<time>2026-06-15T20:20:33Z</time>
			</trkpt>
			<trkpt lat="46.882671" lon="-121.720184">
				<ele>2234.236816</ele>
				<time>2026-06-15T20:20:35Z</time>
			</trkpt>
			<trkpt lat="46.882736" lon="-121.720116">
				<ele>2227.134033</ele>
				<time>2026-06-15T20:20:37Z</time>
			</trkpt>
			<trkpt lat="46.882801" lon="-121.720047">
				<ele>2222.688721</ele>
				<time>2026-06-15T20:20:39Z</time>
			</trkpt>
			<trkpt lat="46.88287" lon="-121.720016">
				<ele>2217.712646</ele>
				<time>2026-06-15T20:20:41Z</time>
			</trkpt>
			<trkpt lat="46.8829" lon="-121.719994">
				<ele>2216.908691</ele>
				<time>2026-06-15T20:20:42Z</time>
			</trkpt>
			<trkpt lat="46.882927" lon="-121.719978">
				<ele>2216.826416</ele>
				<time>2026-06-15T20:20:43Z</time>
			</trkpt>
			<trkpt lat="46.883045" lon="-121.719887">
				<ele>2212.401367</ele>
				<time>2026-06-15T20:20:48Z</time>
			</trkpt>
			<trkpt lat="46.883194" lon="-121.719772">
				<ele>2202.571289</ele>
				<time>2026-06-15T20:20:58Z</time>
			</trkpt>
			<trkpt lat="46.883232" lon="-121.719742">
				<ele>2198.541748</ele>
				<time>2026-06-15T20:21:00Z</time>
			</trkpt>
			<trkpt lat="46.883259" lon="-121.719704">
				<ele>2198.079346</ele>
				<time>2026-06-15T20:21:02Z</time>
			</trkpt>
			<trkpt lat="46.883289" lon="-121.719673">
				<ele>2196.272217</ele>
				<time>2026-06-15T20:21:05Z</time>
			</trkpt>
			<trkpt lat="46.883324" lon="-121.719635">
				<ele>2196.209229</ele>
				<time>2026-06-15T20:21:13Z</time>
			</trkpt>
			<trkpt lat="46.883354" lon="-121.719589">
				<ele>2195.638184</ele>
				<time>2026-06-15T20:21:21Z</time>
			</trkpt>
			<trkpt lat="46.883389" lon="-121.719551">
				<ele>2191.717041</ele>
				<time>2026-06-15T20:21:29Z</time>
			</trkpt>
			<trkpt lat="46.883514" lon="-121.719368">
				<ele>2184.561035</ele>
				<time>2026-06-15T20:21:53Z</time>
			</trkpt>
			<trkpt lat="46.883537" lon="-121.719322">
				<ele>2179.741699</ele>
				<time>2026-06-15T20:21:59Z</time>
			</trkpt>
			<trkpt lat="46.883564" lon="-121.719307">
				<ele>2181.38623</ele>
				<time>2026-06-15T20:22:01Z</time>
			</trkpt>
			<trkpt lat="46.883583" lon="-121.719276">
				<ele>2181.199707</ele>
				<time>2026-06-15T20:22:04Z</time>
			</trkpt>
			<trkpt lat="46.883682" lon="-121.71917">
				<ele>2173.063721</ele>
				<time>2026-06-15T20:22:20Z</time>
			</trkpt>
			<trkpt lat="46.883713" lon="-121.719131">
				<ele>2174.526123</ele>
				<time>2026-06-15T20:22:26Z</time>
			</trkpt>
			<trkpt lat="46.883732" lon="-121.719109">
				<ele>2174.392822</ele>
				<time>2026-06-15T20:22:28Z</time>
			</trkpt>
			<trkpt lat="46.883793" lon="-121.71904">
				<ele>2169.79248</ele>
				<time>2026-06-15T20:22:39Z</time>
			</trkpt>
			<trkpt lat="46.883812" lon="-121.719025">
				<ele>2170.526367</ele>
				<time>2026-06-15T20:22:42Z</time>
			</trkpt>
			<trkpt lat="46.883831" lon="-121.719009">
				<ele>2169.666504</ele>
				<time>2026-06-15T20:22:45Z</time>
			</trkpt>
			<trkpt lat="46.883869" lon="-121.718925">
				<ele>2162.705811</ele>
				<time>2026-06-15T20:22:56Z</time>
			</trkpt>
			<trkpt lat="46.883884" lon="-121.718903">
				<ele>2163.728516</ele>
				<time>2026-06-15T20:22:59Z</time>
			</trkpt>
			<trkpt lat="46.883923" lon="-121.718887">
				<ele>2161.1521</ele>
				<time>2026-06-15T20:23:05Z</time>
			</trkpt>
			<trkpt lat="46.883972" lon="-121.718834">
				<ele>2164.368164</ele>
				<time>2026-06-15T20:23:11Z</time>
			</trkpt>
			<trkpt lat="46.884033" lon="-121.718765">
				<ele>2157.4375</ele>
				<time>2026-06-15T20:23:24Z</time>
			</trkpt>
			<trkpt lat="46.884102" lon="-121.718697">
				<ele>2154.892578</ele>
				<time>2026-06-15T20:23:35Z</time>
			</trkpt>
			<trkpt lat="46.884121" lon="-121.718689">
				<ele>2152.290527</ele>
				<time>2026-06-15T20:23:37Z</time>
			</trkpt>
			<trkpt lat="46.884136" lon="-121.718666">
				<ele>2153.953857</ele>
				<time>2026-06-15T20:23:39Z</time>
			</trkpt>
			<trkpt lat="46.88419" lon="-121.718613">
				<ele>2150.026855</ele>
				<time>2026-06-15T20:23:54Z</time>
			</trkpt>
			<trkpt lat="46.884201" lon="-121.718582">
				<ele>2153.09082</ele>
				<time>2026-06-15T20:23:57Z</time>
			</trkpt>
			<trkpt lat="46.88422" lon="-121.718567">
				<ele>2149.916748</ele>
				<time>2026-06-15T20:24:00Z</time>
			</trkpt>
			<trkpt lat="46.884243" lon="-121.718559">
				<ele>2150.018311</ele>
				<time>2026-06-15T20:24:04Z</time>
			</trkpt>
			<trkpt lat="46.88427" lon="-121.718506">
				<ele>2147.419189</ele>
				<time>2026-06-15T20:24:12Z</time>
			</trkpt>
			<trkpt lat="46.884285" lon="-121.718483">
				<ele>2148.9729</ele>
				<time>2026-06-15T20:24:15Z</time>
			</trkpt>
			<trkpt lat="46.884304" lon="-121.718468">
				<ele>2147.342285</ele>
				<time>2026-06-15T20:24:19Z</time>
			</trkpt>
			<trkpt lat="46.884315" lon="-121.71843">
				<ele>2151.782959</ele>
				<time>2026-06-15T20:24:22Z</time>
			</trkpt>
			<trkpt lat="46.884335" lon="-121.718422">
				<ele>2144.388184</ele>
				<time>2026-06-15T20:24:28Z</time>
			</trkpt>
			<trkpt lat="46.884354" lon="-121.718391">
				<ele>2142.371826</ele>
				<time>2026-06-15T20:24:31Z</time>
			</trkpt>
			<trkpt lat="46.884365" lon="-121.718369">
				<ele>2144.778809</ele>
				<time>2026-06-15T20:24:33Z</time>
			</trkpt>
			<trkpt lat="46.884377" lon="-121.718338">
				<ele>2141.944824</ele>
				<time>2026-06-15T20:24:55Z</time>
			</trkpt>
			<trkpt lat="46.884399" lon="-121.718307">
				<ele>2143.429199</ele>
				<time>2026-06-15T20:24:58Z</time>
			</trkpt>
			<trkpt lat="46.884434" lon="-121.718246">
				<ele>2140.585449</ele>
				<time>2026-06-15T20:25:07Z</time>
			</trkpt>
			<trkpt lat="46.88446" lon="-121.718224">
				<ele>2140.689697</ele>
				<time>2026-06-15T20:25:12Z</time>
			</trkpt>
			<trkpt lat="46.884491" lon="-121.718208">
				<ele>2139.456299</ele>
				<time>2026-06-15T20:25:15Z</time>
			</trkpt>
			<trkpt lat="46.884533" lon="-121.718132">
				<ele>2133.897705</ele>
				<time>2026-06-15T20:25:28Z</time>
			</trkpt>
			<trkpt lat="46.884583" lon="-121.718056">
				<ele>2132.983643</ele>
				<time>2026-06-15T20:25:35Z</time>
			</trkpt>
			<trkpt lat="46.884598" lon="-121.718033">
				<ele>2128.638672</ele>
				<time>2026-06-15T20:25:40Z</time>
			</trkpt>
			<trkpt lat="46.884613" lon="-121.71801">
				<ele>2130.094971</ele>
				<time>2026-06-15T20:25:44Z</time>
			</trkpt>
			<trkpt lat="46.884655" lon="-121.717979">
				<ele>2128.928223</ele>
				<time>2026-06-15T20:25:49Z</time>
			</trkpt>
			<trkpt lat="46.884682" lon="-121.717918">
				<ele>2125.547363</ele>
				<time>2026-06-15T20:25:56Z</time>
			</trkpt>
			<trkpt lat="46.884701" lon="-121.717903">
				<ele>2126.523193</ele>
				<time>2026-06-15T20:25:58Z</time>
			</trkpt>
			<trkpt lat="46.884727" lon="-121.71785">
				<ele>2125.234131</ele>
				<time>2026-06-15T20:26:03Z</time>
			</trkpt>
			<trkpt lat="46.884743" lon="-121.717834">
				<ele>2122.930908</ele>
				<time>2026-06-15T20:26:06Z</time>
			</trkpt>
			<trkpt lat="46.884766" lon="-121.717819">
				<ele>2123.473145</ele>
				<time>2026-06-15T20:26:09Z</time>
			</trkpt>
			<trkpt lat="46.884792" lon="-121.717766">
				<ele>2122.975098</ele>
				<time>2026-06-15T20:26:15Z</time>
			</trkpt>
			<trkpt lat="46.884815" lon="-121.71772">
				<ele>2120.843262</ele>
				<time>2026-06-15T20:26:22Z</time>
			</trkpt>
			<trkpt lat="46.884872" lon="-121.717674">
				<ele>2119.248047</ele>
				<time>2026-06-15T20:26:30Z</time>
			</trkpt>
			<trkpt lat="46.884903" lon="-121.717621">
				<ele>2118.734619</ele>
				<time>2026-06-15T20:26:39Z</time>
			</trkpt>
			<trkpt lat="46.88496" lon="-121.717583">
				<ele>2113.0979</ele>
				<time>2026-06-15T20:26:51Z</time>
			</trkpt>
			<trkpt lat="46.884987" lon="-121.717537">
				<ele>2112.253418</ele>
				<time>2026-06-15T20:26:58Z</time>
			</trkpt>
			<trkpt lat="46.885006" lon="-121.717522">
				<ele>2109.939209</ele>
				<time>2026-06-15T20:27:00Z</time>
			</trkpt>
			<trkpt lat="46.885033" lon="-121.717484">
				<ele>2112.313232</ele>
				<time>2026-06-15T20:27:04Z</time>
			</trkpt>
			<trkpt lat="46.885139" lon="-121.717369">
				<ele>2104.04126</ele>
				<time>2026-06-15T20:27:31Z</time>
			</trkpt>
			<trkpt lat="46.885231" lon="-121.717316">
				<ele>2100.822021</ele>
				<time>2026-06-15T20:27:44Z</time>
			</trkpt>
			<trkpt lat="46.885254" lon="-121.717293">
				<ele>2101.524902</ele>
				<time>2026-06-15T20:27:46Z</time>
			</trkpt>
			<trkpt lat="46.885262" lon="-121.717262">
				<ele>2101.711426</ele>
				<time>2026-06-15T20:27:49Z</time>
			</trkpt>
			<trkpt lat="46.885288" lon="-121.717239">
				<ele>2097.562744</ele>
				<time>2026-06-15T20:27:55Z</time>
			</trkpt>
			<trkpt lat="46.885303" lon="-121.717216">
				<ele>2099.200439</ele>
				<time>2026-06-15T20:27:58Z</time>
			</trkpt>
			<trkpt lat="46.885319" lon="-121.717186">
				<ele>2098.428711</ele>
				<time>2026-06-15T20:28:01Z</time>
			</trkpt>
			<trkpt lat="46.885334" lon="-121.717163">
				<ele>2094.478027</ele>
				<time>2026-06-15T20:28:05Z</time>
			</trkpt>
			<trkpt lat="46.885357" lon="-121.71714">
				<ele>2095.277588</ele>
				<time>2026-06-15T20:28:09Z</time>
			</trkpt>
			<trkpt lat="46.885387" lon="-121.717102">
				<ele>2092.165039</ele>
				<time>2026-06-15T20:28:13Z</time>
			</trkpt>
			<trkpt lat="46.885429" lon="-121.717079">
				<ele>2093.639404</ele>
				<time>2026-06-15T20:28:17Z</time>
			</trkpt>
			<trkpt lat="46.885529" lon="-121.717033">
				<ele>2086.695068</ele>
				<time>2026-06-15T20:28:41Z</time>
			</trkpt>
			<trkpt lat="46.885582" lon="-121.717033">
				<ele>2085.292969</ele>
				<time>2026-06-15T20:29:22Z</time>
			</trkpt>
			<trkpt lat="46.885616" lon="-121.716995">
				<ele>2082.753906</ele>
				<time>2026-06-15T20:29:31Z</time>
			</trkpt>
			<trkpt lat="46.885658" lon="-121.71698">
				<ele>2082.374023</ele>
				<time>2026-06-15T20:29:39Z</time>
			</trkpt>
			<trkpt lat="46.885696" lon="-121.716972">
				<ele>2081.426758</ele>
				<time>2026-06-15T20:29:46Z</time>
			</trkpt>
			<trkpt lat="46.885727" lon="-121.716957">
				<ele>2077.834473</ele>
				<time>2026-06-15T20:29:50Z</time>
			</trkpt>
			<trkpt lat="46.885792" lon="-121.716942">
				<ele>2078.998291</ele>
				<time>2026-06-15T20:29:56Z</time>
			</trkpt>
			<trkpt lat="46.885853" lon="-121.716934">
				<ele>2077.125</ele>
				<time>2026-06-15T20:30:03Z</time>
			</trkpt>
			<trkpt lat="46.88588" lon="-121.716919">
				<ele>2078.249756</ele>
				<time>2026-06-15T20:30:06Z</time>
			</trkpt>
			<trkpt lat="46.885906" lon="-121.716911">
				<ele>2076.12915</ele>
				<time>2026-06-15T20:30:09Z</time>
			</trkpt>
			<trkpt lat="46.885933" lon="-121.716911">
				<ele>2076.45459</ele>
				<time>2026-06-15T20:30:12Z</time>
			</trkpt>
			<trkpt lat="46.885963" lon="-121.716896">
				<ele>2076.225098</ele>
				<time>2026-06-15T20:30:15Z</time>
			</trkpt>
			<trkpt lat="46.886051" lon="-121.716866">
				<ele>2070.581055</ele>
				<time>2026-06-15T20:30:27Z</time>
			</trkpt>
			<trkpt lat="46.886116" lon="-121.716827">
				<ele>2063.421631</ele>
				<time>2026-06-15T20:30:35Z</time>
			</trkpt>
			<trkpt lat="46.886143" lon="-121.71682">
				<ele>2065.361572</ele>
				<time>2026-06-15T20:30:37Z</time>
			</trkpt>
			<trkpt lat="46.886162" lon="-121.71682">
				<ele>2064.368896</ele>
				<time>2026-06-15T20:30:40Z</time>
			</trkpt>
			<trkpt lat="46.886181" lon="-121.71682">
				<ele>2065.019531</ele>
				<time>2026-06-15T20:30:42Z</time>
			</trkpt>
			<trkpt lat="46.886204" lon="-121.716812">
				<ele>2064.513672</ele>
				<time>2026-06-15T20:30:45Z</time>
			</trkpt>
			<trkpt lat="46.886227" lon="-121.716805">
				<ele>2062.648682</ele>
				<time>2026-06-15T20:30:48Z</time>
			</trkpt>
			<trkpt lat="46.886227" lon="-121.716766">
				<ele>2063.676758</ele>
				<time>2026-06-15T20:30:52Z</time>
			</trkpt>
			<trkpt lat="46.88625" lon="-121.716751">
				<ele>2062.871582</ele>
				<time>2026-06-15T20:30:56Z</time>
			</trkpt>
			<trkpt lat="46.886272" lon="-121.716766">
				<ele>2058.006348</ele>
				<time>2026-06-15T20:31:00Z</time>
			</trkpt>
			<trkpt lat="46.886295" lon="-121.716782">
				<ele>2057.476318</ele>
				<time>2026-06-15T20:31:03Z</time>
			</trkpt>
			<trkpt lat="46.886314" lon="-121.716782">
				<ele>2060.101563</ele>
				<time>2026-06-15T20:31:05Z</time>
			</trkpt>
			<trkpt lat="46.886337" lon="-121.716789">
				<ele>2060.386963</ele>
				<time>2026-06-15T20:31:07Z</time>
			</trkpt>
			<trkpt lat="46.886356" lon="-121.716782">
				<ele>2059.574707</ele>
				<time>2026-06-15T20:31:10Z</time>
			</trkpt>
			<trkpt lat="46.886383" lon="-121.716766">
				<ele>2060.431152</ele>
				<time>2026-06-15T20:31:12Z</time>
			</trkpt>
			<trkpt lat="46.886436" lon="-121.716751">
				<ele>2054.817139</ele>
				<time>2026-06-15T20:31:20Z</time>
			</trkpt>
			<trkpt lat="46.886452" lon="-121.716736">
				<ele>2055.218506</ele>
				<time>2026-06-15T20:31:22Z</time>
			</trkpt>
			<trkpt lat="46.886475" lon="-121.716721">
				<ele>2055.240967</ele>
				<time>2026-06-15T20:31:24Z</time>
			</trkpt>
			<trkpt lat="46.886517" lon="-121.716728">
				<ele>2057.517334</ele>
				<time>2026-06-15T20:31:28Z</time>
			</trkpt>
			<trkpt lat="46.886555" lon="-121.716705">
				<ele>2054.237793</ele>
				<time>2026-06-15T20:31:33Z</time>
			</trkpt>
			<trkpt lat="46.886578" lon="-121.71669">
				<ele>2055.25708</ele>
				<time>2026-06-15T20:31:36Z</time>
			</trkpt>
			<trkpt lat="46.886616" lon="-121.716652">
				<ele>2053.416992</ele>
				<time>2026-06-15T20:31:40Z</time>
			</trkpt>
			<trkpt lat="46.886684" lon="-121.716614">
				<ele>2055.615234</ele>
				<time>2026-06-15T20:31:47Z</time>
			</trkpt>
			<trkpt lat="46.886711" lon="-121.716599">
				<ele>2053.86792</ele>
				<time>2026-06-15T20:31:50Z</time>
			</trkpt>
			<trkpt lat="46.88673" lon="-121.716553">
				<ele>2054.988525</ele>
				<time>2026-06-15T20:31:53Z</time>
			</trkpt>
			<trkpt lat="46.886768" lon="-121.716553">
				<ele>2049.405273</ele>
				<time>2026-06-15T20:32:04Z</time>
			</trkpt>
			<trkpt lat="46.886776" lon="-121.716522">
				<ele>2048.705811</ele>
				<time>2026-06-15T20:32:08Z</time>
			</trkpt>
			<trkpt lat="46.886791" lon="-121.716492">
				<ele>2048.810059</ele>
				<time>2026-06-15T20:32:11Z</time>
			</trkpt>
			<trkpt lat="46.886799" lon="-121.716461">
				<ele>2049.663086</ele>
				<time>2026-06-15T20:32:15Z</time>
			</trkpt>
			<trkpt lat="46.886822" lon="-121.716446">
				<ele>2049.543945</ele>
				<time>2026-06-15T20:32:17Z</time>
			</trkpt>
			<trkpt lat="46.886871" lon="-121.716423">
				<ele>2051.100586</ele>
				<time>2026-06-15T20:32:24Z</time>
			</trkpt>
			<trkpt lat="46.88689" lon="-121.716415">
				<ele>2051.02002</ele>
				<time>2026-06-15T20:32:26Z</time>
			</trkpt>
			<trkpt lat="46.886921" lon="-121.716354">
				<ele>2047.844482</ele>
				<time>2026-06-15T20:32:32Z</time>
			</trkpt>
			<trkpt lat="46.886944" lon="-121.716339">
				<ele>2048.026123</ele>
				<time>2026-06-15T20:32:35Z</time>
			</trkpt>
			<trkpt lat="46.886963" lon="-121.716316">
				<ele>2048.030762</ele>
				<time>2026-06-15T20:32:39Z</time>
			</trkpt>
			<trkpt lat="46.886986" lon="-121.716301">
				<ele>2048.524658</ele>
				<time>2026-06-15T20:32:41Z</time>
			</trkpt>
			<trkpt lat="46.887005" lon="-121.716286">
				<ele>2046.18396</ele>
				<time>2026-06-15T20:32:43Z</time>
			</trkpt>
			<trkpt lat="46.887028" lon="-121.716263">
				<ele>2047.067017</ele>
				<time>2026-06-15T20:32:46Z</time>
			</trkpt>
			<trkpt lat="46.887047" lon="-121.716248">
				<ele>2044.593628</ele>
				<time>2026-06-15T20:32:48Z</time>
			</trkpt>
			<trkpt lat="46.887066" lon="-121.71624">
				<ele>2045.925415</ele>
				<time>2026-06-15T20:32:50Z</time>
			</trkpt>
			<trkpt lat="46.887089" lon="-121.716225">
				<ele>2044.728394</ele>
				<time>2026-06-15T20:32:53Z</time>
			</trkpt>
			<trkpt lat="46.887108" lon="-121.716209">
				<ele>2044.575439</ele>
				<time>2026-06-15T20:32:55Z</time>
			</trkpt>
			<trkpt lat="46.887127" lon="-121.716194">
				<ele>2045.643799</ele>
				<time>2026-06-15T20:32:57Z</time>
			</trkpt>
			<trkpt lat="46.887146" lon="-121.716171">
				<ele>2045.504028</ele>
				<time>2026-06-15T20:33:00Z</time>
			</trkpt>
			<trkpt lat="46.887211" lon="-121.716133">
				<ele>2041.164429</ele>
				<time>2026-06-15T20:33:07Z</time>
			</trkpt>
			<trkpt lat="46.887238" lon="-121.716118">
				<ele>2041.060303</ele>
				<time>2026-06-15T20:33:10Z</time>
			</trkpt>
			<trkpt lat="46.887257" lon="-121.71611">
				<ele>2041.28772</ele>
				<time>2026-06-15T20:33:12Z</time>
			</trkpt>
			<trkpt lat="46.887287" lon="-121.716103">
				<ele>2040.516113</ele>
				<time>2026-06-15T20:33:15Z</time>
			</trkpt>
			<trkpt lat="46.88736" lon="-121.716042">
				<ele>2041.38501</ele>
				<time>2026-06-15T20:33:23Z</time>
			</trkpt>
			<trkpt lat="46.887432" lon="-121.715981">
				<ele>2038.467041</ele>
				<time>2026-06-15T20:33:31Z</time>
			</trkpt>
			<trkpt lat="46.887463" lon="-121.715965">
				<ele>2039.34436</ele>
				<time>2026-06-15T20:33:34Z</time>
			</trkpt>
			<trkpt lat="46.887497" lon="-121.715927">
				<ele>2038.382202</ele>
				<time>2026-06-15T20:33:39Z</time>
			</trkpt>
			<trkpt lat="46.887527" lon="-121.715912">
				<ele>2038.905273</ele>
				<time>2026-06-15T20:33:41Z</time>
			</trkpt>
			<trkpt lat="46.887543" lon="-121.715881">
				<ele>2037.990479</ele>
				<time>2026-06-15T20:33:44Z</time>
			</trkpt>
			<trkpt lat="46.887569" lon="-121.715858">
				<ele>2038.612061</ele>
				<time>2026-06-15T20:33:47Z</time>
			</trkpt>
			<trkpt lat="46.887589" lon="-121.715851">
				<ele>2035.507202</ele>
				<time>2026-06-15T20:33:50Z</time>
			</trkpt>
			<trkpt lat="46.887611" lon="-121.715836">
				<ele>2034.601196</ele>
				<time>2026-06-15T20:33:52Z</time>
			</trkpt>
			<trkpt lat="46.88763" lon="-121.715828">
				<ele>2035.29895</ele>
				<time>2026-06-15T20:33:54Z</time>
			</trkpt>
			<trkpt lat="46.88765" lon="-121.715805">
				<ele>2032.041138</ele>
				<time>2026-06-15T20:33:57Z</time>
			</trkpt>
			<trkpt lat="46.887707" lon="-121.715721">
				<ele>2034.230469</ele>
				<time>2026-06-15T20:34:04Z</time>
			</trkpt>
			<trkpt lat="46.887726" lon="-121.715691">
				<ele>2033.932129</ele>
				<time>2026-06-15T20:34:07Z</time>
			</trkpt>
			<trkpt lat="46.887749" lon="-121.715683">
				<ele>2032.542236</ele>
				<time>2026-06-15T20:34:09Z</time>
			</trkpt>
			<trkpt lat="46.887772" lon="-121.715668">
				<ele>2034.03894</ele>
				<time>2026-06-15T20:34:11Z</time>
			</trkpt>
			<trkpt lat="46.887787" lon="-121.715645">
				<ele>2030.73877</ele>
				<time>2026-06-15T20:34:14Z</time>
			</trkpt>
			<trkpt lat="46.887856" lon="-121.715614">
				<ele>2025.924316</ele>
				<time>2026-06-15T20:34:21Z</time>
			</trkpt>
			<trkpt lat="46.887886" lon="-121.715569">
				<ele>2028.143311</ele>
				<time>2026-06-15T20:34:28Z</time>
			</trkpt>
			<trkpt lat="46.887905" lon="-121.715546">
				<ele>2027.645264</ele>
				<time>2026-06-15T20:34:31Z</time>
			</trkpt>
			<trkpt lat="46.887924" lon="-121.715477">
				<ele>2028.92749</ele>
				<time>2026-06-15T20:34:40Z</time>
			</trkpt>
			<trkpt lat="46.887951" lon="-121.715462">
				<ele>2030.053833</ele>
				<time>2026-06-15T20:34:44Z</time>
			</trkpt>
			<trkpt lat="46.887974" lon="-121.715454">
				<ele>2028.264771</ele>
				<time>2026-06-15T20:34:47Z</time>
			</trkpt>
			<trkpt lat="46.887989" lon="-121.715431">
				<ele>2030.429565</ele>
				<time>2026-06-15T20:34:50Z</time>
			</trkpt>
			<trkpt lat="46.888012" lon="-121.715401">
				<ele>2031.115723</ele>
				<time>2026-06-15T20:34:53Z</time>
			</trkpt>
			<trkpt lat="46.888031" lon="-121.715385">
				<ele>2029.197144</ele>
				<time>2026-06-15T20:34:56Z</time>
			</trkpt>
			<trkpt lat="46.888058" lon="-121.71537">
				<ele>2029.532349</ele>
				<time>2026-06-15T20:35:00Z</time>
			</trkpt>
			<trkpt lat="46.888081" lon="-121.715355">
				<ele>2027.922241</ele>
				<time>2026-06-15T20:35:04Z</time>
			</trkpt>
			<trkpt lat="46.888134" lon="-121.715294">
				<ele>2030.567993</ele>
				<time>2026-06-15T20:35:11Z</time>
			</trkpt>
			<trkpt lat="46.888168" lon="-121.715263">
				<ele>2026.439331</ele>
				<time>2026-06-15T20:35:20Z</time>
			</trkpt>
			<trkpt lat="46.888161" lon="-121.715225">
				<ele>2026.945801</ele>
				<time>2026-06-15T20:35:24Z</time>
			</trkpt>
			<trkpt lat="46.888172" lon="-121.715202">
				<ele>2026.780762</ele>
				<time>2026-06-15T20:35:29Z</time>
			</trkpt>
			<trkpt lat="46.888191" lon="-121.715187">
				<ele>2027.779297</ele>
				<time>2026-06-15T20:35:31Z</time>
			</trkpt>
			<trkpt lat="46.888214" lon="-121.715172">
				<ele>2025.876709</ele>
				<time>2026-06-15T20:35:35Z</time>
			</trkpt>
			<trkpt lat="46.888222" lon="-121.715141">
				<ele>2028.03833</ele>
				<time>2026-06-15T20:35:38Z</time>
			</trkpt>
			<trkpt lat="46.888218" lon="-121.715103">
				<ele>2028.344482</ele>
				<time>2026-06-15T20:35:41Z</time>
			</trkpt>
			<trkpt lat="46.888218" lon="-121.715073">
				<ele>2029.619629</ele>
				<time>2026-06-15T20:35:44Z</time>
			</trkpt>
			<trkpt lat="46.888218" lon="-121.715042">
				<ele>2027.48291</ele>
				<time>2026-06-15T20:35:47Z</time>
			</trkpt>
			<trkpt lat="46.888241" lon="-121.715019">
				<ele>2027.232178</ele>
				<time>2026-06-15T20:35:49Z</time>
			</trkpt>
			<trkpt lat="46.888226" lon="-121.714996">
				<ele>2027.031128</ele>
				<time>2026-06-15T20:35:53Z</time>
			</trkpt>
			<trkpt lat="46.888214" lon="-121.714973">
				<ele>2024.472046</ele>
				<time>2026-06-15T20:35:56Z</time>
			</trkpt>
			<trkpt lat="46.88821" lon="-121.714935">
				<ele>2027.398926</ele>
				<time>2026-06-15T20:36:44Z</time>
			</trkpt>
			<trkpt lat="46.888191" lon="-121.714943">
				<ele>2026.025269</ele>
				<time>2026-06-15T20:36:53Z</time>
			</trkpt>
			<trkpt lat="46.888176" lon="-121.714897">
				<ele>2027.763916</ele>
				<time>2026-06-15T20:36:59Z</time>
			</trkpt>
			<trkpt lat="46.888145" lon="-121.714897">
				<ele>2027.319214</ele>
				<time>2026-06-15T20:37:05Z</time>
			</trkpt>
			<trkpt lat="46.888176" lon="-121.71492">
				<ele>2025.790894</ele>
				<time>2026-06-15T20:43:51Z</time>
			</trkpt>
			<trkpt lat="46.888199" lon="-121.714951">
				<ele>2026.37561</ele>
				<time>2026-06-15T20:43:56Z</time>
			</trkpt>
			<trkpt lat="46.888222" lon="-121.714973">
				<ele>2025.58667</ele>
				<time>2026-06-15T20:44:00Z</time>
			</trkpt>
			<trkpt lat="46.888206" lon="-121.714943">
				<ele>2026.123657</ele>
				<time>2026-06-15T20:45:21Z</time>
			</trkpt>
			<trkpt lat="46.888195" lon="-121.714912">
				<ele>2025.203857</ele>
				<time>2026-06-15T20:45:24Z</time>
			</trkpt>
			<trkpt lat="46.888218" lon="-121.714943">
				<ele>2024.313232</ele>
				<time>2026-06-15T20:48:41Z</time>
			</trkpt>
			<trkpt lat="46.888184" lon="-121.714928">
				<ele>2024.250244</ele>
				<time>2026-06-15T20:49:39Z</time>
			</trkpt>
			<trkpt lat="46.888161" lon="-121.714958">
				<ele>2023.822144</ele>
				<time>2026-06-15T20:49:43Z</time>
			</trkpt>
			<trkpt lat="46.888172" lon="-121.714928">
				<ele>2024.314941</ele>
				<time>2026-06-15T20:50:06Z</time>
			</trkpt>
			<trkpt lat="46.888199" lon="-121.714928">
				<ele>2023.869019</ele>
				<time>2026-06-15T20:50:16Z</time>
			</trkpt>
			<trkpt lat="46.888233" lon="-121.715034">
				<ele>2027.436035</ele>
				<time>2026-06-15T20:57:09Z</time>
			</trkpt>
			<trkpt lat="46.888222" lon="-121.715103">
				<ele>2027.617676</ele>
				<time>2026-06-15T20:57:18Z</time>
			</trkpt>
			<trkpt lat="46.888248" lon="-121.715141">
				<ele>2028.695557</ele>
				<time>2026-06-15T20:57:23Z</time>
			</trkpt>
			<trkpt lat="46.888264" lon="-121.715233">
				<ele>2029.588013</ele>
				<time>2026-06-15T20:57:32Z</time>
			</trkpt>
			<trkpt lat="46.888271" lon="-121.715279">
				<ele>2030.552612</ele>
				<time>2026-06-15T20:57:36Z</time>
			</trkpt>
			<trkpt lat="46.888279" lon="-121.715324">
				<ele>2030.126221</ele>
				<time>2026-06-15T20:57:39Z</time>
			</trkpt>
			<trkpt lat="46.888264" lon="-121.715248">
				<ele>2029.270874</ele>
				<time>2026-06-15T20:58:49Z</time>
			</trkpt>
			<trkpt lat="46.888264" lon="-121.715202">
				<ele>2029.135254</ele>
				<time>2026-06-15T20:58:53Z</time>
			</trkpt>
			<trkpt lat="46.888264" lon="-121.715164">
				<ele>2027.258667</ele>
				<time>2026-06-15T20:58:56Z</time>
			</trkpt>
			<trkpt lat="46.888252" lon="-121.715134">
				<ele>2027.554688</ele>
				<time>2026-06-15T20:58:59Z</time>
			</trkpt>
			<trkpt lat="46.888233" lon="-121.715111">
				<ele>2027.112427</ele>
				<time>2026-06-15T20:59:02Z</time>
			</trkpt>
			<trkpt lat="46.888218" lon="-121.71508">
				<ele>2027.396851</ele>
				<time>2026-06-15T20:59:05Z</time>
			</trkpt>
			<trkpt lat="46.888229" lon="-121.715057">
				<ele>2025.946411</ele>
				<time>2026-06-15T20:59:09Z</time>
			</trkpt>
			<trkpt lat="46.888237" lon="-121.715027">
				<ele>2026.737671</ele>
				<time>2026-06-15T20:59:11Z</time>
			</trkpt>
			<trkpt lat="46.888226" lon="-121.715004">
				<ele>2026.314087</ele>
				<time>2026-06-15T20:59:14Z</time>
			</trkpt>
			<trkpt lat="46.888218" lon="-121.714973">
				<ele>2026.417603</ele>
				<time>2026-06-15T20:59:18Z</time>
			</trkpt>
			<trkpt lat="46.88821" lon="-121.714951">
				<ele>2026.397949</ele>
				<time>2026-06-15T20:59:26Z</time>
			</trkpt>
			<trkpt lat="46.888241" lon="-121.71492">
				<ele>2023.363403</ele>
				<time>2026-06-15T21:04:35Z</time>
			</trkpt>
			<trkpt lat="46.88826" lon="-121.714874">
				<ele>2023.02832</ele>
				<time>2026-06-15T21:04:41Z</time>
			</trkpt>
			<trkpt lat="46.888298" lon="-121.714828">
				<ele>2024.146606</ele>
				<time>2026-06-15T21:04:48Z</time>
			</trkpt>
			<trkpt lat="46.888325" lon="-121.714828">
				<ele>2023.685547</ele>
				<time>2026-06-15T21:04:52Z</time>
			</trkpt>
			<trkpt lat="46.888386" lon="-121.714752">
				<ele>2022.8302</ele>
				<time>2026-06-15T21:05:02Z</time>
			</trkpt>
			<trkpt lat="46.888393" lon="-121.714722">
				<ele>2022.817993</ele>
				<time>2026-06-15T21:05:03Z</time>
			</trkpt>
			<trkpt lat="46.888428" lon="-121.714661">
				<ele>2023.502197</ele>
				<time>2026-06-15T21:05:08Z</time>
			</trkpt>
			<trkpt lat="46.888443" lon="-121.71463">
				<ele>2023.485352</ele>
				<time>2026-06-15T21:05:11Z</time>
			</trkpt>
			<trkpt lat="46.888458" lon="-121.714569">
				<ele>2020.252075</ele>
				<time>2026-06-15T21:05:18Z</time>
			</trkpt>
			<trkpt lat="46.888477" lon="-121.714508">
				<ele>2018.88501</ele>
				<time>2026-06-15T21:05:22Z</time>
			</trkpt>
			<trkpt lat="46.888481" lon="-121.714462">
				<ele>2019.374268</ele>
				<time>2026-06-15T21:05:26Z</time>
			</trkpt>
			<trkpt lat="46.888496" lon="-121.714378">
				<ele>2018.042969</ele>
				<time>2026-06-15T21:05:33Z</time>
			</trkpt>
			<trkpt lat="46.888489" lon="-121.714348">
				<ele>2016.969727</ele>
				<time>2026-06-15T21:05:36Z</time>
			</trkpt>
			<trkpt lat="46.888496" lon="-121.714272">
				<ele>2016.159668</ele>
				<time>2026-06-15T21:05:42Z</time>
			</trkpt>
			<trkpt lat="46.888493" lon="-121.714241">
				<ele>2015.132568</ele>
				<time>2026-06-15T21:05:45Z</time>
			</trkpt>
			<trkpt lat="46.8885" lon="-121.714195">
				<ele>2014.578003</ele>
				<time>2026-06-15T21:05:47Z</time>
			</trkpt>
			<trkpt lat="46.888519" lon="-121.714172">
				<ele>2014.900024</ele>
				<time>2026-06-15T21:05:50Z</time>
			</trkpt>
			<trkpt lat="46.888523" lon="-121.714134">
				<ele>2013.872437</ele>
				<time>2026-06-15T21:05:52Z</time>
			</trkpt>
			<trkpt lat="46.888512" lon="-121.714088">
				<ele>2014.084717</ele>
				<time>2026-06-15T21:05:54Z</time>
			</trkpt>
			<trkpt lat="46.888504" lon="-121.71405">
				<ele>2013.752563</ele>
				<time>2026-06-15T21:05:56Z</time>
			</trkpt>
			<trkpt lat="46.8885" lon="-121.71402">
				<ele>2013.8302</ele>
				<time>2026-06-15T21:05:58Z</time>
			</trkpt>
			<trkpt lat="46.888538" lon="-121.713928">
				<ele>2011.108765</ele>
				<time>2026-06-15T21:06:05Z</time>
			</trkpt>
			<trkpt lat="46.888554" lon="-121.713898">
				<ele>2011.333374</ele>
				<time>2026-06-15T21:06:07Z</time>
			</trkpt>
			<trkpt lat="46.888535" lon="-121.713844">
				<ele>2010.270264</ele>
				<time>2026-06-15T21:06:12Z</time>
			</trkpt>
			<trkpt lat="46.888554" lon="-121.713783">
				<ele>2007.91333</ele>
				<time>2026-06-15T21:06:19Z</time>
			</trkpt>
			<trkpt lat="46.888546" lon="-121.713753">
				<ele>2007.809204</ele>
				<time>2026-06-15T21:06:22Z</time>
			</trkpt>
			<trkpt lat="46.888554" lon="-121.713715">
				<ele>2007.222412</ele>
				<time>2026-06-15T21:06:25Z</time>
			</trkpt>
			<trkpt lat="46.888569" lon="-121.713707">
				<ele>2005.734741</ele>
				<time>2026-06-15T21:06:28Z</time>
			</trkpt>
			<trkpt lat="46.888588" lon="-121.713684">
				<ele>2004.779175</ele>
				<time>2026-06-15T21:06:31Z</time>
			</trkpt>
			<trkpt lat="46.888603" lon="-121.713661">
				<ele>2004.75354</ele>
				<time>2026-06-15T21:06:33Z</time>
			</trkpt>
			<trkpt lat="46.888634" lon="-121.713608">
				<ele>2002.174927</ele>
				<time>2026-06-15T21:06:39Z</time>
			</trkpt>
			<trkpt lat="46.88866" lon="-121.7136">
				<ele>2002.22644</ele>
				<time>2026-06-15T21:06:40Z</time>
			</trkpt>
			<trkpt lat="46.888676" lon="-121.713615">
				<ele>2001.908813</ele>
				<time>2026-06-15T21:06:42Z</time>
			</trkpt>
			<trkpt lat="46.888691" lon="-121.713585">
				<ele>2001.639282</ele>
				<time>2026-06-15T21:06:44Z</time>
			</trkpt>
			<trkpt lat="46.888702" lon="-121.713554">
				<ele>2002.008789</ele>
				<time>2026-06-15T21:06:47Z</time>
			</trkpt>
			<trkpt lat="46.888702" lon="-121.713493">
				<ele>2000.090942</ele>
				<time>2026-06-15T21:06:55Z</time>
			</trkpt>
			<trkpt lat="46.88871" lon="-121.71347">
				<ele>1999.712158</ele>
				<time>2026-06-15T21:06:57Z</time>
			</trkpt>
			<trkpt lat="46.88871" lon="-121.713432">
				<ele>1999.800171</ele>
				<time>2026-06-15T21:07:00Z</time>
			</trkpt>
			<trkpt lat="46.888718" lon="-121.713409">
				<ele>1998.568237</ele>
				<time>2026-06-15T21:07:03Z</time>
			</trkpt>
			<trkpt lat="46.888733" lon="-121.713387">
				<ele>1998.905762</ele>
				<time>2026-06-15T21:07:05Z</time>
			</trkpt>
			<trkpt lat="46.888744" lon="-121.713364">
				<ele>1998.479126</ele>
				<time>2026-06-15T21:07:07Z</time>
			</trkpt>
			<trkpt lat="46.888752" lon="-121.713326">
				<ele>1998.731323</ele>
				<time>2026-06-15T21:07:09Z</time>
			</trkpt>
			<trkpt lat="46.888763" lon="-121.713287">
				<ele>1995.567017</ele>
				<time>2026-06-15T21:07:19Z</time>
			</trkpt>
			<trkpt lat="46.888771" lon="-121.713234">
				<ele>1994.239746</ele>
				<time>2026-06-15T21:07:25Z</time>
			</trkpt>
			<trkpt lat="46.888786" lon="-121.713211">
				<ele>1994.428223</ele>
				<time>2026-06-15T21:07:27Z</time>
			</trkpt>
			<trkpt lat="46.888817" lon="-121.713165">
				<ele>1992.297607</ele>
				<time>2026-06-15T21:07:34Z</time>
			</trkpt>
			<trkpt lat="46.888832" lon="-121.71315">
				<ele>1992.374634</ele>
				<time>2026-06-15T21:07:37Z</time>
			</trkpt>
			<trkpt lat="46.888851" lon="-121.713158">
				<ele>1992.828369</ele>
				<time>2026-06-15T21:07:40Z</time>
			</trkpt>
			<trkpt lat="46.888859" lon="-121.713127">
				<ele>1993.085083</ele>
				<time>2026-06-15T21:07:42Z</time>
			</trkpt>
			<trkpt lat="46.88887" lon="-121.713089">
				<ele>1991.869263</ele>
				<time>2026-06-15T21:07:45Z</time>
			</trkpt>
			<trkpt lat="46.888882" lon="-121.713066">
				<ele>1991.971313</ele>
				<time>2026-06-15T21:07:48Z</time>
			</trkpt>
			<trkpt lat="46.888897" lon="-121.713043">
				<ele>1991.661621</ele>
				<time>2026-06-15T21:07:52Z</time>
			</trkpt>
			<trkpt lat="46.888885" lon="-121.71302">
				<ele>1992.350342</ele>
				<time>2026-06-15T21:07:56Z</time>
			</trkpt>
			<trkpt lat="46.888878" lon="-121.712967">
				<ele>1992.026611</ele>
				<time>2026-06-15T21:08:03Z</time>
			</trkpt>
			<trkpt lat="46.888859" lon="-121.712959">
				<ele>1992.228882</ele>
				<time>2026-06-15T21:08:07Z</time>
			</trkpt>
			<trkpt lat="46.888832" lon="-121.712906">
				<ele>1990.279785</ele>
				<time>2026-06-15T21:08:26Z</time>
			</trkpt>
			<trkpt lat="46.888832" lon="-121.712875">
				<ele>1991.573242</ele>
				<time>2026-06-15T21:08:35Z</time>
			</trkpt>
			<trkpt lat="46.888828" lon="-121.712845">
				<ele>1990.282349</ele>
				<time>2026-06-15T21:08:44Z</time>
			</trkpt>
			<trkpt lat="46.888805" lon="-121.712852">
				<ele>1987.255737</ele>
				<time>2026-06-15T21:08:57Z</time>
			</trkpt>
			<trkpt lat="46.888786" lon="-121.712822">
				<ele>1987.084351</ele>
				<time>2026-06-15T21:09:02Z</time>
			</trkpt>
			<trkpt lat="46.888771" lon="-121.712799">
				<ele>1985.693481</ele>
				<time>2026-06-15T21:09:08Z</time>
			</trkpt>
			<trkpt lat="46.888756" lon="-121.712776">
				<ele>1986.546753</ele>
				<time>2026-06-15T21:09:15Z</time>
			</trkpt>
			<trkpt lat="46.888744" lon="-121.712753">
				<ele>1984.084351</ele>
				<time>2026-06-15T21:09:19Z</time>
			</trkpt>
			<trkpt lat="46.888721" lon="-121.712738">
				<ele>1985.437866</ele>
				<time>2026-06-15T21:09:21Z</time>
			</trkpt>
			<trkpt lat="46.88871" lon="-121.712708">
				<ele>1983.958984</ele>
				<time>2026-06-15T21:09:25Z</time>
			</trkpt>
			<trkpt lat="46.888706" lon="-121.712677">
				<ele>1983.977783</ele>
				<time>2026-06-15T21:09:27Z</time>
			</trkpt>
			<trkpt lat="46.888687" lon="-121.712654">
				<ele>1984.293091</ele>
				<time>2026-06-15T21:09:31Z</time>
			</trkpt>
			<trkpt lat="46.888645" lon="-121.712608">
				<ele>1982.948364</ele>
				<time>2026-06-15T21:09:36Z</time>
			</trkpt>
			<trkpt lat="46.88863" lon="-121.712585">
				<ele>1981.253174</ele>
				<time>2026-06-15T21:09:38Z</time>
			</trkpt>
			<trkpt lat="46.888622" lon="-121.712547">
				<ele>1981.56543</ele>
				<time>2026-06-15T21:09:40Z</time>
			</trkpt>
			<trkpt lat="46.888618" lon="-121.712517">
				<ele>1982.430786</ele>
				<time>2026-06-15T21:09:42Z</time>
			</trkpt>
			<trkpt lat="46.888607" lon="-121.712471">
				<ele>1980.891968</ele>
				<time>2026-06-15T21:09:44Z</time>
			</trkpt>
			<trkpt lat="46.888603" lon="-121.712433">
				<ele>1980.996704</ele>
				<time>2026-06-15T21:09:46Z</time>
			</trkpt>
			<trkpt lat="46.888626" lon="-121.712418">
				<ele>1981.3302</ele>
				<time>2026-06-15T21:09:48Z</time>
			</trkpt>
			<trkpt lat="46.888603" lon="-121.712311">
				<ele>1977.877686</ele>
				<time>2026-06-15T21:09:59Z</time>
			</trkpt>
			<trkpt lat="46.888615" lon="-121.712242">
				<ele>1978.945923</ele>
				<time>2026-06-15T21:10:03Z</time>
			</trkpt>
			<trkpt lat="46.888599" lon="-121.712227">
				<ele>1977.250366</ele>
				<time>2026-06-15T21:10:05Z</time>
			</trkpt>
			<trkpt lat="46.888584" lon="-121.712204">
				<ele>1977.338257</ele>
				<time>2026-06-15T21:10:07Z</time>
			</trkpt>
			<trkpt lat="46.888588" lon="-121.712173">
				<ele>1975.978394</ele>
				<time>2026-06-15T21:10:10Z</time>
			</trkpt>
			<trkpt lat="46.888573" lon="-121.712135">
				<ele>1975.667847</ele>
				<time>2026-06-15T21:10:13Z</time>
			</trkpt>
			<trkpt lat="46.888565" lon="-121.712112">
				<ele>1974.788086</ele>
				<time>2026-06-15T21:10:15Z</time>
			</trkpt>
			<trkpt lat="46.888565" lon="-121.712082">
				<ele>1976.044067</ele>
				<time>2026-06-15T21:10:17Z</time>
			</trkpt>
			<trkpt lat="46.888538" lon="-121.712036">
				<ele>1973.744751</ele>
				<time>2026-06-15T21:10:21Z</time>
			</trkpt>
			<trkpt lat="46.888538" lon="-121.712006">
				<ele>1973.584106</ele>
				<time>2026-06-15T21:10:23Z</time>
			</trkpt>
			<trkpt lat="46.888504" lon="-121.711922">
				<ele>1971.435547</ele>
				<time>2026-06-15T21:10:33Z</time>
			</trkpt>
			<trkpt lat="46.888504" lon="-121.711891">
				<ele>1971.405396</ele>
				<time>2026-06-15T21:10:42Z</time>
			</trkpt>
			<trkpt lat="46.888493" lon="-121.711868">
				<ele>1969.512085</ele>
				<time>2026-06-15T21:10:50Z</time>
			</trkpt>
			<trkpt lat="46.888489" lon="-121.711815">
				<ele>1970.068848</ele>
				<time>2026-06-15T21:11:11Z</time>
			</trkpt>
			<trkpt lat="46.888451" lon="-121.7118">
				<ele>1967.826294</ele>
				<time>2026-06-15T21:11:18Z</time>
			</trkpt>
			<trkpt lat="46.888416" lon="-121.71167">
				<ele>1967.433716</ele>
				<time>2026-06-15T21:11:25Z</time>
			</trkpt>
			<trkpt lat="46.888412" lon="-121.711617">
				<ele>1964.257202</ele>
				<time>2026-06-15T21:11:28Z</time>
			</trkpt>
			<trkpt lat="46.888378" lon="-121.71154">
				<ele>1965.157959</ele>
				<time>2026-06-15T21:11:32Z</time>
			</trkpt>
			<trkpt lat="46.888393" lon="-121.711502">
				<ele>1963.891235</ele>
				<time>2026-06-15T21:11:34Z</time>
			</trkpt>
			<trkpt lat="46.888363" lon="-121.711365">
				<ele>1961.562866</ele>
				<time>2026-06-15T21:11:42Z</time>
			</trkpt>
			<trkpt lat="46.888363" lon="-121.711327">
				<ele>1960.103882</ele>
				<time>2026-06-15T21:11:45Z</time>
			</trkpt>
			<trkpt lat="46.888355" lon="-121.711235">
				<ele>1960.695679</ele>
				<time>2026-06-15T21:11:49Z</time>
			</trkpt>
			<trkpt lat="46.888355" lon="-121.711205">
				<ele>1959.467163</ele>
				<time>2026-06-15T21:11:51Z</time>
			</trkpt>
			<trkpt lat="46.888336" lon="-121.711136">
				<ele>1960.439575</ele>
				<time>2026-06-15T21:11:56Z</time>
			</trkpt>
			<trkpt lat="46.888317" lon="-121.711098">
				<ele>1960.337402</ele>
				<time>2026-06-15T21:11:58Z</time>
			</trkpt>
			<trkpt lat="46.888348" lon="-121.711014">
				<ele>1956.532715</ele>
				<time>2026-06-15T21:12:05Z</time>
			</trkpt>
			<trkpt lat="46.88829" lon="-121.710968">
				<ele>1955.043091</ele>
				<time>2026-06-15T21:12:12Z</time>
			</trkpt>
			<trkpt lat="46.888279" lon="-121.71093">
				<ele>1954.850952</ele>
				<time>2026-06-15T21:12:14Z</time>
			</trkpt>
			<trkpt lat="46.888271" lon="-121.710899">
				<ele>1955.539673</ele>
				<time>2026-06-15T21:12:17Z</time>
			</trkpt>
			<trkpt lat="46.888264" lon="-121.710869">
				<ele>1955.062256</ele>
				<time>2026-06-15T21:12:19Z</time>
			</trkpt>
			<trkpt lat="46.88826" lon="-121.7108">
				<ele>1953.536133</ele>
				<time>2026-06-15T21:12:25Z</time>
			</trkpt>
			<trkpt lat="46.888241" lon="-121.710793">
				<ele>1951.421509</ele>
				<time>2026-06-15T21:12:29Z</time>
			</trkpt>
			<trkpt lat="46.888233" lon="-121.710754">
				<ele>1951.703979</ele>
				<time>2026-06-15T21:12:36Z</time>
			</trkpt>
			<trkpt lat="46.888233" lon="-121.710709">
				<ele>1950.859497</ele>
				<time>2026-06-15T21:13:15Z</time>
			</trkpt>
			<trkpt lat="46.888214" lon="-121.710686">
				<ele>1948.742188</ele>
				<time>2026-06-15T21:13:20Z</time>
			</trkpt>
			<trkpt lat="46.888195" lon="-121.710632">
				<ele>1948.211792</ele>
				<time>2026-06-15T21:13:26Z</time>
			</trkpt>
			<trkpt lat="46.888176" lon="-121.710571">
				<ele>1946.376221</ele>
				<time>2026-06-15T21:13:33Z</time>
			</trkpt>
			<trkpt lat="46.888138" lon="-121.710434">
				<ele>1939.802368</ele>
				<time>2026-06-15T21:13:55Z</time>
			</trkpt>
			<trkpt lat="46.88813" lon="-121.710403">
				<ele>1939.917847</ele>
				<time>2026-06-15T21:13:59Z</time>
			</trkpt>
			<trkpt lat="46.888126" lon="-121.710381">
				<ele>1938.342529</ele>
				<time>2026-06-15T21:14:04Z</time>
			</trkpt>
			<trkpt lat="46.88813" lon="-121.710327">
				<ele>1937.439209</ele>
				<time>2026-06-15T21:14:10Z</time>
			</trkpt>
			<trkpt lat="46.888092" lon="-121.710281">
				<ele>1934.507813</ele>
				<time>2026-06-15T21:14:19Z</time>
			</trkpt>
			<trkpt lat="46.888088" lon="-121.710243">
				<ele>1934.460083</ele>
				<time>2026-06-15T21:14:23Z</time>
			</trkpt>
			<trkpt lat="46.888077" lon="-121.710213">
				<ele>1933.417358</ele>
				<time>2026-06-15T21:14:28Z</time>
			</trkpt>
			<trkpt lat="46.888077" lon="-121.710152">
				<ele>1932.915771</ele>
				<time>2026-06-15T21:14:35Z</time>
			</trkpt>
			<trkpt lat="46.888065" lon="-121.709991">
				<ele>1926.994385</ele>
				<time>2026-06-15T21:14:59Z</time>
			</trkpt>
			<trkpt lat="46.888065" lon="-121.709961">
				<ele>1926.104492</ele>
				<time>2026-06-15T21:15:04Z</time>
			</trkpt>
			<trkpt lat="46.888062" lon="-121.70993">
				<ele>1926.220093</ele>
				<time>2026-06-15T21:15:07Z</time>
			</trkpt>
			<trkpt lat="46.888073" lon="-121.709839">
				<ele>1923.353638</ele>
				<time>2026-06-15T21:15:22Z</time>
			</trkpt>
			<trkpt lat="46.888069" lon="-121.709808">
				<ele>1923.309082</ele>
				<time>2026-06-15T21:15:26Z</time>
			</trkpt>
			<trkpt lat="46.888058" lon="-121.709747">
				<ele>1921.5354</ele>
				<time>2026-06-15T21:16:40Z</time>
			</trkpt>
			<trkpt lat="46.888069" lon="-121.709694">
				<ele>1920.822998</ele>
				<time>2026-06-15T21:16:44Z</time>
			</trkpt>
			<trkpt lat="46.888092" lon="-121.709656">
				<ele>1919.30603</ele>
				<time>2026-06-15T21:16:48Z</time>
			</trkpt>
			<trkpt lat="46.8881" lon="-121.709564">
				<ele>1917.876099</ele>
				<time>2026-06-15T21:16:57Z</time>
			</trkpt>
			<trkpt lat="46.888107" lon="-121.709503">
				<ele>1918.443115</ele>
				<time>2026-06-15T21:17:00Z</time>
			</trkpt>
			<trkpt lat="46.8881" lon="-121.709457">
				<ele>1917.310547</ele>
				<time>2026-06-15T21:17:03Z</time>
			</trkpt>
			<trkpt lat="46.888103" lon="-121.709419">
				<ele>1918.241333</ele>
				<time>2026-06-15T21:17:05Z</time>
			</trkpt>
			<trkpt lat="46.888088" lon="-121.709373">
				<ele>1918.407349</ele>
				<time>2026-06-15T21:17:08Z</time>
			</trkpt>
			<trkpt lat="46.888088" lon="-121.709328">
				<ele>1916.263672</ele>
				<time>2026-06-15T21:17:11Z</time>
			</trkpt>
			<trkpt lat="46.888084" lon="-121.70929">
				<ele>1916.304688</ele>
				<time>2026-06-15T21:17:13Z</time>
			</trkpt>
			<trkpt lat="46.8881" lon="-121.709213">
				<ele>1917.377319</ele>
				<time>2026-06-15T21:17:17Z</time>
			</trkpt>
			<trkpt lat="46.888092" lon="-121.709137">
				<ele>1916.825806</ele>
				<time>2026-06-15T21:17:21Z</time>
			</trkpt>
			<trkpt lat="46.888073" lon="-121.709076">
				<ele>1916.004639</ele>
				<time>2026-06-15T21:17:25Z</time>
			</trkpt>
			<trkpt lat="46.888081" lon="-121.70903">
				<ele>1916.277344</ele>
				<time>2026-06-15T21:17:27Z</time>
			</trkpt>
			<trkpt lat="46.888107" lon="-121.708969">
				<ele>1913.552368</ele>
				<time>2026-06-15T21:17:31Z</time>
			</trkpt>
			<trkpt lat="46.888142" lon="-121.708931">
				<ele>1906.854248</ele>
				<time>2026-06-15T21:17:38Z</time>
			</trkpt>
			<trkpt lat="46.888149" lon="-121.7089">
				<ele>1905.725952</ele>
				<time>2026-06-15T21:17:41Z</time>
			</trkpt>
			<trkpt lat="46.888153" lon="-121.708839">
				<ele>1906.134766</ele>
				<time>2026-06-15T21:17:49Z</time>
			</trkpt>
			<trkpt lat="46.888172" lon="-121.708855">
				<ele>1905.572266</ele>
				<time>2026-06-15T21:17:52Z</time>
			</trkpt>
			<trkpt lat="46.888191" lon="-121.70887">
				<ele>1906.214111</ele>
				<time>2026-06-15T21:17:55Z</time>
			</trkpt>
			<trkpt lat="46.888229" lon="-121.708832">
				<ele>1904.620239</ele>
				<time>2026-06-15T21:18:03Z</time>
			</trkpt>
			<trkpt lat="46.888226" lon="-121.708809">
				<ele>1903.372192</ele>
				<time>2026-06-15T21:18:07Z</time>
			</trkpt>
			<trkpt lat="46.888237" lon="-121.708778">
				<ele>1904.236084</ele>
				<time>2026-06-15T21:18:09Z</time>
			</trkpt>
			<trkpt lat="46.888233" lon="-121.708618">
				<ele>1900.878296</ele>
				<time>2026-06-15T21:18:25Z</time>
			</trkpt>
			<trkpt lat="46.888214" lon="-121.708588">
				<ele>1902.035034</ele>
				<time>2026-06-15T21:18:27Z</time>
			</trkpt>
			<trkpt lat="46.888245" lon="-121.708534">
				<ele>1899.389648</ele>
				<time>2026-06-15T21:18:33Z</time>
			</trkpt>
			<trkpt lat="46.888256" lon="-121.708473">
				<ele>1898.008179</ele>
				<time>2026-06-15T21:18:38Z</time>
			</trkpt>
			<trkpt lat="46.888248" lon="-121.708435">
				<ele>1898.058716</ele>
				<time>2026-06-15T21:18:41Z</time>
			</trkpt>
			<trkpt lat="46.888252" lon="-121.708389">
				<ele>1896.018433</ele>
				<time>2026-06-15T21:18:49Z</time>
			</trkpt>
			<trkpt lat="46.888271" lon="-121.708298">
				<ele>1894.18042</ele>
				<time>2026-06-15T21:19:04Z</time>
			</trkpt>
			<trkpt lat="46.888287" lon="-121.708252">
				<ele>1892.336426</ele>
				<time>2026-06-15T21:19:10Z</time>
			</trkpt>
			<trkpt lat="46.888283" lon="-121.708221">
				<ele>1892.88208</ele>
				<time>2026-06-15T21:19:17Z</time>
			</trkpt>
			<trkpt lat="46.888287" lon="-121.708199">
				<ele>1890.804443</ele>
				<time>2026-06-15T21:19:20Z</time>
			</trkpt>
			<trkpt lat="46.888298" lon="-121.708168">
				<ele>1892.0271</ele>
				<time>2026-06-15T21:19:22Z</time>
			</trkpt>
			<trkpt lat="46.888287" lon="-121.708099">
				<ele>1890.868042</ele>
				<time>2026-06-15T21:19:28Z</time>
			</trkpt>
			<trkpt lat="46.888275" lon="-121.708046">
				<ele>1889.151001</ele>
				<time>2026-06-15T21:19:33Z</time>
			</trkpt>
			<trkpt lat="46.888248" lon="-121.707993">
				<ele>1890.477905</ele>
				<time>2026-06-15T21:19:37Z</time>
			</trkpt>
			<trkpt lat="46.888226" lon="-121.707939">
				<ele>1888.588013</ele>
				<time>2026-06-15T21:19:44Z</time>
			</trkpt>
			<trkpt lat="46.888233" lon="-121.707909">
				<ele>1888.542847</ele>
				<time>2026-06-15T21:19:46Z</time>
			</trkpt>
			<trkpt lat="46.888241" lon="-121.707878">
				<ele>1888.015991</ele>
				<time>2026-06-15T21:19:49Z</time>
			</trkpt>
			<trkpt lat="46.888248" lon="-121.707855">
				<ele>1886.556396</ele>
				<time>2026-06-15T21:19:53Z</time>
			</trkpt>
			<trkpt lat="46.888256" lon="-121.707832">
				<ele>1886.761475</ele>
				<time>2026-06-15T21:19:55Z</time>
			</trkpt>
			<trkpt lat="46.888222" lon="-121.707779">
				<ele>1884.400391</ele>
				<time>2026-06-15T21:20:00Z</time>
			</trkpt>
			<trkpt lat="46.888191" lon="-121.707718">
				<ele>1883.822388</ele>
				<time>2026-06-15T21:20:05Z</time>
			</trkpt>
			<trkpt lat="46.888187" lon="-121.70768">
				<ele>1884.533325</ele>
				<time>2026-06-15T21:20:08Z</time>
			</trkpt>
			<trkpt lat="46.888176" lon="-121.707649">
				<ele>1884.606445</ele>
				<time>2026-06-15T21:20:11Z</time>
			</trkpt>
			<trkpt lat="46.888142" lon="-121.707619">
				<ele>1884.104492</ele>
				<time>2026-06-15T21:20:15Z</time>
			</trkpt>
			<trkpt lat="46.888145" lon="-121.70755">
				<ele>1882.101563</ele>
				<time>2026-06-15T21:20:21Z</time>
			</trkpt>
			<trkpt lat="46.888168" lon="-121.707504">
				<ele>1883.150024</ele>
				<time>2026-06-15T21:20:23Z</time>
			</trkpt>
			<trkpt lat="46.888126" lon="-121.70742">
				<ele>1880.4104</ele>
				<time>2026-06-15T21:20:37Z</time>
			</trkpt>
			<trkpt lat="46.888149" lon="-121.707359">
				<ele>1879.540771</ele>
				<time>2026-06-15T21:20:47Z</time>
			</trkpt>
			<trkpt lat="46.888153" lon="-121.707321">
				<ele>1879.512817</ele>
				<time>2026-06-15T21:20:50Z</time>
			</trkpt>
			<trkpt lat="46.888161" lon="-121.707298">
				<ele>1879.256714</ele>
				<time>2026-06-15T21:20:54Z</time>
			</trkpt>
			<trkpt lat="46.88818" lon="-121.707298">
				<ele>1878.629639</ele>
				<time>2026-06-15T21:21:00Z</time>
			</trkpt>
			<trkpt lat="46.888199" lon="-121.707283">
				<ele>1878.884033</ele>
				<time>2026-06-15T21:21:03Z</time>
			</trkpt>
			<trkpt lat="46.888214" lon="-121.707268">
				<ele>1878.537964</ele>
				<time>2026-06-15T21:21:05Z</time>
			</trkpt>
			<trkpt lat="46.888233" lon="-121.707268">
				<ele>1878.882202</ele>
				<time>2026-06-15T21:21:08Z</time>
			</trkpt>
			<trkpt lat="46.888252" lon="-121.707237">
				<ele>1879.054077</ele>
				<time>2026-06-15T21:21:10Z</time>
			</trkpt>
			<trkpt lat="46.888264" lon="-121.707207">
				<ele>1876.95105</ele>
				<time>2026-06-15T21:21:13Z</time>
			</trkpt>
			<trkpt lat="46.888256" lon="-121.707146">
				<ele>1876.562378</ele>
				<time>2026-06-15T21:21:18Z</time>
			</trkpt>
			<trkpt lat="46.888233" lon="-121.7071">
				<ele>1874.239746</ele>
				<time>2026-06-15T21:21:24Z</time>
			</trkpt>
			<trkpt lat="46.88821" lon="-121.707039">
				<ele>1873.96582</ele>
				<time>2026-06-15T21:21:31Z</time>
			</trkpt>
			<trkpt lat="46.888203" lon="-121.707016">
				<ele>1874.188354</ele>
				<time>2026-06-15T21:21:33Z</time>
			</trkpt>
			<trkpt lat="46.888187" lon="-121.706993">
				<ele>1872.907715</ele>
				<time>2026-06-15T21:21:36Z</time>
			</trkpt>
			<trkpt lat="46.888176" lon="-121.706978">
				<ele>1873.347168</ele>
				<time>2026-06-15T21:21:38Z</time>
			</trkpt>
			<trkpt lat="46.888172" lon="-121.706902">
				<ele>1872.015625</ele>
				<time>2026-06-15T21:21:43Z</time>
			</trkpt>
			<trkpt lat="46.888165" lon="-121.706871">
				<ele>1872.272949</ele>
				<time>2026-06-15T21:21:45Z</time>
			</trkpt>
			<trkpt lat="46.888149" lon="-121.706856">
				<ele>1870.180664</ele>
				<time>2026-06-15T21:21:48Z</time>
			</trkpt>
			<trkpt lat="46.888149" lon="-121.70681">
				<ele>1870.833618</ele>
				<time>2026-06-15T21:21:50Z</time>
			</trkpt>
			<trkpt lat="46.888134" lon="-121.706741">
				<ele>1869.990479</ele>
				<time>2026-06-15T21:21:55Z</time>
			</trkpt>
			<trkpt lat="46.888138" lon="-121.706711">
				<ele>1870.202393</ele>
				<time>2026-06-15T21:21:57Z</time>
			</trkpt>
			<trkpt lat="46.888157" lon="-121.706665">
				<ele>1868.168091</ele>
				<time>2026-06-15T21:22:02Z</time>
			</trkpt>
			<trkpt lat="46.88813" lon="-121.706642">
				<ele>1868.917114</ele>
				<time>2026-06-15T21:22:05Z</time>
			</trkpt>
			<trkpt lat="46.888126" lon="-121.706581">
				<ele>1869.206543</ele>
				<time>2026-06-15T21:22:10Z</time>
			</trkpt>
			<trkpt lat="46.88813" lon="-121.706558">
				<ele>1868.754272</ele>
				<time>2026-06-15T21:22:12Z</time>
			</trkpt>
			<trkpt lat="46.888111" lon="-121.706543">
				<ele>1868.707764</ele>
				<time>2026-06-15T21:22:15Z</time>
			</trkpt>
			<trkpt lat="46.888092" lon="-121.70652">
				<ele>1866.56958</ele>
				<time>2026-06-15T21:22:18Z</time>
			</trkpt>
			<trkpt lat="46.888103" lon="-121.706459">
				<ele>1865.756714</ele>
				<time>2026-06-15T21:22:22Z</time>
			</trkpt>
			<trkpt lat="46.888084" lon="-121.706444">
				<ele>1864.605103</ele>
				<time>2026-06-15T21:22:25Z</time>
			</trkpt>
			<trkpt lat="46.888065" lon="-121.706413">
				<ele>1865.214966</ele>
				<time>2026-06-15T21:22:28Z</time>
			</trkpt>
			<trkpt lat="46.888058" lon="-121.706375">
				<ele>1865.40918</ele>
				<time>2026-06-15T21:22:30Z</time>
			</trkpt>
			<trkpt lat="46.888058" lon="-121.706345">
				<ele>1863.897217</ele>
				<time>2026-06-15T21:22:33Z</time>
			</trkpt>
			<trkpt lat="46.888035" lon="-121.706314">
				<ele>1863.949341</ele>
				<time>2026-06-15T21:22:37Z</time>
			</trkpt>
			<trkpt lat="46.888004" lon="-121.706268">
				<ele>1863.003662</ele>
				<time>2026-06-15T21:22:41Z</time>
			</trkpt>
			<trkpt lat="46.888" lon="-121.70623">
				<ele>1861.605957</ele>
				<time>2026-06-15T21:22:43Z</time>
			</trkpt>
			<trkpt lat="46.887978" lon="-121.706161">
				<ele>1862.881348</ele>
				<time>2026-06-15T21:22:47Z</time>
			</trkpt>
			<trkpt lat="46.887985" lon="-121.706123">
				<ele>1861.911865</ele>
				<time>2026-06-15T21:22:49Z</time>
			</trkpt>
			<trkpt lat="46.887959" lon="-121.706123">
				<ele>1862.914185</ele>
				<time>2026-06-15T21:22:50Z</time>
			</trkpt>
			<trkpt lat="46.887947" lon="-121.706093">
				<ele>1862.84729</ele>
				<time>2026-06-15T21:22:52Z</time>
			</trkpt>
			<trkpt lat="46.887939" lon="-121.706009">
				<ele>1859.482056</ele>
				<time>2026-06-15T21:23:00Z</time>
			</trkpt>
			<trkpt lat="46.887939" lon="-121.705971">
				<ele>1860.448608</ele>
				<time>2026-06-15T21:23:02Z</time>
			</trkpt>
			<trkpt lat="46.887951" lon="-121.705917">
				<ele>1858.636841</ele>
				<time>2026-06-15T21:23:06Z</time>
			</trkpt>
			<trkpt lat="46.887962" lon="-121.705887">
				<ele>1859.087402</ele>
				<time>2026-06-15T21:23:09Z</time>
			</trkpt>
			<trkpt lat="46.887974" lon="-121.705864">
				<ele>1857.564331</ele>
				<time>2026-06-15T21:23:11Z</time>
			</trkpt>
			<trkpt lat="46.887962" lon="-121.705803">
				<ele>1856.80127</ele>
				<time>2026-06-15T21:23:16Z</time>
			</trkpt>
			<trkpt lat="46.887959" lon="-121.705772">
				<ele>1855.456421</ele>
				<time>2026-06-15T21:23:19Z</time>
			</trkpt>
			<trkpt lat="46.887947" lon="-121.705704">
				<ele>1854.585449</ele>
				<time>2026-06-15T21:23:28Z</time>
			</trkpt>
			<trkpt lat="46.887962" lon="-121.705635">
				<ele>1854.139282</ele>
				<time>2026-06-15T21:23:33Z</time>
			</trkpt>
			<trkpt lat="46.887978" lon="-121.705605">
				<ele>1852.802246</ele>
				<time>2026-06-15T21:23:36Z</time>
			</trkpt>
			<trkpt lat="46.887978" lon="-121.705559">
				<ele>1853.173096</ele>
				<time>2026-06-15T21:23:38Z</time>
			</trkpt>
			<trkpt lat="46.888016" lon="-121.70549">
				<ele>1850.442505</ele>
				<time>2026-06-15T21:23:46Z</time>
			</trkpt>
			<trkpt lat="46.888" lon="-121.705421">
				<ele>1849.053711</ele>
				<time>2026-06-15T21:23:50Z</time>
			</trkpt>
			<trkpt lat="46.88802" lon="-121.705391">
				<ele>1848.15564</ele>
				<time>2026-06-15T21:23:53Z</time>
			</trkpt>
			<trkpt lat="46.888031" lon="-121.70536">
				<ele>1847.768677</ele>
				<time>2026-06-15T21:23:57Z</time>
			</trkpt>
			<trkpt lat="46.888035" lon="-121.70533">
				<ele>1847.763916</ele>
				<time>2026-06-15T21:24:00Z</time>
			</trkpt>
			<trkpt lat="46.888039" lon="-121.705292">
				<ele>1846.741089</ele>
				<time>2026-06-15T21:24:03Z</time>
			</trkpt>
			<trkpt lat="46.888065" lon="-121.705261">
				<ele>1846.291138</ele>
				<time>2026-06-15T21:24:06Z</time>
			</trkpt>
			<trkpt lat="46.888065" lon="-121.70517">
				<ele>1843.797729</ele>
				<time>2026-06-15T21:24:14Z</time>
			</trkpt>
			<trkpt lat="46.888046" lon="-121.705154">
				<ele>1845.847778</ele>
				<time>2026-06-15T21:24:16Z</time>
			</trkpt>
			<trkpt lat="46.888054" lon="-121.705124">
				<ele>1843.667969</ele>
				<time>2026-06-15T21:24:19Z</time>
			</trkpt>
			<trkpt lat="46.888039" lon="-121.705093">
				<ele>1842.753174</ele>
				<time>2026-06-15T21:24:21Z</time>
			</trkpt>
			<trkpt lat="46.888031" lon="-121.70507">
				<ele>1843.229126</ele>
				<time>2026-06-15T21:24:22Z</time>
			</trkpt>
			<trkpt lat="46.888035" lon="-121.70504">
				<ele>1842.911865</ele>
				<time>2026-06-15T21:24:24Z</time>
			</trkpt>
			<trkpt lat="46.888023" lon="-121.705009">
				<ele>1843.22937</ele>
				<time>2026-06-15T21:24:26Z</time>
			</trkpt>
			<trkpt lat="46.888042" lon="-121.704956">
				<ele>1842.536987</ele>
				<time>2026-06-15T21:24:34Z</time>
			</trkpt>
			<trkpt lat="46.888054" lon="-121.704933">
				<ele>1842.726685</ele>
				<time>2026-06-15T21:24:38Z</time>
			</trkpt>
			<trkpt lat="46.888062" lon="-121.704895">
				<ele>1841.600708</ele>
				<time>2026-06-15T21:24:41Z</time>
			</trkpt>
			<trkpt lat="46.888077" lon="-121.704872">
				<ele>1841.973145</ele>
				<time>2026-06-15T21:24:51Z</time>
			</trkpt>
			<trkpt lat="46.888088" lon="-121.704903">
				<ele>1842.535156</ele>
				<time>2026-06-15T21:24:55Z</time>
			</trkpt>
			<trkpt lat="46.888111" lon="-121.704918">
				<ele>1842.330933</ele>
				<time>2026-06-15T21:25:00Z</time>
			</trkpt>
			<trkpt lat="46.88813" lon="-121.704903">
				<ele>1841.490601</ele>
				<time>2026-06-15T21:25:03Z</time>
			</trkpt>
			<trkpt lat="46.888149" lon="-121.70488">
				<ele>1842.015259</ele>
				<time>2026-06-15T21:25:05Z</time>
			</trkpt>
			<trkpt lat="46.888168" lon="-121.704826">
				<ele>1840.303589</ele>
				<time>2026-06-15T21:25:10Z</time>
			</trkpt>
			<trkpt lat="46.888176" lon="-121.704788">
				<ele>1839.8927</ele>
				<time>2026-06-15T21:25:12Z</time>
			</trkpt>
			<trkpt lat="46.888191" lon="-121.704712">
				<ele>1840.894775</ele>
				<time>2026-06-15T21:25:17Z</time>
			</trkpt>
			<trkpt lat="46.888184" lon="-121.704689">
				<ele>1839.300293</ele>
				<time>2026-06-15T21:25:20Z</time>
			</trkpt>
			<trkpt lat="46.88818" lon="-121.704659">
				<ele>1839.208618</ele>
				<time>2026-06-15T21:25:22Z</time>
			</trkpt>
			<trkpt lat="46.888195" lon="-121.704605">
				<ele>1837.791748</ele>
				<time>2026-06-15T21:25:27Z</time>
			</trkpt>
			<trkpt lat="46.88821" lon="-121.704582">
				<ele>1837.918945</ele>
				<time>2026-06-15T21:25:29Z</time>
			</trkpt>
			<trkpt lat="46.888222" lon="-121.704559">
				<ele>1837.789307</ele>
				<time>2026-06-15T21:25:31Z</time>
			</trkpt>
			<trkpt lat="46.888241" lon="-121.704514">
				<ele>1837.71521</ele>
				<time>2026-06-15T21:25:34Z</time>
			</trkpt>
			<trkpt lat="46.888256" lon="-121.704498">
				<ele>1837.220093</ele>
				<time>2026-06-15T21:25:36Z</time>
			</trkpt>
			<trkpt lat="46.888287" lon="-121.70446">
				<ele>1837.653442</ele>
				<time>2026-06-15T21:25:40Z</time>
			</trkpt>
			<trkpt lat="46.888313" lon="-121.704453">
				<ele>1837.656128</ele>
				<time>2026-06-15T21:25:42Z</time>
			</trkpt>
			<trkpt lat="46.888332" lon="-121.704437">
				<ele>1837.492065</ele>
				<time>2026-06-15T21:25:44Z</time>
			</trkpt>
			<trkpt lat="46.88834" lon="-121.704391">
				<ele>1838.053101</ele>
				<time>2026-06-15T21:25:46Z</time>
			</trkpt>
			<trkpt lat="46.888371" lon="-121.704346">
				<ele>1837.588745</ele>
				<time>2026-06-15T21:25:51Z</time>
			</trkpt>
			<trkpt lat="46.88839" lon="-121.704315">
				<ele>1837.675049</ele>
				<time>2026-06-15T21:25:53Z</time>
			</trkpt>
			<trkpt lat="46.888432" lon="-121.704285">
				<ele>1837.36853</ele>
				<time>2026-06-15T21:25:58Z</time>
			</trkpt>
			<trkpt lat="46.888466" lon="-121.704239">
				<ele>1836.509644</ele>
				<time>2026-06-15T21:26:04Z</time>
			</trkpt>
			<trkpt lat="46.888474" lon="-121.704216">
				<ele>1833.827881</ele>
				<time>2026-06-15T21:26:06Z</time>
			</trkpt>
			<trkpt lat="46.888481" lon="-121.704185">
				<ele>1834.88269</ele>
				<time>2026-06-15T21:26:08Z</time>
			</trkpt>
			<trkpt lat="46.888474" lon="-121.704117">
				<ele>1833.361206</ele>
				<time>2026-06-15T21:26:13Z</time>
			</trkpt>
			<trkpt lat="46.888481" lon="-121.704086">
				<ele>1832.895142</ele>
				<time>2026-06-15T21:26:15Z</time>
			</trkpt>
			<trkpt lat="46.888489" lon="-121.704048">
				<ele>1832.915894</ele>
				<time>2026-06-15T21:26:18Z</time>
			</trkpt>
			<trkpt lat="46.888489" lon="-121.70401">
				<ele>1832.134277</ele>
				<time>2026-06-15T21:26:20Z</time>
			</trkpt>
			<trkpt lat="46.888493" lon="-121.703979">
				<ele>1830.696533</ele>
				<time>2026-06-15T21:26:22Z</time>
			</trkpt>
			<trkpt lat="46.888508" lon="-121.703957">
				<ele>1830.390747</ele>
				<time>2026-06-15T21:26:24Z</time>
			</trkpt>
			<trkpt lat="46.888531" lon="-121.703926">
				<ele>1830.957642</ele>
				<time>2026-06-15T21:26:26Z</time>
			</trkpt>
			<trkpt lat="46.888542" lon="-121.703888">
				<ele>1830.900635</ele>
				<time>2026-06-15T21:26:28Z</time>
			</trkpt>
			<trkpt lat="46.888546" lon="-121.703857">
				<ele>1830.931274</ele>
				<time>2026-06-15T21:26:30Z</time>
			</trkpt>
			<trkpt lat="46.888542" lon="-121.703819">
				<ele>1831.311279</ele>
				<time>2026-06-15T21:26:32Z</time>
			</trkpt>
			<trkpt lat="46.888577" lon="-121.703735">
				<ele>1828.24646</ele>
				<time>2026-06-15T21:26:38Z</time>
			</trkpt>
			<trkpt lat="46.888561" lon="-121.703697">
				<ele>1828.534668</ele>
				<time>2026-06-15T21:26:40Z</time>
			</trkpt>
			<trkpt lat="46.888573" lon="-121.703636">
				<ele>1830.45105</ele>
				<time>2026-06-15T21:26:45Z</time>
			</trkpt>
			<trkpt lat="46.888653" lon="-121.703545">
				<ele>1825.605835</ele>
				<time>2026-06-15T21:26:53Z</time>
			</trkpt>
			<trkpt lat="46.888683" lon="-121.703552">
				<ele>1825.543579</ele>
				<time>2026-06-15T21:26:55Z</time>
			</trkpt>
			<trkpt lat="46.888744" lon="-121.703537">
				<ele>1823.955444</ele>
				<time>2026-06-15T21:27:00Z</time>
			</trkpt>
			<trkpt lat="46.888748" lon="-121.703453">
				<ele>1824.906006</ele>
				<time>2026-06-15T21:27:04Z</time>
			</trkpt>
			<trkpt lat="46.888741" lon="-121.703384">
				<ele>1823.107056</ele>
				<time>2026-06-15T21:27:08Z</time>
			</trkpt>
			<trkpt lat="46.888763" lon="-121.703362">
				<ele>1823.203979</ele>
				<time>2026-06-15T21:27:10Z</time>
			</trkpt>
			<trkpt lat="46.888771" lon="-121.703331">
				<ele>1822.649414</ele>
				<time>2026-06-15T21:27:12Z</time>
			</trkpt>
			<trkpt lat="46.888756" lon="-121.70327">
				<ele>1823.858643</ele>
				<time>2026-06-15T21:27:15Z</time>
			</trkpt>
			<trkpt lat="46.888756" lon="-121.703232">
				<ele>1822.185181</ele>
				<time>2026-06-15T21:27:17Z</time>
			</trkpt>
			<trkpt lat="46.888744" lon="-121.703201">
				<ele>1822.023193</ele>
				<time>2026-06-15T21:27:19Z</time>
			</trkpt>
			<trkpt lat="46.88876" lon="-121.703133">
				<ele>1823.035767</ele>
				<time>2026-06-15T21:27:23Z</time>
			</trkpt>
			<trkpt lat="46.88876" lon="-121.703094">
				<ele>1822.993408</ele>
				<time>2026-06-15T21:27:25Z</time>
			</trkpt>
			<trkpt lat="46.888775" lon="-121.703064">
				<ele>1823.307251</ele>
				<time>2026-06-15T21:27:27Z</time>
			</trkpt>
			<trkpt lat="46.888763" lon="-121.703003">
				<ele>1820.481812</ele>
				<time>2026-06-15T21:27:31Z</time>
			</trkpt>
			<trkpt lat="46.888779" lon="-121.702965">
				<ele>1821.476807</ele>
				<time>2026-06-15T21:27:33Z</time>
			</trkpt>
			<trkpt lat="46.888771" lon="-121.702927">
				<ele>1819.984863</ele>
				<time>2026-06-15T21:27:35Z</time>
			</trkpt>
			<trkpt lat="46.888767" lon="-121.702881">
				<ele>1820.004028</ele>
				<time>2026-06-15T21:27:37Z</time>
			</trkpt>
			<trkpt lat="46.888767" lon="-121.702766">
				<ele>1821.176636</ele>
				<time>2026-06-15T21:27:43Z</time>
			</trkpt>
			<trkpt lat="46.88876" lon="-121.702736">
				<ele>1821.194946</ele>
				<time>2026-06-15T21:27:45Z</time>
			</trkpt>
			<trkpt lat="46.888756" lon="-121.702705">
				<ele>1819.821655</ele>
				<time>2026-06-15T21:27:47Z</time>
			</trkpt>
			<trkpt lat="46.88876" lon="-121.702606">
				<ele>1820.118164</ele>
				<time>2026-06-15T21:27:53Z</time>
			</trkpt>
			<trkpt lat="46.888779" lon="-121.702507">
				<ele>1819.015747</ele>
				<time>2026-06-15T21:27:59Z</time>
			</trkpt>
			<trkpt lat="46.888775" lon="-121.702477">
				<ele>1819.003906</ele>
				<time>2026-06-15T21:28:01Z</time>
			</trkpt>
			<trkpt lat="46.88879" lon="-121.702438">
				<ele>1819.141357</ele>
				<time>2026-06-15T21:28:03Z</time>
			</trkpt>
			<trkpt lat="46.888802" lon="-121.702408">
				<ele>1819.079102</ele>
				<time>2026-06-15T21:28:05Z</time>
			</trkpt>
			<trkpt lat="46.888805" lon="-121.70237">
				<ele>1818.526978</ele>
				<time>2026-06-15T21:28:07Z</time>
			</trkpt>
			<trkpt lat="46.888805" lon="-121.702332">
				<ele>1818.392944</ele>
				<time>2026-06-15T21:28:09Z</time>
			</trkpt>
			<trkpt lat="46.888802" lon="-121.702309">
				<ele>1818.491821</ele>
				<time>2026-06-15T21:28:11Z</time>
			</trkpt>
			<trkpt lat="46.888813" lon="-121.702263">
				<ele>1816.987915</ele>
				<time>2026-06-15T21:28:14Z</time>
			</trkpt>
			<trkpt lat="46.888813" lon="-121.702141">
				<ele>1814.689087</ele>
				<time>2026-06-15T21:28:22Z</time>
			</trkpt>
			<trkpt lat="46.888821" lon="-121.702103">
				<ele>1814.410278</ele>
				<time>2026-06-15T21:28:24Z</time>
			</trkpt>
			<trkpt lat="46.888821" lon="-121.702065">
				<ele>1814.410522</ele>
				<time>2026-06-15T21:28:26Z</time>
			</trkpt>
			<trkpt lat="46.888824" lon="-121.701996">
				<ele>1813.973633</ele>
				<time>2026-06-15T21:28:30Z</time>
			</trkpt>
			<trkpt lat="46.888809" lon="-121.701912">
				<ele>1814.386353</ele>
				<time>2026-06-15T21:28:34Z</time>
			</trkpt>
			<trkpt lat="46.888813" lon="-121.701874">
				<ele>1814.911743</ele>
				<time>2026-06-15T21:28:36Z</time>
			</trkpt>
			<trkpt lat="46.888824" lon="-121.701843">
				<ele>1814.854736</ele>
				<time>2026-06-15T21:28:38Z</time>
			</trkpt>
			<trkpt lat="46.888828" lon="-121.701691">
				<ele>1816.234253</ele>
				<time>2026-06-15T21:28:46Z</time>
			</trkpt>
			<trkpt lat="46.888832" lon="-121.701653">
				<ele>1817.442749</ele>
				<time>2026-06-15T21:28:48Z</time>
			</trkpt>
			<trkpt lat="46.888817" lon="-121.701584">
				<ele>1818.526733</ele>
				<time>2026-06-15T21:28:52Z</time>
			</trkpt>
			<trkpt lat="46.888844" lon="-121.701523">
				<ele>1821.143188</ele>
				<time>2026-06-15T21:28:56Z</time>
			</trkpt>
			<trkpt lat="46.888859" lon="-121.701492">
				<ele>1821.427246</ele>
				<time>2026-06-15T21:28:58Z</time>
			</trkpt>
			<trkpt lat="46.888844" lon="-121.701416">
				<ele>1820.166504</ele>
				<time>2026-06-15T21:29:02Z</time>
			</trkpt>
			<trkpt lat="46.888836" lon="-121.701385">
				<ele>1820.524536</ele>
				<time>2026-06-15T21:29:04Z</time>
			</trkpt>
			<trkpt lat="46.88884" lon="-121.701317">
				<ele>1818.90625</ele>
				<time>2026-06-15T21:29:08Z</time>
			</trkpt>
			<trkpt lat="46.88884" lon="-121.701279">
				<ele>1818.703125</ele>
				<time>2026-06-15T21:29:10Z</time>
			</trkpt>
			<trkpt lat="46.88884" lon="-121.70121">
				<ele>1820.146851</ele>
				<time>2026-06-15T21:29:15Z</time>
			</trkpt>
			<trkpt lat="46.888855" lon="-121.701141">
				<ele>1818.747803</ele>
				<time>2026-06-15T21:29:19Z</time>
			</trkpt>
			<trkpt lat="46.888851" lon="-121.701073">
				<ele>1819.441772</ele>
				<time>2026-06-15T21:29:23Z</time>
			</trkpt>
			<trkpt lat="46.888874" lon="-121.700951">
				<ele>1818.580566</ele>
				<time>2026-06-15T21:29:31Z</time>
			</trkpt>
			<trkpt lat="46.888893" lon="-121.700882">
				<ele>1818.867554</ele>
				<time>2026-06-15T21:29:35Z</time>
			</trkpt>
			<trkpt lat="46.888905" lon="-121.700851">
				<ele>1818.684937</ele>
				<time>2026-06-15T21:29:37Z</time>
			</trkpt>
			<trkpt lat="46.88892" lon="-121.700706">
				<ele>1821.549438</ele>
				<time>2026-06-15T21:29:44Z</time>
			</trkpt>
			<trkpt lat="46.888908" lon="-121.700661">
				<ele>1821.018188</ele>
				<time>2026-06-15T21:29:47Z</time>
			</trkpt>
			<trkpt lat="46.888897" lon="-121.70063">
				<ele>1821.928345</ele>
				<time>2026-06-15T21:29:49Z</time>
			</trkpt>
			<trkpt lat="46.888878" lon="-121.700554">
				<ele>1818.655518</ele>
				<time>2026-06-15T21:29:55Z</time>
			</trkpt>
			<trkpt lat="46.888889" lon="-121.700508">
				<ele>1817.98584</ele>
				<time>2026-06-15T21:29:57Z</time>
			</trkpt>
			<trkpt lat="46.888893" lon="-121.700462">
				<ele>1817.80249</ele>
				<time>2026-06-15T21:29:59Z</time>
			</trkpt>
			<trkpt lat="46.888935" lon="-121.700348">
				<ele>1815.430176</ele>
				<time>2026-06-15T21:30:05Z</time>
			</trkpt>
			<trkpt lat="46.888947" lon="-121.700317">
				<ele>1816.401489</ele>
				<time>2026-06-15T21:30:07Z</time>
			</trkpt>
			<trkpt lat="46.888973" lon="-121.70031">
				<ele>1816.483521</ele>
				<time>2026-06-15T21:30:10Z</time>
			</trkpt>
			<trkpt lat="46.888992" lon="-121.700279">
				<ele>1815.956177</ele>
				<time>2026-06-15T21:30:13Z</time>
			</trkpt>
			<trkpt lat="46.889015" lon="-121.700264">
				<ele>1816.168213</ele>
				<time>2026-06-15T21:30:16Z</time>
			</trkpt>
			<trkpt lat="46.889046" lon="-121.700241">
				<ele>1815.987183</ele>
				<time>2026-06-15T21:30:19Z</time>
			</trkpt>
			<trkpt lat="46.889072" lon="-121.700233">
				<ele>1813.623657</ele>
				<time>2026-06-15T21:30:22Z</time>
			</trkpt>
			<trkpt lat="46.889103" lon="-121.700241">
				<ele>1813.375854</ele>
				<time>2026-06-15T21:30:25Z</time>
			</trkpt>
			<trkpt lat="46.88913" lon="-121.700226">
				<ele>1811.4729</ele>
				<time>2026-06-15T21:30:28Z</time>
			</trkpt>
			<trkpt lat="46.889172" lon="-121.700211">
				<ele>1810.824219</ele>
				<time>2026-06-15T21:30:30Z</time>
			</trkpt>
			<trkpt lat="46.889198" lon="-121.700203">
				<ele>1811.022217</ele>
				<time>2026-06-15T21:30:32Z</time>
			</trkpt>
			<trkpt lat="46.889248" lon="-121.700165">
				<ele>1810.317383</ele>
				<time>2026-06-15T21:30:36Z</time>
			</trkpt>
			<trkpt lat="46.889301" lon="-121.700134">
				<ele>1811.804932</ele>
				<time>2026-06-15T21:30:40Z</time>
			</trkpt>
			<trkpt lat="46.889324" lon="-121.700127">
				<ele>1810.90271</ele>
				<time>2026-06-15T21:30:42Z</time>
			</trkpt>
			<trkpt lat="46.889381" lon="-121.700081">
				<ele>1809.634644</ele>
				<time>2026-06-15T21:30:48Z</time>
			</trkpt>
			<trkpt lat="46.889404" lon="-121.700058">
				<ele>1809.786865</ele>
				<time>2026-06-15T21:30:50Z</time>
			</trkpt>
			<trkpt lat="46.889503" lon="-121.699982">
				<ele>1808.267334</ele>
				<time>2026-06-15T21:30:59Z</time>
			</trkpt>
			<trkpt lat="46.88953" lon="-121.699959">
				<ele>1806.873169</ele>
				<time>2026-06-15T21:31:02Z</time>
			</trkpt>
			<trkpt lat="46.889576" lon="-121.699989">
				<ele>1803.938477</ele>
				<time>2026-06-15T21:31:08Z</time>
			</trkpt>
			<trkpt lat="46.889599" lon="-121.699959">
				<ele>1801.443359</ele>
				<time>2026-06-15T21:31:12Z</time>
			</trkpt>
			<trkpt lat="46.889629" lon="-121.699944">
				<ele>1802.396729</ele>
				<time>2026-06-15T21:31:16Z</time>
			</trkpt>
			<trkpt lat="46.889679" lon="-121.699905">
				<ele>1800.837646</ele>
				<time>2026-06-15T21:31:22Z</time>
			</trkpt>
			<trkpt lat="46.889702" lon="-121.69989">
				<ele>1801.615479</ele>
				<time>2026-06-15T21:31:24Z</time>
			</trkpt>
			<trkpt lat="46.889717" lon="-121.699852">
				<ele>1799.943848</ele>
				<time>2026-06-15T21:31:27Z</time>
			</trkpt>
			<trkpt lat="46.889729" lon="-121.699738">
				<ele>1798.122681</ele>
				<time>2026-06-15T21:31:36Z</time>
			</trkpt>
			<trkpt lat="46.889748" lon="-121.699661">
				<ele>1798.090454</ele>
				<time>2026-06-15T21:31:41Z</time>
			</trkpt>
			<trkpt lat="46.889748" lon="-121.699615">
				<ele>1798.317505</ele>
				<time>2026-06-15T21:31:44Z</time>
			</trkpt>
			<trkpt lat="46.889755" lon="-121.699577">
				<ele>1798.347534</ele>
				<time>2026-06-15T21:31:46Z</time>
			</trkpt>
			<trkpt lat="46.889759" lon="-121.699539">
				<ele>1797.834961</ele>
				<time>2026-06-15T21:31:48Z</time>
			</trkpt>
			<trkpt lat="46.889763" lon="-121.699501">
				<ele>1798.949585</ele>
				<time>2026-06-15T21:31:50Z</time>
			</trkpt>
			<trkpt lat="46.889778" lon="-121.699532">
				<ele>1801.473389</ele>
				<time>2026-06-15T21:31:53Z</time>
			</trkpt>
			<trkpt lat="46.889801" lon="-121.699501">
				<ele>1798.359497</ele>
				<time>2026-06-15T21:32:05Z</time>
			</trkpt>
			<trkpt lat="46.889809" lon="-121.699463">
				<ele>1796.47937</ele>
				<time>2026-06-15T21:32:09Z</time>
			</trkpt>
			<trkpt lat="46.889824" lon="-121.699417">
				<ele>1795.685547</ele>
				<time>2026-06-15T21:32:11Z</time>
			</trkpt>
			<trkpt lat="46.889843" lon="-121.699394">
				<ele>1793.538452</ele>
				<time>2026-06-15T21:32:15Z</time>
			</trkpt>
			<trkpt lat="46.889889" lon="-121.699348">
				<ele>1792.223755</ele>
				<time>2026-06-15T21:32:31Z</time>
			</trkpt>
			<trkpt lat="46.889904" lon="-121.699318">
				<ele>1792.374756</ele>
				<time>2026-06-15T21:32:34Z</time>
			</trkpt>
			<trkpt lat="46.889923" lon="-121.699272">
				<ele>1791.758057</ele>
				<time>2026-06-15T21:32:38Z</time>
			</trkpt>
			<trkpt lat="46.889946" lon="-121.699242">
				<ele>1792.010132</ele>
				<time>2026-06-15T21:32:40Z</time>
			</trkpt>
			<trkpt lat="46.889977" lon="-121.699242">
				<ele>1791.014648</ele>
				<time>2026-06-15T21:32:43Z</time>
			</trkpt>
			<trkpt lat="46.890034" lon="-121.699173">
				<ele>1787.819702</ele>
				<time>2026-06-15T21:33:03Z</time>
			</trkpt>
			<trkpt lat="46.890064" lon="-121.699142">
				<ele>1787.862793</ele>
				<time>2026-06-15T21:33:06Z</time>
			</trkpt>
			<trkpt lat="46.890102" lon="-121.699127">
				<ele>1786.201904</ele>
				<time>2026-06-15T21:33:10Z</time>
			</trkpt>
			<trkpt lat="46.890133" lon="-121.699081">
				<ele>1784.575684</ele>
				<time>2026-06-15T21:33:13Z</time>
			</trkpt>
			<trkpt lat="46.890156" lon="-121.699051">
				<ele>1784.549561</ele>
				<time>2026-06-15T21:33:15Z</time>
			</trkpt>
			<trkpt lat="46.890182" lon="-121.699028">
				<ele>1783.460815</ele>
				<time>2026-06-15T21:33:18Z</time>
			</trkpt>
			<trkpt lat="46.890205" lon="-121.69899">
				<ele>1785.599121</ele>
				<time>2026-06-15T21:33:21Z</time>
			</trkpt>
			<trkpt lat="46.890236" lon="-121.698967">
				<ele>1785.007446</ele>
				<time>2026-06-15T21:33:24Z</time>
			</trkpt>
			<trkpt lat="46.890285" lon="-121.698921">
				<ele>1784.72583</ele>
				<time>2026-06-15T21:33:30Z</time>
			</trkpt>
			<trkpt lat="46.890312" lon="-121.698883">
				<ele>1785.254395</ele>
				<time>2026-06-15T21:33:35Z</time>
			</trkpt>
			<trkpt lat="46.89043" lon="-121.698807">
				<ele>1780.152954</ele>
				<time>2026-06-15T21:33:47Z</time>
			</trkpt>
			<trkpt lat="46.890465" lon="-121.698792">
				<ele>1780.011719</ele>
				<time>2026-06-15T21:33:50Z</time>
			</trkpt>
			<trkpt lat="46.890503" lon="-121.698792">
				<ele>1778.239746</ele>
				<time>2026-06-15T21:33:53Z</time>
			</trkpt>
			<trkpt lat="46.890533" lon="-121.698746">
				<ele>1777.117188</ele>
				<time>2026-06-15T21:33:58Z</time>
			</trkpt>
			<trkpt lat="46.890564" lon="-121.698715">
				<ele>1777.963623</ele>
				<time>2026-06-15T21:34:02Z</time>
			</trkpt>
			<trkpt lat="46.890594" lon="-121.698654">
				<ele>1775.661743</ele>
				<time>2026-06-15T21:34:08Z</time>
			</trkpt>
			<trkpt lat="46.890621" lon="-121.698631">
				<ele>1776.229614</ele>
				<time>2026-06-15T21:34:10Z</time>
			</trkpt>
			<trkpt lat="46.89072" lon="-121.698517">
				<ele>1773.413696</ele>
				<time>2026-06-15T21:34:22Z</time>
			</trkpt>
			<trkpt lat="46.89072" lon="-121.698448">
				<ele>1778.482544</ele>
				<time>2026-06-15T21:34:59Z</time>
			</trkpt>
			<trkpt lat="46.89082" lon="-121.69841">
				<ele>1772.090332</ele>
				<time>2026-06-15T21:35:13Z</time>
			</trkpt>
			<trkpt lat="46.890842" lon="-121.698387">
				<ele>1772.911743</ele>
				<time>2026-06-15T21:35:15Z</time>
			</trkpt>
			<trkpt lat="46.890873" lon="-121.698372">
				<ele>1771.55542</ele>
				<time>2026-06-15T21:35:18Z</time>
			</trkpt>
			<trkpt lat="46.890907" lon="-121.698349">
				<ele>1771.735596</ele>
				<time>2026-06-15T21:35:21Z</time>
			</trkpt>
			<trkpt lat="46.89093" lon="-121.698341">
				<ele>1770.712524</ele>
				<time>2026-06-15T21:35:25Z</time>
			</trkpt>
			<trkpt lat="46.89101" lon="-121.698288">
				<ele>1769.506714</ele>
				<time>2026-06-15T21:35:33Z</time>
			</trkpt>
			<trkpt lat="46.89106" lon="-121.698265">
				<ele>1769.112183</ele>
				<time>2026-06-15T21:35:36Z</time>
			</trkpt>
			<trkpt lat="46.89109" lon="-121.698257">
				<ele>1766.403809</ele>
				<time>2026-06-15T21:35:39Z</time>
			</trkpt>
			<trkpt lat="46.891159" lon="-121.69825">
				<ele>1767.227295</ele>
				<time>2026-06-15T21:35:46Z</time>
			</trkpt>
			<trkpt lat="46.891186" lon="-121.698235">
				<ele>1765.853271</ele>
				<time>2026-06-15T21:35:49Z</time>
			</trkpt>
			<trkpt lat="46.891209" lon="-121.698265">
				<ele>1764.78479</ele>
				<time>2026-06-15T21:35:52Z</time>
			</trkpt>
			<trkpt lat="46.891235" lon="-121.69828">
				<ele>1764.566528</ele>
				<time>2026-06-15T21:35:54Z</time>
			</trkpt>
			<trkpt lat="46.891285" lon="-121.69825">
				<ele>1764.87561</ele>
				<time>2026-06-15T21:35:58Z</time>
			</trkpt>
			<trkpt lat="46.891304" lon="-121.698212">
				<ele>1764.527222</ele>
				<time>2026-06-15T21:36:01Z</time>
			</trkpt>
			<trkpt lat="46.891357" lon="-121.698166">
				<ele>1766.393921</ele>
				<time>2026-06-15T21:36:07Z</time>
			</trkpt>
			<trkpt lat="46.891384" lon="-121.698151">
				<ele>1765.240356</ele>
				<time>2026-06-15T21:36:10Z</time>
			</trkpt>
			<trkpt lat="46.891415" lon="-121.698135">
				<ele>1766.758423</ele>
				<time>2026-06-15T21:36:13Z</time>
			</trkpt>
			<trkpt lat="46.891449" lon="-121.698112">
				<ele>1765.939697</ele>
				<time>2026-06-15T21:36:16Z</time>
			</trkpt>
			<trkpt lat="46.891479" lon="-121.698105">
				<ele>1766.452881</ele>
				<time>2026-06-15T21:36:18Z</time>
			</trkpt>
			<trkpt lat="46.89151" lon="-121.698105">
				<ele>1765.504761</ele>
				<time>2026-06-15T21:36:21Z</time>
			</trkpt>
			<trkpt lat="46.891548" lon="-121.698097">
				<ele>1766.086304</ele>
				<time>2026-06-15T21:36:24Z</time>
			</trkpt>
			<trkpt lat="46.89159" lon="-121.698105">
				<ele>1764.837769</ele>
				<time>2026-06-15T21:36:28Z</time>
			</trkpt>
			<trkpt lat="46.891605" lon="-121.698143">
				<ele>1763.352173</ele>
				<time>2026-06-15T21:36:30Z</time>
			</trkpt>
			<trkpt lat="46.891621" lon="-121.698181">
				<ele>1764.047119</ele>
				<time>2026-06-15T21:36:32Z</time>
			</trkpt>
			<trkpt lat="46.891644" lon="-121.698158">
				<ele>1767.134277</ele>
				<time>2026-06-15T21:36:38Z</time>
			</trkpt>
			<trkpt lat="46.891644" lon="-121.698112">
				<ele>1768.378418</ele>
				<time>2026-06-15T21:36:41Z</time>
			</trkpt>
			<trkpt lat="46.891708" lon="-121.698051">
				<ele>1767.060547</ele>
				<time>2026-06-15T21:36:47Z</time>
			</trkpt>
			<trkpt lat="46.891735" lon="-121.698021">
				<ele>1767.973633</ele>
				<time>2026-06-15T21:36:49Z</time>
			</trkpt>
			<trkpt lat="46.8918" lon="-121.697975">
				<ele>1766.458496</ele>
				<time>2026-06-15T21:36:55Z</time>
			</trkpt>
			<trkpt lat="46.89183" lon="-121.697983">
				<ele>1766.499023</ele>
				<time>2026-06-15T21:36:57Z</time>
			</trkpt>
			<trkpt lat="46.891857" lon="-121.69796">
				<ele>1766.476685</ele>
				<time>2026-06-15T21:36:59Z</time>
			</trkpt>
			<trkpt lat="46.891968" lon="-121.697929">
				<ele>1762.602173</ele>
				<time>2026-06-15T21:37:08Z</time>
			</trkpt>
			<trkpt lat="46.891979" lon="-121.697891">
				<ele>1762.135376</ele>
				<time>2026-06-15T21:37:11Z</time>
			</trkpt>
			<trkpt lat="46.892006" lon="-121.697899">
				<ele>1762.574707</ele>
				<time>2026-06-15T21:37:15Z</time>
			</trkpt>
			<trkpt lat="46.892025" lon="-121.697868">
				<ele>1761.87854</ele>
				<time>2026-06-15T21:37:19Z</time>
			</trkpt>
			<trkpt lat="46.892056" lon="-121.697838">
				<ele>1761.83252</ele>
				<time>2026-06-15T21:37:22Z</time>
			</trkpt>
			<trkpt lat="46.892181" lon="-121.697678">
				<ele>1754.171509</ele>
				<time>2026-06-15T21:37:35Z</time>
			</trkpt>
			<trkpt lat="46.892208" lon="-121.697647">
				<ele>1753.96814</ele>
				<time>2026-06-15T21:37:37Z</time>
			</trkpt>
			<trkpt lat="46.892208" lon="-121.697594">
				<ele>1756.895752</ele>
				<time>2026-06-15T21:37:39Z</time>
			</trkpt>
			<trkpt lat="46.892262" lon="-121.697479">
				<ele>1752.00708</ele>
				<time>2026-06-15T21:37:50Z</time>
			</trkpt>
			<trkpt lat="46.892273" lon="-121.697441">
				<ele>1752.077271</ele>
				<time>2026-06-15T21:37:53Z</time>
			</trkpt>
			<trkpt lat="46.892281" lon="-121.697395">
				<ele>1752.013062</ele>
				<time>2026-06-15T21:37:55Z</time>
			</trkpt>
			<trkpt lat="46.8923" lon="-121.697357">
				<ele>1749.869629</ele>
				<time>2026-06-15T21:37:59Z</time>
			</trkpt>
			<trkpt lat="46.892323" lon="-121.697319">
				<ele>1750.257202</ele>
				<time>2026-06-15T21:38:03Z</time>
			</trkpt>
			<trkpt lat="46.892345" lon="-121.697289">
				<ele>1748.304077</ele>
				<time>2026-06-15T21:38:06Z</time>
			</trkpt>
			<trkpt lat="46.892345" lon="-121.697243">
				<ele>1747.292725</ele>
				<time>2026-06-15T21:38:09Z</time>
			</trkpt>
			<trkpt lat="46.892361" lon="-121.697205">
				<ele>1747.983643</ele>
				<time>2026-06-15T21:38:12Z</time>
			</trkpt>
			<trkpt lat="46.89238" lon="-121.697113">
				<ele>1747.130127</ele>
				<time>2026-06-15T21:38:18Z</time>
			</trkpt>
			<trkpt lat="46.892384" lon="-121.697067">
				<ele>1747.199951</ele>
				<time>2026-06-15T21:38:21Z</time>
			</trkpt>
			<trkpt lat="46.892395" lon="-121.697029">
				<ele>1746.947754</ele>
				<time>2026-06-15T21:38:24Z</time>
			</trkpt>
			<trkpt lat="46.892433" lon="-121.696953">
				<ele>1744.329834</ele>
				<time>2026-06-15T21:38:31Z</time>
			</trkpt>
			<trkpt lat="46.892452" lon="-121.69693">
				<ele>1744.298706</ele>
				<time>2026-06-15T21:38:33Z</time>
			</trkpt>
			<trkpt lat="46.892483" lon="-121.696869">
				<ele>1742.868164</ele>
				<time>2026-06-15T21:38:38Z</time>
			</trkpt>
			<trkpt lat="46.892509" lon="-121.696854">
				<ele>1741.435059</ele>
				<time>2026-06-15T21:38:40Z</time>
			</trkpt>
			<trkpt lat="46.892532" lon="-121.696831">
				<ele>1741.486328</ele>
				<time>2026-06-15T21:38:42Z</time>
			</trkpt>
			<trkpt lat="46.892544" lon="-121.696793">
				<ele>1742.037231</ele>
				<time>2026-06-15T21:38:44Z</time>
			</trkpt>
			<trkpt lat="46.89257" lon="-121.696762">
				<ele>1743.077637</ele>
				<time>2026-06-15T21:38:47Z</time>
			</trkpt>
			<trkpt lat="46.892586" lon="-121.696739">
				<ele>1741.998657</ele>
				<time>2026-06-15T21:38:49Z</time>
			</trkpt>
			<trkpt lat="46.892605" lon="-121.696716">
				<ele>1742.482666</ele>
				<time>2026-06-15T21:38:51Z</time>
			</trkpt>
			<trkpt lat="46.892632" lon="-121.696693">
				<ele>1742.40271</ele>
				<time>2026-06-15T21:38:53Z</time>
			</trkpt>
			<trkpt lat="46.892654" lon="-121.696671">
				<ele>1742.084351</ele>
				<time>2026-06-15T21:38:55Z</time>
			</trkpt>
			<trkpt lat="46.892681" lon="-121.696648">
				<ele>1742.1875</ele>
				<time>2026-06-15T21:38:58Z</time>
			</trkpt>
			<trkpt lat="46.892712" lon="-121.696655">
				<ele>1741.286011</ele>
				<time>2026-06-15T21:39:01Z</time>
			</trkpt>
			<trkpt lat="46.892746" lon="-121.696632">
				<ele>1741.294189</ele>
				<time>2026-06-15T21:39:04Z</time>
			</trkpt>
			<trkpt lat="46.89278" lon="-121.696617">
				<ele>1740.778687</ele>
				<time>2026-06-15T21:39:06Z</time>
			</trkpt>
			<trkpt lat="46.892811" lon="-121.696602">
				<ele>1741.087036</ele>
				<time>2026-06-15T21:39:09Z</time>
			</trkpt>
			<trkpt lat="46.892872" lon="-121.696602">
				<ele>1738.816895</ele>
				<time>2026-06-15T21:39:15Z</time>
			</trkpt>
			<trkpt lat="46.892902" lon="-121.696602">
				<ele>1735.68689</ele>
				<time>2026-06-15T21:39:19Z</time>
			</trkpt>
			<trkpt lat="46.892929" lon="-121.696579">
				<ele>1735.484131</ele>
				<time>2026-06-15T21:39:23Z</time>
			</trkpt>
			<trkpt lat="46.892952" lon="-121.696556">
				<ele>1734.672852</ele>
				<time>2026-06-15T21:39:27Z</time>
			</trkpt>
			<trkpt lat="46.892979" lon="-121.696526">
				<ele>1735.002808</ele>
				<time>2026-06-15T21:39:30Z</time>
			</trkpt>
			<trkpt lat="46.893005" lon="-121.696526">
				<ele>1733.48999</ele>
				<time>2026-06-15T21:39:33Z</time>
			</trkpt>
			<trkpt lat="46.893028" lon="-121.696487">
				<ele>1733.694946</ele>
				<time>2026-06-15T21:39:37Z</time>
			</trkpt>
			<trkpt lat="46.893047" lon="-121.696411">
				<ele>1732.985352</ele>
				<time>2026-06-15T21:39:43Z</time>
			</trkpt>
			<trkpt lat="46.893051" lon="-121.696365">
				<ele>1733.350952</ele>
				<time>2026-06-15T21:39:46Z</time>
			</trkpt>
			<trkpt lat="46.893059" lon="-121.696281">
				<ele>1731.057861</ele>
				<time>2026-06-15T21:39:52Z</time>
			</trkpt>
			<trkpt lat="46.893143" lon="-121.696159">
				<ele>1728.009888</ele>
				<time>2026-06-15T21:40:03Z</time>
			</trkpt>
			<trkpt lat="46.893162" lon="-121.696129">
				<ele>1725.407471</ele>
				<time>2026-06-15T21:40:07Z</time>
			</trkpt>
			<trkpt lat="46.893177" lon="-121.696091">
				<ele>1725.915894</ele>
				<time>2026-06-15T21:40:09Z</time>
			</trkpt>
			<trkpt lat="46.8932" lon="-121.696053">
				<ele>1724.617065</ele>
				<time>2026-06-15T21:40:13Z</time>
			</trkpt>
			<trkpt lat="46.893204" lon="-121.696014">
				<ele>1724.895996</ele>
				<time>2026-06-15T21:40:15Z</time>
			</trkpt>
			<trkpt lat="46.893257" lon="-121.695915">
				<ele>1722.825806</ele>
				<time>2026-06-15T21:40:25Z</time>
			</trkpt>
			<trkpt lat="46.893272" lon="-121.695885">
				<ele>1723.091309</ele>
				<time>2026-06-15T21:40:28Z</time>
			</trkpt>
			<trkpt lat="46.893288" lon="-121.695847">
				<ele>1723.10022</ele>
				<time>2026-06-15T21:40:32Z</time>
			</trkpt>
			<trkpt lat="46.893303" lon="-121.695763">
				<ele>1721.616577</ele>
				<time>2026-06-15T21:40:40Z</time>
			</trkpt>
			<trkpt lat="46.893337" lon="-121.695694">
				<ele>1719.132202</ele>
				<time>2026-06-15T21:40:46Z</time>
			</trkpt>
			<trkpt lat="46.893356" lon="-121.695648">
				<ele>1719.433472</ele>
				<time>2026-06-15T21:40:50Z</time>
			</trkpt>
			<trkpt lat="46.893353" lon="-121.69561">
				<ele>1721.245361</ele>
				<time>2026-06-15T21:40:52Z</time>
			</trkpt>
			<trkpt lat="46.893364" lon="-121.695572">
				<ele>1719.200317</ele>
				<time>2026-06-15T21:40:55Z</time>
			</trkpt>
			<trkpt lat="46.893379" lon="-121.695541">
				<ele>1719.296875</ele>
				<time>2026-06-15T21:40:58Z</time>
			</trkpt>
			<trkpt lat="46.893383" lon="-121.695488">
				<ele>1718.856079</ele>
				<time>2026-06-15T21:41:01Z</time>
			</trkpt>
			<trkpt lat="46.893383" lon="-121.695442">
				<ele>1717.96936</ele>
				<time>2026-06-15T21:41:04Z</time>
			</trkpt>
			<trkpt lat="46.893414" lon="-121.695374">
				<ele>1715.682617</ele>
				<time>2026-06-15T21:41:10Z</time>
			</trkpt>
			<trkpt lat="46.893429" lon="-121.69532">
				<ele>1716.734009</ele>
				<time>2026-06-15T21:41:14Z</time>
			</trkpt>
			<trkpt lat="46.893436" lon="-121.695274">
				<ele>1715.384277</ele>
				<time>2026-06-15T21:41:17Z</time>
			</trkpt>
			<trkpt lat="46.893436" lon="-121.695229">
				<ele>1715.457886</ele>
				<time>2026-06-15T21:41:19Z</time>
			</trkpt>
			<trkpt lat="46.893448" lon="-121.695198">
				<ele>1715.248901</ele>
				<time>2026-06-15T21:41:22Z</time>
			</trkpt>
			<trkpt lat="46.893463" lon="-121.69516">
				<ele>1715.808594</ele>
				<time>2026-06-15T21:41:25Z</time>
			</trkpt>
			<trkpt lat="46.893463" lon="-121.695122">
				<ele>1713.679077</ele>
				<time>2026-06-15T21:41:28Z</time>
			</trkpt>
			<trkpt lat="46.893482" lon="-121.695053">
				<ele>1712.606934</ele>
				<time>2026-06-15T21:41:34Z</time>
			</trkpt>
			<trkpt lat="46.893475" lon="-121.694977">
				<ele>1712.425659</ele>
				<time>2026-06-15T21:41:39Z</time>
			</trkpt>
			<trkpt lat="46.893379" lon="-121.694908">
				<ele>1707.403809</ele>
				<time>2026-06-15T21:41:53Z</time>
			</trkpt>
			<trkpt lat="46.893349" lon="-121.694908">
				<ele>1707.601318</ele>
				<time>2026-06-15T21:41:56Z</time>
			</trkpt>
			<trkpt lat="46.893322" lon="-121.694908">
				<ele>1706.187134</ele>
				<time>2026-06-15T21:41:58Z</time>
			</trkpt>
			<trkpt lat="46.893291" lon="-121.694908">
				<ele>1705.866333</ele>
				<time>2026-06-15T21:42:01Z</time>
			</trkpt>
			<trkpt lat="46.893269" lon="-121.694916">
				<ele>1705.874146</ele>
				<time>2026-06-15T21:42:04Z</time>
			</trkpt>
			<trkpt lat="46.893238" lon="-121.694908">
				<ele>1705.13623</ele>
				<time>2026-06-15T21:42:07Z</time>
			</trkpt>
			<trkpt lat="46.893211" lon="-121.694901">
				<ele>1706.408203</ele>
				<time>2026-06-15T21:42:11Z</time>
			</trkpt>
			<trkpt lat="46.893185" lon="-121.694908">
				<ele>1705.613647</ele>
				<time>2026-06-15T21:42:13Z</time>
			</trkpt>
			<trkpt lat="46.893158" lon="-121.694893">
				<ele>1705.355713</ele>
				<time>2026-06-15T21:42:15Z</time>
			</trkpt>
			<trkpt lat="46.89312" lon="-121.694832">
				<ele>1705.05481</ele>
				<time>2026-06-15T21:42:22Z</time>
			</trkpt>
			<trkpt lat="46.893143" lon="-121.694794">
				<ele>1705.863403</ele>
				<time>2026-06-15T21:42:25Z</time>
			</trkpt>
			<trkpt lat="46.893204" lon="-121.694778">
				<ele>1704.548218</ele>
				<time>2026-06-15T21:42:31Z</time>
			</trkpt>
			<trkpt lat="46.893234" lon="-121.694794">
				<ele>1704.264038</ele>
				<time>2026-06-15T21:42:34Z</time>
			</trkpt>
			<trkpt lat="46.893265" lon="-121.694794">
				<ele>1702.18335</ele>
				<time>2026-06-15T21:42:37Z</time>
			</trkpt>
			<trkpt lat="46.893326" lon="-121.69474">
				<ele>1702.42334</ele>
				<time>2026-06-15T21:42:43Z</time>
			</trkpt>
			<trkpt lat="46.893364" lon="-121.694733">
				<ele>1702.369385</ele>
				<time>2026-06-15T21:42:46Z</time>
			</trkpt>
			<trkpt lat="46.893398" lon="-121.694733">
				<ele>1701.983154</ele>
				<time>2026-06-15T21:42:48Z</time>
			</trkpt>
			<trkpt lat="46.893433" lon="-121.694756">
				<ele>1700.807495</ele>
				<time>2026-06-15T21:42:51Z</time>
			</trkpt>
			<trkpt lat="46.893463" lon="-121.694748">
				<ele>1700.302612</ele>
				<time>2026-06-15T21:42:54Z</time>
			</trkpt>
			<trkpt lat="46.893494" lon="-121.694733">
				<ele>1700.538452</ele>
				<time>2026-06-15T21:43:00Z</time>
			</trkpt>
			<trkpt lat="46.893524" lon="-121.694702">
				<ele>1699.682983</ele>
				<time>2026-06-15T21:43:04Z</time>
			</trkpt>
			<trkpt lat="46.893551" lon="-121.694664">
				<ele>1699.953979</ele>
				<time>2026-06-15T21:43:07Z</time>
			</trkpt>
			<trkpt lat="46.893608" lon="-121.694603">
				<ele>1698.31311</ele>
				<time>2026-06-15T21:43:15Z</time>
			</trkpt>
			<trkpt lat="46.893639" lon="-121.694588">
				<ele>1699.053589</ele>
				<time>2026-06-15T21:43:18Z</time>
			</trkpt>
			<trkpt lat="46.893669" lon="-121.69458">
				<ele>1698.128052</ele>
				<time>2026-06-15T21:43:22Z</time>
			</trkpt>
			<trkpt lat="46.8937" lon="-121.694588">
				<ele>1698.203247</ele>
				<time>2026-06-15T21:43:25Z</time>
			</trkpt>
			<trkpt lat="46.89373" lon="-121.694572">
				<ele>1698.802979</ele>
				<time>2026-06-15T21:43:27Z</time>
			</trkpt>
			<trkpt lat="46.893764" lon="-121.694565">
				<ele>1698.563477</ele>
				<time>2026-06-15T21:43:30Z</time>
			</trkpt>
			<trkpt lat="46.893791" lon="-121.694542">
				<ele>1698.198486</ele>
				<time>2026-06-15T21:43:34Z</time>
			</trkpt>
			<trkpt lat="46.893833" lon="-121.694481">
				<ele>1695.842285</ele>
				<time>2026-06-15T21:43:40Z</time>
			</trkpt>
			<trkpt lat="46.893852" lon="-121.694435">
				<ele>1695.96875</ele>
				<time>2026-06-15T21:43:43Z</time>
			</trkpt>
			<trkpt lat="46.893913" lon="-121.694382">
				<ele>1695.219116</ele>
				<time>2026-06-15T21:43:50Z</time>
			</trkpt>
			<trkpt lat="46.893948" lon="-121.694321">
				<ele>1693.993774</ele>
				<time>2026-06-15T21:43:56Z</time>
			</trkpt>
			<trkpt lat="46.893986" lon="-121.69426">
				<ele>1693.455078</ele>
				<time>2026-06-15T21:44:02Z</time>
			</trkpt>
			<trkpt lat="46.894005" lon="-121.694221">
				<ele>1693.928467</ele>
				<time>2026-06-15T21:44:05Z</time>
			</trkpt>
			<trkpt lat="46.894024" lon="-121.694183">
				<ele>1693.027954</ele>
				<time>2026-06-15T21:44:08Z</time>
			</trkpt>
			<trkpt lat="46.894043" lon="-121.694077">
				<ele>1695.282959</ele>
				<time>2026-06-15T21:44:14Z</time>
			</trkpt>
			<trkpt lat="46.894093" lon="-121.693977">
				<ele>1696.282837</ele>
				<time>2026-06-15T21:44:21Z</time>
			</trkpt>
			<trkpt lat="46.894104" lon="-121.693939">
				<ele>1696.182495</ele>
				<time>2026-06-15T21:44:24Z</time>
			</trkpt>
			<trkpt lat="46.894123" lon="-121.693916">
				<ele>1696.651978</ele>
				<time>2026-06-15T21:44:26Z</time>
			</trkpt>
			<trkpt lat="46.894154" lon="-121.693848">
				<ele>1694.215088</ele>
				<time>2026-06-15T21:44:31Z</time>
			</trkpt>
			<trkpt lat="46.89418" lon="-121.693718">
				<ele>1694.815063</ele>
				<time>2026-06-15T21:44:39Z</time>
			</trkpt>
			<trkpt lat="46.894188" lon="-121.69368">
				<ele>1695.53418</ele>
				<time>2026-06-15T21:44:41Z</time>
			</trkpt>
			<trkpt lat="46.894192" lon="-121.693642">
				<ele>1695.062988</ele>
				<time>2026-06-15T21:44:44Z</time>
			</trkpt>
			<trkpt lat="46.894199" lon="-121.693596">
				<ele>1694.878784</ele>
				<time>2026-06-15T21:44:47Z</time>
			</trkpt>
			<trkpt lat="46.894203" lon="-121.693558">
				<ele>1695.452026</ele>
				<time>2026-06-15T21:44:49Z</time>
			</trkpt>
			<trkpt lat="46.894199" lon="-121.693512">
				<ele>1695.471558</ele>
				<time>2026-06-15T21:44:51Z</time>
			</trkpt>
			<trkpt lat="46.894199" lon="-121.693474">
				<ele>1696.197754</ele>
				<time>2026-06-15T21:44:53Z</time>
			</trkpt>
			<trkpt lat="46.894192" lon="-121.693405">
				<ele>1695.992188</ele>
				<time>2026-06-15T21:44:56Z</time>
			</trkpt>
			<trkpt lat="46.894207" lon="-121.693321">
				<ele>1693.936401</ele>
				<time>2026-06-15T21:45:02Z</time>
			</trkpt>
			<trkpt lat="46.894218" lon="-121.693275">
				<ele>1694.75354</ele>
				<time>2026-06-15T21:45:05Z</time>
			</trkpt>
			<trkpt lat="46.894222" lon="-121.693237">
				<ele>1694.567017</ele>
				<time>2026-06-15T21:45:07Z</time>
			</trkpt>
			<trkpt lat="46.89426" lon="-121.693115">
				<ele>1691.743286</ele>
				<time>2026-06-15T21:45:15Z</time>
			</trkpt>
			<trkpt lat="46.894283" lon="-121.693047">
				<ele>1690.988892</ele>
				<time>2026-06-15T21:45:20Z</time>
			</trkpt>
			<trkpt lat="46.894291" lon="-121.693008">
				<ele>1692.089844</ele>
				<time>2026-06-15T21:45:23Z</time>
			</trkpt>
			<trkpt lat="46.89431" lon="-121.692978">
				<ele>1690.965698</ele>
				<time>2026-06-15T21:45:26Z</time>
			</trkpt>
			<trkpt lat="46.894321" lon="-121.692932">
				<ele>1690.454224</ele>
				<time>2026-06-15T21:45:30Z</time>
			</trkpt>
			<trkpt lat="46.894321" lon="-121.692894">
				<ele>1691.983521</ele>
				<time>2026-06-15T21:45:32Z</time>
			</trkpt>
			<trkpt lat="46.894329" lon="-121.692833">
				<ele>1692.218628</ele>
				<time>2026-06-15T21:45:35Z</time>
			</trkpt>
			<trkpt lat="46.894344" lon="-121.692795">
				<ele>1692.186157</ele>
				<time>2026-06-15T21:45:39Z</time>
			</trkpt>
			<trkpt lat="46.894356" lon="-121.692749">
				<ele>1691.990723</ele>
				<time>2026-06-15T21:45:41Z</time>
			</trkpt>
			<trkpt lat="46.894371" lon="-121.692719">
				<ele>1691.009277</ele>
				<time>2026-06-15T21:45:43Z</time>
			</trkpt>
			<trkpt lat="46.894382" lon="-121.692673">
				<ele>1690.388062</ele>
				<time>2026-06-15T21:45:46Z</time>
			</trkpt>
			<trkpt lat="46.894402" lon="-121.692635">
				<ele>1690.424683</ele>
				<time>2026-06-15T21:45:49Z</time>
			</trkpt>
			<trkpt lat="46.894421" lon="-121.692505">
				<ele>1687.970093</ele>
				<time>2026-06-15T21:45:56Z</time>
			</trkpt>
			<trkpt lat="46.894436" lon="-121.692474">
				<ele>1688.050049</ele>
				<time>2026-06-15T21:45:58Z</time>
			</trkpt>
			<trkpt lat="46.894451" lon="-121.692421">
				<ele>1687.190552</ele>
				<time>2026-06-15T21:46:01Z</time>
			</trkpt>
			<trkpt lat="46.894466" lon="-121.69239">
				<ele>1687.281982</ele>
				<time>2026-06-15T21:46:03Z</time>
			</trkpt>
			<trkpt lat="46.894489" lon="-121.692329">
				<ele>1684.840088</ele>
				<time>2026-06-15T21:46:08Z</time>
			</trkpt>
			<trkpt lat="46.894497" lon="-121.692268">
				<ele>1685.841553</ele>
				<time>2026-06-15T21:46:11Z</time>
			</trkpt>
			<trkpt lat="46.894512" lon="-121.69223">
				<ele>1684.878906</ele>
				<time>2026-06-15T21:46:14Z</time>
			</trkpt>
			<trkpt lat="46.894531" lon="-121.6922">
				<ele>1684.934082</ele>
				<time>2026-06-15T21:46:16Z</time>
			</trkpt>
			<trkpt lat="46.894547" lon="-121.692169">
				<ele>1684.306396</ele>
				<time>2026-06-15T21:46:18Z</time>
			</trkpt>
			<trkpt lat="46.894562" lon="-121.692139">
				<ele>1684.451294</ele>
				<time>2026-06-15T21:46:20Z</time>
			</trkpt>
			<trkpt lat="46.894577" lon="-121.692108">
				<ele>1684.074219</ele>
				<time>2026-06-15T21:46:23Z</time>
			</trkpt>
			<trkpt lat="46.894611" lon="-121.692047">
				<ele>1682.743042</ele>
				<time>2026-06-15T21:46:28Z</time>
			</trkpt>
			<trkpt lat="46.894634" lon="-121.692009">
				<ele>1680.784424</ele>
				<time>2026-06-15T21:46:31Z</time>
			</trkpt>
			<trkpt lat="46.894661" lon="-121.691994">
				<ele>1680.393311</ele>
				<time>2026-06-15T21:46:34Z</time>
			</trkpt>
			<trkpt lat="46.894669" lon="-121.691956">
				<ele>1680.541138</ele>
				<time>2026-06-15T21:46:36Z</time>
			</trkpt>
			<trkpt lat="46.894695" lon="-121.691925">
				<ele>1681.209351</ele>
				<time>2026-06-15T21:46:39Z</time>
			</trkpt>
			<trkpt lat="46.894722" lon="-121.691902">
				<ele>1680.084473</ele>
				<time>2026-06-15T21:46:42Z</time>
			</trkpt>
			<trkpt lat="46.894737" lon="-121.691872">
				<ele>1680.535156</ele>
				<time>2026-06-15T21:46:44Z</time>
			</trkpt>
			<trkpt lat="46.894756" lon="-121.691841">
				<ele>1680.321289</ele>
				<time>2026-06-15T21:46:46Z</time>
			</trkpt>
			<trkpt lat="46.894779" lon="-121.691795">
				<ele>1680.452515</ele>
				<time>2026-06-15T21:46:49Z</time>
			</trkpt>
			<trkpt lat="46.894802" lon="-121.69178">
				<ele>1681.345947</ele>
				<time>2026-06-15T21:46:51Z</time>
			</trkpt>
			<trkpt lat="46.894817" lon="-121.691742">
				<ele>1679.880737</ele>
				<time>2026-06-15T21:46:53Z</time>
			</trkpt>
			<trkpt lat="46.894821" lon="-121.691696">
				<ele>1679.482422</ele>
				<time>2026-06-15T21:46:55Z</time>
			</trkpt>
			<trkpt lat="46.894833" lon="-121.691658">
				<ele>1679.512817</ele>
				<time>2026-06-15T21:46:57Z</time>
			</trkpt>
			<trkpt lat="46.894867" lon="-121.691589">
				<ele>1681.170776</ele>
				<time>2026-06-15T21:47:01Z</time>
			</trkpt>
			<trkpt lat="46.894894" lon="-121.691536">
				<ele>1680.95459</ele>
				<time>2026-06-15T21:47:04Z</time>
			</trkpt>
			<trkpt lat="46.89492" lon="-121.691498">
				<ele>1681.3125</ele>
				<time>2026-06-15T21:47:07Z</time>
			</trkpt>
			<trkpt lat="46.894981" lon="-121.691475">
				<ele>1680.489136</ele>
				<time>2026-06-15T21:47:12Z</time>
			</trkpt>
			<trkpt lat="46.895023" lon="-121.691437">
				<ele>1677.495483</ele>
				<time>2026-06-15T21:47:16Z</time>
			</trkpt>
			<trkpt lat="46.895042" lon="-121.691406">
				<ele>1677.333984</ele>
				<time>2026-06-15T21:47:18Z</time>
			</trkpt>
			<trkpt lat="46.895054" lon="-121.691368">
				<ele>1677.572632</ele>
				<time>2026-06-15T21:47:20Z</time>
			</trkpt>
			<trkpt lat="46.895081" lon="-121.69133">
				<ele>1676.908081</ele>
				<time>2026-06-15T21:47:23Z</time>
			</trkpt>
			<trkpt lat="46.895111" lon="-121.691307">
				<ele>1677.854492</ele>
				<time>2026-06-15T21:47:26Z</time>
			</trkpt>
			<trkpt lat="46.89513" lon="-121.691261">
				<ele>1678.614258</ele>
				<time>2026-06-15T21:47:29Z</time>
			</trkpt>
			<trkpt lat="46.895134" lon="-121.691223">
				<ele>1678.729126</ele>
				<time>2026-06-15T21:47:31Z</time>
			</trkpt>
			<trkpt lat="46.89513" lon="-121.691185">
				<ele>1680.730835</ele>
				<time>2026-06-15T21:47:33Z</time>
			</trkpt>
			<trkpt lat="46.895153" lon="-121.691109">
				<ele>1676.81543</ele>
				<time>2026-06-15T21:47:42Z</time>
			</trkpt>
			<trkpt lat="46.895164" lon="-121.691063">
				<ele>1676.963379</ele>
				<time>2026-06-15T21:47:45Z</time>
			</trkpt>
			<trkpt lat="46.895172" lon="-121.691025">
				<ele>1675.71936</ele>
				<time>2026-06-15T21:47:48Z</time>
			</trkpt>
			<trkpt lat="46.895168" lon="-121.690979">
				<ele>1676.834595</ele>
				<time>2026-06-15T21:47:50Z</time>
			</trkpt>
			<trkpt lat="46.89518" lon="-121.690941">
				<ele>1676.145142</ele>
				<time>2026-06-15T21:47:52Z</time>
			</trkpt>
			<trkpt lat="46.895241" lon="-121.690788">
				<ele>1671.60498</ele>
				<time>2026-06-15T21:48:04Z</time>
			</trkpt>
			<trkpt lat="46.895287" lon="-121.69072">
				<ele>1668.520996</ele>
				<time>2026-06-15T21:48:10Z</time>
			</trkpt>
			<trkpt lat="46.895309" lon="-121.690674">
				<ele>1669.404663</ele>
				<time>2026-06-15T21:48:13Z</time>
			</trkpt>
			<trkpt lat="46.895344" lon="-121.690582">
				<ele>1668.745605</ele>
				<time>2026-06-15T21:48:19Z</time>
			</trkpt>
			<trkpt lat="46.89537" lon="-121.690536">
				<ele>1669.735596</ele>
				<time>2026-06-15T21:48:22Z</time>
			</trkpt>
			<trkpt lat="46.895382" lon="-121.690491">
				<ele>1668.239746</ele>
				<time>2026-06-15T21:48:25Z</time>
			</trkpt>
			<trkpt lat="46.895397" lon="-121.690437">
				<ele>1668.578003</ele>
				<time>2026-06-15T21:48:29Z</time>
			</trkpt>
			<trkpt lat="46.895405" lon="-121.690399">
				<ele>1669.398071</ele>
				<time>2026-06-15T21:48:31Z</time>
			</trkpt>
			<trkpt lat="46.895454" lon="-121.690361">
				<ele>1667.508545</ele>
				<time>2026-06-15T21:48:37Z</time>
			</trkpt>
			<trkpt lat="46.895477" lon="-121.690346">
				<ele>1669.046875</ele>
				<time>2026-06-15T21:48:39Z</time>
			</trkpt>
			<trkpt lat="46.895493" lon="-121.690262">
				<ele>1669.53772</ele>
				<time>2026-06-15T21:48:44Z</time>
			</trkpt>
			<trkpt lat="46.895508" lon="-121.690224">
				<ele>1667.798218</ele>
				<time>2026-06-15T21:48:47Z</time>
			</trkpt>
			<trkpt lat="46.895519" lon="-121.690178">
				<ele>1668.212769</ele>
				<time>2026-06-15T21:48:50Z</time>
			</trkpt>
			<trkpt lat="46.895538" lon="-121.690155">
				<ele>1666.352295</ele>
				<time>2026-06-15T21:48:52Z</time>
			</trkpt>
			<trkpt lat="46.895554" lon="-121.690125">
				<ele>1666.854614</ele>
				<time>2026-06-15T21:48:54Z</time>
			</trkpt>
			<trkpt lat="46.895576" lon="-121.690102">
				<ele>1666.739136</ele>
				<time>2026-06-15T21:48:56Z</time>
			</trkpt>
			<trkpt lat="46.895584" lon="-121.690048">
				<ele>1667.260376</ele>
				<time>2026-06-15T21:48:59Z</time>
			</trkpt>
			<trkpt lat="46.895584" lon="-121.689995">
				<ele>1667.159912</ele>
				<time>2026-06-15T21:49:01Z</time>
			</trkpt>
			<trkpt lat="46.895584" lon="-121.689896">
				<ele>1664.590942</ele>
				<time>2026-06-15T21:49:07Z</time>
			</trkpt>
			<trkpt lat="46.89558" lon="-121.68985">
				<ele>1664.026611</ele>
				<time>2026-06-15T21:49:09Z</time>
			</trkpt>
			<trkpt lat="46.895584" lon="-121.689804">
				<ele>1663.960571</ele>
				<time>2026-06-15T21:49:12Z</time>
			</trkpt>
			<trkpt lat="46.895584" lon="-121.689766">
				<ele>1664.261597</ele>
				<time>2026-06-15T21:49:14Z</time>
			</trkpt>
			<trkpt lat="46.895638" lon="-121.689629">
				<ele>1661.401855</ele>
				<time>2026-06-15T21:49:24Z</time>
			</trkpt>
			<trkpt lat="46.895649" lon="-121.689583">
				<ele>1661.760132</ele>
				<time>2026-06-15T21:49:27Z</time>
			</trkpt>
			<trkpt lat="46.895676" lon="-121.689545">
				<ele>1660.867188</ele>
				<time>2026-06-15T21:49:30Z</time>
			</trkpt>
			<trkpt lat="46.895699" lon="-121.689514">
				<ele>1660.779419</ele>
				<time>2026-06-15T21:49:33Z</time>
			</trkpt>
			<trkpt lat="46.895718" lon="-121.689461">
				<ele>1661.758545</ele>
				<time>2026-06-15T21:49:36Z</time>
			</trkpt>
			<trkpt lat="46.895729" lon="-121.689423">
				<ele>1660.081787</ele>
				<time>2026-06-15T21:49:39Z</time>
			</trkpt>
			<trkpt lat="46.895741" lon="-121.689346">
				<ele>1662.354492</ele>
				<time>2026-06-15T21:49:43Z</time>
			</trkpt>
			<trkpt lat="46.895741" lon="-121.689293">
				<ele>1662.731445</ele>
				<time>2026-06-15T21:49:46Z</time>
			</trkpt>
			<trkpt lat="46.895752" lon="-121.689247">
				<ele>1662.062744</ele>
				<time>2026-06-15T21:49:49Z</time>
			</trkpt>
			<trkpt lat="46.895805" lon="-121.689102">
				<ele>1662.985229</ele>
				<time>2026-06-15T21:49:58Z</time>
			</trkpt>
			<trkpt lat="46.895863" lon="-121.689041">
				<ele>1658.591675</ele>
				<time>2026-06-15T21:50:04Z</time>
			</trkpt>
			<trkpt lat="46.895863" lon="-121.688995">
				<ele>1661.510498</ele>
				<time>2026-06-15T21:50:07Z</time>
			</trkpt>
			<trkpt lat="46.895897" lon="-121.688965">
				<ele>1659.797119</ele>
				<time>2026-06-15T21:50:10Z</time>
			</trkpt>
			<trkpt lat="46.895901" lon="-121.688919">
				<ele>1659.771484</ele>
				<time>2026-06-15T21:50:13Z</time>
			</trkpt>
			<trkpt lat="46.895905" lon="-121.688866">
				<ele>1659.811768</ele>
				<time>2026-06-15T21:50:17Z</time>
			</trkpt>
			<trkpt lat="46.895893" lon="-121.68882">
				<ele>1659.894775</ele>
				<time>2026-06-15T21:50:20Z</time>
			</trkpt>
			<trkpt lat="46.895889" lon="-121.688721">
				<ele>1657.84668</ele>
				<time>2026-06-15T21:50:26Z</time>
			</trkpt>
			<trkpt lat="46.895874" lon="-121.688667">
				<ele>1658.418823</ele>
				<time>2026-06-15T21:50:29Z</time>
			</trkpt>
			<trkpt lat="46.895874" lon="-121.688622">
				<ele>1656.238281</ele>
				<time>2026-06-15T21:50:33Z</time>
			</trkpt>
			<trkpt lat="46.89587" lon="-121.688576">
				<ele>1656.1521</ele>
				<time>2026-06-15T21:50:35Z</time>
			</trkpt>
			<trkpt lat="46.895866" lon="-121.688545">
				<ele>1655.377563</ele>
				<time>2026-06-15T21:50:37Z</time>
			</trkpt>
			<trkpt lat="46.89587" lon="-121.688507">
				<ele>1655.797119</ele>
				<time>2026-06-15T21:50:39Z</time>
			</trkpt>
			<trkpt lat="46.895893" lon="-121.688461">
				<ele>1654.82605</ele>
				<time>2026-06-15T21:50:42Z</time>
			</trkpt>
			<trkpt lat="46.895897" lon="-121.688408">
				<ele>1656.314331</ele>
				<time>2026-06-15T21:50:45Z</time>
			</trkpt>
			<trkpt lat="46.895916" lon="-121.688377">
				<ele>1654.926758</ele>
				<time>2026-06-15T21:50:47Z</time>
			</trkpt>
			<trkpt lat="46.895912" lon="-121.688332">
				<ele>1654.32019</ele>
				<time>2026-06-15T21:50:50Z</time>
			</trkpt>
			<trkpt lat="46.895908" lon="-121.688293">
				<ele>1654.177979</ele>
				<time>2026-06-15T21:50:53Z</time>
			</trkpt>
			<trkpt lat="46.895901" lon="-121.688255">
				<ele>1654.374023</ele>
				<time>2026-06-15T21:50:55Z</time>
			</trkpt>
			<trkpt lat="46.895908" lon="-121.68821">
				<ele>1653.247681</ele>
				<time>2026-06-15T21:50:58Z</time>
			</trkpt>
			<trkpt lat="46.895912" lon="-121.688164">
				<ele>1653.280273</ele>
				<time>2026-06-15T21:51:01Z</time>
			</trkpt>
			<trkpt lat="46.895912" lon="-121.68811">
				<ele>1654.379517</ele>
				<time>2026-06-15T21:51:04Z</time>
			</trkpt>
			<trkpt lat="46.895958" lon="-121.688049">
				<ele>1650.444458</ele>
				<time>2026-06-15T21:51:09Z</time>
			</trkpt>
			<trkpt lat="46.895992" lon="-121.687988">
				<ele>1648.799805</ele>
				<time>2026-06-15T21:51:14Z</time>
			</trkpt>
			<trkpt lat="46.896008" lon="-121.687935">
				<ele>1648.584595</ele>
				<time>2026-06-15T21:51:17Z</time>
			</trkpt>
			<trkpt lat="46.896023" lon="-121.687897">
				<ele>1647.239502</ele>
				<time>2026-06-15T21:51:20Z</time>
			</trkpt>
			<trkpt lat="46.896023" lon="-121.687851">
				<ele>1647.403076</ele>
				<time>2026-06-15T21:51:23Z</time>
			</trkpt>
			<trkpt lat="46.896034" lon="-121.687759">
				<ele>1646.297241</ele>
				<time>2026-06-15T21:51:28Z</time>
			</trkpt>
			<trkpt lat="46.896038" lon="-121.687721">
				<ele>1646.70874</ele>
				<time>2026-06-15T21:51:30Z</time>
			</trkpt>
			<trkpt lat="46.896042" lon="-121.687683">
				<ele>1646.130859</ele>
				<time>2026-06-15T21:51:33Z</time>
			</trkpt>
			<trkpt lat="46.896046" lon="-121.687645">
				<ele>1646.165039</ele>
				<time>2026-06-15T21:51:35Z</time>
			</trkpt>
			<trkpt lat="46.896049" lon="-121.687599">
				<ele>1646.167725</ele>
				<time>2026-06-15T21:51:38Z</time>
			</trkpt>
			<trkpt lat="46.896053" lon="-121.687546">
				<ele>1646.650879</ele>
				<time>2026-06-15T21:51:41Z</time>
			</trkpt>
			<trkpt lat="46.896065" lon="-121.687515">
				<ele>1645.905151</ele>
				<time>2026-06-15T21:51:43Z</time>
			</trkpt>
			<trkpt lat="46.896069" lon="-121.687469">
				<ele>1645.913574</ele>
				<time>2026-06-15T21:51:45Z</time>
			</trkpt>
			<trkpt lat="46.896088" lon="-121.687431">
				<ele>1644.754883</ele>
				<time>2026-06-15T21:51:48Z</time>
			</trkpt>
			<trkpt lat="46.896103" lon="-121.687393">
				<ele>1645.359497</ele>
				<time>2026-06-15T21:51:50Z</time>
			</trkpt>
			<trkpt lat="46.896137" lon="-121.687332">
				<ele>1643.942627</ele>
				<time>2026-06-15T21:51:56Z</time>
			</trkpt>
			<trkpt lat="46.896145" lon="-121.687294">
				<ele>1643.791138</ele>
				<time>2026-06-15T21:51:59Z</time>
			</trkpt>
			<trkpt lat="46.896156" lon="-121.68721">
				<ele>1644.397217</ele>
				<time>2026-06-15T21:52:04Z</time>
			</trkpt>
			<trkpt lat="46.89616" lon="-121.68718">
				<ele>1645.415894</ele>
				<time>2026-06-15T21:52:06Z</time>
			</trkpt>
			<trkpt lat="46.896164" lon="-121.687149">
				<ele>1644.392578</ele>
				<time>2026-06-15T21:52:08Z</time>
			</trkpt>
			<trkpt lat="46.896164" lon="-121.687073">
				<ele>1644.058716</ele>
				<time>2026-06-15T21:52:13Z</time>
			</trkpt>
			<trkpt lat="46.896179" lon="-121.687004">
				<ele>1643.431641</ele>
				<time>2026-06-15T21:52:17Z</time>
			</trkpt>
			<trkpt lat="46.896164" lon="-121.686882">
				<ele>1639.796387</ele>
				<time>2026-06-15T21:52:25Z</time>
			</trkpt>
			<trkpt lat="46.896156" lon="-121.686852">
				<ele>1639.914063</ele>
				<time>2026-06-15T21:52:27Z</time>
			</trkpt>
			<trkpt lat="46.896141" lon="-121.686783">
				<ele>1638.830322</ele>
				<time>2026-06-15T21:52:32Z</time>
			</trkpt>
			<trkpt lat="46.89613" lon="-121.686752">
				<ele>1638.739136</ele>
				<time>2026-06-15T21:52:34Z</time>
			</trkpt>
			<trkpt lat="46.896114" lon="-121.686676">
				<ele>1636.987915</ele>
				<time>2026-06-15T21:52:39Z</time>
			</trkpt>
			<trkpt lat="46.896111" lon="-121.686607">
				<ele>1637.94165</ele>
				<time>2026-06-15T21:52:43Z</time>
			</trkpt>
			<trkpt lat="46.896114" lon="-121.68647">
				<ele>1634.792847</ele>
				<time>2026-06-15T21:52:52Z</time>
			</trkpt>
			<trkpt lat="46.89613" lon="-121.68644">
				<ele>1635.623901</ele>
				<time>2026-06-15T21:52:55Z</time>
			</trkpt>
			<trkpt lat="46.896141" lon="-121.686401">
				<ele>1635.725708</ele>
				<time>2026-06-15T21:52:57Z</time>
			</trkpt>
			<trkpt lat="46.896152" lon="-121.68634">
				<ele>1634.011597</ele>
				<time>2026-06-15T21:53:01Z</time>
			</trkpt>
			<trkpt lat="46.896168" lon="-121.68631">
				<ele>1634.683594</ele>
				<time>2026-06-15T21:53:03Z</time>
			</trkpt>
			<trkpt lat="46.896183" lon="-121.686272">
				<ele>1634.478149</ele>
				<time>2026-06-15T21:53:06Z</time>
			</trkpt>
			<trkpt lat="46.896191" lon="-121.686234">
				<ele>1633.525635</ele>
				<time>2026-06-15T21:53:09Z</time>
			</trkpt>
			<trkpt lat="46.896198" lon="-121.686188">
				<ele>1633.695679</ele>
				<time>2026-06-15T21:53:12Z</time>
			</trkpt>
			<trkpt lat="46.896214" lon="-121.686165">
				<ele>1632.814331</ele>
				<time>2026-06-15T21:53:14Z</time>
			</trkpt>
			<trkpt lat="46.896225" lon="-121.686127">
				<ele>1633.11499</ele>
				<time>2026-06-15T21:53:16Z</time>
			</trkpt>
			<trkpt lat="46.896252" lon="-121.686096">
				<ele>1632.634521</ele>
				<time>2026-06-15T21:53:19Z</time>
			</trkpt>
			<trkpt lat="46.896267" lon="-121.686058">
				<ele>1630.770508</ele>
				<time>2026-06-15T21:53:22Z</time>
			</trkpt>
			<trkpt lat="46.89629" lon="-121.686028">
				<ele>1630.307617</ele>
				<time>2026-06-15T21:53:25Z</time>
			</trkpt>
			<trkpt lat="46.896301" lon="-121.685989">
				<ele>1630.512939</ele>
				<time>2026-06-15T21:53:27Z</time>
			</trkpt>
			<trkpt lat="46.89632" lon="-121.685951">
				<ele>1631.467896</ele>
				<time>2026-06-15T21:53:29Z</time>
			</trkpt>
			<trkpt lat="46.896324" lon="-121.685905">
				<ele>1633.25</ele>
				<time>2026-06-15T21:53:31Z</time>
			</trkpt>
			<trkpt lat="46.896355" lon="-121.685768">
				<ele>1629.945801</ele>
				<time>2026-06-15T21:53:41Z</time>
			</trkpt>
			<trkpt lat="46.896378" lon="-121.68573">
				<ele>1629.994385</ele>
				<time>2026-06-15T21:53:44Z</time>
			</trkpt>
			<trkpt lat="46.896389" lon="-121.685684">
				<ele>1629.527344</ele>
				<time>2026-06-15T21:53:47Z</time>
			</trkpt>
			<trkpt lat="46.896397" lon="-121.685646">
				<ele>1631.397705</ele>
				<time>2026-06-15T21:53:49Z</time>
			</trkpt>
			<trkpt lat="46.896446" lon="-121.685532">
				<ele>1627.053467</ele>
				<time>2026-06-15T21:53:58Z</time>
			</trkpt>
			<trkpt lat="46.896446" lon="-121.685486">
				<ele>1627.93335</ele>
				<time>2026-06-15T21:54:01Z</time>
			</trkpt>
			<trkpt lat="46.896454" lon="-121.685455">
				<ele>1627.162842</ele>
				<time>2026-06-15T21:54:03Z</time>
			</trkpt>
			<trkpt lat="46.896492" lon="-121.685371">
				<ele>1627.705811</ele>
				<time>2026-06-15T21:54:09Z</time>
			</trkpt>
			<trkpt lat="46.896488" lon="-121.68531">
				<ele>1628.194946</ele>
				<time>2026-06-15T21:54:11Z</time>
			</trkpt>
			<trkpt lat="46.8965" lon="-121.685272">
				<ele>1628.102661</ele>
				<time>2026-06-15T21:54:14Z</time>
			</trkpt>
			<trkpt lat="46.8965" lon="-121.685181">
				<ele>1627.553223</ele>
				<time>2026-06-15T21:54:20Z</time>
			</trkpt>
			<trkpt lat="46.896503" lon="-121.685143">
				<ele>1625.981689</ele>
				<time>2026-06-15T21:54:23Z</time>
			</trkpt>
			<trkpt lat="46.896507" lon="-121.685089">
				<ele>1626.365112</ele>
				<time>2026-06-15T21:54:26Z</time>
			</trkpt>
			<trkpt lat="46.896511" lon="-121.685013">
				<ele>1626.125244</ele>
				<time>2026-06-15T21:54:30Z</time>
			</trkpt>
			<trkpt lat="46.896557" lon="-121.684883">
				<ele>1624.402954</ele>
				<time>2026-06-15T21:54:39Z</time>
			</trkpt>
			<trkpt lat="46.896557" lon="-121.68483">
				<ele>1623.925537</ele>
				<time>2026-06-15T21:54:42Z</time>
			</trkpt>
			<trkpt lat="46.896587" lon="-121.684753">
				<ele>1619.992554</ele>
				<time>2026-06-15T21:54:48Z</time>
			</trkpt>
			<trkpt lat="46.896618" lon="-121.684731">
				<ele>1619.920654</ele>
				<time>2026-06-15T21:54:50Z</time>
			</trkpt>
			<trkpt lat="46.896641" lon="-121.684708">
				<ele>1618.310425</ele>
				<time>2026-06-15T21:54:53Z</time>
			</trkpt>
			<trkpt lat="46.896664" lon="-121.684677">
				<ele>1617.823364</ele>
				<time>2026-06-15T21:54:55Z</time>
			</trkpt>
			<trkpt lat="46.896683" lon="-121.684647">
				<ele>1617.732544</ele>
				<time>2026-06-15T21:54:57Z</time>
			</trkpt>
			<trkpt lat="46.896709" lon="-121.684631">
				<ele>1615.72583</ele>
				<time>2026-06-15T21:55:00Z</time>
			</trkpt>
			<trkpt lat="46.896751" lon="-121.684555">
				<ele>1614.978149</ele>
				<time>2026-06-15T21:55:06Z</time>
			</trkpt>
			<trkpt lat="46.89677" lon="-121.684532">
				<ele>1613.30603</ele>
				<time>2026-06-15T21:55:09Z</time>
			</trkpt>
			<trkpt lat="46.896809" lon="-121.684517">
				<ele>1613.888062</ele>
				<time>2026-06-15T21:55:13Z</time>
			</trkpt>
			<trkpt lat="46.896843" lon="-121.684509">
				<ele>1612.758301</ele>
				<time>2026-06-15T21:55:15Z</time>
			</trkpt>
			<trkpt lat="46.896904" lon="-121.684471">
				<ele>1614.168091</ele>
				<time>2026-06-15T21:55:22Z</time>
			</trkpt>
			<trkpt lat="46.896938" lon="-121.684448">
				<ele>1612.820435</ele>
				<time>2026-06-15T21:55:26Z</time>
			</trkpt>
			<trkpt lat="46.896957" lon="-121.684402">
				<ele>1612.807373</ele>
				<time>2026-06-15T21:55:30Z</time>
			</trkpt>
			<trkpt lat="46.896931" lon="-121.684303">
				<ele>1614.754639</ele>
				<time>2026-06-15T21:55:37Z</time>
			</trkpt>
			<trkpt lat="46.896927" lon="-121.684212">
				<ele>1614.004028</ele>
				<time>2026-06-15T21:55:43Z</time>
			</trkpt>
			<trkpt lat="46.896915" lon="-121.684166">
				<ele>1614.942627</ele>
				<time>2026-06-15T21:55:46Z</time>
			</trkpt>
			<trkpt lat="46.896893" lon="-121.68412">
				<ele>1613.811035</ele>
				<time>2026-06-15T21:55:50Z</time>
			</trkpt>
			<trkpt lat="46.896873" lon="-121.684082">
				<ele>1614.238403</ele>
				<time>2026-06-15T21:55:53Z</time>
			</trkpt>
			<trkpt lat="46.896854" lon="-121.684006">
				<ele>1609.814209</ele>
				<time>2026-06-15T21:55:58Z</time>
			</trkpt>
			<trkpt lat="46.896847" lon="-121.683968">
				<ele>1609.723877</ele>
				<time>2026-06-15T21:56:00Z</time>
			</trkpt>
			<trkpt lat="46.896854" lon="-121.683922">
				<ele>1609.237061</ele>
				<time>2026-06-15T21:56:03Z</time>
			</trkpt>
			<trkpt lat="46.896858" lon="-121.683876">
				<ele>1608.223022</ele>
				<time>2026-06-15T21:56:06Z</time>
			</trkpt>
			<trkpt lat="46.896866" lon="-121.683838">
				<ele>1608.06958</ele>
				<time>2026-06-15T21:56:08Z</time>
			</trkpt>
			<trkpt lat="46.896873" lon="-121.6838">
				<ele>1608.112915</ele>
				<time>2026-06-15T21:56:10Z</time>
			</trkpt>
			<trkpt lat="46.896927" lon="-121.683594">
				<ele>1605.19165</ele>
				<time>2026-06-15T21:56:25Z</time>
			</trkpt>
			<trkpt lat="46.896935" lon="-121.683556">
				<ele>1605.844727</ele>
				<time>2026-06-15T21:56:27Z</time>
			</trkpt>
			<trkpt lat="46.89695" lon="-121.683525">
				<ele>1606.033936</ele>
				<time>2026-06-15T21:56:29Z</time>
			</trkpt>
			<trkpt lat="46.896973" lon="-121.683495">
				<ele>1604.45105</ele>
				<time>2026-06-15T21:56:32Z</time>
			</trkpt>
			<trkpt lat="46.896976" lon="-121.683456">
				<ele>1604.753296</ele>
				<time>2026-06-15T21:56:35Z</time>
			</trkpt>
			<trkpt lat="46.89698" lon="-121.683411">
				<ele>1604.342041</ele>
				<time>2026-06-15T21:56:37Z</time>
			</trkpt>
			<trkpt lat="46.896984" lon="-121.683365">
				<ele>1604.250488</ele>
				<time>2026-06-15T21:56:40Z</time>
			</trkpt>
			<trkpt lat="46.896992" lon="-121.683281">
				<ele>1605.1604</ele>
				<time>2026-06-15T21:56:46Z</time>
			</trkpt>
			<trkpt lat="46.896988" lon="-121.683235">
				<ele>1602.678223</ele>
				<time>2026-06-15T21:56:50Z</time>
			</trkpt>
			<trkpt lat="46.89698" lon="-121.683189">
				<ele>1602.96521</ele>
				<time>2026-06-15T21:56:52Z</time>
			</trkpt>
			<trkpt lat="46.896973" lon="-121.683144">
				<ele>1603.664063</ele>
				<time>2026-06-15T21:56:55Z</time>
			</trkpt>
			<trkpt lat="46.896984" lon="-121.683044">
				<ele>1602.289063</ele>
				<time>2026-06-15T21:57:00Z</time>
			</trkpt>
			<trkpt lat="46.896984" lon="-121.682945">
				<ele>1602.781006</ele>
				<time>2026-06-15T21:57:06Z</time>
			</trkpt>
			<trkpt lat="46.89698" lon="-121.682899">
				<ele>1600.046143</ele>
				<time>2026-06-15T21:57:12Z</time>
			</trkpt>
			<trkpt lat="46.896957" lon="-121.682877">
				<ele>1600.00769</ele>
				<time>2026-06-15T21:57:13Z</time>
			</trkpt>
			<trkpt lat="46.89695" lon="-121.682846">
				<ele>1599.262695</ele>
				<time>2026-06-15T21:57:16Z</time>
			</trkpt>
			<trkpt lat="46.896935" lon="-121.682816">
				<ele>1600.308716</ele>
				<time>2026-06-15T21:57:18Z</time>
			</trkpt>
			<trkpt lat="46.896931" lon="-121.68277">
				<ele>1599.727661</ele>
				<time>2026-06-15T21:57:21Z</time>
			</trkpt>
			<trkpt lat="46.896935" lon="-121.682732">
				<ele>1600.209351</ele>
				<time>2026-06-15T21:57:24Z</time>
			</trkpt>
			<trkpt lat="46.896931" lon="-121.682686">
				<ele>1599.579224</ele>
				<time>2026-06-15T21:57:27Z</time>
			</trkpt>
			<trkpt lat="46.896919" lon="-121.682571">
				<ele>1597.007324</ele>
				<time>2026-06-15T21:57:35Z</time>
			</trkpt>
			<trkpt lat="46.89687" lon="-121.682487">
				<ele>1594.014038</ele>
				<time>2026-06-15T21:57:42Z</time>
			</trkpt>
			<trkpt lat="46.896866" lon="-121.682442">
				<ele>1593.843262</ele>
				<time>2026-06-15T21:57:45Z</time>
			</trkpt>
			<trkpt lat="46.896828" lon="-121.682358">
				<ele>1595.186523</ele>
				<time>2026-06-15T21:57:58Z</time>
			</trkpt>
			<trkpt lat="46.896828" lon="-121.682312">
				<ele>1596.771973</ele>
				<time>2026-06-15T21:58:02Z</time>
			</trkpt>
			<trkpt lat="46.896816" lon="-121.682213">
				<ele>1593.559326</ele>
				<time>2026-06-15T21:58:07Z</time>
			</trkpt>
			<trkpt lat="46.896812" lon="-121.682175">
				<ele>1595.025391</ele>
				<time>2026-06-15T21:58:09Z</time>
			</trkpt>
			<trkpt lat="46.896805" lon="-121.682129">
				<ele>1595.277222</ele>
				<time>2026-06-15T21:58:12Z</time>
			</trkpt>
			<trkpt lat="46.896782" lon="-121.682007">
				<ele>1591.763184</ele>
				<time>2026-06-15T21:58:21Z</time>
			</trkpt>
			<trkpt lat="46.896774" lon="-121.681953">
				<ele>1592.623047</ele>
				<time>2026-06-15T21:58:24Z</time>
			</trkpt>
			<trkpt lat="46.89677" lon="-121.6819">
				<ele>1591.742432</ele>
				<time>2026-06-15T21:58:27Z</time>
			</trkpt>
			<trkpt lat="46.896748" lon="-121.681862">
				<ele>1591.817505</ele>
				<time>2026-06-15T21:58:30Z</time>
			</trkpt>
			<trkpt lat="46.896729" lon="-121.681831">
				<ele>1591.017822</ele>
				<time>2026-06-15T21:58:32Z</time>
			</trkpt>
			<trkpt lat="46.896706" lon="-121.681786">
				<ele>1591.569092</ele>
				<time>2026-06-15T21:58:35Z</time>
			</trkpt>
			<trkpt lat="46.896679" lon="-121.681694">
				<ele>1589.481323</ele>
				<time>2026-06-15T21:58:42Z</time>
			</trkpt>
			<trkpt lat="46.896687" lon="-121.681648">
				<ele>1589.539673</ele>
				<time>2026-06-15T21:58:45Z</time>
			</trkpt>
			<trkpt lat="46.896694" lon="-121.681602">
				<ele>1587.673828</ele>
				<time>2026-06-15T21:58:48Z</time>
			</trkpt>
			<trkpt lat="46.896679" lon="-121.681549">
				<ele>1586.744141</ele>
				<time>2026-06-15T21:58:52Z</time>
			</trkpt>
			<trkpt lat="46.896652" lon="-121.681465">
				<ele>1586.386108</ele>
				<time>2026-06-15T21:58:58Z</time>
			</trkpt>
			<trkpt lat="46.896622" lon="-121.681427">
				<ele>1585.455444</ele>
				<time>2026-06-15T21:59:01Z</time>
			</trkpt>
			<trkpt lat="46.896622" lon="-121.681381">
				<ele>1584.203857</ele>
				<time>2026-06-15T21:59:04Z</time>
			</trkpt>
			<trkpt lat="46.896618" lon="-121.681328">
				<ele>1583.493774</ele>
				<time>2026-06-15T21:59:07Z</time>
			</trkpt>
			<trkpt lat="46.896606" lon="-121.68129">
				<ele>1583.458008</ele>
				<time>2026-06-15T21:59:10Z</time>
			</trkpt>
			<trkpt lat="46.896603" lon="-121.681244">
				<ele>1582.605591</ele>
				<time>2026-06-15T21:59:12Z</time>
			</trkpt>
			<trkpt lat="46.896599" lon="-121.68119">
				<ele>1582.510132</ele>
				<time>2026-06-15T21:59:15Z</time>
			</trkpt>
			<trkpt lat="46.896591" lon="-121.681137">
				<ele>1581.705811</ele>
				<time>2026-06-15T21:59:18Z</time>
			</trkpt>
			<trkpt lat="46.896603" lon="-121.681099">
				<ele>1581.598999</ele>
				<time>2026-06-15T21:59:21Z</time>
			</trkpt>
			<trkpt lat="46.896599" lon="-121.681046">
				<ele>1581.567017</ele>
				<time>2026-06-15T21:59:24Z</time>
			</trkpt>
			<trkpt lat="46.896591" lon="-121.681">
				<ele>1581.888184</ele>
				<time>2026-06-15T21:59:27Z</time>
			</trkpt>
			<trkpt lat="46.896584" lon="-121.680954">
				<ele>1581.664795</ele>
				<time>2026-06-15T21:59:30Z</time>
			</trkpt>
			<trkpt lat="46.896561" lon="-121.680862">
				<ele>1582.512817</ele>
				<time>2026-06-15T21:59:36Z</time>
			</trkpt>
			<trkpt lat="46.896553" lon="-121.680809">
				<ele>1580.889771</ele>
				<time>2026-06-15T21:59:39Z</time>
			</trkpt>
			<trkpt lat="46.896534" lon="-121.68071">
				<ele>1580.192261</ele>
				<time>2026-06-15T21:59:45Z</time>
			</trkpt>
			<trkpt lat="46.896538" lon="-121.680672">
				<ele>1581.016846</ele>
				<time>2026-06-15T21:59:48Z</time>
			</trkpt>
			<trkpt lat="46.89653" lon="-121.680626">
				<ele>1580.890015</ele>
				<time>2026-06-15T21:59:50Z</time>
			</trkpt>
			<trkpt lat="46.896511" lon="-121.680527">
				<ele>1578.218262</ele>
				<time>2026-06-15T21:59:56Z</time>
			</trkpt>
			<trkpt lat="46.896511" lon="-121.680443">
				<ele>1576.829102</ele>
				<time>2026-06-15T22:00:02Z</time>
			</trkpt>
			<trkpt lat="46.896507" lon="-121.680389">
				<ele>1577.012939</ele>
				<time>2026-06-15T22:00:05Z</time>
			</trkpt>
			<trkpt lat="46.8965" lon="-121.680328">
				<ele>1576.827271</ele>
				<time>2026-06-15T22:00:08Z</time>
			</trkpt>
			<trkpt lat="46.896496" lon="-121.680275">
				<ele>1575.685669</ele>
				<time>2026-06-15T22:00:11Z</time>
			</trkpt>
			<trkpt lat="46.896515" lon="-121.680191">
				<ele>1575.273071</ele>
				<time>2026-06-15T22:00:17Z</time>
			</trkpt>
			<trkpt lat="46.896538" lon="-121.680138">
				<ele>1575.421387</ele>
				<time>2026-06-15T22:00:20Z</time>
			</trkpt>
			<trkpt lat="46.896549" lon="-121.680099">
				<ele>1575.372192</ele>
				<time>2026-06-15T22:00:23Z</time>
			</trkpt>
			<trkpt lat="46.896561" lon="-121.680054">
				<ele>1573.496704</ele>
				<time>2026-06-15T22:00:26Z</time>
			</trkpt>
			<trkpt lat="46.896564" lon="-121.680008">
				<ele>1574.252563</ele>
				<time>2026-06-15T22:00:29Z</time>
			</trkpt>
			<trkpt lat="46.896584" lon="-121.67997">
				<ele>1573.565186</ele>
				<time>2026-06-15T22:00:32Z</time>
			</trkpt>
			<trkpt lat="46.896606" lon="-121.679878">
				<ele>1573.799072</ele>
				<time>2026-06-15T22:00:39Z</time>
			</trkpt>
			<trkpt lat="46.896629" lon="-121.67984">
				<ele>1572.918091</ele>
				<time>2026-06-15T22:00:43Z</time>
			</trkpt>
			<trkpt lat="46.896637" lon="-121.679802">
				<ele>1573.187622</ele>
				<time>2026-06-15T22:00:45Z</time>
			</trkpt>
			<trkpt lat="46.896683" lon="-121.679733">
				<ele>1571.501831</ele>
				<time>2026-06-15T22:00:51Z</time>
			</trkpt>
			<trkpt lat="46.896702" lon="-121.679634">
				<ele>1571.959473</ele>
				<time>2026-06-15T22:00:57Z</time>
			</trkpt>
			<trkpt lat="46.896717" lon="-121.679482">
				<ele>1568.608032</ele>
				<time>2026-06-15T22:01:07Z</time>
			</trkpt>
			<trkpt lat="46.896744" lon="-121.67939">
				<ele>1567.051392</ele>
				<time>2026-06-15T22:01:13Z</time>
			</trkpt>
			<trkpt lat="46.896774" lon="-121.679306">
				<ele>1566.586548</ele>
				<time>2026-06-15T22:01:20Z</time>
			</trkpt>
			<trkpt lat="46.89679" lon="-121.679207">
				<ele>1565.507813</ele>
				<time>2026-06-15T22:01:26Z</time>
			</trkpt>
			<trkpt lat="46.896805" lon="-121.679176">
				<ele>1564.095093</ele>
				<time>2026-06-15T22:01:29Z</time>
			</trkpt>
			<trkpt lat="46.89682" lon="-121.679092">
				<ele>1565.828857</ele>
				<time>2026-06-15T22:01:35Z</time>
			</trkpt>
			<trkpt lat="46.896843" lon="-121.678955">
				<ele>1562.47937</ele>
				<time>2026-06-15T22:01:46Z</time>
			</trkpt>
			<trkpt lat="46.896862" lon="-121.678902">
				<ele>1563.328369</ele>
				<time>2026-06-15T22:01:49Z</time>
			</trkpt>
			<trkpt lat="46.896877" lon="-121.67881">
				<ele>1562.157959</ele>
				<time>2026-06-15T22:01:54Z</time>
			</trkpt>
			<trkpt lat="46.896881" lon="-121.678757">
				<ele>1562.603394</ele>
				<time>2026-06-15T22:01:57Z</time>
			</trkpt>
			<trkpt lat="46.896896" lon="-121.678719">
				<ele>1560.182373</ele>
				<time>2026-06-15T22:02:01Z</time>
			</trkpt>
			<trkpt lat="46.896915" lon="-121.678673">
				<ele>1560.458984</ele>
				<time>2026-06-15T22:02:05Z</time>
			</trkpt>
			<trkpt lat="46.896923" lon="-121.678619">
				<ele>1558.674927</ele>
				<time>2026-06-15T22:02:08Z</time>
			</trkpt>
			<trkpt lat="46.896923" lon="-121.678513">
				<ele>1557.48645</ele>
				<time>2026-06-15T22:02:15Z</time>
			</trkpt>
			<trkpt lat="46.896915" lon="-121.678421">
				<ele>1557.675293</ele>
				<time>2026-06-15T22:02:20Z</time>
			</trkpt>
			<trkpt lat="46.896923" lon="-121.678375">
				<ele>1555.411621</ele>
				<time>2026-06-15T22:02:23Z</time>
			</trkpt>
			<trkpt lat="46.896927" lon="-121.678329">
				<ele>1555.156494</ele>
				<time>2026-06-15T22:02:25Z</time>
			</trkpt>
			<trkpt lat="46.896935" lon="-121.678276">
				<ele>1555.502319</ele>
				<time>2026-06-15T22:02:28Z</time>
			</trkpt>
			<trkpt lat="46.896935" lon="-121.67823">
				<ele>1555.625122</ele>
				<time>2026-06-15T22:02:30Z</time>
			</trkpt>
			<trkpt lat="46.89695" lon="-121.678192">
				<ele>1556.321655</ele>
				<time>2026-06-15T22:02:33Z</time>
			</trkpt>
			<trkpt lat="46.896969" lon="-121.678146">
				<ele>1554.522827</ele>
				<time>2026-06-15T22:02:36Z</time>
			</trkpt>
			<trkpt lat="46.896988" lon="-121.678108">
				<ele>1553.976074</ele>
				<time>2026-06-15T22:02:39Z</time>
			</trkpt>
			<trkpt lat="46.897034" lon="-121.67807">
				<ele>1551.260254</ele>
				<time>2026-06-15T22:02:55Z</time>
			</trkpt>
			<trkpt lat="46.89703" lon="-121.678024">
				<ele>1550.028931</ele>
				<time>2026-06-15T22:03:58Z</time>
			</trkpt>
			<trkpt lat="46.897106" lon="-121.677994">
				<ele>1553.425659</ele>
				<time>2026-06-15T22:05:17Z</time>
			</trkpt>
			<trkpt lat="46.897083" lon="-121.67791">
				<ele>1554.612549</ele>
				<time>2026-06-15T22:05:31Z</time>
			</trkpt>
			<trkpt lat="46.897064" lon="-121.677826">
				<ele>1553.576416</ele>
				<time>2026-06-15T22:05:37Z</time>
			</trkpt>
			<trkpt lat="46.897038" lon="-121.677757">
				<ele>1556.020996</ele>
				<time>2026-06-15T22:05:42Z</time>
			</trkpt>
			<trkpt lat="46.897049" lon="-121.677696">
				<ele>1554.552612</ele>
				<time>2026-06-15T22:05:47Z</time>
			</trkpt>
			<trkpt lat="46.897053" lon="-121.677574">
				<ele>1553.299072</ele>
				<time>2026-06-15T22:05:54Z</time>
			</trkpt>
			<trkpt lat="46.897053" lon="-121.677513">
				<ele>1553.97168</ele>
				<time>2026-06-15T22:05:57Z</time>
			</trkpt>
			<trkpt lat="46.89706" lon="-121.67746">
				<ele>1553.036621</ele>
				<time>2026-06-15T22:06:01Z</time>
			</trkpt>
			<trkpt lat="46.897053" lon="-121.677361">
				<ele>1554.598267</ele>
				<time>2026-06-15T22:06:08Z</time>
			</trkpt>
			<trkpt lat="46.897053" lon="-121.677307">
				<ele>1553.90332</ele>
				<time>2026-06-15T22:06:11Z</time>
			</trkpt>
			<trkpt lat="46.897057" lon="-121.677246">
				<ele>1554.077393</ele>
				<time>2026-06-15T22:06:15Z</time>
			</trkpt>
			<trkpt lat="46.897049" lon="-121.6772">
				<ele>1553.842407</ele>
				<time>2026-06-15T22:06:19Z</time>
			</trkpt>
			<trkpt lat="46.897068" lon="-121.67717">
				<ele>1554.121826</ele>
				<time>2026-06-15T22:06:22Z</time>
			</trkpt>
			<trkpt lat="46.89706" lon="-121.677124">
				<ele>1553.916138</ele>
				<time>2026-06-15T22:06:25Z</time>
			</trkpt>
			<trkpt lat="46.89706" lon="-121.677078">
				<ele>1555.471558</ele>
				<time>2026-06-15T22:06:27Z</time>
			</trkpt>
			<trkpt lat="46.897072" lon="-121.677025">
				<ele>1554.762695</ele>
				<time>2026-06-15T22:06:30Z</time>
			</trkpt>
			<trkpt lat="46.897072" lon="-121.676987">
				<ele>1555.845581</ele>
				<time>2026-06-15T22:06:33Z</time>
			</trkpt>
			<trkpt lat="46.897079" lon="-121.676933">
				<ele>1554.31958</ele>
				<time>2026-06-15T22:06:37Z</time>
			</trkpt>
			<trkpt lat="46.897076" lon="-121.676895">
				<ele>1554.769897</ele>
				<time>2026-06-15T22:06:40Z</time>
			</trkpt>
			<trkpt lat="46.897099" lon="-121.676811">
				<ele>1553.321411</ele>
				<time>2026-06-15T22:06:46Z</time>
			</trkpt>
			<trkpt lat="46.897106" lon="-121.676765">
				<ele>1554.020508</ele>
				<time>2026-06-15T22:06:48Z</time>
			</trkpt>
			<trkpt lat="46.897114" lon="-121.67672">
				<ele>1552.833374</ele>
				<time>2026-06-15T22:06:51Z</time>
			</trkpt>
			<trkpt lat="46.897133" lon="-121.676682">
				<ele>1552.924316</ele>
				<time>2026-06-15T22:06:54Z</time>
			</trkpt>
			<trkpt lat="46.897163" lon="-121.676651">
				<ele>1553.511841</ele>
				<time>2026-06-15T22:06:57Z</time>
			</trkpt>
			<trkpt lat="46.897232" lon="-121.676582">
				<ele>1553.064575</ele>
				<time>2026-06-15T22:07:05Z</time>
			</trkpt>
			<trkpt lat="46.897247" lon="-121.676537">
				<ele>1552.770508</ele>
				<time>2026-06-15T22:07:09Z</time>
			</trkpt>
			<trkpt lat="46.897255" lon="-121.676483">
				<ele>1552.637085</ele>
				<time>2026-06-15T22:07:18Z</time>
			</trkpt>
			<trkpt lat="46.897297" lon="-121.676483">
				<ele>1553.652832</ele>
				<time>2026-06-15T22:07:27Z</time>
			</trkpt>
			<trkpt lat="46.89732" lon="-121.676437">
				<ele>1554.780029</ele>
				<time>2026-06-15T22:07:32Z</time>
			</trkpt>
			<trkpt lat="46.89735" lon="-121.676399">
				<ele>1552.333862</ele>
				<time>2026-06-15T22:07:37Z</time>
			</trkpt>
			<trkpt lat="46.897377" lon="-121.676353">
				<ele>1552.8125</ele>
				<time>2026-06-15T22:07:41Z</time>
			</trkpt>
			<trkpt lat="46.897408" lon="-121.676308">
				<ele>1550.912598</ele>
				<time>2026-06-15T22:07:47Z</time>
			</trkpt>
			<trkpt lat="46.89743" lon="-121.676262">
				<ele>1552.443115</ele>
				<time>2026-06-15T22:07:51Z</time>
			</trkpt>
			<trkpt lat="46.897438" lon="-121.676193">
				<ele>1552.804321</ele>
				<time>2026-06-15T22:07:55Z</time>
			</trkpt>
			<trkpt lat="46.897442" lon="-121.676132">
				<ele>1552.707397</ele>
				<time>2026-06-15T22:07:59Z</time>
			</trkpt>
			<trkpt lat="46.897461" lon="-121.676025">
				<ele>1550.601196</ele>
				<time>2026-06-15T22:08:09Z</time>
			</trkpt>
			<trkpt lat="46.897476" lon="-121.675972">
				<ele>1551.440552</ele>
				<time>2026-06-15T22:08:19Z</time>
			</trkpt>
			<trkpt lat="46.897507" lon="-121.675934">
				<ele>1550.105469</ele>
				<time>2026-06-15T22:08:27Z</time>
			</trkpt>
			<trkpt lat="46.897533" lon="-121.67588">
				<ele>1550.949219</ele>
				<time>2026-06-15T22:08:31Z</time>
			</trkpt>
			<trkpt lat="46.897568" lon="-121.675827">
				<ele>1551.383301</ele>
				<time>2026-06-15T22:08:35Z</time>
			</trkpt>
			<trkpt lat="46.897587" lon="-121.675766">
				<ele>1550.04187</ele>
				<time>2026-06-15T22:08:41Z</time>
			</trkpt>
			<trkpt lat="46.897602" lon="-121.675705">
				<ele>1550.575317</ele>
				<time>2026-06-15T22:08:46Z</time>
			</trkpt>
			<trkpt lat="46.897636" lon="-121.675682">
				<ele>1549.278931</ele>
				<time>2026-06-15T22:08:50Z</time>
			</trkpt>
			<trkpt lat="46.897648" lon="-121.675621">
				<ele>1549.13147</ele>
				<time>2026-06-15T22:08:54Z</time>
			</trkpt>
			<trkpt lat="46.897663" lon="-121.675575">
				<ele>1549.259521</ele>
				<time>2026-06-15T22:09:00Z</time>
			</trkpt>
			<trkpt lat="46.897636" lon="-121.675529">
				<ele>1546.314331</ele>
				<time>2026-06-15T22:09:05Z</time>
			</trkpt>
			<trkpt lat="46.897648" lon="-121.675476">
				<ele>1545.636597</ele>
				<time>2026-06-15T22:09:10Z</time>
			</trkpt>
			<trkpt lat="46.897694" lon="-121.675453">
				<ele>1545.585938</ele>
				<time>2026-06-15T22:09:15Z</time>
			</trkpt>
			<trkpt lat="46.897705" lon="-121.6754">
				<ele>1544.5625</ele>
				<time>2026-06-15T22:09:20Z</time>
			</trkpt>
			<trkpt lat="46.897732" lon="-121.675362">
				<ele>1544.373779</ele>
				<time>2026-06-15T22:09:25Z</time>
			</trkpt>
			<trkpt lat="46.89772" lon="-121.67524">
				<ele>1542.002441</ele>
				<time>2026-06-15T22:09:38Z</time>
			</trkpt>
			<trkpt lat="46.897758" lon="-121.675224">
				<ele>1540.976807</ele>
				<time>2026-06-15T22:09:45Z</time>
			</trkpt>
			<trkpt lat="46.897766" lon="-121.675156">
				<ele>1540.899536</ele>
				<time>2026-06-15T22:09:50Z</time>
			</trkpt>
			<trkpt lat="46.897774" lon="-121.675095">
				<ele>1539.627075</ele>
				<time>2026-06-15T22:09:55Z</time>
			</trkpt>
			<trkpt lat="46.8978" lon="-121.675041">
				<ele>1540.037354</ele>
				<time>2026-06-15T22:09:59Z</time>
			</trkpt>
			<trkpt lat="46.897816" lon="-121.674988">
				<ele>1539.962524</ele>
				<time>2026-06-15T22:10:04Z</time>
			</trkpt>
			<trkpt lat="46.897892" lon="-121.674866">
				<ele>1537.220093</ele>
				<time>2026-06-15T22:10:15Z</time>
			</trkpt>
			<trkpt lat="46.897911" lon="-121.674812">
				<ele>1537.083618</ele>
				<time>2026-06-15T22:10:19Z</time>
			</trkpt>
			<trkpt lat="46.897987" lon="-121.674774">
				<ele>1533.839355</ele>
				<time>2026-06-15T22:10:30Z</time>
			</trkpt>
			<trkpt lat="46.898033" lon="-121.674759">
				<ele>1533.657715</ele>
				<time>2026-06-15T22:10:35Z</time>
			</trkpt>
			<trkpt lat="46.898064" lon="-121.674721">
				<ele>1537.24292</ele>
				<time>2026-06-15T22:10:40Z</time>
			</trkpt>
			<trkpt lat="46.898098" lon="-121.674675">
				<ele>1535.936646</ele>
				<time>2026-06-15T22:10:45Z</time>
			</trkpt>
			<trkpt lat="46.898178" lon="-121.674622">
				<ele>1537.035522</ele>
				<time>2026-06-15T22:10:54Z</time>
			</trkpt>
			<trkpt lat="46.898235" lon="-121.674545">
				<ele>1535.797852</ele>
				<time>2026-06-15T22:11:01Z</time>
			</trkpt>
			<trkpt lat="46.898266" lon="-121.674507">
				<ele>1536.944458</ele>
				<time>2026-06-15T22:11:05Z</time>
			</trkpt>
			<trkpt lat="46.898296" lon="-121.674416">
				<ele>1534.456909</ele>
				<time>2026-06-15T22:11:12Z</time>
			</trkpt>
			<trkpt lat="46.898323" lon="-121.674377">
				<ele>1534.532471</ele>
				<time>2026-06-15T22:11:15Z</time>
			</trkpt>
			<trkpt lat="46.898338" lon="-121.674316">
				<ele>1535.41394</ele>
				<time>2026-06-15T22:11:20Z</time>
			</trkpt>
			<trkpt lat="46.898361" lon="-121.674263">
				<ele>1534.501099</ele>
				<time>2026-06-15T22:11:24Z</time>
			</trkpt>
			<trkpt lat="46.898357" lon="-121.674202">
				<ele>1535.862183</ele>
				<time>2026-06-15T22:11:27Z</time>
			</trkpt>
			<trkpt lat="46.898388" lon="-121.674171">
				<ele>1534.333862</ele>
				<time>2026-06-15T22:11:30Z</time>
			</trkpt>
			<trkpt lat="46.898457" lon="-121.67411">
				<ele>1533.485352</ele>
				<time>2026-06-15T22:11:40Z</time>
			</trkpt>
			<trkpt lat="46.898476" lon="-121.674065">
				<ele>1534.257568</ele>
				<time>2026-06-15T22:11:43Z</time>
			</trkpt>
			<trkpt lat="46.898487" lon="-121.674011">
				<ele>1534.113647</ele>
				<time>2026-06-15T22:11:46Z</time>
			</trkpt>
			<trkpt lat="46.898499" lon="-121.673958">
				<ele>1536.123901</ele>
				<time>2026-06-15T22:11:50Z</time>
			</trkpt>
			<trkpt lat="46.898502" lon="-121.673904">
				<ele>1535.846436</ele>
				<time>2026-06-15T22:11:54Z</time>
			</trkpt>
			<trkpt lat="46.898495" lon="-121.673843">
				<ele>1531.461426</ele>
				<time>2026-06-15T22:12:02Z</time>
			</trkpt>
			<trkpt lat="46.898491" lon="-121.673805">
				<ele>1530.303345</ele>
				<time>2026-06-15T22:12:05Z</time>
			</trkpt>
			<trkpt lat="46.898506" lon="-121.673752">
				<ele>1529.363281</ele>
				<time>2026-06-15T22:12:08Z</time>
			</trkpt>
			<trkpt lat="46.89856" lon="-121.673676">
				<ele>1530.815186</ele>
				<time>2026-06-15T22:12:14Z</time>
			</trkpt>
			<trkpt lat="46.89859" lon="-121.673637">
				<ele>1530.276367</ele>
				<time>2026-06-15T22:12:17Z</time>
			</trkpt>
			<trkpt lat="46.898613" lon="-121.673607">
				<ele>1530.648926</ele>
				<time>2026-06-15T22:12:21Z</time>
			</trkpt>
			<trkpt lat="46.89864" lon="-121.673569">
				<ele>1530.764404</ele>
				<time>2026-06-15T22:12:24Z</time>
			</trkpt>
			<trkpt lat="46.89867" lon="-121.673553">
				<ele>1531.50769</ele>
				<time>2026-06-15T22:12:27Z</time>
			</trkpt>
			<trkpt lat="46.898708" lon="-121.673523">
				<ele>1529.972778</ele>
				<time>2026-06-15T22:12:31Z</time>
			</trkpt>
			<trkpt lat="46.898731" lon="-121.673477">
				<ele>1529.977417</ele>
				<time>2026-06-15T22:12:34Z</time>
			</trkpt>
			<trkpt lat="46.898762" lon="-121.673431">
				<ele>1530.24707</ele>
				<time>2026-06-15T22:12:37Z</time>
			</trkpt>
			<trkpt lat="46.898773" lon="-121.673386">
				<ele>1531.251343</ele>
				<time>2026-06-15T22:12:40Z</time>
			</trkpt>
			<trkpt lat="46.898788" lon="-121.67334">
				<ele>1531.102539</ele>
				<time>2026-06-15T22:12:43Z</time>
			</trkpt>
			<trkpt lat="46.898792" lon="-121.673294">
				<ele>1528.574219</ele>
				<time>2026-06-15T22:12:48Z</time>
			</trkpt>
			<trkpt lat="46.898819" lon="-121.673241">
				<ele>1527.348022</ele>
				<time>2026-06-15T22:12:52Z</time>
			</trkpt>
			<trkpt lat="46.898884" lon="-121.673157">
				<ele>1526.408936</ele>
				<time>2026-06-15T22:12:59Z</time>
			</trkpt>
			<trkpt lat="46.898911" lon="-121.673134">
				<ele>1527.315186</ele>
				<time>2026-06-15T22:13:02Z</time>
			</trkpt>
			<trkpt lat="46.898937" lon="-121.673103">
				<ele>1526.556885</ele>
				<time>2026-06-15T22:13:05Z</time>
			</trkpt>
			<trkpt lat="46.898964" lon="-121.673065">
				<ele>1524.221558</ele>
				<time>2026-06-15T22:13:09Z</time>
			</trkpt>
			<trkpt lat="46.899025" lon="-121.672981">
				<ele>1527.999512</ele>
				<time>2026-06-15T22:13:17Z</time>
			</trkpt>
			<trkpt lat="46.899063" lon="-121.672974">
				<ele>1527.999634</ele>
				<time>2026-06-15T22:13:21Z</time>
			</trkpt>
			<trkpt lat="46.899097" lon="-121.672981">
				<ele>1526.275635</ele>
				<time>2026-06-15T22:13:24Z</time>
			</trkpt>
			<trkpt lat="46.899124" lon="-121.672935">
				<ele>1525.983887</ele>
				<time>2026-06-15T22:13:30Z</time>
			</trkpt>
			<trkpt lat="46.899139" lon="-121.67289">
				<ele>1527.256836</ele>
				<time>2026-06-15T22:13:34Z</time>
			</trkpt>
			<trkpt lat="46.899139" lon="-121.672836">
				<ele>1527.777222</ele>
				<time>2026-06-15T22:13:37Z</time>
			</trkpt>
			<trkpt lat="46.899151" lon="-121.672729">
				<ele>1525.588135</ele>
				<time>2026-06-15T22:13:46Z</time>
			</trkpt>
			<trkpt lat="46.899155" lon="-121.672661">
				<ele>1525.020142</ele>
				<time>2026-06-15T22:13:50Z</time>
			</trkpt>
			<trkpt lat="46.899147" lon="-121.672585">
				<ele>1526.268921</ele>
				<time>2026-06-15T22:13:54Z</time>
			</trkpt>
			<trkpt lat="46.899147" lon="-121.672516">
				<ele>1525.634033</ele>
				<time>2026-06-15T22:13:58Z</time>
			</trkpt>
			<trkpt lat="46.899151" lon="-121.672462">
				<ele>1524.223999</ele>
				<time>2026-06-15T22:14:01Z</time>
			</trkpt>
			<trkpt lat="46.899158" lon="-121.672401">
				<ele>1524.204956</ele>
				<time>2026-06-15T22:14:04Z</time>
			</trkpt>
			<trkpt lat="46.899162" lon="-121.672325">
				<ele>1524.669067</ele>
				<time>2026-06-15T22:14:07Z</time>
			</trkpt>
			<trkpt lat="46.899185" lon="-121.672279">
				<ele>1525.79895</ele>
				<time>2026-06-15T22:14:10Z</time>
			</trkpt>
			<trkpt lat="46.899216" lon="-121.672241">
				<ele>1525.147217</ele>
				<time>2026-06-15T22:14:14Z</time>
			</trkpt>
			<trkpt lat="46.899242" lon="-121.672188">
				<ele>1525.657837</ele>
				<time>2026-06-15T22:14:18Z</time>
			</trkpt>
			<trkpt lat="46.899277" lon="-121.67215">
				<ele>1525.808472</ele>
				<time>2026-06-15T22:14:22Z</time>
			</trkpt>
			<trkpt lat="46.8993" lon="-121.672104">
				<ele>1525.685425</ele>
				<time>2026-06-15T22:14:25Z</time>
			</trkpt>
			<trkpt lat="46.899319" lon="-121.67205">
				<ele>1526.599243</ele>
				<time>2026-06-15T22:14:29Z</time>
			</trkpt>
			<trkpt lat="46.899323" lon="-121.671982">
				<ele>1526.07251</ele>
				<time>2026-06-15T22:14:33Z</time>
			</trkpt>
			<trkpt lat="46.899334" lon="-121.671928">
				<ele>1526.17749</ele>
				<time>2026-06-15T22:14:36Z</time>
			</trkpt>
			<trkpt lat="46.899353" lon="-121.671829">
				<ele>1524.316406</ele>
				<time>2026-06-15T22:14:44Z</time>
			</trkpt>
			<trkpt lat="46.899372" lon="-121.671791">
				<ele>1525.643921</ele>
				<time>2026-06-15T22:14:46Z</time>
			</trkpt>
			<trkpt lat="46.899387" lon="-121.671745">
				<ele>1523.232056</ele>
				<time>2026-06-15T22:14:49Z</time>
			</trkpt>
			<trkpt lat="46.899414" lon="-121.671707">
				<ele>1524.032349</ele>
				<time>2026-06-15T22:14:52Z</time>
			</trkpt>
			<trkpt lat="46.899429" lon="-121.671623">
				<ele>1524.123291</ele>
				<time>2026-06-15T22:14:57Z</time>
			</trkpt>
			<trkpt lat="46.899437" lon="-121.671585">
				<ele>1524.210205</ele>
				<time>2026-06-15T22:14:59Z</time>
			</trkpt>
			<trkpt lat="46.89946" lon="-121.671555">
				<ele>1523.032593</ele>
				<time>2026-06-15T22:15:02Z</time>
			</trkpt>
			<trkpt lat="46.899483" lon="-121.671516">
				<ele>1523.636108</ele>
				<time>2026-06-15T22:15:05Z</time>
			</trkpt>
			<trkpt lat="46.899521" lon="-121.671463">
				<ele>1518.896606</ele>
				<time>2026-06-15T22:15:11Z</time>
			</trkpt>
			<trkpt lat="46.899548" lon="-121.671432">
				<ele>1518.859009</ele>
				<time>2026-06-15T22:15:14Z</time>
			</trkpt>
			<trkpt lat="46.899574" lon="-121.671402">
				<ele>1517.773193</ele>
				<time>2026-06-15T22:15:17Z</time>
			</trkpt>
			<trkpt lat="46.899586" lon="-121.671326">
				<ele>1519.046997</ele>
				<time>2026-06-15T22:15:24Z</time>
			</trkpt>
			<trkpt lat="46.899612" lon="-121.671303">
				<ele>1518.39978</ele>
				<time>2026-06-15T22:15:29Z</time>
			</trkpt>
			<trkpt lat="46.899597" lon="-121.671257">
				<ele>1519.409668</ele>
				<time>2026-06-15T22:15:33Z</time>
			</trkpt>
			<trkpt lat="46.899593" lon="-121.671211">
				<ele>1519.333862</ele>
				<time>2026-06-15T22:15:38Z</time>
			</trkpt>
			<trkpt lat="46.899612" lon="-121.671188">
				<ele>1518.292114</ele>
				<time>2026-06-15T22:15:41Z</time>
			</trkpt>
			<trkpt lat="46.899635" lon="-121.67115">
				<ele>1518.113037</ele>
				<time>2026-06-15T22:15:45Z</time>
			</trkpt>
			<trkpt lat="46.899654" lon="-121.67112">
				<ele>1517.035034</ele>
				<time>2026-06-15T22:15:49Z</time>
			</trkpt>
			<trkpt lat="46.899685" lon="-121.671089">
				<ele>1517.46936</ele>
				<time>2026-06-15T22:15:52Z</time>
			</trkpt>
			<trkpt lat="46.899719" lon="-121.671066">
				<ele>1517.111084</ele>
				<time>2026-06-15T22:15:55Z</time>
			</trkpt>
			<trkpt lat="46.89975" lon="-121.671059">
				<ele>1517.680664</ele>
				<time>2026-06-15T22:15:58Z</time>
			</trkpt>
			<trkpt lat="46.89978" lon="-121.671036">
				<ele>1516.345215</ele>
				<time>2026-06-15T22:16:02Z</time>
			</trkpt>
			<trkpt lat="46.899811" lon="-121.671005">
				<ele>1517.01709</ele>
				<time>2026-06-15T22:16:06Z</time>
			</trkpt>
			<trkpt lat="46.899845" lon="-121.670891">
				<ele>1514.848389</ele>
				<time>2026-06-15T22:16:14Z</time>
			</trkpt>
			<trkpt lat="46.899872" lon="-121.670792">
				<ele>1513.632446</ele>
				<time>2026-06-15T22:16:20Z</time>
			</trkpt>
			<trkpt lat="46.899914" lon="-121.670769">
				<ele>1511.475464</ele>
				<time>2026-06-15T22:16:24Z</time>
			</trkpt>
			<trkpt lat="46.89994" lon="-121.670723">
				<ele>1511.802246</ele>
				<time>2026-06-15T22:16:27Z</time>
			</trkpt>
			<trkpt lat="46.89994" lon="-121.670662">
				<ele>1511.68457</ele>
				<time>2026-06-15T22:16:31Z</time>
			</trkpt>
			<trkpt lat="46.89994" lon="-121.670593">
				<ele>1512.322876</ele>
				<time>2026-06-15T22:16:35Z</time>
			</trkpt>
			<trkpt lat="46.899967" lon="-121.670547">
				<ele>1512.255371</ele>
				<time>2026-06-15T22:16:38Z</time>
			</trkpt>
			<trkpt lat="46.900002" lon="-121.670517">
				<ele>1512.918823</ele>
				<time>2026-06-15T22:16:41Z</time>
			</trkpt>
			<trkpt lat="46.900047" lon="-121.670502">
				<ele>1511.938965</ele>
				<time>2026-06-15T22:16:44Z</time>
			</trkpt>
			<trkpt lat="46.900082" lon="-121.670456">
				<ele>1512.005371</ele>
				<time>2026-06-15T22:16:48Z</time>
			</trkpt>
			<trkpt lat="46.900089" lon="-121.67038">
				<ele>1514.524536</ele>
				<time>2026-06-15T22:16:54Z</time>
			</trkpt>
			<trkpt lat="46.900078" lon="-121.670296">
				<ele>1516.599487</ele>
				<time>2026-06-15T22:17:00Z</time>
			</trkpt>
			<trkpt lat="46.90004" lon="-121.670219">
				<ele>1517.164917</ele>
				<time>2026-06-15T22:17:05Z</time>
			</trkpt>
			<trkpt lat="46.900032" lon="-121.670151">
				<ele>1513.519775</ele>
				<time>2026-06-15T22:17:10Z</time>
			</trkpt>
			<trkpt lat="46.900013" lon="-121.670097">
				<ele>1513.34668</ele>
				<time>2026-06-15T22:17:14Z</time>
			</trkpt>
			<trkpt lat="46.900009" lon="-121.670029">
				<ele>1512.96936</ele>
				<time>2026-06-15T22:17:18Z</time>
			</trkpt>
			<trkpt lat="46.900032" lon="-121.669975">
				<ele>1512.46106</ele>
				<time>2026-06-15T22:17:22Z</time>
			</trkpt>
			<trkpt lat="46.900085" lon="-121.669823">
				<ele>1508.626099</ele>
				<time>2026-06-15T22:17:33Z</time>
			</trkpt>
			<trkpt lat="46.900093" lon="-121.669762">
				<ele>1509.162354</ele>
				<time>2026-06-15T22:17:37Z</time>
			</trkpt>
			<trkpt lat="46.900093" lon="-121.669701">
				<ele>1509.372559</ele>
				<time>2026-06-15T22:17:40Z</time>
			</trkpt>
			<trkpt lat="46.900105" lon="-121.669655">
				<ele>1508.33667</ele>
				<time>2026-06-15T22:17:44Z</time>
			</trkpt>
			<trkpt lat="46.900105" lon="-121.669601">
				<ele>1508.571045</ele>
				<time>2026-06-15T22:17:48Z</time>
			</trkpt>
			<trkpt lat="46.900108" lon="-121.669548">
				<ele>1508.060059</ele>
				<time>2026-06-15T22:17:51Z</time>
			</trkpt>
			<trkpt lat="46.900112" lon="-121.669495">
				<ele>1508.403931</ele>
				<time>2026-06-15T22:17:54Z</time>
			</trkpt>
			<trkpt lat="46.900124" lon="-121.669441">
				<ele>1506.69751</ele>
				<time>2026-06-15T22:17:57Z</time>
			</trkpt>
			<trkpt lat="46.90012" lon="-121.669388">
				<ele>1507.069946</ele>
				<time>2026-06-15T22:18:01Z</time>
			</trkpt>
			<trkpt lat="46.900101" lon="-121.669334">
				<ele>1506.743774</ele>
				<time>2026-06-15T22:18:04Z</time>
			</trkpt>
			<trkpt lat="46.900082" lon="-121.669289">
				<ele>1507.280396</ele>
				<time>2026-06-15T22:18:07Z</time>
			</trkpt>
			<trkpt lat="46.900074" lon="-121.669228">
				<ele>1505.594116</ele>
				<time>2026-06-15T22:18:11Z</time>
			</trkpt>
			<trkpt lat="46.900085" lon="-121.669136">
				<ele>1506.515991</ele>
				<time>2026-06-15T22:18:17Z</time>
			</trkpt>
			<trkpt lat="46.900105" lon="-121.669083">
				<ele>1505.94519</ele>
				<time>2026-06-15T22:18:20Z</time>
			</trkpt>
			<trkpt lat="46.900124" lon="-121.669029">
				<ele>1505.891846</ele>
				<time>2026-06-15T22:18:24Z</time>
			</trkpt>
			<trkpt lat="46.900131" lon="-121.668991">
				<ele>1505.70874</ele>
				<time>2026-06-15T22:18:26Z</time>
			</trkpt>
			<trkpt lat="46.900146" lon="-121.668953">
				<ele>1506.545776</ele>
				<time>2026-06-15T22:18:28Z</time>
			</trkpt>
			<trkpt lat="46.900158" lon="-121.668907">
				<ele>1506.083862</ele>
				<time>2026-06-15T22:18:31Z</time>
			</trkpt>
			<trkpt lat="46.900162" lon="-121.668869">
				<ele>1506.098511</ele>
				<time>2026-06-15T22:18:33Z</time>
			</trkpt>
			<trkpt lat="46.900169" lon="-121.668831">
				<ele>1506.003662</ele>
				<time>2026-06-15T22:18:35Z</time>
			</trkpt>
			<trkpt lat="46.900173" lon="-121.668785">
				<ele>1506.108765</ele>
				<time>2026-06-15T22:18:38Z</time>
			</trkpt>
			<trkpt lat="46.900177" lon="-121.668739">
				<ele>1505.632568</ele>
				<time>2026-06-15T22:18:41Z</time>
			</trkpt>
			<trkpt lat="46.900177" lon="-121.668686">
				<ele>1505.677246</ele>
				<time>2026-06-15T22:18:44Z</time>
			</trkpt>
			<trkpt lat="46.900181" lon="-121.668594">
				<ele>1504.758789</ele>
				<time>2026-06-15T22:18:50Z</time>
			</trkpt>
			<trkpt lat="46.900177" lon="-121.668556">
				<ele>1503.599365</ele>
				<time>2026-06-15T22:18:53Z</time>
			</trkpt>
			<trkpt lat="46.900162" lon="-121.668518">
				<ele>1503.685913</ele>
				<time>2026-06-15T22:18:56Z</time>
			</trkpt>
			<trkpt lat="46.900158" lon="-121.668465">
				<ele>1503.6875</ele>
				<time>2026-06-15T22:18:59Z</time>
			</trkpt>
			<trkpt lat="46.900154" lon="-121.668388">
				<ele>1503.088379</ele>
				<time>2026-06-15T22:19:04Z</time>
			</trkpt>
			<trkpt lat="46.900158" lon="-121.66835">
				<ele>1502.223755</ele>
				<time>2026-06-15T22:19:06Z</time>
			</trkpt>
			<trkpt lat="46.90015" lon="-121.668304">
				<ele>1502.603149</ele>
				<time>2026-06-15T22:19:10Z</time>
			</trkpt>
			<trkpt lat="46.900162" lon="-121.668205">
				<ele>1500.223755</ele>
				<time>2026-06-15T22:19:18Z</time>
			</trkpt>
			<trkpt lat="46.900166" lon="-121.668175">
				<ele>1500.493286</ele>
				<time>2026-06-15T22:19:20Z</time>
			</trkpt>
			<trkpt lat="46.900211" lon="-121.66806">
				<ele>1499.062012</ele>
				<time>2026-06-15T22:19:28Z</time>
			</trkpt>
			<trkpt lat="46.900238" lon="-121.667992">
				<ele>1499.513916</ele>
				<time>2026-06-15T22:19:33Z</time>
			</trkpt>
			<trkpt lat="46.900234" lon="-121.667946">
				<ele>1499.578735</ele>
				<time>2026-06-15T22:19:36Z</time>
			</trkpt>
			<trkpt lat="46.900238" lon="-121.667915">
				<ele>1499.790527</ele>
				<time>2026-06-15T22:19:38Z</time>
			</trkpt>
			<trkpt lat="46.900242" lon="-121.667877">
				<ele>1498.263672</ele>
				<time>2026-06-15T22:19:41Z</time>
			</trkpt>
			<trkpt lat="46.900249" lon="-121.667847">
				<ele>1498.516968</ele>
				<time>2026-06-15T22:19:43Z</time>
			</trkpt>
			<trkpt lat="46.900249" lon="-121.66777">
				<ele>1498.088013</ele>
				<time>2026-06-15T22:19:47Z</time>
			</trkpt>
			<trkpt lat="46.900261" lon="-121.66774">
				<ele>1498.700195</ele>
				<time>2026-06-15T22:19:50Z</time>
			</trkpt>
			<trkpt lat="46.900249" lon="-121.667679">
				<ele>1497.460815</ele>
				<time>2026-06-15T22:19:54Z</time>
			</trkpt>
			<trkpt lat="46.900269" lon="-121.667656">
				<ele>1497.085327</ele>
				<time>2026-06-15T22:19:56Z</time>
			</trkpt>
			<trkpt lat="46.900276" lon="-121.66761">
				<ele>1496.694458</ele>
				<time>2026-06-15T22:19:59Z</time>
			</trkpt>
			<trkpt lat="46.900276" lon="-121.667572">
				<ele>1496.945801</ele>
				<time>2026-06-15T22:20:01Z</time>
			</trkpt>
			<trkpt lat="46.900284" lon="-121.667534">
				<ele>1496.199341</ele>
				<time>2026-06-15T22:20:04Z</time>
			</trkpt>
			<trkpt lat="46.900291" lon="-121.667496">
				<ele>1495.988159</ele>
				<time>2026-06-15T22:20:07Z</time>
			</trkpt>
			<trkpt lat="46.900288" lon="-121.667458">
				<ele>1496.589722</ele>
				<time>2026-06-15T22:20:10Z</time>
			</trkpt>
			<trkpt lat="46.900288" lon="-121.667419">
				<ele>1494.726074</ele>
				<time>2026-06-15T22:20:12Z</time>
			</trkpt>
			<trkpt lat="46.900288" lon="-121.667381">
				<ele>1495.194824</ele>
				<time>2026-06-15T22:20:15Z</time>
			</trkpt>
			<trkpt lat="46.900299" lon="-121.667343">
				<ele>1492.819214</ele>
				<time>2026-06-15T22:20:18Z</time>
			</trkpt>
			<trkpt lat="46.900276" lon="-121.667259">
				<ele>1492.145752</ele>
				<time>2026-06-15T22:20:24Z</time>
			</trkpt>
			<trkpt lat="46.900246" lon="-121.667267">
				<ele>1493.062866</ele>
				<time>2026-06-15T22:20:31Z</time>
			</trkpt>
			<trkpt lat="46.900242" lon="-121.66732">
				<ele>1491.870972</ele>
				<time>2026-06-15T22:20:34Z</time>
			</trkpt>
			<trkpt lat="46.900227" lon="-121.667358">
				<ele>1492.362793</ele>
				<time>2026-06-15T22:20:36Z</time>
			</trkpt>
			<trkpt lat="46.900204" lon="-121.667397">
				<ele>1492.072144</ele>
				<time>2026-06-15T22:20:40Z</time>
			</trkpt>
			<trkpt lat="46.900192" lon="-121.66745">
				<ele>1492.048584</ele>
				<time>2026-06-15T22:20:44Z</time>
			</trkpt>
			<trkpt lat="46.900173" lon="-121.667503">
				<ele>1489.748901</ele>
				<time>2026-06-15T22:20:48Z</time>
			</trkpt>
			<trkpt lat="46.900131" lon="-121.66758">
				<ele>1489.059082</ele>
				<time>2026-06-15T22:20:56Z</time>
			</trkpt>
			<trkpt lat="46.900093" lon="-121.667648">
				<ele>1487.956909</ele>
				<time>2026-06-15T22:21:02Z</time>
			</trkpt>
			<trkpt lat="46.900074" lon="-121.667679">
				<ele>1489.058228</ele>
				<time>2026-06-15T22:21:05Z</time>
			</trkpt>
			<trkpt lat="46.90004" lon="-121.667747">
				<ele>1486.355469</ele>
				<time>2026-06-15T22:21:11Z</time>
			</trkpt>
			<trkpt lat="46.900021" lon="-121.667778">
				<ele>1485.844238</ele>
				<time>2026-06-15T22:21:13Z</time>
			</trkpt>
			<trkpt lat="46.900002" lon="-121.667801">
				<ele>1485.769165</ele>
				<time>2026-06-15T22:21:15Z</time>
			</trkpt>
			<trkpt lat="46.899986" lon="-121.667847">
				<ele>1485.852905</ele>
				<time>2026-06-15T22:21:18Z</time>
			</trkpt>
			<trkpt lat="46.89994" lon="-121.667915">
				<ele>1484.052612</ele>
				<time>2026-06-15T22:21:24Z</time>
			</trkpt>
			<trkpt lat="46.899925" lon="-121.667946">
				<ele>1484.513062</ele>
				<time>2026-06-15T22:21:26Z</time>
			</trkpt>
			<trkpt lat="46.899918" lon="-121.667976">
				<ele>1484.440674</ele>
				<time>2026-06-15T22:21:28Z</time>
			</trkpt>
			<trkpt lat="46.899906" lon="-121.668015">
				<ele>1483.912964</ele>
				<time>2026-06-15T22:21:30Z</time>
			</trkpt>
			<trkpt lat="46.899879" lon="-121.66803">
				<ele>1484.331055</ele>
				<time>2026-06-15T22:21:33Z</time>
			</trkpt>
			<trkpt lat="46.899857" lon="-121.668022">
				<ele>1485.104614</ele>
				<time>2026-06-15T22:21:35Z</time>
			</trkpt>
			<trkpt lat="46.89986" lon="-121.667976">
				<ele>1485.354248</ele>
				<time>2026-06-15T22:21:37Z</time>
			</trkpt>
			<trkpt lat="46.89986" lon="-121.667946">
				<ele>1484.509155</ele>
				<time>2026-06-15T22:21:39Z</time>
			</trkpt>
			<trkpt lat="46.899857" lon="-121.667908">
				<ele>1484.663208</ele>
				<time>2026-06-15T22:21:41Z</time>
			</trkpt>
			<trkpt lat="46.899872" lon="-121.667877">
				<ele>1484.463623</ele>
				<time>2026-06-15T22:21:43Z</time>
			</trkpt>
			<trkpt lat="46.899883" lon="-121.667793">
				<ele>1483.033325</ele>
				<time>2026-06-15T22:21:48Z</time>
			</trkpt>
			<trkpt lat="46.899879" lon="-121.667763">
				<ele>1483.267578</ele>
				<time>2026-06-15T22:21:50Z</time>
			</trkpt>
			<trkpt lat="46.899887" lon="-121.667694">
				<ele>1481.817505</ele>
				<time>2026-06-15T22:21:55Z</time>
			</trkpt>
			<trkpt lat="46.899899" lon="-121.667625">
				<ele>1481.991821</ele>
				<time>2026-06-15T22:22:00Z</time>
			</trkpt>
			<trkpt lat="46.89991" lon="-121.667603">
				<ele>1480.587646</ele>
				<time>2026-06-15T22:22:03Z</time>
			</trkpt>
			<trkpt lat="46.899914" lon="-121.667572">
				<ele>1480.887939</ele>
				<time>2026-06-15T22:22:05Z</time>
			</trkpt>
			<trkpt lat="46.899918" lon="-121.667534">
				<ele>1480.837158</ele>
				<time>2026-06-15T22:22:07Z</time>
			</trkpt>
			<trkpt lat="46.899925" lon="-121.667503">
				<ele>1480.051392</ele>
				<time>2026-06-15T22:22:09Z</time>
			</trkpt>
			<trkpt lat="46.899925" lon="-121.667458">
				<ele>1480.543457</ele>
				<time>2026-06-15T22:22:12Z</time>
			</trkpt>
			<trkpt lat="46.899918" lon="-121.667351">
				<ele>1478.671021</ele>
				<time>2026-06-15T22:22:18Z</time>
			</trkpt>
			<trkpt lat="46.89991" lon="-121.667313">
				<ele>1478.586182</ele>
				<time>2026-06-15T22:22:20Z</time>
			</trkpt>
			<trkpt lat="46.89991" lon="-121.667252">
				<ele>1479.231812</ele>
				<time>2026-06-15T22:22:24Z</time>
			</trkpt>
			<trkpt lat="46.899921" lon="-121.667191">
				<ele>1477.350586</ele>
				<time>2026-06-15T22:22:28Z</time>
			</trkpt>
			<trkpt lat="46.899921" lon="-121.667091">
				<ele>1476.62915</ele>
				<time>2026-06-15T22:22:32Z</time>
			</trkpt>
			<trkpt lat="46.899918" lon="-121.667023">
				<ele>1477.805298</ele>
				<time>2026-06-15T22:22:36Z</time>
			</trkpt>
			<trkpt lat="46.89991" lon="-121.666992">
				<ele>1477.576538</ele>
				<time>2026-06-15T22:22:38Z</time>
			</trkpt>
			<trkpt lat="46.899925" lon="-121.666885">
				<ele>1475.309692</ele>
				<time>2026-06-15T22:22:47Z</time>
			</trkpt>
			<trkpt lat="46.899918" lon="-121.666847">
				<ele>1475.960327</ele>
				<time>2026-06-15T22:22:49Z</time>
			</trkpt>
			<trkpt lat="46.899921" lon="-121.666809">
				<ele>1474.93335</ele>
				<time>2026-06-15T22:22:52Z</time>
			</trkpt>
			<trkpt lat="46.899918" lon="-121.666779">
				<ele>1474.964233</ele>
				<time>2026-06-15T22:22:54Z</time>
			</trkpt>
			<trkpt lat="46.899918" lon="-121.66674">
				<ele>1475.370605</ele>
				<time>2026-06-15T22:22:57Z</time>
			</trkpt>
			<trkpt lat="46.899925" lon="-121.666702">
				<ele>1473.927246</ele>
				<time>2026-06-15T22:22:59Z</time>
			</trkpt>
			<trkpt lat="46.899921" lon="-121.666626">
				<ele>1473.257202</ele>
				<time>2026-06-15T22:23:04Z</time>
			</trkpt>
			<trkpt lat="46.899914" lon="-121.66658">
				<ele>1472.927856</ele>
				<time>2026-06-15T22:23:06Z</time>
			</trkpt>
			<trkpt lat="46.899914" lon="-121.666542">
				<ele>1472.841675</ele>
				<time>2026-06-15T22:23:08Z</time>
			</trkpt>
			<trkpt lat="46.899921" lon="-121.666504">
				<ele>1471.62561</ele>
				<time>2026-06-15T22:23:12Z</time>
			</trkpt>
			<trkpt lat="46.899929" lon="-121.666382">
				<ele>1469.828003</ele>
				<time>2026-06-15T22:23:20Z</time>
			</trkpt>
			<trkpt lat="46.899937" lon="-121.666328">
				<ele>1469.71521</ele>
				<time>2026-06-15T22:23:24Z</time>
			</trkpt>
			<trkpt lat="46.899948" lon="-121.666214">
				<ele>1471.341431</ele>
				<time>2026-06-15T22:23:30Z</time>
			</trkpt>
			<trkpt lat="46.899948" lon="-121.666176">
				<ele>1471.023071</ele>
				<time>2026-06-15T22:23:33Z</time>
			</trkpt>
			<trkpt lat="46.899952" lon="-121.666115">
				<ele>1471.308838</ele>
				<time>2026-06-15T22:23:36Z</time>
			</trkpt>
			<trkpt lat="46.89999" lon="-121.666031">
				<ele>1469.302002</ele>
				<time>2026-06-15T22:23:45Z</time>
			</trkpt>
			<trkpt lat="46.899986" lon="-121.665985">
				<ele>1468.965454</ele>
				<time>2026-06-15T22:23:48Z</time>
			</trkpt>
			<trkpt lat="46.899998" lon="-121.665939">
				<ele>1469.524048</ele>
				<time>2026-06-15T22:23:52Z</time>
			</trkpt>
			<trkpt lat="46.900009" lon="-121.665901">
				<ele>1469.209473</ele>
				<time>2026-06-15T22:23:54Z</time>
			</trkpt>
			<trkpt lat="46.900013" lon="-121.665833">
				<ele>1469.136719</ele>
				<time>2026-06-15T22:23:58Z</time>
			</trkpt>
			<trkpt lat="46.900043" lon="-121.665741">
				<ele>1466.137695</ele>
				<time>2026-06-15T22:24:05Z</time>
			</trkpt>
			<trkpt lat="46.900051" lon="-121.66568">
				<ele>1465.942749</ele>
				<time>2026-06-15T22:24:09Z</time>
			</trkpt>
			<trkpt lat="46.900043" lon="-121.665627">
				<ele>1465.435791</ele>
				<time>2026-06-15T22:24:12Z</time>
			</trkpt>
			<trkpt lat="46.900055" lon="-121.665573">
				<ele>1465.617554</ele>
				<time>2026-06-15T22:24:16Z</time>
			</trkpt>
			<trkpt lat="46.900043" lon="-121.665527">
				<ele>1466.213257</ele>
				<time>2026-06-15T22:24:19Z</time>
			</trkpt>
			<trkpt lat="46.900051" lon="-121.665474">
				<ele>1466.005127</ele>
				<time>2026-06-15T22:24:23Z</time>
			</trkpt>
			<trkpt lat="46.900051" lon="-121.665421">
				<ele>1467.18811</ele>
				<time>2026-06-15T22:24:26Z</time>
			</trkpt>
			<trkpt lat="46.900066" lon="-121.665306">
				<ele>1465.425415</ele>
				<time>2026-06-15T22:24:33Z</time>
			</trkpt>
			<trkpt lat="46.900105" lon="-121.665283">
				<ele>1464.173218</ele>
				<time>2026-06-15T22:24:36Z</time>
			</trkpt>
			<trkpt lat="46.900108" lon="-121.665237">
				<ele>1464.126465</ele>
				<time>2026-06-15T22:24:39Z</time>
			</trkpt>
			<trkpt lat="46.900116" lon="-121.665192">
				<ele>1465.161865</ele>
				<time>2026-06-15T22:24:42Z</time>
			</trkpt>
			<trkpt lat="46.900139" lon="-121.665161">
				<ele>1463.350708</ele>
				<time>2026-06-15T22:24:45Z</time>
			</trkpt>
			<trkpt lat="46.900146" lon="-121.665108">
				<ele>1462.706299</ele>
				<time>2026-06-15T22:24:48Z</time>
			</trkpt>
			<trkpt lat="46.900143" lon="-121.665054">
				<ele>1464.241699</ele>
				<time>2026-06-15T22:24:51Z</time>
			</trkpt>
			<trkpt lat="46.900162" lon="-121.665009">
				<ele>1461.34082</ele>
				<time>2026-06-15T22:24:54Z</time>
			</trkpt>
			<trkpt lat="46.900162" lon="-121.664955">
				<ele>1464.191406</ele>
				<time>2026-06-15T22:24:58Z</time>
			</trkpt>
			<trkpt lat="46.900169" lon="-121.664902">
				<ele>1462.838013</ele>
				<time>2026-06-15T22:25:01Z</time>
			</trkpt>
			<trkpt lat="46.900185" lon="-121.664848">
				<ele>1462.314819</ele>
				<time>2026-06-15T22:25:05Z</time>
			</trkpt>
			<trkpt lat="46.900208" lon="-121.664818">
				<ele>1460.683105</ele>
				<time>2026-06-15T22:25:08Z</time>
			</trkpt>
			<trkpt lat="46.900219" lon="-121.664772">
				<ele>1461.847534</ele>
				<time>2026-06-15T22:25:11Z</time>
			</trkpt>
			<trkpt lat="46.900215" lon="-121.664726">
				<ele>1465.104736</ele>
				<time>2026-06-15T22:25:15Z</time>
			</trkpt>
			<trkpt lat="46.900219" lon="-121.664665">
				<ele>1463.57019</ele>
				<time>2026-06-15T22:25:20Z</time>
			</trkpt>
			<trkpt lat="46.900204" lon="-121.664604">
				<ele>1465.851563</ele>
				<time>2026-06-15T22:25:23Z</time>
			</trkpt>
			<trkpt lat="46.9002" lon="-121.664497">
				<ele>1464.22583</ele>
				<time>2026-06-15T22:25:31Z</time>
			</trkpt>
			<trkpt lat="46.900181" lon="-121.664444">
				<ele>1465.647339</ele>
				<time>2026-06-15T22:25:34Z</time>
			</trkpt>
			<trkpt lat="46.900188" lon="-121.664391">
				<ele>1465.725342</ele>
				<time>2026-06-15T22:25:37Z</time>
			</trkpt>
			<trkpt lat="46.900215" lon="-121.664352">
				<ele>1464.036987</ele>
				<time>2026-06-15T22:25:41Z</time>
			</trkpt>
			<trkpt lat="46.900253" lon="-121.664276">
				<ele>1463.631104</ele>
				<time>2026-06-15T22:25:49Z</time>
			</trkpt>
			<trkpt lat="46.900261" lon="-121.664215">
				<ele>1463.768066</ele>
				<time>2026-06-15T22:25:53Z</time>
			</trkpt>
			<trkpt lat="46.900284" lon="-121.664162">
				<ele>1462.99353</ele>
				<time>2026-06-15T22:25:56Z</time>
			</trkpt>
			<trkpt lat="46.900269" lon="-121.664108">
				<ele>1463.200073</ele>
				<time>2026-06-15T22:25:59Z</time>
			</trkpt>
			<trkpt lat="46.900265" lon="-121.664047">
				<ele>1464.182739</ele>
				<time>2026-06-15T22:26:04Z</time>
			</trkpt>
			<trkpt lat="46.900257" lon="-121.663979">
				<ele>1463.454346</ele>
				<time>2026-06-15T22:26:07Z</time>
			</trkpt>
			<trkpt lat="46.900272" lon="-121.663925">
				<ele>1460.622681</ele>
				<time>2026-06-15T22:26:10Z</time>
			</trkpt>
			<trkpt lat="46.900291" lon="-121.663887">
				<ele>1461.081787</ele>
				<time>2026-06-15T22:26:14Z</time>
			</trkpt>
			<trkpt lat="46.900284" lon="-121.663826">
				<ele>1462.573486</ele>
				<time>2026-06-15T22:26:17Z</time>
			</trkpt>
			<trkpt lat="46.900291" lon="-121.66378">
				<ele>1462.392212</ele>
				<time>2026-06-15T22:26:21Z</time>
			</trkpt>
			<trkpt lat="46.900303" lon="-121.663734">
				<ele>1462.950195</ele>
				<time>2026-06-15T22:26:24Z</time>
			</trkpt>
			<trkpt lat="46.90033" lon="-121.663712">
				<ele>1461.158569</ele>
				<time>2026-06-15T22:26:27Z</time>
			</trkpt>
			<trkpt lat="46.900349" lon="-121.663673">
				<ele>1460.726807</ele>
				<time>2026-06-15T22:26:30Z</time>
			</trkpt>
			<trkpt lat="46.900375" lon="-121.663605">
				<ele>1463.160889</ele>
				<time>2026-06-15T22:26:36Z</time>
			</trkpt>
			<trkpt lat="46.90041" lon="-121.663574">
				<ele>1461.871094</ele>
				<time>2026-06-15T22:26:40Z</time>
			</trkpt>
			<trkpt lat="46.900436" lon="-121.663551">
				<ele>1463.357788</ele>
				<time>2026-06-15T22:26:43Z</time>
			</trkpt>
			<trkpt lat="46.900455" lon="-121.663445">
				<ele>1464.185181</ele>
				<time>2026-06-15T22:26:50Z</time>
			</trkpt>
			<trkpt lat="46.900452" lon="-121.663338">
				<ele>1465.279175</ele>
				<time>2026-06-15T22:26:57Z</time>
			</trkpt>
			<trkpt lat="46.900486" lon="-121.663254">
				<ele>1463.27063</ele>
				<time>2026-06-15T22:27:04Z</time>
			</trkpt>
			<trkpt lat="46.900497" lon="-121.6632">
				<ele>1464.253052</ele>
				<time>2026-06-15T22:27:07Z</time>
			</trkpt>
			<trkpt lat="46.900505" lon="-121.663139">
				<ele>1463.828979</ele>
				<time>2026-06-15T22:27:12Z</time>
			</trkpt>
			<trkpt lat="46.900505" lon="-121.663086">
				<ele>1463.82251</ele>
				<time>2026-06-15T22:27:15Z</time>
			</trkpt>
			<trkpt lat="46.900501" lon="-121.66304">
				<ele>1463.370972</ele>
				<time>2026-06-15T22:27:17Z</time>
			</trkpt>
			<trkpt lat="46.900497" lon="-121.662994">
				<ele>1463.789795</ele>
				<time>2026-06-15T22:27:22Z</time>
			</trkpt>
			<trkpt lat="46.900509" lon="-121.662941">
				<ele>1463.338989</ele>
				<time>2026-06-15T22:27:25Z</time>
			</trkpt>
			<trkpt lat="46.900517" lon="-121.662872">
				<ele>1464.580444</ele>
				<time>2026-06-15T22:27:30Z</time>
			</trkpt>
			<trkpt lat="46.900524" lon="-121.662834">
				<ele>1461.087524</ele>
				<time>2026-06-15T22:27:33Z</time>
			</trkpt>
			<trkpt lat="46.900509" lon="-121.662796">
				<ele>1461.925049</ele>
				<time>2026-06-15T22:27:35Z</time>
			</trkpt>
			<trkpt lat="46.900524" lon="-121.662735">
				<ele>1460.212524</ele>
				<time>2026-06-15T22:27:38Z</time>
			</trkpt>
			<trkpt lat="46.900539" lon="-121.662682">
				<ele>1460.101196</ele>
				<time>2026-06-15T22:27:42Z</time>
			</trkpt>
			<trkpt lat="46.900562" lon="-121.662636">
				<ele>1460.944946</ele>
				<time>2026-06-15T22:27:47Z</time>
			</trkpt>
			<trkpt lat="46.900551" lon="-121.662582">
				<ele>1463.488037</ele>
				<time>2026-06-15T22:27:50Z</time>
			</trkpt>
			<trkpt lat="46.900536" lon="-121.662544">
				<ele>1464.149658</ele>
				<time>2026-06-15T22:27:52Z</time>
			</trkpt>
			<trkpt lat="46.900532" lon="-121.662415">
				<ele>1461.293091</ele>
				<time>2026-06-15T22:27:59Z</time>
			</trkpt>
			<trkpt lat="46.900562" lon="-121.662323">
				<ele>1456.529663</ele>
				<time>2026-06-15T22:28:06Z</time>
			</trkpt>
			<trkpt lat="46.900562" lon="-121.66227">
				<ele>1457.160156</ele>
				<time>2026-06-15T22:28:09Z</time>
			</trkpt>
			<trkpt lat="46.90057" lon="-121.662209">
				<ele>1455.880981</ele>
				<time>2026-06-15T22:28:12Z</time>
			</trkpt>
			<trkpt lat="46.900581" lon="-121.662155">
				<ele>1453.349976</ele>
				<time>2026-06-15T22:28:15Z</time>
			</trkpt>
			<trkpt lat="46.900581" lon="-121.662109">
				<ele>1454.102539</ele>
				<time>2026-06-15T22:28:17Z</time>
			</trkpt>
			<trkpt lat="46.900581" lon="-121.662056">
				<ele>1454.242065</ele>
				<time>2026-06-15T22:28:21Z</time>
			</trkpt>
			<trkpt lat="46.9006" lon="-121.66201">
				<ele>1454.015015</ele>
				<time>2026-06-15T22:28:24Z</time>
			</trkpt>
			<trkpt lat="46.900597" lon="-121.661957">
				<ele>1452.93811</ele>
				<time>2026-06-15T22:28:27Z</time>
			</trkpt>
			<trkpt lat="46.900604" lon="-121.661911">
				<ele>1452.625122</ele>
				<time>2026-06-15T22:28:30Z</time>
			</trkpt>
			<trkpt lat="46.900604" lon="-121.661858">
				<ele>1453.354126</ele>
				<time>2026-06-15T22:28:33Z</time>
			</trkpt>
			<trkpt lat="46.900604" lon="-121.661797">
				<ele>1452.575073</ele>
				<time>2026-06-15T22:28:36Z</time>
			</trkpt>
			<trkpt lat="46.900604" lon="-121.66169">
				<ele>1453.173706</ele>
				<time>2026-06-15T22:28:41Z</time>
			</trkpt>
			<trkpt lat="46.900597" lon="-121.661575">
				<ele>1454.589966</ele>
				<time>2026-06-15T22:28:46Z</time>
			</trkpt>
			<trkpt lat="46.900616" lon="-121.661484">
				<ele>1453.02832</ele>
				<time>2026-06-15T22:28:52Z</time>
			</trkpt>
			<trkpt lat="46.900631" lon="-121.661438">
				<ele>1453.151367</ele>
				<time>2026-06-15T22:28:55Z</time>
			</trkpt>
			<trkpt lat="46.900673" lon="-121.661392">
				<ele>1451.262817</ele>
				<time>2026-06-15T22:29:02Z</time>
			</trkpt>
			<trkpt lat="46.900692" lon="-121.661346">
				<ele>1451.640991</ele>
				<time>2026-06-15T22:29:05Z</time>
			</trkpt>
			<trkpt lat="46.900677" lon="-121.661232">
				<ele>1450.407837</ele>
				<time>2026-06-15T22:29:12Z</time>
			</trkpt>
			<trkpt lat="46.900684" lon="-121.661186">
				<ele>1450.164185</ele>
				<time>2026-06-15T22:29:15Z</time>
			</trkpt>
			<trkpt lat="46.900677" lon="-121.661148">
				<ele>1450.69458</ele>
				<time>2026-06-15T22:29:17Z</time>
			</trkpt>
			<trkpt lat="46.900673" lon="-121.661064">
				<ele>1449.228271</ele>
				<time>2026-06-15T22:29:22Z</time>
			</trkpt>
			<trkpt lat="46.900673" lon="-121.661018">
				<ele>1449.795044</ele>
				<time>2026-06-15T22:29:27Z</time>
			</trkpt>
			<trkpt lat="46.900673" lon="-121.660965">
				<ele>1449.01355</ele>
				<time>2026-06-15T22:29:31Z</time>
			</trkpt>
			<trkpt lat="46.900677" lon="-121.660927">
				<ele>1447.680054</ele>
				<time>2026-06-15T22:29:34Z</time>
			</trkpt>
			<trkpt lat="46.900681" lon="-121.660881">
				<ele>1447.678833</ele>
				<time>2026-06-15T22:29:37Z</time>
			</trkpt>
			<trkpt lat="46.9007" lon="-121.660835">
				<ele>1446.69751</ele>
				<time>2026-06-15T22:29:41Z</time>
			</trkpt>
			<trkpt lat="46.9007" lon="-121.660782">
				<ele>1446.612305</ele>
				<time>2026-06-15T22:29:44Z</time>
			</trkpt>
			<trkpt lat="46.900681" lon="-121.660622">
				<ele>1443.310059</ele>
				<time>2026-06-15T22:29:54Z</time>
			</trkpt>
			<trkpt lat="46.900684" lon="-121.660576">
				<ele>1442.950317</ele>
				<time>2026-06-15T22:29:56Z</time>
			</trkpt>
			<trkpt lat="46.900684" lon="-121.660515">
				<ele>1442.845093</ele>
				<time>2026-06-15T22:29:59Z</time>
			</trkpt>
			<trkpt lat="46.900715" lon="-121.660416">
				<ele>1439.899902</ele>
				<time>2026-06-15T22:30:07Z</time>
			</trkpt>
			<trkpt lat="46.900719" lon="-121.660355">
				<ele>1439.539551</ele>
				<time>2026-06-15T22:30:11Z</time>
			</trkpt>
			<trkpt lat="46.900734" lon="-121.660301">
				<ele>1438.857422</ele>
				<time>2026-06-15T22:30:15Z</time>
			</trkpt>
			<trkpt lat="46.900757" lon="-121.660263">
				<ele>1441.442871</ele>
				<time>2026-06-15T22:30:17Z</time>
			</trkpt>
			<trkpt lat="46.900768" lon="-121.660202">
				<ele>1438.928833</ele>
				<time>2026-06-15T22:30:22Z</time>
			</trkpt>
			<trkpt lat="46.900764" lon="-121.660149">
				<ele>1437.966797</ele>
				<time>2026-06-15T22:30:26Z</time>
			</trkpt>
			<trkpt lat="46.900745" lon="-121.66008">
				<ele>1440.297852</ele>
				<time>2026-06-15T22:30:29Z</time>
			</trkpt>
			<trkpt lat="46.900726" lon="-121.659988">
				<ele>1437.879761</ele>
				<time>2026-06-15T22:30:33Z</time>
			</trkpt>
			<trkpt lat="46.900711" lon="-121.659927">
				<ele>1438.374512</ele>
				<time>2026-06-15T22:30:36Z</time>
			</trkpt>
			<trkpt lat="46.900715" lon="-121.659866">
				<ele>1438.032227</ele>
				<time>2026-06-15T22:30:39Z</time>
			</trkpt>
			<trkpt lat="46.900738" lon="-121.659767">
				<ele>1436.569092</ele>
				<time>2026-06-15T22:30:45Z</time>
			</trkpt>
			<trkpt lat="46.900738" lon="-121.659714">
				<ele>1436.38208</ele>
				<time>2026-06-15T22:30:48Z</time>
			</trkpt>
			<trkpt lat="46.900738" lon="-121.659668">
				<ele>1435.43811</ele>
				<time>2026-06-15T22:30:51Z</time>
			</trkpt>
			<trkpt lat="46.900738" lon="-121.659615">
				<ele>1435.811646</ele>
				<time>2026-06-15T22:30:54Z</time>
			</trkpt>
			<trkpt lat="46.900745" lon="-121.659554">
				<ele>1434.627686</ele>
				<time>2026-06-15T22:30:57Z</time>
			</trkpt>
			<trkpt lat="46.900757" lon="-121.6595">
				<ele>1435.018555</ele>
				<time>2026-06-15T22:31:00Z</time>
			</trkpt>
			<trkpt lat="46.900749" lon="-121.659447">
				<ele>1434.96814</ele>
				<time>2026-06-15T22:31:03Z</time>
			</trkpt>
			<trkpt lat="46.900814" lon="-121.659325">
				<ele>1430.436279</ele>
				<time>2026-06-15T22:31:12Z</time>
			</trkpt>
			<trkpt lat="46.900822" lon="-121.659279">
				<ele>1429.698853</ele>
				<time>2026-06-15T22:31:15Z</time>
			</trkpt>
			<trkpt lat="46.900814" lon="-121.659225">
				<ele>1429.677856</ele>
				<time>2026-06-15T22:31:18Z</time>
			</trkpt>
			<trkpt lat="46.900826" lon="-121.65918">
				<ele>1430.95813</ele>
				<time>2026-06-15T22:31:21Z</time>
			</trkpt>
			<trkpt lat="46.900875" lon="-121.659111">
				<ele>1426.376343</ele>
				<time>2026-06-15T22:31:27Z</time>
			</trkpt>
			<trkpt lat="46.900864" lon="-121.659058">
				<ele>1426.612549</ele>
				<time>2026-06-15T22:31:30Z</time>
			</trkpt>
			<trkpt lat="46.90086" lon="-121.658997">
				<ele>1429.852051</ele>
				<time>2026-06-15T22:31:34Z</time>
			</trkpt>
			<trkpt lat="46.900864" lon="-121.658905">
				<ele>1427.953735</ele>
				<time>2026-06-15T22:31:39Z</time>
			</trkpt>
			<trkpt lat="46.900887" lon="-121.658798">
				<ele>1426.359863</ele>
				<time>2026-06-15T22:31:45Z</time>
			</trkpt>
			<trkpt lat="46.900909" lon="-121.658768">
				<ele>1425.403442</ele>
				<time>2026-06-15T22:31:47Z</time>
			</trkpt>
			<trkpt lat="46.900906" lon="-121.65873">
				<ele>1425.248535</ele>
				<time>2026-06-15T22:31:50Z</time>
			</trkpt>
			<trkpt lat="46.900917" lon="-121.658684">
				<ele>1425.634033</ele>
				<time>2026-06-15T22:31:54Z</time>
			</trkpt>
			<trkpt lat="46.900906" lon="-121.65863">
				<ele>1426.485474</ele>
				<time>2026-06-15T22:31:58Z</time>
			</trkpt>
			<trkpt lat="46.900879" lon="-121.658592">
				<ele>1424.704956</ele>
				<time>2026-06-15T22:32:02Z</time>
			</trkpt>
			<trkpt lat="46.900864" lon="-121.658554">
				<ele>1424.700195</ele>
				<time>2026-06-15T22:32:05Z</time>
			</trkpt>
			<trkpt lat="46.900879" lon="-121.658455">
				<ele>1423.479492</ele>
				<time>2026-06-15T22:32:11Z</time>
			</trkpt>
			<trkpt lat="46.900906" lon="-121.658424">
				<ele>1420.588257</ele>
				<time>2026-06-15T22:32:16Z</time>
			</trkpt>
			<trkpt lat="46.900909" lon="-121.658379">
				<ele>1419.501953</ele>
				<time>2026-06-15T22:32:20Z</time>
			</trkpt>
			<trkpt lat="46.90094" lon="-121.658318">
				<ele>1415.951782</ele>
				<time>2026-06-15T22:32:24Z</time>
			</trkpt>
			<trkpt lat="46.900959" lon="-121.658257">
				<ele>1417.050293</ele>
				<time>2026-06-15T22:32:28Z</time>
			</trkpt>
			<trkpt lat="46.900974" lon="-121.658203">
				<ele>1417.220825</ele>
				<time>2026-06-15T22:32:32Z</time>
			</trkpt>
			<trkpt lat="46.900936" lon="-121.658211">
				<ele>1416.994995</ele>
				<time>2026-06-15T22:32:37Z</time>
			</trkpt>
			<trkpt lat="46.900917" lon="-121.658257">
				<ele>1415.019775</ele>
				<time>2026-06-15T22:32:40Z</time>
			</trkpt>
			<trkpt lat="46.90089" lon="-121.658302">
				<ele>1415.539917</ele>
				<time>2026-06-15T22:32:44Z</time>
			</trkpt>
			<trkpt lat="46.900883" lon="-121.658356">
				<ele>1413.908325</ele>
				<time>2026-06-15T22:32:48Z</time>
			</trkpt>
			<trkpt lat="46.900852" lon="-121.658417">
				<ele>1412.80896</ele>
				<time>2026-06-15T22:32:53Z</time>
			</trkpt>
			<trkpt lat="46.900826" lon="-121.658463">
				<ele>1414.415894</ele>
				<time>2026-06-15T22:32:56Z</time>
			</trkpt>
			<trkpt lat="46.900799" lon="-121.658508">
				<ele>1414.814697</ele>
				<time>2026-06-15T22:32:59Z</time>
			</trkpt>
			<trkpt lat="46.900787" lon="-121.658562">
				<ele>1414.692139</ele>
				<time>2026-06-15T22:33:02Z</time>
			</trkpt>
			<trkpt lat="46.900772" lon="-121.658623">
				<ele>1414.152344</ele>
				<time>2026-06-15T22:33:06Z</time>
			</trkpt>
			<trkpt lat="46.900776" lon="-121.658684">
				<ele>1414.594849</ele>
				<time>2026-06-15T22:33:09Z</time>
			</trkpt>
			<trkpt lat="46.900753" lon="-121.65873">
				<ele>1413.587036</ele>
				<time>2026-06-15T22:33:14Z</time>
			</trkpt>
			<trkpt lat="46.900726" lon="-121.658768">
				<ele>1413.802734</ele>
				<time>2026-06-15T22:33:17Z</time>
			</trkpt>
			<trkpt lat="46.900707" lon="-121.658806">
				<ele>1413.612671</ele>
				<time>2026-06-15T22:33:20Z</time>
			</trkpt>
			<trkpt lat="46.900692" lon="-121.658852">
				<ele>1411.81897</ele>
				<time>2026-06-15T22:33:23Z</time>
			</trkpt>
			<trkpt lat="46.900665" lon="-121.658897">
				<ele>1411.947266</ele>
				<time>2026-06-15T22:33:26Z</time>
			</trkpt>
			<trkpt lat="46.900646" lon="-121.658943">
				<ele>1411.189209</ele>
				<time>2026-06-15T22:33:29Z</time>
			</trkpt>
			<trkpt lat="46.900627" lon="-121.658997">
				<ele>1411.582886</ele>
				<time>2026-06-15T22:33:33Z</time>
			</trkpt>
			<trkpt lat="46.900612" lon="-121.658951">
				<ele>1409.286011</ele>
				<time>2026-06-15T22:33:38Z</time>
			</trkpt>
			<trkpt lat="46.900616" lon="-121.658897">
				<ele>1408.434448</ele>
				<time>2026-06-15T22:33:42Z</time>
			</trkpt>
			<trkpt lat="46.900612" lon="-121.658852">
				<ele>1409.148926</ele>
				<time>2026-06-15T22:33:44Z</time>
			</trkpt>
			<trkpt lat="46.900627" lon="-121.658806">
				<ele>1407.061035</ele>
				<time>2026-06-15T22:33:48Z</time>
			</trkpt>
			<trkpt lat="46.900642" lon="-121.658752">
				<ele>1407.775513</ele>
				<time>2026-06-15T22:33:51Z</time>
			</trkpt>
			<trkpt lat="46.900661" lon="-121.658714">
				<ele>1407.730835</ele>
				<time>2026-06-15T22:33:54Z</time>
			</trkpt>
			<trkpt lat="46.900677" lon="-121.658661">
				<ele>1408.075317</ele>
				<time>2026-06-15T22:33:58Z</time>
			</trkpt>
			<trkpt lat="46.900677" lon="-121.658615">
				<ele>1405.853149</ele>
				<time>2026-06-15T22:34:01Z</time>
			</trkpt>
			<trkpt lat="46.900669" lon="-121.658539">
				<ele>1404.686401</ele>
				<time>2026-06-15T22:34:08Z</time>
			</trkpt>
			<trkpt lat="46.900673" lon="-121.658447">
				<ele>1401.950806</ele>
				<time>2026-06-15T22:34:15Z</time>
			</trkpt>
			<trkpt lat="46.900673" lon="-121.658394">
				<ele>1401.281128</ele>
				<time>2026-06-15T22:34:18Z</time>
			</trkpt>
			<trkpt lat="46.900677" lon="-121.65834">
				<ele>1401.888916</ele>
				<time>2026-06-15T22:34:21Z</time>
			</trkpt>
			<trkpt lat="46.900669" lon="-121.658279">
				<ele>1401.689697</ele>
				<time>2026-06-15T22:34:24Z</time>
			</trkpt>
			<trkpt lat="46.900669" lon="-121.658234">
				<ele>1400.376343</ele>
				<time>2026-06-15T22:34:26Z</time>
			</trkpt>
			<trkpt lat="46.900677" lon="-121.658195">
				<ele>1400.319336</ele>
				<time>2026-06-15T22:34:29Z</time>
			</trkpt>
			<trkpt lat="46.900692" lon="-121.658142">
				<ele>1401.429688</ele>
				<time>2026-06-15T22:34:32Z</time>
			</trkpt>
			<trkpt lat="46.900696" lon="-121.658104">
				<ele>1400.168213</ele>
				<time>2026-06-15T22:34:35Z</time>
			</trkpt>
			<trkpt lat="46.900696" lon="-121.658058">
				<ele>1399.942017</ele>
				<time>2026-06-15T22:34:38Z</time>
			</trkpt>
			<trkpt lat="46.900707" lon="-121.65802">
				<ele>1398.42334</ele>
				<time>2026-06-15T22:34:42Z</time>
			</trkpt>
			<trkpt lat="46.900707" lon="-121.657959">
				<ele>1399.095093</ele>
				<time>2026-06-15T22:34:45Z</time>
			</trkpt>
			<trkpt lat="46.900707" lon="-121.657906">
				<ele>1398.958252</ele>
				<time>2026-06-15T22:34:47Z</time>
			</trkpt>
			<trkpt lat="46.900764" lon="-121.657822">
				<ele>1396.789185</ele>
				<time>2026-06-15T22:34:54Z</time>
			</trkpt>
			<trkpt lat="46.900787" lon="-121.657791">
				<ele>1397.060425</ele>
				<time>2026-06-15T22:34:58Z</time>
			</trkpt>
			<trkpt lat="46.900784" lon="-121.657738">
				<ele>1395.588501</ele>
				<time>2026-06-15T22:35:01Z</time>
			</trkpt>
			<trkpt lat="46.900776" lon="-121.657661">
				<ele>1396.846436</ele>
				<time>2026-06-15T22:35:05Z</time>
			</trkpt>
			<trkpt lat="46.900784" lon="-121.6576">
				<ele>1397.27063</ele>
				<time>2026-06-15T22:35:09Z</time>
			</trkpt>
			<trkpt lat="46.900787" lon="-121.657555">
				<ele>1395.805908</ele>
				<time>2026-06-15T22:35:12Z</time>
			</trkpt>
			<trkpt lat="46.900764" lon="-121.657425">
				<ele>1394.109131</ele>
				<time>2026-06-15T22:35:19Z</time>
			</trkpt>
			<trkpt lat="46.900772" lon="-121.657364">
				<ele>1391.533325</ele>
				<time>2026-06-15T22:35:24Z</time>
			</trkpt>
			<trkpt lat="46.900757" lon="-121.657242">
				<ele>1390.619873</ele>
				<time>2026-06-15T22:35:32Z</time>
			</trkpt>
			<trkpt lat="46.900764" lon="-121.657181">
				<ele>1388.678589</ele>
				<time>2026-06-15T22:35:36Z</time>
			</trkpt>
			<trkpt lat="46.900772" lon="-121.657104">
				<ele>1387.324341</ele>
				<time>2026-06-15T22:35:41Z</time>
			</trkpt>
			<trkpt lat="46.900757" lon="-121.657059">
				<ele>1388.303345</ele>
				<time>2026-06-15T22:35:45Z</time>
			</trkpt>
			<trkpt lat="46.900745" lon="-121.656944">
				<ele>1388.525391</ele>
				<time>2026-06-15T22:35:51Z</time>
			</trkpt>
			<trkpt lat="46.900745" lon="-121.656883">
				<ele>1388.189941</ele>
				<time>2026-06-15T22:35:55Z</time>
			</trkpt>
			<trkpt lat="46.900806" lon="-121.656693">
				<ele>1383.60144</ele>
				<time>2026-06-15T22:36:10Z</time>
			</trkpt>
			<trkpt lat="46.900795" lon="-121.656624">
				<ele>1384.696655</ele>
				<time>2026-06-15T22:36:14Z</time>
			</trkpt>
			<trkpt lat="46.90081" lon="-121.656548">
				<ele>1383.101685</ele>
				<time>2026-06-15T22:36:19Z</time>
			</trkpt>
			<trkpt lat="46.900829" lon="-121.656471">
				<ele>1383.667847</ele>
				<time>2026-06-15T22:36:24Z</time>
			</trkpt>
			<trkpt lat="46.900848" lon="-121.656403">
				<ele>1383.020264</ele>
				<time>2026-06-15T22:36:28Z</time>
			</trkpt>
			<trkpt lat="46.900852" lon="-121.656326">
				<ele>1382.720825</ele>
				<time>2026-06-15T22:36:33Z</time>
			</trkpt>
			<trkpt lat="46.900871" lon="-121.65625">
				<ele>1384.285034</ele>
				<time>2026-06-15T22:36:37Z</time>
			</trkpt>
			<trkpt lat="46.900898" lon="-121.656204">
				<ele>1384.381226</ele>
				<time>2026-06-15T22:36:41Z</time>
			</trkpt>
			<trkpt lat="46.900928" lon="-121.656151">
				<ele>1383.530396</ele>
				<time>2026-06-15T22:36:45Z</time>
			</trkpt>
			<trkpt lat="46.900921" lon="-121.656075">
				<ele>1383.890503</ele>
				<time>2026-06-15T22:36:50Z</time>
			</trkpt>
			<trkpt lat="46.900936" lon="-121.656013">
				<ele>1382.57312</ele>
				<time>2026-06-15T22:36:55Z</time>
			</trkpt>
			<trkpt lat="46.900928" lon="-121.655945">
				<ele>1382.400879</ele>
				<time>2026-06-15T22:36:59Z</time>
			</trkpt>
			<trkpt lat="46.900936" lon="-121.655869">
				<ele>1381.994751</ele>
				<time>2026-06-15T22:37:04Z</time>
			</trkpt>
			<trkpt lat="46.900928" lon="-121.655746">
				<ele>1382.599731</ele>
				<time>2026-06-15T22:37:11Z</time>
			</trkpt>
			<trkpt lat="46.900928" lon="-121.655685">
				<ele>1380.594971</ele>
				<time>2026-06-15T22:37:16Z</time>
			</trkpt>
			<trkpt lat="46.900913" lon="-121.655609">
				<ele>1380.407959</ele>
				<time>2026-06-15T22:37:19Z</time>
			</trkpt>
			<trkpt lat="46.900928" lon="-121.655556">
				<ele>1379.406494</ele>
				<time>2026-06-15T22:37:23Z</time>
			</trkpt>
			<trkpt lat="46.900944" lon="-121.655495">
				<ele>1379.172241</ele>
				<time>2026-06-15T22:37:27Z</time>
			</trkpt>
			<trkpt lat="46.900963" lon="-121.655434">
				<ele>1377.079834</ele>
				<time>2026-06-15T22:37:32Z</time>
			</trkpt>
			<trkpt lat="46.900963" lon="-121.655365">
				<ele>1378.4021</ele>
				<time>2026-06-15T22:37:36Z</time>
			</trkpt>
			<trkpt lat="46.900978" lon="-121.655289">
				<ele>1376.511597</ele>
				<time>2026-06-15T22:37:41Z</time>
			</trkpt>
			<trkpt lat="46.900978" lon="-121.655212">
				<ele>1376.505859</ele>
				<time>2026-06-15T22:37:45Z</time>
			</trkpt>
			<trkpt lat="46.901009" lon="-121.655144">
				<ele>1376.470703</ele>
				<time>2026-06-15T22:37:49Z</time>
			</trkpt>
			<trkpt lat="46.901005" lon="-121.65506">
				<ele>1377.540405</ele>
				<time>2026-06-15T22:37:53Z</time>
			</trkpt>
			<trkpt lat="46.901016" lon="-121.654999">
				<ele>1375.19104</ele>
				<time>2026-06-15T22:37:58Z</time>
			</trkpt>
			<trkpt lat="46.901031" lon="-121.654945">
				<ele>1374.432007</ele>
				<time>2026-06-15T22:38:02Z</time>
			</trkpt>
			<trkpt lat="46.901039" lon="-121.654892">
				<ele>1374.327271</ele>
				<time>2026-06-15T22:38:05Z</time>
			</trkpt>
			<trkpt lat="46.901051" lon="-121.654823">
				<ele>1374.480957</ele>
				<time>2026-06-15T22:38:09Z</time>
			</trkpt>
			<trkpt lat="46.901066" lon="-121.654762">
				<ele>1377.754395</ele>
				<time>2026-06-15T22:38:13Z</time>
			</trkpt>
			<trkpt lat="46.901077" lon="-121.654701">
				<ele>1376.324829</ele>
				<time>2026-06-15T22:38:17Z</time>
			</trkpt>
			<trkpt lat="46.901093" lon="-121.654648">
				<ele>1375.986084</ele>
				<time>2026-06-15T22:38:21Z</time>
			</trkpt>
			<trkpt lat="46.901108" lon="-121.654587">
				<ele>1377.772217</ele>
				<time>2026-06-15T22:38:24Z</time>
			</trkpt>
			<trkpt lat="46.901112" lon="-121.654533">
				<ele>1376.011841</ele>
				<time>2026-06-15T22:38:28Z</time>
			</trkpt>
			<trkpt lat="46.901104" lon="-121.654472">
				<ele>1375.579956</ele>
				<time>2026-06-15T22:38:32Z</time>
			</trkpt>
			<trkpt lat="46.901108" lon="-121.654427">
				<ele>1374.849731</ele>
				<time>2026-06-15T22:38:35Z</time>
			</trkpt>
			<trkpt lat="46.901108" lon="-121.654327">
				<ele>1375.638428</ele>
				<time>2026-06-15T22:38:41Z</time>
			</trkpt>
			<trkpt lat="46.901176" lon="-121.654182">
				<ele>1371.391113</ele>
				<time>2026-06-15T22:38:52Z</time>
			</trkpt>
			<trkpt lat="46.901199" lon="-121.654137">
				<ele>1371.507935</ele>
				<time>2026-06-15T22:38:55Z</time>
			</trkpt>
			<trkpt lat="46.901218" lon="-121.654076">
				<ele>1370.47168</ele>
				<time>2026-06-15T22:38:59Z</time>
			</trkpt>
			<trkpt lat="46.901211" lon="-121.654015">
				<ele>1371.831421</ele>
				<time>2026-06-15T22:39:03Z</time>
			</trkpt>
			<trkpt lat="46.901215" lon="-121.653885">
				<ele>1368.877441</ele>
				<time>2026-06-15T22:39:10Z</time>
			</trkpt>
			<trkpt lat="46.901199" lon="-121.653839">
				<ele>1370.299438</ele>
				<time>2026-06-15T22:39:12Z</time>
			</trkpt>
			<trkpt lat="46.901184" lon="-121.653786">
				<ele>1370.535278</ele>
				<time>2026-06-15T22:39:15Z</time>
			</trkpt>
			<trkpt lat="46.901188" lon="-121.653732">
				<ele>1369.508423</ele>
				<time>2026-06-15T22:39:20Z</time>
			</trkpt>
			<trkpt lat="46.90118" lon="-121.653671">
				<ele>1369.213135</ele>
				<time>2026-06-15T22:39:22Z</time>
			</trkpt>
			<trkpt lat="46.901173" lon="-121.653603">
				<ele>1370.230469</ele>
				<time>2026-06-15T22:39:26Z</time>
			</trkpt>
			<trkpt lat="46.901165" lon="-121.653549">
				<ele>1370.214233</ele>
				<time>2026-06-15T22:39:30Z</time>
			</trkpt>
			<trkpt lat="46.901165" lon="-121.653488">
				<ele>1368.959106</ele>
				<time>2026-06-15T22:39:33Z</time>
			</trkpt>
			<trkpt lat="46.901154" lon="-121.653419">
				<ele>1368.983521</ele>
				<time>2026-06-15T22:39:36Z</time>
			</trkpt>
			<trkpt lat="46.901138" lon="-121.653366">
				<ele>1370.645264</ele>
				<time>2026-06-15T22:39:38Z</time>
			</trkpt>
			<trkpt lat="46.90115" lon="-121.65332">
				<ele>1369.979858</ele>
				<time>2026-06-15T22:39:42Z</time>
			</trkpt>
			<trkpt lat="46.90115" lon="-121.653275">
				<ele>1367.876587</ele>
				<time>2026-06-15T22:39:46Z</time>
			</trkpt>
			<trkpt lat="46.901154" lon="-121.653229">
				<ele>1367.593384</ele>
				<time>2026-06-15T22:39:49Z</time>
			</trkpt>
			<trkpt lat="46.901169" lon="-121.653191">
				<ele>1366.441528</ele>
				<time>2026-06-15T22:39:52Z</time>
			</trkpt>
			<trkpt lat="46.901188" lon="-121.653084">
				<ele>1365.587891</ele>
				<time>2026-06-15T22:39:58Z</time>
			</trkpt>
			<trkpt lat="46.901199" lon="-121.653038">
				<ele>1362.996948</ele>
				<time>2026-06-15T22:40:03Z</time>
			</trkpt>
			<trkpt lat="46.901222" lon="-121.652924">
				<ele>1362.405518</ele>
				<time>2026-06-15T22:40:09Z</time>
			</trkpt>
			<trkpt lat="46.901237" lon="-121.65287">
				<ele>1363.541626</ele>
				<time>2026-06-15T22:40:13Z</time>
			</trkpt>
			<trkpt lat="46.901253" lon="-121.652817">
				<ele>1361.782104</ele>
				<time>2026-06-15T22:40:17Z</time>
			</trkpt>
			<trkpt lat="46.901253" lon="-121.652763">
				<ele>1362.349243</ele>
				<time>2026-06-15T22:40:20Z</time>
			</trkpt>
			<trkpt lat="46.901237" lon="-121.652702">
				<ele>1361.60791</ele>
				<time>2026-06-15T22:40:23Z</time>
			</trkpt>
			<trkpt lat="46.90123" lon="-121.652634">
				<ele>1361.952026</ele>
				<time>2026-06-15T22:40:26Z</time>
			</trkpt>
			<trkpt lat="46.901257" lon="-121.652519">
				<ele>1360.764893</ele>
				<time>2026-06-15T22:40:34Z</time>
			</trkpt>
			<trkpt lat="46.90126" lon="-121.652466">
				<ele>1361.340576</ele>
				<time>2026-06-15T22:40:37Z</time>
			</trkpt>
			<trkpt lat="46.901253" lon="-121.652351">
				<ele>1360.247681</ele>
				<time>2026-06-15T22:40:44Z</time>
			</trkpt>
			<trkpt lat="46.901241" lon="-121.65229">
				<ele>1360.806152</ele>
				<time>2026-06-15T22:40:48Z</time>
			</trkpt>
			<trkpt lat="46.901234" lon="-121.652229">
				<ele>1360.661743</ele>
				<time>2026-06-15T22:40:51Z</time>
			</trkpt>
			<trkpt lat="46.901264" lon="-121.652092">
				<ele>1358.391479</ele>
				<time>2026-06-15T22:40:59Z</time>
			</trkpt>
			<trkpt lat="46.901268" lon="-121.652031">
				<ele>1358.873779</ele>
				<time>2026-06-15T22:41:04Z</time>
			</trkpt>
			<trkpt lat="46.901287" lon="-121.651978">
				<ele>1358.864746</ele>
				<time>2026-06-15T22:41:08Z</time>
			</trkpt>
			<trkpt lat="46.901287" lon="-121.651909">
				<ele>1358.703125</ele>
				<time>2026-06-15T22:41:12Z</time>
			</trkpt>
			<trkpt lat="46.901299" lon="-121.65184">
				<ele>1357.874268</ele>
				<time>2026-06-15T22:41:16Z</time>
			</trkpt>
			<trkpt lat="46.901314" lon="-121.651779">
				<ele>1356.277344</ele>
				<time>2026-06-15T22:41:21Z</time>
			</trkpt>
			<trkpt lat="46.901321" lon="-121.651711">
				<ele>1356.136963</ele>
				<time>2026-06-15T22:41:25Z</time>
			</trkpt>
			<trkpt lat="46.901321" lon="-121.651642">
				<ele>1356.225098</ele>
				<time>2026-06-15T22:41:28Z</time>
			</trkpt>
			<trkpt lat="46.901318" lon="-121.651581">
				<ele>1354.96521</ele>
				<time>2026-06-15T22:41:32Z</time>
			</trkpt>
			<trkpt lat="46.901325" lon="-121.65152">
				<ele>1355.443481</ele>
				<time>2026-06-15T22:41:36Z</time>
			</trkpt>
			<trkpt lat="46.901352" lon="-121.651466">
				<ele>1356.513916</ele>
				<time>2026-06-15T22:41:40Z</time>
			</trkpt>
			<trkpt lat="46.901394" lon="-121.651428">
				<ele>1356.902588</ele>
				<time>2026-06-15T22:41:43Z</time>
			</trkpt>
			<trkpt lat="46.901409" lon="-121.651367">
				<ele>1358.13916</ele>
				<time>2026-06-15T22:41:48Z</time>
			</trkpt>
			<trkpt lat="46.901424" lon="-121.651299">
				<ele>1356.377563</ele>
				<time>2026-06-15T22:41:53Z</time>
			</trkpt>
			<trkpt lat="46.901424" lon="-121.65123">
				<ele>1357.955811</ele>
				<time>2026-06-15T22:41:57Z</time>
			</trkpt>
			<trkpt lat="46.901432" lon="-121.651169">
				<ele>1355.961792</ele>
				<time>2026-06-15T22:42:01Z</time>
			</trkpt>
			<trkpt lat="46.901451" lon="-121.6511">
				<ele>1354.88501</ele>
				<time>2026-06-15T22:42:05Z</time>
			</trkpt>
			<trkpt lat="46.901459" lon="-121.651024">
				<ele>1354.534058</ele>
				<time>2026-06-15T22:42:10Z</time>
			</trkpt>
			<trkpt lat="46.901451" lon="-121.650955">
				<ele>1355.22522</ele>
				<time>2026-06-15T22:42:14Z</time>
			</trkpt>
			<trkpt lat="46.901478" lon="-121.650902">
				<ele>1355.278076</ele>
				<time>2026-06-15T22:42:18Z</time>
			</trkpt>
			<trkpt lat="46.90152" lon="-121.650787">
				<ele>1353.928223</ele>
				<time>2026-06-15T22:42:26Z</time>
			</trkpt>
			<trkpt lat="46.901505" lon="-121.650711">
				<ele>1354.194214</ele>
				<time>2026-06-15T22:42:32Z</time>
			</trkpt>
			<trkpt lat="46.901421" lon="-121.650665">
				<ele>1353.107422</ele>
				<time>2026-06-15T22:42:40Z</time>
			</trkpt>
			<trkpt lat="46.901344" lon="-121.650551">
				<ele>1352.139038</ele>
				<time>2026-06-15T22:42:48Z</time>
			</trkpt>
			<trkpt lat="46.901318" lon="-121.650497">
				<ele>1351.965454</ele>
				<time>2026-06-15T22:42:53Z</time>
			</trkpt>
			<trkpt lat="46.90131" lon="-121.650421">
				<ele>1352.128906</ele>
				<time>2026-06-15T22:42:56Z</time>
			</trkpt>
			<trkpt lat="46.901299" lon="-121.650352">
				<ele>1350.313721</ele>
				<time>2026-06-15T22:43:01Z</time>
			</trkpt>
			<trkpt lat="46.901279" lon="-121.650284">
				<ele>1350.602295</ele>
				<time>2026-06-15T22:43:05Z</time>
			</trkpt>
			<trkpt lat="46.901257" lon="-121.650215">
				<ele>1350.441772</ele>
				<time>2026-06-15T22:43:10Z</time>
			</trkpt>
			<trkpt lat="46.901192" lon="-121.650093">
				<ele>1348.941284</ele>
				<time>2026-06-15T22:43:19Z</time>
			</trkpt>
			<trkpt lat="46.901188" lon="-121.650024">
				<ele>1348.02832</ele>
				<time>2026-06-15T22:43:24Z</time>
			</trkpt>
			<trkpt lat="46.90118" lon="-121.649956">
				<ele>1345.973633</ele>
				<time>2026-06-15T22:43:29Z</time>
			</trkpt>
			<trkpt lat="46.901173" lon="-121.649895">
				<ele>1345.927002</ele>
				<time>2026-06-15T22:43:32Z</time>
			</trkpt>
			<trkpt lat="46.901196" lon="-121.649765">
				<ele>1343.305542</ele>
				<time>2026-06-15T22:43:40Z</time>
			</trkpt>
			<trkpt lat="46.901196" lon="-121.649681">
				<ele>1342.883301</ele>
				<time>2026-06-15T22:43:45Z</time>
			</trkpt>
			<trkpt lat="46.901192" lon="-121.64959">
				<ele>1343.292725</ele>
				<time>2026-06-15T22:43:50Z</time>
			</trkpt>
			<trkpt lat="46.901188" lon="-121.649429">
				<ele>1340.092163</ele>
				<time>2026-06-15T22:43:59Z</time>
			</trkpt>
			<trkpt lat="46.901211" lon="-121.649292">
				<ele>1342.433472</ele>
				<time>2026-06-15T22:44:07Z</time>
			</trkpt>
			<trkpt lat="46.90123" lon="-121.649231">
				<ele>1341.117065</ele>
				<time>2026-06-15T22:44:11Z</time>
			</trkpt>
			<trkpt lat="46.901176" lon="-121.649139">
				<ele>1341.562378</ele>
				<time>2026-06-15T22:44:19Z</time>
			</trkpt>
			<trkpt lat="46.901165" lon="-121.649086">
				<ele>1339.456299</ele>
				<time>2026-06-15T22:44:23Z</time>
			</trkpt>
			<trkpt lat="46.90115" lon="-121.649025">
				<ele>1339.570557</ele>
				<time>2026-06-15T22:44:26Z</time>
			</trkpt>
			<trkpt lat="46.901146" lon="-121.648956">
				<ele>1337.210815</ele>
				<time>2026-06-15T22:44:30Z</time>
			</trkpt>
			<trkpt lat="46.901115" lon="-121.648918">
				<ele>1337.288696</ele>
				<time>2026-06-15T22:44:33Z</time>
			</trkpt>
			<trkpt lat="46.901104" lon="-121.648796">
				<ele>1335.802124</ele>
				<time>2026-06-15T22:44:41Z</time>
			</trkpt>
			<trkpt lat="46.901104" lon="-121.648735">
				<ele>1333.856079</ele>
				<time>2026-06-15T22:44:45Z</time>
			</trkpt>
			<trkpt lat="46.901104" lon="-121.648666">
				<ele>1333.625122</ele>
				<time>2026-06-15T22:44:49Z</time>
			</trkpt>
			<trkpt lat="46.901104" lon="-121.64859">
				<ele>1332.33667</ele>
				<time>2026-06-15T22:44:53Z</time>
			</trkpt>
			<trkpt lat="46.901104" lon="-121.64846">
				<ele>1330.870361</ele>
				<time>2026-06-15T22:45:01Z</time>
			</trkpt>
			<trkpt lat="46.901108" lon="-121.648376">
				<ele>1332.184082</ele>
				<time>2026-06-15T22:45:06Z</time>
			</trkpt>
			<trkpt lat="46.901115" lon="-121.648254">
				<ele>1330.56543</ele>
				<time>2026-06-15T22:45:13Z</time>
			</trkpt>
			<trkpt lat="46.901093" lon="-121.64817">
				<ele>1331.005127</ele>
				<time>2026-06-15T22:45:16Z</time>
			</trkpt>
			<trkpt lat="46.9011" lon="-121.648109">
				<ele>1330.842896</ele>
				<time>2026-06-15T22:45:19Z</time>
			</trkpt>
			<trkpt lat="46.901146" lon="-121.647995">
				<ele>1329.062622</ele>
				<time>2026-06-15T22:45:27Z</time>
			</trkpt>
			<trkpt lat="46.90115" lon="-121.647942">
				<ele>1329.952271</ele>
				<time>2026-06-15T22:45:30Z</time>
			</trkpt>
			<trkpt lat="46.901169" lon="-121.647881">
				<ele>1328.851318</ele>
				<time>2026-06-15T22:45:34Z</time>
			</trkpt>
			<trkpt lat="46.901184" lon="-121.64782">
				<ele>1329.082275</ele>
				<time>2026-06-15T22:45:38Z</time>
			</trkpt>
			<trkpt lat="46.901203" lon="-121.647766">
				<ele>1328.073975</ele>
				<time>2026-06-15T22:45:41Z</time>
			</trkpt>
			<trkpt lat="46.901222" lon="-121.64772">
				<ele>1329.002686</ele>
				<time>2026-06-15T22:45:45Z</time>
			</trkpt>
			<trkpt lat="46.901211" lon="-121.647644">
				<ele>1327.697754</ele>
				<time>2026-06-15T22:45:49Z</time>
			</trkpt>
			<trkpt lat="46.901226" lon="-121.647598">
				<ele>1329.266846</ele>
				<time>2026-06-15T22:45:52Z</time>
			</trkpt>
			<trkpt lat="46.901245" lon="-121.647545">
				<ele>1328.427002</ele>
				<time>2026-06-15T22:45:56Z</time>
			</trkpt>
			<trkpt lat="46.901241" lon="-121.647476">
				<ele>1328.989868</ele>
				<time>2026-06-15T22:46:00Z</time>
			</trkpt>
			<trkpt lat="46.901268" lon="-121.64743">
				<ele>1329.731689</ele>
				<time>2026-06-15T22:46:04Z</time>
			</trkpt>
			<trkpt lat="46.901287" lon="-121.647377">
				<ele>1329.264038</ele>
				<time>2026-06-15T22:46:07Z</time>
			</trkpt>
			<trkpt lat="46.901314" lon="-121.647331">
				<ele>1329.456299</ele>
				<time>2026-06-15T22:46:10Z</time>
			</trkpt>
			<trkpt lat="46.901321" lon="-121.647255">
				<ele>1327.795654</ele>
				<time>2026-06-15T22:46:14Z</time>
			</trkpt>
			<trkpt lat="46.901337" lon="-121.647194">
				<ele>1327.794189</ele>
				<time>2026-06-15T22:46:18Z</time>
			</trkpt>
			<trkpt lat="46.901379" lon="-121.647057">
				<ele>1325.381226</ele>
				<time>2026-06-15T22:46:27Z</time>
			</trkpt>
			<trkpt lat="46.901409" lon="-121.646965">
				<ele>1324.498657</ele>
				<time>2026-06-15T22:46:34Z</time>
			</trkpt>
			<trkpt lat="46.901424" lon="-121.646919">
				<ele>1324.554565</ele>
				<time>2026-06-15T22:46:37Z</time>
			</trkpt>
			<trkpt lat="46.901447" lon="-121.646866">
				<ele>1322.966064</ele>
				<time>2026-06-15T22:46:41Z</time>
			</trkpt>
			<trkpt lat="46.90147" lon="-121.64682">
				<ele>1322.597046</ele>
				<time>2026-06-15T22:46:44Z</time>
			</trkpt>
			<trkpt lat="46.901466" lon="-121.646767">
				<ele>1324.004272</ele>
				<time>2026-06-15T22:46:46Z</time>
			</trkpt>
			<trkpt lat="46.901482" lon="-121.646713">
				<ele>1323.890381</ele>
				<time>2026-06-15T22:46:50Z</time>
			</trkpt>
			<trkpt lat="46.901508" lon="-121.646675">
				<ele>1324.368774</ele>
				<time>2026-06-15T22:46:53Z</time>
			</trkpt>
			<trkpt lat="46.901516" lon="-121.646614">
				<ele>1324.5802</ele>
				<time>2026-06-15T22:46:57Z</time>
			</trkpt>
			<trkpt lat="46.901524" lon="-121.646492">
				<ele>1325.628418</ele>
				<time>2026-06-15T22:47:03Z</time>
			</trkpt>
			<trkpt lat="46.901577" lon="-121.646347">
				<ele>1321.307495</ele>
				<time>2026-06-15T22:47:13Z</time>
			</trkpt>
			<trkpt lat="46.901596" lon="-121.646248">
				<ele>1322.609741</ele>
				<time>2026-06-15T22:47:19Z</time>
			</trkpt>
			<trkpt lat="46.901634" lon="-121.646156">
				<ele>1320.739746</ele>
				<time>2026-06-15T22:47:27Z</time>
			</trkpt>
			<trkpt lat="46.901661" lon="-121.646111">
				<ele>1320.582886</ele>
				<time>2026-06-15T22:47:30Z</time>
			</trkpt>
			<trkpt lat="46.901672" lon="-121.646049">
				<ele>1320.993652</ele>
				<time>2026-06-15T22:47:33Z</time>
			</trkpt>
			<trkpt lat="46.901691" lon="-121.646004">
				<ele>1320.311035</ele>
				<time>2026-06-15T22:47:37Z</time>
			</trkpt>
			<trkpt lat="46.901703" lon="-121.64595">
				<ele>1320.21936</ele>
				<time>2026-06-15T22:47:40Z</time>
			</trkpt>
			<trkpt lat="46.901711" lon="-121.645897">
				<ele>1321.3573</ele>
				<time>2026-06-15T22:47:43Z</time>
			</trkpt>
			<trkpt lat="46.90173" lon="-121.64579">
				<ele>1319.609863</ele>
				<time>2026-06-15T22:47:49Z</time>
			</trkpt>
			<trkpt lat="46.901733" lon="-121.645737">
				<ele>1320.91333</ele>
				<time>2026-06-15T22:47:52Z</time>
			</trkpt>
			<trkpt lat="46.901749" lon="-121.645691">
				<ele>1320.273682</ele>
				<time>2026-06-15T22:47:55Z</time>
			</trkpt>
			<trkpt lat="46.90176" lon="-121.645645">
				<ele>1320.223999</ele>
				<time>2026-06-15T22:47:58Z</time>
			</trkpt>
			<trkpt lat="46.901772" lon="-121.645576">
				<ele>1320.533936</ele>
				<time>2026-06-15T22:48:01Z</time>
			</trkpt>
			<trkpt lat="46.901802" lon="-121.645477">
				<ele>1318.760986</ele>
				<time>2026-06-15T22:48:08Z</time>
			</trkpt>
			<trkpt lat="46.901814" lon="-121.645439">
				<ele>1318.558838</ele>
				<time>2026-06-15T22:48:11Z</time>
			</trkpt>
			<trkpt lat="46.901829" lon="-121.645393">
				<ele>1318.678223</ele>
				<time>2026-06-15T22:48:14Z</time>
			</trkpt>
			<trkpt lat="46.901844" lon="-121.645355">
				<ele>1318.57019</ele>
				<time>2026-06-15T22:48:17Z</time>
			</trkpt>
			<trkpt lat="46.901863" lon="-121.645317">
				<ele>1317.973145</ele>
				<time>2026-06-15T22:48:20Z</time>
			</trkpt>
			<trkpt lat="46.901875" lon="-121.645264">
				<ele>1318.466187</ele>
				<time>2026-06-15T22:48:23Z</time>
			</trkpt>
			<trkpt lat="46.901886" lon="-121.645218">
				<ele>1318.620972</ele>
				<time>2026-06-15T22:48:26Z</time>
			</trkpt>
			<trkpt lat="46.901897" lon="-121.645172">
				<ele>1318.629028</ele>
				<time>2026-06-15T22:48:29Z</time>
			</trkpt>
			<trkpt lat="46.901913" lon="-121.645119">
				<ele>1317.747559</ele>
				<time>2026-06-15T22:48:32Z</time>
			</trkpt>
			<trkpt lat="46.901932" lon="-121.645065">
				<ele>1318.025635</ele>
				<time>2026-06-15T22:48:35Z</time>
			</trkpt>
			<trkpt lat="46.901962" lon="-121.644981">
				<ele>1315.873047</ele>
				<time>2026-06-15T22:48:41Z</time>
			</trkpt>
			<trkpt lat="46.901974" lon="-121.644943">
				<ele>1316.700806</ele>
				<time>2026-06-15T22:48:43Z</time>
			</trkpt>
			<trkpt lat="46.901978" lon="-121.64489">
				<ele>1316.331055</ele>
				<time>2026-06-15T22:48:46Z</time>
			</trkpt>
			<trkpt lat="46.901985" lon="-121.644844">
				<ele>1315.416992</ele>
				<time>2026-06-15T22:48:49Z</time>
			</trkpt>
			<trkpt lat="46.901989" lon="-121.644798">
				<ele>1316.197876</ele>
				<time>2026-06-15T22:48:52Z</time>
			</trkpt>
			<trkpt lat="46.902016" lon="-121.644722">
				<ele>1315.616821</ele>
				<time>2026-06-15T22:48:57Z</time>
			</trkpt>
			<trkpt lat="46.902031" lon="-121.644684">
				<ele>1314.967651</ele>
				<time>2026-06-15T22:48:59Z</time>
			</trkpt>
			<trkpt lat="46.902039" lon="-121.64463">
				<ele>1315.116333</ele>
				<time>2026-06-15T22:49:03Z</time>
			</trkpt>
			<trkpt lat="46.902046" lon="-121.644585">
				<ele>1314.831299</ele>
				<time>2026-06-15T22:49:06Z</time>
			</trkpt>
			<trkpt lat="46.902061" lon="-121.644539">
				<ele>1315.319458</ele>
				<time>2026-06-15T22:49:09Z</time>
			</trkpt>
			<trkpt lat="46.902081" lon="-121.644508">
				<ele>1315.057983</ele>
				<time>2026-06-15T22:49:11Z</time>
			</trkpt>
			<trkpt lat="46.902081" lon="-121.644463">
				<ele>1315.298706</ele>
				<time>2026-06-15T22:49:13Z</time>
			</trkpt>
			<trkpt lat="46.902115" lon="-121.644379">
				<ele>1314.068604</ele>
				<time>2026-06-15T22:49:19Z</time>
			</trkpt>
			<trkpt lat="46.902134" lon="-121.644325">
				<ele>1313.710327</ele>
				<time>2026-06-15T22:49:22Z</time>
			</trkpt>
			<trkpt lat="46.902142" lon="-121.644287">
				<ele>1314.312134</ele>
				<time>2026-06-15T22:49:25Z</time>
			</trkpt>
			<trkpt lat="46.902145" lon="-121.644249">
				<ele>1313.674072</ele>
				<time>2026-06-15T22:49:27Z</time>
			</trkpt>
			<trkpt lat="46.902149" lon="-121.644203">
				<ele>1314.145874</ele>
				<time>2026-06-15T22:49:30Z</time>
			</trkpt>
			<trkpt lat="46.902164" lon="-121.644165">
				<ele>1313.81189</ele>
				<time>2026-06-15T22:49:32Z</time>
			</trkpt>
			<trkpt lat="46.90218" lon="-121.644089">
				<ele>1313.772827</ele>
				<time>2026-06-15T22:49:37Z</time>
			</trkpt>
			<trkpt lat="46.902187" lon="-121.644043">
				<ele>1313.576538</ele>
				<time>2026-06-15T22:49:40Z</time>
			</trkpt>
			<trkpt lat="46.902206" lon="-121.643967">
				<ele>1312.579468</ele>
				<time>2026-06-15T22:49:45Z</time>
			</trkpt>
			<trkpt lat="46.902218" lon="-121.643936">
				<ele>1312.666504</ele>
				<time>2026-06-15T22:49:47Z</time>
			</trkpt>
			<trkpt lat="46.902218" lon="-121.643898">
				<ele>1312.24585</ele>
				<time>2026-06-15T22:49:49Z</time>
			</trkpt>
			<trkpt lat="46.902225" lon="-121.643845">
				<ele>1312.699463</ele>
				<time>2026-06-15T22:49:52Z</time>
			</trkpt>
			<trkpt lat="46.902233" lon="-121.643799">
				<ele>1312.522827</ele>
				<time>2026-06-15T22:49:55Z</time>
			</trkpt>
			<trkpt lat="46.902241" lon="-121.643707">
				<ele>1310.390137</ele>
				<time>2026-06-15T22:50:01Z</time>
			</trkpt>
			<trkpt lat="46.902245" lon="-121.643661">
				<ele>1310.44104</ele>
				<time>2026-06-15T22:50:03Z</time>
			</trkpt>
			<trkpt lat="46.902248" lon="-121.643623">
				<ele>1310.270508</ele>
				<time>2026-06-15T22:50:06Z</time>
			</trkpt>
			<trkpt lat="46.902245" lon="-121.643509">
				<ele>1311.707886</ele>
				<time>2026-06-15T22:50:12Z</time>
			</trkpt>
			<trkpt lat="46.902233" lon="-121.643456">
				<ele>1312.262085</ele>
				<time>2026-06-15T22:50:15Z</time>
			</trkpt>
			<trkpt lat="46.902229" lon="-121.643402">
				<ele>1312.452637</ele>
				<time>2026-06-15T22:50:18Z</time>
			</trkpt>
			<trkpt lat="46.902229" lon="-121.643311">
				<ele>1311.455688</ele>
				<time>2026-06-15T22:50:24Z</time>
			</trkpt>
			<trkpt lat="46.902229" lon="-121.643257">
				<ele>1311.328247</ele>
				<time>2026-06-15T22:50:27Z</time>
			</trkpt>
			<trkpt lat="46.902233" lon="-121.643211">
				<ele>1312.150146</ele>
				<time>2026-06-15T22:50:30Z</time>
			</trkpt>
			<trkpt lat="46.902241" lon="-121.643166">
				<ele>1310.593872</ele>
				<time>2026-06-15T22:50:33Z</time>
			</trkpt>
			<trkpt lat="46.902233" lon="-121.643112">
				<ele>1310.771362</ele>
				<time>2026-06-15T22:50:36Z</time>
			</trkpt>
			<trkpt lat="46.902225" lon="-121.643066">
				<ele>1310.703735</ele>
				<time>2026-06-15T22:50:39Z</time>
			</trkpt>
			<trkpt lat="46.902229" lon="-121.642975">
				<ele>1308.647217</ele>
				<time>2026-06-15T22:50:45Z</time>
			</trkpt>
			<trkpt lat="46.902206" lon="-121.642937">
				<ele>1308.431152</ele>
				<time>2026-06-15T22:50:48Z</time>
			</trkpt>
			<trkpt lat="46.902172" lon="-121.642914">
				<ele>1308.494995</ele>
				<time>2026-06-15T22:50:51Z</time>
			</trkpt>
			<trkpt lat="46.902145" lon="-121.642891">
				<ele>1309.011475</ele>
				<time>2026-06-15T22:50:53Z</time>
			</trkpt>
			<trkpt lat="46.902111" lon="-121.642868">
				<ele>1311.092163</ele>
				<time>2026-06-15T22:50:56Z</time>
			</trkpt>
			<trkpt lat="46.902092" lon="-121.642838">
				<ele>1310.69165</ele>
				<time>2026-06-15T22:50:59Z</time>
			</trkpt>
			<trkpt lat="46.902081" lon="-121.642784">
				<ele>1310.62146</ele>
				<time>2026-06-15T22:51:02Z</time>
			</trkpt>
			<trkpt lat="46.902073" lon="-121.642746">
				<ele>1309.628174</ele>
				<time>2026-06-15T22:51:04Z</time>
			</trkpt>
			<trkpt lat="46.902065" lon="-121.642708">
				<ele>1309.415161</ele>
				<time>2026-06-15T22:51:06Z</time>
			</trkpt>
			<trkpt lat="46.902061" lon="-121.642647">
				<ele>1309.592896</ele>
				<time>2026-06-15T22:51:09Z</time>
			</trkpt>
			<trkpt lat="46.902058" lon="-121.642609">
				<ele>1309.540527</ele>
				<time>2026-06-15T22:51:11Z</time>
			</trkpt>
			<trkpt lat="46.902058" lon="-121.642525">
				<ele>1309.188965</ele>
				<time>2026-06-15T22:51:16Z</time>
			</trkpt>
			<trkpt lat="46.90205" lon="-121.642471">
				<ele>1309.099121</ele>
				<time>2026-06-15T22:51:19Z</time>
			</trkpt>
			<trkpt lat="46.90205" lon="-121.642418">
				<ele>1309.248657</ele>
				<time>2026-06-15T22:51:22Z</time>
			</trkpt>
			<trkpt lat="46.902054" lon="-121.64238">
				<ele>1308.881348</ele>
				<time>2026-06-15T22:51:25Z</time>
			</trkpt>
			<trkpt lat="46.902042" lon="-121.642334">
				<ele>1309.119019</ele>
				<time>2026-06-15T22:51:28Z</time>
			</trkpt>
			<trkpt lat="46.902042" lon="-121.642281">
				<ele>1307.746948</ele>
				<time>2026-06-15T22:51:31Z</time>
			</trkpt>
			<trkpt lat="46.902035" lon="-121.642235">
				<ele>1307.876465</ele>
				<time>2026-06-15T22:51:34Z</time>
			</trkpt>
			<trkpt lat="46.902035" lon="-121.642181">
				<ele>1306.806519</ele>
				<time>2026-06-15T22:51:37Z</time>
			</trkpt>
			<trkpt lat="46.902027" lon="-121.642113">
				<ele>1307.330566</ele>
				<time>2026-06-15T22:51:40Z</time>
			</trkpt>
			<trkpt lat="46.902027" lon="-121.642067">
				<ele>1306.764038</ele>
				<time>2026-06-15T22:51:44Z</time>
			</trkpt>
			<trkpt lat="46.902023" lon="-121.642029">
				<ele>1306.802856</ele>
				<time>2026-06-15T22:51:48Z</time>
			</trkpt>
			<trkpt lat="46.902" lon="-121.641998">
				<ele>1304.643311</ele>
				<time>2026-06-15T22:52:14Z</time>
			</trkpt>
			<trkpt lat="46.902031" lon="-121.642021">
				<ele>1306.836426</ele>
				<time>2026-06-15T22:52:28Z</time>
			</trkpt>
			<trkpt lat="46.901974" lon="-121.641983">
				<ele>1305.321777</ele>
				<time>2026-06-15T22:58:31Z</time>
			</trkpt>
		</trkseg>
	</trk>
</gpx>
