<?xml version="1.0" encoding="UTF-8"?>
<gpx xmlns:xsi="http://www.w3.org/2001/XMLSchema-instance" xmlns="http://www.topografix.com/GPX/1/1" xmlns:onx="http://www.onxmaps.com" xsi:schemaLocation="http://www.topografix.com/GPX/1/1 http://www.topografix.com/GPX/1/1/gpx.xsd " version="1.1" creator="onXmaps backcountry ios">
	<wpt lat="47.930391" lon="-123.738499">
		<time>2026-09-24T18:09:47Z</time>
		<name>Sol Duc River</name>
		<extensions>
			<onx:icon>Location</onx:icon>
			<onx:color>rgba(8, 122, 255, 1)</onx:color>
		</extensions>
	</wpt>
	<wpt lat="47.799016" lon="-123.682923">
		<time>2026-09-24T18:09:47Z</time>
		<name>Glacier Pass</name>
		<extensions>
			<onx:icon>Location</onx:icon>
			<onx:color>rgba(8, 122, 255, 1)</onx:color>
		</extensions>
	</wpt>
	<wpt lat="47.839576" lon="-123.57645">
		<time>2026-09-24T18:09:47Z</time>
		<name>Ferry Basin</name>
		<extensions>
			<onx:icon>Camp Backcountry</onx:icon>
			<onx:color>rgba(8, 122, 255, 1)</onx:color>
		</extensions>
	</wpt>
	<wpt lat="47.954884" lon="-123.834929">
		<time>2026-09-24T18:09:47Z</time>
		<name>FINISH</name>
		<extensions>
			<onx:icon>Trailhead</onx:icon>
			<onx:color>rgba(8, 122, 255, 1)</onx:color>
		</extensions>
	</wpt>
	<wpt lat="47.82399" lon="-123.681679">
		<time>2026-09-24T18:09:47Z</time>
		<name>Blue Glacier Moraine</name>
		<extensions>
			<onx:icon>Hazard</onx:icon>
			<onx:color>rgba(8, 122, 255, 1)</onx:color>
		</extensions>
	</wpt>
	<wpt lat="47.909784" lon="-123.733606">
		<time>2026-09-24T18:09:47Z</time>
		<name>Heart Lake</name>
		<extensions>
			<onx:icon>Water Source</onx:icon>
			<onx:color>rgba(8, 122, 255, 1)</onx:color>
		</extensions>
	</wpt>
	<wpt lat="47.800876" lon="-123.633184">
		<time>2026-09-24T18:09:47Z</time>
		<name>Aphrodite Canyon</name>
		<extensions>
			<onx:icon>Location</onx:icon>
			<onx:color>rgba(8, 122, 255, 1)</onx:color>
		</extensions>
	</wpt>
	<wpt lat="47.891025" lon="-123.669705">
		<time>2026-09-24T18:09:47Z</time>
		<name>Catwalk</name>
		<extensions>
			<onx:icon>Mountaineer</onx:icon>
			<onx:color>rgba(8, 122, 255, 1)</onx:color>
		</extensions>
	</wpt>
	<wpt lat="47.860398" lon="-123.934568">
		<time>2026-09-24T18:09:47Z</time>
		<name>START</name>
		<extensions>
			<onx:icon>Trailhead</onx:icon>
			<onx:color>rgba(8, 122, 255, 1)</onx:color>
		</extensions>
	</wpt>
	<wpt lat="47.876462" lon="-123.694639">
		<time>2026-09-24T18:09:47Z</time>
		<name>High Hoh Bridge</name>
		<extensions>
			<onx:icon>Footbridge</onx:icon>
			<onx:color>rgba(8, 122, 255, 1)</onx:color>
		</extensions>
	</wpt>
	<wpt lat="47.798829" lon="-123.586621">
		<time>2026-09-24T18:09:47Z</time>
		<name>Bear Pass</name>
		<extensions>
			<onx:icon>Location</onx:icon>
			<onx:color>rgba(8, 122, 255, 1)</onx:color>
		</extensions>
	</wpt>
	<wpt lat="47.794686" lon="-123.677766">
		<time>2026-09-24T18:09:47Z</time>
		<name>Hoh Glacier</name>
		<extensions>
			<onx:icon>Location</onx:icon>
			<onx:color>rgba(8, 122, 255, 1)</onx:color>
		</extensions>
	</wpt>
	<wpt lat="47.797215" lon="-123.664684">
		<time>2026-09-24T18:09:47Z</time>
		<name>Camp Pan</name>
		<extensions>
			<onx:icon>Camp Backcountry</onx:icon>
			<onx:color>rgba(8, 122, 255, 1)</onx:color>
		</extensions>
	</wpt>
	<wpt lat="47.890988" lon="-123.664591">
		<time>2026-09-24T18:09:47Z</time>
		<name>Boston Charlie's Camp</name>
		<desc>Boston Charlie's Camp is a campsite inside of Olympic National Park.Amenities: campsite</desc>
		<extensions>
			<onx:icon>Camp Backcountry</onx:icon>
			<onx:color>rgba(8, 122, 255, 1)</onx:color>
		</extensions>
	</wpt>
	<wpt lat="47.832693" lon="-123.691788">
		<time>2026-09-24T18:09:47Z</time>
		<name>Glacier Meadows Camp</name>
		<extensions>
			<onx:icon>Camp</onx:icon>
			<onx:color>rgba(8, 122, 255, 1)</onx:color>
		</extensions>
	</wpt>
	<wpt lat="47.801376" lon="-123.71084">
		<time>2026-09-24T18:09:47Z</time>
		<name>Mount Olympus</name>
		<extensions>
			<onx:icon>Summit</onx:icon>
			<onx:color>rgba(8, 122, 255, 1)</onx:color>
		</extensions>
	</wpt>
	<wpt lat="47.796253" lon="-123.650895">
		<time>2026-09-24T18:09:47Z</time>
		<name>Point 6270</name>
		<extensions>
			<onx:icon>Summit</onx:icon>
			<onx:color>rgba(8, 122, 255, 1)</onx:color>
		</extensions>
	</wpt>
	<wpt lat="47.807496" lon="-123.585437">
		<time>2026-09-24T18:09:47Z</time>
		<name>Camp 3</name>
		<extensions>
			<onx:icon>Camp Backcountry</onx:icon>
			<onx:color>rgba(8, 122, 255, 1)</onx:color>
		</extensions>
	</wpt>
	<wpt lat="47.882545" lon="-123.637629">
		<time>2026-09-24T18:09:47Z</time>
		<name>Camp 4</name>
		<extensions>
			<onx:icon>Camp Backcountry</onx:icon>
			<onx:color>rgba(8, 122, 255, 1)</onx:color>
		</extensions>
	</wpt>
	<wpt lat="47.888405" lon="-123.652983">
		<time>2026-09-24T18:09:47Z</time>
		<name>Andrew's Gully of Doom</name>
		<extensions>
			<onx:icon>Couloir</onx:icon>
			<onx:color>rgba(8, 122, 255, 1)</onx:color>
		</extensions>
	</wpt>
	<wpt lat="47.836774" lon="-123.692856">
		<time>2026-09-24T18:09:47Z</time>
		<name>Washout Ladder</name>
		<extensions>
			<onx:icon>Washout</onx:icon>
			<onx:color>rgba(8, 122, 255, 1)</onx:color>
		</extensions>
	</wpt>
	<wpt lat="47.812175" lon="-123.702398">
		<time>2026-09-24T18:09:47Z</time>
		<name>Snow Dome</name>
		<extensions>
			<onx:icon>Location</onx:icon>
			<onx:color>rgba(8, 122, 255, 1)</onx:color>
		</extensions>
	</wpt>
	<trk>
		<name>Olympus and Bailey Range June 2026</name>
		<extensions>
			<onx:style>dash</onx:style>
			<onx:weight>4.0</onx:weight>
			<onx:color>rgba(0, 255, 255, 1)</onx:color>
		</extensions>
		<trkseg>
			<trkpt lat="47.860714" lon="-123.93457">
				<ele>144.306366</ele>
				<time>2026-06-18T15:01:48Z</time>
			</trkpt>
			<trkpt lat="47.860664" lon="-123.934654">
				<ele>173.925659</ele>
				<time>2026-06-18T15:01:54Z</time>
			</trkpt>
			<trkpt lat="47.860466" lon="-123.934502">
				<ele>177.068253</ele>
				<time>2026-06-18T15:02:14Z</time>
			</trkpt>
			<trkpt lat="47.860439" lon="-123.934448">
				<ele>177.197464</ele>
				<time>2026-06-18T15:02:17Z</time>
			</trkpt>
			<trkpt lat="47.860424" lon="-123.934387">
				<ele>173.174683</ele>
				<time>2026-06-18T15:02:21Z</time>
			</trkpt>
			<trkpt lat="47.860573" lon="-123.93412">
				<ele>176.889557</ele>
				<time>2026-06-18T15:02:38Z</time>
			</trkpt>
			<trkpt lat="47.860672" lon="-123.934074">
				<ele>175.486038</ele>
				<time>2026-06-18T15:02:45Z</time>
			</trkpt>
			<trkpt lat="47.860779" lon="-123.933937">
				<ele>178.997772</ele>
				<time>2026-06-18T15:02:57Z</time>
			</trkpt>
			<trkpt lat="47.860832" lon="-123.933807">
				<ele>177.883804</ele>
				<time>2026-06-18T15:03:05Z</time>
			</trkpt>
			<trkpt lat="47.861042" lon="-123.933678">
				<ele>180.147446</ele>
				<time>2026-06-18T15:03:25Z</time>
			</trkpt>
			<trkpt lat="47.861141" lon="-123.93351">
				<ele>178.698486</ele>
				<time>2026-06-18T15:03:40Z</time>
			</trkpt>
			<trkpt lat="47.861168" lon="-123.933319">
				<ele>180.192978</ele>
				<time>2026-06-18T15:03:54Z</time>
			</trkpt>
			<trkpt lat="47.861168" lon="-123.93325">
				<ele>179.184402</ele>
				<time>2026-06-18T15:03:57Z</time>
			</trkpt>
			<trkpt lat="47.861492" lon="-123.932976">
				<ele>187.93837</ele>
				<time>2026-06-18T15:04:59Z</time>
			</trkpt>
			<trkpt lat="47.861603" lon="-123.932579">
				<ele>185.761017</ele>
				<time>2026-06-18T15:05:25Z</time>
			</trkpt>
			<trkpt lat="47.861645" lon="-123.932457">
				<ele>189.982269</ele>
				<time>2026-06-18T15:05:33Z</time>
			</trkpt>
			<trkpt lat="47.861683" lon="-123.932251">
				<ele>187.464905</ele>
				<time>2026-06-18T15:05:48Z</time>
			</trkpt>
			<trkpt lat="47.861782" lon="-123.931999">
				<ele>193.467422</ele>
				<time>2026-06-18T15:06:03Z</time>
			</trkpt>
			<trkpt lat="47.861824" lon="-123.931946">
				<ele>190.125885</ele>
				<time>2026-06-18T15:06:07Z</time>
			</trkpt>
			<trkpt lat="47.861835" lon="-123.93174">
				<ele>193.455765</ele>
				<time>2026-06-18T15:06:20Z</time>
			</trkpt>
			<trkpt lat="47.861832" lon="-123.931671">
				<ele>191.037903</ele>
				<time>2026-06-18T15:06:23Z</time>
			</trkpt>
			<trkpt lat="47.861824" lon="-123.931602">
				<ele>194.110001</ele>
				<time>2026-06-18T15:06:27Z</time>
			</trkpt>
			<trkpt lat="47.862007" lon="-123.931229">
				<ele>190.18689</ele>
				<time>2026-06-18T15:06:48Z</time>
			</trkpt>
			<trkpt lat="47.862061" lon="-123.93119">
				<ele>190.79155</ele>
				<time>2026-06-18T15:06:53Z</time>
			</trkpt>
			<trkpt lat="47.862091" lon="-123.931114">
				<ele>190.763168</ele>
				<time>2026-06-18T15:06:58Z</time>
			</trkpt>
			<trkpt lat="47.862137" lon="-123.931">
				<ele>186.964798</ele>
				<time>2026-06-18T15:07:05Z</time>
			</trkpt>
			<trkpt lat="47.862244" lon="-123.930656">
				<ele>194.208572</ele>
				<time>2026-06-18T15:07:28Z</time>
			</trkpt>
			<trkpt lat="47.862286" lon="-123.930511">
				<ele>191.398056</ele>
				<time>2026-06-18T15:07:36Z</time>
			</trkpt>
			<trkpt lat="47.862301" lon="-123.930443">
				<ele>193.828476</ele>
				<time>2026-06-18T15:07:41Z</time>
			</trkpt>
			<trkpt lat="47.86232" lon="-123.930298">
				<ele>189.793152</ele>
				<time>2026-06-18T15:07:49Z</time>
			</trkpt>
			<trkpt lat="47.862381" lon="-123.930176">
				<ele>191.824829</ele>
				<time>2026-06-18T15:07:56Z</time>
			</trkpt>
			<trkpt lat="47.862404" lon="-123.930115">
				<ele>190.225403</ele>
				<time>2026-06-18T15:08:01Z</time>
			</trkpt>
			<trkpt lat="47.862434" lon="-123.930046">
				<ele>194.266418</ele>
				<time>2026-06-18T15:08:06Z</time>
			</trkpt>
			<trkpt lat="47.862614" lon="-123.929672">
				<ele>188.818909</ele>
				<time>2026-06-18T15:08:29Z</time>
			</trkpt>
			<trkpt lat="47.862705" lon="-123.929497">
				<ele>191.147354</ele>
				<time>2026-06-18T15:08:43Z</time>
			</trkpt>
			<trkpt lat="47.862801" lon="-123.929337">
				<ele>189.558212</ele>
				<time>2026-06-18T15:08:54Z</time>
			</trkpt>
			<trkpt lat="47.862885" lon="-123.929237">
				<ele>191.003143</ele>
				<time>2026-06-18T15:09:02Z</time>
			</trkpt>
			<trkpt lat="47.862946" lon="-123.929131">
				<ele>190.034729</ele>
				<time>2026-06-18T15:09:09Z</time>
			</trkpt>
			<trkpt lat="47.863068" lon="-123.928879">
				<ele>194.675385</ele>
				<time>2026-06-18T15:09:29Z</time>
			</trkpt>
			<trkpt lat="47.863102" lon="-123.928688">
				<ele>193.329941</ele>
				<time>2026-06-18T15:09:41Z</time>
			</trkpt>
			<trkpt lat="47.863136" lon="-123.928642">
				<ele>193.817154</ele>
				<time>2026-06-18T15:09:44Z</time>
			</trkpt>
			<trkpt lat="47.863201" lon="-123.928528">
				<ele>189.969009</ele>
				<time>2026-06-18T15:09:52Z</time>
			</trkpt>
			<trkpt lat="47.863243" lon="-123.928467">
				<ele>192.019791</ele>
				<time>2026-06-18T15:09:56Z</time>
			</trkpt>
			<trkpt lat="47.863277" lon="-123.928429">
				<ele>191.921265</ele>
				<time>2026-06-18T15:10:00Z</time>
			</trkpt>
			<trkpt lat="47.863316" lon="-123.928391">
				<ele>189.412323</ele>
				<time>2026-06-18T15:10:03Z</time>
			</trkpt>
			<trkpt lat="47.863419" lon="-123.928093">
				<ele>194.631104</ele>
				<time>2026-06-18T15:10:27Z</time>
			</trkpt>
			<trkpt lat="47.863445" lon="-123.928024">
				<ele>194.748917</ele>
				<time>2026-06-18T15:10:31Z</time>
			</trkpt>
			<trkpt lat="47.863464" lon="-123.927948">
				<ele>192.800079</ele>
				<time>2026-06-18T15:10:35Z</time>
			</trkpt>
			<trkpt lat="47.863491" lon="-123.927887">
				<ele>195.30043</ele>
				<time>2026-06-18T15:10:38Z</time>
			</trkpt>
			<trkpt lat="47.863529" lon="-123.927834">
				<ele>193.511139</ele>
				<time>2026-06-18T15:10:42Z</time>
			</trkpt>
			<trkpt lat="47.863609" lon="-123.927673">
				<ele>195.313019</ele>
				<time>2026-06-18T15:10:53Z</time>
			</trkpt>
			<trkpt lat="47.863689" lon="-123.927483">
				<ele>191.454544</ele>
				<time>2026-06-18T15:11:05Z</time>
			</trkpt>
			<trkpt lat="47.863857" lon="-123.927132">
				<ele>199.350006</ele>
				<time>2026-06-18T15:11:32Z</time>
			</trkpt>
			<trkpt lat="47.863953" lon="-123.926773">
				<ele>194.474594</ele>
				<time>2026-06-18T15:11:50Z</time>
			</trkpt>
			<trkpt lat="47.864014" lon="-123.926674">
				<ele>194.918427</ele>
				<time>2026-06-18T15:11:59Z</time>
			</trkpt>
			<trkpt lat="47.864033" lon="-123.926598">
				<ele>191.188614</ele>
				<time>2026-06-18T15:12:04Z</time>
			</trkpt>
			<trkpt lat="47.864094" lon="-123.926399">
				<ele>198.418427</ele>
				<time>2026-06-18T15:12:18Z</time>
			</trkpt>
			<trkpt lat="47.864189" lon="-123.926178">
				<ele>190.474365</ele>
				<time>2026-06-18T15:12:32Z</time>
			</trkpt>
			<trkpt lat="47.864204" lon="-123.925896">
				<ele>199.580368</ele>
				<time>2026-06-18T15:12:53Z</time>
			</trkpt>
			<trkpt lat="47.86422" lon="-123.925827">
				<ele>196.446976</ele>
				<time>2026-06-18T15:12:57Z</time>
			</trkpt>
			<trkpt lat="47.864288" lon="-123.925659">
				<ele>200.104904</ele>
				<time>2026-06-18T15:13:09Z</time>
			</trkpt>
			<trkpt lat="47.864353" lon="-123.925392">
				<ele>194.278992</ele>
				<time>2026-06-18T15:13:26Z</time>
			</trkpt>
			<trkpt lat="47.864372" lon="-123.925255">
				<ele>197.029739</ele>
				<time>2026-06-18T15:13:35Z</time>
			</trkpt>
			<trkpt lat="47.864429" lon="-123.925125">
				<ele>195.252884</ele>
				<time>2026-06-18T15:13:49Z</time>
			</trkpt>
			<trkpt lat="47.864437" lon="-123.925056">
				<ele>197.811768</ele>
				<time>2026-06-18T15:13:53Z</time>
			</trkpt>
			<trkpt lat="47.864452" lon="-123.924988">
				<ele>196.327957</ele>
				<time>2026-06-18T15:13:57Z</time>
			</trkpt>
			<trkpt lat="47.864513" lon="-123.924889">
				<ele>197.617493</ele>
				<time>2026-06-18T15:14:06Z</time>
			</trkpt>
			<trkpt lat="47.86462" lon="-123.924706">
				<ele>196.587845</ele>
				<time>2026-06-18T15:14:18Z</time>
			</trkpt>
			<trkpt lat="47.864639" lon="-123.924629">
				<ele>200.470322</ele>
				<time>2026-06-18T15:14:22Z</time>
			</trkpt>
			<trkpt lat="47.864662" lon="-123.924576">
				<ele>197.264786</ele>
				<time>2026-06-18T15:14:25Z</time>
			</trkpt>
			<trkpt lat="47.86467" lon="-123.924347">
				<ele>201.883484</ele>
				<time>2026-06-18T15:14:39Z</time>
			</trkpt>
			<trkpt lat="47.864677" lon="-123.924278">
				<ele>198.826935</ele>
				<time>2026-06-18T15:14:44Z</time>
			</trkpt>
			<trkpt lat="47.864681" lon="-123.924133">
				<ele>198.378067</ele>
				<time>2026-06-18T15:14:53Z</time>
			</trkpt>
			<trkpt lat="47.864689" lon="-123.924004">
				<ele>201.255173</ele>
				<time>2026-06-18T15:15:01Z</time>
			</trkpt>
			<trkpt lat="47.864689" lon="-123.923935">
				<ele>198.350006</ele>
				<time>2026-06-18T15:15:06Z</time>
			</trkpt>
			<trkpt lat="47.864708" lon="-123.923782">
				<ele>203.778458</ele>
				<time>2026-06-18T15:15:15Z</time>
			</trkpt>
			<trkpt lat="47.864765" lon="-123.923523">
				<ele>201.160812</ele>
				<time>2026-06-18T15:15:30Z</time>
			</trkpt>
			<trkpt lat="47.864792" lon="-123.92337">
				<ele>193.473587</ele>
				<time>2026-06-18T15:15:38Z</time>
			</trkpt>
			<trkpt lat="47.864811" lon="-123.923302">
				<ele>193.4245</ele>
				<time>2026-06-18T15:15:42Z</time>
			</trkpt>
			<trkpt lat="47.864819" lon="-123.923225">
				<ele>194.773544</ele>
				<time>2026-06-18T15:15:46Z</time>
			</trkpt>
			<trkpt lat="47.86483" lon="-123.92308">
				<ele>191.757172</ele>
				<time>2026-06-18T15:15:56Z</time>
			</trkpt>
			<trkpt lat="47.864815" lon="-123.922951">
				<ele>196.308044</ele>
				<time>2026-06-18T15:16:06Z</time>
			</trkpt>
			<trkpt lat="47.86488" lon="-123.922752">
				<ele>197.104568</ele>
				<time>2026-06-18T15:16:17Z</time>
			</trkpt>
			<trkpt lat="47.864925" lon="-123.922516">
				<ele>193.654633</ele>
				<time>2026-06-18T15:16:29Z</time>
			</trkpt>
			<trkpt lat="47.864929" lon="-123.922447">
				<ele>198.482681</ele>
				<time>2026-06-18T15:16:33Z</time>
			</trkpt>
			<trkpt lat="47.864956" lon="-123.922157">
				<ele>201.193344</ele>
				<time>2026-06-18T15:16:53Z</time>
			</trkpt>
			<trkpt lat="47.865047" lon="-123.921829">
				<ele>194.503952</ele>
				<time>2026-06-18T15:17:12Z</time>
			</trkpt>
			<trkpt lat="47.865131" lon="-123.921486">
				<ele>199.972122</ele>
				<time>2026-06-18T15:17:32Z</time>
			</trkpt>
			<trkpt lat="47.865158" lon="-123.921349">
				<ele>198.662781</ele>
				<time>2026-06-18T15:17:42Z</time>
			</trkpt>
			<trkpt lat="47.865177" lon="-123.921288">
				<ele>201.55014</ele>
				<time>2026-06-18T15:17:47Z</time>
			</trkpt>
			<trkpt lat="47.865261" lon="-123.921158">
				<ele>198.087708</ele>
				<time>2026-06-18T15:17:53Z</time>
			</trkpt>
			<trkpt lat="47.865288" lon="-123.921104">
				<ele>201.988632</ele>
				<time>2026-06-18T15:17:58Z</time>
			</trkpt>
			<trkpt lat="47.86541" lon="-123.920998">
				<ele>197.824295</ele>
				<time>2026-06-18T15:18:11Z</time>
			</trkpt>
			<trkpt lat="47.865429" lon="-123.920921">
				<ele>200.618347</ele>
				<time>2026-06-18T15:18:15Z</time>
			</trkpt>
			<trkpt lat="47.865494" lon="-123.92057">
				<ele>195.96991</ele>
				<time>2026-06-18T15:18:36Z</time>
			</trkpt>
			<trkpt lat="47.865486" lon="-123.920273">
				<ele>203.212616</ele>
				<time>2026-06-18T15:18:50Z</time>
			</trkpt>
			<trkpt lat="47.86554" lon="-123.919991">
				<ele>194.563553</ele>
				<time>2026-06-18T15:19:06Z</time>
			</trkpt>
			<trkpt lat="47.865585" lon="-123.919868">
				<ele>197.808258</ele>
				<time>2026-06-18T15:19:14Z</time>
			</trkpt>
			<trkpt lat="47.865623" lon="-123.919754">
				<ele>195.665894</ele>
				<time>2026-06-18T15:19:21Z</time>
			</trkpt>
			<trkpt lat="47.865662" lon="-123.919617">
				<ele>197.314758</ele>
				<time>2026-06-18T15:19:30Z</time>
			</trkpt>
			<trkpt lat="47.865692" lon="-123.919487">
				<ele>195.42627</ele>
				<time>2026-06-18T15:19:38Z</time>
			</trkpt>
			<trkpt lat="47.865841" lon="-123.919044">
				<ele>199.7379</ele>
				<time>2026-06-18T15:20:06Z</time>
			</trkpt>
			<trkpt lat="47.865932" lon="-123.918793">
				<ele>194.580643</ele>
				<time>2026-06-18T15:20:22Z</time>
			</trkpt>
			<trkpt lat="47.865967" lon="-123.918663">
				<ele>197.446869</ele>
				<time>2026-06-18T15:20:29Z</time>
			</trkpt>
			<trkpt lat="47.865967" lon="-123.918396">
				<ele>193.24707</ele>
				<time>2026-06-18T15:20:45Z</time>
			</trkpt>
			<trkpt lat="47.86594" lon="-123.918327">
				<ele>192.973145</ele>
				<time>2026-06-18T15:20:49Z</time>
			</trkpt>
			<trkpt lat="47.865936" lon="-123.918251">
				<ele>195.1017</ele>
				<time>2026-06-18T15:20:53Z</time>
			</trkpt>
			<trkpt lat="47.865917" lon="-123.918114">
				<ele>192.935699</ele>
				<time>2026-06-18T15:21:03Z</time>
			</trkpt>
			<trkpt lat="47.865883" lon="-123.9179">
				<ele>200.708054</ele>
				<time>2026-06-18T15:21:16Z</time>
			</trkpt>
			<trkpt lat="47.865883" lon="-123.917747">
				<ele>195.262848</ele>
				<time>2026-06-18T15:21:24Z</time>
			</trkpt>
			<trkpt lat="47.865833" lon="-123.917389">
				<ele>201.120331</ele>
				<time>2026-06-18T15:21:46Z</time>
			</trkpt>
			<trkpt lat="47.865784" lon="-123.917099">
				<ele>197.57254</ele>
				<time>2026-06-18T15:22:02Z</time>
			</trkpt>
			<trkpt lat="47.865776" lon="-123.916954">
				<ele>198.584991</ele>
				<time>2026-06-18T15:22:10Z</time>
			</trkpt>
			<trkpt lat="47.865784" lon="-123.916794">
				<ele>193.423828</ele>
				<time>2026-06-18T15:22:18Z</time>
			</trkpt>
			<trkpt lat="47.865692" lon="-123.916161">
				<ele>202.874054</ele>
				<time>2026-06-18T15:22:59Z</time>
			</trkpt>
			<trkpt lat="47.865532" lon="-123.91555">
				<ele>194.424728</ele>
				<time>2026-06-18T15:23:35Z</time>
			</trkpt>
			<trkpt lat="47.865444" lon="-123.915398">
				<ele>201.763229</ele>
				<time>2026-06-18T15:23:50Z</time>
			</trkpt>
			<trkpt lat="47.865364" lon="-123.915146">
				<ele>196.342468</ele>
				<time>2026-06-18T15:24:05Z</time>
			</trkpt>
			<trkpt lat="47.865349" lon="-123.915077">
				<ele>197.097321</ele>
				<time>2026-06-18T15:24:09Z</time>
			</trkpt>
			<trkpt lat="47.865326" lon="-123.914948">
				<ele>195.699203</ele>
				<time>2026-06-18T15:24:18Z</time>
			</trkpt>
			<trkpt lat="47.86525" lon="-123.914772">
				<ele>199.969299</ele>
				<time>2026-06-18T15:24:32Z</time>
			</trkpt>
			<trkpt lat="47.865253" lon="-123.914688">
				<ele>200.304825</ele>
				<time>2026-06-18T15:24:35Z</time>
			</trkpt>
			<trkpt lat="47.865242" lon="-123.914627">
				<ele>199.833939</ele>
				<time>2026-06-18T15:24:39Z</time>
			</trkpt>
			<trkpt lat="47.865234" lon="-123.914551">
				<ele>200.469238</ele>
				<time>2026-06-18T15:24:42Z</time>
			</trkpt>
			<trkpt lat="47.865234" lon="-123.914047">
				<ele>191.194443</ele>
				<time>2026-06-18T15:25:07Z</time>
			</trkpt>
			<trkpt lat="47.865131" lon="-123.913681">
				<ele>202.308029</ele>
				<time>2026-06-18T15:25:33Z</time>
			</trkpt>
			<trkpt lat="47.865112" lon="-123.91362">
				<ele>201.040741</ele>
				<time>2026-06-18T15:25:37Z</time>
			</trkpt>
			<trkpt lat="47.865082" lon="-123.913567">
				<ele>202.282181</ele>
				<time>2026-06-18T15:25:41Z</time>
			</trkpt>
			<trkpt lat="47.865059" lon="-123.913399">
				<ele>200.159531</ele>
				<time>2026-06-18T15:25:52Z</time>
			</trkpt>
			<trkpt lat="47.865067" lon="-123.913315">
				<ele>201.010544</ele>
				<time>2026-06-18T15:25:56Z</time>
			</trkpt>
			<trkpt lat="47.865074" lon="-123.913017">
				<ele>195.821732</ele>
				<time>2026-06-18T15:26:15Z</time>
			</trkpt>
			<trkpt lat="47.865105" lon="-123.912857">
				<ele>198.541122</ele>
				<time>2026-06-18T15:26:24Z</time>
			</trkpt>
			<trkpt lat="47.865116" lon="-123.912628">
				<ele>197.630798</ele>
				<time>2026-06-18T15:26:37Z</time>
			</trkpt>
			<trkpt lat="47.865101" lon="-123.912262">
				<ele>191.953201</ele>
				<time>2026-06-18T15:26:57Z</time>
			</trkpt>
			<trkpt lat="47.865082" lon="-123.912201">
				<ele>192.4077</ele>
				<time>2026-06-18T15:27:01Z</time>
			</trkpt>
			<trkpt lat="47.865078" lon="-123.912125">
				<ele>188.44635</ele>
				<time>2026-06-18T15:27:05Z</time>
			</trkpt>
			<trkpt lat="47.865005" lon="-123.911797">
				<ele>199.755066</ele>
				<time>2026-06-18T15:27:27Z</time>
			</trkpt>
			<trkpt lat="47.864998" lon="-123.911636">
				<ele>196.349091</ele>
				<time>2026-06-18T15:27:35Z</time>
			</trkpt>
			<trkpt lat="47.864845" lon="-123.911201">
				<ele>202.810791</ele>
				<time>2026-06-18T15:28:04Z</time>
			</trkpt>
			<trkpt lat="47.864834" lon="-123.911057">
				<ele>199.932358</ele>
				<time>2026-06-18T15:28:12Z</time>
			</trkpt>
			<trkpt lat="47.864826" lon="-123.910988">
				<ele>199.944016</ele>
				<time>2026-06-18T15:28:15Z</time>
			</trkpt>
			<trkpt lat="47.864799" lon="-123.910927">
				<ele>206.111481</ele>
				<time>2026-06-18T15:28:21Z</time>
			</trkpt>
			<trkpt lat="47.864796" lon="-123.910606">
				<ele>202.672012</ele>
				<time>2026-06-18T15:28:39Z</time>
			</trkpt>
			<trkpt lat="47.864819" lon="-123.910538">
				<ele>203.226517</ele>
				<time>2026-06-18T15:28:43Z</time>
			</trkpt>
			<trkpt lat="47.864944" lon="-123.910332">
				<ele>195.734024</ele>
				<time>2026-06-18T15:28:57Z</time>
			</trkpt>
			<trkpt lat="47.864986" lon="-123.910294">
				<ele>198.429718</ele>
				<time>2026-06-18T15:29:00Z</time>
			</trkpt>
			<trkpt lat="47.865128" lon="-123.910133">
				<ele>195.511978</ele>
				<time>2026-06-18T15:29:16Z</time>
			</trkpt>
			<trkpt lat="47.865276" lon="-123.909966">
				<ele>197.004257</ele>
				<time>2026-06-18T15:29:31Z</time>
			</trkpt>
			<trkpt lat="47.865314" lon="-123.909912">
				<ele>201.797409</ele>
				<time>2026-06-18T15:29:36Z</time>
			</trkpt>
			<trkpt lat="47.86536" lon="-123.909737">
				<ele>197.633286</ele>
				<time>2026-06-18T15:29:50Z</time>
			</trkpt>
			<trkpt lat="47.865345" lon="-123.909431">
				<ele>204.264572</ele>
				<time>2026-06-18T15:30:12Z</time>
			</trkpt>
			<trkpt lat="47.865345" lon="-123.909271">
				<ele>199.008453</ele>
				<time>2026-06-18T15:30:22Z</time>
			</trkpt>
			<trkpt lat="47.865192" lon="-123.908905">
				<ele>205.393967</ele>
				<time>2026-06-18T15:30:52Z</time>
			</trkpt>
			<trkpt lat="47.865147" lon="-123.908775">
				<ele>201.385193</ele>
				<time>2026-06-18T15:31:00Z</time>
			</trkpt>
			<trkpt lat="47.865089" lon="-123.908676">
				<ele>203.883224</ele>
				<time>2026-06-18T15:31:06Z</time>
			</trkpt>
			<trkpt lat="47.865089" lon="-123.908539">
				<ele>203.125183</ele>
				<time>2026-06-18T15:31:13Z</time>
			</trkpt>
			<trkpt lat="47.865105" lon="-123.908302">
				<ele>197.192612</ele>
				<time>2026-06-18T15:31:22Z</time>
			</trkpt>
			<trkpt lat="47.865128" lon="-123.908234">
				<ele>201.092865</ele>
				<time>2026-06-18T15:31:26Z</time>
			</trkpt>
			<trkpt lat="47.865192" lon="-123.908051">
				<ele>195.575531</ele>
				<time>2026-06-18T15:31:40Z</time>
			</trkpt>
			<trkpt lat="47.865185" lon="-123.907852">
				<ele>201.10144</ele>
				<time>2026-06-18T15:31:57Z</time>
			</trkpt>
			<trkpt lat="47.86544" lon="-123.907585">
				<ele>193.29776</ele>
				<time>2026-06-18T15:32:21Z</time>
			</trkpt>
			<trkpt lat="47.86552" lon="-123.907364">
				<ele>199.355331</ele>
				<time>2026-06-18T15:32:42Z</time>
			</trkpt>
			<trkpt lat="47.865486" lon="-123.907318">
				<ele>198.72052</ele>
				<time>2026-06-18T15:32:47Z</time>
			</trkpt>
			<trkpt lat="47.86541" lon="-123.90715">
				<ele>201.236923</ele>
				<time>2026-06-18T15:32:59Z</time>
			</trkpt>
			<trkpt lat="47.865379" lon="-123.907013">
				<ele>199.95871</ele>
				<time>2026-06-18T15:33:07Z</time>
			</trkpt>
			<trkpt lat="47.865337" lon="-123.906822">
				<ele>204.161301</ele>
				<time>2026-06-18T15:33:20Z</time>
			</trkpt>
			<trkpt lat="47.865391" lon="-123.906616">
				<ele>198.917679</ele>
				<time>2026-06-18T15:33:30Z</time>
			</trkpt>
			<trkpt lat="47.865402" lon="-123.906403">
				<ele>203.506973</ele>
				<time>2026-06-18T15:33:47Z</time>
			</trkpt>
			<trkpt lat="47.865448" lon="-123.906288">
				<ele>201.154709</ele>
				<time>2026-06-18T15:33:56Z</time>
			</trkpt>
			<trkpt lat="47.865524" lon="-123.906219">
				<ele>204.184143</ele>
				<time>2026-06-18T15:34:11Z</time>
			</trkpt>
			<trkpt lat="47.865562" lon="-123.906189">
				<ele>199.966858</ele>
				<time>2026-06-18T15:34:15Z</time>
			</trkpt>
			<trkpt lat="47.86565" lon="-123.906128">
				<ele>202.216141</ele>
				<time>2026-06-18T15:34:31Z</time>
			</trkpt>
			<trkpt lat="47.865692" lon="-123.906105">
				<ele>199.688126</ele>
				<time>2026-06-18T15:35:12Z</time>
			</trkpt>
			<trkpt lat="47.865662" lon="-123.906181">
				<ele>206.417511</ele>
				<time>2026-06-18T15:36:13Z</time>
			</trkpt>
			<trkpt lat="47.865822" lon="-123.906021">
				<ele>203.343918</ele>
				<time>2026-06-18T15:37:19Z</time>
			</trkpt>
			<trkpt lat="47.865948" lon="-123.905937">
				<ele>209.950302</ele>
				<time>2026-06-18T15:37:34Z</time>
			</trkpt>
			<trkpt lat="47.866043" lon="-123.905899">
				<ele>208.223755</ele>
				<time>2026-06-18T15:37:43Z</time>
			</trkpt>
			<trkpt lat="47.866158" lon="-123.905777">
				<ele>211.051346</ele>
				<time>2026-06-18T15:37:55Z</time>
			</trkpt>
			<trkpt lat="47.866287" lon="-123.905716">
				<ele>206.334076</ele>
				<time>2026-06-18T15:38:10Z</time>
			</trkpt>
			<trkpt lat="47.866375" lon="-123.905701">
				<ele>212.140671</ele>
				<time>2026-06-18T15:38:19Z</time>
			</trkpt>
			<trkpt lat="47.866493" lon="-123.905563">
				<ele>207.840668</ele>
				<time>2026-06-18T15:38:33Z</time>
			</trkpt>
			<trkpt lat="47.866531" lon="-123.905434">
				<ele>213.251312</ele>
				<time>2026-06-18T15:38:45Z</time>
			</trkpt>
			<trkpt lat="47.866642" lon="-123.90522">
				<ele>208.508118</ele>
				<time>2026-06-18T15:38:59Z</time>
			</trkpt>
			<trkpt lat="47.866707" lon="-123.904961">
				<ele>219.160538</ele>
				<time>2026-06-18T15:39:23Z</time>
			</trkpt>
			<trkpt lat="47.86673" lon="-123.904823">
				<ele>222.16188</ele>
				<time>2026-06-18T15:39:32Z</time>
			</trkpt>
			<trkpt lat="47.866753" lon="-123.904762">
				<ele>220.241302</ele>
				<time>2026-06-18T15:39:36Z</time>
			</trkpt>
			<trkpt lat="47.866848" lon="-123.904518">
				<ele>226.639252</ele>
				<time>2026-06-18T15:40:02Z</time>
			</trkpt>
			<trkpt lat="47.866936" lon="-123.903923">
				<ele>216.603638</ele>
				<time>2026-06-18T15:40:44Z</time>
			</trkpt>
			<trkpt lat="47.866913" lon="-123.903801">
				<ele>222.910141</ele>
				<time>2026-06-18T15:40:58Z</time>
			</trkpt>
			<trkpt lat="47.866905" lon="-123.90374">
				<ele>223.100693</ele>
				<time>2026-06-18T15:41:02Z</time>
			</trkpt>
			<trkpt lat="47.866901" lon="-123.903664">
				<ele>221.960571</ele>
				<time>2026-06-18T15:41:05Z</time>
			</trkpt>
			<trkpt lat="47.866951" lon="-123.903465">
				<ele>223.747482</ele>
				<time>2026-06-18T15:41:20Z</time>
			</trkpt>
			<trkpt lat="47.866978" lon="-123.903412">
				<ele>221.360611</ele>
				<time>2026-06-18T15:41:25Z</time>
			</trkpt>
			<trkpt lat="47.867054" lon="-123.903297">
				<ele>224.629807</ele>
				<time>2026-06-18T15:41:37Z</time>
			</trkpt>
			<trkpt lat="47.867165" lon="-123.903175">
				<ele>221.243439</ele>
				<time>2026-06-18T15:41:52Z</time>
			</trkpt>
			<trkpt lat="47.867229" lon="-123.90284">
				<ele>229.609604</ele>
				<time>2026-06-18T15:42:17Z</time>
			</trkpt>
			<trkpt lat="47.867207" lon="-123.902763">
				<ele>228.732391</ele>
				<time>2026-06-18T15:42:23Z</time>
			</trkpt>
			<trkpt lat="47.867191" lon="-123.902611">
				<ele>229.395432</ele>
				<time>2026-06-18T15:42:32Z</time>
			</trkpt>
			<trkpt lat="47.867207" lon="-123.902542">
				<ele>228.609238</ele>
				<time>2026-06-18T15:42:37Z</time>
			</trkpt>
			<trkpt lat="47.867123" lon="-123.902382">
				<ele>223.725586</ele>
				<time>2026-06-18T15:42:56Z</time>
			</trkpt>
			<trkpt lat="47.867077" lon="-123.902382">
				<ele>227.790512</ele>
				<time>2026-06-18T15:43:03Z</time>
			</trkpt>
			<trkpt lat="47.867039" lon="-123.902245">
				<ele>229.738113</ele>
				<time>2026-06-18T15:43:14Z</time>
			</trkpt>
			<trkpt lat="47.867031" lon="-123.902168">
				<ele>227.223434</ele>
				<time>2026-06-18T15:43:18Z</time>
			</trkpt>
			<trkpt lat="47.867008" lon="-123.9021">
				<ele>230.344986</ele>
				<time>2026-06-18T15:43:23Z</time>
			</trkpt>
			<trkpt lat="47.866993" lon="-123.902031">
				<ele>230.383545</ele>
				<time>2026-06-18T15:43:27Z</time>
			</trkpt>
			<trkpt lat="47.866859" lon="-123.901634">
				<ele>225.915115</ele>
				<time>2026-06-18T15:43:49Z</time>
			</trkpt>
			<trkpt lat="47.866829" lon="-123.901588">
				<ele>226.350113</ele>
				<time>2026-06-18T15:43:52Z</time>
			</trkpt>
			<trkpt lat="47.866726" lon="-123.901443">
				<ele>221.196152</ele>
				<time>2026-06-18T15:44:05Z</time>
			</trkpt>
			<trkpt lat="47.866634" lon="-123.901299">
				<ele>227.644058</ele>
				<time>2026-06-18T15:44:23Z</time>
			</trkpt>
			<trkpt lat="47.866577" lon="-123.901016">
				<ele>221.120911</ele>
				<time>2026-06-18T15:44:40Z</time>
			</trkpt>
			<trkpt lat="47.866592" lon="-123.900887">
				<ele>223.291824</ele>
				<time>2026-06-18T15:44:48Z</time>
			</trkpt>
			<trkpt lat="47.866611" lon="-123.90081">
				<ele>221.935074</ele>
				<time>2026-06-18T15:44:53Z</time>
			</trkpt>
			<trkpt lat="47.866619" lon="-123.900726">
				<ele>221.84903</ele>
				<time>2026-06-18T15:44:57Z</time>
			</trkpt>
			<trkpt lat="47.866634" lon="-123.90065">
				<ele>222.289307</ele>
				<time>2026-06-18T15:45:01Z</time>
			</trkpt>
			<trkpt lat="47.866661" lon="-123.900566">
				<ele>221.483459</ele>
				<time>2026-06-18T15:45:05Z</time>
			</trkpt>
			<trkpt lat="47.866753" lon="-123.900337">
				<ele>211.581879</ele>
				<time>2026-06-18T15:45:22Z</time>
			</trkpt>
			<trkpt lat="47.866791" lon="-123.900063">
				<ele>222.754913</ele>
				<time>2026-06-18T15:45:41Z</time>
			</trkpt>
			<trkpt lat="47.866901" lon="-123.899734">
				<ele>217.718918</ele>
				<time>2026-06-18T15:46:02Z</time>
			</trkpt>
			<trkpt lat="47.866966" lon="-123.899567">
				<ele>219.854156</ele>
				<time>2026-06-18T15:46:13Z</time>
			</trkpt>
			<trkpt lat="47.867001" lon="-123.899376">
				<ele>216.971542</ele>
				<time>2026-06-18T15:46:27Z</time>
			</trkpt>
			<trkpt lat="47.866993" lon="-123.899246">
				<ele>218.287888</ele>
				<time>2026-06-18T15:46:36Z</time>
			</trkpt>
			<trkpt lat="47.867012" lon="-123.899101">
				<ele>217.738068</ele>
				<time>2026-06-18T15:46:43Z</time>
			</trkpt>
			<trkpt lat="47.8671" lon="-123.898872">
				<ele>211.75412</ele>
				<time>2026-06-18T15:47:08Z</time>
			</trkpt>
			<trkpt lat="47.867085" lon="-123.898743">
				<ele>216.722534</ele>
				<time>2026-06-18T15:47:26Z</time>
			</trkpt>
			<trkpt lat="47.867115" lon="-123.898254">
				<ele>204.757813</ele>
				<time>2026-06-18T15:47:57Z</time>
			</trkpt>
			<trkpt lat="47.867104" lon="-123.898094">
				<ele>209.727478</ele>
				<time>2026-06-18T15:48:12Z</time>
			</trkpt>
			<trkpt lat="47.867111" lon="-123.898026">
				<ele>209.491837</ele>
				<time>2026-06-18T15:48:15Z</time>
			</trkpt>
			<trkpt lat="47.867119" lon="-123.897804">
				<ele>212.015457</ele>
				<time>2026-06-18T15:48:29Z</time>
			</trkpt>
			<trkpt lat="47.86713" lon="-123.897743">
				<ele>209.588928</ele>
				<time>2026-06-18T15:48:33Z</time>
			</trkpt>
			<trkpt lat="47.867149" lon="-123.89753">
				<ele>210.850113</ele>
				<time>2026-06-18T15:48:46Z</time>
			</trkpt>
			<trkpt lat="47.867188" lon="-123.897331">
				<ele>205.060196</ele>
				<time>2026-06-18T15:48:58Z</time>
			</trkpt>
			<trkpt lat="47.867195" lon="-123.897125">
				<ele>209.920609</ele>
				<time>2026-06-18T15:49:10Z</time>
			</trkpt>
			<trkpt lat="47.867203" lon="-123.896965">
				<ele>208.475739</ele>
				<time>2026-06-18T15:49:18Z</time>
			</trkpt>
			<trkpt lat="47.867203" lon="-123.896873">
				<ele>208.607712</ele>
				<time>2026-06-18T15:49:23Z</time>
			</trkpt>
			<trkpt lat="47.867214" lon="-123.896805">
				<ele>205.776581</ele>
				<time>2026-06-18T15:49:27Z</time>
			</trkpt>
			<trkpt lat="47.867104" lon="-123.896431">
				<ele>215.134079</ele>
				<time>2026-06-18T15:49:54Z</time>
			</trkpt>
			<trkpt lat="47.867115" lon="-123.896217">
				<ele>209.27771</ele>
				<time>2026-06-18T15:50:05Z</time>
			</trkpt>
			<trkpt lat="47.867119" lon="-123.896149">
				<ele>212.004837</ele>
				<time>2026-06-18T15:50:09Z</time>
			</trkpt>
			<trkpt lat="47.867092" lon="-123.895866">
				<ele>207.352341</ele>
				<time>2026-06-18T15:50:26Z</time>
			</trkpt>
			<trkpt lat="47.867111" lon="-123.895683">
				<ele>208.42981</ele>
				<time>2026-06-18T15:50:37Z</time>
			</trkpt>
			<trkpt lat="47.867126" lon="-123.895447">
				<ele>203.687103</ele>
				<time>2026-06-18T15:50:49Z</time>
			</trkpt>
			<trkpt lat="47.867149" lon="-123.895317">
				<ele>206.371399</ele>
				<time>2026-06-18T15:50:56Z</time>
			</trkpt>
			<trkpt lat="47.867149" lon="-123.895241">
				<ele>206.606781</ele>
				<time>2026-06-18T15:51:00Z</time>
			</trkpt>
			<trkpt lat="47.867184" lon="-123.895119">
				<ele>205.073761</ele>
				<time>2026-06-18T15:51:07Z</time>
			</trkpt>
			<trkpt lat="47.867279" lon="-123.895042">
				<ele>206.990921</ele>
				<time>2026-06-18T15:51:16Z</time>
			</trkpt>
			<trkpt lat="47.867371" lon="-123.895004">
				<ele>205.969772</ele>
				<time>2026-06-18T15:51:24Z</time>
			</trkpt>
			<trkpt lat="47.867508" lon="-123.894943">
				<ele>207.310318</ele>
				<time>2026-06-18T15:51:36Z</time>
			</trkpt>
			<trkpt lat="47.867538" lon="-123.894882">
				<ele>203.477936</ele>
				<time>2026-06-18T15:51:41Z</time>
			</trkpt>
			<trkpt lat="47.867638" lon="-123.89473">
				<ele>205.980637</ele>
				<time>2026-06-18T15:51:55Z</time>
			</trkpt>
			<trkpt lat="47.867676" lon="-123.894691">
				<ele>204.456329</ele>
				<time>2026-06-18T15:51:58Z</time>
			</trkpt>
			<trkpt lat="47.86771" lon="-123.894653">
				<ele>207.134674</ele>
				<time>2026-06-18T15:52:02Z</time>
			</trkpt>
			<trkpt lat="47.867764" lon="-123.894547">
				<ele>204.865005</ele>
				<time>2026-06-18T15:52:10Z</time>
			</trkpt>
			<trkpt lat="47.867798" lon="-123.894325">
				<ele>207.39119</ele>
				<time>2026-06-18T15:52:24Z</time>
			</trkpt>
			<trkpt lat="47.867802" lon="-123.894135">
				<ele>206.745193</ele>
				<time>2026-06-18T15:52:35Z</time>
			</trkpt>
			<trkpt lat="47.867802" lon="-123.894058">
				<ele>207.194366</ele>
				<time>2026-06-18T15:52:38Z</time>
			</trkpt>
			<trkpt lat="47.867867" lon="-123.893875">
				<ele>205.006134</ele>
				<time>2026-06-18T15:52:51Z</time>
			</trkpt>
			<trkpt lat="47.867908" lon="-123.893753">
				<ele>206.820358</ele>
				<time>2026-06-18T15:53:00Z</time>
			</trkpt>
			<trkpt lat="47.867947" lon="-123.893623">
				<ele>202.456131</ele>
				<time>2026-06-18T15:53:08Z</time>
			</trkpt>
			<trkpt lat="47.868069" lon="-123.893318">
				<ele>206.107147</ele>
				<time>2026-06-18T15:53:31Z</time>
			</trkpt>
			<trkpt lat="47.868114" lon="-123.893196">
				<ele>203.829926</ele>
				<time>2026-06-18T15:53:40Z</time>
			</trkpt>
			<trkpt lat="47.868145" lon="-123.893143">
				<ele>206.391739</ele>
				<time>2026-06-18T15:53:44Z</time>
			</trkpt>
			<trkpt lat="47.868206" lon="-123.89296">
				<ele>202.475067</ele>
				<time>2026-06-18T15:53:55Z</time>
			</trkpt>
			<trkpt lat="47.868401" lon="-123.892471">
				<ele>210.655396</ele>
				<time>2026-06-18T15:54:31Z</time>
			</trkpt>
			<trkpt lat="47.868408" lon="-123.89241">
				<ele>206.931595</ele>
				<time>2026-06-18T15:54:39Z</time>
			</trkpt>
			<trkpt lat="47.868343" lon="-123.892303">
				<ele>208.900085</ele>
				<time>2026-06-18T15:54:50Z</time>
			</trkpt>
			<trkpt lat="47.868317" lon="-123.892235">
				<ele>207.325226</ele>
				<time>2026-06-18T15:54:55Z</time>
			</trkpt>
			<trkpt lat="47.868271" lon="-123.89212">
				<ele>210.136139</ele>
				<time>2026-06-18T15:55:08Z</time>
			</trkpt>
			<trkpt lat="47.868279" lon="-123.892052">
				<ele>206.567444</ele>
				<time>2026-06-18T15:55:12Z</time>
			</trkpt>
			<trkpt lat="47.868275" lon="-123.891899">
				<ele>209.192642</ele>
				<time>2026-06-18T15:55:18Z</time>
			</trkpt>
			<trkpt lat="47.868294" lon="-123.89183">
				<ele>207.713074</ele>
				<time>2026-06-18T15:55:21Z</time>
			</trkpt>
			<trkpt lat="47.868317" lon="-123.891769">
				<ele>208.489883</ele>
				<time>2026-06-18T15:55:25Z</time>
			</trkpt>
			<trkpt lat="47.868336" lon="-123.891708">
				<ele>208.297028</ele>
				<time>2026-06-18T15:55:31Z</time>
			</trkpt>
			<trkpt lat="47.868343" lon="-123.89164">
				<ele>211.975235</ele>
				<time>2026-06-18T15:55:35Z</time>
			</trkpt>
			<trkpt lat="47.868416" lon="-123.891212">
				<ele>203.44223</ele>
				<time>2026-06-18T15:56:00Z</time>
			</trkpt>
			<trkpt lat="47.86858" lon="-123.890976">
				<ele>210.136581</ele>
				<time>2026-06-18T15:56:24Z</time>
			</trkpt>
			<trkpt lat="47.86869" lon="-123.890732">
				<ele>207.023651</ele>
				<time>2026-06-18T15:56:40Z</time>
			</trkpt>
			<trkpt lat="47.868687" lon="-123.890518">
				<ele>208.283279</ele>
				<time>2026-06-18T15:56:54Z</time>
			</trkpt>
			<trkpt lat="47.868675" lon="-123.890434">
				<ele>206.980927</ele>
				<time>2026-06-18T15:57:00Z</time>
			</trkpt>
			<trkpt lat="47.868626" lon="-123.890228">
				<ele>212.657333</ele>
				<time>2026-06-18T15:57:09Z</time>
			</trkpt>
			<trkpt lat="47.868637" lon="-123.890099">
				<ele>210.330795</ele>
				<time>2026-06-18T15:57:17Z</time>
			</trkpt>
			<trkpt lat="47.868736" lon="-123.889854">
				<ele>214.05983</ele>
				<time>2026-06-18T15:57:45Z</time>
			</trkpt>
			<trkpt lat="47.868767" lon="-123.889786">
				<ele>211.99646</ele>
				<time>2026-06-18T15:57:52Z</time>
			</trkpt>
			<trkpt lat="47.868797" lon="-123.889732">
				<ele>212.123566</ele>
				<time>2026-06-18T15:58:03Z</time>
			</trkpt>
			<trkpt lat="47.869007" lon="-123.889542">
				<ele>222.990402</ele>
				<time>2026-06-18T15:58:51Z</time>
			</trkpt>
			<trkpt lat="47.869038" lon="-123.889496">
				<ele>223.615906</ele>
				<time>2026-06-18T15:59:00Z</time>
			</trkpt>
			<trkpt lat="47.869057" lon="-123.889435">
				<ele>221.312607</ele>
				<time>2026-06-18T15:59:06Z</time>
			</trkpt>
			<trkpt lat="47.868996" lon="-123.889191">
				<ele>227.244705</ele>
				<time>2026-06-18T15:59:26Z</time>
			</trkpt>
			<trkpt lat="47.868992" lon="-123.888977">
				<ele>225.990158</ele>
				<time>2026-06-18T15:59:39Z</time>
			</trkpt>
			<trkpt lat="47.868999" lon="-123.88884">
				<ele>232.446075</ele>
				<time>2026-06-18T15:59:50Z</time>
			</trkpt>
			<trkpt lat="47.869007" lon="-123.88855">
				<ele>229.205414</ele>
				<time>2026-06-18T16:00:08Z</time>
			</trkpt>
			<trkpt lat="47.86898" lon="-123.888481">
				<ele>229.480499</ele>
				<time>2026-06-18T16:00:14Z</time>
			</trkpt>
			<trkpt lat="47.868965" lon="-123.888336">
				<ele>224.726135</ele>
				<time>2026-06-18T16:00:25Z</time>
			</trkpt>
			<trkpt lat="47.868923" lon="-123.88813">
				<ele>229.483749</ele>
				<time>2026-06-18T16:00:44Z</time>
			</trkpt>
			<trkpt lat="47.868938" lon="-123.887917">
				<ele>226.868607</ele>
				<time>2026-06-18T16:00:58Z</time>
			</trkpt>
			<trkpt lat="47.868816" lon="-123.887703">
				<ele>239.674316</ele>
				<time>2026-06-18T16:01:16Z</time>
			</trkpt>
			<trkpt lat="47.868866" lon="-123.887032">
				<ele>222.580612</ele>
				<time>2026-06-18T16:01:55Z</time>
			</trkpt>
			<trkpt lat="47.868874" lon="-123.886955">
				<ele>222.365326</ele>
				<time>2026-06-18T16:01:58Z</time>
			</trkpt>
			<trkpt lat="47.868851" lon="-123.886742">
				<ele>227.523483</ele>
				<time>2026-06-18T16:02:15Z</time>
			</trkpt>
			<trkpt lat="47.868927" lon="-123.886475">
				<ele>221.256104</ele>
				<time>2026-06-18T16:02:35Z</time>
			</trkpt>
			<trkpt lat="47.868858" lon="-123.886185">
				<ele>232.01947</ele>
				<time>2026-06-18T16:03:02Z</time>
			</trkpt>
			<trkpt lat="47.868855" lon="-123.886116">
				<ele>227.669525</ele>
				<time>2026-06-18T16:03:06Z</time>
			</trkpt>
			<trkpt lat="47.868847" lon="-123.886047">
				<ele>228.558823</ele>
				<time>2026-06-18T16:03:10Z</time>
			</trkpt>
			<trkpt lat="47.868858" lon="-123.885979">
				<ele>226.748749</ele>
				<time>2026-06-18T16:03:14Z</time>
			</trkpt>
			<trkpt lat="47.868832" lon="-123.885925">
				<ele>228.837448</ele>
				<time>2026-06-18T16:03:22Z</time>
			</trkpt>
			<trkpt lat="47.86871" lon="-123.88559">
				<ele>220.978241</ele>
				<time>2026-06-18T16:03:54Z</time>
			</trkpt>
			<trkpt lat="47.868679" lon="-123.885551">
				<ele>223.326691</ele>
				<time>2026-06-18T16:05:12Z</time>
			</trkpt>
			<trkpt lat="47.868698" lon="-123.88549">
				<ele>217.493149</ele>
				<time>2026-06-18T16:07:04Z</time>
			</trkpt>
			<trkpt lat="47.868683" lon="-123.885292">
				<ele>219.517487</ele>
				<time>2026-06-18T16:07:16Z</time>
			</trkpt>
			<trkpt lat="47.868683" lon="-123.884888">
				<ele>213.040802</ele>
				<time>2026-06-18T16:07:45Z</time>
			</trkpt>
			<trkpt lat="47.868721" lon="-123.884598">
				<ele>218.561508</ele>
				<time>2026-06-18T16:08:06Z</time>
			</trkpt>
			<trkpt lat="47.868721" lon="-123.884529">
				<ele>215.652771</ele>
				<time>2026-06-18T16:08:15Z</time>
			</trkpt>
			<trkpt lat="47.868694" lon="-123.884216">
				<ele>220.431152</ele>
				<time>2026-06-18T16:09:05Z</time>
			</trkpt>
			<trkpt lat="47.868637" lon="-123.883789">
				<ele>213.278717</ele>
				<time>2026-06-18T16:09:38Z</time>
			</trkpt>
			<trkpt lat="47.868511" lon="-123.883415">
				<ele>220.906845</ele>
				<time>2026-06-18T16:10:08Z</time>
			</trkpt>
			<trkpt lat="47.8685" lon="-123.88327">
				<ele>219.567551</ele>
				<time>2026-06-18T16:10:18Z</time>
			</trkpt>
			<trkpt lat="47.868477" lon="-123.883217">
				<ele>219.889404</ele>
				<time>2026-06-18T16:10:24Z</time>
			</trkpt>
			<trkpt lat="47.868458" lon="-123.88308">
				<ele>215.086716</ele>
				<time>2026-06-18T16:10:34Z</time>
			</trkpt>
			<trkpt lat="47.868347" lon="-123.882706">
				<ele>224.547562</ele>
				<time>2026-06-18T16:11:04Z</time>
			</trkpt>
			<trkpt lat="47.868301" lon="-123.882431">
				<ele>220.846497</ele>
				<time>2026-06-18T16:11:19Z</time>
			</trkpt>
			<trkpt lat="47.868275" lon="-123.882301">
				<ele>221.79776</ele>
				<time>2026-06-18T16:11:29Z</time>
			</trkpt>
			<trkpt lat="47.868271" lon="-123.882164">
				<ele>219.818634</ele>
				<time>2026-06-18T16:11:38Z</time>
			</trkpt>
			<trkpt lat="47.868248" lon="-123.882103">
				<ele>220.632172</ele>
				<time>2026-06-18T16:11:43Z</time>
			</trkpt>
			<trkpt lat="47.868233" lon="-123.882027">
				<ele>220.595978</ele>
				<time>2026-06-18T16:11:47Z</time>
			</trkpt>
			<trkpt lat="47.868156" lon="-123.881409">
				<ele>211.233932</ele>
				<time>2026-06-18T16:12:23Z</time>
			</trkpt>
			<trkpt lat="47.868019" lon="-123.88105">
				<ele>216.905624</ele>
				<time>2026-06-18T16:12:48Z</time>
			</trkpt>
			<trkpt lat="47.86792" lon="-123.880791">
				<ele>214.532501</ele>
				<time>2026-06-18T16:13:07Z</time>
			</trkpt>
			<trkpt lat="47.867886" lon="-123.880737">
				<ele>215.094818</ele>
				<time>2026-06-18T16:13:12Z</time>
			</trkpt>
			<trkpt lat="47.867794" lon="-123.880669">
				<ele>214.440903</ele>
				<time>2026-06-18T16:13:21Z</time>
			</trkpt>
			<trkpt lat="47.867771" lon="-123.880531">
				<ele>211.418976</ele>
				<time>2026-06-18T16:13:28Z</time>
			</trkpt>
			<trkpt lat="47.867657" lon="-123.880302">
				<ele>217.246521</ele>
				<time>2026-06-18T16:13:46Z</time>
			</trkpt>
			<trkpt lat="47.867554" lon="-123.879883">
				<ele>212.907364</ele>
				<time>2026-06-18T16:14:10Z</time>
			</trkpt>
			<trkpt lat="47.867405" lon="-123.879349">
				<ele>219.156601</ele>
				<time>2026-06-18T16:14:46Z</time>
			</trkpt>
			<trkpt lat="47.867348" lon="-123.879135">
				<ele>216.873566</ele>
				<time>2026-06-18T16:14:59Z</time>
			</trkpt>
			<trkpt lat="47.867298" lon="-123.879005">
				<ele>218.280289</ele>
				<time>2026-06-18T16:15:08Z</time>
			</trkpt>
			<trkpt lat="47.867256" lon="-123.878853">
				<ele>217.753906</ele>
				<time>2026-06-18T16:15:16Z</time>
			</trkpt>
			<trkpt lat="47.867245" lon="-123.878784">
				<ele>218.184219</ele>
				<time>2026-06-18T16:15:20Z</time>
			</trkpt>
			<trkpt lat="47.86718" lon="-123.878571">
				<ele>223.215942</ele>
				<time>2026-06-18T16:15:35Z</time>
			</trkpt>
			<trkpt lat="47.867229" lon="-123.87793">
				<ele>214.317978</ele>
				<time>2026-06-18T16:16:07Z</time>
			</trkpt>
			<trkpt lat="47.867439" lon="-123.877327">
				<ele>221.123764</ele>
				<time>2026-06-18T16:16:51Z</time>
			</trkpt>
			<trkpt lat="47.867462" lon="-123.876869">
				<ele>216.788071</ele>
				<time>2026-06-18T16:17:22Z</time>
			</trkpt>
			<trkpt lat="47.867279" lon="-123.87645">
				<ele>219.837357</ele>
				<time>2026-06-18T16:17:55Z</time>
			</trkpt>
			<trkpt lat="47.867317" lon="-123.876236">
				<ele>216.976257</ele>
				<time>2026-06-18T16:18:06Z</time>
			</trkpt>
			<trkpt lat="47.86729" lon="-123.876099">
				<ele>217.48378</ele>
				<time>2026-06-18T16:18:14Z</time>
			</trkpt>
			<trkpt lat="47.867287" lon="-123.87603">
				<ele>216.740768</ele>
				<time>2026-06-18T16:18:18Z</time>
			</trkpt>
			<trkpt lat="47.867214" lon="-123.875687">
				<ele>222.43718</ele>
				<time>2026-06-18T16:18:40Z</time>
			</trkpt>
			<trkpt lat="47.867218" lon="-123.875626">
				<ele>221.464874</ele>
				<time>2026-06-18T16:18:43Z</time>
			</trkpt>
			<trkpt lat="47.867184" lon="-123.875496">
				<ele>222.336624</ele>
				<time>2026-06-18T16:18:50Z</time>
			</trkpt>
			<trkpt lat="47.867126" lon="-123.875298">
				<ele>218.26088</ele>
				<time>2026-06-18T16:19:01Z</time>
			</trkpt>
			<trkpt lat="47.866814" lon="-123.874886">
				<ele>224.344589</ele>
				<time>2026-06-18T16:19:43Z</time>
			</trkpt>
			<trkpt lat="47.866764" lon="-123.874825">
				<ele>224.461777</ele>
				<time>2026-06-18T16:19:47Z</time>
			</trkpt>
			<trkpt lat="47.866745" lon="-123.874763">
				<ele>221.894699</ele>
				<time>2026-06-18T16:19:52Z</time>
			</trkpt>
			<trkpt lat="47.866604" lon="-123.874557">
				<ele>225.223297</ele>
				<time>2026-06-18T16:20:07Z</time>
			</trkpt>
			<trkpt lat="47.866474" lon="-123.874123">
				<ele>220.776306</ele>
				<time>2026-06-18T16:20:33Z</time>
			</trkpt>
			<trkpt lat="47.866447" lon="-123.873985">
				<ele>220.878632</ele>
				<time>2026-06-18T16:20:40Z</time>
			</trkpt>
			<trkpt lat="47.86644" lon="-123.873848">
				<ele>219.936417</ele>
				<time>2026-06-18T16:20:47Z</time>
			</trkpt>
			<trkpt lat="47.86644" lon="-123.873344">
				<ele>223.54541</ele>
				<time>2026-06-18T16:21:15Z</time>
			</trkpt>
			<trkpt lat="47.866436" lon="-123.873283">
				<ele>222.45195</ele>
				<time>2026-06-18T16:21:18Z</time>
			</trkpt>
			<trkpt lat="47.866421" lon="-123.873077">
				<ele>224.872589</ele>
				<time>2026-06-18T16:21:33Z</time>
			</trkpt>
			<trkpt lat="47.86615" lon="-123.872452">
				<ele>218.613037</ele>
				<time>2026-06-18T16:22:13Z</time>
			</trkpt>
			<trkpt lat="47.865799" lon="-123.872017">
				<ele>223.702347</ele>
				<time>2026-06-18T16:22:53Z</time>
			</trkpt>
			<trkpt lat="47.865665" lon="-123.871803">
				<ele>221.872009</ele>
				<time>2026-06-18T16:23:08Z</time>
			</trkpt>
			<trkpt lat="47.865463" lon="-123.871422">
				<ele>225.733871</ele>
				<time>2026-06-18T16:23:37Z</time>
			</trkpt>
			<trkpt lat="47.865437" lon="-123.871353">
				<ele>225.383942</ele>
				<time>2026-06-18T16:23:41Z</time>
			</trkpt>
			<trkpt lat="47.865398" lon="-123.8713">
				<ele>226.143982</ele>
				<time>2026-06-18T16:23:45Z</time>
			</trkpt>
			<trkpt lat="47.865345" lon="-123.871162">
				<ele>225.11142</ele>
				<time>2026-06-18T16:23:53Z</time>
			</trkpt>
			<trkpt lat="47.865311" lon="-123.871033">
				<ele>226.266724</ele>
				<time>2026-06-18T16:24:01Z</time>
			</trkpt>
			<trkpt lat="47.865253" lon="-123.870926">
				<ele>224.230072</ele>
				<time>2026-06-18T16:24:08Z</time>
			</trkpt>
			<trkpt lat="47.865128" lon="-123.870705">
				<ele>228.865601</ele>
				<time>2026-06-18T16:24:26Z</time>
			</trkpt>
			<trkpt lat="47.864952" lon="-123.870361">
				<ele>223.739914</ele>
				<time>2026-06-18T16:24:48Z</time>
			</trkpt>
			<trkpt lat="47.864929" lon="-123.8703">
				<ele>224.717514</ele>
				<time>2026-06-18T16:24:52Z</time>
			</trkpt>
			<trkpt lat="47.864922" lon="-123.870239">
				<ele>224.753372</ele>
				<time>2026-06-18T16:24:55Z</time>
			</trkpt>
			<trkpt lat="47.864849" lon="-123.870049">
				<ele>224.076355</ele>
				<time>2026-06-18T16:25:09Z</time>
			</trkpt>
			<trkpt lat="47.864811" lon="-123.87001">
				<ele>224.758331</ele>
				<time>2026-06-18T16:25:12Z</time>
			</trkpt>
			<trkpt lat="47.864719" lon="-123.869766">
				<ele>222.225601</ele>
				<time>2026-06-18T16:25:32Z</time>
			</trkpt>
			<trkpt lat="47.864674" lon="-123.869736">
				<ele>223.530334</ele>
				<time>2026-06-18T16:25:36Z</time>
			</trkpt>
			<trkpt lat="47.86454" lon="-123.869621">
				<ele>218.554504</ele>
				<time>2026-06-18T16:26:08Z</time>
			</trkpt>
			<trkpt lat="47.864452" lon="-123.869446">
				<ele>221.175507</ele>
				<time>2026-06-18T16:26:22Z</time>
			</trkpt>
			<trkpt lat="47.864445" lon="-123.869293">
				<ele>219.177094</ele>
				<time>2026-06-18T16:26:28Z</time>
			</trkpt>
			<trkpt lat="47.864445" lon="-123.869225">
				<ele>219.296143</ele>
				<time>2026-06-18T16:26:32Z</time>
			</trkpt>
			<trkpt lat="47.864437" lon="-123.869148">
				<ele>222.384918</ele>
				<time>2026-06-18T16:26:38Z</time>
			</trkpt>
			<trkpt lat="47.86438" lon="-123.868797">
				<ele>220.507339</ele>
				<time>2026-06-18T16:26:55Z</time>
			</trkpt>
			<trkpt lat="47.864368" lon="-123.868584">
				<ele>221.101532</ele>
				<time>2026-06-18T16:27:08Z</time>
			</trkpt>
			<trkpt lat="47.864346" lon="-123.868439">
				<ele>224.159714</ele>
				<time>2026-06-18T16:27:17Z</time>
			</trkpt>
			<trkpt lat="47.864281" lon="-123.868202">
				<ele>221.380585</ele>
				<time>2026-06-18T16:27:28Z</time>
			</trkpt>
			<trkpt lat="47.864281" lon="-123.867836">
				<ele>225.183151</ele>
				<time>2026-06-18T16:27:48Z</time>
			</trkpt>
			<trkpt lat="47.864273" lon="-123.867752">
				<ele>224.896057</ele>
				<time>2026-06-18T16:27:53Z</time>
			</trkpt>
			<trkpt lat="47.864265" lon="-123.867607">
				<ele>225.262817</ele>
				<time>2026-06-18T16:28:01Z</time>
			</trkpt>
			<trkpt lat="47.864258" lon="-123.867386">
				<ele>222.131882</ele>
				<time>2026-06-18T16:28:12Z</time>
			</trkpt>
			<trkpt lat="47.864296" lon="-123.867081">
				<ele>220.783875</ele>
				<time>2026-06-18T16:28:27Z</time>
			</trkpt>
			<trkpt lat="47.864326" lon="-123.866745">
				<ele>226.335022</ele>
				<time>2026-06-18T16:28:50Z</time>
			</trkpt>
			<trkpt lat="47.864338" lon="-123.866455">
				<ele>224.103561</ele>
				<time>2026-06-18T16:29:05Z</time>
			</trkpt>
			<trkpt lat="47.864357" lon="-123.866386">
				<ele>224.893097</ele>
				<time>2026-06-18T16:29:09Z</time>
			</trkpt>
			<trkpt lat="47.864483" lon="-123.86602">
				<ele>222.541779</ele>
				<time>2026-06-18T16:29:31Z</time>
			</trkpt>
			<trkpt lat="47.864498" lon="-123.865952">
				<ele>219.723495</ele>
				<time>2026-06-18T16:29:35Z</time>
			</trkpt>
			<trkpt lat="47.864639" lon="-123.865646">
				<ele>226.791122</ele>
				<time>2026-06-18T16:29:56Z</time>
			</trkpt>
			<trkpt lat="47.864716" lon="-123.865417">
				<ele>223.951294</ele>
				<time>2026-06-18T16:30:13Z</time>
			</trkpt>
			<trkpt lat="47.864731" lon="-123.865265">
				<ele>226.440613</ele>
				<time>2026-06-18T16:30:21Z</time>
			</trkpt>
			<trkpt lat="47.864799" lon="-123.865082">
				<ele>223.655136</ele>
				<time>2026-06-18T16:30:34Z</time>
			</trkpt>
			<trkpt lat="47.864857" lon="-123.864952">
				<ele>222.899445</ele>
				<time>2026-06-18T16:30:44Z</time>
			</trkpt>
			<trkpt lat="47.864899" lon="-123.86483">
				<ele>223.819244</ele>
				<time>2026-06-18T16:30:51Z</time>
			</trkpt>
			<trkpt lat="47.864918" lon="-123.864761">
				<ele>222.534271</ele>
				<time>2026-06-18T16:30:54Z</time>
			</trkpt>
			<trkpt lat="47.865047" lon="-123.86454">
				<ele>225.663651</ele>
				<time>2026-06-18T16:31:12Z</time>
			</trkpt>
			<trkpt lat="47.865143" lon="-123.864304">
				<ele>225.354904</ele>
				<time>2026-06-18T16:31:27Z</time>
			</trkpt>
			<trkpt lat="47.86504" lon="-123.864143">
				<ele>224.01564</ele>
				<time>2026-06-18T16:31:42Z</time>
			</trkpt>
			<trkpt lat="47.864964" lon="-123.863991">
				<ele>225.991699</ele>
				<time>2026-06-18T16:31:53Z</time>
			</trkpt>
			<trkpt lat="47.864899" lon="-123.863747">
				<ele>224.171585</ele>
				<time>2026-06-18T16:32:08Z</time>
			</trkpt>
			<trkpt lat="47.864883" lon="-123.863686">
				<ele>227.261627</ele>
				<time>2026-06-18T16:32:14Z</time>
			</trkpt>
			<trkpt lat="47.864975" lon="-123.86335">
				<ele>222.855576</ele>
				<time>2026-06-18T16:32:31Z</time>
			</trkpt>
			<trkpt lat="47.86499" lon="-123.863136">
				<ele>226.75058</ele>
				<time>2026-06-18T16:32:44Z</time>
			</trkpt>
			<trkpt lat="47.865005" lon="-123.862801">
				<ele>222.261398</ele>
				<time>2026-06-18T16:33:04Z</time>
			</trkpt>
			<trkpt lat="47.865017" lon="-123.86274">
				<ele>223.879211</ele>
				<time>2026-06-18T16:33:08Z</time>
			</trkpt>
			<trkpt lat="47.865017" lon="-123.862671">
				<ele>222.384445</ele>
				<time>2026-06-18T16:33:11Z</time>
			</trkpt>
			<trkpt lat="47.865013" lon="-123.862457">
				<ele>227.353195</ele>
				<time>2026-06-18T16:33:25Z</time>
			</trkpt>
			<trkpt lat="47.865009" lon="-123.862381">
				<ele>226.260818</ele>
				<time>2026-06-18T16:33:28Z</time>
			</trkpt>
			<trkpt lat="47.865074" lon="-123.861961">
				<ele>229.89563</ele>
				<time>2026-06-18T16:33:51Z</time>
			</trkpt>
			<trkpt lat="47.865311" lon="-123.861305">
				<ele>222.235809</ele>
				<time>2026-06-18T16:34:35Z</time>
			</trkpt>
			<trkpt lat="47.865456" lon="-123.861137">
				<ele>228.374451</ele>
				<time>2026-06-18T16:34:52Z</time>
			</trkpt>
			<trkpt lat="47.86552" lon="-123.860886">
				<ele>224.822891</ele>
				<time>2026-06-18T16:35:10Z</time>
			</trkpt>
			<trkpt lat="47.865673" lon="-123.860527">
				<ele>226.871414</ele>
				<time>2026-06-18T16:35:33Z</time>
			</trkpt>
			<trkpt lat="47.865833" lon="-123.860237">
				<ele>231.64299</ele>
				<time>2026-06-18T16:35:57Z</time>
			</trkpt>
			<trkpt lat="47.865963" lon="-123.859756">
				<ele>225.801941</ele>
				<time>2026-06-18T16:36:28Z</time>
			</trkpt>
			<trkpt lat="47.865993" lon="-123.859543">
				<ele>228.843475</ele>
				<time>2026-06-18T16:36:39Z</time>
			</trkpt>
			<trkpt lat="47.866016" lon="-123.859482">
				<ele>227.158447</ele>
				<time>2026-06-18T16:36:43Z</time>
			</trkpt>
			<trkpt lat="47.866032" lon="-123.859413">
				<ele>228.090378</ele>
				<time>2026-06-18T16:36:47Z</time>
			</trkpt>
			<trkpt lat="47.866089" lon="-123.859291">
				<ele>227.090561</ele>
				<time>2026-06-18T16:36:55Z</time>
			</trkpt>
			<trkpt lat="47.8661" lon="-123.859222">
				<ele>227.282852</ele>
				<time>2026-06-18T16:36:59Z</time>
			</trkpt>
			<trkpt lat="47.866196" lon="-123.858971">
				<ele>235.189804</ele>
				<time>2026-06-18T16:37:20Z</time>
			</trkpt>
			<trkpt lat="47.866344" lon="-123.858681">
				<ele>229.179092</ele>
				<time>2026-06-18T16:37:38Z</time>
			</trkpt>
			<trkpt lat="47.866428" lon="-123.858513">
				<ele>231.344193</ele>
				<time>2026-06-18T16:37:53Z</time>
			</trkpt>
			<trkpt lat="47.866516" lon="-123.858353">
				<ele>229.899628</ele>
				<time>2026-06-18T16:38:05Z</time>
			</trkpt>
			<trkpt lat="47.866604" lon="-123.858284">
				<ele>229.999222</ele>
				<time>2026-06-18T16:38:12Z</time>
			</trkpt>
			<trkpt lat="47.866608" lon="-123.858215">
				<ele>232.967194</ele>
				<time>2026-06-18T16:38:28Z</time>
			</trkpt>
			<trkpt lat="47.866631" lon="-123.858017">
				<ele>225.159882</ele>
				<time>2026-06-18T16:38:53Z</time>
			</trkpt>
			<trkpt lat="47.866673" lon="-123.857735">
				<ele>232.045639</ele>
				<time>2026-06-18T16:41:16Z</time>
			</trkpt>
			<trkpt lat="47.866737" lon="-123.857468">
				<ele>229.390396</ele>
				<time>2026-06-18T16:41:34Z</time>
			</trkpt>
			<trkpt lat="47.866814" lon="-123.85714">
				<ele>236.137589</ele>
				<time>2026-06-18T16:41:59Z</time>
			</trkpt>
			<trkpt lat="47.866825" lon="-123.857063">
				<ele>234.367615</ele>
				<time>2026-06-18T16:42:04Z</time>
			</trkpt>
			<trkpt lat="47.866859" lon="-123.85685">
				<ele>235.544662</ele>
				<time>2026-06-18T16:42:18Z</time>
			</trkpt>
			<trkpt lat="47.86689" lon="-123.856796">
				<ele>234.741821</ele>
				<time>2026-06-18T16:42:21Z</time>
			</trkpt>
			<trkpt lat="47.866917" lon="-123.856651">
				<ele>237.555115</ele>
				<time>2026-06-18T16:42:31Z</time>
			</trkpt>
			<trkpt lat="47.866917" lon="-123.85643">
				<ele>233.654953</ele>
				<time>2026-06-18T16:42:47Z</time>
			</trkpt>
			<trkpt lat="47.866966" lon="-123.856056">
				<ele>237.480316</ele>
				<time>2026-06-18T16:43:11Z</time>
			</trkpt>
			<trkpt lat="47.866959" lon="-123.855988">
				<ele>240.75946</ele>
				<time>2026-06-18T16:43:17Z</time>
			</trkpt>
			<trkpt lat="47.866932" lon="-123.85585">
				<ele>239.016983</ele>
				<time>2026-06-18T16:43:26Z</time>
			</trkpt>
			<trkpt lat="47.866871" lon="-123.855629">
				<ele>238.748642</ele>
				<time>2026-06-18T16:43:39Z</time>
			</trkpt>
			<trkpt lat="47.866852" lon="-123.855392">
				<ele>234.175369</ele>
				<time>2026-06-18T16:43:51Z</time>
			</trkpt>
			<trkpt lat="47.866718" lon="-123.855026">
				<ele>235.986465</ele>
				<time>2026-06-18T16:44:14Z</time>
			</trkpt>
			<trkpt lat="47.866589" lon="-123.854721">
				<ele>230.741653</ele>
				<time>2026-06-18T16:44:34Z</time>
			</trkpt>
			<trkpt lat="47.866447" lon="-123.854446">
				<ele>235.473022</ele>
				<time>2026-06-18T16:45:39Z</time>
			</trkpt>
			<trkpt lat="47.866093" lon="-123.853889">
				<ele>225.683212</ele>
				<time>2026-06-18T16:46:20Z</time>
			</trkpt>
			<trkpt lat="47.865871" lon="-123.853485">
				<ele>236.02916</ele>
				<time>2026-06-18T16:46:52Z</time>
			</trkpt>
			<trkpt lat="47.86586" lon="-123.853416">
				<ele>235.84436</ele>
				<time>2026-06-18T16:46:55Z</time>
			</trkpt>
			<trkpt lat="47.865837" lon="-123.853363">
				<ele>236.628891</ele>
				<time>2026-06-18T16:46:59Z</time>
			</trkpt>
			<trkpt lat="47.865776" lon="-123.853249">
				<ele>233.251297</ele>
				<time>2026-06-18T16:47:05Z</time>
			</trkpt>
			<trkpt lat="47.865685" lon="-123.852997">
				<ele>231.740875</ele>
				<time>2026-06-18T16:47:20Z</time>
			</trkpt>
			<trkpt lat="47.865635" lon="-123.852875">
				<ele>232.444092</ele>
				<time>2026-06-18T16:47:29Z</time>
			</trkpt>
			<trkpt lat="47.865578" lon="-123.852753">
				<ele>231.88826</ele>
				<time>2026-06-18T16:47:36Z</time>
			</trkpt>
			<trkpt lat="47.865532" lon="-123.852638">
				<ele>239.715652</ele>
				<time>2026-06-18T16:47:56Z</time>
			</trkpt>
			<trkpt lat="47.865494" lon="-123.852592">
				<ele>239.875824</ele>
				<time>2026-06-18T16:48:03Z</time>
			</trkpt>
			<trkpt lat="47.86541" lon="-123.852554">
				<ele>237.772171</ele>
				<time>2026-06-18T16:48:12Z</time>
			</trkpt>
			<trkpt lat="47.86533" lon="-123.852394">
				<ele>241.5466</ele>
				<time>2026-06-18T16:48:26Z</time>
			</trkpt>
			<trkpt lat="47.865311" lon="-123.852333">
				<ele>239.541031</ele>
				<time>2026-06-18T16:48:30Z</time>
			</trkpt>
			<trkpt lat="47.865227" lon="-123.852188">
				<ele>242.626404</ele>
				<time>2026-06-18T16:48:40Z</time>
			</trkpt>
			<trkpt lat="47.865196" lon="-123.852066">
				<ele>239.68985</ele>
				<time>2026-06-18T16:48:47Z</time>
			</trkpt>
			<trkpt lat="47.865093" lon="-123.85183">
				<ele>242.350815</ele>
				<time>2026-06-18T16:49:03Z</time>
			</trkpt>
			<trkpt lat="47.865002" lon="-123.851631">
				<ele>240.886887</ele>
				<time>2026-06-18T16:49:15Z</time>
			</trkpt>
			<trkpt lat="47.864948" lon="-123.851425">
				<ele>244.678024</ele>
				<time>2026-06-18T16:49:29Z</time>
			</trkpt>
			<trkpt lat="47.864853" lon="-123.851151">
				<ele>241.082718</ele>
				<time>2026-06-18T16:49:44Z</time>
			</trkpt>
			<trkpt lat="47.864822" lon="-123.851089">
				<ele>242.147049</ele>
				<time>2026-06-18T16:49:48Z</time>
			</trkpt>
			<trkpt lat="47.864792" lon="-123.850937">
				<ele>238.661652</ele>
				<time>2026-06-18T16:49:55Z</time>
			</trkpt>
			<trkpt lat="47.864784" lon="-123.850876">
				<ele>238.947601</ele>
				<time>2026-06-18T16:49:59Z</time>
			</trkpt>
			<trkpt lat="47.864803" lon="-123.850662">
				<ele>237.645508</ele>
				<time>2026-06-18T16:50:09Z</time>
			</trkpt>
			<trkpt lat="47.864861" lon="-123.850403">
				<ele>241.34436</ele>
				<time>2026-06-18T16:50:24Z</time>
			</trkpt>
			<trkpt lat="47.864895" lon="-123.85025">
				<ele>239.759903</ele>
				<time>2026-06-18T16:50:32Z</time>
			</trkpt>
			<trkpt lat="47.864929" lon="-123.850113">
				<ele>241.003662</ele>
				<time>2026-06-18T16:50:39Z</time>
			</trkpt>
			<trkpt lat="47.865177" lon="-123.849739">
				<ele>238.225662</ele>
				<time>2026-06-18T16:51:06Z</time>
			</trkpt>
			<trkpt lat="47.865242" lon="-123.849655">
				<ele>239.998596</ele>
				<time>2026-06-18T16:51:14Z</time>
			</trkpt>
			<trkpt lat="47.865429" lon="-123.849281">
				<ele>234.791214</ele>
				<time>2026-06-18T16:51:38Z</time>
			</trkpt>
			<trkpt lat="47.865383" lon="-123.849007">
				<ele>238.481216</ele>
				<time>2026-06-18T16:51:58Z</time>
			</trkpt>
			<trkpt lat="47.865456" lon="-123.848801">
				<ele>233.995819</ele>
				<time>2026-06-18T16:52:09Z</time>
			</trkpt>
			<trkpt lat="47.865494" lon="-123.84874">
				<ele>234.5923</ele>
				<time>2026-06-18T16:52:13Z</time>
			</trkpt>
			<trkpt lat="47.865543" lon="-123.84861">
				<ele>233.732941</ele>
				<time>2026-06-18T16:52:20Z</time>
			</trkpt>
			<trkpt lat="47.865627" lon="-123.848434">
				<ele>235.514572</ele>
				<time>2026-06-18T16:52:33Z</time>
			</trkpt>
			<trkpt lat="47.86565" lon="-123.848373">
				<ele>234.381119</ele>
				<time>2026-06-18T16:52:37Z</time>
			</trkpt>
			<trkpt lat="47.865681" lon="-123.848305">
				<ele>234.464859</ele>
				<time>2026-06-18T16:52:41Z</time>
			</trkpt>
			<trkpt lat="47.865761" lon="-123.848152">
				<ele>237.865372</ele>
				<time>2026-06-18T16:52:53Z</time>
			</trkpt>
			<trkpt lat="47.865955" lon="-123.847923">
				<ele>236.435669</ele>
				<time>2026-06-18T16:53:11Z</time>
			</trkpt>
			<trkpt lat="47.866096" lon="-123.847786">
				<ele>241.586014</ele>
				<time>2026-06-18T16:53:28Z</time>
			</trkpt>
			<trkpt lat="47.866245" lon="-123.847473">
				<ele>236.75737</ele>
				<time>2026-06-18T16:53:55Z</time>
			</trkpt>
			<trkpt lat="47.866241" lon="-123.847389">
				<ele>238.432938</ele>
				<time>2026-06-18T16:53:59Z</time>
			</trkpt>
			<trkpt lat="47.866268" lon="-123.847237">
				<ele>237.103088</ele>
				<time>2026-06-18T16:54:06Z</time>
			</trkpt>
			<trkpt lat="47.866272" lon="-123.84716">
				<ele>237.405853</ele>
				<time>2026-06-18T16:54:10Z</time>
			</trkpt>
			<trkpt lat="47.866314" lon="-123.846962">
				<ele>241.515686</ele>
				<time>2026-06-18T16:54:23Z</time>
			</trkpt>
			<trkpt lat="47.866341" lon="-123.846909">
				<ele>241.521683</ele>
				<time>2026-06-18T16:54:28Z</time>
			</trkpt>
			<trkpt lat="47.866341" lon="-123.84684">
				<ele>241.125107</ele>
				<time>2026-06-18T16:54:32Z</time>
			</trkpt>
			<trkpt lat="47.866344" lon="-123.846771">
				<ele>241.529541</ele>
				<time>2026-06-18T16:54:36Z</time>
			</trkpt>
			<trkpt lat="47.86636" lon="-123.846695">
				<ele>240.102188</ele>
				<time>2026-06-18T16:54:40Z</time>
			</trkpt>
			<trkpt lat="47.866356" lon="-123.846619">
				<ele>241.284363</ele>
				<time>2026-06-18T16:54:46Z</time>
			</trkpt>
			<trkpt lat="47.866344" lon="-123.846191">
				<ele>235.775986</ele>
				<time>2026-06-18T16:55:10Z</time>
			</trkpt>
			<trkpt lat="47.866287" lon="-123.846077">
				<ele>237.025818</ele>
				<time>2026-06-18T16:55:20Z</time>
			</trkpt>
			<trkpt lat="47.866261" lon="-123.845795">
				<ele>234.13147</ele>
				<time>2026-06-18T16:55:35Z</time>
			</trkpt>
			<trkpt lat="47.866261" lon="-123.845734">
				<ele>234.66954</ele>
				<time>2026-06-18T16:55:39Z</time>
			</trkpt>
			<trkpt lat="47.866283" lon="-123.84568">
				<ele>234.325226</ele>
				<time>2026-06-18T16:55:42Z</time>
			</trkpt>
			<trkpt lat="47.86628" lon="-123.845604">
				<ele>234.563828</ele>
				<time>2026-06-18T16:55:47Z</time>
			</trkpt>
			<trkpt lat="47.866249" lon="-123.845558">
				<ele>232.862</ele>
				<time>2026-06-18T16:55:52Z</time>
			</trkpt>
			<trkpt lat="47.866215" lon="-123.845291">
				<ele>238.769165</ele>
				<time>2026-06-18T16:56:07Z</time>
			</trkpt>
			<trkpt lat="47.866219" lon="-123.845215">
				<ele>239.022522</ele>
				<time>2026-06-18T16:56:11Z</time>
			</trkpt>
			<trkpt lat="47.86623" lon="-123.844658">
				<ele>235.135803</ele>
				<time>2026-06-18T16:56:39Z</time>
			</trkpt>
			<trkpt lat="47.866512" lon="-123.844177">
				<ele>241.07341</ele>
				<time>2026-06-18T16:57:12Z</time>
			</trkpt>
			<trkpt lat="47.866859" lon="-123.843781">
				<ele>233.026642</ele>
				<time>2026-06-18T16:57:46Z</time>
			</trkpt>
			<trkpt lat="47.867065" lon="-123.843376">
				<ele>241.216736</ele>
				<time>2026-06-18T16:58:19Z</time>
			</trkpt>
			<trkpt lat="47.867226" lon="-123.843376">
				<ele>237.29953</ele>
				<time>2026-06-18T17:00:46Z</time>
			</trkpt>
			<trkpt lat="47.867188" lon="-123.843338">
				<ele>239.34903</ele>
				<time>2026-06-18T17:01:01Z</time>
			</trkpt>
			<trkpt lat="47.867203" lon="-123.843277">
				<ele>237.756042</ele>
				<time>2026-06-18T17:01:25Z</time>
			</trkpt>
			<trkpt lat="47.867218" lon="-123.843208">
				<ele>245.423386</ele>
				<time>2026-06-18T17:07:09Z</time>
			</trkpt>
			<trkpt lat="47.867329" lon="-123.842911">
				<ele>238.76915</ele>
				<time>2026-06-18T17:07:28Z</time>
			</trkpt>
			<trkpt lat="47.867386" lon="-123.842636">
				<ele>244.539474</ele>
				<time>2026-06-18T17:07:47Z</time>
			</trkpt>
			<trkpt lat="47.867416" lon="-123.842499">
				<ele>242.177887</ele>
				<time>2026-06-18T17:07:54Z</time>
			</trkpt>
			<trkpt lat="47.867447" lon="-123.8423">
				<ele>241.483261</ele>
				<time>2026-06-18T17:08:03Z</time>
			</trkpt>
			<trkpt lat="47.867451" lon="-123.842232">
				<ele>242.413361</ele>
				<time>2026-06-18T17:08:06Z</time>
			</trkpt>
			<trkpt lat="47.867504" lon="-123.842018">
				<ele>241.097168</ele>
				<time>2026-06-18T17:08:17Z</time>
			</trkpt>
			<trkpt lat="47.867531" lon="-123.841805">
				<ele>238.030365</ele>
				<time>2026-06-18T17:08:28Z</time>
			</trkpt>
			<trkpt lat="47.867577" lon="-123.841667">
				<ele>238.396774</ele>
				<time>2026-06-18T17:08:36Z</time>
			</trkpt>
			<trkpt lat="47.867615" lon="-123.841225">
				<ele>236.804382</ele>
				<time>2026-06-18T17:08:59Z</time>
			</trkpt>
			<trkpt lat="47.867626" lon="-123.841087">
				<ele>238.063339</ele>
				<time>2026-06-18T17:09:06Z</time>
			</trkpt>
			<trkpt lat="47.867733" lon="-123.840752">
				<ele>235.14299</ele>
				<time>2026-06-18T17:09:27Z</time>
			</trkpt>
			<trkpt lat="47.867817" lon="-123.840263">
				<ele>242.788437</ele>
				<time>2026-06-18T17:09:55Z</time>
			</trkpt>
			<trkpt lat="47.867863" lon="-123.840141">
				<ele>240.506729</ele>
				<time>2026-06-18T17:10:03Z</time>
			</trkpt>
			<trkpt lat="47.867901" lon="-123.839958">
				<ele>241.819336</ele>
				<time>2026-06-18T17:10:14Z</time>
			</trkpt>
			<trkpt lat="47.867931" lon="-123.839821">
				<ele>240.438126</ele>
				<time>2026-06-18T17:10:21Z</time>
			</trkpt>
			<trkpt lat="47.867928" lon="-123.83976">
				<ele>242.566696</ele>
				<time>2026-06-18T17:10:24Z</time>
			</trkpt>
			<trkpt lat="47.867962" lon="-123.839691">
				<ele>241.584915</ele>
				<time>2026-06-18T17:10:28Z</time>
			</trkpt>
			<trkpt lat="47.868237" lon="-123.839355">
				<ele>244.70462</ele>
				<time>2026-06-18T17:10:54Z</time>
			</trkpt>
			<trkpt lat="47.868443" lon="-123.839035">
				<ele>238.796829</ele>
				<time>2026-06-18T17:11:28Z</time>
			</trkpt>
			<trkpt lat="47.868607" lon="-123.838623">
				<ele>244.549469</ele>
				<time>2026-06-18T17:11:57Z</time>
			</trkpt>
			<trkpt lat="47.868668" lon="-123.838409">
				<ele>243.287674</ele>
				<time>2026-06-18T17:12:12Z</time>
			</trkpt>
			<trkpt lat="47.868729" lon="-123.838112">
				<ele>245.37175</ele>
				<time>2026-06-18T17:12:28Z</time>
			</trkpt>
			<trkpt lat="47.868813" lon="-123.837784">
				<ele>242.060257</ele>
				<time>2026-06-18T17:12:48Z</time>
			</trkpt>
			<trkpt lat="47.86887" lon="-123.837585">
				<ele>244.439957</ele>
				<time>2026-06-18T17:12:59Z</time>
			</trkpt>
			<trkpt lat="47.868935" lon="-123.837387">
				<ele>242.87149</ele>
				<time>2026-06-18T17:13:10Z</time>
			</trkpt>
			<trkpt lat="47.868969" lon="-123.837242">
				<ele>246.347748</ele>
				<time>2026-06-18T17:13:19Z</time>
			</trkpt>
			<trkpt lat="47.869026" lon="-123.837112">
				<ele>246.5755</ele>
				<time>2026-06-18T17:13:27Z</time>
			</trkpt>
			<trkpt lat="47.869091" lon="-123.837006">
				<ele>246.30719</ele>
				<time>2026-06-18T17:13:34Z</time>
			</trkpt>
			<trkpt lat="47.869148" lon="-123.836807">
				<ele>249.637924</ele>
				<time>2026-06-18T17:13:48Z</time>
			</trkpt>
			<trkpt lat="47.869175" lon="-123.836739">
				<ele>247.463654</ele>
				<time>2026-06-18T17:13:53Z</time>
			</trkpt>
			<trkpt lat="47.869198" lon="-123.836678">
				<ele>248.617981</ele>
				<time>2026-06-18T17:13:57Z</time>
			</trkpt>
			<trkpt lat="47.869312" lon="-123.83654">
				<ele>246.404968</ele>
				<time>2026-06-18T17:14:15Z</time>
			</trkpt>
			<trkpt lat="47.8694" lon="-123.83638">
				<ele>247.509644</ele>
				<time>2026-06-18T17:14:34Z</time>
			</trkpt>
			<trkpt lat="47.869415" lon="-123.836304">
				<ele>246.529968</ele>
				<time>2026-06-18T17:14:38Z</time>
			</trkpt>
			<trkpt lat="47.869556" lon="-123.836014">
				<ele>254.650589</ele>
				<time>2026-06-18T17:15:00Z</time>
			</trkpt>
			<trkpt lat="47.869728" lon="-123.835709">
				<ele>247.099182</ele>
				<time>2026-06-18T17:15:27Z</time>
			</trkpt>
			<trkpt lat="47.869747" lon="-123.835648">
				<ele>247.038803</ele>
				<time>2026-06-18T17:15:30Z</time>
			</trkpt>
			<trkpt lat="47.869778" lon="-123.835449">
				<ele>251.615479</ele>
				<time>2026-06-18T17:15:47Z</time>
			</trkpt>
			<trkpt lat="47.869637" lon="-123.834969">
				<ele>244.569748</ele>
				<time>2026-06-18T17:16:16Z</time>
			</trkpt>
			<trkpt lat="47.869579" lon="-123.834785">
				<ele>247.587585</ele>
				<time>2026-06-18T17:16:26Z</time>
			</trkpt>
			<trkpt lat="47.869579" lon="-123.834702">
				<ele>246.246536</ele>
				<time>2026-06-18T17:16:30Z</time>
			</trkpt>
			<trkpt lat="47.869598" lon="-123.834641">
				<ele>246.910995</ele>
				<time>2026-06-18T17:16:34Z</time>
			</trkpt>
			<trkpt lat="47.869637" lon="-123.834328">
				<ele>241.253326</ele>
				<time>2026-06-18T17:16:55Z</time>
			</trkpt>
			<trkpt lat="47.869541" lon="-123.834152">
				<ele>242.458389</ele>
				<time>2026-06-18T17:17:08Z</time>
			</trkpt>
			<trkpt lat="47.869522" lon="-123.834091">
				<ele>241.372528</ele>
				<time>2026-06-18T17:17:11Z</time>
			</trkpt>
			<trkpt lat="47.869289" lon="-123.833855">
				<ele>249.066528</ele>
				<time>2026-06-18T17:17:36Z</time>
			</trkpt>
			<trkpt lat="47.869057" lon="-123.833725">
				<ele>246.867676</ele>
				<time>2026-06-18T17:17:55Z</time>
			</trkpt>
			<trkpt lat="47.869019" lon="-123.833687">
				<ele>247.552246</ele>
				<time>2026-06-18T17:17:59Z</time>
			</trkpt>
			<trkpt lat="47.868992" lon="-123.833626">
				<ele>247.083328</ele>
				<time>2026-06-18T17:18:01Z</time>
			</trkpt>
			<trkpt lat="47.868942" lon="-123.833496">
				<ele>247.350052</ele>
				<time>2026-06-18T17:18:08Z</time>
			</trkpt>
			<trkpt lat="47.868916" lon="-123.833427">
				<ele>247.052917</ele>
				<time>2026-06-18T17:18:12Z</time>
			</trkpt>
			<trkpt lat="47.868881" lon="-123.833382">
				<ele>247.395905</ele>
				<time>2026-06-18T17:18:15Z</time>
			</trkpt>
			<trkpt lat="47.868866" lon="-123.833321">
				<ele>246.563965</ele>
				<time>2026-06-18T17:18:20Z</time>
			</trkpt>
			<trkpt lat="47.868855" lon="-123.833099">
				<ele>246.995132</ele>
				<time>2026-06-18T17:18:32Z</time>
			</trkpt>
			<trkpt lat="47.868851" lon="-123.833031">
				<ele>248.772232</ele>
				<time>2026-06-18T17:18:36Z</time>
			</trkpt>
			<trkpt lat="47.868835" lon="-123.832962">
				<ele>248.565414</ele>
				<time>2026-06-18T17:18:40Z</time>
			</trkpt>
			<trkpt lat="47.868793" lon="-123.832611">
				<ele>251.159973</ele>
				<time>2026-06-18T17:18:58Z</time>
			</trkpt>
			<trkpt lat="47.868778" lon="-123.832535">
				<ele>249.423584</ele>
				<time>2026-06-18T17:19:02Z</time>
			</trkpt>
			<trkpt lat="47.868736" lon="-123.832169">
				<ele>248.226517</ele>
				<time>2026-06-18T17:19:22Z</time>
			</trkpt>
			<trkpt lat="47.868744" lon="-123.832008">
				<ele>248.825195</ele>
				<time>2026-06-18T17:19:30Z</time>
			</trkpt>
			<trkpt lat="47.868763" lon="-123.83181">
				<ele>246.637939</ele>
				<time>2026-06-18T17:19:40Z</time>
			</trkpt>
			<trkpt lat="47.868771" lon="-123.831726">
				<ele>247.264084</ele>
				<time>2026-06-18T17:19:44Z</time>
			</trkpt>
			<trkpt lat="47.868774" lon="-123.831596">
				<ele>244.050079</ele>
				<time>2026-06-18T17:19:50Z</time>
			</trkpt>
			<trkpt lat="47.868763" lon="-123.83139">
				<ele>245.466415</ele>
				<time>2026-06-18T17:20:03Z</time>
			</trkpt>
			<trkpt lat="47.868767" lon="-123.831314">
				<ele>245.048599</ele>
				<time>2026-06-18T17:20:07Z</time>
			</trkpt>
			<trkpt lat="47.868752" lon="-123.83094">
				<ele>251.012024</ele>
				<time>2026-06-18T17:20:28Z</time>
			</trkpt>
			<trkpt lat="47.868755" lon="-123.830711">
				<ele>247.492065</ele>
				<time>2026-06-18T17:20:37Z</time>
			</trkpt>
			<trkpt lat="47.868664" lon="-123.830467">
				<ele>246.560074</ele>
				<time>2026-06-18T17:20:56Z</time>
			</trkpt>
			<trkpt lat="47.868397" lon="-123.830208">
				<ele>255.196472</ele>
				<time>2026-06-18T17:21:25Z</time>
			</trkpt>
			<trkpt lat="47.868279" lon="-123.829735">
				<ele>252.632767</ele>
				<time>2026-06-18T17:21:54Z</time>
			</trkpt>
			<trkpt lat="47.868279" lon="-123.829597">
				<ele>254.944229</ele>
				<time>2026-06-18T17:22:04Z</time>
			</trkpt>
			<trkpt lat="47.868267" lon="-123.829338">
				<ele>253.0009</ele>
				<time>2026-06-18T17:22:23Z</time>
			</trkpt>
			<trkpt lat="47.868271" lon="-123.829208">
				<ele>253.858643</ele>
				<time>2026-06-18T17:22:34Z</time>
			</trkpt>
			<trkpt lat="47.868298" lon="-123.829041">
				<ele>251.472015</ele>
				<time>2026-06-18T17:22:44Z</time>
			</trkpt>
			<trkpt lat="47.868305" lon="-123.828896">
				<ele>253.628189</ele>
				<time>2026-06-18T17:22:54Z</time>
			</trkpt>
			<trkpt lat="47.868294" lon="-123.828827">
				<ele>253.726028</ele>
				<time>2026-06-18T17:22:57Z</time>
			</trkpt>
			<trkpt lat="47.868282" lon="-123.828751">
				<ele>253.001083</ele>
				<time>2026-06-18T17:23:01Z</time>
			</trkpt>
			<trkpt lat="47.868237" lon="-123.828621">
				<ele>254.214279</ele>
				<time>2026-06-18T17:23:10Z</time>
			</trkpt>
			<trkpt lat="47.86813" lon="-123.828392">
				<ele>252.478546</ele>
				<time>2026-06-18T17:23:24Z</time>
			</trkpt>
			<trkpt lat="47.868114" lon="-123.828331">
				<ele>253.460876</ele>
				<time>2026-06-18T17:23:28Z</time>
			</trkpt>
			<trkpt lat="47.868069" lon="-123.828285">
				<ele>252.094666</ele>
				<time>2026-06-18T17:23:32Z</time>
			</trkpt>
			<trkpt lat="47.868027" lon="-123.828255">
				<ele>252.218948</ele>
				<time>2026-06-18T17:23:36Z</time>
			</trkpt>
			<trkpt lat="47.867897" lon="-123.828171">
				<ele>255.639633</ele>
				<time>2026-06-18T17:23:48Z</time>
			</trkpt>
			<trkpt lat="47.867718" lon="-123.827766">
				<ele>252.806824</ele>
				<time>2026-06-18T17:24:16Z</time>
			</trkpt>
			<trkpt lat="47.867638" lon="-123.827606">
				<ele>257.999603</ele>
				<time>2026-06-18T17:24:28Z</time>
			</trkpt>
			<trkpt lat="47.86755" lon="-123.827332">
				<ele>253.798233</ele>
				<time>2026-06-18T17:24:45Z</time>
			</trkpt>
			<trkpt lat="47.867523" lon="-123.827271">
				<ele>254.829544</ele>
				<time>2026-06-18T17:24:50Z</time>
			</trkpt>
			<trkpt lat="47.867519" lon="-123.827194">
				<ele>254.315842</ele>
				<time>2026-06-18T17:24:53Z</time>
			</trkpt>
			<trkpt lat="47.867455" lon="-123.826904">
				<ele>255.741852</ele>
				<time>2026-06-18T17:25:08Z</time>
			</trkpt>
			<trkpt lat="47.867432" lon="-123.826561">
				<ele>250.962769</ele>
				<time>2026-06-18T17:25:24Z</time>
			</trkpt>
			<trkpt lat="47.867519" lon="-123.826401">
				<ele>255.889343</ele>
				<time>2026-06-18T17:25:36Z</time>
			</trkpt>
			<trkpt lat="47.867626" lon="-123.825989">
				<ele>253.338043</ele>
				<time>2026-06-18T17:26:01Z</time>
			</trkpt>
			<trkpt lat="47.867626" lon="-123.825859">
				<ele>256.293732</ele>
				<time>2026-06-18T17:26:10Z</time>
			</trkpt>
			<trkpt lat="47.867638" lon="-123.825775">
				<ele>256.312378</ele>
				<time>2026-06-18T17:26:14Z</time>
			</trkpt>
			<trkpt lat="47.867645" lon="-123.825706">
				<ele>255.396194</ele>
				<time>2026-06-18T17:26:18Z</time>
			</trkpt>
			<trkpt lat="47.867687" lon="-123.825447">
				<ele>255.8703</ele>
				<time>2026-06-18T17:26:34Z</time>
			</trkpt>
			<trkpt lat="47.867687" lon="-123.825363">
				<ele>255.274612</ele>
				<time>2026-06-18T17:26:38Z</time>
			</trkpt>
			<trkpt lat="47.867672" lon="-123.825081">
				<ele>259.031921</ele>
				<time>2026-06-18T17:26:56Z</time>
			</trkpt>
			<trkpt lat="47.867683" lon="-123.824936">
				<ele>259.422241</ele>
				<time>2026-06-18T17:27:03Z</time>
			</trkpt>
			<trkpt lat="47.867668" lon="-123.824722">
				<ele>256.626251</ele>
				<time>2026-06-18T17:27:15Z</time>
			</trkpt>
			<trkpt lat="47.867653" lon="-123.82457">
				<ele>259.196533</ele>
				<time>2026-06-18T17:27:25Z</time>
			</trkpt>
			<trkpt lat="47.867649" lon="-123.824501">
				<ele>258.689697</ele>
				<time>2026-06-18T17:27:28Z</time>
			</trkpt>
			<trkpt lat="47.867638" lon="-123.824295">
				<ele>260.184875</ele>
				<time>2026-06-18T17:27:42Z</time>
			</trkpt>
			<trkpt lat="47.867615" lon="-123.824234">
				<ele>259.163788</ele>
				<time>2026-06-18T17:27:47Z</time>
			</trkpt>
			<trkpt lat="47.86742" lon="-123.824005">
				<ele>263.560608</ele>
				<time>2026-06-18T17:28:08Z</time>
			</trkpt>
			<trkpt lat="47.867428" lon="-123.823929">
				<ele>262.06897</ele>
				<time>2026-06-18T17:28:11Z</time>
			</trkpt>
			<trkpt lat="47.867447" lon="-123.823792">
				<ele>263.219269</ele>
				<time>2026-06-18T17:28:19Z</time>
			</trkpt>
			<trkpt lat="47.867825" lon="-123.823563">
				<ele>268.898407</ele>
				<time>2026-06-18T17:29:04Z</time>
			</trkpt>
			<trkpt lat="47.867859" lon="-123.823517">
				<ele>269.006989</ele>
				<time>2026-06-18T17:29:09Z</time>
			</trkpt>
			<trkpt lat="47.868141" lon="-123.823395">
				<ele>262.030396</ele>
				<time>2026-06-18T17:30:27Z</time>
			</trkpt>
			<trkpt lat="47.868183" lon="-123.823196">
				<ele>265.403748</ele>
				<time>2026-06-18T17:30:43Z</time>
			</trkpt>
			<trkpt lat="47.868179" lon="-123.823128">
				<ele>265.607208</ele>
				<time>2026-06-18T17:30:46Z</time>
			</trkpt>
			<trkpt lat="47.868195" lon="-123.823044">
				<ele>263.075348</ele>
				<time>2026-06-18T17:30:49Z</time>
			</trkpt>
			<trkpt lat="47.868198" lon="-123.822975">
				<ele>262.915314</ele>
				<time>2026-06-18T17:30:54Z</time>
			</trkpt>
			<trkpt lat="47.868221" lon="-123.822914">
				<ele>263.669617</ele>
				<time>2026-06-18T17:30:58Z</time>
			</trkpt>
			<trkpt lat="47.868221" lon="-123.822845">
				<ele>262.350891</ele>
				<time>2026-06-18T17:31:03Z</time>
			</trkpt>
			<trkpt lat="47.86829" lon="-123.822472">
				<ele>267.996338</ele>
				<time>2026-06-18T17:31:27Z</time>
			</trkpt>
			<trkpt lat="47.868309" lon="-123.822403">
				<ele>267.943176</ele>
				<time>2026-06-18T17:31:32Z</time>
			</trkpt>
			<trkpt lat="47.868351" lon="-123.822258">
				<ele>268.685181</ele>
				<time>2026-06-18T17:31:39Z</time>
			</trkpt>
			<trkpt lat="47.868385" lon="-123.822121">
				<ele>268.260773</ele>
				<time>2026-06-18T17:31:47Z</time>
			</trkpt>
			<trkpt lat="47.868397" lon="-123.822052">
				<ele>268.271454</ele>
				<time>2026-06-18T17:31:50Z</time>
			</trkpt>
			<trkpt lat="47.868401" lon="-123.821983">
				<ele>267.059662</ele>
				<time>2026-06-18T17:31:54Z</time>
			</trkpt>
			<trkpt lat="47.868416" lon="-123.821838">
				<ele>269.013763</ele>
				<time>2026-06-18T17:32:03Z</time>
			</trkpt>
			<trkpt lat="47.868446" lon="-123.821701">
				<ele>266.965576</ele>
				<time>2026-06-18T17:32:11Z</time>
			</trkpt>
			<trkpt lat="47.868473" lon="-123.821648">
				<ele>267.462769</ele>
				<time>2026-06-18T17:32:16Z</time>
			</trkpt>
			<trkpt lat="47.868504" lon="-123.821419">
				<ele>266.248016</ele>
				<time>2026-06-18T17:32:28Z</time>
			</trkpt>
			<trkpt lat="47.868511" lon="-123.821342">
				<ele>266.931458</ele>
				<time>2026-06-18T17:32:32Z</time>
			</trkpt>
			<trkpt lat="47.868511" lon="-123.821266">
				<ele>266.594727</ele>
				<time>2026-06-18T17:32:37Z</time>
			</trkpt>
			<trkpt lat="47.86853" lon="-123.821205">
				<ele>266.83078</ele>
				<time>2026-06-18T17:32:41Z</time>
			</trkpt>
			<trkpt lat="47.868557" lon="-123.821121">
				<ele>265.503601</ele>
				<time>2026-06-18T17:32:45Z</time>
			</trkpt>
			<trkpt lat="47.86858" lon="-123.820969">
				<ele>267.554291</ele>
				<time>2026-06-18T17:32:54Z</time>
			</trkpt>
			<trkpt lat="47.868626" lon="-123.820854">
				<ele>267.081543</ele>
				<time>2026-06-18T17:33:01Z</time>
			</trkpt>
			<trkpt lat="47.86882" lon="-123.820747">
				<ele>270.030548</ele>
				<time>2026-06-18T17:33:22Z</time>
			</trkpt>
			<trkpt lat="47.868778" lon="-123.820457">
				<ele>266.698212</ele>
				<time>2026-06-18T17:33:47Z</time>
			</trkpt>
			<trkpt lat="47.868786" lon="-123.82032">
				<ele>271.765778</ele>
				<time>2026-06-18T17:33:57Z</time>
			</trkpt>
			<trkpt lat="47.868885" lon="-123.820152">
				<ele>266.240295</ele>
				<time>2026-06-18T17:34:10Z</time>
			</trkpt>
			<trkpt lat="47.868965" lon="-123.819992">
				<ele>270.63974</ele>
				<time>2026-06-18T17:34:22Z</time>
			</trkpt>
			<trkpt lat="47.868992" lon="-123.819931">
				<ele>270.956543</ele>
				<time>2026-06-18T17:34:28Z</time>
			</trkpt>
			<trkpt lat="47.869003" lon="-123.819855">
				<ele>268.872314</ele>
				<time>2026-06-18T17:34:32Z</time>
			</trkpt>
			<trkpt lat="47.869152" lon="-123.819649">
				<ele>272.999481</ele>
				<time>2026-06-18T17:34:48Z</time>
			</trkpt>
			<trkpt lat="47.869251" lon="-123.819504">
				<ele>270.671692</ele>
				<time>2026-06-18T17:35:00Z</time>
			</trkpt>
			<trkpt lat="47.869339" lon="-123.819321">
				<ele>273.965179</ele>
				<time>2026-06-18T17:35:16Z</time>
			</trkpt>
			<trkpt lat="47.869385" lon="-123.819199">
				<ele>272.687683</ele>
				<time>2026-06-18T17:35:25Z</time>
			</trkpt>
			<trkpt lat="47.869484" lon="-123.818977">
				<ele>276.567047</ele>
				<time>2026-06-18T17:35:43Z</time>
			</trkpt>
			<trkpt lat="47.869518" lon="-123.818916">
				<ele>276.663544</ele>
				<time>2026-06-18T17:35:47Z</time>
			</trkpt>
			<trkpt lat="47.869553" lon="-123.818855">
				<ele>276.352112</ele>
				<time>2026-06-18T17:35:52Z</time>
			</trkpt>
			<trkpt lat="47.869587" lon="-123.818794">
				<ele>277.259277</ele>
				<time>2026-06-18T17:35:56Z</time>
			</trkpt>
			<trkpt lat="47.869637" lon="-123.818672">
				<ele>276.282928</ele>
				<time>2026-06-18T17:36:05Z</time>
			</trkpt>
			<trkpt lat="47.869659" lon="-123.818604">
				<ele>277.030762</ele>
				<time>2026-06-18T17:36:09Z</time>
			</trkpt>
			<trkpt lat="47.869713" lon="-123.818489">
				<ele>276.677032</ele>
				<time>2026-06-18T17:36:17Z</time>
			</trkpt>
			<trkpt lat="47.869736" lon="-123.818428">
				<ele>275.502197</ele>
				<time>2026-06-18T17:36:21Z</time>
			</trkpt>
			<trkpt lat="47.869755" lon="-123.818367">
				<ele>276.142731</ele>
				<time>2026-06-18T17:36:26Z</time>
			</trkpt>
			<trkpt lat="47.86977" lon="-123.818306">
				<ele>275.645355</ele>
				<time>2026-06-18T17:36:30Z</time>
			</trkpt>
			<trkpt lat="47.869789" lon="-123.818108">
				<ele>269.491852</ele>
				<time>2026-06-18T17:37:00Z</time>
			</trkpt>
			<trkpt lat="47.869797" lon="-123.818039">
				<ele>272.573059</ele>
				<time>2026-06-18T17:37:06Z</time>
			</trkpt>
			<trkpt lat="47.869812" lon="-123.817879">
				<ele>270.926178</ele>
				<time>2026-06-18T17:37:15Z</time>
			</trkpt>
			<trkpt lat="47.869831" lon="-123.817726">
				<ele>274.017456</ele>
				<time>2026-06-18T17:37:24Z</time>
			</trkpt>
			<trkpt lat="47.869843" lon="-123.817436">
				<ele>274.89563</ele>
				<time>2026-06-18T17:37:40Z</time>
			</trkpt>
			<trkpt lat="47.869827" lon="-123.817375">
				<ele>273.701141</ele>
				<time>2026-06-18T17:37:47Z</time>
			</trkpt>
			<trkpt lat="47.869778" lon="-123.817352">
				<ele>275.540833</ele>
				<time>2026-06-18T17:37:53Z</time>
			</trkpt>
			<trkpt lat="47.869747" lon="-123.817101">
				<ele>273.605927</ele>
				<time>2026-06-18T17:38:06Z</time>
			</trkpt>
			<trkpt lat="47.869766" lon="-123.817032">
				<ele>273.718994</ele>
				<time>2026-06-18T17:38:11Z</time>
			</trkpt>
			<trkpt lat="47.869785" lon="-123.816826">
				<ele>265.930237</ele>
				<time>2026-06-18T17:38:35Z</time>
			</trkpt>
			<trkpt lat="47.86969" lon="-123.816803">
				<ele>267.486176</ele>
				<time>2026-06-18T17:38:45Z</time>
			</trkpt>
			<trkpt lat="47.869476" lon="-123.816658">
				<ele>264.602295</ele>
				<time>2026-06-18T17:39:06Z</time>
			</trkpt>
			<trkpt lat="47.869377" lon="-123.816666">
				<ele>267.71524</ele>
				<time>2026-06-18T17:39:17Z</time>
			</trkpt>
			<trkpt lat="47.869385" lon="-123.816597">
				<ele>267.717133</ele>
				<time>2026-06-18T17:39:20Z</time>
			</trkpt>
			<trkpt lat="47.869411" lon="-123.816536">
				<ele>265.669342</ele>
				<time>2026-06-18T17:39:25Z</time>
			</trkpt>
			<trkpt lat="47.86953" lon="-123.816483">
				<ele>270.337067</ele>
				<time>2026-06-18T17:39:41Z</time>
			</trkpt>
			<trkpt lat="47.86961" lon="-123.816414">
				<ele>267.867432</ele>
				<time>2026-06-18T17:39:58Z</time>
			</trkpt>
			<trkpt lat="47.869534" lon="-123.816185">
				<ele>274.517303</ele>
				<time>2026-06-18T17:40:29Z</time>
			</trkpt>
			<trkpt lat="47.869358" lon="-123.815666">
				<ele>266.19812</ele>
				<time>2026-06-18T17:41:08Z</time>
			</trkpt>
			<trkpt lat="47.869392" lon="-123.815437">
				<ele>268.905701</ele>
				<time>2026-06-18T17:41:23Z</time>
			</trkpt>
			<trkpt lat="47.869396" lon="-123.815361">
				<ele>268.671387</ele>
				<time>2026-06-18T17:41:28Z</time>
			</trkpt>
			<trkpt lat="47.869408" lon="-123.815208">
				<ele>269.299805</ele>
				<time>2026-06-18T17:41:35Z</time>
			</trkpt>
			<trkpt lat="47.869514" lon="-123.814903">
				<ele>274.138245</ele>
				<time>2026-06-18T17:41:57Z</time>
			</trkpt>
			<trkpt lat="47.86964" lon="-123.814423">
				<ele>267.341888</ele>
				<time>2026-06-18T17:42:28Z</time>
			</trkpt>
			<trkpt lat="47.869751" lon="-123.814194">
				<ele>270.781525</ele>
				<time>2026-06-18T17:42:49Z</time>
			</trkpt>
			<trkpt lat="47.869843" lon="-123.814171">
				<ele>267.957886</ele>
				<time>2026-06-18T17:42:58Z</time>
			</trkpt>
			<trkpt lat="47.870113" lon="-123.814003">
				<ele>274.854858</ele>
				<time>2026-06-18T17:43:31Z</time>
			</trkpt>
			<trkpt lat="47.870152" lon="-123.813957">
				<ele>273.432281</ele>
				<time>2026-06-18T17:43:36Z</time>
			</trkpt>
			<trkpt lat="47.870296" lon="-123.813797">
				<ele>281.037384</ele>
				<time>2026-06-18T17:44:01Z</time>
			</trkpt>
			<trkpt lat="47.870728" lon="-123.813499">
				<ele>272.945435</ele>
				<time>2026-06-18T17:44:50Z</time>
			</trkpt>
			<trkpt lat="47.870811" lon="-123.813324">
				<ele>276.42923</ele>
				<time>2026-06-18T17:45:04Z</time>
			</trkpt>
			<trkpt lat="47.870827" lon="-123.813255">
				<ele>276.223236</ele>
				<time>2026-06-18T17:45:09Z</time>
			</trkpt>
			<trkpt lat="47.870949" lon="-123.812881">
				<ele>277.185913</ele>
				<time>2026-06-18T17:45:37Z</time>
			</trkpt>
			<trkpt lat="47.87096" lon="-123.812737">
				<ele>279.70752</ele>
				<time>2026-06-18T17:45:46Z</time>
			</trkpt>
			<trkpt lat="47.870979" lon="-123.812668">
				<ele>278.613434</ele>
				<time>2026-06-18T17:45:51Z</time>
			</trkpt>
			<trkpt lat="47.871014" lon="-123.812622">
				<ele>281.05661</ele>
				<time>2026-06-18T17:45:59Z</time>
			</trkpt>
			<trkpt lat="47.871052" lon="-123.812431">
				<ele>275.622223</ele>
				<time>2026-06-18T17:46:08Z</time>
			</trkpt>
			<trkpt lat="47.871056" lon="-123.812363">
				<ele>275.217529</ele>
				<time>2026-06-18T17:46:11Z</time>
			</trkpt>
			<trkpt lat="47.871059" lon="-123.812294">
				<ele>276.805115</ele>
				<time>2026-06-18T17:46:17Z</time>
			</trkpt>
			<trkpt lat="47.871296" lon="-123.811401">
				<ele>268.401062</ele>
				<time>2026-06-18T17:47:24Z</time>
			</trkpt>
			<trkpt lat="47.871365" lon="-123.81131">
				<ele>270.520416</ele>
				<time>2026-06-18T17:47:33Z</time>
			</trkpt>
			<trkpt lat="47.871445" lon="-123.811218">
				<ele>269.604584</ele>
				<time>2026-06-18T17:47:40Z</time>
			</trkpt>
			<trkpt lat="47.871597" lon="-123.810951">
				<ele>272.759521</ele>
				<time>2026-06-18T17:48:02Z</time>
			</trkpt>
			<trkpt lat="47.871765" lon="-123.810608">
				<ele>267.461884</ele>
				<time>2026-06-18T17:48:26Z</time>
			</trkpt>
			<trkpt lat="47.871841" lon="-123.81044">
				<ele>272.60788</ele>
				<time>2026-06-18T17:48:38Z</time>
			</trkpt>
			<trkpt lat="47.871864" lon="-123.810387">
				<ele>273.251221</ele>
				<time>2026-06-18T17:48:42Z</time>
			</trkpt>
			<trkpt lat="47.871918" lon="-123.810272">
				<ele>270.691864</ele>
				<time>2026-06-18T17:48:49Z</time>
			</trkpt>
			<trkpt lat="47.872108" lon="-123.810089">
				<ele>276.322693</ele>
				<time>2026-06-18T17:49:11Z</time>
			</trkpt>
			<trkpt lat="47.872112" lon="-123.809929">
				<ele>273.686127</ele>
				<time>2026-06-18T17:49:30Z</time>
			</trkpt>
			<trkpt lat="47.872108" lon="-123.809784">
				<ele>277.289764</ele>
				<time>2026-06-18T17:49:39Z</time>
			</trkpt>
			<trkpt lat="47.872139" lon="-123.809723">
				<ele>275.255676</ele>
				<time>2026-06-18T17:49:44Z</time>
			</trkpt>
			<trkpt lat="47.872356" lon="-123.809448">
				<ele>277.312836</ele>
				<time>2026-06-18T17:50:09Z</time>
			</trkpt>
			<trkpt lat="47.872425" lon="-123.809273">
				<ele>273.586548</ele>
				<time>2026-06-18T17:50:21Z</time>
			</trkpt>
			<trkpt lat="47.872498" lon="-123.809097">
				<ele>274.725403</ele>
				<time>2026-06-18T17:50:32Z</time>
			</trkpt>
			<trkpt lat="47.872524" lon="-123.809036">
				<ele>273.562286</ele>
				<time>2026-06-18T17:50:36Z</time>
			</trkpt>
			<trkpt lat="47.872517" lon="-123.808968">
				<ele>274.001617</ele>
				<time>2026-06-18T17:50:41Z</time>
			</trkpt>
			<trkpt lat="47.872532" lon="-123.808907">
				<ele>273.808502</ele>
				<time>2026-06-18T17:50:44Z</time>
			</trkpt>
			<trkpt lat="47.872662" lon="-123.808586">
				<ele>268.155182</ele>
				<time>2026-06-18T17:51:04Z</time>
			</trkpt>
			<trkpt lat="47.872768" lon="-123.808327">
				<ele>272.126953</ele>
				<time>2026-06-18T17:51:22Z</time>
			</trkpt>
			<trkpt lat="47.872795" lon="-123.808266">
				<ele>270.11911</ele>
				<time>2026-06-18T17:51:26Z</time>
			</trkpt>
			<trkpt lat="47.872875" lon="-123.808029">
				<ele>271.674591</ele>
				<time>2026-06-18T17:51:42Z</time>
			</trkpt>
			<trkpt lat="47.87289" lon="-123.807968">
				<ele>270.565796</ele>
				<time>2026-06-18T17:51:46Z</time>
			</trkpt>
			<trkpt lat="47.873055" lon="-123.807678">
				<ele>277.32312</ele>
				<time>2026-06-18T17:52:04Z</time>
			</trkpt>
			<trkpt lat="47.873165" lon="-123.807449">
				<ele>275.230927</ele>
				<time>2026-06-18T17:52:20Z</time>
			</trkpt>
			<trkpt lat="47.873234" lon="-123.807175">
				<ele>276.529236</ele>
				<time>2026-06-18T17:52:37Z</time>
			</trkpt>
			<trkpt lat="47.873257" lon="-123.807121">
				<ele>275.866882</ele>
				<time>2026-06-18T17:52:41Z</time>
			</trkpt>
			<trkpt lat="47.873287" lon="-123.806984">
				<ele>277.405701</ele>
				<time>2026-06-18T17:52:49Z</time>
			</trkpt>
			<trkpt lat="47.873352" lon="-123.806725">
				<ele>274.401398</ele>
				<time>2026-06-18T17:53:04Z</time>
			</trkpt>
			<trkpt lat="47.873432" lon="-123.806526">
				<ele>277.627319</ele>
				<time>2026-06-18T17:53:17Z</time>
			</trkpt>
			<trkpt lat="47.873428" lon="-123.806282">
				<ele>272.16571</ele>
				<time>2026-06-18T17:53:30Z</time>
			</trkpt>
			<trkpt lat="47.87344" lon="-123.806213">
				<ele>271.824097</ele>
				<time>2026-06-18T17:53:34Z</time>
			</trkpt>
			<trkpt lat="47.873455" lon="-123.806129">
				<ele>272.204834</ele>
				<time>2026-06-18T17:53:38Z</time>
			</trkpt>
			<trkpt lat="47.873466" lon="-123.806068">
				<ele>271.664429</ele>
				<time>2026-06-18T17:53:42Z</time>
			</trkpt>
			<trkpt lat="47.873505" lon="-123.805931">
				<ele>273.185089</ele>
				<time>2026-06-18T17:53:50Z</time>
			</trkpt>
			<trkpt lat="47.873566" lon="-123.80574">
				<ele>271.061493</ele>
				<time>2026-06-18T17:54:01Z</time>
			</trkpt>
			<trkpt lat="47.873592" lon="-123.805679">
				<ele>271.721863</ele>
				<time>2026-06-18T17:54:05Z</time>
			</trkpt>
			<trkpt lat="47.873707" lon="-123.805344">
				<ele>269.346802</ele>
				<time>2026-06-18T17:54:24Z</time>
			</trkpt>
			<trkpt lat="47.873821" lon="-123.805023">
				<ele>275.261078</ele>
				<time>2026-06-18T17:54:45Z</time>
			</trkpt>
			<trkpt lat="47.873852" lon="-123.80497">
				<ele>274.117035</ele>
				<time>2026-06-18T17:54:49Z</time>
			</trkpt>
			<trkpt lat="47.87389" lon="-123.804832">
				<ele>275.083618</ele>
				<time>2026-06-18T17:55:00Z</time>
			</trkpt>
			<trkpt lat="47.873947" lon="-123.804688">
				<ele>272.212097</ele>
				<time>2026-06-18T17:55:06Z</time>
			</trkpt>
			<trkpt lat="47.873974" lon="-123.804642">
				<ele>273.945343</ele>
				<time>2026-06-18T17:55:09Z</time>
			</trkpt>
			<trkpt lat="47.873997" lon="-123.804581">
				<ele>273.225739</ele>
				<time>2026-06-18T17:55:13Z</time>
			</trkpt>
			<trkpt lat="47.874119" lon="-123.804276">
				<ele>281.025909</ele>
				<time>2026-06-18T17:55:37Z</time>
			</trkpt>
			<trkpt lat="47.874222" lon="-123.804031">
				<ele>276.267853</ele>
				<time>2026-06-18T17:55:56Z</time>
			</trkpt>
			<trkpt lat="47.874241" lon="-123.803963">
				<ele>275.57193</ele>
				<time>2026-06-18T17:55:59Z</time>
			</trkpt>
			<trkpt lat="47.874264" lon="-123.803894">
				<ele>276.851135</ele>
				<time>2026-06-18T17:56:04Z</time>
			</trkpt>
			<trkpt lat="47.874363" lon="-123.803566">
				<ele>272.925934</ele>
				<time>2026-06-18T17:56:24Z</time>
			</trkpt>
			<trkpt lat="47.874454" lon="-123.803185">
				<ele>279.493866</ele>
				<time>2026-06-18T17:56:51Z</time>
			</trkpt>
			<trkpt lat="47.8745" lon="-123.802849">
				<ele>276.403137</ele>
				<time>2026-06-18T17:57:12Z</time>
			</trkpt>
			<trkpt lat="47.874481" lon="-123.802567">
				<ele>276.831116</ele>
				<time>2026-06-18T17:57:30Z</time>
			</trkpt>
			<trkpt lat="47.874512" lon="-123.802406">
				<ele>278.904236</ele>
				<time>2026-06-18T17:57:36Z</time>
			</trkpt>
			<trkpt lat="47.874508" lon="-123.802261">
				<ele>277.895966</ele>
				<time>2026-06-18T17:57:44Z</time>
			</trkpt>
			<trkpt lat="47.874504" lon="-123.8022">
				<ele>279.106873</ele>
				<time>2026-06-18T17:57:47Z</time>
			</trkpt>
			<trkpt lat="47.874516" lon="-123.802124">
				<ele>279.020844</ele>
				<time>2026-06-18T17:57:51Z</time>
			</trkpt>
			<trkpt lat="47.874519" lon="-123.801979">
				<ele>276.576874</ele>
				<time>2026-06-18T17:57:59Z</time>
			</trkpt>
			<trkpt lat="47.874554" lon="-123.801826">
				<ele>276.023438</ele>
				<time>2026-06-18T17:58:07Z</time>
			</trkpt>
			<trkpt lat="47.874569" lon="-123.801765">
				<ele>276.703156</ele>
				<time>2026-06-18T17:58:10Z</time>
			</trkpt>
			<trkpt lat="47.87458" lon="-123.801689">
				<ele>275.514099</ele>
				<time>2026-06-18T17:58:14Z</time>
			</trkpt>
			<trkpt lat="47.874588" lon="-123.801613">
				<ele>276.273834</ele>
				<time>2026-06-18T17:58:19Z</time>
			</trkpt>
			<trkpt lat="47.874619" lon="-123.801392">
				<ele>272.90152</ele>
				<time>2026-06-18T17:58:31Z</time>
			</trkpt>
			<trkpt lat="47.874615" lon="-123.80117">
				<ele>275.596436</ele>
				<time>2026-06-18T17:58:42Z</time>
			</trkpt>
			<trkpt lat="47.87463" lon="-123.800674">
				<ele>271.166107</ele>
				<time>2026-06-18T17:59:08Z</time>
			</trkpt>
			<trkpt lat="47.874619" lon="-123.800385">
				<ele>273.710846</ele>
				<time>2026-06-18T17:59:25Z</time>
			</trkpt>
			<trkpt lat="47.874615" lon="-123.800095">
				<ele>267.174133</ele>
				<time>2026-06-18T17:59:39Z</time>
			</trkpt>
			<trkpt lat="47.87463" lon="-123.800034">
				<ele>267.471191</ele>
				<time>2026-06-18T17:59:43Z</time>
			</trkpt>
			<trkpt lat="47.87463" lon="-123.799881">
				<ele>266.708893</ele>
				<time>2026-06-18T17:59:51Z</time>
			</trkpt>
			<trkpt lat="47.874645" lon="-123.799583">
				<ele>269.497345</ele>
				<time>2026-06-18T18:00:08Z</time>
			</trkpt>
			<trkpt lat="47.874645" lon="-123.799507">
				<ele>268.932281</ele>
				<time>2026-06-18T18:00:12Z</time>
			</trkpt>
			<trkpt lat="47.874687" lon="-123.799393">
				<ele>273.143707</ele>
				<time>2026-06-18T18:00:19Z</time>
			</trkpt>
			<trkpt lat="47.874714" lon="-123.798988">
				<ele>271.864105</ele>
				<time>2026-06-18T18:00:45Z</time>
			</trkpt>
			<trkpt lat="47.874702" lon="-123.798866">
				<ele>273.170959</ele>
				<time>2026-06-18T18:00:51Z</time>
			</trkpt>
			<trkpt lat="47.874622" lon="-123.798523">
				<ele>266.621033</ele>
				<time>2026-06-18T18:01:09Z</time>
			</trkpt>
			<trkpt lat="47.874573" lon="-123.798172">
				<ele>271.40097</ele>
				<time>2026-06-18T18:01:30Z</time>
			</trkpt>
			<trkpt lat="47.874527" lon="-123.79805">
				<ele>270.816345</ele>
				<time>2026-06-18T18:01:38Z</time>
			</trkpt>
			<trkpt lat="47.874355" lon="-123.797859">
				<ele>273.707001</ele>
				<time>2026-06-18T18:01:57Z</time>
			</trkpt>
			<trkpt lat="47.874336" lon="-123.797791">
				<ele>272.95462</ele>
				<time>2026-06-18T18:02:01Z</time>
			</trkpt>
			<trkpt lat="47.874336" lon="-123.797661">
				<ele>273.589478</ele>
				<time>2026-06-18T18:02:08Z</time>
			</trkpt>
			<trkpt lat="47.87439" lon="-123.797554">
				<ele>271.165009</ele>
				<time>2026-06-18T18:02:15Z</time>
			</trkpt>
			<trkpt lat="47.874424" lon="-123.797501">
				<ele>271.32016</ele>
				<time>2026-06-18T18:02:19Z</time>
			</trkpt>
			<trkpt lat="47.874435" lon="-123.79744">
				<ele>271.038361</ele>
				<time>2026-06-18T18:02:24Z</time>
			</trkpt>
			<trkpt lat="47.874454" lon="-123.797379">
				<ele>273.380035</ele>
				<time>2026-06-18T18:02:29Z</time>
			</trkpt>
			<trkpt lat="47.874493" lon="-123.797096">
				<ele>270.923004</ele>
				<time>2026-06-18T18:02:43Z</time>
			</trkpt>
			<trkpt lat="47.874512" lon="-123.796814">
				<ele>271.918335</ele>
				<time>2026-06-18T18:03:01Z</time>
			</trkpt>
			<trkpt lat="47.874523" lon="-123.7966">
				<ele>270.058746</ele>
				<time>2026-06-18T18:03:16Z</time>
			</trkpt>
			<trkpt lat="47.874531" lon="-123.796471">
				<ele>271.55838</ele>
				<time>2026-06-18T18:03:25Z</time>
			</trkpt>
			<trkpt lat="47.874569" lon="-123.796425">
				<ele>269.023712</ele>
				<time>2026-06-18T18:03:31Z</time>
			</trkpt>
			<trkpt lat="47.874577" lon="-123.796295">
				<ele>271.00946</ele>
				<time>2026-06-18T18:03:39Z</time>
			</trkpt>
			<trkpt lat="47.874619" lon="-123.796165">
				<ele>270.336639</ele>
				<time>2026-06-18T18:03:47Z</time>
			</trkpt>
			<trkpt lat="47.874619" lon="-123.796089">
				<ele>270.936157</ele>
				<time>2026-06-18T18:03:52Z</time>
			</trkpt>
			<trkpt lat="47.874588" lon="-123.795876">
				<ele>275.984741</ele>
				<time>2026-06-18T18:04:08Z</time>
			</trkpt>
			<trkpt lat="47.874615" lon="-123.795746">
				<ele>274.297424</ele>
				<time>2026-06-18T18:04:15Z</time>
			</trkpt>
			<trkpt lat="47.87466" lon="-123.7957">
				<ele>276.458405</ele>
				<time>2026-06-18T18:04:20Z</time>
			</trkpt>
			<trkpt lat="47.874752" lon="-123.795639">
				<ele>272.346771</ele>
				<time>2026-06-18T18:04:30Z</time>
			</trkpt>
			<trkpt lat="47.874886" lon="-123.79554">
				<ele>274.150696</ele>
				<time>2026-06-18T18:04:43Z</time>
			</trkpt>
			<trkpt lat="47.874908" lon="-123.795464">
				<ele>273.587433</ele>
				<time>2026-06-18T18:04:48Z</time>
			</trkpt>
			<trkpt lat="47.874935" lon="-123.795403">
				<ele>274.172943</ele>
				<time>2026-06-18T18:04:52Z</time>
			</trkpt>
			<trkpt lat="47.875084" lon="-123.795113">
				<ele>269.538239</ele>
				<time>2026-06-18T18:05:12Z</time>
			</trkpt>
			<trkpt lat="47.875114" lon="-123.794983">
				<ele>272.468872</ele>
				<time>2026-06-18T18:05:23Z</time>
			</trkpt>
			<trkpt lat="47.875137" lon="-123.794922">
				<ele>271.708282</ele>
				<time>2026-06-18T18:05:26Z</time>
			</trkpt>
			<trkpt lat="47.875183" lon="-123.794792">
				<ele>272.895905</ele>
				<time>2026-06-18T18:05:37Z</time>
			</trkpt>
			<trkpt lat="47.87529" lon="-123.794556">
				<ele>279.600861</ele>
				<time>2026-06-18T18:05:56Z</time>
			</trkpt>
			<trkpt lat="47.875366" lon="-123.79435">
				<ele>275.831207</ele>
				<time>2026-06-18T18:06:13Z</time>
			</trkpt>
			<trkpt lat="47.875404" lon="-123.794304">
				<ele>279.427124</ele>
				<time>2026-06-18T18:06:18Z</time>
			</trkpt>
			<trkpt lat="47.875443" lon="-123.794243">
				<ele>277.184265</ele>
				<time>2026-06-18T18:06:24Z</time>
			</trkpt>
			<trkpt lat="47.87545" lon="-123.794174">
				<ele>279.026245</ele>
				<time>2026-06-18T18:06:30Z</time>
			</trkpt>
			<trkpt lat="47.875462" lon="-123.793968">
				<ele>277.032379</ele>
				<time>2026-06-18T18:06:43Z</time>
			</trkpt>
			<trkpt lat="47.875549" lon="-123.79351">
				<ele>287.059021</ele>
				<time>2026-06-18T18:07:19Z</time>
			</trkpt>
			<trkpt lat="47.875565" lon="-123.793381">
				<ele>285.355225</ele>
				<time>2026-06-18T18:07:27Z</time>
			</trkpt>
			<trkpt lat="47.875584" lon="-123.793228">
				<ele>288.365479</ele>
				<time>2026-06-18T18:07:39Z</time>
			</trkpt>
			<trkpt lat="47.875648" lon="-123.793106">
				<ele>285.254822</ele>
				<time>2026-06-18T18:07:47Z</time>
			</trkpt>
			<trkpt lat="47.87571" lon="-123.792931">
				<ele>288.702087</ele>
				<time>2026-06-18T18:08:00Z</time>
			</trkpt>
			<trkpt lat="47.875736" lon="-123.792656">
				<ele>283.158936</ele>
				<time>2026-06-18T18:08:22Z</time>
			</trkpt>
			<trkpt lat="47.87582" lon="-123.792175">
				<ele>291.53714</ele>
				<time>2026-06-18T18:08:55Z</time>
			</trkpt>
			<trkpt lat="47.875851" lon="-123.791954">
				<ele>290.532776</ele>
				<time>2026-06-18T18:09:10Z</time>
			</trkpt>
			<trkpt lat="47.875866" lon="-123.791893">
				<ele>290.983582</ele>
				<time>2026-06-18T18:09:14Z</time>
			</trkpt>
			<trkpt lat="47.875935" lon="-123.791397">
				<ele>283.402191</ele>
				<time>2026-06-18T18:09:47Z</time>
			</trkpt>
			<trkpt lat="47.875942" lon="-123.791252">
				<ele>285.096527</ele>
				<time>2026-06-18T18:09:57Z</time>
			</trkpt>
			<trkpt lat="47.875938" lon="-123.791107">
				<ele>283.839325</ele>
				<time>2026-06-18T18:10:06Z</time>
			</trkpt>
			<trkpt lat="47.875946" lon="-123.791031">
				<ele>284.374634</ele>
				<time>2026-06-18T18:10:10Z</time>
			</trkpt>
			<trkpt lat="47.875988" lon="-123.790817">
				<ele>289.564301</ele>
				<time>2026-06-18T18:10:27Z</time>
			</trkpt>
			<trkpt lat="47.876022" lon="-123.790688">
				<ele>288.868896</ele>
				<time>2026-06-18T18:10:34Z</time>
			</trkpt>
			<trkpt lat="47.876122" lon="-123.790649">
				<ele>280.119293</ele>
				<time>2026-06-18T18:11:30Z</time>
			</trkpt>
			<trkpt lat="47.876015" lon="-123.790527">
				<ele>299.031372</ele>
				<time>2026-06-18T18:13:41Z</time>
			</trkpt>
			<trkpt lat="47.876045" lon="-123.790649">
				<ele>289.667114</ele>
				<time>2026-06-18T18:20:10Z</time>
			</trkpt>
			<trkpt lat="47.876068" lon="-123.790588">
				<ele>297.201904</ele>
				<time>2026-06-18T18:22:14Z</time>
			</trkpt>
			<trkpt lat="47.876007" lon="-123.790581">
				<ele>289.726044</ele>
				<time>2026-06-18T18:27:38Z</time>
			</trkpt>
			<trkpt lat="47.875977" lon="-123.790649">
				<ele>295.296082</ele>
				<time>2026-06-18T18:29:33Z</time>
			</trkpt>
			<trkpt lat="47.876064" lon="-123.790642">
				<ele>290.223419</ele>
				<time>2026-06-18T18:31:50Z</time>
			</trkpt>
			<trkpt lat="47.876034" lon="-123.790588">
				<ele>290.898193</ele>
				<time>2026-06-18T18:32:26Z</time>
			</trkpt>
			<trkpt lat="47.876022" lon="-123.790298">
				<ele>288.554779</ele>
				<time>2026-06-18T18:32:48Z</time>
			</trkpt>
			<trkpt lat="47.87611" lon="-123.790199">
				<ele>291.758484</ele>
				<time>2026-06-18T18:32:57Z</time>
			</trkpt>
			<trkpt lat="47.876209" lon="-123.790031">
				<ele>287.804504</ele>
				<time>2026-06-18T18:33:09Z</time>
			</trkpt>
			<trkpt lat="47.876186" lon="-123.789963">
				<ele>293.72403</ele>
				<time>2026-06-18T18:33:22Z</time>
			</trkpt>
			<trkpt lat="47.876183" lon="-123.789536">
				<ele>288.267517</ele>
				<time>2026-06-18T18:33:48Z</time>
			</trkpt>
			<trkpt lat="47.876228" lon="-123.789413">
				<ele>292.057312</ele>
				<time>2026-06-18T18:33:56Z</time>
			</trkpt>
			<trkpt lat="47.876266" lon="-123.789276">
				<ele>290.519806</ele>
				<time>2026-06-18T18:34:05Z</time>
			</trkpt>
			<trkpt lat="47.876301" lon="-123.789207">
				<ele>292.640778</ele>
				<time>2026-06-18T18:34:09Z</time>
			</trkpt>
			<trkpt lat="47.876385" lon="-123.789131">
				<ele>290.700867</ele>
				<time>2026-06-18T18:34:17Z</time>
			</trkpt>
			<trkpt lat="47.876507" lon="-123.78894">
				<ele>292.660126</ele>
				<time>2026-06-18T18:34:35Z</time>
			</trkpt>
			<trkpt lat="47.876644" lon="-123.788589">
				<ele>283.548096</ele>
				<time>2026-06-18T18:35:06Z</time>
			</trkpt>
			<trkpt lat="47.876659" lon="-123.788483">
				<ele>289.578552</ele>
				<time>2026-06-18T18:35:44Z</time>
			</trkpt>
			<trkpt lat="47.876587" lon="-123.788643">
				<ele>282.078522</ele>
				<time>2026-06-18T18:37:31Z</time>
			</trkpt>
			<trkpt lat="47.876476" lon="-123.788445">
				<ele>284.582031</ele>
				<time>2026-06-18T18:38:04Z</time>
			</trkpt>
			<trkpt lat="47.876511" lon="-123.788254">
				<ele>272.84021</ele>
				<time>2026-06-18T18:39:17Z</time>
			</trkpt>
			<trkpt lat="47.876495" lon="-123.788033">
				<ele>273.516907</ele>
				<time>2026-06-18T18:39:28Z</time>
			</trkpt>
			<trkpt lat="47.87653" lon="-123.787453">
				<ele>283.054718</ele>
				<time>2026-06-18T18:40:02Z</time>
			</trkpt>
			<trkpt lat="47.876617" lon="-123.787277">
				<ele>280.482483</ele>
				<time>2026-06-18T18:40:12Z</time>
			</trkpt>
			<trkpt lat="47.876774" lon="-123.787102">
				<ele>282.137024</ele>
				<time>2026-06-18T18:40:29Z</time>
			</trkpt>
			<trkpt lat="47.876835" lon="-123.78698">
				<ele>280.834381</ele>
				<time>2026-06-18T18:40:38Z</time>
			</trkpt>
			<trkpt lat="47.876839" lon="-123.786911">
				<ele>281.043091</ele>
				<time>2026-06-18T18:40:43Z</time>
			</trkpt>
			<trkpt lat="47.87685" lon="-123.786705">
				<ele>277.955566</ele>
				<time>2026-06-18T18:40:56Z</time>
			</trkpt>
			<trkpt lat="47.876858" lon="-123.786636">
				<ele>277.871094</ele>
				<time>2026-06-18T18:40:59Z</time>
			</trkpt>
			<trkpt lat="47.876915" lon="-123.786507">
				<ele>279.619568</ele>
				<time>2026-06-18T18:41:07Z</time>
			</trkpt>
			<trkpt lat="47.876968" lon="-123.7864">
				<ele>278.289948</ele>
				<time>2026-06-18T18:41:18Z</time>
			</trkpt>
			<trkpt lat="47.876904" lon="-123.786125">
				<ele>281.080109</ele>
				<time>2026-06-18T18:41:36Z</time>
			</trkpt>
			<trkpt lat="47.8769" lon="-123.785904">
				<ele>278.886932</ele>
				<time>2026-06-18T18:41:49Z</time>
			</trkpt>
			<trkpt lat="47.876965" lon="-123.785721">
				<ele>281.503571</ele>
				<time>2026-06-18T18:42:05Z</time>
			</trkpt>
			<trkpt lat="47.876949" lon="-123.785591">
				<ele>280.789764</ele>
				<time>2026-06-18T18:42:13Z</time>
			</trkpt>
			<trkpt lat="47.876942" lon="-123.785507">
				<ele>281.001953</ele>
				<time>2026-06-18T18:42:18Z</time>
			</trkpt>
			<trkpt lat="47.876991" lon="-123.785286">
				<ele>277.49823</ele>
				<time>2026-06-18T18:42:31Z</time>
			</trkpt>
			<trkpt lat="47.876957" lon="-123.785004">
				<ele>280.567047</ele>
				<time>2026-06-18T18:42:46Z</time>
			</trkpt>
			<trkpt lat="47.876968" lon="-123.784935">
				<ele>280.218842</ele>
				<time>2026-06-18T18:42:51Z</time>
			</trkpt>
			<trkpt lat="47.877037" lon="-123.784737">
				<ele>281.391785</ele>
				<time>2026-06-18T18:43:01Z</time>
			</trkpt>
			<trkpt lat="47.877003" lon="-123.784378">
				<ele>276.685547</ele>
				<time>2026-06-18T18:43:23Z</time>
			</trkpt>
			<trkpt lat="47.877007" lon="-123.783829">
				<ele>279.844452</ele>
				<time>2026-06-18T18:43:56Z</time>
			</trkpt>
			<trkpt lat="47.877022" lon="-123.783752">
				<ele>279.509064</ele>
				<time>2026-06-18T18:44:00Z</time>
			</trkpt>
			<trkpt lat="47.87709" lon="-123.783478">
				<ele>284.162018</ele>
				<time>2026-06-18T18:44:19Z</time>
			</trkpt>
			<trkpt lat="47.877151" lon="-123.783356">
				<ele>280.60379</ele>
				<time>2026-06-18T18:44:26Z</time>
			</trkpt>
			<trkpt lat="47.877178" lon="-123.783112">
				<ele>282.989807</ele>
				<time>2026-06-18T18:44:48Z</time>
			</trkpt>
			<trkpt lat="47.877174" lon="-123.783051">
				<ele>281.057159</ele>
				<time>2026-06-18T18:44:54Z</time>
			</trkpt>
			<trkpt lat="47.87711" lon="-123.782883">
				<ele>282.055298</ele>
				<time>2026-06-18T18:45:08Z</time>
			</trkpt>
			<trkpt lat="47.877151" lon="-123.782608">
				<ele>280.769867</ele>
				<time>2026-06-18T18:45:23Z</time>
			</trkpt>
			<trkpt lat="47.877136" lon="-123.782539">
				<ele>280.789917</ele>
				<time>2026-06-18T18:45:27Z</time>
			</trkpt>
			<trkpt lat="47.877155" lon="-123.78228">
				<ele>286.996338</ele>
				<time>2026-06-18T18:45:44Z</time>
			</trkpt>
			<trkpt lat="47.877308" lon="-123.781914">
				<ele>285.013428</ele>
				<time>2026-06-18T18:46:06Z</time>
			</trkpt>
			<trkpt lat="47.877392" lon="-123.78183">
				<ele>282.579163</ele>
				<time>2026-06-18T18:46:15Z</time>
			</trkpt>
			<trkpt lat="47.877476" lon="-123.781761">
				<ele>285.143646</ele>
				<time>2026-06-18T18:46:24Z</time>
			</trkpt>
			<trkpt lat="47.877453" lon="-123.78157">
				<ele>280.56778</ele>
				<time>2026-06-18T18:46:43Z</time>
			</trkpt>
			<trkpt lat="47.87743" lon="-123.781372">
				<ele>282.199554</ele>
				<time>2026-06-18T18:46:58Z</time>
			</trkpt>
			<trkpt lat="47.877449" lon="-123.781235">
				<ele>281.256683</ele>
				<time>2026-06-18T18:47:06Z</time>
			</trkpt>
			<trkpt lat="47.877464" lon="-123.781174">
				<ele>281.288239</ele>
				<time>2026-06-18T18:47:09Z</time>
			</trkpt>
			<trkpt lat="47.877491" lon="-123.781021">
				<ele>284.898224</ele>
				<time>2026-06-18T18:47:20Z</time>
			</trkpt>
			<trkpt lat="47.877476" lon="-123.780823">
				<ele>285.480957</ele>
				<time>2026-06-18T18:47:32Z</time>
			</trkpt>
			<trkpt lat="47.87751" lon="-123.780609">
				<ele>282.731323</ele>
				<time>2026-06-18T18:47:42Z</time>
			</trkpt>
			<trkpt lat="47.87751" lon="-123.780327">
				<ele>286.289642</ele>
				<time>2026-06-18T18:48:00Z</time>
			</trkpt>
			<trkpt lat="47.877537" lon="-123.780182">
				<ele>285.694275</ele>
				<time>2026-06-18T18:48:07Z</time>
			</trkpt>
			<trkpt lat="47.877518" lon="-123.779976">
				<ele>289.279938</ele>
				<time>2026-06-18T18:48:19Z</time>
			</trkpt>
			<trkpt lat="47.877525" lon="-123.7799">
				<ele>288.648651</ele>
				<time>2026-06-18T18:48:22Z</time>
			</trkpt>
			<trkpt lat="47.877522" lon="-123.779816">
				<ele>289.484406</ele>
				<time>2026-06-18T18:48:26Z</time>
			</trkpt>
			<trkpt lat="47.877655" lon="-123.779678">
				<ele>287.881622</ele>
				<time>2026-06-18T18:48:36Z</time>
			</trkpt>
			<trkpt lat="47.87775" lon="-123.77951">
				<ele>289.272522</ele>
				<time>2026-06-18T18:48:49Z</time>
			</trkpt>
			<trkpt lat="47.877842" lon="-123.779472">
				<ele>287.1492</ele>
				<time>2026-06-18T18:48:57Z</time>
			</trkpt>
			<trkpt lat="47.877846" lon="-123.779213">
				<ele>291.274353</ele>
				<time>2026-06-18T18:49:19Z</time>
			</trkpt>
			<trkpt lat="47.877758" lon="-123.778969">
				<ele>288.247192</ele>
				<time>2026-06-18T18:49:36Z</time>
			</trkpt>
			<trkpt lat="47.877773" lon="-123.778893">
				<ele>289.859436</ele>
				<time>2026-06-18T18:49:40Z</time>
			</trkpt>
			<trkpt lat="47.877796" lon="-123.778763">
				<ele>287.183167</ele>
				<time>2026-06-18T18:49:48Z</time>
			</trkpt>
			<trkpt lat="47.877796" lon="-123.778419">
				<ele>290.157013</ele>
				<time>2026-06-18T18:50:16Z</time>
			</trkpt>
			<trkpt lat="47.877724" lon="-123.778152">
				<ele>288.487885</ele>
				<time>2026-06-18T18:50:33Z</time>
			</trkpt>
			<trkpt lat="47.877701" lon="-123.778091">
				<ele>291.550568</ele>
				<time>2026-06-18T18:51:01Z</time>
			</trkpt>
			<trkpt lat="47.877693" lon="-123.777954">
				<ele>289.686157</ele>
				<time>2026-06-18T18:51:09Z</time>
			</trkpt>
			<trkpt lat="47.877701" lon="-123.777817">
				<ele>290.301422</ele>
				<time>2026-06-18T18:51:17Z</time>
			</trkpt>
			<trkpt lat="47.87775" lon="-123.777618">
				<ele>295.71521</ele>
				<time>2026-06-18T18:51:37Z</time>
			</trkpt>
			<trkpt lat="47.877754" lon="-123.777557">
				<ele>295.051575</ele>
				<time>2026-06-18T18:51:43Z</time>
			</trkpt>
			<trkpt lat="47.877754" lon="-123.777489">
				<ele>296.598663</ele>
				<time>2026-06-18T18:51:47Z</time>
			</trkpt>
			<trkpt lat="47.877758" lon="-123.77742">
				<ele>294.479095</ele>
				<time>2026-06-18T18:51:52Z</time>
			</trkpt>
			<trkpt lat="47.877811" lon="-123.777023">
				<ele>298.194031</ele>
				<time>2026-06-18T18:52:25Z</time>
			</trkpt>
			<trkpt lat="47.877819" lon="-123.776947">
				<ele>296.819672</ele>
				<time>2026-06-18T18:52:31Z</time>
			</trkpt>
			<trkpt lat="47.87785" lon="-123.776833">
				<ele>299.134735</ele>
				<time>2026-06-18T18:52:43Z</time>
			</trkpt>
			<trkpt lat="47.877872" lon="-123.776756">
				<ele>298.46933</ele>
				<time>2026-06-18T18:52:50Z</time>
			</trkpt>
			<trkpt lat="47.877979" lon="-123.776138">
				<ele>310.792175</ele>
				<time>2026-06-18T18:53:53Z</time>
			</trkpt>
			<trkpt lat="47.877998" lon="-123.776077">
				<ele>309.698822</ele>
				<time>2026-06-18T18:53:58Z</time>
			</trkpt>
			<trkpt lat="47.87801" lon="-123.776001">
				<ele>314.676819</ele>
				<time>2026-06-18T18:54:08Z</time>
			</trkpt>
			<trkpt lat="47.878036" lon="-123.77594">
				<ele>313.289551</ele>
				<time>2026-06-18T18:54:13Z</time>
			</trkpt>
			<trkpt lat="47.878048" lon="-123.775803">
				<ele>314.776215</ele>
				<time>2026-06-18T18:54:28Z</time>
			</trkpt>
			<trkpt lat="47.878078" lon="-123.775742">
				<ele>312.531219</ele>
				<time>2026-06-18T18:54:33Z</time>
			</trkpt>
			<trkpt lat="47.878143" lon="-123.775284">
				<ele>317.910797</ele>
				<time>2026-06-18T18:55:16Z</time>
			</trkpt>
			<trkpt lat="47.878162" lon="-123.775078">
				<ele>315.653717</ele>
				<time>2026-06-18T18:55:28Z</time>
			</trkpt>
			<trkpt lat="47.878227" lon="-123.774979">
				<ele>316.703278</ele>
				<time>2026-06-18T18:55:37Z</time>
			</trkpt>
			<trkpt lat="47.878246" lon="-123.774918">
				<ele>316.233276</ele>
				<time>2026-06-18T18:55:42Z</time>
			</trkpt>
			<trkpt lat="47.878166" lon="-123.774803">
				<ele>319.867828</ele>
				<time>2026-06-18T18:56:00Z</time>
			</trkpt>
			<trkpt lat="47.878208" lon="-123.774521">
				<ele>315.848114</ele>
				<time>2026-06-18T18:56:14Z</time>
			</trkpt>
			<trkpt lat="47.878365" lon="-123.774185">
				<ele>318.205597</ele>
				<time>2026-06-18T18:56:45Z</time>
			</trkpt>
			<trkpt lat="47.878399" lon="-123.774139">
				<ele>317.707214</ele>
				<time>2026-06-18T18:56:50Z</time>
			</trkpt>
			<trkpt lat="47.878391" lon="-123.773933">
				<ele>324.843781</ele>
				<time>2026-06-18T18:57:11Z</time>
			</trkpt>
			<trkpt lat="47.878452" lon="-123.773369">
				<ele>320.558899</ele>
				<time>2026-06-18T18:57:45Z</time>
			</trkpt>
			<trkpt lat="47.878452" lon="-123.7733">
				<ele>321.441101</ele>
				<time>2026-06-18T18:57:50Z</time>
			</trkpt>
			<trkpt lat="47.878456" lon="-123.773018">
				<ele>317.944519</ele>
				<time>2026-06-18T18:58:08Z</time>
			</trkpt>
			<trkpt lat="47.878445" lon="-123.772949">
				<ele>318.541718</ele>
				<time>2026-06-18T18:58:12Z</time>
			</trkpt>
			<trkpt lat="47.878445" lon="-123.772881">
				<ele>318.325317</ele>
				<time>2026-06-18T18:58:18Z</time>
			</trkpt>
			<trkpt lat="47.878399" lon="-123.772537">
				<ele>312.525299</ele>
				<time>2026-06-18T18:58:45Z</time>
			</trkpt>
			<trkpt lat="47.878368" lon="-123.772346">
				<ele>314.630157</ele>
				<time>2026-06-18T18:59:00Z</time>
			</trkpt>
			<trkpt lat="47.878342" lon="-123.772125">
				<ele>313.065277</ele>
				<time>2026-06-18T18:59:13Z</time>
			</trkpt>
			<trkpt lat="47.878254" lon="-123.77169">
				<ele>302.712158</ele>
				<time>2026-06-18T18:59:38Z</time>
			</trkpt>
			<trkpt lat="47.878265" lon="-123.77121">
				<ele>308.927094</ele>
				<time>2026-06-18T19:00:09Z</time>
			</trkpt>
			<trkpt lat="47.878315" lon="-123.770882">
				<ele>306.722382</ele>
				<time>2026-06-18T19:00:30Z</time>
			</trkpt>
			<trkpt lat="47.878315" lon="-123.770813">
				<ele>306.820313</ele>
				<time>2026-06-18T19:00:33Z</time>
			</trkpt>
			<trkpt lat="47.878311" lon="-123.770744">
				<ele>306.797394</ele>
				<time>2026-06-18T19:00:37Z</time>
			</trkpt>
			<trkpt lat="47.878403" lon="-123.770332">
				<ele>301.363098</ele>
				<time>2026-06-18T19:01:01Z</time>
			</trkpt>
			<trkpt lat="47.878391" lon="-123.770203">
				<ele>301.038422</ele>
				<time>2026-06-18T19:01:09Z</time>
			</trkpt>
			<trkpt lat="47.87838" lon="-123.77005">
				<ele>302.270782</ele>
				<time>2026-06-18T19:01:18Z</time>
			</trkpt>
			<trkpt lat="47.878433" lon="-123.769867">
				<ele>299.306793</ele>
				<time>2026-06-18T19:01:29Z</time>
			</trkpt>
			<trkpt lat="47.878429" lon="-123.769798">
				<ele>299.594696</ele>
				<time>2026-06-18T19:01:33Z</time>
			</trkpt>
			<trkpt lat="47.878426" lon="-123.769203">
				<ele>297.62323</ele>
				<time>2026-06-18T19:02:06Z</time>
			</trkpt>
			<trkpt lat="47.878414" lon="-123.768875">
				<ele>288.03717</ele>
				<time>2026-06-18T19:02:32Z</time>
			</trkpt>
			<trkpt lat="47.878353" lon="-123.7686">
				<ele>293.763336</ele>
				<time>2026-06-18T19:02:49Z</time>
			</trkpt>
			<trkpt lat="47.878323" lon="-123.768547">
				<ele>293.478455</ele>
				<time>2026-06-18T19:02:54Z</time>
			</trkpt>
			<trkpt lat="47.878284" lon="-123.768188">
				<ele>297.580444</ele>
				<time>2026-06-18T19:03:15Z</time>
			</trkpt>
			<trkpt lat="47.878258" lon="-123.767998">
				<ele>294.601776</ele>
				<time>2026-06-18T19:03:26Z</time>
			</trkpt>
			<trkpt lat="47.878231" lon="-123.767792">
				<ele>297.608978</ele>
				<time>2026-06-18T19:03:37Z</time>
			</trkpt>
			<trkpt lat="47.878231" lon="-123.767708">
				<ele>296.507263</ele>
				<time>2026-06-18T19:03:41Z</time>
			</trkpt>
			<trkpt lat="47.878212" lon="-123.767647">
				<ele>297.60675</ele>
				<time>2026-06-18T19:03:45Z</time>
			</trkpt>
			<trkpt lat="47.878235" lon="-123.767159">
				<ele>290.498413</ele>
				<time>2026-06-18T19:04:09Z</time>
			</trkpt>
			<trkpt lat="47.878254" lon="-123.767021">
				<ele>292.816498</ele>
				<time>2026-06-18T19:04:17Z</time>
			</trkpt>
			<trkpt lat="47.878246" lon="-123.766953">
				<ele>292.305511</ele>
				<time>2026-06-18T19:04:20Z</time>
			</trkpt>
			<trkpt lat="47.878296" lon="-123.766457">
				<ele>295.947723</ele>
				<time>2026-06-18T19:04:49Z</time>
			</trkpt>
			<trkpt lat="47.878365" lon="-123.766258">
				<ele>291.884064</ele>
				<time>2026-06-18T19:04:59Z</time>
			</trkpt>
			<trkpt lat="47.87817" lon="-123.765869">
				<ele>298.364899</ele>
				<time>2026-06-18T19:05:32Z</time>
			</trkpt>
			<trkpt lat="47.878105" lon="-123.765671">
				<ele>293.678162</ele>
				<time>2026-06-18T19:05:42Z</time>
			</trkpt>
			<trkpt lat="47.878029" lon="-123.765579">
				<ele>294.895996</ele>
				<time>2026-06-18T19:05:50Z</time>
			</trkpt>
			<trkpt lat="47.878014" lon="-123.765518">
				<ele>294.301483</ele>
				<time>2026-06-18T19:05:53Z</time>
			</trkpt>
			<trkpt lat="47.878002" lon="-123.765366">
				<ele>295.136292</ele>
				<time>2026-06-18T19:06:01Z</time>
			</trkpt>
			<trkpt lat="47.877998" lon="-123.765289">
				<ele>294.008118</ele>
				<time>2026-06-18T19:06:05Z</time>
			</trkpt>
			<trkpt lat="47.877979" lon="-123.765228">
				<ele>296.327576</ele>
				<time>2026-06-18T19:06:09Z</time>
			</trkpt>
			<trkpt lat="47.877956" lon="-123.765167">
				<ele>295.507996</ele>
				<time>2026-06-18T19:06:13Z</time>
			</trkpt>
			<trkpt lat="47.877853" lon="-123.764694">
				<ele>299.593658</ele>
				<time>2026-06-18T19:06:40Z</time>
			</trkpt>
			<trkpt lat="47.877808" lon="-123.76429">
				<ele>293.879761</ele>
				<time>2026-06-18T19:07:03Z</time>
			</trkpt>
			<trkpt lat="47.877815" lon="-123.764008">
				<ele>297.220032</ele>
				<time>2026-06-18T19:07:19Z</time>
			</trkpt>
			<trkpt lat="47.877811" lon="-123.763924">
				<ele>296.827362</ele>
				<time>2026-06-18T19:07:25Z</time>
			</trkpt>
			<trkpt lat="47.877815" lon="-123.76371">
				<ele>297.895294</ele>
				<time>2026-06-18T19:07:37Z</time>
			</trkpt>
			<trkpt lat="47.877808" lon="-123.763557">
				<ele>296.895844</ele>
				<time>2026-06-18T19:07:45Z</time>
			</trkpt>
			<trkpt lat="47.877808" lon="-123.763481">
				<ele>297.106964</ele>
				<time>2026-06-18T19:07:49Z</time>
			</trkpt>
			<trkpt lat="47.877811" lon="-123.763275">
				<ele>298.85199</ele>
				<time>2026-06-18T19:08:01Z</time>
			</trkpt>
			<trkpt lat="47.8778" lon="-123.763123">
				<ele>295.242493</ele>
				<time>2026-06-18T19:08:08Z</time>
			</trkpt>
			<trkpt lat="47.87767" lon="-123.762764">
				<ele>304.038025</ele>
				<time>2026-06-18T19:08:32Z</time>
			</trkpt>
			<trkpt lat="47.877625" lon="-123.76255">
				<ele>304.647278</ele>
				<time>2026-06-18T19:08:45Z</time>
			</trkpt>
			<trkpt lat="47.877625" lon="-123.762405">
				<ele>302.146423</ele>
				<time>2026-06-18T19:08:52Z</time>
			</trkpt>
			<trkpt lat="47.877529" lon="-123.762085">
				<ele>307.641022</ele>
				<time>2026-06-18T19:09:09Z</time>
			</trkpt>
			<trkpt lat="47.87746" lon="-123.761795">
				<ele>306.336426</ele>
				<time>2026-06-18T19:09:23Z</time>
			</trkpt>
			<trkpt lat="47.877476" lon="-123.76165">
				<ele>306.819641</ele>
				<time>2026-06-18T19:09:31Z</time>
			</trkpt>
			<trkpt lat="47.877544" lon="-123.761536">
				<ele>306.685547</ele>
				<time>2026-06-18T19:09:39Z</time>
			</trkpt>
			<trkpt lat="47.877556" lon="-123.761322">
				<ele>308.297974</ele>
				<time>2026-06-18T19:09:51Z</time>
			</trkpt>
			<trkpt lat="47.877583" lon="-123.760963">
				<ele>302.946289</ele>
				<time>2026-06-18T19:10:09Z</time>
			</trkpt>
			<trkpt lat="47.877605" lon="-123.760719">
				<ele>306.384155</ele>
				<time>2026-06-18T19:10:20Z</time>
			</trkpt>
			<trkpt lat="47.877632" lon="-123.760582">
				<ele>305.188995</ele>
				<time>2026-06-18T19:10:28Z</time>
			</trkpt>
			<trkpt lat="47.877632" lon="-123.760506">
				<ele>306.176422</ele>
				<time>2026-06-18T19:10:33Z</time>
			</trkpt>
			<trkpt lat="47.877632" lon="-123.760445">
				<ele>306.054565</ele>
				<time>2026-06-18T19:10:37Z</time>
			</trkpt>
			<trkpt lat="47.877663" lon="-123.760284">
				<ele>303.346466</ele>
				<time>2026-06-18T19:10:45Z</time>
			</trkpt>
			<trkpt lat="47.877693" lon="-123.760147">
				<ele>305.757721</ele>
				<time>2026-06-18T19:10:58Z</time>
			</trkpt>
			<trkpt lat="47.877697" lon="-123.759979">
				<ele>303.533264</ele>
				<time>2026-06-18T19:11:04Z</time>
			</trkpt>
			<trkpt lat="47.877636" lon="-123.75972">
				<ele>310.53363</ele>
				<time>2026-06-18T19:11:22Z</time>
			</trkpt>
			<trkpt lat="47.877636" lon="-123.759567">
				<ele>310.247253</ele>
				<time>2026-06-18T19:11:31Z</time>
			</trkpt>
			<trkpt lat="47.877617" lon="-123.75943">
				<ele>312.920166</ele>
				<time>2026-06-18T19:11:39Z</time>
			</trkpt>
			<trkpt lat="47.877525" lon="-123.758957">
				<ele>305.891479</ele>
				<time>2026-06-18T19:12:03Z</time>
			</trkpt>
			<trkpt lat="47.877472" lon="-123.758842">
				<ele>310.708984</ele>
				<time>2026-06-18T19:12:12Z</time>
			</trkpt>
			<trkpt lat="47.877464" lon="-123.758621">
				<ele>310.025909</ele>
				<time>2026-06-18T19:12:22Z</time>
			</trkpt>
			<trkpt lat="47.877411" lon="-123.758499">
				<ele>311.45874</ele>
				<time>2026-06-18T19:12:30Z</time>
			</trkpt>
			<trkpt lat="47.877415" lon="-123.758423">
				<ele>311.001495</ele>
				<time>2026-06-18T19:12:35Z</time>
			</trkpt>
			<trkpt lat="47.877388" lon="-123.758156">
				<ele>311.978607</ele>
				<time>2026-06-18T19:12:49Z</time>
			</trkpt>
			<trkpt lat="47.877384" lon="-123.758011">
				<ele>309.802765</ele>
				<time>2026-06-18T19:12:56Z</time>
			</trkpt>
			<trkpt lat="47.877384" lon="-123.757874">
				<ele>310.448212</ele>
				<time>2026-06-18T19:13:03Z</time>
			</trkpt>
			<trkpt lat="47.877365" lon="-123.75766">
				<ele>309.906525</ele>
				<time>2026-06-18T19:13:14Z</time>
			</trkpt>
			<trkpt lat="47.877518" lon="-123.757225">
				<ele>305.735992</ele>
				<time>2026-06-18T19:13:44Z</time>
			</trkpt>
			<trkpt lat="47.877609" lon="-123.756981">
				<ele>310.363861</ele>
				<time>2026-06-18T19:14:02Z</time>
			</trkpt>
			<trkpt lat="47.877666" lon="-123.756851">
				<ele>308.328766</ele>
				<time>2026-06-18T19:14:10Z</time>
			</trkpt>
			<trkpt lat="47.877708" lon="-123.756714">
				<ele>312.225128</ele>
				<time>2026-06-18T19:14:20Z</time>
			</trkpt>
			<trkpt lat="47.87775" lon="-123.756584">
				<ele>310.170898</ele>
				<time>2026-06-18T19:14:29Z</time>
			</trkpt>
			<trkpt lat="47.877815" lon="-123.756462">
				<ele>311.070923</ele>
				<time>2026-06-18T19:14:37Z</time>
			</trkpt>
			<trkpt lat="47.877884" lon="-123.756287">
				<ele>315.640839</ele>
				<time>2026-06-18T19:14:48Z</time>
			</trkpt>
			<trkpt lat="47.878006" lon="-123.756042">
				<ele>312.320435</ele>
				<time>2026-06-18T19:15:05Z</time>
			</trkpt>
			<trkpt lat="47.878059" lon="-123.755928">
				<ele>313.312164</ele>
				<time>2026-06-18T19:15:16Z</time>
			</trkpt>
			<trkpt lat="47.878075" lon="-123.755859">
				<ele>312.644928</ele>
				<time>2026-06-18T19:15:21Z</time>
			</trkpt>
			<trkpt lat="47.878277" lon="-123.754868">
				<ele>328.177826</ele>
				<time>2026-06-18T19:16:32Z</time>
			</trkpt>
			<trkpt lat="47.878349" lon="-123.754761">
				<ele>326.695587</ele>
				<time>2026-06-18T19:16:39Z</time>
			</trkpt>
			<trkpt lat="47.878395" lon="-123.754745">
				<ele>327.954346</ele>
				<time>2026-06-18T19:16:44Z</time>
			</trkpt>
			<trkpt lat="47.878635" lon="-123.754692">
				<ele>322.949127</ele>
				<time>2026-06-18T19:17:02Z</time>
			</trkpt>
			<trkpt lat="47.878796" lon="-123.754738">
				<ele>326.325989</ele>
				<time>2026-06-18T19:17:17Z</time>
			</trkpt>
			<trkpt lat="47.878986" lon="-123.754799">
				<ele>324.239716</ele>
				<time>2026-06-18T19:17:34Z</time>
			</trkpt>
			<trkpt lat="47.87907" lon="-123.754837">
				<ele>325.058044</ele>
				<time>2026-06-18T19:17:45Z</time>
			</trkpt>
			<trkpt lat="47.879158" lon="-123.754837">
				<ele>324.276459</ele>
				<time>2026-06-18T19:17:53Z</time>
			</trkpt>
			<trkpt lat="47.879402" lon="-123.754745">
				<ele>336.001953</ele>
				<time>2026-06-18T19:18:36Z</time>
			</trkpt>
			<trkpt lat="47.879559" lon="-123.754593">
				<ele>331.170197</ele>
				<time>2026-06-18T19:18:59Z</time>
			</trkpt>
			<trkpt lat="47.879593" lon="-123.754547">
				<ele>331.22171</ele>
				<time>2026-06-18T19:19:04Z</time>
			</trkpt>
			<trkpt lat="47.879604" lon="-123.754486">
				<ele>330.619446</ele>
				<time>2026-06-18T19:19:08Z</time>
			</trkpt>
			<trkpt lat="47.879601" lon="-123.75441">
				<ele>331.137238</ele>
				<time>2026-06-18T19:19:14Z</time>
			</trkpt>
			<trkpt lat="47.879616" lon="-123.754257">
				<ele>330.455353</ele>
				<time>2026-06-18T19:19:24Z</time>
			</trkpt>
			<trkpt lat="47.879604" lon="-123.754089">
				<ele>326.551575</ele>
				<time>2026-06-18T19:19:51Z</time>
			</trkpt>
			<trkpt lat="47.879814" lon="-123.753967">
				<ele>333.085846</ele>
				<time>2026-06-18T19:20:27Z</time>
			</trkpt>
			<trkpt lat="47.879822" lon="-123.753868">
				<ele>328.602814</ele>
				<time>2026-06-18T19:20:44Z</time>
			</trkpt>
			<trkpt lat="47.879826" lon="-123.753792">
				<ele>330.432281</ele>
				<time>2026-06-18T19:20:50Z</time>
			</trkpt>
			<trkpt lat="47.879692" lon="-123.753738">
				<ele>328.375763</ele>
				<time>2026-06-18T19:21:13Z</time>
			</trkpt>
			<trkpt lat="47.87949" lon="-123.753639">
				<ele>331.349182</ele>
				<time>2026-06-18T19:21:47Z</time>
			</trkpt>
			<trkpt lat="47.879494" lon="-123.753471">
				<ele>321.791229</ele>
				<time>2026-06-18T19:30:46Z</time>
			</trkpt>
			<trkpt lat="47.879513" lon="-123.753593">
				<ele>326.75058</ele>
				<time>2026-06-18T19:36:21Z</time>
			</trkpt>
			<trkpt lat="47.879471" lon="-123.753555">
				<ele>327.840057</ele>
				<time>2026-06-18T19:37:29Z</time>
			</trkpt>
			<trkpt lat="47.879467" lon="-123.753487">
				<ele>326.589111</ele>
				<time>2026-06-18T19:37:38Z</time>
			</trkpt>
			<trkpt lat="47.879372" lon="-123.753342">
				<ele>331.192596</ele>
				<time>2026-06-18T19:37:55Z</time>
			</trkpt>
			<trkpt lat="47.879173" lon="-123.753075">
				<ele>325.255646</ele>
				<time>2026-06-18T19:38:25Z</time>
			</trkpt>
			<trkpt lat="47.879025" lon="-123.753036">
				<ele>328.747803</ele>
				<time>2026-06-18T19:38:40Z</time>
			</trkpt>
			<trkpt lat="47.878834" lon="-123.753044">
				<ele>320.775116</ele>
				<time>2026-06-18T19:38:59Z</time>
			</trkpt>
			<trkpt lat="47.8787" lon="-123.753021">
				<ele>324.174713</ele>
				<time>2026-06-18T19:39:11Z</time>
			</trkpt>
			<trkpt lat="47.878178" lon="-123.752846">
				<ele>317.580383</ele>
				<time>2026-06-18T19:40:00Z</time>
			</trkpt>
			<trkpt lat="47.878132" lon="-123.752808">
				<ele>317.825439</ele>
				<time>2026-06-18T19:40:05Z</time>
			</trkpt>
			<trkpt lat="47.878063" lon="-123.752731">
				<ele>314.277863</ele>
				<time>2026-06-18T19:40:12Z</time>
			</trkpt>
			<trkpt lat="47.877914" lon="-123.75238">
				<ele>320.984863</ele>
				<time>2026-06-18T19:40:36Z</time>
			</trkpt>
			<trkpt lat="47.877819" lon="-123.752052">
				<ele>317.549957</ele>
				<time>2026-06-18T19:40:58Z</time>
			</trkpt>
			<trkpt lat="47.877808" lon="-123.751984">
				<ele>318.199493</ele>
				<time>2026-06-18T19:41:02Z</time>
			</trkpt>
			<trkpt lat="47.877697" lon="-123.751526">
				<ele>305.773041</ele>
				<time>2026-06-18T19:41:33Z</time>
			</trkpt>
			<trkpt lat="47.877705" lon="-123.75132">
				<ele>318.687805</ele>
				<time>2026-06-18T19:41:57Z</time>
			</trkpt>
			<trkpt lat="47.877689" lon="-123.751259">
				<ele>319.070465</ele>
				<time>2026-06-18T19:42:02Z</time>
			</trkpt>
			<trkpt lat="47.877689" lon="-123.751175">
				<ele>317.938446</ele>
				<time>2026-06-18T19:42:06Z</time>
			</trkpt>
			<trkpt lat="47.877678" lon="-123.751106">
				<ele>320.490479</ele>
				<time>2026-06-18T19:42:09Z</time>
			</trkpt>
			<trkpt lat="47.877605" lon="-123.750694">
				<ele>314.494415</ele>
				<time>2026-06-18T19:42:37Z</time>
			</trkpt>
			<trkpt lat="47.877594" lon="-123.750496">
				<ele>318.443817</ele>
				<time>2026-06-18T19:42:49Z</time>
			</trkpt>
			<trkpt lat="47.877491" lon="-123.750145">
				<ele>313.777008</ele>
				<time>2026-06-18T19:43:16Z</time>
			</trkpt>
			<trkpt lat="47.877411" lon="-123.749947">
				<ele>318.687317</ele>
				<time>2026-06-18T19:43:32Z</time>
			</trkpt>
			<trkpt lat="47.877331" lon="-123.749428">
				<ele>311.520233</ele>
				<time>2026-06-18T19:44:01Z</time>
			</trkpt>
			<trkpt lat="47.877342" lon="-123.749367">
				<ele>312.126862</ele>
				<time>2026-06-18T19:44:06Z</time>
			</trkpt>
			<trkpt lat="47.877338" lon="-123.74929">
				<ele>311.27301</ele>
				<time>2026-06-18T19:44:11Z</time>
			</trkpt>
			<trkpt lat="47.877335" lon="-123.7491">
				<ele>312.937897</ele>
				<time>2026-06-18T19:44:26Z</time>
			</trkpt>
			<trkpt lat="47.877346" lon="-123.749023">
				<ele>311.172058</ele>
				<time>2026-06-18T19:44:29Z</time>
			</trkpt>
			<trkpt lat="47.877377" lon="-123.748886">
				<ele>314.437225</ele>
				<time>2026-06-18T19:44:42Z</time>
			</trkpt>
			<trkpt lat="47.8773" lon="-123.748581">
				<ele>309.445007</ele>
				<time>2026-06-18T19:45:05Z</time>
			</trkpt>
			<trkpt lat="47.877228" lon="-123.748482">
				<ele>311.981079</ele>
				<time>2026-06-18T19:45:16Z</time>
			</trkpt>
			<trkpt lat="47.877136" lon="-123.748146">
				<ele>309.266327</ele>
				<time>2026-06-18T19:45:34Z</time>
			</trkpt>
			<trkpt lat="47.877106" lon="-123.748016">
				<ele>310.929565</ele>
				<time>2026-06-18T19:45:43Z</time>
			</trkpt>
			<trkpt lat="47.877132" lon="-123.747887">
				<ele>307.573334</ele>
				<time>2026-06-18T19:45:49Z</time>
			</trkpt>
			<trkpt lat="47.877186" lon="-123.747726">
				<ele>308.516693</ele>
				<time>2026-06-18T19:46:00Z</time>
			</trkpt>
			<trkpt lat="47.877228" lon="-123.747688">
				<ele>307.676239</ele>
				<time>2026-06-18T19:46:04Z</time>
			</trkpt>
			<trkpt lat="47.877254" lon="-123.747627">
				<ele>309.345703</ele>
				<time>2026-06-18T19:46:12Z</time>
			</trkpt>
			<trkpt lat="47.877274" lon="-123.747482">
				<ele>308.576172</ele>
				<time>2026-06-18T19:46:19Z</time>
			</trkpt>
			<trkpt lat="47.877369" lon="-123.747269">
				<ele>317.658417</ele>
				<time>2026-06-18T19:46:40Z</time>
			</trkpt>
			<trkpt lat="47.877388" lon="-123.747047">
				<ele>319.502136</ele>
				<time>2026-06-18T19:46:56Z</time>
			</trkpt>
			<trkpt lat="47.877434" lon="-123.746742">
				<ele>315.322662</ele>
				<time>2026-06-18T19:47:13Z</time>
			</trkpt>
			<trkpt lat="47.877422" lon="-123.746674">
				<ele>317.728149</ele>
				<time>2026-06-18T19:47:19Z</time>
			</trkpt>
			<trkpt lat="47.877373" lon="-123.746132">
				<ele>307.333099</ele>
				<time>2026-06-18T19:48:03Z</time>
			</trkpt>
			<trkpt lat="47.877357" lon="-123.74601">
				<ele>308.900604</ele>
				<time>2026-06-18T19:48:16Z</time>
			</trkpt>
			<trkpt lat="47.877281" lon="-123.745712">
				<ele>306.863647</ele>
				<time>2026-06-18T19:48:42Z</time>
			</trkpt>
			<trkpt lat="47.877247" lon="-123.745514">
				<ele>309.376068</ele>
				<time>2026-06-18T19:48:55Z</time>
			</trkpt>
			<trkpt lat="47.87722" lon="-123.745171">
				<ele>306.497833</ele>
				<time>2026-06-18T19:49:13Z</time>
			</trkpt>
			<trkpt lat="47.877277" lon="-123.744766">
				<ele>310.709869</ele>
				<time>2026-06-18T19:49:36Z</time>
			</trkpt>
			<trkpt lat="47.8773" lon="-123.744606">
				<ele>308.918457</ele>
				<time>2026-06-18T19:49:43Z</time>
			</trkpt>
			<trkpt lat="47.877319" lon="-123.744545">
				<ele>309.119476</ele>
				<time>2026-06-18T19:49:46Z</time>
			</trkpt>
			<trkpt lat="47.877335" lon="-123.744469">
				<ele>311.298828</ele>
				<time>2026-06-18T19:49:50Z</time>
			</trkpt>
			<trkpt lat="47.877399" lon="-123.744179">
				<ele>309.24826</ele>
				<time>2026-06-18T19:50:06Z</time>
			</trkpt>
			<trkpt lat="47.877411" lon="-123.74411">
				<ele>309.597656</ele>
				<time>2026-06-18T19:50:10Z</time>
			</trkpt>
			<trkpt lat="47.877434" lon="-123.743759">
				<ele>315.710938</ele>
				<time>2026-06-18T19:50:28Z</time>
			</trkpt>
			<trkpt lat="47.877491" lon="-123.743645">
				<ele>311.330475</ele>
				<time>2026-06-18T19:50:34Z</time>
			</trkpt>
			<trkpt lat="47.877506" lon="-123.743431">
				<ele>310.3013</ele>
				<time>2026-06-18T19:50:48Z</time>
			</trkpt>
			<trkpt lat="47.877659" lon="-123.743195">
				<ele>315.787384</ele>
				<time>2026-06-18T19:51:08Z</time>
			</trkpt>
			<trkpt lat="47.87793" lon="-123.742989">
				<ele>311.359528</ele>
				<time>2026-06-18T19:51:26Z</time>
			</trkpt>
			<trkpt lat="47.877987" lon="-123.742989">
				<ele>312.086243</ele>
				<time>2026-06-18T19:51:30Z</time>
			</trkpt>
			<trkpt lat="47.878105" lon="-123.742783">
				<ele>310.692657</ele>
				<time>2026-06-18T19:51:42Z</time>
			</trkpt>
			<trkpt lat="47.878151" lon="-123.742752">
				<ele>311.473663</ele>
				<time>2026-06-18T19:51:46Z</time>
			</trkpt>
			<trkpt lat="47.878155" lon="-123.742683">
				<ele>311.385376</ele>
				<time>2026-06-18T19:51:49Z</time>
			</trkpt>
			<trkpt lat="47.878159" lon="-123.742622">
				<ele>311.418945</ele>
				<time>2026-06-18T19:51:54Z</time>
			</trkpt>
			<trkpt lat="47.878212" lon="-123.742477">
				<ele>309.048401</ele>
				<time>2026-06-18T19:52:04Z</time>
			</trkpt>
			<trkpt lat="47.87825" lon="-123.742432">
				<ele>309.95343</ele>
				<time>2026-06-18T19:52:07Z</time>
			</trkpt>
			<trkpt lat="47.878273" lon="-123.742371">
				<ele>309.17984</ele>
				<time>2026-06-18T19:52:10Z</time>
			</trkpt>
			<trkpt lat="47.878471" lon="-123.741776">
				<ele>323.368713</ele>
				<time>2026-06-18T19:52:51Z</time>
			</trkpt>
			<trkpt lat="47.878536" lon="-123.741676">
				<ele>317.601746</ele>
				<time>2026-06-18T19:52:59Z</time>
			</trkpt>
			<trkpt lat="47.878521" lon="-123.741455">
				<ele>320.336823</ele>
				<time>2026-06-18T19:53:13Z</time>
			</trkpt>
			<trkpt lat="47.878479" lon="-123.74118">
				<ele>315.876587</ele>
				<time>2026-06-18T19:53:28Z</time>
			</trkpt>
			<trkpt lat="47.878471" lon="-123.740974">
				<ele>318.8461</ele>
				<time>2026-06-18T19:53:40Z</time>
			</trkpt>
			<trkpt lat="47.878498" lon="-123.740807">
				<ele>315.911163</ele>
				<time>2026-06-18T19:53:48Z</time>
			</trkpt>
			<trkpt lat="47.878487" lon="-123.740608">
				<ele>320.734131</ele>
				<time>2026-06-18T19:54:04Z</time>
			</trkpt>
			<trkpt lat="47.878513" lon="-123.740509">
				<ele>319.683411</ele>
				<time>2026-06-18T19:54:08Z</time>
			</trkpt>
			<trkpt lat="47.878532" lon="-123.740425">
				<ele>320.61969</ele>
				<time>2026-06-18T19:54:11Z</time>
			</trkpt>
			<trkpt lat="47.878536" lon="-123.740334">
				<ele>319.980621</ele>
				<time>2026-06-18T19:54:14Z</time>
			</trkpt>
			<trkpt lat="47.87859" lon="-123.740204">
				<ele>314.951599</ele>
				<time>2026-06-18T19:54:20Z</time>
			</trkpt>
			<trkpt lat="47.878613" lon="-123.740128">
				<ele>314.456116</ele>
				<time>2026-06-18T19:54:24Z</time>
			</trkpt>
			<trkpt lat="47.878647" lon="-123.739998">
				<ele>316.335632</ele>
				<time>2026-06-18T19:54:35Z</time>
			</trkpt>
			<trkpt lat="47.8787" lon="-123.739861">
				<ele>314.993835</ele>
				<time>2026-06-18T19:54:43Z</time>
			</trkpt>
			<trkpt lat="47.878754" lon="-123.739738">
				<ele>316.055695</ele>
				<time>2026-06-18T19:54:51Z</time>
			</trkpt>
			<trkpt lat="47.878826" lon="-123.739639">
				<ele>314.102875</ele>
				<time>2026-06-18T19:55:00Z</time>
			</trkpt>
			<trkpt lat="47.879272" lon="-123.739418">
				<ele>326.958557</ele>
				<time>2026-06-18T19:55:40Z</time>
			</trkpt>
			<trkpt lat="47.879478" lon="-123.739227">
				<ele>323.681763</ele>
				<time>2026-06-18T19:55:59Z</time>
			</trkpt>
			<trkpt lat="47.879528" lon="-123.739212">
				<ele>324.362122</ele>
				<time>2026-06-18T19:56:04Z</time>
			</trkpt>
			<trkpt lat="47.879585" lon="-123.739182">
				<ele>324.023315</ele>
				<time>2026-06-18T19:56:10Z</time>
			</trkpt>
			<trkpt lat="47.879635" lon="-123.739189">
				<ele>321.889069</ele>
				<time>2026-06-18T19:56:14Z</time>
			</trkpt>
			<trkpt lat="47.879799" lon="-123.739082">
				<ele>325.823669</ele>
				<time>2026-06-18T19:56:31Z</time>
			</trkpt>
			<trkpt lat="47.879833" lon="-123.739021">
				<ele>325.631622</ele>
				<time>2026-06-18T19:56:35Z</time>
			</trkpt>
			<trkpt lat="47.879955" lon="-123.738907">
				<ele>320.603546</ele>
				<time>2026-06-18T19:56:48Z</time>
			</trkpt>
			<trkpt lat="47.880005" lon="-123.738892">
				<ele>321.879456</ele>
				<time>2026-06-18T19:56:51Z</time>
			</trkpt>
			<trkpt lat="47.880123" lon="-123.738747">
				<ele>318.736816</ele>
				<time>2026-06-18T19:57:02Z</time>
			</trkpt>
			<trkpt lat="47.880211" lon="-123.738716">
				<ele>320.751587</ele>
				<time>2026-06-18T19:57:11Z</time>
			</trkpt>
			<trkpt lat="47.880417" lon="-123.738503">
				<ele>317.980591</ele>
				<time>2026-06-18T19:57:28Z</time>
			</trkpt>
			<trkpt lat="47.880627" lon="-123.738274">
				<ele>320.158569</ele>
				<time>2026-06-18T19:57:52Z</time>
			</trkpt>
			<trkpt lat="47.880798" lon="-123.738029">
				<ele>310.838928</ele>
				<time>2026-06-18T19:58:12Z</time>
			</trkpt>
			<trkpt lat="47.880856" lon="-123.737984">
				<ele>312.769714</ele>
				<time>2026-06-18T19:58:17Z</time>
			</trkpt>
			<trkpt lat="47.880886" lon="-123.737915">
				<ele>312.083771</ele>
				<time>2026-06-18T19:58:24Z</time>
			</trkpt>
			<trkpt lat="47.881027" lon="-123.737617">
				<ele>314.993042</ele>
				<time>2026-06-18T19:58:40Z</time>
			</trkpt>
			<trkpt lat="47.881149" lon="-123.737457">
				<ele>322.401154</ele>
				<time>2026-06-18T19:58:56Z</time>
			</trkpt>
			<trkpt lat="47.881168" lon="-123.737389">
				<ele>322.822662</ele>
				<time>2026-06-18T19:58:59Z</time>
			</trkpt>
			<trkpt lat="47.88131" lon="-123.737282">
				<ele>316.101501</ele>
				<time>2026-06-18T19:59:10Z</time>
			</trkpt>
			<trkpt lat="47.881451" lon="-123.737106">
				<ele>319.674774</ele>
				<time>2026-06-18T19:59:28Z</time>
			</trkpt>
			<trkpt lat="47.881531" lon="-123.737053">
				<ele>319.068146</ele>
				<time>2026-06-18T19:59:35Z</time>
			</trkpt>
			<trkpt lat="47.881756" lon="-123.737038">
				<ele>324.351807</ele>
				<time>2026-06-18T19:59:58Z</time>
			</trkpt>
			<trkpt lat="47.881805" lon="-123.736633">
				<ele>327.444275</ele>
				<time>2026-06-18T20:00:22Z</time>
			</trkpt>
			<trkpt lat="47.881828" lon="-123.736549">
				<ele>326.504242</ele>
				<time>2026-06-18T20:00:25Z</time>
			</trkpt>
			<trkpt lat="47.881939" lon="-123.736412">
				<ele>328.55484</ele>
				<time>2026-06-18T20:00:37Z</time>
			</trkpt>
			<trkpt lat="47.882332" lon="-123.735825">
				<ele>318.651367</ele>
				<time>2026-06-18T20:01:25Z</time>
			</trkpt>
			<trkpt lat="47.882557" lon="-123.73555">
				<ele>324.816071</ele>
				<time>2026-06-18T20:01:51Z</time>
			</trkpt>
			<trkpt lat="47.882687" lon="-123.735458">
				<ele>323.678619</ele>
				<time>2026-06-18T20:02:01Z</time>
			</trkpt>
			<trkpt lat="47.882805" lon="-123.735329">
				<ele>324.960724</ele>
				<time>2026-06-18T20:02:16Z</time>
			</trkpt>
			<trkpt lat="47.88311" lon="-123.735146">
				<ele>320.806885</ele>
				<time>2026-06-18T20:02:45Z</time>
			</trkpt>
			<trkpt lat="47.883434" lon="-123.73481">
				<ele>326.391602</ele>
				<time>2026-06-18T20:03:23Z</time>
			</trkpt>
			<trkpt lat="47.883614" lon="-123.734406">
				<ele>322.065704</ele>
				<time>2026-06-18T20:03:55Z</time>
			</trkpt>
			<trkpt lat="47.883644" lon="-123.734337">
				<ele>321.62854</ele>
				<time>2026-06-18T20:03:59Z</time>
			</trkpt>
			<trkpt lat="47.883675" lon="-123.734215">
				<ele>322.750214</ele>
				<time>2026-06-18T20:04:08Z</time>
			</trkpt>
			<trkpt lat="47.883694" lon="-123.733932">
				<ele>319.831909</ele>
				<time>2026-06-18T20:04:24Z</time>
			</trkpt>
			<trkpt lat="47.883804" lon="-123.733536">
				<ele>334.956299</ele>
				<time>2026-06-18T20:04:52Z</time>
			</trkpt>
			<trkpt lat="47.883831" lon="-123.733391">
				<ele>333.846863</ele>
				<time>2026-06-18T20:04:58Z</time>
			</trkpt>
			<trkpt lat="47.883881" lon="-123.733192">
				<ele>336.250336</ele>
				<time>2026-06-18T20:05:09Z</time>
			</trkpt>
			<trkpt lat="47.883968" lon="-123.733116">
				<ele>331.897919</ele>
				<time>2026-06-18T20:05:19Z</time>
			</trkpt>
			<trkpt lat="47.883999" lon="-123.733055">
				<ele>332.27002</ele>
				<time>2026-06-18T20:05:24Z</time>
			</trkpt>
			<trkpt lat="47.884064" lon="-123.73288">
				<ele>329.98056</ele>
				<time>2026-06-18T20:05:34Z</time>
			</trkpt>
			<trkpt lat="47.884125" lon="-123.732773">
				<ele>330.80191</ele>
				<time>2026-06-18T20:05:42Z</time>
			</trkpt>
			<trkpt lat="47.884296" lon="-123.732399">
				<ele>322.023315</ele>
				<time>2026-06-18T20:06:06Z</time>
			</trkpt>
			<trkpt lat="47.884556" lon="-123.731827">
				<ele>330.486237</ele>
				<time>2026-06-18T20:06:44Z</time>
			</trkpt>
			<trkpt lat="47.884636" lon="-123.731636">
				<ele>328.448212</ele>
				<time>2026-06-18T20:07:02Z</time>
			</trkpt>
			<trkpt lat="47.88464" lon="-123.731476">
				<ele>330.73761</ele>
				<time>2026-06-18T20:07:09Z</time>
			</trkpt>
			<trkpt lat="47.884655" lon="-123.731194">
				<ele>329.245941</ele>
				<time>2026-06-18T20:07:24Z</time>
			</trkpt>
			<trkpt lat="47.884666" lon="-123.731049">
				<ele>332.636108</ele>
				<time>2026-06-18T20:07:34Z</time>
			</trkpt>
			<trkpt lat="47.884697" lon="-123.730751">
				<ele>328.124084</ele>
				<time>2026-06-18T20:07:48Z</time>
			</trkpt>
			<trkpt lat="47.884686" lon="-123.730606">
				<ele>330.763214</ele>
				<time>2026-06-18T20:07:56Z</time>
			</trkpt>
			<trkpt lat="47.884708" lon="-123.730446">
				<ele>328.333771</ele>
				<time>2026-06-18T20:08:06Z</time>
			</trkpt>
			<trkpt lat="47.884716" lon="-123.730377">
				<ele>329.201477</ele>
				<time>2026-06-18T20:08:10Z</time>
			</trkpt>
			<trkpt lat="47.884762" lon="-123.73024">
				<ele>328.237305</ele>
				<time>2026-06-18T20:08:20Z</time>
			</trkpt>
			<trkpt lat="47.884724" lon="-123.729836">
				<ele>343.182526</ele>
				<time>2026-06-18T20:08:47Z</time>
			</trkpt>
			<trkpt lat="47.884724" lon="-123.729691">
				<ele>344.156555</ele>
				<time>2026-06-18T20:08:55Z</time>
			</trkpt>
			<trkpt lat="47.884724" lon="-123.729622">
				<ele>343.881561</ele>
				<time>2026-06-18T20:08:58Z</time>
			</trkpt>
			<trkpt lat="47.884686" lon="-123.729408">
				<ele>347.626617</ele>
				<time>2026-06-18T20:09:11Z</time>
			</trkpt>
			<trkpt lat="47.884666" lon="-123.729286">
				<ele>345.287689</ele>
				<time>2026-06-18T20:09:16Z</time>
			</trkpt>
			<trkpt lat="47.884663" lon="-123.729134">
				<ele>344.595459</ele>
				<time>2026-06-18T20:09:24Z</time>
			</trkpt>
			<trkpt lat="47.88467" lon="-123.729065">
				<ele>345.111237</ele>
				<time>2026-06-18T20:09:28Z</time>
			</trkpt>
			<trkpt lat="47.884666" lon="-123.728996">
				<ele>344.100555</ele>
				<time>2026-06-18T20:09:32Z</time>
			</trkpt>
			<trkpt lat="47.884563" lon="-123.728455">
				<ele>331.904022</ele>
				<time>2026-06-18T20:10:04Z</time>
			</trkpt>
			<trkpt lat="47.884495" lon="-123.728241">
				<ele>334.554993</ele>
				<time>2026-06-18T20:10:19Z</time>
			</trkpt>
			<trkpt lat="47.884411" lon="-123.727768">
				<ele>327.631653</ele>
				<time>2026-06-18T20:10:46Z</time>
			</trkpt>
			<trkpt lat="47.884411" lon="-123.727493">
				<ele>335.329254</ele>
				<time>2026-06-18T20:11:05Z</time>
			</trkpt>
			<trkpt lat="47.884346" lon="-123.727203">
				<ele>328.043579</ele>
				<time>2026-06-18T20:11:20Z</time>
			</trkpt>
			<trkpt lat="47.884361" lon="-123.727074">
				<ele>329.864838</ele>
				<time>2026-06-18T20:11:28Z</time>
			</trkpt>
			<trkpt lat="47.884296" lon="-123.726891">
				<ele>328.088501</ele>
				<time>2026-06-18T20:11:40Z</time>
			</trkpt>
			<trkpt lat="47.884071" lon="-123.726242">
				<ele>335.634064</ele>
				<time>2026-06-18T20:12:22Z</time>
			</trkpt>
			<trkpt lat="47.88398" lon="-123.725639">
				<ele>326.307983</ele>
				<time>2026-06-18T20:12:52Z</time>
			</trkpt>
			<trkpt lat="47.883945" lon="-123.725502">
				<ele>324.902435</ele>
				<time>2026-06-18T20:13:01Z</time>
			</trkpt>
			<trkpt lat="47.883904" lon="-123.725365">
				<ele>326.09903</ele>
				<time>2026-06-18T20:13:09Z</time>
			</trkpt>
			<trkpt lat="47.883881" lon="-123.725029">
				<ele>322.562317</ele>
				<time>2026-06-18T20:13:27Z</time>
			</trkpt>
			<trkpt lat="47.883839" lon="-123.724754">
				<ele>324.898071</ele>
				<time>2026-06-18T20:13:42Z</time>
			</trkpt>
			<trkpt lat="47.883808" lon="-123.724701">
				<ele>324.372894</ele>
				<time>2026-06-18T20:13:49Z</time>
			</trkpt>
			<trkpt lat="47.883842" lon="-123.724335">
				<ele>329.968201</ele>
				<time>2026-06-18T20:14:10Z</time>
			</trkpt>
			<trkpt lat="47.883842" lon="-123.724182">
				<ele>328.306335</ele>
				<time>2026-06-18T20:14:18Z</time>
			</trkpt>
			<trkpt lat="47.883827" lon="-123.724121">
				<ele>328.789063</ele>
				<time>2026-06-18T20:14:22Z</time>
			</trkpt>
			<trkpt lat="47.883823" lon="-123.723839">
				<ele>333.833344</ele>
				<time>2026-06-18T20:14:39Z</time>
			</trkpt>
			<trkpt lat="47.883839" lon="-123.723686">
				<ele>332.395844</ele>
				<time>2026-06-18T20:14:49Z</time>
			</trkpt>
			<trkpt lat="47.883934" lon="-123.723534">
				<ele>338.001465</ele>
				<time>2026-06-18T20:15:02Z</time>
			</trkpt>
			<trkpt lat="47.883911" lon="-123.723404">
				<ele>336.059052</ele>
				<time>2026-06-18T20:15:14Z</time>
			</trkpt>
			<trkpt lat="47.883904" lon="-123.722908">
				<ele>341.265411</ele>
				<time>2026-06-18T20:15:44Z</time>
			</trkpt>
			<trkpt lat="47.883953" lon="-123.722275">
				<ele>335.450409</ele>
				<time>2026-06-18T20:16:26Z</time>
			</trkpt>
			<trkpt lat="47.883968" lon="-123.722122">
				<ele>338.301147</ele>
				<time>2026-06-18T20:16:38Z</time>
			</trkpt>
			<trkpt lat="47.883938" lon="-123.72197">
				<ele>333.769714</ele>
				<time>2026-06-18T20:16:46Z</time>
			</trkpt>
			<trkpt lat="47.883915" lon="-123.721817">
				<ele>335.181183</ele>
				<time>2026-06-18T20:16:55Z</time>
			</trkpt>
			<trkpt lat="47.883942" lon="-123.721375">
				<ele>332.631958</ele>
				<time>2026-06-18T20:17:21Z</time>
			</trkpt>
			<trkpt lat="47.883915" lon="-123.721222">
				<ele>335.714264</ele>
				<time>2026-06-18T20:17:33Z</time>
			</trkpt>
			<trkpt lat="47.883877" lon="-123.721092">
				<ele>333.796539</ele>
				<time>2026-06-18T20:17:42Z</time>
			</trkpt>
			<trkpt lat="47.883904" lon="-123.720932">
				<ele>335.248535</ele>
				<time>2026-06-18T20:17:51Z</time>
			</trkpt>
			<trkpt lat="47.883865" lon="-123.720665">
				<ele>331.233124</ele>
				<time>2026-06-18T20:18:06Z</time>
			</trkpt>
			<trkpt lat="47.883858" lon="-123.720596">
				<ele>331.535126</ele>
				<time>2026-06-18T20:18:09Z</time>
			</trkpt>
			<trkpt lat="47.883881" lon="-123.720451">
				<ele>329.939819</ele>
				<time>2026-06-18T20:18:17Z</time>
			</trkpt>
			<trkpt lat="47.8839" lon="-123.72039">
				<ele>331.166046</ele>
				<time>2026-06-18T20:18:23Z</time>
			</trkpt>
			<trkpt lat="47.883873" lon="-123.720261">
				<ele>329.80188</ele>
				<time>2026-06-18T20:18:30Z</time>
			</trkpt>
			<trkpt lat="47.883892" lon="-123.719933">
				<ele>334.619446</ele>
				<time>2026-06-18T20:18:50Z</time>
			</trkpt>
			<trkpt lat="47.883884" lon="-123.719864">
				<ele>334.973389</ele>
				<time>2026-06-18T20:18:52Z</time>
			</trkpt>
			<trkpt lat="47.883873" lon="-123.719734">
				<ele>333.13913</ele>
				<time>2026-06-18T20:19:00Z</time>
			</trkpt>
			<trkpt lat="47.884087" lon="-123.719368">
				<ele>336.084991</ele>
				<time>2026-06-18T20:19:31Z</time>
			</trkpt>
			<trkpt lat="47.88422" lon="-123.7192">
				<ele>334.212311</ele>
				<time>2026-06-18T20:19:49Z</time>
			</trkpt>
			<trkpt lat="47.88422" lon="-123.719055">
				<ele>337.797272</ele>
				<time>2026-06-18T20:20:01Z</time>
			</trkpt>
			<trkpt lat="47.884174" lon="-123.718941">
				<ele>335.880219</ele>
				<time>2026-06-18T20:20:13Z</time>
			</trkpt>
			<trkpt lat="47.884201" lon="-123.718658">
				<ele>341.859222</ele>
				<time>2026-06-18T20:20:28Z</time>
			</trkpt>
			<trkpt lat="47.884296" lon="-123.718498">
				<ele>338.243561</ele>
				<time>2026-06-18T20:20:36Z</time>
			</trkpt>
			<trkpt lat="47.884342" lon="-123.718231">
				<ele>343.192078</ele>
				<time>2026-06-18T20:20:51Z</time>
			</trkpt>
			<trkpt lat="47.884357" lon="-123.717957">
				<ele>339.982544</ele>
				<time>2026-06-18T20:21:07Z</time>
			</trkpt>
			<trkpt lat="47.884274" lon="-123.717628">
				<ele>341.368896</ele>
				<time>2026-06-18T20:21:38Z</time>
			</trkpt>
			<trkpt lat="47.884243" lon="-123.717552">
				<ele>344.006897</ele>
				<time>2026-06-18T20:21:43Z</time>
			</trkpt>
			<trkpt lat="47.884193" lon="-123.717445">
				<ele>342.625122</ele>
				<time>2026-06-18T20:21:49Z</time>
			</trkpt>
			<trkpt lat="47.884167" lon="-123.717072">
				<ele>344.711853</ele>
				<time>2026-06-18T20:22:11Z</time>
			</trkpt>
			<trkpt lat="47.884094" lon="-123.716827">
				<ele>342.986816</ele>
				<time>2026-06-18T20:22:28Z</time>
			</trkpt>
			<trkpt lat="47.884106" lon="-123.716766">
				<ele>344.465149</ele>
				<time>2026-06-18T20:22:33Z</time>
			</trkpt>
			<trkpt lat="47.883991" lon="-123.716393">
				<ele>341.727264</ele>
				<time>2026-06-18T20:22:53Z</time>
			</trkpt>
			<trkpt lat="47.883797" lon="-123.716179">
				<ele>348.105865</ele>
				<time>2026-06-18T20:23:18Z</time>
			</trkpt>
			<trkpt lat="47.883694" lon="-123.71582">
				<ele>344.018341</ele>
				<time>2026-06-18T20:23:35Z</time>
			</trkpt>
			<trkpt lat="47.883682" lon="-123.715752">
				<ele>344.750031</ele>
				<time>2026-06-18T20:23:39Z</time>
			</trkpt>
			<trkpt lat="47.883686" lon="-123.715683">
				<ele>344.366577</ele>
				<time>2026-06-18T20:23:45Z</time>
			</trkpt>
			<trkpt lat="47.883522" lon="-123.715462">
				<ele>349.877747</ele>
				<time>2026-06-18T20:24:04Z</time>
			</trkpt>
			<trkpt lat="47.883484" lon="-123.715424">
				<ele>350.257538</ele>
				<time>2026-06-18T20:24:09Z</time>
			</trkpt>
			<trkpt lat="47.883465" lon="-123.715347">
				<ele>349.149384</ele>
				<time>2026-06-18T20:24:12Z</time>
			</trkpt>
			<trkpt lat="47.883408" lon="-123.71524">
				<ele>350.649323</ele>
				<time>2026-06-18T20:24:20Z</time>
			</trkpt>
			<trkpt lat="47.883286" lon="-123.715141">
				<ele>349.490631</ele>
				<time>2026-06-18T20:24:30Z</time>
			</trkpt>
			<trkpt lat="47.883244" lon="-123.715111">
				<ele>349.789001</ele>
				<time>2026-06-18T20:24:33Z</time>
			</trkpt>
			<trkpt lat="47.883091" lon="-123.714813">
				<ele>340.695129</ele>
				<time>2026-06-18T20:24:54Z</time>
			</trkpt>
			<trkpt lat="47.88316" lon="-123.714645">
				<ele>344.259583</ele>
				<time>2026-06-18T20:25:04Z</time>
			</trkpt>
			<trkpt lat="47.883125" lon="-123.714531">
				<ele>343.832947</ele>
				<time>2026-06-18T20:25:15Z</time>
			</trkpt>
			<trkpt lat="47.88308" lon="-123.714485">
				<ele>344.233246</ele>
				<time>2026-06-18T20:25:20Z</time>
			</trkpt>
			<trkpt lat="47.883041" lon="-123.714447">
				<ele>343.157043</ele>
				<time>2026-06-18T20:25:24Z</time>
			</trkpt>
			<trkpt lat="47.882946" lon="-123.714424">
				<ele>344.775024</ele>
				<time>2026-06-18T20:25:35Z</time>
			</trkpt>
			<trkpt lat="47.882896" lon="-123.714432">
				<ele>343.841522</ele>
				<time>2026-06-18T20:25:39Z</time>
			</trkpt>
			<trkpt lat="47.882786" lon="-123.71447">
				<ele>344.875977</ele>
				<time>2026-06-18T20:25:48Z</time>
			</trkpt>
			<trkpt lat="47.882565" lon="-123.714577">
				<ele>341.324097</ele>
				<time>2026-06-18T20:26:07Z</time>
			</trkpt>
			<trkpt lat="47.882359" lon="-123.714462">
				<ele>343.836029</ele>
				<time>2026-06-18T20:26:28Z</time>
			</trkpt>
			<trkpt lat="47.882275" lon="-123.714455">
				<ele>341.026794</ele>
				<time>2026-06-18T20:26:36Z</time>
			</trkpt>
			<trkpt lat="47.88221" lon="-123.71447">
				<ele>341.471924</ele>
				<time>2026-06-18T20:26:42Z</time>
			</trkpt>
			<trkpt lat="47.882111" lon="-123.714455">
				<ele>340.861023</ele>
				<time>2026-06-18T20:26:48Z</time>
			</trkpt>
			<trkpt lat="47.882046" lon="-123.714363">
				<ele>335.204346</ele>
				<time>2026-06-18T20:28:21Z</time>
			</trkpt>
			<trkpt lat="47.882019" lon="-123.714462">
				<ele>341.710602</ele>
				<time>2026-06-18T20:39:47Z</time>
			</trkpt>
			<trkpt lat="47.881989" lon="-123.714417">
				<ele>334.934631</ele>
				<time>2026-06-18T20:46:38Z</time>
			</trkpt>
			<trkpt lat="47.882069" lon="-123.714355">
				<ele>345.781403</ele>
				<time>2026-06-18T20:47:34Z</time>
			</trkpt>
			<trkpt lat="47.88205" lon="-123.714394">
				<ele>339.898041</ele>
				<time>2026-06-18T20:51:03Z</time>
			</trkpt>
			<trkpt lat="47.881748" lon="-123.714249">
				<ele>342.937439</ele>
				<time>2026-06-18T20:51:46Z</time>
			</trkpt>
			<trkpt lat="47.881718" lon="-123.714195">
				<ele>342.452515</ele>
				<time>2026-06-18T20:51:51Z</time>
			</trkpt>
			<trkpt lat="47.881588" lon="-123.713989">
				<ele>347.985107</ele>
				<time>2026-06-18T20:52:13Z</time>
			</trkpt>
			<trkpt lat="47.881573" lon="-123.713928">
				<ele>346.995758</ele>
				<time>2026-06-18T20:52:16Z</time>
			</trkpt>
			<trkpt lat="47.881374" lon="-123.713737">
				<ele>348.942719</ele>
				<time>2026-06-18T20:52:42Z</time>
			</trkpt>
			<trkpt lat="47.881332" lon="-123.713707">
				<ele>348.045532</ele>
				<time>2026-06-18T20:52:45Z</time>
			</trkpt>
			<trkpt lat="47.881275" lon="-123.713409">
				<ele>349.308868</ele>
				<time>2026-06-18T20:53:04Z</time>
			</trkpt>
			<trkpt lat="47.881115" lon="-123.712952">
				<ele>345.996887</ele>
				<time>2026-06-18T20:53:34Z</time>
			</trkpt>
			<trkpt lat="47.880985" lon="-123.712723">
				<ele>346.789429</ele>
				<time>2026-06-18T20:53:53Z</time>
			</trkpt>
			<trkpt lat="47.880867" lon="-123.712616">
				<ele>348.705017</ele>
				<time>2026-06-18T20:54:11Z</time>
			</trkpt>
			<trkpt lat="47.880863" lon="-123.712555">
				<ele>347.956238</ele>
				<time>2026-06-18T20:54:15Z</time>
			</trkpt>
			<trkpt lat="47.880726" lon="-123.712357">
				<ele>350.339142</ele>
				<time>2026-06-18T20:54:34Z</time>
			</trkpt>
			<trkpt lat="47.88068" lon="-123.712341">
				<ele>347.724884</ele>
				<time>2026-06-18T20:54:37Z</time>
			</trkpt>
			<trkpt lat="47.880596" lon="-123.712265">
				<ele>351.696442</ele>
				<time>2026-06-18T20:54:47Z</time>
			</trkpt>
			<trkpt lat="47.880527" lon="-123.712166">
				<ele>349.542969</ele>
				<time>2026-06-18T20:54:55Z</time>
			</trkpt>
			<trkpt lat="47.880322" lon="-123.711937">
				<ele>351.461548</ele>
				<time>2026-06-18T20:55:19Z</time>
			</trkpt>
			<trkpt lat="47.880283" lon="-123.711876">
				<ele>350.69632</ele>
				<time>2026-06-18T20:55:24Z</time>
			</trkpt>
			<trkpt lat="47.880257" lon="-123.711823">
				<ele>353.492371</ele>
				<time>2026-06-18T20:55:28Z</time>
			</trkpt>
			<trkpt lat="47.880127" lon="-123.711662">
				<ele>349.767517</ele>
				<time>2026-06-18T20:55:40Z</time>
			</trkpt>
			<trkpt lat="47.880119" lon="-123.711594">
				<ele>351.464935</ele>
				<time>2026-06-18T20:55:46Z</time>
			</trkpt>
			<trkpt lat="47.88007" lon="-123.711494">
				<ele>350.710846</ele>
				<time>2026-06-18T20:55:54Z</time>
			</trkpt>
			<trkpt lat="47.879944" lon="-123.711395">
				<ele>352.393036</ele>
				<time>2026-06-18T20:56:06Z</time>
			</trkpt>
			<trkpt lat="47.879894" lon="-123.711266">
				<ele>350.237854</ele>
				<time>2026-06-18T20:56:14Z</time>
			</trkpt>
			<trkpt lat="47.879856" lon="-123.71122">
				<ele>350.321259</ele>
				<time>2026-06-18T20:56:19Z</time>
			</trkpt>
			<trkpt lat="47.879745" lon="-123.71109">
				<ele>353.595703</ele>
				<time>2026-06-18T20:56:33Z</time>
			</trkpt>
			<trkpt lat="47.8797" lon="-123.711037">
				<ele>352.602753</ele>
				<time>2026-06-18T20:56:37Z</time>
			</trkpt>
			<trkpt lat="47.879642" lon="-123.711029">
				<ele>353.4646</ele>
				<time>2026-06-18T20:56:41Z</time>
			</trkpt>
			<trkpt lat="47.87962" lon="-123.710976">
				<ele>352.841095</ele>
				<time>2026-06-18T20:56:45Z</time>
			</trkpt>
			<trkpt lat="47.879478" lon="-123.71077">
				<ele>353.959869</ele>
				<time>2026-06-18T20:57:04Z</time>
			</trkpt>
			<trkpt lat="47.879452" lon="-123.710709">
				<ele>353.90329</ele>
				<time>2026-06-18T20:57:08Z</time>
			</trkpt>
			<trkpt lat="47.879379" lon="-123.710625">
				<ele>356.785828</ele>
				<time>2026-06-18T20:57:22Z</time>
			</trkpt>
			<trkpt lat="47.879322" lon="-123.710495">
				<ele>353.364532</ele>
				<time>2026-06-18T20:57:29Z</time>
			</trkpt>
			<trkpt lat="47.879257" lon="-123.710388">
				<ele>354.680817</ele>
				<time>2026-06-18T20:57:37Z</time>
			</trkpt>
			<trkpt lat="47.879108" lon="-123.710045">
				<ele>349.270691</ele>
				<time>2026-06-18T20:57:59Z</time>
			</trkpt>
			<trkpt lat="47.878971" lon="-123.709686">
				<ele>350.776184</ele>
				<time>2026-06-18T20:58:23Z</time>
			</trkpt>
			<trkpt lat="47.878952" lon="-123.709618">
				<ele>349.713104</ele>
				<time>2026-06-18T20:58:26Z</time>
			</trkpt>
			<trkpt lat="47.878956" lon="-123.709473">
				<ele>352.010712</ele>
				<time>2026-06-18T20:58:34Z</time>
			</trkpt>
			<trkpt lat="47.878948" lon="-123.709274">
				<ele>350.335327</ele>
				<time>2026-06-18T20:58:46Z</time>
			</trkpt>
			<trkpt lat="47.878929" lon="-123.709068">
				<ele>351.759705</ele>
				<time>2026-06-18T20:59:00Z</time>
			</trkpt>
			<trkpt lat="47.878918" lon="-123.708961">
				<ele>351.659637</ele>
				<time>2026-06-18T20:59:07Z</time>
			</trkpt>
			<trkpt lat="47.878887" lon="-123.7089">
				<ele>353.158966</ele>
				<time>2026-06-18T20:59:15Z</time>
			</trkpt>
			<trkpt lat="47.878822" lon="-123.70871">
				<ele>352.389648</ele>
				<time>2026-06-18T20:59:27Z</time>
			</trkpt>
			<trkpt lat="47.878815" lon="-123.708641">
				<ele>352.734436</ele>
				<time>2026-06-18T20:59:32Z</time>
			</trkpt>
			<trkpt lat="47.878822" lon="-123.708572">
				<ele>352.480621</ele>
				<time>2026-06-18T20:59:38Z</time>
			</trkpt>
			<trkpt lat="47.878864" lon="-123.708412">
				<ele>354.656281</ele>
				<time>2026-06-18T20:59:46Z</time>
			</trkpt>
			<trkpt lat="47.878849" lon="-123.708336">
				<ele>354.412384</ele>
				<time>2026-06-18T20:59:51Z</time>
			</trkpt>
			<trkpt lat="47.878891" lon="-123.708206">
				<ele>355.125916</ele>
				<time>2026-06-18T21:00:02Z</time>
			</trkpt>
			<trkpt lat="47.878841" lon="-123.707901">
				<ele>364.535583</ele>
				<time>2026-06-18T21:00:30Z</time>
			</trkpt>
			<trkpt lat="47.878822" lon="-123.70784">
				<ele>364.158386</ele>
				<time>2026-06-18T21:00:35Z</time>
			</trkpt>
			<trkpt lat="47.878803" lon="-123.707626">
				<ele>365.779236</ele>
				<time>2026-06-18T21:00:45Z</time>
			</trkpt>
			<trkpt lat="47.878849" lon="-123.707542">
				<ele>364.358276</ele>
				<time>2026-06-18T21:01:29Z</time>
			</trkpt>
			<trkpt lat="47.878773" lon="-123.707092">
				<ele>374.961853</ele>
				<time>2026-06-18T21:02:15Z</time>
			</trkpt>
			<trkpt lat="47.8787" lon="-123.707001">
				<ele>374.18457</ele>
				<time>2026-06-18T21:02:27Z</time>
			</trkpt>
			<trkpt lat="47.878704" lon="-123.706902">
				<ele>375.041565</ele>
				<time>2026-06-18T21:02:34Z</time>
			</trkpt>
			<trkpt lat="47.878586" lon="-123.706802">
				<ele>371.249664</ele>
				<time>2026-06-18T21:02:54Z</time>
			</trkpt>
			<trkpt lat="47.878731" lon="-123.706711">
				<ele>377.211487</ele>
				<time>2026-06-18T21:03:28Z</time>
			</trkpt>
			<trkpt lat="47.878773" lon="-123.706284">
				<ele>384.445007</ele>
				<time>2026-06-18T21:04:28Z</time>
			</trkpt>
			<trkpt lat="47.878788" lon="-123.706215">
				<ele>383.853821</ele>
				<time>2026-06-18T21:04:33Z</time>
			</trkpt>
			<trkpt lat="47.878838" lon="-123.705887">
				<ele>387.599396</ele>
				<time>2026-06-18T21:05:18Z</time>
			</trkpt>
			<trkpt lat="47.878761" lon="-123.705704">
				<ele>397.499847</ele>
				<time>2026-06-18T21:05:55Z</time>
			</trkpt>
			<trkpt lat="47.878738" lon="-123.705627">
				<ele>399.588226</ele>
				<time>2026-06-18T21:06:03Z</time>
			</trkpt>
			<trkpt lat="47.878716" lon="-123.705505">
				<ele>398.034424</ele>
				<time>2026-06-18T21:06:12Z</time>
			</trkpt>
			<trkpt lat="47.878628" lon="-123.705078">
				<ele>410.262573</ele>
				<time>2026-06-18T21:06:53Z</time>
			</trkpt>
			<trkpt lat="47.878605" lon="-123.704872">
				<ele>407.788269</ele>
				<time>2026-06-18T21:07:06Z</time>
			</trkpt>
			<trkpt lat="47.878662" lon="-123.704437">
				<ele>413.38147</ele>
				<time>2026-06-18T21:07:43Z</time>
			</trkpt>
			<trkpt lat="47.878693" lon="-123.704308">
				<ele>406.271698</ele>
				<time>2026-06-18T21:07:54Z</time>
			</trkpt>
			<trkpt lat="47.878834" lon="-123.70401">
				<ele>417.370392</ele>
				<time>2026-06-18T21:08:31Z</time>
			</trkpt>
			<trkpt lat="47.878872" lon="-123.703972">
				<ele>417.088715</ele>
				<time>2026-06-18T21:08:36Z</time>
			</trkpt>
			<trkpt lat="47.87891" lon="-123.703926">
				<ele>418.148407</ele>
				<time>2026-06-18T21:08:42Z</time>
			</trkpt>
			<trkpt lat="47.879009" lon="-123.703789">
				<ele>416.716858</ele>
				<time>2026-06-18T21:08:52Z</time>
			</trkpt>
			<trkpt lat="47.879124" lon="-123.703659">
				<ele>418.792847</ele>
				<time>2026-06-18T21:09:10Z</time>
			</trkpt>
			<trkpt lat="47.879143" lon="-123.703598">
				<ele>417.157166</ele>
				<time>2026-06-18T21:09:17Z</time>
			</trkpt>
			<trkpt lat="47.879177" lon="-123.703545">
				<ele>418.239868</ele>
				<time>2026-06-18T21:09:25Z</time>
			</trkpt>
			<trkpt lat="47.879143" lon="-123.703506">
				<ele>418.191681</ele>
				<time>2026-06-18T21:09:32Z</time>
			</trkpt>
			<trkpt lat="47.878948" lon="-123.703484">
				<ele>429.937744</ele>
				<time>2026-06-18T21:10:02Z</time>
			</trkpt>
			<trkpt lat="47.878853" lon="-123.703186">
				<ele>424.379852</ele>
				<time>2026-06-18T21:10:27Z</time>
			</trkpt>
			<trkpt lat="47.87883" lon="-123.703056">
				<ele>426.421783</ele>
				<time>2026-06-18T21:10:37Z</time>
			</trkpt>
			<trkpt lat="47.878803" lon="-123.702988">
				<ele>424.805969</ele>
				<time>2026-06-18T21:10:48Z</time>
			</trkpt>
			<trkpt lat="47.878769" lon="-123.702934">
				<ele>425.564209</ele>
				<time>2026-06-18T21:10:54Z</time>
			</trkpt>
			<trkpt lat="47.878712" lon="-123.70282">
				<ele>425.118927</ele>
				<time>2026-06-18T21:11:02Z</time>
			</trkpt>
			<trkpt lat="47.878651" lon="-123.702721">
				<ele>427.548767</ele>
				<time>2026-06-18T21:11:15Z</time>
			</trkpt>
			<trkpt lat="47.878689" lon="-123.702499">
				<ele>426.522736</ele>
				<time>2026-06-18T21:11:28Z</time>
			</trkpt>
			<trkpt lat="47.878784" lon="-123.702278">
				<ele>429.008606</ele>
				<time>2026-06-18T21:11:48Z</time>
			</trkpt>
			<trkpt lat="47.878815" lon="-123.702232">
				<ele>427.6297</ele>
				<time>2026-06-18T21:11:53Z</time>
			</trkpt>
			<trkpt lat="47.878834" lon="-123.702171">
				<ele>431.043427</ele>
				<time>2026-06-18T21:12:19Z</time>
			</trkpt>
			<trkpt lat="47.878597" lon="-123.702171">
				<ele>423.482452</ele>
				<time>2026-06-18T21:12:59Z</time>
			</trkpt>
			<trkpt lat="47.878345" lon="-123.701843">
				<ele>435.830078</ele>
				<time>2026-06-18T21:13:46Z</time>
			</trkpt>
			<trkpt lat="47.878357" lon="-123.701775">
				<ele>436.094299</ele>
				<time>2026-06-18T21:13:51Z</time>
			</trkpt>
			<trkpt lat="47.878395" lon="-123.701645">
				<ele>432.899567</ele>
				<time>2026-06-18T21:14:03Z</time>
			</trkpt>
			<trkpt lat="47.878239" lon="-123.701279">
				<ele>444.113586</ele>
				<time>2026-06-18T21:14:54Z</time>
			</trkpt>
			<trkpt lat="47.878231" lon="-123.701126">
				<ele>442.78363</ele>
				<time>2026-06-18T21:15:01Z</time>
			</trkpt>
			<trkpt lat="47.878242" lon="-123.700981">
				<ele>444.766663</ele>
				<time>2026-06-18T21:15:12Z</time>
			</trkpt>
			<trkpt lat="47.878258" lon="-123.70092">
				<ele>444.56665</ele>
				<time>2026-06-18T21:15:18Z</time>
			</trkpt>
			<trkpt lat="47.878288" lon="-123.700874">
				<ele>444.815765</ele>
				<time>2026-06-18T21:15:25Z</time>
			</trkpt>
			<trkpt lat="47.878311" lon="-123.700798">
				<ele>443.72702</ele>
				<time>2026-06-18T21:15:30Z</time>
			</trkpt>
			<trkpt lat="47.878387" lon="-123.700729">
				<ele>445.323212</ele>
				<time>2026-06-18T21:15:39Z</time>
			</trkpt>
			<trkpt lat="47.87846" lon="-123.700653">
				<ele>445.053497</ele>
				<time>2026-06-18T21:15:46Z</time>
			</trkpt>
			<trkpt lat="47.87849" lon="-123.700592">
				<ele>445.292633</ele>
				<time>2026-06-18T21:15:51Z</time>
			</trkpt>
			<trkpt lat="47.878559" lon="-123.7005">
				<ele>443.713287</ele>
				<time>2026-06-18T21:16:05Z</time>
			</trkpt>
			<trkpt lat="47.878666" lon="-123.700272">
				<ele>448.64209</ele>
				<time>2026-06-18T21:16:32Z</time>
			</trkpt>
			<trkpt lat="47.878796" lon="-123.699875">
				<ele>440.310669</ele>
				<time>2026-06-18T21:16:59Z</time>
			</trkpt>
			<trkpt lat="47.87891" lon="-123.699509">
				<ele>449.769043</ele>
				<time>2026-06-18T21:17:40Z</time>
			</trkpt>
			<trkpt lat="47.879051" lon="-123.699226">
				<ele>437.481567</ele>
				<time>2026-06-18T21:18:32Z</time>
			</trkpt>
			<trkpt lat="47.879021" lon="-123.699173">
				<ele>446.920929</ele>
				<time>2026-06-18T21:18:58Z</time>
			</trkpt>
			<trkpt lat="47.878956" lon="-123.699097">
				<ele>442.265594</ele>
				<time>2026-06-18T21:19:19Z</time>
			</trkpt>
			<trkpt lat="47.878822" lon="-123.699181">
				<ele>447.261383</ele>
				<time>2026-06-18T21:19:50Z</time>
			</trkpt>
			<trkpt lat="47.878796" lon="-123.69912">
				<ele>447.065155</ele>
				<time>2026-06-18T21:19:54Z</time>
			</trkpt>
			<trkpt lat="47.878639" lon="-123.698822">
				<ele>457.722565</ele>
				<time>2026-06-18T21:20:31Z</time>
			</trkpt>
			<trkpt lat="47.878601" lon="-123.698563">
				<ele>458.91864</ele>
				<time>2026-06-18T21:20:54Z</time>
			</trkpt>
			<trkpt lat="47.878635" lon="-123.698341">
				<ele>464.017029</ele>
				<time>2026-06-18T21:21:18Z</time>
			</trkpt>
			<trkpt lat="47.878647" lon="-123.698196">
				<ele>461.13739</ele>
				<time>2026-06-18T21:21:28Z</time>
			</trkpt>
			<trkpt lat="47.878635" lon="-123.698051">
				<ele>463.046082</ele>
				<time>2026-06-18T21:21:39Z</time>
			</trkpt>
			<trkpt lat="47.878609" lon="-123.69799">
				<ele>462.725098</ele>
				<time>2026-06-18T21:21:46Z</time>
			</trkpt>
			<trkpt lat="47.878544" lon="-123.69783">
				<ele>469.487091</ele>
				<time>2026-06-18T21:22:13Z</time>
			</trkpt>
			<trkpt lat="47.878479" lon="-123.69767">
				<ele>467.355286</ele>
				<time>2026-06-18T21:22:28Z</time>
			</trkpt>
			<trkpt lat="47.878441" lon="-123.697624">
				<ele>469.505951</ele>
				<time>2026-06-18T21:22:37Z</time>
			</trkpt>
			<trkpt lat="47.87841" lon="-123.697563">
				<ele>470.042572</ele>
				<time>2026-06-18T21:22:44Z</time>
			</trkpt>
			<trkpt lat="47.878338" lon="-123.697456">
				<ele>468.769775</ele>
				<time>2026-06-18T21:22:53Z</time>
			</trkpt>
			<trkpt lat="47.8783" lon="-123.697418">
				<ele>470.359192</ele>
				<time>2026-06-18T21:22:59Z</time>
			</trkpt>
			<trkpt lat="47.878052" lon="-123.697083">
				<ele>460.262299</ele>
				<time>2026-06-18T21:23:41Z</time>
			</trkpt>
			<trkpt lat="47.87785" lon="-123.696983">
				<ele>463.2229</ele>
				<time>2026-06-18T21:24:01Z</time>
			</trkpt>
			<trkpt lat="47.877674" lon="-123.696854">
				<ele>458.374268</ele>
				<time>2026-06-18T21:24:19Z</time>
			</trkpt>
			<trkpt lat="47.877544" lon="-123.696831">
				<ele>459.849976</ele>
				<time>2026-06-18T21:24:33Z</time>
			</trkpt>
			<trkpt lat="47.877487" lon="-123.696777">
				<ele>459.220856</ele>
				<time>2026-06-18T21:24:38Z</time>
			</trkpt>
			<trkpt lat="47.877445" lon="-123.696571">
				<ele>454.737122</ele>
				<time>2026-06-18T21:24:54Z</time>
			</trkpt>
			<trkpt lat="47.877434" lon="-123.69651">
				<ele>454.490326</ele>
				<time>2026-06-18T21:25:01Z</time>
			</trkpt>
			<trkpt lat="47.877411" lon="-123.696449">
				<ele>454.798767</ele>
				<time>2026-06-18T21:25:09Z</time>
			</trkpt>
			<trkpt lat="47.877384" lon="-123.696312">
				<ele>451.457245</ele>
				<time>2026-06-18T21:25:21Z</time>
			</trkpt>
			<trkpt lat="47.877388" lon="-123.696114">
				<ele>452.180115</ele>
				<time>2026-06-18T21:25:40Z</time>
			</trkpt>
			<trkpt lat="47.87735" lon="-123.695671">
				<ele>446.787994</ele>
				<time>2026-06-18T21:26:33Z</time>
			</trkpt>
			<trkpt lat="47.877308" lon="-123.695648">
				<ele>447.632599</ele>
				<time>2026-06-18T21:26:36Z</time>
			</trkpt>
			<trkpt lat="47.877056" lon="-123.69529">
				<ele>424.487579</ele>
				<time>2026-06-18T21:27:32Z</time>
			</trkpt>
			<trkpt lat="47.876884" lon="-123.695175">
				<ele>420.347961</ele>
				<time>2026-06-18T21:27:58Z</time>
			</trkpt>
			<trkpt lat="47.876797" lon="-123.695053">
				<ele>421.557373</ele>
				<time>2026-06-18T21:28:14Z</time>
			</trkpt>
			<trkpt lat="47.876682" lon="-123.694901">
				<ele>416.222321</ele>
				<time>2026-06-18T21:29:54Z</time>
			</trkpt>
			<trkpt lat="47.876225" lon="-123.694626">
				<ele>437.716705</ele>
				<time>2026-06-18T21:32:12Z</time>
			</trkpt>
			<trkpt lat="47.876232" lon="-123.694565">
				<ele>433.12323</ele>
				<time>2026-06-18T21:32:19Z</time>
			</trkpt>
			<trkpt lat="47.875969" lon="-123.694588">
				<ele>446.235474</ele>
				<time>2026-06-18T21:33:10Z</time>
			</trkpt>
			<trkpt lat="47.875854" lon="-123.694466">
				<ele>441.528809</ele>
				<time>2026-06-18T21:33:28Z</time>
			</trkpt>
			<trkpt lat="47.875423" lon="-123.693825">
				<ele>466.367188</ele>
				<time>2026-06-18T21:35:01Z</time>
			</trkpt>
			<trkpt lat="47.875389" lon="-123.693779">
				<ele>466.055481</ele>
				<time>2026-06-18T21:35:06Z</time>
			</trkpt>
			<trkpt lat="47.875179" lon="-123.693642">
				<ele>472.120636</ele>
				<time>2026-06-18T21:35:47Z</time>
			</trkpt>
			<trkpt lat="47.875095" lon="-123.693573">
				<ele>470.948547</ele>
				<time>2026-06-18T21:35:57Z</time>
			</trkpt>
			<trkpt lat="47.875038" lon="-123.693474">
				<ele>472.70517</ele>
				<time>2026-06-18T21:36:17Z</time>
			</trkpt>
			<trkpt lat="47.874996" lon="-123.693466">
				<ele>471.95871</ele>
				<time>2026-06-18T21:36:23Z</time>
			</trkpt>
			<trkpt lat="47.874947" lon="-123.693443">
				<ele>472.173645</ele>
				<time>2026-06-18T21:36:32Z</time>
			</trkpt>
			<trkpt lat="47.874813" lon="-123.693115">
				<ele>487.679932</ele>
				<time>2026-06-18T21:37:45Z</time>
			</trkpt>
			<trkpt lat="47.874748" lon="-123.693214">
				<ele>472.480103</ele>
				<time>2026-06-18T21:38:30Z</time>
			</trkpt>
			<trkpt lat="47.874287" lon="-123.692795">
				<ele>511.021088</ele>
				<time>2026-06-18T21:41:30Z</time>
			</trkpt>
			<trkpt lat="47.874241" lon="-123.692802">
				<ele>511.549194</ele>
				<time>2026-06-18T21:41:35Z</time>
			</trkpt>
			<trkpt lat="47.874233" lon="-123.692825">
				<ele>498.013672</ele>
				<time>2026-06-18T21:42:34Z</time>
			</trkpt>
			<trkpt lat="47.873924" lon="-123.692757">
				<ele>520.684082</ele>
				<time>2026-06-18T21:43:50Z</time>
			</trkpt>
			<trkpt lat="47.873894" lon="-123.692719">
				<ele>513.609009</ele>
				<time>2026-06-18T21:44:00Z</time>
			</trkpt>
			<trkpt lat="47.873795" lon="-123.692589">
				<ele>523.520142</ele>
				<time>2026-06-18T21:44:48Z</time>
			</trkpt>
			<trkpt lat="47.873775" lon="-123.69265">
				<ele>518.914063</ele>
				<time>2026-06-18T21:45:14Z</time>
			</trkpt>
			<trkpt lat="47.873585" lon="-123.692749">
				<ele>522.496094</ele>
				<time>2026-06-18T21:46:04Z</time>
			</trkpt>
			<trkpt lat="47.87328" lon="-123.692322">
				<ele>541.869995</ele>
				<time>2026-06-18T21:47:10Z</time>
			</trkpt>
			<trkpt lat="47.873127" lon="-123.692146">
				<ele>544.812317</ele>
				<time>2026-06-18T21:47:36Z</time>
			</trkpt>
			<trkpt lat="47.872925" lon="-123.692032">
				<ele>537.671448</ele>
				<time>2026-06-18T21:48:15Z</time>
			</trkpt>
			<trkpt lat="47.872707" lon="-123.691833">
				<ele>545.728027</ele>
				<time>2026-06-18T21:49:12Z</time>
			</trkpt>
			<trkpt lat="47.872665" lon="-123.691788">
				<ele>544.553589</ele>
				<time>2026-06-18T21:49:19Z</time>
			</trkpt>
			<trkpt lat="47.872585" lon="-123.691757">
				<ele>553.496765</ele>
				<time>2026-06-18T21:50:16Z</time>
			</trkpt>
			<trkpt lat="47.872505" lon="-123.691719">
				<ele>549.987427</ele>
				<time>2026-06-18T21:50:25Z</time>
			</trkpt>
			<trkpt lat="47.872421" lon="-123.691704">
				<ele>552.340332</ele>
				<time>2026-06-18T21:50:48Z</time>
			</trkpt>
			<trkpt lat="47.872334" lon="-123.691727">
				<ele>565.914917</ele>
				<time>2026-06-18T21:51:26Z</time>
			</trkpt>
			<trkpt lat="47.872292" lon="-123.691696">
				<ele>565.683044</ele>
				<time>2026-06-18T21:51:34Z</time>
			</trkpt>
			<trkpt lat="47.872253" lon="-123.691658">
				<ele>565.990173</ele>
				<time>2026-06-18T21:51:40Z</time>
			</trkpt>
			<trkpt lat="47.872131" lon="-123.691582">
				<ele>561.605469</ele>
				<time>2026-06-18T21:51:53Z</time>
			</trkpt>
			<trkpt lat="47.871826" lon="-123.691483">
				<ele>573.583618</ele>
				<time>2026-06-18T21:53:01Z</time>
			</trkpt>
			<trkpt lat="47.87141" lon="-123.691368">
				<ele>566.869263</ele>
				<time>2026-06-18T21:53:58Z</time>
			</trkpt>
			<trkpt lat="47.871353" lon="-123.691315">
				<ele>571.768433</ele>
				<time>2026-06-18T21:54:11Z</time>
			</trkpt>
			<trkpt lat="47.871304" lon="-123.691536">
				<ele>576.442322</ele>
				<time>2026-06-18T21:54:41Z</time>
			</trkpt>
			<trkpt lat="47.871319" lon="-123.69146">
				<ele>590.063354</ele>
				<time>2026-06-18T21:56:28Z</time>
			</trkpt>
			<trkpt lat="47.871315" lon="-123.691345">
				<ele>580.289856</ele>
				<time>2026-06-18T21:57:35Z</time>
			</trkpt>
			<trkpt lat="47.8713" lon="-123.691284">
				<ele>581.176147</ele>
				<time>2026-06-18T21:57:58Z</time>
			</trkpt>
			<trkpt lat="47.871372" lon="-123.691383">
				<ele>585.929077</ele>
				<time>2026-06-18T21:58:47Z</time>
			</trkpt>
			<trkpt lat="47.871246" lon="-123.691383">
				<ele>557.383789</ele>
				<time>2026-06-18T22:03:09Z</time>
			</trkpt>
			<trkpt lat="47.871418" lon="-123.691429">
				<ele>590.440186</ele>
				<time>2026-06-18T22:04:26Z</time>
			</trkpt>
			<trkpt lat="47.871384" lon="-123.691391">
				<ele>589.14032</ele>
				<time>2026-06-18T22:05:17Z</time>
			</trkpt>
			<trkpt lat="47.871243" lon="-123.691513">
				<ele>595.426331</ele>
				<time>2026-06-18T22:07:11Z</time>
			</trkpt>
			<trkpt lat="47.871407" lon="-123.691368">
				<ele>582.468201</ele>
				<time>2026-06-18T22:07:47Z</time>
			</trkpt>
			<trkpt lat="47.8713" lon="-123.69117">
				<ele>578.885437</ele>
				<time>2026-06-18T22:08:34Z</time>
			</trkpt>
			<trkpt lat="47.871387" lon="-123.691368">
				<ele>585.983765</ele>
				<time>2026-06-18T22:08:58Z</time>
			</trkpt>
			<trkpt lat="47.87122" lon="-123.691315">
				<ele>566.290649</ele>
				<time>2026-06-18T22:11:31Z</time>
			</trkpt>
			<trkpt lat="47.870789" lon="-123.691353">
				<ele>578.30481</ele>
				<time>2026-06-18T22:12:24Z</time>
			</trkpt>
			<trkpt lat="47.870758" lon="-123.691216">
				<ele>576.657715</ele>
				<time>2026-06-18T22:12:32Z</time>
			</trkpt>
			<trkpt lat="47.870216" lon="-123.691032">
				<ele>588.979004</ele>
				<time>2026-06-18T22:13:48Z</time>
			</trkpt>
			<trkpt lat="47.870167" lon="-123.691002">
				<ele>587.097168</ele>
				<time>2026-06-18T22:13:51Z</time>
			</trkpt>
			<trkpt lat="47.869919" lon="-123.691109">
				<ele>590.563965</ele>
				<time>2026-06-18T22:14:12Z</time>
			</trkpt>
			<trkpt lat="47.869781" lon="-123.691032">
				<ele>587.319519</ele>
				<time>2026-06-18T22:14:31Z</time>
			</trkpt>
			<trkpt lat="47.869659" lon="-123.691124">
				<ele>593.240662</ele>
				<time>2026-06-18T22:14:44Z</time>
			</trkpt>
			<trkpt lat="47.869614" lon="-123.691132">
				<ele>592.833435</ele>
				<time>2026-06-18T22:14:47Z</time>
			</trkpt>
			<trkpt lat="47.869545" lon="-123.691216">
				<ele>593.199097</ele>
				<time>2026-06-18T22:14:58Z</time>
			</trkpt>
			<trkpt lat="47.869354" lon="-123.691338">
				<ele>584.712036</ele>
				<time>2026-06-18T22:15:17Z</time>
			</trkpt>
			<trkpt lat="47.869255" lon="-123.691414">
				<ele>593.725342</ele>
				<time>2026-06-18T22:15:34Z</time>
			</trkpt>
			<trkpt lat="47.869022" lon="-123.69146">
				<ele>591.398743</ele>
				<time>2026-06-18T22:15:52Z</time>
			</trkpt>
			<trkpt lat="47.868927" lon="-123.691521">
				<ele>594.21936</ele>
				<time>2026-06-18T22:16:07Z</time>
			</trkpt>
			<trkpt lat="47.868698" lon="-123.691597">
				<ele>591.288025</ele>
				<time>2026-06-18T22:16:29Z</time>
			</trkpt>
			<trkpt lat="47.868565" lon="-123.691414">
				<ele>595.029541</ele>
				<time>2026-06-18T22:17:00Z</time>
			</trkpt>
			<trkpt lat="47.86832" lon="-123.691483">
				<ele>590.133118</ele>
				<time>2026-06-18T22:17:22Z</time>
			</trkpt>
			<trkpt lat="47.868225" lon="-123.691513">
				<ele>591.40387</ele>
				<time>2026-06-18T22:17:30Z</time>
			</trkpt>
			<trkpt lat="47.867989" lon="-123.691383">
				<ele>604.84198</ele>
				<time>2026-06-18T22:18:04Z</time>
			</trkpt>
			<trkpt lat="47.867855" lon="-123.691254">
				<ele>602.128662</ele>
				<time>2026-06-18T22:18:22Z</time>
			</trkpt>
			<trkpt lat="47.86763" lon="-123.691292">
				<ele>603.680908</ele>
				<time>2026-06-18T22:18:53Z</time>
			</trkpt>
			<trkpt lat="47.867592" lon="-123.691322">
				<ele>608.371277</ele>
				<time>2026-06-18T22:19:00Z</time>
			</trkpt>
			<trkpt lat="47.867542" lon="-123.691299">
				<ele>608.935059</ele>
				<time>2026-06-18T22:19:14Z</time>
			</trkpt>
			<trkpt lat="47.867451" lon="-123.691277">
				<ele>607.100159</ele>
				<time>2026-06-18T22:19:27Z</time>
			</trkpt>
			<trkpt lat="47.867001" lon="-123.691132">
				<ele>614.719543</ele>
				<time>2026-06-18T22:20:55Z</time>
			</trkpt>
			<trkpt lat="47.866966" lon="-123.691086">
				<ele>613.551758</ele>
				<time>2026-06-18T22:21:05Z</time>
			</trkpt>
			<trkpt lat="47.866703" lon="-123.690872">
				<ele>628.193848</ele>
				<time>2026-06-18T22:21:57Z</time>
			</trkpt>
			<trkpt lat="47.866611" lon="-123.690842">
				<ele>625.008606</ele>
				<time>2026-06-18T22:22:05Z</time>
			</trkpt>
			<trkpt lat="47.866493" lon="-123.690781">
				<ele>634.093628</ele>
				<time>2026-06-18T22:22:32Z</time>
			</trkpt>
			<trkpt lat="47.866222" lon="-123.691132">
				<ele>645.362427</ele>
				<time>2026-06-18T22:23:31Z</time>
			</trkpt>
			<trkpt lat="47.865868" lon="-123.691177">
				<ele>631.737488</ele>
				<time>2026-06-18T22:24:31Z</time>
			</trkpt>
			<trkpt lat="47.865631" lon="-123.691254">
				<ele>636.914917</ele>
				<time>2026-06-18T22:25:12Z</time>
			</trkpt>
			<trkpt lat="47.865589" lon="-123.691284">
				<ele>634.662292</ele>
				<time>2026-06-18T22:25:21Z</time>
			</trkpt>
			<trkpt lat="47.865551" lon="-123.691429">
				<ele>638.24823</ele>
				<time>2026-06-18T22:25:35Z</time>
			</trkpt>
			<trkpt lat="47.865437" lon="-123.691498">
				<ele>634.039917</ele>
				<time>2026-06-18T22:26:00Z</time>
			</trkpt>
			<trkpt lat="47.86528" lon="-123.691734">
				<ele>644.633362</ele>
				<time>2026-06-18T22:26:33Z</time>
			</trkpt>
			<trkpt lat="47.865227" lon="-123.691696">
				<ele>641.777344</ele>
				<time>2026-06-18T22:26:37Z</time>
			</trkpt>
			<trkpt lat="47.865181" lon="-123.691696">
				<ele>652.154907</ele>
				<time>2026-06-18T22:26:57Z</time>
			</trkpt>
			<trkpt lat="47.865257" lon="-123.691559">
				<ele>670.294556</ele>
				<time>2026-06-18T22:27:28Z</time>
			</trkpt>
			<trkpt lat="47.865299" lon="-123.691521">
				<ele>669.732361</ele>
				<time>2026-06-18T22:27:35Z</time>
			</trkpt>
			<trkpt lat="47.865341" lon="-123.691299">
				<ele>672.274353</ele>
				<time>2026-06-18T22:27:58Z</time>
			</trkpt>
			<trkpt lat="47.865368" lon="-123.691238">
				<ele>671.760681</ele>
				<time>2026-06-18T22:28:14Z</time>
			</trkpt>
			<trkpt lat="47.865379" lon="-123.691246">
				<ele>682.731934</ele>
				<time>2026-06-18T22:29:04Z</time>
			</trkpt>
			<trkpt lat="47.865242" lon="-123.691399">
				<ele>684.959595</ele>
				<time>2026-06-18T22:29:43Z</time>
			</trkpt>
			<trkpt lat="47.865013" lon="-123.691498">
				<ele>679.074341</ele>
				<time>2026-06-18T22:29:56Z</time>
			</trkpt>
			<trkpt lat="47.864246" lon="-123.691513">
				<ele>715.070129</ele>
				<time>2026-06-18T22:32:27Z</time>
			</trkpt>
			<trkpt lat="47.864113" lon="-123.691505">
				<ele>707.871582</ele>
				<time>2026-06-18T22:32:49Z</time>
			</trkpt>
			<trkpt lat="47.864029" lon="-123.691536">
				<ele>723.223511</ele>
				<time>2026-06-18T22:33:27Z</time>
			</trkpt>
			<trkpt lat="47.863731" lon="-123.691673">
				<ele>731.85144</ele>
				<time>2026-06-18T22:34:23Z</time>
			</trkpt>
			<trkpt lat="47.863564" lon="-123.691628">
				<ele>743.232483</ele>
				<time>2026-06-18T22:35:03Z</time>
			</trkpt>
			<trkpt lat="47.863548" lon="-123.69149">
				<ele>727.624939</ele>
				<time>2026-06-18T22:39:06Z</time>
			</trkpt>
			<trkpt lat="47.863506" lon="-123.691505">
				<ele>726.289001</ele>
				<time>2026-06-18T22:39:27Z</time>
			</trkpt>
			<trkpt lat="47.863468" lon="-123.691551">
				<ele>729.745117</ele>
				<time>2026-06-18T22:39:35Z</time>
			</trkpt>
			<trkpt lat="47.863365" lon="-123.691467">
				<ele>727.009521</ele>
				<time>2026-06-18T22:39:50Z</time>
			</trkpt>
			<trkpt lat="47.86327" lon="-123.691566">
				<ele>728.966675</ele>
				<time>2026-06-18T22:40:07Z</time>
			</trkpt>
			<trkpt lat="47.863251" lon="-123.691513">
				<ele>728.724426</ele>
				<time>2026-06-18T22:40:13Z</time>
			</trkpt>
			<trkpt lat="47.863247" lon="-123.691444">
				<ele>724.082092</ele>
				<time>2026-06-18T22:40:21Z</time>
			</trkpt>
			<trkpt lat="47.863274" lon="-123.691673">
				<ele>751.485352</ele>
				<time>2026-06-18T22:45:57Z</time>
			</trkpt>
			<trkpt lat="47.863224" lon="-123.691605">
				<ele>738.392822</ele>
				<time>2026-06-18T22:47:52Z</time>
			</trkpt>
			<trkpt lat="47.863197" lon="-123.691658">
				<ele>741.195313</ele>
				<time>2026-06-18T22:48:30Z</time>
			</trkpt>
			<trkpt lat="47.863159" lon="-123.691704">
				<ele>741.068237</ele>
				<time>2026-06-18T22:48:36Z</time>
			</trkpt>
			<trkpt lat="47.863136" lon="-123.691635">
				<ele>740.212585</ele>
				<time>2026-06-18T22:48:39Z</time>
			</trkpt>
			<trkpt lat="47.86306" lon="-123.691589">
				<ele>742.435242</ele>
				<time>2026-06-18T22:48:56Z</time>
			</trkpt>
			<trkpt lat="47.863064" lon="-123.691345">
				<ele>736.785339</ele>
				<time>2026-06-18T22:49:17Z</time>
			</trkpt>
			<trkpt lat="47.86301" lon="-123.691345">
				<ele>740.952087</ele>
				<time>2026-06-18T22:49:49Z</time>
			</trkpt>
			<trkpt lat="47.862968" lon="-123.691338">
				<ele>740.286316</ele>
				<time>2026-06-18T22:49:57Z</time>
			</trkpt>
			<trkpt lat="47.862747" lon="-123.691498">
				<ele>745.121887</ele>
				<time>2026-06-18T22:50:27Z</time>
			</trkpt>
			<trkpt lat="47.862743" lon="-123.691574">
				<ele>742.818604</ele>
				<time>2026-06-18T22:50:36Z</time>
			</trkpt>
			<trkpt lat="47.862595" lon="-123.691734">
				<ele>746.716003</ele>
				<time>2026-06-18T22:51:09Z</time>
			</trkpt>
			<trkpt lat="47.862411" lon="-123.691818">
				<ele>744.817078</ele>
				<time>2026-06-18T22:51:24Z</time>
			</trkpt>
			<trkpt lat="47.862171" lon="-123.691666">
				<ele>755.69696</ele>
				<time>2026-06-18T22:51:59Z</time>
			</trkpt>
			<trkpt lat="47.862144" lon="-123.691582">
				<ele>755.630554</ele>
				<time>2026-06-18T22:52:03Z</time>
			</trkpt>
			<trkpt lat="47.862072" lon="-123.69146">
				<ele>758.114136</ele>
				<time>2026-06-18T22:52:16Z</time>
			</trkpt>
			<trkpt lat="47.861774" lon="-123.691322">
				<ele>750.948853</ele>
				<time>2026-06-18T22:53:08Z</time>
			</trkpt>
			<trkpt lat="47.861675" lon="-123.691177">
				<ele>759.453186</ele>
				<time>2026-06-18T22:53:56Z</time>
			</trkpt>
			<trkpt lat="47.861576" lon="-123.691193">
				<ele>757.686707</ele>
				<time>2026-06-18T22:54:04Z</time>
			</trkpt>
			<trkpt lat="47.861492" lon="-123.691116">
				<ele>758.932373</ele>
				<time>2026-06-18T22:54:14Z</time>
			</trkpt>
			<trkpt lat="47.861404" lon="-123.691071">
				<ele>755.667114</ele>
				<time>2026-06-18T22:54:23Z</time>
			</trkpt>
			<trkpt lat="47.861061" lon="-123.691147">
				<ele>760.087463</ele>
				<time>2026-06-18T22:55:05Z</time>
			</trkpt>
			<trkpt lat="47.860985" lon="-123.691177">
				<ele>766.707825</ele>
				<time>2026-06-18T22:55:25Z</time>
			</trkpt>
			<trkpt lat="47.860798" lon="-123.69101">
				<ele>763.37146</ele>
				<time>2026-06-18T22:55:56Z</time>
			</trkpt>
			<trkpt lat="47.860859" lon="-123.690903">
				<ele>758.814087</ele>
				<time>2026-06-18T22:56:07Z</time>
			</trkpt>
			<trkpt lat="47.860912" lon="-123.690964">
				<ele>759.453796</ele>
				<time>2026-06-18T22:56:10Z</time>
			</trkpt>
			<trkpt lat="47.860878" lon="-123.691086">
				<ele>757.910217</ele>
				<time>2026-06-18T22:56:27Z</time>
			</trkpt>
			<trkpt lat="47.860771" lon="-123.691269">
				<ele>761.745972</ele>
				<time>2026-06-18T22:56:40Z</time>
			</trkpt>
			<trkpt lat="47.860832" lon="-123.691078">
				<ele>759.559265</ele>
				<time>2026-06-18T22:56:46Z</time>
			</trkpt>
			<trkpt lat="47.86092" lon="-123.691055">
				<ele>766.94165</ele>
				<time>2026-06-18T22:57:11Z</time>
			</trkpt>
			<trkpt lat="47.860909" lon="-123.691116">
				<ele>766.707886</ele>
				<time>2026-06-18T22:57:17Z</time>
			</trkpt>
			<trkpt lat="47.860931" lon="-123.691238">
				<ele>769.766357</ele>
				<time>2026-06-18T22:57:32Z</time>
			</trkpt>
			<trkpt lat="47.860714" lon="-123.691261">
				<ele>774.179871</ele>
				<time>2026-06-18T22:57:55Z</time>
			</trkpt>
			<trkpt lat="47.860382" lon="-123.691292">
				<ele>767.703857</ele>
				<time>2026-06-18T22:58:19Z</time>
			</trkpt>
			<trkpt lat="47.860184" lon="-123.691277">
				<ele>772.553833</ele>
				<time>2026-06-18T22:58:41Z</time>
			</trkpt>
			<trkpt lat="47.860153" lon="-123.690994">
				<ele>783.925598</ele>
				<time>2026-06-18T22:59:27Z</time>
			</trkpt>
			<trkpt lat="47.860279" lon="-123.690834">
				<ele>774.081787</ele>
				<time>2026-06-18T22:59:44Z</time>
			</trkpt>
			<trkpt lat="47.860104" lon="-123.690872">
				<ele>764.84375</ele>
				<time>2026-06-18T23:00:11Z</time>
			</trkpt>
			<trkpt lat="47.860008" lon="-123.691093">
				<ele>767.884094</ele>
				<time>2026-06-18T23:00:35Z</time>
			</trkpt>
			<trkpt lat="47.860054" lon="-123.691139">
				<ele>766.055176</ele>
				<time>2026-06-18T23:00:45Z</time>
			</trkpt>
			<trkpt lat="47.859993" lon="-123.6912">
				<ele>766.642151</ele>
				<time>2026-06-18T23:00:56Z</time>
			</trkpt>
			<trkpt lat="47.859917" lon="-123.691277">
				<ele>770.109009</ele>
				<time>2026-06-18T23:01:13Z</time>
			</trkpt>
			<trkpt lat="47.859768" lon="-123.69133">
				<ele>769.789856</ele>
				<time>2026-06-18T23:01:22Z</time>
			</trkpt>
			<trkpt lat="47.859726" lon="-123.69136">
				<ele>770.419617</ele>
				<time>2026-06-18T23:01:26Z</time>
			</trkpt>
			<trkpt lat="47.859726" lon="-123.691322">
				<ele>760.962036</ele>
				<time>2026-06-18T23:01:42Z</time>
			</trkpt>
			<trkpt lat="47.859497" lon="-123.691429">
				<ele>767.421204</ele>
				<time>2026-06-18T23:01:55Z</time>
			</trkpt>
			<trkpt lat="47.859592" lon="-123.691788">
				<ele>783.156433</ele>
				<time>2026-06-18T23:02:40Z</time>
			</trkpt>
			<trkpt lat="47.859421" lon="-123.691902">
				<ele>782.360229</ele>
				<time>2026-06-18T23:02:55Z</time>
			</trkpt>
			<trkpt lat="47.859177" lon="-123.691917">
				<ele>776.86792</ele>
				<time>2026-06-18T23:03:21Z</time>
			</trkpt>
			<trkpt lat="47.85902" lon="-123.691971">
				<ele>779.273926</ele>
				<time>2026-06-18T23:03:40Z</time>
			</trkpt>
			<trkpt lat="47.858959" lon="-123.692001">
				<ele>778.678955</ele>
				<time>2026-06-18T23:03:51Z</time>
			</trkpt>
			<trkpt lat="47.85878" lon="-123.692184">
				<ele>791.709473</ele>
				<time>2026-06-18T23:04:42Z</time>
			</trkpt>
			<trkpt lat="47.858856" lon="-123.692215">
				<ele>792.171509</ele>
				<time>2026-06-18T23:04:47Z</time>
			</trkpt>
			<trkpt lat="47.858841" lon="-123.692307">
				<ele>791.143921</ele>
				<time>2026-06-18T23:04:54Z</time>
			</trkpt>
			<trkpt lat="47.859028" lon="-123.692299">
				<ele>794.483215</ele>
				<time>2026-06-18T23:04:57Z</time>
			</trkpt>
			<trkpt lat="47.858894" lon="-123.692467">
				<ele>798.370972</ele>
				<time>2026-06-18T23:05:17Z</time>
			</trkpt>
			<trkpt lat="47.859226" lon="-123.692513">
				<ele>801.011597</ele>
				<time>2026-06-18T23:05:29Z</time>
			</trkpt>
			<trkpt lat="47.8592" lon="-123.692627">
				<ele>800.096741</ele>
				<time>2026-06-18T23:05:36Z</time>
			</trkpt>
			<trkpt lat="47.859131" lon="-123.692688">
				<ele>800.54303</ele>
				<time>2026-06-18T23:05:41Z</time>
			</trkpt>
			<trkpt lat="47.858898" lon="-123.692848">
				<ele>795.693054</ele>
				<time>2026-06-18T23:05:47Z</time>
			</trkpt>
			<trkpt lat="47.858402" lon="-123.693115">
				<ele>781.076111</ele>
				<time>2026-06-18T23:06:04Z</time>
			</trkpt>
			<trkpt lat="47.858303" lon="-123.693169">
				<ele>785.541992</ele>
				<time>2026-06-18T23:06:21Z</time>
			</trkpt>
			<trkpt lat="47.858059" lon="-123.693092">
				<ele>783.074463</ele>
				<time>2026-06-18T23:06:44Z</time>
			</trkpt>
			<trkpt lat="47.858006" lon="-123.693115">
				<ele>783.113281</ele>
				<time>2026-06-18T23:06:51Z</time>
			</trkpt>
			<trkpt lat="47.857658" lon="-123.692848">
				<ele>791.641174</ele>
				<time>2026-06-18T23:07:42Z</time>
			</trkpt>
			<trkpt lat="47.857601" lon="-123.692741">
				<ele>791.832886</ele>
				<time>2026-06-18T23:07:50Z</time>
			</trkpt>
			<trkpt lat="47.857563" lon="-123.692703">
				<ele>790.95874</ele>
				<time>2026-06-18T23:07:57Z</time>
			</trkpt>
			<trkpt lat="47.85743" lon="-123.692436">
				<ele>795.427185</ele>
				<time>2026-06-18T23:08:29Z</time>
			</trkpt>
			<trkpt lat="47.857418" lon="-123.692337">
				<ele>790.498962</ele>
				<time>2026-06-18T23:08:58Z</time>
			</trkpt>
			<trkpt lat="47.857441" lon="-123.692078">
				<ele>792.11554</ele>
				<time>2026-06-18T23:09:31Z</time>
			</trkpt>
			<trkpt lat="47.857311" lon="-123.692093">
				<ele>805.7901</ele>
				<time>2026-06-18T23:10:28Z</time>
			</trkpt>
			<trkpt lat="47.857296" lon="-123.692024">
				<ele>806.399353</ele>
				<time>2026-06-18T23:10:34Z</time>
			</trkpt>
			<trkpt lat="47.857296" lon="-123.69191">
				<ele>804.257263</ele>
				<time>2026-06-18T23:10:36Z</time>
			</trkpt>
			<trkpt lat="47.857197" lon="-123.691841">
				<ele>814.074524</ele>
				<time>2026-06-18T23:11:12Z</time>
			</trkpt>
			<trkpt lat="47.857166" lon="-123.691772">
				<ele>812.836792</ele>
				<time>2026-06-18T23:11:17Z</time>
			</trkpt>
			<trkpt lat="47.857075" lon="-123.691551">
				<ele>818.486755</ele>
				<time>2026-06-18T23:11:39Z</time>
			</trkpt>
			<trkpt lat="47.857033" lon="-123.691544">
				<ele>813.477295</ele>
				<time>2026-06-18T23:11:58Z</time>
			</trkpt>
			<trkpt lat="47.856922" lon="-123.691406">
				<ele>815.587341</ele>
				<time>2026-06-18T23:12:22Z</time>
			</trkpt>
			<trkpt lat="47.856804" lon="-123.691643">
				<ele>824.234985</ele>
				<time>2026-06-18T23:12:56Z</time>
			</trkpt>
			<trkpt lat="47.856583" lon="-123.691559">
				<ele>834.735535</ele>
				<time>2026-06-18T23:13:29Z</time>
			</trkpt>
			<trkpt lat="47.856571" lon="-123.691483">
				<ele>829.153259</ele>
				<time>2026-06-18T23:13:35Z</time>
			</trkpt>
			<trkpt lat="47.856266" lon="-123.691597">
				<ele>842.15033</ele>
				<time>2026-06-18T23:15:11Z</time>
			</trkpt>
			<trkpt lat="47.855885" lon="-123.691757">
				<ele>847.671326</ele>
				<time>2026-06-18T23:15:41Z</time>
			</trkpt>
			<trkpt lat="47.855938" lon="-123.691803">
				<ele>853.79364</ele>
				<time>2026-06-18T23:16:44Z</time>
			</trkpt>
			<trkpt lat="47.855579" lon="-123.691986">
				<ele>856.253357</ele>
				<time>2026-06-18T23:17:11Z</time>
			</trkpt>
			<trkpt lat="47.85524" lon="-123.692101">
				<ele>864.231262</ele>
				<time>2026-06-18T23:18:21Z</time>
			</trkpt>
			<trkpt lat="47.855362" lon="-123.692062">
				<ele>863.835327</ele>
				<time>2026-06-18T23:19:10Z</time>
			</trkpt>
			<trkpt lat="47.85519" lon="-123.692093">
				<ele>866.261658</ele>
				<time>2026-06-18T23:19:26Z</time>
			</trkpt>
			<trkpt lat="47.855278" lon="-123.69175">
				<ele>876.641113</ele>
				<time>2026-06-18T23:20:15Z</time>
			</trkpt>
			<trkpt lat="47.855247" lon="-123.691536">
				<ele>857.341431</ele>
				<time>2026-06-18T23:20:42Z</time>
			</trkpt>
			<trkpt lat="47.855213" lon="-123.691376">
				<ele>861.09906</ele>
				<time>2026-06-18T23:21:09Z</time>
			</trkpt>
			<trkpt lat="47.855263" lon="-123.691307">
				<ele>860.811279</ele>
				<time>2026-06-18T23:21:25Z</time>
			</trkpt>
			<trkpt lat="47.855015" lon="-123.691696">
				<ele>867.607605</ele>
				<time>2026-06-18T23:22:15Z</time>
			</trkpt>
			<trkpt lat="47.85479" lon="-123.69165">
				<ele>874.57489</ele>
				<time>2026-06-18T23:22:58Z</time>
			</trkpt>
			<trkpt lat="47.85474" lon="-123.691673">
				<ele>875.620483</ele>
				<time>2026-06-18T23:23:01Z</time>
			</trkpt>
			<trkpt lat="47.85463" lon="-123.691811">
				<ele>869.293457</ele>
				<time>2026-06-18T23:23:32Z</time>
			</trkpt>
			<trkpt lat="47.854271" lon="-123.692162">
				<ele>884.598206</ele>
				<time>2026-06-18T23:24:42Z</time>
			</trkpt>
			<trkpt lat="47.854225" lon="-123.692192">
				<ele>881.598328</ele>
				<time>2026-06-18T23:24:52Z</time>
			</trkpt>
			<trkpt lat="47.854168" lon="-123.692276">
				<ele>884.515686</ele>
				<time>2026-06-18T23:25:12Z</time>
			</trkpt>
			<trkpt lat="47.854107" lon="-123.692329">
				<ele>891.8703</ele>
				<time>2026-06-18T23:25:27Z</time>
			</trkpt>
			<trkpt lat="47.854008" lon="-123.692406">
				<ele>893.678284</ele>
				<time>2026-06-18T23:25:45Z</time>
			</trkpt>
			<trkpt lat="47.853844" lon="-123.69249">
				<ele>890.247803</ele>
				<time>2026-06-18T23:26:07Z</time>
			</trkpt>
			<trkpt lat="47.853821" lon="-123.692596">
				<ele>897.096863</ele>
				<time>2026-06-18T23:26:36Z</time>
			</trkpt>
			<trkpt lat="47.853756" lon="-123.692604">
				<ele>897.494873</ele>
				<time>2026-06-18T23:26:39Z</time>
			</trkpt>
			<trkpt lat="47.853661" lon="-123.692551">
				<ele>896.011658</ele>
				<time>2026-06-18T23:26:54Z</time>
			</trkpt>
			<trkpt lat="47.853519" lon="-123.692726">
				<ele>902.641907</ele>
				<time>2026-06-18T23:27:15Z</time>
			</trkpt>
			<trkpt lat="47.853374" lon="-123.692703">
				<ele>900.084778</ele>
				<time>2026-06-18T23:27:32Z</time>
			</trkpt>
			<trkpt lat="47.853325" lon="-123.692711">
				<ele>900.454773</ele>
				<time>2026-06-18T23:27:42Z</time>
			</trkpt>
			<trkpt lat="47.853188" lon="-123.692787">
				<ele>906.955078</ele>
				<time>2026-06-18T23:28:07Z</time>
			</trkpt>
			<trkpt lat="47.853218" lon="-123.692558">
				<ele>877.557251</ele>
				<time>2026-06-18T23:29:54Z</time>
			</trkpt>
			<trkpt lat="47.853161" lon="-123.692558">
				<ele>878.624023</ele>
				<time>2026-06-18T23:30:05Z</time>
			</trkpt>
			<trkpt lat="47.853157" lon="-123.692734">
				<ele>895.858459</ele>
				<time>2026-06-18T23:30:37Z</time>
			</trkpt>
			<trkpt lat="47.852928" lon="-123.692795">
				<ele>900.310181</ele>
				<time>2026-06-18T23:31:05Z</time>
			</trkpt>
			<trkpt lat="47.853008" lon="-123.69278">
				<ele>909.416443</ele>
				<time>2026-06-18T23:31:33Z</time>
			</trkpt>
			<trkpt lat="47.852959" lon="-123.692726">
				<ele>903.679626</ele>
				<time>2026-06-18T23:32:40Z</time>
			</trkpt>
			<trkpt lat="47.853046" lon="-123.692795">
				<ele>908.383179</ele>
				<time>2026-06-18T23:33:11Z</time>
			</trkpt>
			<trkpt lat="47.853138" lon="-123.692764">
				<ele>900.371338</ele>
				<time>2026-06-18T23:33:53Z</time>
			</trkpt>
			<trkpt lat="47.85318" lon="-123.69281">
				<ele>903.362183</ele>
				<time>2026-06-18T23:34:03Z</time>
			</trkpt>
			<trkpt lat="47.853241" lon="-123.69281">
				<ele>903.075195</ele>
				<time>2026-06-18T23:34:06Z</time>
			</trkpt>
			<trkpt lat="47.853207" lon="-123.692749">
				<ele>895.058594</ele>
				<time>2026-06-18T23:34:40Z</time>
			</trkpt>
			<trkpt lat="47.853115" lon="-123.692825">
				<ele>905.751831</ele>
				<time>2026-06-18T23:35:21Z</time>
			</trkpt>
			<trkpt lat="47.853176" lon="-123.692696">
				<ele>884.206909</ele>
				<time>2026-06-18T23:37:01Z</time>
			</trkpt>
			<trkpt lat="47.85318" lon="-123.692886">
				<ele>911.203613</ele>
				<time>2026-06-18T23:38:55Z</time>
			</trkpt>
			<trkpt lat="47.853077" lon="-123.692711">
				<ele>888.299072</ele>
				<time>2026-06-18T23:40:40Z</time>
			</trkpt>
			<trkpt lat="47.853218" lon="-123.692825">
				<ele>909.519958</ele>
				<time>2026-06-18T23:42:08Z</time>
			</trkpt>
			<trkpt lat="47.853207" lon="-123.692741">
				<ele>894.692383</ele>
				<time>2026-06-18T23:43:23Z</time>
			</trkpt>
			<trkpt lat="47.85302" lon="-123.692924">
				<ele>902.603027</ele>
				<time>2026-06-18T23:44:01Z</time>
			</trkpt>
			<trkpt lat="47.85297" lon="-123.692932">
				<ele>901.364014</ele>
				<time>2026-06-18T23:44:04Z</time>
			</trkpt>
			<trkpt lat="47.852627" lon="-123.69313">
				<ele>922.997681</ele>
				<time>2026-06-18T23:45:28Z</time>
			</trkpt>
			<trkpt lat="47.852516" lon="-123.693222">
				<ele>922.021545</ele>
				<time>2026-06-18T23:45:36Z</time>
			</trkpt>
			<trkpt lat="47.852245" lon="-123.693115">
				<ele>961.784485</ele>
				<time>2026-06-18T23:46:55Z</time>
			</trkpt>
			<trkpt lat="47.852196" lon="-123.6931">
				<ele>962.670654</ele>
				<time>2026-06-18T23:47:05Z</time>
			</trkpt>
			<trkpt lat="47.851994" lon="-123.69323">
				<ele>954.256348</ele>
				<time>2026-06-18T23:47:36Z</time>
			</trkpt>
			<trkpt lat="47.85186" lon="-123.693283">
				<ele>957.833984</ele>
				<time>2026-06-18T23:48:01Z</time>
			</trkpt>
			<trkpt lat="47.851711" lon="-123.693466">
				<ele>955.056702</ele>
				<time>2026-06-18T23:48:23Z</time>
			</trkpt>
			<trkpt lat="47.851517" lon="-123.69339">
				<ele>962.782959</ele>
				<time>2026-06-18T23:48:59Z</time>
			</trkpt>
			<trkpt lat="47.851418" lon="-123.693405">
				<ele>960.819153</ele>
				<time>2026-06-18T23:49:16Z</time>
			</trkpt>
			<trkpt lat="47.851002" lon="-123.693497">
				<ele>970.820984</ele>
				<time>2026-06-18T23:50:35Z</time>
			</trkpt>
			<trkpt lat="47.850929" lon="-123.693581">
				<ele>968.376404</ele>
				<time>2026-06-18T23:51:04Z</time>
			</trkpt>
			<trkpt lat="47.850842" lon="-123.693596">
				<ele>975.573975</ele>
				<time>2026-06-18T23:51:32Z</time>
			</trkpt>
			<trkpt lat="47.8507" lon="-123.69368">
				<ele>968.948608</ele>
				<time>2026-06-18T23:53:44Z</time>
			</trkpt>
			<trkpt lat="47.85067" lon="-123.693726">
				<ele>973.03717</ele>
				<time>2026-06-18T23:55:17Z</time>
			</trkpt>
			<trkpt lat="47.850758" lon="-123.693893">
				<ele>969.554749</ele>
				<time>2026-06-18T23:55:50Z</time>
			</trkpt>
			<trkpt lat="47.850704" lon="-123.694069">
				<ele>975.326599</ele>
				<time>2026-06-18T23:56:11Z</time>
			</trkpt>
			<trkpt lat="47.850647" lon="-123.694168">
				<ele>974.824829</ele>
				<time>2026-06-18T23:56:24Z</time>
			</trkpt>
			<trkpt lat="47.850277" lon="-123.69442">
				<ele>986.132813</ele>
				<time>2026-06-18T23:57:30Z</time>
			</trkpt>
			<trkpt lat="47.850227" lon="-123.69442">
				<ele>985.181213</ele>
				<time>2026-06-18T23:57:35Z</time>
			</trkpt>
			<trkpt lat="47.849751" lon="-123.694603">
				<ele>1001.579102</ele>
				<time>2026-06-18T23:59:16Z</time>
			</trkpt>
			<trkpt lat="47.848942" lon="-123.694557">
				<ele>1018.382751</ele>
				<time>2026-06-19T00:01:28Z</time>
			</trkpt>
			<trkpt lat="47.84882" lon="-123.694588">
				<ele>1025.863281</ele>
				<time>2026-06-19T00:01:54Z</time>
			</trkpt>
			<trkpt lat="47.848763" lon="-123.694588">
				<ele>1025.533447</ele>
				<time>2026-06-19T00:02:02Z</time>
			</trkpt>
			<trkpt lat="47.848427" lon="-123.694466">
				<ele>1028.896851</ele>
				<time>2026-06-19T00:02:53Z</time>
			</trkpt>
			<trkpt lat="47.848293" lon="-123.694382">
				<ele>1035.071289</ele>
				<time>2026-06-19T00:03:23Z</time>
			</trkpt>
			<trkpt lat="47.848194" lon="-123.694351">
				<ele>1032.135132</ele>
				<time>2026-06-19T00:03:43Z</time>
			</trkpt>
			<trkpt lat="47.848087" lon="-123.694382">
				<ele>1034.334473</ele>
				<time>2026-06-19T00:04:05Z</time>
			</trkpt>
			<trkpt lat="47.848034" lon="-123.694374">
				<ele>1032.144043</ele>
				<time>2026-06-19T00:04:21Z</time>
			</trkpt>
			<trkpt lat="47.847698" lon="-123.694359">
				<ele>1037.117188</ele>
				<time>2026-06-19T00:05:01Z</time>
			</trkpt>
			<trkpt lat="47.84745" lon="-123.694328">
				<ele>1048.520874</ele>
				<time>2026-06-19T00:05:54Z</time>
			</trkpt>
			<trkpt lat="47.847279" lon="-123.694351">
				<ele>1044.656006</ele>
				<time>2026-06-19T00:06:20Z</time>
			</trkpt>
			<trkpt lat="47.847153" lon="-123.694328">
				<ele>1048.688721</ele>
				<time>2026-06-19T00:06:40Z</time>
			</trkpt>
			<trkpt lat="47.847076" lon="-123.69429">
				<ele>1048.659668</ele>
				<time>2026-06-19T00:06:50Z</time>
			</trkpt>
			<trkpt lat="47.847004" lon="-123.694305">
				<ele>1052.589844</ele>
				<time>2026-06-19T00:07:06Z</time>
			</trkpt>
			<trkpt lat="47.846962" lon="-123.694481">
				<ele>1050.771729</ele>
				<time>2026-06-19T00:07:29Z</time>
			</trkpt>
			<trkpt lat="47.846897" lon="-123.694489">
				<ele>1058.487061</ele>
				<time>2026-06-19T00:07:54Z</time>
			</trkpt>
			<trkpt lat="47.846855" lon="-123.69455">
				<ele>1060.781372</ele>
				<time>2026-06-19T00:08:02Z</time>
			</trkpt>
			<trkpt lat="47.846806" lon="-123.694611">
				<ele>1058.810913</ele>
				<time>2026-06-19T00:08:15Z</time>
			</trkpt>
			<trkpt lat="47.846573" lon="-123.694824">
				<ele>1070.355713</ele>
				<time>2026-06-19T00:09:13Z</time>
			</trkpt>
			<trkpt lat="47.846344" lon="-123.694817">
				<ele>1074.090576</ele>
				<time>2026-06-19T00:09:44Z</time>
			</trkpt>
			<trkpt lat="47.846207" lon="-123.694908">
				<ele>1069.348022</ele>
				<time>2026-06-19T00:10:07Z</time>
			</trkpt>
			<trkpt lat="47.846058" lon="-123.69474">
				<ele>1079.779419</ele>
				<time>2026-06-19T00:11:13Z</time>
			</trkpt>
			<trkpt lat="47.845867" lon="-123.694778">
				<ele>1085.055176</ele>
				<time>2026-06-19T00:11:41Z</time>
			</trkpt>
			<trkpt lat="47.845692" lon="-123.694893">
				<ele>1082.067261</ele>
				<time>2026-06-19T00:12:21Z</time>
			</trkpt>
			<trkpt lat="47.845627" lon="-123.694939">
				<ele>1092.658691</ele>
				<time>2026-06-19T00:12:36Z</time>
			</trkpt>
			<trkpt lat="47.845562" lon="-123.694916">
				<ele>1089.073608</ele>
				<time>2026-06-19T00:12:52Z</time>
			</trkpt>
			<trkpt lat="47.845299" lon="-123.694984">
				<ele>1094.162964</ele>
				<time>2026-06-19T00:13:49Z</time>
			</trkpt>
			<trkpt lat="47.845249" lon="-123.695053">
				<ele>1092.933472</ele>
				<time>2026-06-19T00:13:57Z</time>
			</trkpt>
			<trkpt lat="47.845165" lon="-123.695236">
				<ele>1104.630859</ele>
				<time>2026-06-19T00:14:22Z</time>
			</trkpt>
			<trkpt lat="47.845104" lon="-123.695541">
				<ele>1108.077515</ele>
				<time>2026-06-19T00:15:05Z</time>
			</trkpt>
			<trkpt lat="47.845005" lon="-123.69558">
				<ele>1103.740112</ele>
				<time>2026-06-19T00:15:22Z</time>
			</trkpt>
			<trkpt lat="47.844868" lon="-123.695427">
				<ele>1102.206055</ele>
				<time>2026-06-19T00:15:43Z</time>
			</trkpt>
			<trkpt lat="47.844875" lon="-123.695518">
				<ele>1116.157959</ele>
				<time>2026-06-19T00:16:37Z</time>
			</trkpt>
			<trkpt lat="47.844841" lon="-123.69577">
				<ele>1108.437256</ele>
				<time>2026-06-19T00:16:50Z</time>
			</trkpt>
			<trkpt lat="47.84478" lon="-123.695793">
				<ele>1108.624512</ele>
				<time>2026-06-19T00:17:00Z</time>
			</trkpt>
			<trkpt lat="47.844765" lon="-123.695686">
				<ele>1117.419067</ele>
				<time>2026-06-19T00:31:34Z</time>
			</trkpt>
			<trkpt lat="47.844769" lon="-123.695763">
				<ele>1107.185303</ele>
				<time>2026-06-19T00:32:22Z</time>
			</trkpt>
			<trkpt lat="47.844372" lon="-123.695618">
				<ele>1125.270752</ele>
				<time>2026-06-19T00:34:45Z</time>
			</trkpt>
			<trkpt lat="47.844227" lon="-123.69558">
				<ele>1123.240234</ele>
				<time>2026-06-19T00:35:06Z</time>
			</trkpt>
			<trkpt lat="47.844124" lon="-123.695572">
				<ele>1132.143921</ele>
				<time>2026-06-19T00:35:32Z</time>
			</trkpt>
			<trkpt lat="47.844036" lon="-123.695541">
				<ele>1130.542847</ele>
				<time>2026-06-19T00:35:43Z</time>
			</trkpt>
			<trkpt lat="47.843975" lon="-123.695328">
				<ele>1139.623657</ele>
				<time>2026-06-19T00:36:22Z</time>
			</trkpt>
			<trkpt lat="47.843853" lon="-123.695374">
				<ele>1149.369629</ele>
				<time>2026-06-19T00:37:05Z</time>
			</trkpt>
			<trkpt lat="47.843735" lon="-123.695427">
				<ele>1148.077148</ele>
				<time>2026-06-19T00:37:17Z</time>
			</trkpt>
			<trkpt lat="47.843124" lon="-123.695671">
				<ele>1168.81604</ele>
				<time>2026-06-19T00:39:14Z</time>
			</trkpt>
			<trkpt lat="47.842907" lon="-123.695686">
				<ele>1165.579346</ele>
				<time>2026-06-19T00:39:43Z</time>
			</trkpt>
			<trkpt lat="47.842693" lon="-123.695587">
				<ele>1175.922119</ele>
				<time>2026-06-19T00:40:29Z</time>
			</trkpt>
			<trkpt lat="47.842567" lon="-123.695457">
				<ele>1170.27478</ele>
				<time>2026-06-19T00:40:49Z</time>
			</trkpt>
			<trkpt lat="47.84222" lon="-123.695107">
				<ele>1183.268921</ele>
				<time>2026-06-19T00:41:58Z</time>
			</trkpt>
			<trkpt lat="47.841526" lon="-123.695175">
				<ele>1201.435425</ele>
				<time>2026-06-19T00:44:02Z</time>
			</trkpt>
			<trkpt lat="47.841373" lon="-123.694984">
				<ele>1192.798706</ele>
				<time>2026-06-19T00:44:52Z</time>
			</trkpt>
			<trkpt lat="47.841019" lon="-123.694893">
				<ele>1202.980103</ele>
				<time>2026-06-19T00:46:22Z</time>
			</trkpt>
			<trkpt lat="47.841019" lon="-123.694832">
				<ele>1201.601807</ele>
				<time>2026-06-19T00:46:28Z</time>
			</trkpt>
			<trkpt lat="47.840828" lon="-123.694511">
				<ele>1210.628296</ele>
				<time>2026-06-19T00:47:47Z</time>
			</trkpt>
			<trkpt lat="47.840832" lon="-123.694366">
				<ele>1208.530762</ele>
				<time>2026-06-19T00:48:26Z</time>
			</trkpt>
			<trkpt lat="47.840828" lon="-123.694305">
				<ele>1209.040405</ele>
				<time>2026-06-19T00:48:31Z</time>
			</trkpt>
			<trkpt lat="47.84066" lon="-123.694099">
				<ele>1225.919434</ele>
				<time>2026-06-19T00:49:12Z</time>
			</trkpt>
			<trkpt lat="47.840591" lon="-123.694038">
				<ele>1224.627441</ele>
				<time>2026-06-19T00:49:26Z</time>
			</trkpt>
			<trkpt lat="47.840317" lon="-123.693962">
				<ele>1227.843628</ele>
				<time>2026-06-19T00:50:02Z</time>
			</trkpt>
			<trkpt lat="47.840263" lon="-123.693893">
				<ele>1226.379883</ele>
				<time>2026-06-19T00:50:09Z</time>
			</trkpt>
			<trkpt lat="47.840084" lon="-123.693649">
				<ele>1236.962524</ele>
				<time>2026-06-19T00:50:44Z</time>
			</trkpt>
			<trkpt lat="47.840073" lon="-123.693581">
				<ele>1237.197632</ele>
				<time>2026-06-19T00:50:51Z</time>
			</trkpt>
			<trkpt lat="47.840034" lon="-123.693481">
				<ele>1234.586426</ele>
				<time>2026-06-19T00:51:00Z</time>
			</trkpt>
			<trkpt lat="47.839958" lon="-123.693466">
				<ele>1235.309204</ele>
				<time>2026-06-19T00:51:08Z</time>
			</trkpt>
			<trkpt lat="47.839851" lon="-123.693459">
				<ele>1234.492432</ele>
				<time>2026-06-19T00:51:19Z</time>
			</trkpt>
			<trkpt lat="47.83976" lon="-123.693359">
				<ele>1237.385498</ele>
				<time>2026-06-19T00:51:35Z</time>
			</trkpt>
			<trkpt lat="47.839741" lon="-123.693314">
				<ele>1237.3302</ele>
				<time>2026-06-19T00:51:38Z</time>
			</trkpt>
			<trkpt lat="47.839405" lon="-123.693329">
				<ele>1245.630005</ele>
				<time>2026-06-19T00:52:25Z</time>
			</trkpt>
			<trkpt lat="47.839355" lon="-123.693214">
				<ele>1237.867676</ele>
				<time>2026-06-19T00:53:23Z</time>
			</trkpt>
			<trkpt lat="47.839336" lon="-123.692818">
				<ele>1250.36853</ele>
				<time>2026-06-19T00:54:49Z</time>
			</trkpt>
			<trkpt lat="47.839264" lon="-123.692848">
				<ele>1247.736572</ele>
				<time>2026-06-19T00:55:02Z</time>
			</trkpt>
			<trkpt lat="47.838894" lon="-123.692963">
				<ele>1259.108887</ele>
				<time>2026-06-19T00:55:47Z</time>
			</trkpt>
			<trkpt lat="47.838814" lon="-123.692902">
				<ele>1256.155396</ele>
				<time>2026-06-19T00:55:58Z</time>
			</trkpt>
			<trkpt lat="47.838566" lon="-123.692886">
				<ele>1262.889038</ele>
				<time>2026-06-19T00:56:33Z</time>
			</trkpt>
			<trkpt lat="47.838154" lon="-123.692596">
				<ele>1253.391968</ele>
				<time>2026-06-19T00:57:21Z</time>
			</trkpt>
			<trkpt lat="47.838104" lon="-123.692513">
				<ele>1255.643188</ele>
				<time>2026-06-19T00:57:30Z</time>
			</trkpt>
			<trkpt lat="47.8381" lon="-123.692406">
				<ele>1253.782837</ele>
				<time>2026-06-19T00:57:37Z</time>
			</trkpt>
			<trkpt lat="47.838081" lon="-123.69236">
				<ele>1257.34314</ele>
				<time>2026-06-19T00:57:54Z</time>
			</trkpt>
			<trkpt lat="47.838028" lon="-123.692429">
				<ele>1256.036743</ele>
				<time>2026-06-19T00:58:10Z</time>
			</trkpt>
			<trkpt lat="47.837925" lon="-123.692543">
				<ele>1260.126099</ele>
				<time>2026-06-19T00:58:29Z</time>
			</trkpt>
			<trkpt lat="47.837883" lon="-123.692612">
				<ele>1260.421509</ele>
				<time>2026-06-19T00:58:34Z</time>
			</trkpt>
			<trkpt lat="47.837688" lon="-123.692688">
				<ele>1256.791016</ele>
				<time>2026-06-19T00:58:54Z</time>
			</trkpt>
			<trkpt lat="47.837547" lon="-123.692703">
				<ele>1262.441772</ele>
				<time>2026-06-19T00:59:11Z</time>
			</trkpt>
			<trkpt lat="47.837482" lon="-123.692719">
				<ele>1262.812988</ele>
				<time>2026-06-19T00:59:21Z</time>
			</trkpt>
			<trkpt lat="47.837242" lon="-123.692902">
				<ele>1260.141846</ele>
				<time>2026-06-19T00:59:45Z</time>
			</trkpt>
			<trkpt lat="47.836945" lon="-123.692909">
				<ele>1264.680542</ele>
				<time>2026-06-19T01:00:16Z</time>
			</trkpt>
			<trkpt lat="47.836807" lon="-123.692787">
				<ele>1257.18689</ele>
				<time>2026-06-19T01:10:31Z</time>
			</trkpt>
			<trkpt lat="47.836781" lon="-123.692848">
				<ele>1266.676514</ele>
				<time>2026-06-19T01:11:08Z</time>
			</trkpt>
			<trkpt lat="47.836552" lon="-123.69294">
				<ele>1234.130005</ele>
				<time>2026-06-19T01:16:46Z</time>
			</trkpt>
			<trkpt lat="47.83643" lon="-123.692467">
				<ele>1263.264648</ele>
				<time>2026-06-19T01:20:56Z</time>
			</trkpt>
			<trkpt lat="47.836327" lon="-123.692635">
				<ele>1258.522217</ele>
				<time>2026-06-19T01:21:28Z</time>
			</trkpt>
			<trkpt lat="47.836182" lon="-123.692696">
				<ele>1262.185913</ele>
				<time>2026-06-19T01:21:55Z</time>
			</trkpt>
			<trkpt lat="47.836159" lon="-123.692726">
				<ele>1261.399536</ele>
				<time>2026-06-19T01:22:00Z</time>
			</trkpt>
			<trkpt lat="47.83609" lon="-123.692818">
				<ele>1262.319824</ele>
				<time>2026-06-19T01:22:12Z</time>
			</trkpt>
			<trkpt lat="47.836067" lon="-123.692863">
				<ele>1261.393311</ele>
				<time>2026-06-19T01:22:16Z</time>
			</trkpt>
			<trkpt lat="47.835846" lon="-123.692924">
				<ele>1270.342773</ele>
				<time>2026-06-19T01:22:44Z</time>
			</trkpt>
			<trkpt lat="47.835491" lon="-123.692734">
				<ele>1278.335815</ele>
				<time>2026-06-19T01:23:23Z</time>
			</trkpt>
			<trkpt lat="47.835457" lon="-123.692688">
				<ele>1278.715942</ele>
				<time>2026-06-19T01:23:28Z</time>
			</trkpt>
			<trkpt lat="47.835331" lon="-123.692604">
				<ele>1276.558105</ele>
				<time>2026-06-19T01:23:41Z</time>
			</trkpt>
			<trkpt lat="47.835144" lon="-123.69252">
				<ele>1282.942627</ele>
				<time>2026-06-19T01:24:04Z</time>
			</trkpt>
			<trkpt lat="47.83498" lon="-123.692528">
				<ele>1277.319336</ele>
				<time>2026-06-19T01:24:19Z</time>
			</trkpt>
			<trkpt lat="47.834362" lon="-123.692177">
				<ele>1288.978638</ele>
				<time>2026-06-19T01:25:31Z</time>
			</trkpt>
			<trkpt lat="47.834335" lon="-123.692116">
				<ele>1289.152344</ele>
				<time>2026-06-19T01:25:37Z</time>
			</trkpt>
			<trkpt lat="47.834244" lon="-123.692085">
				<ele>1288.581787</ele>
				<time>2026-06-19T01:25:46Z</time>
			</trkpt>
			<trkpt lat="47.834141" lon="-123.692047">
				<ele>1290.516846</ele>
				<time>2026-06-19T01:25:58Z</time>
			</trkpt>
			<trkpt lat="47.833878" lon="-123.691902">
				<ele>1287.350098</ele>
				<time>2026-06-19T01:26:28Z</time>
			</trkpt>
			<trkpt lat="47.833725" lon="-123.691788">
				<ele>1287.767456</ele>
				<time>2026-06-19T01:26:41Z</time>
			</trkpt>
			<trkpt lat="47.833496" lon="-123.69175">
				<ele>1291.211426</ele>
				<time>2026-06-19T01:27:04Z</time>
			</trkpt>
			<trkpt lat="47.833389" lon="-123.691727">
				<ele>1288.032593</ele>
				<time>2026-06-19T01:27:17Z</time>
			</trkpt>
			<trkpt lat="47.833332" lon="-123.691711">
				<ele>1288.488281</ele>
				<time>2026-06-19T01:27:21Z</time>
			</trkpt>
			<trkpt lat="47.833145" lon="-123.691742">
				<ele>1286.633545</ele>
				<time>2026-06-19T01:27:37Z</time>
			</trkpt>
			<trkpt lat="47.833084" lon="-123.691734">
				<ele>1287.927612</ele>
				<time>2026-06-19T01:27:45Z</time>
			</trkpt>
			<trkpt lat="47.833038" lon="-123.691704">
				<ele>1286.900024</ele>
				<time>2026-06-19T01:27:49Z</time>
			</trkpt>
			<trkpt lat="47.832989" lon="-123.691704">
				<ele>1287.689697</ele>
				<time>2026-06-19T01:27:54Z</time>
			</trkpt>
			<trkpt lat="47.832905" lon="-123.691765">
				<ele>1282.276733</ele>
				<time>2026-06-19T01:28:11Z</time>
			</trkpt>
			<trkpt lat="47.832802" lon="-123.691742">
				<ele>1284.902954</ele>
				<time>2026-06-19T01:28:31Z</time>
			</trkpt>
			<trkpt lat="47.832695" lon="-123.691795">
				<ele>1274.4375</ele>
				<time>2026-06-19T01:29:20Z</time>
			</trkpt>
			<trkpt lat="47.832886" lon="-123.691704">
				<ele>1187.846069</ele>
				<time>2026-06-19T12:42:30Z</time>
			</trkpt>
			<trkpt lat="47.832779" lon="-123.691757">
				<ele>1232.607544</ele>
				<time>2026-06-19T12:43:01Z</time>
			</trkpt>
			<trkpt lat="47.832569" lon="-123.691422">
				<ele>1255.171753</ele>
				<time>2026-06-19T12:43:43Z</time>
			</trkpt>
			<trkpt lat="47.832451" lon="-123.691391">
				<ele>1256.047729</ele>
				<time>2026-06-19T12:43:54Z</time>
			</trkpt>
			<trkpt lat="47.832424" lon="-123.691246">
				<ele>1251.738281</ele>
				<time>2026-06-19T12:44:03Z</time>
			</trkpt>
			<trkpt lat="47.832493" lon="-123.690765">
				<ele>1263.74585</ele>
				<time>2026-06-19T12:44:57Z</time>
			</trkpt>
			<trkpt lat="47.832386" lon="-123.690559">
				<ele>1276.695068</ele>
				<time>2026-06-19T12:45:34Z</time>
			</trkpt>
			<trkpt lat="47.832367" lon="-123.690437">
				<ele>1275.860229</ele>
				<time>2026-06-19T12:45:49Z</time>
			</trkpt>
			<trkpt lat="47.832298" lon="-123.690353">
				<ele>1275.975952</ele>
				<time>2026-06-19T12:46:02Z</time>
			</trkpt>
			<trkpt lat="47.832054" lon="-123.690262">
				<ele>1289.297974</ele>
				<time>2026-06-19T12:46:57Z</time>
			</trkpt>
			<trkpt lat="47.831978" lon="-123.690201">
				<ele>1288.117554</ele>
				<time>2026-06-19T12:47:09Z</time>
			</trkpt>
			<trkpt lat="47.831917" lon="-123.690102">
				<ele>1292.519531</ele>
				<time>2026-06-19T12:47:24Z</time>
			</trkpt>
			<trkpt lat="47.831841" lon="-123.690048">
				<ele>1290.928833</ele>
				<time>2026-06-19T12:47:35Z</time>
			</trkpt>
			<trkpt lat="47.831768" lon="-123.689987">
				<ele>1292.192383</ele>
				<time>2026-06-19T12:47:50Z</time>
			</trkpt>
			<trkpt lat="47.831718" lon="-123.689873">
				<ele>1291.601196</ele>
				<time>2026-06-19T12:48:02Z</time>
			</trkpt>
			<trkpt lat="47.83165" lon="-123.689804">
				<ele>1292.341797</ele>
				<time>2026-06-19T12:48:18Z</time>
			</trkpt>
			<trkpt lat="47.831478" lon="-123.689697">
				<ele>1301.669678</ele>
				<time>2026-06-19T12:52:09Z</time>
			</trkpt>
			<trkpt lat="47.831371" lon="-123.689598">
				<ele>1299.764893</ele>
				<time>2026-06-19T12:52:56Z</time>
			</trkpt>
			<trkpt lat="47.831276" lon="-123.68956">
				<ele>1301.685181</ele>
				<time>2026-06-19T12:53:10Z</time>
			</trkpt>
			<trkpt lat="47.830956" lon="-123.688896">
				<ele>1321.719604</ele>
				<time>2026-06-19T12:55:32Z</time>
			</trkpt>
			<trkpt lat="47.830811" lon="-123.688843">
				<ele>1322.525757</ele>
				<time>2026-06-19T12:56:00Z</time>
			</trkpt>
			<trkpt lat="47.830692" lon="-123.688713">
				<ele>1321.802979</ele>
				<time>2026-06-19T12:56:26Z</time>
			</trkpt>
			<trkpt lat="47.830486" lon="-123.688446">
				<ele>1327.081543</ele>
				<time>2026-06-19T12:57:25Z</time>
			</trkpt>
			<trkpt lat="47.830387" lon="-123.688324">
				<ele>1325.235107</ele>
				<time>2026-06-19T12:57:42Z</time>
			</trkpt>
			<trkpt lat="47.830334" lon="-123.688278">
				<ele>1328.128906</ele>
				<time>2026-06-19T12:57:52Z</time>
			</trkpt>
			<trkpt lat="47.830261" lon="-123.688148">
				<ele>1327.32666</ele>
				<time>2026-06-19T12:58:09Z</time>
			</trkpt>
			<trkpt lat="47.829948" lon="-123.687904">
				<ele>1337.048462</ele>
				<time>2026-06-19T12:59:41Z</time>
			</trkpt>
			<trkpt lat="47.828682" lon="-123.686813">
				<ele>1389.416138</ele>
				<time>2026-06-19T13:06:37Z</time>
			</trkpt>
			<trkpt lat="47.828625" lon="-123.686737">
				<ele>1389.268066</ele>
				<time>2026-06-19T13:06:51Z</time>
			</trkpt>
			<trkpt lat="47.82711" lon="-123.684875">
				<ele>1470.640503</ele>
				<time>2026-06-19T13:21:26Z</time>
			</trkpt>
			<trkpt lat="47.826756" lon="-123.684341">
				<ele>1482.180786</ele>
				<time>2026-06-19T13:23:29Z</time>
			</trkpt>
			<trkpt lat="47.826675" lon="-123.684319">
				<ele>1481.737061</ele>
				<time>2026-06-19T13:23:47Z</time>
			</trkpt>
			<trkpt lat="47.826305" lon="-123.68409">
				<ele>1491.903442</ele>
				<time>2026-06-19T13:25:25Z</time>
			</trkpt>
			<trkpt lat="47.82579" lon="-123.683907">
				<ele>1523.06543</ele>
				<time>2026-06-19T13:38:24Z</time>
			</trkpt>
			<trkpt lat="47.825001" lon="-123.683388">
				<ele>1556.010986</ele>
				<time>2026-06-19T13:42:58Z</time>
			</trkpt>
			<trkpt lat="47.824886" lon="-123.683128">
				<ele>1552.325684</ele>
				<time>2026-06-19T13:47:35Z</time>
			</trkpt>
			<trkpt lat="47.824787" lon="-123.683052">
				<ele>1557.690186</ele>
				<time>2026-06-19T13:48:12Z</time>
			</trkpt>
			<trkpt lat="47.824722" lon="-123.682823">
				<ele>1556.82019</ele>
				<time>2026-06-19T13:48:45Z</time>
			</trkpt>
			<trkpt lat="47.824543" lon="-123.682549">
				<ele>1566.568848</ele>
				<time>2026-06-19T13:49:14Z</time>
			</trkpt>
			<trkpt lat="47.824383" lon="-123.682243">
				<ele>1560.029663</ele>
				<time>2026-06-19T13:49:46Z</time>
			</trkpt>
			<trkpt lat="47.824329" lon="-123.682205">
				<ele>1561.641724</ele>
				<time>2026-06-19T13:49:56Z</time>
			</trkpt>
			<trkpt lat="47.824242" lon="-123.682068">
				<ele>1560.7052</ele>
				<time>2026-06-19T13:50:14Z</time>
			</trkpt>
			<trkpt lat="47.824112" lon="-123.681831">
				<ele>1563.426392</ele>
				<time>2026-06-19T13:50:43Z</time>
			</trkpt>
			<trkpt lat="47.824024" lon="-123.681702">
				<ele>1563.480591</ele>
				<time>2026-06-19T13:51:02Z</time>
			</trkpt>
			<trkpt lat="47.823921" lon="-123.681541">
				<ele>1561.317993</ele>
				<time>2026-06-19T13:51:27Z</time>
			</trkpt>
			<trkpt lat="47.823704" lon="-123.681274">
				<ele>1563.12793</ele>
				<time>2026-06-19T13:52:00Z</time>
			</trkpt>
			<trkpt lat="47.823669" lon="-123.681183">
				<ele>1560.992798</ele>
				<time>2026-06-19T13:52:07Z</time>
			</trkpt>
			<trkpt lat="47.823608" lon="-123.681122">
				<ele>1561.343384</ele>
				<time>2026-06-19T13:52:15Z</time>
			</trkpt>
			<trkpt lat="47.823494" lon="-123.680992">
				<ele>1564.949951</ele>
				<time>2026-06-19T13:52:33Z</time>
			</trkpt>
			<trkpt lat="47.823433" lon="-123.680916">
				<ele>1565.002686</ele>
				<time>2026-06-19T13:52:41Z</time>
			</trkpt>
			<trkpt lat="47.82338" lon="-123.680855">
				<ele>1564.702637</ele>
				<time>2026-06-19T13:52:49Z</time>
			</trkpt>
			<trkpt lat="47.823017" lon="-123.680405">
				<ele>1570.544434</ele>
				<time>2026-06-19T13:54:59Z</time>
			</trkpt>
			<trkpt lat="47.822731" lon="-123.680351">
				<ele>1549.508301</ele>
				<time>2026-06-19T13:57:22Z</time>
			</trkpt>
			<trkpt lat="47.822395" lon="-123.680183">
				<ele>1543.658813</ele>
				<time>2026-06-19T13:58:26Z</time>
			</trkpt>
			<trkpt lat="47.822182" lon="-123.680122">
				<ele>1546.422241</ele>
				<time>2026-06-19T13:58:58Z</time>
			</trkpt>
			<trkpt lat="47.821957" lon="-123.680122">
				<ele>1541.609009</ele>
				<time>2026-06-19T14:19:34Z</time>
			</trkpt>
			<trkpt lat="47.821857" lon="-123.681641">
				<ele>1439.804565</ele>
				<time>2026-06-19T14:36:25Z</time>
			</trkpt>
			<trkpt lat="47.821499" lon="-123.682053">
				<ele>1428.219482</ele>
				<time>2026-06-19T14:38:21Z</time>
			</trkpt>
			<trkpt lat="47.821022" lon="-123.682121">
				<ele>1436.771606</ele>
				<time>2026-06-19T14:39:52Z</time>
			</trkpt>
			<trkpt lat="47.820866" lon="-123.682106">
				<ele>1435.868896</ele>
				<time>2026-06-19T14:40:31Z</time>
			</trkpt>
			<trkpt lat="47.820763" lon="-123.682098">
				<ele>1436.699463</ele>
				<time>2026-06-19T14:40:54Z</time>
			</trkpt>
			<trkpt lat="47.820511" lon="-123.68232">
				<ele>1445.053345</ele>
				<time>2026-06-19T14:41:50Z</time>
			</trkpt>
			<trkpt lat="47.820057" lon="-123.68261">
				<ele>1450.402588</ele>
				<time>2026-06-19T14:43:21Z</time>
			</trkpt>
			<trkpt lat="47.819954" lon="-123.682602">
				<ele>1462.343872</ele>
				<time>2026-06-19T14:46:06Z</time>
			</trkpt>
			<trkpt lat="47.819893" lon="-123.682747">
				<ele>1458.694702</ele>
				<time>2026-06-19T15:05:12Z</time>
			</trkpt>
			<trkpt lat="47.819359" lon="-123.682899">
				<ele>1474.299316</ele>
				<time>2026-06-19T15:06:55Z</time>
			</trkpt>
			<trkpt lat="47.819275" lon="-123.682907">
				<ele>1475.46521</ele>
				<time>2026-06-19T15:07:11Z</time>
			</trkpt>
			<trkpt lat="47.819187" lon="-123.682899">
				<ele>1474.502808</ele>
				<time>2026-06-19T15:07:28Z</time>
			</trkpt>
			<trkpt lat="47.818329" lon="-123.683174">
				<ele>1487.996338</ele>
				<time>2026-06-19T15:11:25Z</time>
			</trkpt>
			<trkpt lat="47.818287" lon="-123.683174">
				<ele>1487.09668</ele>
				<time>2026-06-19T15:11:32Z</time>
			</trkpt>
			<trkpt lat="47.818245" lon="-123.683189">
				<ele>1487.268677</ele>
				<time>2026-06-19T15:11:40Z</time>
			</trkpt>
			<trkpt lat="47.818012" lon="-123.683411">
				<ele>1492.407715</ele>
				<time>2026-06-19T15:12:36Z</time>
			</trkpt>
			<trkpt lat="47.817978" lon="-123.683449">
				<ele>1490.562256</ele>
				<time>2026-06-19T15:12:42Z</time>
			</trkpt>
			<trkpt lat="47.817848" lon="-123.683525">
				<ele>1495.748169</ele>
				<time>2026-06-19T15:13:08Z</time>
			</trkpt>
			<trkpt lat="47.817799" lon="-123.683548">
				<ele>1496.589111</ele>
				<time>2026-06-19T15:13:15Z</time>
			</trkpt>
			<trkpt lat="47.817734" lon="-123.683647">
				<ele>1495.391968</ele>
				<time>2026-06-19T15:13:30Z</time>
			</trkpt>
			<trkpt lat="47.81736" lon="-123.683853">
				<ele>1503.401367</ele>
				<time>2026-06-19T15:14:45Z</time>
			</trkpt>
			<trkpt lat="47.817322" lon="-123.683868">
				<ele>1503.700806</ele>
				<time>2026-06-19T15:14:53Z</time>
			</trkpt>
			<trkpt lat="47.817249" lon="-123.683929">
				<ele>1502.037109</ele>
				<time>2026-06-19T15:15:07Z</time>
			</trkpt>
			<trkpt lat="47.816868" lon="-123.684319">
				<ele>1511.39917</ele>
				<time>2026-06-19T15:16:57Z</time>
			</trkpt>
			<trkpt lat="47.816734" lon="-123.68441">
				<ele>1509.226685</ele>
				<time>2026-06-19T15:18:40Z</time>
			</trkpt>
			<trkpt lat="47.816517" lon="-123.684502">
				<ele>1514.111694</ele>
				<time>2026-06-19T15:19:29Z</time>
			</trkpt>
			<trkpt lat="47.816456" lon="-123.684525">
				<ele>1512.826172</ele>
				<time>2026-06-19T15:19:43Z</time>
			</trkpt>
			<trkpt lat="47.816254" lon="-123.684662">
				<ele>1516.871338</ele>
				<time>2026-06-19T15:20:27Z</time>
			</trkpt>
			<trkpt lat="47.816177" lon="-123.684715">
				<ele>1517.015381</ele>
				<time>2026-06-19T15:20:44Z</time>
			</trkpt>
			<trkpt lat="47.816135" lon="-123.684792">
				<ele>1516.26416</ele>
				<time>2026-06-19T15:20:56Z</time>
			</trkpt>
			<trkpt lat="47.816067" lon="-123.684875">
				<ele>1517.504639</ele>
				<time>2026-06-19T15:21:10Z</time>
			</trkpt>
			<trkpt lat="47.81591" lon="-123.685036">
				<ele>1523.656006</ele>
				<time>2026-06-19T15:21:48Z</time>
			</trkpt>
			<trkpt lat="47.815804" lon="-123.685097">
				<ele>1523.889771</ele>
				<time>2026-06-19T15:22:08Z</time>
			</trkpt>
			<trkpt lat="47.815689" lon="-123.685204">
				<ele>1522.02832</ele>
				<time>2026-06-19T15:22:34Z</time>
			</trkpt>
			<trkpt lat="47.815521" lon="-123.685471">
				<ele>1526.825684</ele>
				<time>2026-06-19T15:27:37Z</time>
			</trkpt>
			<trkpt lat="47.815285" lon="-123.685646">
				<ele>1525.604248</ele>
				<time>2026-06-19T15:28:18Z</time>
			</trkpt>
			<trkpt lat="47.815212" lon="-123.685661">
				<ele>1525.810303</ele>
				<time>2026-06-19T15:28:35Z</time>
			</trkpt>
			<trkpt lat="47.815117" lon="-123.685829">
				<ele>1523.638916</ele>
				<time>2026-06-19T15:29:06Z</time>
			</trkpt>
			<trkpt lat="47.815063" lon="-123.685898">
				<ele>1525.430054</ele>
				<time>2026-06-19T15:29:22Z</time>
			</trkpt>
			<trkpt lat="47.814991" lon="-123.685982">
				<ele>1523.113037</ele>
				<time>2026-06-19T15:29:38Z</time>
			</trkpt>
			<trkpt lat="47.81485" lon="-123.686127">
				<ele>1530.054688</ele>
				<time>2026-06-19T15:30:11Z</time>
			</trkpt>
			<trkpt lat="47.814796" lon="-123.686218">
				<ele>1529.547119</ele>
				<time>2026-06-19T15:30:25Z</time>
			</trkpt>
			<trkpt lat="47.814732" lon="-123.686295">
				<ele>1531.459717</ele>
				<time>2026-06-19T15:30:39Z</time>
			</trkpt>
			<trkpt lat="47.814667" lon="-123.686363">
				<ele>1531.259277</ele>
				<time>2026-06-19T15:30:55Z</time>
			</trkpt>
			<trkpt lat="47.81451" lon="-123.686493">
				<ele>1532.615967</ele>
				<time>2026-06-19T15:31:26Z</time>
			</trkpt>
			<trkpt lat="47.814232" lon="-123.686913">
				<ele>1547.581909</ele>
				<time>2026-06-19T15:32:39Z</time>
			</trkpt>
			<trkpt lat="47.814083" lon="-123.687119">
				<ele>1550.03894</ele>
				<time>2026-06-19T15:33:13Z</time>
			</trkpt>
			<trkpt lat="47.81403" lon="-123.687187">
				<ele>1549.273193</ele>
				<time>2026-06-19T15:33:26Z</time>
			</trkpt>
			<trkpt lat="47.813774" lon="-123.6875">
				<ele>1554.357056</ele>
				<time>2026-06-19T15:34:32Z</time>
			</trkpt>
			<trkpt lat="47.813633" lon="-123.687782">
				<ele>1562.867065</ele>
				<time>2026-06-19T15:35:28Z</time>
			</trkpt>
			<trkpt lat="47.813576" lon="-123.687889">
				<ele>1561.413208</ele>
				<time>2026-06-19T15:35:44Z</time>
			</trkpt>
			<trkpt lat="47.813255" lon="-123.688416">
				<ele>1569.459595</ele>
				<time>2026-06-19T15:37:20Z</time>
			</trkpt>
			<trkpt lat="47.813175" lon="-123.688484">
				<ele>1568.59375</ele>
				<time>2026-06-19T15:37:38Z</time>
			</trkpt>
			<trkpt lat="47.813019" lon="-123.688637">
				<ele>1575.423584</ele>
				<time>2026-06-19T15:38:23Z</time>
			</trkpt>
			<trkpt lat="47.812885" lon="-123.688828">
				<ele>1578.425415</ele>
				<time>2026-06-19T15:39:05Z</time>
			</trkpt>
			<trkpt lat="47.812794" lon="-123.688972">
				<ele>1578.548462</ele>
				<time>2026-06-19T15:39:30Z</time>
			</trkpt>
			<trkpt lat="47.812683" lon="-123.689079">
				<ele>1584.778198</ele>
				<time>2026-06-19T15:40:11Z</time>
			</trkpt>
			<trkpt lat="47.812576" lon="-123.689156">
				<ele>1582.035278</ele>
				<time>2026-06-19T15:40:40Z</time>
			</trkpt>
			<trkpt lat="47.812138" lon="-123.690155">
				<ele>1603.016113</ele>
				<time>2026-06-19T15:44:31Z</time>
			</trkpt>
			<trkpt lat="47.811913" lon="-123.690392">
				<ele>1593.571533</ele>
				<time>2026-06-19T15:45:48Z</time>
			</trkpt>
			<trkpt lat="47.811859" lon="-123.690506">
				<ele>1602.278687</ele>
				<time>2026-06-19T15:46:13Z</time>
			</trkpt>
			<trkpt lat="47.811512" lon="-123.691711">
				<ele>1627.425537</ele>
				<time>2026-06-19T16:01:30Z</time>
			</trkpt>
			<trkpt lat="47.811451" lon="-123.691818">
				<ele>1626.571655</ele>
				<time>2026-06-19T16:02:01Z</time>
			</trkpt>
			<trkpt lat="47.811234" lon="-123.692436">
				<ele>1647.78418</ele>
				<time>2026-06-19T16:04:35Z</time>
			</trkpt>
			<trkpt lat="47.811161" lon="-123.692917">
				<ele>1657.116943</ele>
				<time>2026-06-19T16:06:15Z</time>
			</trkpt>
			<trkpt lat="47.811123" lon="-123.693062">
				<ele>1656.712646</ele>
				<time>2026-06-19T16:06:45Z</time>
			</trkpt>
			<trkpt lat="47.811077" lon="-123.693466">
				<ele>1667.427368</ele>
				<time>2026-06-19T16:08:17Z</time>
			</trkpt>
			<trkpt lat="47.811043" lon="-123.693695">
				<ele>1665.069824</ele>
				<time>2026-06-19T16:09:00Z</time>
			</trkpt>
			<trkpt lat="47.811058" lon="-123.693825">
				<ele>1671.873779</ele>
				<time>2026-06-19T16:09:29Z</time>
			</trkpt>
			<trkpt lat="47.811047" lon="-123.694649">
				<ele>1687.508179</ele>
				<time>2026-06-19T16:12:59Z</time>
			</trkpt>
			<trkpt lat="47.811218" lon="-123.695015">
				<ele>1699.782715</ele>
				<time>2026-06-19T16:29:08Z</time>
			</trkpt>
			<trkpt lat="47.811188" lon="-123.695152">
				<ele>1692.075806</ele>
				<time>2026-06-19T16:29:54Z</time>
			</trkpt>
			<trkpt lat="47.811268" lon="-123.695305">
				<ele>1703.060913</ele>
				<time>2026-06-19T16:36:38Z</time>
			</trkpt>
			<trkpt lat="47.811882" lon="-123.695129">
				<ele>1729.189697</ele>
				<time>2026-06-19T16:40:50Z</time>
			</trkpt>
			<trkpt lat="47.812134" lon="-123.695351">
				<ele>1740.651611</ele>
				<time>2026-06-19T16:43:14Z</time>
			</trkpt>
			<trkpt lat="47.812218" lon="-123.695442">
				<ele>1739.287476</ele>
				<time>2026-06-19T16:43:57Z</time>
			</trkpt>
			<trkpt lat="47.812626" lon="-123.695969">
				<ele>1764.157349</ele>
				<time>2026-06-19T16:50:48Z</time>
			</trkpt>
			<trkpt lat="47.812649" lon="-123.696091">
				<ele>1767.228638</ele>
				<time>2026-06-19T16:51:19Z</time>
			</trkpt>
			<trkpt lat="47.812588" lon="-123.696411">
				<ele>1757.860229</ele>
				<time>2026-06-19T16:52:28Z</time>
			</trkpt>
			<trkpt lat="47.812408" lon="-123.696747">
				<ele>1783.481567</ele>
				<time>2026-06-19T16:55:22Z</time>
			</trkpt>
			<trkpt lat="47.812428" lon="-123.697189">
				<ele>1791.207153</ele>
				<time>2026-06-19T16:58:35Z</time>
			</trkpt>
			<trkpt lat="47.812469" lon="-123.69751">
				<ele>1804.82605</ele>
				<time>2026-06-19T17:00:44Z</time>
			</trkpt>
			<trkpt lat="47.812492" lon="-123.697685">
				<ele>1803.543213</ele>
				<time>2026-06-19T17:01:40Z</time>
			</trkpt>
			<trkpt lat="47.812515" lon="-123.697868">
				<ele>1808.928345</ele>
				<time>2026-06-19T17:02:54Z</time>
			</trkpt>
			<trkpt lat="47.81258" lon="-123.698151">
				<ele>1826.05835</ele>
				<time>2026-06-19T17:06:18Z</time>
			</trkpt>
			<trkpt lat="47.812653" lon="-123.698242">
				<ele>1823.321533</ele>
				<time>2026-06-19T17:06:57Z</time>
			</trkpt>
			<trkpt lat="47.81271" lon="-123.698326">
				<ele>1823.423828</ele>
				<time>2026-06-19T17:07:28Z</time>
			</trkpt>
			<trkpt lat="47.812794" lon="-123.698364">
				<ele>1837.700073</ele>
				<time>2026-06-19T17:08:07Z</time>
			</trkpt>
			<trkpt lat="47.813503" lon="-123.698692">
				<ele>1872.007568</ele>
				<time>2026-06-19T17:15:12Z</time>
			</trkpt>
			<trkpt lat="47.813805" lon="-123.699112">
				<ele>1904.466187</ele>
				<time>2026-06-19T17:19:45Z</time>
			</trkpt>
			<trkpt lat="47.81382" lon="-123.699272">
				<ele>1917.158325</ele>
				<time>2026-06-19T17:21:15Z</time>
			</trkpt>
			<trkpt lat="47.813534" lon="-123.700363">
				<ele>1951.541626</ele>
				<time>2026-06-19T17:45:42Z</time>
			</trkpt>
			<trkpt lat="47.813511" lon="-123.700417">
				<ele>1951.332275</ele>
				<time>2026-06-19T17:46:07Z</time>
			</trkpt>
			<trkpt lat="47.813232" lon="-123.70092">
				<ele>1984.466797</ele>
				<time>2026-06-19T17:51:59Z</time>
			</trkpt>
			<trkpt lat="47.813152" lon="-123.700966">
				<ele>2007.279175</ele>
				<time>2026-06-19T17:53:56Z</time>
			</trkpt>
			<trkpt lat="47.812828" lon="-123.701813">
				<ele>2041.355591</ele>
				<time>2026-06-19T17:58:52Z</time>
			</trkpt>
			<trkpt lat="47.812599" lon="-123.70237">
				<ele>2050.662109</ele>
				<time>2026-06-19T18:00:56Z</time>
			</trkpt>
			<trkpt lat="47.812557" lon="-123.702393">
				<ele>2055.100586</ele>
				<time>2026-06-19T18:13:43Z</time>
			</trkpt>
			<trkpt lat="47.812469" lon="-123.702431">
				<ele>2052.359375</ele>
				<time>2026-06-19T18:14:00Z</time>
			</trkpt>
			<trkpt lat="47.812195" lon="-123.702644">
				<ele>2057.550049</ele>
				<time>2026-06-19T18:15:03Z</time>
			</trkpt>
			<trkpt lat="47.81216" lon="-123.702698">
				<ele>2055.981201</ele>
				<time>2026-06-19T18:16:00Z</time>
			</trkpt>
			<trkpt lat="47.812115" lon="-123.702728">
				<ele>2056.148682</ele>
				<time>2026-06-19T18:16:07Z</time>
			</trkpt>
			<trkpt lat="47.811825" lon="-123.703018">
				<ele>2064.597656</ele>
				<time>2026-06-19T18:17:10Z</time>
			</trkpt>
			<trkpt lat="47.811539" lon="-123.703354">
				<ele>2067.89624</ele>
				<time>2026-06-19T18:18:13Z</time>
			</trkpt>
			<trkpt lat="47.811462" lon="-123.703423">
				<ele>2067.616943</ele>
				<time>2026-06-19T18:18:29Z</time>
			</trkpt>
			<trkpt lat="47.811394" lon="-123.703522">
				<ele>2069.576172</ele>
				<time>2026-06-19T18:18:45Z</time>
			</trkpt>
			<trkpt lat="47.811321" lon="-123.70359">
				<ele>2069.168213</ele>
				<time>2026-06-19T18:19:00Z</time>
			</trkpt>
			<trkpt lat="47.811184" lon="-123.703773">
				<ele>2072.945313</ele>
				<time>2026-06-19T18:19:33Z</time>
			</trkpt>
			<trkpt lat="47.81115" lon="-123.703812">
				<ele>2073.024414</ele>
				<time>2026-06-19T18:19:41Z</time>
			</trkpt>
			<trkpt lat="47.811077" lon="-123.703903">
				<ele>2072.619385</ele>
				<time>2026-06-19T18:19:57Z</time>
			</trkpt>
			<trkpt lat="47.810818" lon="-123.704285">
				<ele>2076.016602</ele>
				<time>2026-06-19T18:21:03Z</time>
			</trkpt>
			<trkpt lat="47.81078" lon="-123.704323">
				<ele>2075.702637</ele>
				<time>2026-06-19T18:21:11Z</time>
			</trkpt>
			<trkpt lat="47.810547" lon="-123.704628">
				<ele>2080.080322</ele>
				<time>2026-06-19T18:22:10Z</time>
			</trkpt>
			<trkpt lat="47.810493" lon="-123.704735">
				<ele>2079.544922</ele>
				<time>2026-06-19T18:22:25Z</time>
			</trkpt>
			<trkpt lat="47.810291" lon="-123.705009">
				<ele>2085.289551</ele>
				<time>2026-06-19T18:23:19Z</time>
			</trkpt>
			<trkpt lat="47.810261" lon="-123.705055">
				<ele>2084.750977</ele>
				<time>2026-06-19T18:23:28Z</time>
			</trkpt>
			<trkpt lat="47.809647" lon="-123.705963">
				<ele>2097.058105</ele>
				<time>2026-06-19T18:26:23Z</time>
			</trkpt>
			<trkpt lat="47.809624" lon="-123.706017">
				<ele>2096.124756</ele>
				<time>2026-06-19T18:26:32Z</time>
			</trkpt>
			<trkpt lat="47.809345" lon="-123.706543">
				<ele>2101.64502</ele>
				<time>2026-06-19T18:28:03Z</time>
			</trkpt>
			<trkpt lat="47.80835" lon="-123.707802">
				<ele>2120.78125</ele>
				<time>2026-06-19T18:32:37Z</time>
			</trkpt>
			<trkpt lat="47.808319" lon="-123.707848">
				<ele>2119.960449</ele>
				<time>2026-06-19T18:32:48Z</time>
			</trkpt>
			<trkpt lat="47.807835" lon="-123.708641">
				<ele>2132.70874</ele>
				<time>2026-06-19T18:35:33Z</time>
			</trkpt>
			<trkpt lat="47.807781" lon="-123.708748">
				<ele>2131.98584</ele>
				<time>2026-06-19T18:35:52Z</time>
			</trkpt>
			<trkpt lat="47.807621" lon="-123.709084">
				<ele>2136.339355</ele>
				<time>2026-06-19T18:36:52Z</time>
			</trkpt>
			<trkpt lat="47.807415" lon="-123.709526">
				<ele>2139.292725</ele>
				<time>2026-06-19T18:38:06Z</time>
			</trkpt>
			<trkpt lat="47.807388" lon="-123.709579">
				<ele>2139.158203</ele>
				<time>2026-06-19T18:38:16Z</time>
			</trkpt>
			<trkpt lat="47.807171" lon="-123.710014">
				<ele>2145.147461</ele>
				<time>2026-06-19T18:39:30Z</time>
			</trkpt>
			<trkpt lat="47.807114" lon="-123.710114">
				<ele>2145.013184</ele>
				<time>2026-06-19T18:39:53Z</time>
			</trkpt>
			<trkpt lat="47.806828" lon="-123.710571">
				<ele>2148.825684</ele>
				<time>2026-06-19T18:41:14Z</time>
			</trkpt>
			<trkpt lat="47.806774" lon="-123.710678">
				<ele>2148.801514</ele>
				<time>2026-06-19T18:41:32Z</time>
			</trkpt>
			<trkpt lat="47.80632" lon="-123.711159">
				<ele>2154.417969</ele>
				<time>2026-06-19T18:43:17Z</time>
			</trkpt>
			<trkpt lat="47.806282" lon="-123.711189">
				<ele>2153.647705</ele>
				<time>2026-06-19T18:43:25Z</time>
			</trkpt>
			<trkpt lat="47.80608" lon="-123.711479">
				<ele>2155.874268</ele>
				<time>2026-06-19T18:44:29Z</time>
			</trkpt>
			<trkpt lat="47.806034" lon="-123.711472">
				<ele>2152.826416</ele>
				<time>2026-06-19T18:57:51Z</time>
			</trkpt>
			<trkpt lat="47.805862" lon="-123.711525">
				<ele>2155.769775</ele>
				<time>2026-06-19T18:58:30Z</time>
			</trkpt>
			<trkpt lat="47.80579" lon="-123.711601">
				<ele>2154.761719</ele>
				<time>2026-06-19T18:58:53Z</time>
			</trkpt>
			<trkpt lat="47.805187" lon="-123.712074">
				<ele>2169.990723</ele>
				<time>2026-06-19T19:01:58Z</time>
			</trkpt>
			<trkpt lat="47.804482" lon="-123.712234">
				<ele>2187.124756</ele>
				<time>2026-06-19T19:05:44Z</time>
			</trkpt>
			<trkpt lat="47.803875" lon="-123.712181">
				<ele>2215.982422</ele>
				<time>2026-06-19T19:10:57Z</time>
			</trkpt>
			<trkpt lat="47.803726" lon="-123.712036">
				<ele>2223.29248</ele>
				<time>2026-06-19T19:12:12Z</time>
			</trkpt>
			<trkpt lat="47.803555" lon="-123.711563">
				<ele>2228.648193</ele>
				<time>2026-06-19T19:14:15Z</time>
			</trkpt>
			<trkpt lat="47.802773" lon="-123.710358">
				<ele>2295.874023</ele>
				<time>2026-06-19T19:29:58Z</time>
			</trkpt>
			<trkpt lat="47.802738" lon="-123.710304">
				<ele>2294.60083</ele>
				<time>2026-06-19T19:30:28Z</time>
			</trkpt>
			<trkpt lat="47.802197" lon="-123.71006">
				<ele>2341.299561</ele>
				<time>2026-06-19T19:40:38Z</time>
			</trkpt>
			<trkpt lat="47.802151" lon="-123.710068">
				<ele>2342.891602</ele>
				<time>2026-06-19T19:41:09Z</time>
			</trkpt>
			<trkpt lat="47.802063" lon="-123.710022">
				<ele>2341.330322</ele>
				<time>2026-06-19T19:41:40Z</time>
			</trkpt>
			<trkpt lat="47.801884" lon="-123.709946">
				<ele>2349.623535</ele>
				<time>2026-06-19T19:43:47Z</time>
			</trkpt>
			<trkpt lat="47.80183" lon="-123.710274">
				<ele>2367.593018</ele>
				<time>2026-06-19T19:54:54Z</time>
			</trkpt>
			<trkpt lat="47.801708" lon="-123.710556">
				<ele>2378.342041</ele>
				<time>2026-06-19T19:57:10Z</time>
			</trkpt>
			<trkpt lat="47.80164" lon="-123.71064">
				<ele>2376.712646</ele>
				<time>2026-06-19T19:57:47Z</time>
			</trkpt>
			<trkpt lat="47.80151" lon="-123.710938">
				<ele>2392.348389</ele>
				<time>2026-06-19T20:19:30Z</time>
			</trkpt>
			<trkpt lat="47.801319" lon="-123.710831">
				<ele>2426.401855</ele>
				<time>2026-06-19T20:53:12Z</time>
			</trkpt>
			<trkpt lat="47.801617" lon="-123.710953">
				<ele>2394.202393</ele>
				<time>2026-06-19T22:02:44Z</time>
			</trkpt>
			<trkpt lat="47.801891" lon="-123.709938">
				<ele>2353.555664</ele>
				<time>2026-06-19T22:30:45Z</time>
			</trkpt>
			<trkpt lat="47.802643" lon="-123.710243">
				<ele>2299.369141</ele>
				<time>2026-06-19T22:36:35Z</time>
			</trkpt>
			<trkpt lat="47.802757" lon="-123.710457">
				<ele>2279.585449</ele>
				<time>2026-06-19T22:38:03Z</time>
			</trkpt>
			<trkpt lat="47.802792" lon="-123.710495">
				<ele>2281.024658</ele>
				<time>2026-06-19T22:38:14Z</time>
			</trkpt>
			<trkpt lat="47.803333" lon="-123.71125">
				<ele>2247.985596</ele>
				<time>2026-06-19T22:42:32Z</time>
			</trkpt>
			<trkpt lat="47.803482" lon="-123.711403">
				<ele>2233.141113</ele>
				<time>2026-06-19T22:43:47Z</time>
			</trkpt>
			<trkpt lat="47.803612" lon="-123.711761">
				<ele>2226.464844</ele>
				<time>2026-06-19T22:44:48Z</time>
			</trkpt>
			<trkpt lat="47.804321" lon="-123.711784">
				<ele>2190.5625</ele>
				<time>2026-06-19T22:53:25Z</time>
			</trkpt>
			<trkpt lat="47.805019" lon="-123.711533">
				<ele>2164.788086</ele>
				<time>2026-06-19T22:55:46Z</time>
			</trkpt>
			<trkpt lat="47.805065" lon="-123.71151">
				<ele>2165.045654</ele>
				<time>2026-06-19T22:55:53Z</time>
			</trkpt>
			<trkpt lat="47.805565" lon="-123.711311">
				<ele>2153.174561</ele>
				<time>2026-06-19T22:57:23Z</time>
			</trkpt>
			<trkpt lat="47.80637" lon="-123.71106">
				<ele>2146.486084</ele>
				<time>2026-06-19T22:59:45Z</time>
			</trkpt>
			<trkpt lat="47.806408" lon="-123.711029">
				<ele>2146.611572</ele>
				<time>2026-06-19T22:59:53Z</time>
			</trkpt>
			<trkpt lat="47.80674" lon="-123.710648">
				<ele>2142.371094</ele>
				<time>2026-06-19T23:01:15Z</time>
			</trkpt>
			<trkpt lat="47.806774" lon="-123.710602">
				<ele>2142.316895</ele>
				<time>2026-06-19T23:01:26Z</time>
			</trkpt>
			<trkpt lat="47.806812" lon="-123.710548">
				<ele>2142.433594</ele>
				<time>2026-06-19T23:01:41Z</time>
			</trkpt>
			<trkpt lat="47.806923" lon="-123.710434">
				<ele>2141.851807</ele>
				<time>2026-06-19T23:02:07Z</time>
			</trkpt>
			<trkpt lat="47.807026" lon="-123.710304">
				<ele>2139.333252</ele>
				<time>2026-06-19T23:02:33Z</time>
			</trkpt>
			<trkpt lat="47.807056" lon="-123.710251">
				<ele>2139.088135</ele>
				<time>2026-06-19T23:02:41Z</time>
			</trkpt>
			<trkpt lat="47.807079" lon="-123.710197">
				<ele>2139.544922</ele>
				<time>2026-06-19T23:02:49Z</time>
			</trkpt>
			<trkpt lat="47.807266" lon="-123.709892">
				<ele>2137.469238</ele>
				<time>2026-06-19T23:03:45Z</time>
			</trkpt>
			<trkpt lat="47.807297" lon="-123.709839">
				<ele>2137.755615</ele>
				<time>2026-06-19T23:04:02Z</time>
			</trkpt>
			<trkpt lat="47.807327" lon="-123.709785">
				<ele>2135.743408</ele>
				<time>2026-06-19T23:04:11Z</time>
			</trkpt>
			<trkpt lat="47.807556" lon="-123.709282">
				<ele>2132.731689</ele>
				<time>2026-06-19T23:05:23Z</time>
			</trkpt>
			<trkpt lat="47.808033" lon="-123.708298">
				<ele>2122.431885</ele>
				<time>2026-06-19T23:08:04Z</time>
			</trkpt>
			<trkpt lat="47.808361" lon="-123.707809">
				<ele>2112.712646</ele>
				<time>2026-06-19T23:09:40Z</time>
			</trkpt>
			<trkpt lat="47.808861" lon="-123.707191">
				<ele>2105.569824</ele>
				<time>2026-06-19T23:11:34Z</time>
			</trkpt>
			<trkpt lat="47.808899" lon="-123.707153">
				<ele>2105.687744</ele>
				<time>2026-06-19T23:11:47Z</time>
			</trkpt>
			<trkpt lat="47.809185" lon="-123.706795">
				<ele>2098.587402</ele>
				<time>2026-06-19T23:12:55Z</time>
			</trkpt>
			<trkpt lat="47.80941" lon="-123.706459">
				<ele>2096.567383</ele>
				<time>2026-06-19T23:13:50Z</time>
			</trkpt>
			<trkpt lat="47.810291" lon="-123.704987">
				<ele>2076.601563</ele>
				<time>2026-06-19T23:17:33Z</time>
			</trkpt>
			<trkpt lat="47.810452" lon="-123.704727">
				<ele>2075.41626</ele>
				<time>2026-06-19T23:18:09Z</time>
			</trkpt>
			<trkpt lat="47.810669" lon="-123.704483">
				<ele>2071.185303</ele>
				<time>2026-06-19T23:19:00Z</time>
			</trkpt>
			<trkpt lat="47.810699" lon="-123.70443">
				<ele>2071.34668</ele>
				<time>2026-06-19T23:19:07Z</time>
			</trkpt>
			<trkpt lat="47.81094" lon="-123.704094">
				<ele>2068.876953</ele>
				<time>2026-06-19T23:20:05Z</time>
			</trkpt>
			<trkpt lat="47.81097" lon="-123.704041">
				<ele>2068.970947</ele>
				<time>2026-06-19T23:20:12Z</time>
			</trkpt>
			<trkpt lat="47.811111" lon="-123.703873">
				<ele>2065.983887</ele>
				<time>2026-06-19T23:20:39Z</time>
			</trkpt>
			<trkpt lat="47.811291" lon="-123.703659">
				<ele>2064.095215</ele>
				<time>2026-06-19T23:21:15Z</time>
			</trkpt>
			<trkpt lat="47.811325" lon="-123.703613">
				<ele>2064.887939</ele>
				<time>2026-06-19T23:21:22Z</time>
			</trkpt>
			<trkpt lat="47.811504" lon="-123.703384">
				<ele>2062.028564</ele>
				<time>2026-06-19T23:22:00Z</time>
			</trkpt>
			<trkpt lat="47.811539" lon="-123.703339">
				<ele>2062.335938</ele>
				<time>2026-06-19T23:22:08Z</time>
			</trkpt>
			<trkpt lat="47.811749" lon="-123.703079">
				<ele>2058.18457</ele>
				<time>2026-06-19T23:22:55Z</time>
			</trkpt>
			<trkpt lat="47.811779" lon="-123.703033">
				<ele>2059.227539</ele>
				<time>2026-06-19T23:23:01Z</time>
			</trkpt>
			<trkpt lat="47.812325" lon="-123.702408">
				<ele>2047.80481</ele>
				<time>2026-06-19T23:24:37Z</time>
			</trkpt>
			<trkpt lat="47.812355" lon="-123.702354">
				<ele>2048.724365</ele>
				<time>2026-06-19T23:24:47Z</time>
			</trkpt>
			<trkpt lat="47.812874" lon="-123.701706">
				<ele>2033.939697</ele>
				<time>2026-06-19T23:39:22Z</time>
			</trkpt>
			<trkpt lat="47.813" lon="-123.700974">
				<ele>2008.017212</ele>
				<time>2026-06-19T23:40:42Z</time>
			</trkpt>
			<trkpt lat="47.813282" lon="-123.700134">
				<ele>1956.710449</ele>
				<time>2026-06-19T23:42:58Z</time>
			</trkpt>
			<trkpt lat="47.813736" lon="-123.699409">
				<ele>1929.850708</ele>
				<time>2026-06-19T23:44:38Z</time>
			</trkpt>
			<trkpt lat="47.813744" lon="-123.699379">
				<ele>1930.393799</ele>
				<time>2026-06-19T23:44:41Z</time>
			</trkpt>
			<trkpt lat="47.813778" lon="-123.698975">
				<ele>1907.16333</ele>
				<time>2026-06-19T23:45:34Z</time>
			</trkpt>
			<trkpt lat="47.812489" lon="-123.697998">
				<ele>1828.893188</ele>
				<time>2026-06-19T23:50:00Z</time>
			</trkpt>
			<trkpt lat="47.812244" lon="-123.697273">
				<ele>1806.779175</ele>
				<time>2026-06-19T23:52:14Z</time>
			</trkpt>
			<trkpt lat="47.812496" lon="-123.696022">
				<ele>1762.041504</ele>
				<time>2026-06-19T23:54:02Z</time>
			</trkpt>
			<trkpt lat="47.812241" lon="-123.69548">
				<ele>1737.830811</ele>
				<time>2026-06-19T23:55:12Z</time>
			</trkpt>
			<trkpt lat="47.811546" lon="-123.694969">
				<ele>1700.584351</ele>
				<time>2026-06-20T00:15:28Z</time>
			</trkpt>
			<trkpt lat="47.811512" lon="-123.695015">
				<ele>1701.025269</ele>
				<time>2026-06-20T00:15:40Z</time>
			</trkpt>
			<trkpt lat="47.811291" lon="-123.695335">
				<ele>1694.950562</ele>
				<time>2026-06-20T00:16:58Z</time>
			</trkpt>
			<trkpt lat="47.811028" lon="-123.69516">
				<ele>1688.541382</ele>
				<time>2026-06-20T00:21:34Z</time>
			</trkpt>
			<trkpt lat="47.810959" lon="-123.695084">
				<ele>1689.762573</ele>
				<time>2026-06-20T00:21:45Z</time>
			</trkpt>
			<trkpt lat="47.810848" lon="-123.694984">
				<ele>1686.894409</ele>
				<time>2026-06-20T00:22:07Z</time>
			</trkpt>
			<trkpt lat="47.810719" lon="-123.694824">
				<ele>1688.275635</ele>
				<time>2026-06-20T00:22:48Z</time>
			</trkpt>
			<trkpt lat="47.810467" lon="-123.694435">
				<ele>1680.601074</ele>
				<time>2026-06-20T00:24:03Z</time>
			</trkpt>
			<trkpt lat="47.810337" lon="-123.694336">
				<ele>1683.828613</ele>
				<time>2026-06-20T00:24:25Z</time>
			</trkpt>
			<trkpt lat="47.81023" lon="-123.694229">
				<ele>1678.400146</ele>
				<time>2026-06-20T00:24:47Z</time>
			</trkpt>
			<trkpt lat="47.810204" lon="-123.694183">
				<ele>1678.367676</ele>
				<time>2026-06-20T00:24:53Z</time>
			</trkpt>
			<trkpt lat="47.810177" lon="-123.694153">
				<ele>1678.517822</ele>
				<time>2026-06-20T00:24:59Z</time>
			</trkpt>
			<trkpt lat="47.810051" lon="-123.694023">
				<ele>1677.255005</ele>
				<time>2026-06-20T00:25:24Z</time>
			</trkpt>
			<trkpt lat="47.80991" lon="-123.693848">
				<ele>1679.205322</ele>
				<time>2026-06-20T00:25:54Z</time>
			</trkpt>
			<trkpt lat="47.809769" lon="-123.693634">
				<ele>1677.00354</ele>
				<time>2026-06-20T00:26:22Z</time>
			</trkpt>
			<trkpt lat="47.809654" lon="-123.693527">
				<ele>1679.445313</ele>
				<time>2026-06-20T00:27:15Z</time>
			</trkpt>
			<trkpt lat="47.80904" lon="-123.692772">
				<ele>1660.598877</ele>
				<time>2026-06-20T00:29:16Z</time>
			</trkpt>
			<trkpt lat="47.80901" lon="-123.692711">
				<ele>1661.679321</ele>
				<time>2026-06-20T00:29:25Z</time>
			</trkpt>
			<trkpt lat="47.808994" lon="-123.69268">
				<ele>1660.879883</ele>
				<time>2026-06-20T00:29:29Z</time>
			</trkpt>
			<trkpt lat="47.808975" lon="-123.692642">
				<ele>1661.613403</ele>
				<time>2026-06-20T00:29:34Z</time>
			</trkpt>
			<trkpt lat="47.808933" lon="-123.692566">
				<ele>1661.022583</ele>
				<time>2026-06-20T00:29:45Z</time>
			</trkpt>
			<trkpt lat="47.808907" lon="-123.69249">
				<ele>1662.596558</ele>
				<time>2026-06-20T00:29:55Z</time>
			</trkpt>
			<trkpt lat="47.808807" lon="-123.692329">
				<ele>1657.573486</ele>
				<time>2026-06-20T00:30:21Z</time>
			</trkpt>
			<trkpt lat="47.808716" lon="-123.692139">
				<ele>1660.364014</ele>
				<time>2026-06-20T00:30:44Z</time>
			</trkpt>
			<trkpt lat="47.808636" lon="-123.691986">
				<ele>1656.744873</ele>
				<time>2026-06-20T00:31:04Z</time>
			</trkpt>
			<trkpt lat="47.80859" lon="-123.691925">
				<ele>1657.677856</ele>
				<time>2026-06-20T00:31:14Z</time>
			</trkpt>
			<trkpt lat="47.808559" lon="-123.691887">
				<ele>1656.976807</ele>
				<time>2026-06-20T00:31:18Z</time>
			</trkpt>
			<trkpt lat="47.808475" lon="-123.691788">
				<ele>1657.368164</ele>
				<time>2026-06-20T00:31:34Z</time>
			</trkpt>
			<trkpt lat="47.80835" lon="-123.691605">
				<ele>1653.762939</ele>
				<time>2026-06-20T00:31:57Z</time>
			</trkpt>
			<trkpt lat="47.808323" lon="-123.691574">
				<ele>1654.130859</ele>
				<time>2026-06-20T00:32:03Z</time>
			</trkpt>
			<trkpt lat="47.808025" lon="-123.691124">
				<ele>1640.230591</ele>
				<time>2026-06-20T00:33:00Z</time>
			</trkpt>
			<trkpt lat="47.80801" lon="-123.691086">
				<ele>1641.115723</ele>
				<time>2026-06-20T00:33:04Z</time>
			</trkpt>
			<trkpt lat="47.807644" lon="-123.690491">
				<ele>1630.432495</ele>
				<time>2026-06-20T00:34:29Z</time>
			</trkpt>
			<trkpt lat="47.807594" lon="-123.690361">
				<ele>1631.486206</ele>
				<time>2026-06-20T00:34:44Z</time>
			</trkpt>
			<trkpt lat="47.807415" lon="-123.690041">
				<ele>1628.763184</ele>
				<time>2026-06-20T00:35:32Z</time>
			</trkpt>
			<trkpt lat="47.807392" lon="-123.69001">
				<ele>1629.622803</ele>
				<time>2026-06-20T00:35:38Z</time>
			</trkpt>
			<trkpt lat="47.807259" lon="-123.689789">
				<ele>1625.723389</ele>
				<time>2026-06-20T00:36:11Z</time>
			</trkpt>
			<trkpt lat="47.807205" lon="-123.689674">
				<ele>1627.519287</ele>
				<time>2026-06-20T00:36:26Z</time>
			</trkpt>
			<trkpt lat="47.807159" lon="-123.689598">
				<ele>1624.905884</ele>
				<time>2026-06-20T00:36:37Z</time>
			</trkpt>
			<trkpt lat="47.807152" lon="-123.689552">
				<ele>1625.318726</ele>
				<time>2026-06-20T00:36:43Z</time>
			</trkpt>
			<trkpt lat="47.807102" lon="-123.689476">
				<ele>1623.968506</ele>
				<time>2026-06-20T00:36:56Z</time>
			</trkpt>
			<trkpt lat="47.807072" lon="-123.689384">
				<ele>1625.168091</ele>
				<time>2026-06-20T00:37:06Z</time>
			</trkpt>
			<trkpt lat="47.807056" lon="-123.689293">
				<ele>1623.867065</ele>
				<time>2026-06-20T00:37:19Z</time>
			</trkpt>
			<trkpt lat="47.807018" lon="-123.689163">
				<ele>1625.832764</ele>
				<time>2026-06-20T00:37:37Z</time>
			</trkpt>
			<trkpt lat="47.806938" lon="-123.688889">
				<ele>1617.037354</ele>
				<time>2026-06-20T00:38:17Z</time>
			</trkpt>
			<trkpt lat="47.806694" lon="-123.688499">
				<ele>1619.60144</ele>
				<time>2026-06-20T00:40:39Z</time>
			</trkpt>
			<trkpt lat="47.806538" lon="-123.688393">
				<ele>1629.293213</ele>
				<time>2026-06-20T00:42:11Z</time>
			</trkpt>
			<trkpt lat="47.806477" lon="-123.688225">
				<ele>1622.934937</ele>
				<time>2026-06-20T00:42:37Z</time>
			</trkpt>
			<trkpt lat="47.80645" lon="-123.68811">
				<ele>1623.066772</ele>
				<time>2026-06-20T00:42:58Z</time>
			</trkpt>
			<trkpt lat="47.806396" lon="-123.687988">
				<ele>1621.488892</ele>
				<time>2026-06-20T00:43:24Z</time>
			</trkpt>
			<trkpt lat="47.806232" lon="-123.687515">
				<ele>1633.834351</ele>
				<time>2026-06-20T00:44:53Z</time>
			</trkpt>
			<trkpt lat="47.806202" lon="-123.687424">
				<ele>1633.128418</ele>
				<time>2026-06-20T00:45:10Z</time>
			</trkpt>
			<trkpt lat="47.806065" lon="-123.686928">
				<ele>1639.192505</ele>
				<time>2026-06-20T00:46:35Z</time>
			</trkpt>
			<trkpt lat="47.806023" lon="-123.68679">
				<ele>1637.131226</ele>
				<time>2026-06-20T00:46:57Z</time>
			</trkpt>
			<trkpt lat="47.80595" lon="-123.686493">
				<ele>1641.722656</ele>
				<time>2026-06-20T00:47:43Z</time>
			</trkpt>
			<trkpt lat="47.805809" lon="-123.686096">
				<ele>1644.607544</ele>
				<time>2026-06-20T00:48:51Z</time>
			</trkpt>
			<trkpt lat="47.805386" lon="-123.685402">
				<ele>1666.318237</ele>
				<time>2026-06-20T00:51:13Z</time>
			</trkpt>
			<trkpt lat="47.804962" lon="-123.684555">
				<ele>1677.903442</ele>
				<time>2026-06-20T00:54:12Z</time>
			</trkpt>
			<trkpt lat="47.803871" lon="-123.684509">
				<ele>1721.654663</ele>
				<time>2026-06-20T01:02:44Z</time>
			</trkpt>
			<trkpt lat="47.802891" lon="-123.684227">
				<ele>1743.353394</ele>
				<time>2026-06-20T01:09:27Z</time>
			</trkpt>
			<trkpt lat="47.801571" lon="-123.683868">
				<ele>1785.964844</ele>
				<time>2026-06-20T01:17:42Z</time>
			</trkpt>
			<trkpt lat="47.800728" lon="-123.683716">
				<ele>1822.21875</ele>
				<time>2026-06-20T01:23:06Z</time>
			</trkpt>
			<trkpt lat="47.799786" lon="-123.683517">
				<ele>1846.529419</ele>
				<time>2026-06-20T01:28:28Z</time>
			</trkpt>
			<trkpt lat="47.799725" lon="-123.683495">
				<ele>1847.113647</ele>
				<time>2026-06-20T01:28:44Z</time>
			</trkpt>
			<trkpt lat="47.799641" lon="-123.683456">
				<ele>1845.981567</ele>
				<time>2026-06-20T01:29:11Z</time>
			</trkpt>
			<trkpt lat="47.798809" lon="-123.683296">
				<ele>1860.062744</ele>
				<time>2026-06-20T01:45:45Z</time>
			</trkpt>
			<trkpt lat="47.798656" lon="-123.683311">
				<ele>1850.560913</ele>
				<time>2026-06-20T01:46:08Z</time>
			</trkpt>
			<trkpt lat="47.798607" lon="-123.683273">
				<ele>1854.185181</ele>
				<time>2026-06-20T01:46:19Z</time>
			</trkpt>
			<trkpt lat="47.798256" lon="-123.682938">
				<ele>1842.490479</ele>
				<time>2026-06-20T01:48:16Z</time>
			</trkpt>
			<trkpt lat="47.798534" lon="-123.682068">
				<ele>1806.204468</ele>
				<time>2026-06-20T01:51:16Z</time>
			</trkpt>
			<trkpt lat="47.798347" lon="-123.681885">
				<ele>1791.075073</ele>
				<time>2026-06-20T01:52:38Z</time>
			</trkpt>
			<trkpt lat="47.797955" lon="-123.681473">
				<ele>1781.214233</ele>
				<time>2026-06-20T01:54:57Z</time>
			</trkpt>
			<trkpt lat="47.797783" lon="-123.681488">
				<ele>1786.168945</ele>
				<time>2026-06-20T01:55:26Z</time>
			</trkpt>
			<trkpt lat="47.797657" lon="-123.681419">
				<ele>1779.499146</ele>
				<time>2026-06-20T01:56:08Z</time>
			</trkpt>
			<trkpt lat="47.797462" lon="-123.681465">
				<ele>1787.403687</ele>
				<time>2026-06-20T01:56:52Z</time>
			</trkpt>
			<trkpt lat="47.797245" lon="-123.681412">
				<ele>1782.823853</ele>
				<time>2026-06-20T01:57:51Z</time>
			</trkpt>
			<trkpt lat="47.796638" lon="-123.681305">
				<ele>1787.547607</ele>
				<time>2026-06-20T02:00:09Z</time>
			</trkpt>
			<trkpt lat="47.796581" lon="-123.68129">
				<ele>1785.674927</ele>
				<time>2026-06-20T02:00:26Z</time>
			</trkpt>
			<trkpt lat="47.796341" lon="-123.681259">
				<ele>1792.505493</ele>
				<time>2026-06-20T02:01:18Z</time>
			</trkpt>
			<trkpt lat="47.79599" lon="-123.681335">
				<ele>1786.908447</ele>
				<time>2026-06-20T02:04:46Z</time>
			</trkpt>
			<trkpt lat="47.795948" lon="-123.681328">
				<ele>1788.363892</ele>
				<time>2026-06-20T02:04:57Z</time>
			</trkpt>
			<trkpt lat="47.795921" lon="-123.68129">
				<ele>1787.512085</ele>
				<time>2026-06-20T02:05:04Z</time>
			</trkpt>
			<trkpt lat="47.795074" lon="-123.680428">
				<ele>1717.70105</ele>
				<time>2026-06-20T02:12:12Z</time>
			</trkpt>
			<trkpt lat="47.795013" lon="-123.680412">
				<ele>1718.635254</ele>
				<time>2026-06-20T02:12:26Z</time>
			</trkpt>
			<trkpt lat="47.794876" lon="-123.680084">
				<ele>1711.232544</ele>
				<time>2026-06-20T02:14:09Z</time>
			</trkpt>
			<trkpt lat="47.794792" lon="-123.679695">
				<ele>1706.675415</ele>
				<time>2026-06-20T02:14:44Z</time>
			</trkpt>
			<trkpt lat="47.794777" lon="-123.679634">
				<ele>1706.796997</ele>
				<time>2026-06-20T02:14:50Z</time>
			</trkpt>
			<trkpt lat="47.794731" lon="-123.679054">
				<ele>1694.19458</ele>
				<time>2026-06-20T02:15:48Z</time>
			</trkpt>
			<trkpt lat="47.794724" lon="-123.679008">
				<ele>1693.763428</ele>
				<time>2026-06-20T02:15:52Z</time>
			</trkpt>
			<trkpt lat="47.79472" lon="-123.67897">
				<ele>1694.303223</ele>
				<time>2026-06-20T02:15:56Z</time>
			</trkpt>
			<trkpt lat="47.794716" lon="-123.678925">
				<ele>1693.500977</ele>
				<time>2026-06-20T02:16:01Z</time>
			</trkpt>
			<trkpt lat="47.794716" lon="-123.678856">
				<ele>1694.475708</ele>
				<time>2026-06-20T02:17:11Z</time>
			</trkpt>
			<trkpt lat="47.794682" lon="-123.6782">
				<ele>1685.957153</ele>
				<time>2026-06-20T02:18:20Z</time>
			</trkpt>
			<trkpt lat="47.794685" lon="-123.678162">
				<ele>1686.734619</ele>
				<time>2026-06-20T02:18:24Z</time>
			</trkpt>
			<trkpt lat="47.794674" lon="-123.677536">
				<ele>1681.355469</ele>
				<time>2026-06-20T02:19:36Z</time>
			</trkpt>
			<trkpt lat="47.79467" lon="-123.67746">
				<ele>1682.171265</ele>
				<time>2026-06-20T02:19:47Z</time>
			</trkpt>
			<trkpt lat="47.79467" lon="-123.677338">
				<ele>1679.810303</ele>
				<time>2026-06-20T02:20:01Z</time>
			</trkpt>
			<trkpt lat="47.79467" lon="-123.677216">
				<ele>1680.79895</ele>
				<time>2026-06-20T02:20:15Z</time>
			</trkpt>
			<trkpt lat="47.79467" lon="-123.67701">
				<ele>1677.513062</ele>
				<time>2026-06-20T02:20:46Z</time>
			</trkpt>
			<trkpt lat="47.794682" lon="-123.67691">
				<ele>1678.718628</ele>
				<time>2026-06-20T02:21:00Z</time>
			</trkpt>
			<trkpt lat="47.794666" lon="-123.676689">
				<ele>1676.518311</ele>
				<time>2026-06-20T02:21:29Z</time>
			</trkpt>
			<trkpt lat="47.794682" lon="-123.676651">
				<ele>1677.698608</ele>
				<time>2026-06-20T02:21:39Z</time>
			</trkpt>
			<trkpt lat="47.794685" lon="-123.676384">
				<ele>1676.947632</ele>
				<time>2026-06-20T02:22:17Z</time>
			</trkpt>
			<trkpt lat="47.794685" lon="-123.676338">
				<ele>1677.464111</ele>
				<time>2026-06-20T02:22:23Z</time>
			</trkpt>
			<trkpt lat="47.794643" lon="-123.67614">
				<ele>1676.607178</ele>
				<time>2026-06-20T02:22:52Z</time>
			</trkpt>
			<trkpt lat="47.794659" lon="-123.676056">
				<ele>1674.474854</ele>
				<time>2026-06-20T02:23:01Z</time>
			</trkpt>
			<trkpt lat="47.794659" lon="-123.67598">
				<ele>1675.105347</ele>
				<time>2026-06-20T02:23:13Z</time>
			</trkpt>
			<trkpt lat="47.794655" lon="-123.675903">
				<ele>1674.346191</ele>
				<time>2026-06-20T02:23:22Z</time>
			</trkpt>
			<trkpt lat="47.794659" lon="-123.675865">
				<ele>1674.343506</ele>
				<time>2026-06-20T02:23:26Z</time>
			</trkpt>
			<trkpt lat="47.794651" lon="-123.675835">
				<ele>1674.652954</ele>
				<time>2026-06-20T02:23:30Z</time>
			</trkpt>
			<trkpt lat="47.794621" lon="-123.675728">
				<ele>1673.753662</ele>
				<time>2026-06-20T02:23:43Z</time>
			</trkpt>
			<trkpt lat="47.794628" lon="-123.675644">
				<ele>1674.314575</ele>
				<time>2026-06-20T02:23:51Z</time>
			</trkpt>
			<trkpt lat="47.794598" lon="-123.675575">
				<ele>1673.753296</ele>
				<time>2026-06-20T02:24:01Z</time>
			</trkpt>
			<trkpt lat="47.794594" lon="-123.675529">
				<ele>1674.243164</ele>
				<time>2026-06-20T02:24:06Z</time>
			</trkpt>
			<trkpt lat="47.794617" lon="-123.67514">
				<ele>1669.687866</ele>
				<time>2026-06-20T02:25:00Z</time>
			</trkpt>
			<trkpt lat="47.794624" lon="-123.675087">
				<ele>1670.751709</ele>
				<time>2026-06-20T02:25:10Z</time>
			</trkpt>
			<trkpt lat="47.794617" lon="-123.675049">
				<ele>1670.738037</ele>
				<time>2026-06-20T02:25:19Z</time>
			</trkpt>
			<trkpt lat="47.794579" lon="-123.674744">
				<ele>1665.97229</ele>
				<time>2026-06-20T02:26:22Z</time>
			</trkpt>
			<trkpt lat="47.794521" lon="-123.674622">
				<ele>1665.231812</ele>
				<time>2026-06-20T02:26:42Z</time>
			</trkpt>
			<trkpt lat="47.794487" lon="-123.674576">
				<ele>1667.06897</ele>
				<time>2026-06-20T02:26:49Z</time>
			</trkpt>
			<trkpt lat="47.794437" lon="-123.674484">
				<ele>1664.923828</ele>
				<time>2026-06-20T02:26:59Z</time>
			</trkpt>
			<trkpt lat="47.794407" lon="-123.674446">
				<ele>1666.036621</ele>
				<time>2026-06-20T02:27:06Z</time>
			</trkpt>
			<trkpt lat="47.794334" lon="-123.674347">
				<ele>1662.814087</ele>
				<time>2026-06-20T02:27:26Z</time>
			</trkpt>
			<trkpt lat="47.794258" lon="-123.674217">
				<ele>1666.397583</ele>
				<time>2026-06-20T02:28:09Z</time>
			</trkpt>
			<trkpt lat="47.794285" lon="-123.674149">
				<ele>1665.350342</ele>
				<time>2026-06-20T02:28:18Z</time>
			</trkpt>
			<trkpt lat="47.794315" lon="-123.674065">
				<ele>1666.634277</ele>
				<time>2026-06-20T02:28:54Z</time>
			</trkpt>
			<trkpt lat="47.794201" lon="-123.673828">
				<ele>1661.706299</ele>
				<time>2026-06-20T02:29:39Z</time>
			</trkpt>
			<trkpt lat="47.794174" lon="-123.673759">
				<ele>1661.500366</ele>
				<time>2026-06-20T02:29:48Z</time>
			</trkpt>
			<trkpt lat="47.794189" lon="-123.673691">
				<ele>1662.641846</ele>
				<time>2026-06-20T02:29:54Z</time>
			</trkpt>
			<trkpt lat="47.794167" lon="-123.67347">
				<ele>1662.02478</ele>
				<time>2026-06-20T02:30:14Z</time>
			</trkpt>
			<trkpt lat="47.794182" lon="-123.672943">
				<ele>1656.221436</ele>
				<time>2026-06-20T02:31:03Z</time>
			</trkpt>
			<trkpt lat="47.794197" lon="-123.672829">
				<ele>1656.936157</ele>
				<time>2026-06-20T02:31:18Z</time>
			</trkpt>
			<trkpt lat="47.794216" lon="-123.672577">
				<ele>1653.397827</ele>
				<time>2026-06-20T02:31:51Z</time>
			</trkpt>
			<trkpt lat="47.79422" lon="-123.672462">
				<ele>1654.504517</ele>
				<time>2026-06-20T02:32:03Z</time>
			</trkpt>
			<trkpt lat="47.794151" lon="-123.672096">
				<ele>1649.329346</ele>
				<time>2026-06-20T02:32:51Z</time>
			</trkpt>
			<trkpt lat="47.794106" lon="-123.671913">
				<ele>1650.852173</ele>
				<time>2026-06-20T02:33:13Z</time>
			</trkpt>
			<trkpt lat="47.794052" lon="-123.671768">
				<ele>1649.864258</ele>
				<time>2026-06-20T02:33:27Z</time>
			</trkpt>
			<trkpt lat="47.794048" lon="-123.67173">
				<ele>1650.387451</ele>
				<time>2026-06-20T02:33:30Z</time>
			</trkpt>
			<trkpt lat="47.794048" lon="-123.671684">
				<ele>1650.273071</ele>
				<time>2026-06-20T02:33:34Z</time>
			</trkpt>
			<trkpt lat="47.794044" lon="-123.671318">
				<ele>1642.577881</ele>
				<time>2026-06-20T02:34:06Z</time>
			</trkpt>
			<trkpt lat="47.794025" lon="-123.671173">
				<ele>1643.771118</ele>
				<time>2026-06-20T02:34:19Z</time>
			</trkpt>
			<trkpt lat="47.794113" lon="-123.66967">
				<ele>1623.995239</ele>
				<time>2026-06-20T02:37:58Z</time>
			</trkpt>
			<trkpt lat="47.794121" lon="-123.669556">
				<ele>1625.169067</ele>
				<time>2026-06-20T02:38:10Z</time>
			</trkpt>
			<trkpt lat="47.794113" lon="-123.669243">
				<ele>1618.790039</ele>
				<time>2026-06-20T02:38:42Z</time>
			</trkpt>
			<trkpt lat="47.794098" lon="-123.669121">
				<ele>1622.020142</ele>
				<time>2026-06-20T02:38:57Z</time>
			</trkpt>
			<trkpt lat="47.794094" lon="-123.668915">
				<ele>1617.844116</ele>
				<time>2026-06-20T02:39:15Z</time>
			</trkpt>
			<trkpt lat="47.794121" lon="-123.668816">
				<ele>1619.65564</ele>
				<time>2026-06-20T02:39:28Z</time>
			</trkpt>
			<trkpt lat="47.794128" lon="-123.668785">
				<ele>1619.672241</ele>
				<time>2026-06-20T02:39:31Z</time>
			</trkpt>
			<trkpt lat="47.794125" lon="-123.668686">
				<ele>1618.734375</ele>
				<time>2026-06-20T02:39:41Z</time>
			</trkpt>
			<trkpt lat="47.794155" lon="-123.668594">
				<ele>1620.087158</ele>
				<time>2026-06-20T02:39:51Z</time>
			</trkpt>
			<trkpt lat="47.794197" lon="-123.668419">
				<ele>1617.559448</ele>
				<time>2026-06-20T02:40:10Z</time>
			</trkpt>
			<trkpt lat="47.794205" lon="-123.668388">
				<ele>1618.072388</ele>
				<time>2026-06-20T02:40:19Z</time>
			</trkpt>
			<trkpt lat="47.794205" lon="-123.66835">
				<ele>1617.735596</ele>
				<time>2026-06-20T02:40:25Z</time>
			</trkpt>
			<trkpt lat="47.794247" lon="-123.668213">
				<ele>1611.87561</ele>
				<time>2026-06-20T02:40:47Z</time>
			</trkpt>
			<trkpt lat="47.794617" lon="-123.667389">
				<ele>1625.144653</ele>
				<time>2026-06-20T02:45:11Z</time>
			</trkpt>
			<trkpt lat="47.794727" lon="-123.667259">
				<ele>1622.579834</ele>
				<time>2026-06-20T02:45:43Z</time>
			</trkpt>
			<trkpt lat="47.794819" lon="-123.667206">
				<ele>1624.490234</ele>
				<time>2026-06-20T02:52:33Z</time>
			</trkpt>
			<trkpt lat="47.794956" lon="-123.666931">
				<ele>1619.991821</ele>
				<time>2026-06-20T02:53:18Z</time>
			</trkpt>
			<trkpt lat="47.795021" lon="-123.666779">
				<ele>1621.970825</ele>
				<time>2026-06-20T02:54:25Z</time>
			</trkpt>
			<trkpt lat="47.795456" lon="-123.666527">
				<ele>1650.816406</ele>
				<time>2026-06-20T03:05:57Z</time>
			</trkpt>
			<trkpt lat="47.795513" lon="-123.666466">
				<ele>1645.926636</ele>
				<time>2026-06-20T03:06:38Z</time>
			</trkpt>
			<trkpt lat="47.795815" lon="-123.665977">
				<ele>1661.776489</ele>
				<time>2026-06-20T03:08:41Z</time>
			</trkpt>
			<trkpt lat="47.795868" lon="-123.665932">
				<ele>1661.197998</ele>
				<time>2026-06-20T03:09:11Z</time>
			</trkpt>
			<trkpt lat="47.795979" lon="-123.665855">
				<ele>1662.210449</ele>
				<time>2026-06-20T03:09:35Z</time>
			</trkpt>
			<trkpt lat="47.796162" lon="-123.665771">
				<ele>1660.627563</ele>
				<time>2026-06-20T03:10:07Z</time>
			</trkpt>
			<trkpt lat="47.796238" lon="-123.665573">
				<ele>1665.853027</ele>
				<time>2026-06-20T03:10:45Z</time>
			</trkpt>
			<trkpt lat="47.796253" lon="-123.665512">
				<ele>1665.067627</ele>
				<time>2026-06-20T03:10:56Z</time>
			</trkpt>
			<trkpt lat="47.796265" lon="-123.665474">
				<ele>1665.364258</ele>
				<time>2026-06-20T03:11:02Z</time>
			</trkpt>
			<trkpt lat="47.796364" lon="-123.664604">
				<ele>1687.301392</ele>
				<time>2026-06-20T03:16:49Z</time>
			</trkpt>
			<trkpt lat="47.796673" lon="-123.66449">
				<ele>1704.307861</ele>
				<time>2026-06-20T03:20:10Z</time>
			</trkpt>
			<trkpt lat="47.796719" lon="-123.664513">
				<ele>1703.202271</ele>
				<time>2026-06-20T03:20:19Z</time>
			</trkpt>
			<trkpt lat="47.796982" lon="-123.664398">
				<ele>1708.633667</ele>
				<time>2026-06-20T03:21:25Z</time>
			</trkpt>
			<trkpt lat="47.797237" lon="-123.664696">
				<ele>1701.572144</ele>
				<time>2026-06-20T03:23:46Z</time>
			</trkpt>
			<trkpt lat="47.797241" lon="-123.664749">
				<ele>1702.156128</ele>
				<time>2026-06-20T03:23:57Z</time>
			</trkpt>
			<trkpt lat="47.797283" lon="-123.664902">
				<ele>1707.567261</ele>
				<time>2026-06-20T03:24:17Z</time>
			</trkpt>
			<trkpt lat="47.797333" lon="-123.664551">
				<ele>1717.009521</ele>
				<time>2026-06-20T14:41:07Z</time>
			</trkpt>
			<trkpt lat="47.797394" lon="-123.664703">
				<ele>1704.678955</ele>
				<time>2026-06-20T14:41:10Z</time>
			</trkpt>
			<trkpt lat="47.797337" lon="-123.66478">
				<ele>1716.933838</ele>
				<time>2026-06-20T14:41:25Z</time>
			</trkpt>
			<trkpt lat="47.797268" lon="-123.664711">
				<ele>1709.038452</ele>
				<time>2026-06-20T14:41:39Z</time>
			</trkpt>
			<trkpt lat="47.797249" lon="-123.664627">
				<ele>1709.720093</ele>
				<time>2026-06-20T14:41:57Z</time>
			</trkpt>
			<trkpt lat="47.79731" lon="-123.66423">
				<ele>1706.681885</ele>
				<time>2026-06-20T14:42:53Z</time>
			</trkpt>
			<trkpt lat="47.796841" lon="-123.663788">
				<ele>1725.460327</ele>
				<time>2026-06-20T14:45:37Z</time>
			</trkpt>
			<trkpt lat="47.796516" lon="-123.663765">
				<ele>1718.49231</ele>
				<time>2026-06-20T14:46:43Z</time>
			</trkpt>
			<trkpt lat="47.796162" lon="-123.6633">
				<ele>1728.787231</ele>
				<time>2026-06-20T14:48:35Z</time>
			</trkpt>
			<trkpt lat="47.795895" lon="-123.663437">
				<ele>1739.343994</ele>
				<time>2026-06-20T14:51:43Z</time>
			</trkpt>
			<trkpt lat="47.79607" lon="-123.6633">
				<ele>1727.351074</ele>
				<time>2026-06-20T14:59:32Z</time>
			</trkpt>
			<trkpt lat="47.796154" lon="-123.663284">
				<ele>1729.536621</ele>
				<time>2026-06-20T15:00:30Z</time>
			</trkpt>
			<trkpt lat="47.796185" lon="-123.663101">
				<ele>1725.326904</ele>
				<time>2026-06-20T15:09:13Z</time>
			</trkpt>
			<trkpt lat="47.796299" lon="-123.662834">
				<ele>1724.656372</ele>
				<time>2026-06-20T15:10:23Z</time>
			</trkpt>
			<trkpt lat="47.796261" lon="-123.662468">
				<ele>1747.477051</ele>
				<time>2026-06-20T15:14:34Z</time>
			</trkpt>
			<trkpt lat="47.796246" lon="-123.662308">
				<ele>1748.505127</ele>
				<time>2026-06-20T15:15:20Z</time>
			</trkpt>
			<trkpt lat="47.795937" lon="-123.662056">
				<ele>1771.234741</ele>
				<time>2026-06-20T15:19:50Z</time>
			</trkpt>
			<trkpt lat="47.795605" lon="-123.660973">
				<ele>1817.390503</ele>
				<time>2026-06-20T15:28:52Z</time>
			</trkpt>
			<trkpt lat="47.795597" lon="-123.660568">
				<ele>1824.829834</ele>
				<time>2026-06-20T15:30:48Z</time>
			</trkpt>
			<trkpt lat="47.795723" lon="-123.659805">
				<ele>1833.25293</ele>
				<time>2026-06-20T15:32:39Z</time>
			</trkpt>
			<trkpt lat="47.79578" lon="-123.659599">
				<ele>1833.708618</ele>
				<time>2026-06-20T15:33:09Z</time>
			</trkpt>
			<trkpt lat="47.795891" lon="-123.658974">
				<ele>1847.295776</ele>
				<time>2026-06-20T15:35:11Z</time>
			</trkpt>
			<trkpt lat="47.795883" lon="-123.658791">
				<ele>1847.65686</ele>
				<time>2026-06-20T15:36:01Z</time>
			</trkpt>
			<trkpt lat="47.795883" lon="-123.658676">
				<ele>1849.615601</ele>
				<time>2026-06-20T15:36:27Z</time>
			</trkpt>
			<trkpt lat="47.795681" lon="-123.657951">
				<ele>1865.81311</ele>
				<time>2026-06-20T15:40:11Z</time>
			</trkpt>
			<trkpt lat="47.795403" lon="-123.6577">
				<ele>1882.202881</ele>
				<time>2026-06-20T15:43:20Z</time>
			</trkpt>
			<trkpt lat="47.795341" lon="-123.657578">
				<ele>1879.167358</ele>
				<time>2026-06-20T15:43:49Z</time>
			</trkpt>
			<trkpt lat="47.795322" lon="-123.657585">
				<ele>1886.43457</ele>
				<time>2026-06-20T15:52:55Z</time>
			</trkpt>
			<trkpt lat="47.795815" lon="-123.657761">
				<ele>1842.790649</ele>
				<time>2026-06-20T15:56:53Z</time>
			</trkpt>
			<trkpt lat="47.795887" lon="-123.657822">
				<ele>1838.358765</ele>
				<time>2026-06-20T15:57:20Z</time>
			</trkpt>
			<trkpt lat="47.796021" lon="-123.658051">
				<ele>1840.000732</ele>
				<time>2026-06-20T15:58:04Z</time>
			</trkpt>
			<trkpt lat="47.796085" lon="-123.658203">
				<ele>1837.813965</ele>
				<time>2026-06-20T15:58:31Z</time>
			</trkpt>
			<trkpt lat="47.796509" lon="-123.658249">
				<ele>1810.493164</ele>
				<time>2026-06-20T16:01:47Z</time>
			</trkpt>
			<trkpt lat="47.79673" lon="-123.657822">
				<ele>1795.978271</ele>
				<time>2026-06-20T16:03:20Z</time>
			</trkpt>
			<trkpt lat="47.796753" lon="-123.657761">
				<ele>1797.647339</ele>
				<time>2026-06-20T16:03:27Z</time>
			</trkpt>
			<trkpt lat="47.796875" lon="-123.657455">
				<ele>1791.768677</ele>
				<time>2026-06-20T16:04:06Z</time>
			</trkpt>
			<trkpt lat="47.796986" lon="-123.657173">
				<ele>1779.036255</ele>
				<time>2026-06-20T16:04:38Z</time>
			</trkpt>
			<trkpt lat="47.797028" lon="-123.657127">
				<ele>1780.11145</ele>
				<time>2026-06-20T16:04:46Z</time>
			</trkpt>
			<trkpt lat="47.797115" lon="-123.656982">
				<ele>1778.717285</ele>
				<time>2026-06-20T16:05:07Z</time>
			</trkpt>
			<trkpt lat="47.797314" lon="-123.656532">
				<ele>1761.688965</ele>
				<time>2026-06-20T16:06:04Z</time>
			</trkpt>
			<trkpt lat="47.797436" lon="-123.656204">
				<ele>1755.390869</ele>
				<time>2026-06-20T16:06:40Z</time>
			</trkpt>
			<trkpt lat="47.79747" lon="-123.656143">
				<ele>1757.437622</ele>
				<time>2026-06-20T16:06:50Z</time>
			</trkpt>
			<trkpt lat="47.797482" lon="-123.656075">
				<ele>1754.008179</ele>
				<time>2026-06-20T16:07:03Z</time>
			</trkpt>
			<trkpt lat="47.797531" lon="-123.655861">
				<ele>1754.846069</ele>
				<time>2026-06-20T16:09:13Z</time>
			</trkpt>
			<trkpt lat="47.797634" lon="-123.655441">
				<ele>1750.178345</ele>
				<time>2026-06-20T16:12:53Z</time>
			</trkpt>
			<trkpt lat="47.797691" lon="-123.655228">
				<ele>1757.123169</ele>
				<time>2026-06-20T16:13:51Z</time>
			</trkpt>
			<trkpt lat="47.797749" lon="-123.655113">
				<ele>1752.63562</ele>
				<time>2026-06-20T16:14:15Z</time>
			</trkpt>
			<trkpt lat="47.797871" lon="-123.654793">
				<ele>1756.209229</ele>
				<time>2026-06-20T16:15:24Z</time>
			</trkpt>
			<trkpt lat="47.797512" lon="-123.654091">
				<ele>1782.946777</ele>
				<time>2026-06-20T16:24:53Z</time>
			</trkpt>
			<trkpt lat="47.797314" lon="-123.65387">
				<ele>1787.59021</ele>
				<time>2026-06-20T16:26:03Z</time>
			</trkpt>
			<trkpt lat="47.79718" lon="-123.653778">
				<ele>1786.901855</ele>
				<time>2026-06-20T16:26:36Z</time>
			</trkpt>
			<trkpt lat="47.796749" lon="-123.653633">
				<ele>1797.03125</ele>
				<time>2026-06-20T16:29:00Z</time>
			</trkpt>
			<trkpt lat="47.796692" lon="-123.653641">
				<ele>1796.397217</ele>
				<time>2026-06-20T16:29:11Z</time>
			</trkpt>
			<trkpt lat="47.796566" lon="-123.653648">
				<ele>1796.820801</ele>
				<time>2026-06-20T16:29:41Z</time>
			</trkpt>
			<trkpt lat="47.796452" lon="-123.653656">
				<ele>1792.371094</ele>
				<time>2026-06-20T16:30:06Z</time>
			</trkpt>
			<trkpt lat="47.795998" lon="-123.653465">
				<ele>1810.882446</ele>
				<time>2026-06-20T16:31:56Z</time>
			</trkpt>
			<trkpt lat="47.796154" lon="-123.652641">
				<ele>1849.550049</ele>
				<time>2026-06-20T16:55:03Z</time>
			</trkpt>
			<trkpt lat="47.796177" lon="-123.65239">
				<ele>1846.554077</ele>
				<time>2026-06-20T17:02:18Z</time>
			</trkpt>
			<trkpt lat="47.796143" lon="-123.652184">
				<ele>1852.616333</ele>
				<time>2026-06-20T17:05:06Z</time>
			</trkpt>
			<trkpt lat="47.796303" lon="-123.651871">
				<ele>1883.842041</ele>
				<time>2026-06-20T17:12:15Z</time>
			</trkpt>
			<trkpt lat="47.796284" lon="-123.65168">
				<ele>1876.624878</ele>
				<time>2026-06-20T17:16:48Z</time>
			</trkpt>
			<trkpt lat="47.796185" lon="-123.651566">
				<ele>1876.66687</ele>
				<time>2026-06-20T17:17:48Z</time>
			</trkpt>
			<trkpt lat="47.796158" lon="-123.651352">
				<ele>1886.993652</ele>
				<time>2026-06-20T17:20:24Z</time>
			</trkpt>
			<trkpt lat="47.796207" lon="-123.651192">
				<ele>1901.871948</ele>
				<time>2026-06-20T17:30:03Z</time>
			</trkpt>
			<trkpt lat="47.796215" lon="-123.651009">
				<ele>1902.307617</ele>
				<time>2026-06-20T17:31:40Z</time>
			</trkpt>
			<trkpt lat="47.796318" lon="-123.650414">
				<ele>1872.631714</ele>
				<time>2026-06-20T17:56:56Z</time>
			</trkpt>
			<trkpt lat="47.796227" lon="-123.64949">
				<ele>1849.196411</ele>
				<time>2026-06-20T17:58:28Z</time>
			</trkpt>
			<trkpt lat="47.796337" lon="-123.648972">
				<ele>1820.82959</ele>
				<time>2026-06-20T17:59:28Z</time>
			</trkpt>
			<trkpt lat="47.796383" lon="-123.648689">
				<ele>1817.859131</ele>
				<time>2026-06-20T17:59:56Z</time>
			</trkpt>
			<trkpt lat="47.796398" lon="-123.648483">
				<ele>1808.852539</ele>
				<time>2026-06-20T18:00:15Z</time>
			</trkpt>
			<trkpt lat="47.796898" lon="-123.647484">
				<ele>1755.100952</ele>
				<time>2026-06-20T18:02:01Z</time>
			</trkpt>
			<trkpt lat="47.796909" lon="-123.647011">
				<ele>1751.25708</ele>
				<time>2026-06-20T18:04:23Z</time>
			</trkpt>
			<trkpt lat="47.796761" lon="-123.646423">
				<ele>1728.023682</ele>
				<time>2026-06-20T18:05:35Z</time>
			</trkpt>
			<trkpt lat="47.796669" lon="-123.645958">
				<ele>1720.621338</ele>
				<time>2026-06-20T18:06:15Z</time>
			</trkpt>
			<trkpt lat="47.796726" lon="-123.645584">
				<ele>1704.11853</ele>
				<time>2026-06-20T18:06:47Z</time>
			</trkpt>
			<trkpt lat="47.796776" lon="-123.644753">
				<ele>1683.34436</ele>
				<time>2026-06-20T18:07:45Z</time>
			</trkpt>
			<trkpt lat="47.797745" lon="-123.643791">
				<ele>1618.009766</ele>
				<time>2026-06-20T18:11:20Z</time>
			</trkpt>
			<trkpt lat="47.797787" lon="-123.643707">
				<ele>1620.447388</ele>
				<time>2026-06-20T18:11:28Z</time>
			</trkpt>
			<trkpt lat="47.798111" lon="-123.643089">
				<ele>1599.515869</ele>
				<time>2026-06-20T18:13:00Z</time>
			</trkpt>
			<trkpt lat="47.798035" lon="-123.642937">
				<ele>1600.562134</ele>
				<time>2026-06-20T18:30:37Z</time>
			</trkpt>
			<trkpt lat="47.798004" lon="-123.642754">
				<ele>1587.926025</ele>
				<time>2026-06-20T18:30:48Z</time>
			</trkpt>
			<trkpt lat="47.797913" lon="-123.642395">
				<ele>1583.592163</ele>
				<time>2026-06-20T18:31:42Z</time>
			</trkpt>
			<trkpt lat="47.797867" lon="-123.642296">
				<ele>1578.327148</ele>
				<time>2026-06-20T18:31:51Z</time>
			</trkpt>
			<trkpt lat="47.797836" lon="-123.642166">
				<ele>1578.400757</ele>
				<time>2026-06-20T18:32:07Z</time>
			</trkpt>
			<trkpt lat="47.797852" lon="-123.641907">
				<ele>1568.198364</ele>
				<time>2026-06-20T18:32:24Z</time>
			</trkpt>
			<trkpt lat="47.797832" lon="-123.641777">
				<ele>1573.047974</ele>
				<time>2026-06-20T18:32:33Z</time>
			</trkpt>
			<trkpt lat="47.797848" lon="-123.64164">
				<ele>1565.477051</ele>
				<time>2026-06-20T18:32:43Z</time>
			</trkpt>
			<trkpt lat="47.797844" lon="-123.641518">
				<ele>1566.798706</ele>
				<time>2026-06-20T18:32:52Z</time>
			</trkpt>
			<trkpt lat="47.797924" lon="-123.6409">
				<ele>1553.632324</ele>
				<time>2026-06-20T18:33:33Z</time>
			</trkpt>
			<trkpt lat="47.797932" lon="-123.640526">
				<ele>1550.086182</ele>
				<time>2026-06-20T18:33:56Z</time>
			</trkpt>
			<trkpt lat="47.797932" lon="-123.640404">
				<ele>1554.523438</ele>
				<time>2026-06-20T18:34:04Z</time>
			</trkpt>
			<trkpt lat="47.798035" lon="-123.64006">
				<ele>1548.756592</ele>
				<time>2026-06-20T18:34:29Z</time>
			</trkpt>
			<trkpt lat="47.798061" lon="-123.639946">
				<ele>1539.263428</ele>
				<time>2026-06-20T18:34:38Z</time>
			</trkpt>
			<trkpt lat="47.798115" lon="-123.639771">
				<ele>1545.128906</ele>
				<time>2026-06-20T18:35:15Z</time>
			</trkpt>
			<trkpt lat="47.798309" lon="-123.639259">
				<ele>1530.709839</ele>
				<time>2026-06-20T18:35:55Z</time>
			</trkpt>
			<trkpt lat="47.798355" lon="-123.63916">
				<ele>1531.731201</ele>
				<time>2026-06-20T18:36:03Z</time>
			</trkpt>
			<trkpt lat="47.798573" lon="-123.638786">
				<ele>1527.130005</ele>
				<time>2026-06-20T18:37:05Z</time>
			</trkpt>
			<trkpt lat="47.798668" lon="-123.638451">
				<ele>1509.917969</ele>
				<time>2026-06-20T18:37:29Z</time>
			</trkpt>
			<trkpt lat="47.798725" lon="-123.638367">
				<ele>1510.758301</ele>
				<time>2026-06-20T18:37:36Z</time>
			</trkpt>
			<trkpt lat="47.798828" lon="-123.638054">
				<ele>1501.012085</ele>
				<time>2026-06-20T18:37:59Z</time>
			</trkpt>
			<trkpt lat="47.798866" lon="-123.637962">
				<ele>1503.279297</ele>
				<time>2026-06-20T18:38:05Z</time>
			</trkpt>
			<trkpt lat="47.799351" lon="-123.637489">
				<ele>1493.137207</ele>
				<time>2026-06-20T18:39:07Z</time>
			</trkpt>
			<trkpt lat="47.799423" lon="-123.637482">
				<ele>1497.486084</ele>
				<time>2026-06-20T18:39:15Z</time>
			</trkpt>
			<trkpt lat="47.79953" lon="-123.637032">
				<ele>1482.918213</ele>
				<time>2026-06-20T18:39:55Z</time>
			</trkpt>
			<trkpt lat="47.799606" lon="-123.63681">
				<ele>1487.104248</ele>
				<time>2026-06-20T18:40:12Z</time>
			</trkpt>
			<trkpt lat="47.799675" lon="-123.636749">
				<ele>1486.426392</ele>
				<time>2026-06-20T18:40:21Z</time>
			</trkpt>
			<trkpt lat="47.799816" lon="-123.636627">
				<ele>1487.285156</ele>
				<time>2026-06-20T18:40:37Z</time>
			</trkpt>
			<trkpt lat="47.800106" lon="-123.63636">
				<ele>1480.291382</ele>
				<time>2026-06-20T18:41:16Z</time>
			</trkpt>
			<trkpt lat="47.800209" lon="-123.63633">
				<ele>1482.699463</ele>
				<time>2026-06-20T18:41:39Z</time>
			</trkpt>
			<trkpt lat="47.800343" lon="-123.636108">
				<ele>1474.792236</ele>
				<time>2026-06-20T18:42:35Z</time>
			</trkpt>
			<trkpt lat="47.800354" lon="-123.635979">
				<ele>1474.940063</ele>
				<time>2026-06-20T18:42:50Z</time>
			</trkpt>
			<trkpt lat="47.800507" lon="-123.635506">
				<ele>1466.405151</ele>
				<time>2026-06-20T18:43:40Z</time>
			</trkpt>
			<trkpt lat="47.800503" lon="-123.635193">
				<ele>1471.4552</ele>
				<time>2026-06-20T18:46:05Z</time>
			</trkpt>
			<trkpt lat="47.800476" lon="-123.635071">
				<ele>1470.805054</ele>
				<time>2026-06-20T18:46:26Z</time>
			</trkpt>
			<trkpt lat="47.800476" lon="-123.634842">
				<ele>1473.727051</ele>
				<time>2026-06-20T18:47:03Z</time>
			</trkpt>
			<trkpt lat="47.800484" lon="-123.634331">
				<ele>1461.805054</ele>
				<time>2026-06-20T18:49:02Z</time>
			</trkpt>
			<trkpt lat="47.800865" lon="-123.633842">
				<ele>1439.99707</ele>
				<time>2026-06-20T18:50:09Z</time>
			</trkpt>
			<trkpt lat="47.800911" lon="-123.633194">
				<ele>1429.522583</ele>
				<time>2026-06-20T18:51:14Z</time>
			</trkpt>
			<trkpt lat="47.800976" lon="-123.632965">
				<ele>1441.400146</ele>
				<time>2026-06-20T18:58:39Z</time>
			</trkpt>
			<trkpt lat="47.800964" lon="-123.632698">
				<ele>1442.514648</ele>
				<time>2026-06-20T18:59:39Z</time>
			</trkpt>
			<trkpt lat="47.800903" lon="-123.632317">
				<ele>1458.491699</ele>
				<time>2026-06-20T19:01:54Z</time>
			</trkpt>
			<trkpt lat="47.800873" lon="-123.632111">
				<ele>1458.997803</ele>
				<time>2026-06-20T19:02:57Z</time>
			</trkpt>
			<trkpt lat="47.80006" lon="-123.631012">
				<ele>1542.05249</ele>
				<time>2026-06-20T19:29:13Z</time>
			</trkpt>
			<trkpt lat="47.80019" lon="-123.630737">
				<ele>1535.273315</ele>
				<time>2026-06-20T19:31:51Z</time>
			</trkpt>
			<trkpt lat="47.800331" lon="-123.630615">
				<ele>1535.139282</ele>
				<time>2026-06-20T19:32:55Z</time>
			</trkpt>
			<trkpt lat="47.800484" lon="-123.630562">
				<ele>1544.175903</ele>
				<time>2026-06-20T19:34:37Z</time>
			</trkpt>
			<trkpt lat="47.800499" lon="-123.630371">
				<ele>1544.009888</ele>
				<time>2026-06-20T19:37:58Z</time>
			</trkpt>
			<trkpt lat="47.800659" lon="-123.630264">
				<ele>1545.769165</ele>
				<time>2026-06-20T19:55:22Z</time>
			</trkpt>
			<trkpt lat="47.800564" lon="-123.62999">
				<ele>1550.604004</ele>
				<time>2026-06-20T19:58:01Z</time>
			</trkpt>
			<trkpt lat="47.800434" lon="-123.629791">
				<ele>1583.28125</ele>
				<time>2026-06-20T20:03:03Z</time>
			</trkpt>
			<trkpt lat="47.800137" lon="-123.629677">
				<ele>1589.383667</ele>
				<time>2026-06-20T20:08:25Z</time>
			</trkpt>
			<trkpt lat="47.800045" lon="-123.629478">
				<ele>1581.869995</ele>
				<time>2026-06-20T20:14:10Z</time>
			</trkpt>
			<trkpt lat="47.799534" lon="-123.629036">
				<ele>1643.440308</ele>
				<time>2026-06-20T20:21:59Z</time>
			</trkpt>
			<trkpt lat="47.799316" lon="-123.628517">
				<ele>1665.184204</ele>
				<time>2026-06-20T20:26:30Z</time>
			</trkpt>
			<trkpt lat="47.799286" lon="-123.628227">
				<ele>1664.349121</ele>
				<time>2026-06-20T20:28:08Z</time>
			</trkpt>
			<trkpt lat="47.799026" lon="-123.627785">
				<ele>1697.828247</ele>
				<time>2026-06-20T20:31:55Z</time>
			</trkpt>
			<trkpt lat="47.798405" lon="-123.627304">
				<ele>1730.69458</ele>
				<time>2026-06-20T20:38:56Z</time>
			</trkpt>
			<trkpt lat="47.798401" lon="-123.627029">
				<ele>1739.067261</ele>
				<time>2026-06-20T20:40:53Z</time>
			</trkpt>
			<trkpt lat="47.798466" lon="-123.626862">
				<ele>1727.567505</ele>
				<time>2026-06-20T20:59:39Z</time>
			</trkpt>
			<trkpt lat="47.798584" lon="-123.626152">
				<ele>1707.779053</ele>
				<time>2026-06-20T21:02:13Z</time>
			</trkpt>
			<trkpt lat="47.799015" lon="-123.626183">
				<ele>1692.023804</ele>
				<time>2026-06-20T21:03:46Z</time>
			</trkpt>
			<trkpt lat="47.799412" lon="-123.625809">
				<ele>1656.534668</ele>
				<time>2026-06-20T21:12:17Z</time>
			</trkpt>
			<trkpt lat="47.79924" lon="-123.625107">
				<ele>1626.875366</ele>
				<time>2026-06-20T21:16:06Z</time>
			</trkpt>
			<trkpt lat="47.799164" lon="-123.624527">
				<ele>1620.70813</ele>
				<time>2026-06-20T21:17:16Z</time>
			</trkpt>
			<trkpt lat="47.79916" lon="-123.624458">
				<ele>1621.916626</ele>
				<time>2026-06-20T21:17:24Z</time>
			</trkpt>
			<trkpt lat="47.799179" lon="-123.623932">
				<ele>1611.537354</ele>
				<time>2026-06-20T21:18:20Z</time>
			</trkpt>
			<trkpt lat="47.799179" lon="-123.623833">
				<ele>1613.938354</ele>
				<time>2026-06-20T21:18:31Z</time>
			</trkpt>
			<trkpt lat="47.79921" lon="-123.623367">
				<ele>1597.880127</ele>
				<time>2026-06-20T21:19:22Z</time>
			</trkpt>
			<trkpt lat="47.799244" lon="-123.623154">
				<ele>1600.242554</ele>
				<time>2026-06-20T21:19:47Z</time>
			</trkpt>
			<trkpt lat="47.799446" lon="-123.621948">
				<ele>1575.348999</ele>
				<time>2026-06-20T21:23:24Z</time>
			</trkpt>
			<trkpt lat="47.799469" lon="-123.621872">
				<ele>1576.131714</ele>
				<time>2026-06-20T21:23:31Z</time>
			</trkpt>
			<trkpt lat="47.799576" lon="-123.621597">
				<ele>1570.715088</ele>
				<time>2026-06-20T21:24:07Z</time>
			</trkpt>
			<trkpt lat="47.799603" lon="-123.621544">
				<ele>1570.408447</ele>
				<time>2026-06-20T21:24:15Z</time>
			</trkpt>
			<trkpt lat="47.799633" lon="-123.62149">
				<ele>1571.012451</ele>
				<time>2026-06-20T21:24:27Z</time>
			</trkpt>
			<trkpt lat="47.799721" lon="-123.621284">
				<ele>1569.746094</ele>
				<time>2026-06-20T21:24:50Z</time>
			</trkpt>
			<trkpt lat="47.799709" lon="-123.62101">
				<ele>1563.316162</ele>
				<time>2026-06-20T21:25:20Z</time>
			</trkpt>
			<trkpt lat="47.799744" lon="-123.620842">
				<ele>1566.143433</ele>
				<time>2026-06-20T21:25:40Z</time>
			</trkpt>
			<trkpt lat="47.799747" lon="-123.620773">
				<ele>1565.526367</ele>
				<time>2026-06-20T21:25:47Z</time>
			</trkpt>
			<trkpt lat="47.799885" lon="-123.620255">
				<ele>1568.824097</ele>
				<time>2026-06-20T21:27:13Z</time>
			</trkpt>
			<trkpt lat="47.799923" lon="-123.620117">
				<ele>1568.547974</ele>
				<time>2026-06-20T21:27:37Z</time>
			</trkpt>
			<trkpt lat="47.799957" lon="-123.620018">
				<ele>1570.872314</ele>
				<time>2026-06-20T21:27:54Z</time>
			</trkpt>
			<trkpt lat="47.800018" lon="-123.619736">
				<ele>1569.860352</ele>
				<time>2026-06-20T21:28:34Z</time>
			</trkpt>
			<trkpt lat="47.800095" lon="-123.619293">
				<ele>1575.476196</ele>
				<time>2026-06-20T21:30:09Z</time>
			</trkpt>
			<trkpt lat="47.800129" lon="-123.619118">
				<ele>1574.66394</ele>
				<time>2026-06-20T21:30:29Z</time>
			</trkpt>
			<trkpt lat="47.799839" lon="-123.617989">
				<ele>1612.348511</ele>
				<time>2026-06-20T21:40:10Z</time>
			</trkpt>
			<trkpt lat="47.799854" lon="-123.617638">
				<ele>1609.624756</ele>
				<time>2026-06-20T22:01:17Z</time>
			</trkpt>
			<trkpt lat="47.800133" lon="-123.616768">
				<ele>1577.994751</ele>
				<time>2026-06-20T22:03:23Z</time>
			</trkpt>
			<trkpt lat="47.800137" lon="-123.616646">
				<ele>1578.642212</ele>
				<time>2026-06-20T22:04:19Z</time>
			</trkpt>
			<trkpt lat="47.800293" lon="-123.616325">
				<ele>1569.234253</ele>
				<time>2026-06-20T22:04:49Z</time>
			</trkpt>
			<trkpt lat="47.800488" lon="-123.616234">
				<ele>1565.014771</ele>
				<time>2026-06-20T22:05:14Z</time>
			</trkpt>
			<trkpt lat="47.800663" lon="-123.616447">
				<ele>1569.542847</ele>
				<time>2026-06-20T22:06:00Z</time>
			</trkpt>
			<trkpt lat="47.800941" lon="-123.61644">
				<ele>1559.676392</ele>
				<time>2026-06-20T22:07:10Z</time>
			</trkpt>
			<trkpt lat="47.800991" lon="-123.61599">
				<ele>1544.239014</ele>
				<time>2026-06-20T22:10:43Z</time>
			</trkpt>
			<trkpt lat="47.801235" lon="-123.615799">
				<ele>1518.070801</ele>
				<time>2026-06-20T22:14:45Z</time>
			</trkpt>
			<trkpt lat="47.801044" lon="-123.615356">
				<ele>1493.154663</ele>
				<time>2026-06-20T22:18:05Z</time>
			</trkpt>
			<trkpt lat="47.801014" lon="-123.615242">
				<ele>1493.084839</ele>
				<time>2026-06-20T22:18:17Z</time>
			</trkpt>
			<trkpt lat="47.800964" lon="-123.615036">
				<ele>1496.168335</ele>
				<time>2026-06-20T22:18:37Z</time>
			</trkpt>
			<trkpt lat="47.80088" lon="-123.614677">
				<ele>1485.978638</ele>
				<time>2026-06-20T22:19:13Z</time>
			</trkpt>
			<trkpt lat="47.800854" lon="-123.614563">
				<ele>1486.923706</ele>
				<time>2026-06-20T22:19:27Z</time>
			</trkpt>
			<trkpt lat="47.800835" lon="-123.614449">
				<ele>1486.13147</ele>
				<time>2026-06-20T22:19:43Z</time>
			</trkpt>
			<trkpt lat="47.800816" lon="-123.614342">
				<ele>1488.284912</ele>
				<time>2026-06-20T22:20:00Z</time>
			</trkpt>
			<trkpt lat="47.800632" lon="-123.6138">
				<ele>1508.336304</ele>
				<time>2026-06-20T22:21:29Z</time>
			</trkpt>
			<trkpt lat="47.8004" lon="-123.613518">
				<ele>1512.438843</ele>
				<time>2026-06-20T22:22:30Z</time>
			</trkpt>
			<trkpt lat="47.80035" lon="-123.613464">
				<ele>1511.987305</ele>
				<time>2026-06-20T22:22:41Z</time>
			</trkpt>
			<trkpt lat="47.800217" lon="-123.613434">
				<ele>1515.236572</ele>
				<time>2026-06-20T22:23:15Z</time>
			</trkpt>
			<trkpt lat="47.800095" lon="-123.613167">
				<ele>1508.932495</ele>
				<time>2026-06-20T22:24:18Z</time>
			</trkpt>
			<trkpt lat="47.800064" lon="-123.612976">
				<ele>1517.672485</ele>
				<time>2026-06-20T22:32:25Z</time>
			</trkpt>
			<trkpt lat="47.799965" lon="-123.612724">
				<ele>1510.609375</ele>
				<time>2026-06-20T22:32:51Z</time>
			</trkpt>
			<trkpt lat="47.799862" lon="-123.612419">
				<ele>1518.023804</ele>
				<time>2026-06-20T22:33:24Z</time>
			</trkpt>
			<trkpt lat="47.799805" lon="-123.61235">
				<ele>1513.681274</ele>
				<time>2026-06-20T22:33:40Z</time>
			</trkpt>
			<trkpt lat="47.799713" lon="-123.612053">
				<ele>1519.683838</ele>
				<time>2026-06-20T22:34:29Z</time>
			</trkpt>
			<trkpt lat="47.799644" lon="-123.612">
				<ele>1518.433716</ele>
				<time>2026-06-20T22:34:44Z</time>
			</trkpt>
			<trkpt lat="47.799397" lon="-123.611801">
				<ele>1525.03186</ele>
				<time>2026-06-20T22:35:34Z</time>
			</trkpt>
			<trkpt lat="47.799332" lon="-123.611763">
				<ele>1524.866943</ele>
				<time>2026-06-20T22:35:49Z</time>
			</trkpt>
			<trkpt lat="47.799206" lon="-123.611664">
				<ele>1525.967163</ele>
				<time>2026-06-20T22:36:13Z</time>
			</trkpt>
			<trkpt lat="47.799141" lon="-123.61161">
				<ele>1522.143311</ele>
				<time>2026-06-20T22:36:24Z</time>
			</trkpt>
			<trkpt lat="47.799084" lon="-123.611519">
				<ele>1522.380859</ele>
				<time>2026-06-20T22:36:35Z</time>
			</trkpt>
			<trkpt lat="47.799004" lon="-123.611336">
				<ele>1519.109253</ele>
				<time>2026-06-20T22:36:58Z</time>
			</trkpt>
			<trkpt lat="47.798965" lon="-123.61113">
				<ele>1521.072021</ele>
				<time>2026-06-20T22:37:20Z</time>
			</trkpt>
			<trkpt lat="47.798794" lon="-123.61042">
				<ele>1514.11377</ele>
				<time>2026-06-20T22:38:29Z</time>
			</trkpt>
			<trkpt lat="47.798729" lon="-123.610207">
				<ele>1516.723633</ele>
				<time>2026-06-20T22:38:57Z</time>
			</trkpt>
			<trkpt lat="47.798603" lon="-123.610153">
				<ele>1516.192383</ele>
				<time>2026-06-20T22:41:23Z</time>
			</trkpt>
			<trkpt lat="47.798691" lon="-123.610031">
				<ele>1520.723267</ele>
				<time>2026-06-20T22:58:02Z</time>
			</trkpt>
			<trkpt lat="47.798668" lon="-123.609894">
				<ele>1520.368286</ele>
				<time>2026-06-20T22:58:17Z</time>
			</trkpt>
			<trkpt lat="47.798641" lon="-123.609718">
				<ele>1520.33606</ele>
				<time>2026-06-20T22:58:53Z</time>
			</trkpt>
			<trkpt lat="47.798565" lon="-123.609505">
				<ele>1522.078979</ele>
				<time>2026-06-20T22:59:43Z</time>
			</trkpt>
			<trkpt lat="47.798332" lon="-123.608917">
				<ele>1514.083496</ele>
				<time>2026-06-20T23:02:00Z</time>
			</trkpt>
			<trkpt lat="47.798119" lon="-123.608711">
				<ele>1516.322998</ele>
				<time>2026-06-20T23:03:10Z</time>
			</trkpt>
			<trkpt lat="47.798027" lon="-123.608665">
				<ele>1515.77771</ele>
				<time>2026-06-20T23:03:30Z</time>
			</trkpt>
			<trkpt lat="47.797955" lon="-123.608604">
				<ele>1516.0979</ele>
				<time>2026-06-20T23:03:47Z</time>
			</trkpt>
			<trkpt lat="47.797848" lon="-123.608093">
				<ele>1537.647583</ele>
				<time>2026-06-20T23:06:51Z</time>
			</trkpt>
			<trkpt lat="47.797699" lon="-123.607727">
				<ele>1531.963501</ele>
				<time>2026-06-20T23:07:51Z</time>
			</trkpt>
			<trkpt lat="47.798111" lon="-123.607361">
				<ele>1500.629761</ele>
				<time>2026-06-20T23:10:08Z</time>
			</trkpt>
			<trkpt lat="47.798161" lon="-123.607277">
				<ele>1498.090698</ele>
				<time>2026-06-20T23:10:26Z</time>
			</trkpt>
			<trkpt lat="47.79818" lon="-123.607178">
				<ele>1499.134766</ele>
				<time>2026-06-20T23:10:42Z</time>
			</trkpt>
			<trkpt lat="47.798412" lon="-123.606171">
				<ele>1462.577637</ele>
				<time>2026-06-20T23:13:51Z</time>
			</trkpt>
			<trkpt lat="47.798435" lon="-123.606056">
				<ele>1465.192505</ele>
				<time>2026-06-20T23:14:10Z</time>
			</trkpt>
			<trkpt lat="47.798454" lon="-123.605698">
				<ele>1462.578491</ele>
				<time>2026-06-20T23:15:46Z</time>
			</trkpt>
			<trkpt lat="47.798424" lon="-123.605301">
				<ele>1489.671265</ele>
				<time>2026-06-20T23:19:04Z</time>
			</trkpt>
			<trkpt lat="47.79858" lon="-123.604965">
				<ele>1486.340942</ele>
				<time>2026-06-20T23:20:42Z</time>
			</trkpt>
			<trkpt lat="47.798733" lon="-123.60463">
				<ele>1502.483643</ele>
				<time>2026-06-20T23:24:16Z</time>
			</trkpt>
			<trkpt lat="47.798382" lon="-123.604317">
				<ele>1528.021606</ele>
				<time>2026-06-20T23:29:40Z</time>
			</trkpt>
			<trkpt lat="47.797485" lon="-123.60347">
				<ele>1565.483154</ele>
				<time>2026-06-20T23:44:05Z</time>
			</trkpt>
			<trkpt lat="47.797428" lon="-123.602928">
				<ele>1585.971313</ele>
				<time>2026-06-20T23:47:41Z</time>
			</trkpt>
			<trkpt lat="47.797447" lon="-123.602425">
				<ele>1594.572144</ele>
				<time>2026-06-20T23:49:59Z</time>
			</trkpt>
			<trkpt lat="47.797264" lon="-123.602142">
				<ele>1618.953369</ele>
				<time>2026-06-20T23:53:37Z</time>
			</trkpt>
			<trkpt lat="47.797173" lon="-123.601959">
				<ele>1624.946289</ele>
				<time>2026-06-20T23:55:17Z</time>
			</trkpt>
			<trkpt lat="47.797173" lon="-123.60186">
				<ele>1625.081787</ele>
				<time>2026-06-20T23:55:37Z</time>
			</trkpt>
			<trkpt lat="47.797188" lon="-123.601753">
				<ele>1624.563354</ele>
				<time>2026-06-20T23:56:00Z</time>
			</trkpt>
			<trkpt lat="47.797188" lon="-123.601654">
				<ele>1626.89624</ele>
				<time>2026-06-20T23:56:20Z</time>
			</trkpt>
			<trkpt lat="47.796982" lon="-123.601265">
				<ele>1642.62915</ele>
				<time>2026-06-21T00:00:22Z</time>
			</trkpt>
			<trkpt lat="47.7967" lon="-123.601189">
				<ele>1662.907104</ele>
				<time>2026-06-21T00:05:51Z</time>
			</trkpt>
			<trkpt lat="47.796623" lon="-123.600929">
				<ele>1671.422974</ele>
				<time>2026-06-21T00:08:12Z</time>
			</trkpt>
			<trkpt lat="47.796658" lon="-123.600525">
				<ele>1657.102783</ele>
				<time>2026-06-21T00:11:14Z</time>
			</trkpt>
			<trkpt lat="47.796642" lon="-123.600281">
				<ele>1661.421997</ele>
				<time>2026-06-21T00:12:35Z</time>
			</trkpt>
			<trkpt lat="47.7966" lon="-123.600212">
				<ele>1661.322021</ele>
				<time>2026-06-21T00:12:47Z</time>
			</trkpt>
			<trkpt lat="47.796608" lon="-123.600136">
				<ele>1661.867676</ele>
				<time>2026-06-21T00:13:03Z</time>
			</trkpt>
			<trkpt lat="47.796623" lon="-123.600052">
				<ele>1660.700317</ele>
				<time>2026-06-21T00:13:12Z</time>
			</trkpt>
			<trkpt lat="47.796543" lon="-123.599854">
				<ele>1662.111328</ele>
				<time>2026-06-21T00:13:47Z</time>
			</trkpt>
			<trkpt lat="47.796581" lon="-123.599838">
				<ele>1666.188354</ele>
				<time>2026-06-21T00:31:58Z</time>
			</trkpt>
			<trkpt lat="47.796635" lon="-123.599869">
				<ele>1666.58252</ele>
				<time>2026-06-21T00:32:08Z</time>
			</trkpt>
			<trkpt lat="47.796928" lon="-123.599747">
				<ele>1653.817017</ele>
				<time>2026-06-21T00:33:32Z</time>
			</trkpt>
			<trkpt lat="47.797115" lon="-123.599289">
				<ele>1646.423828</ele>
				<time>2026-06-21T00:34:28Z</time>
			</trkpt>
			<trkpt lat="47.797112" lon="-123.598824">
				<ele>1651.005249</ele>
				<time>2026-06-21T00:35:33Z</time>
			</trkpt>
			<trkpt lat="47.797089" lon="-123.598602">
				<ele>1650.230713</ele>
				<time>2026-06-21T00:35:58Z</time>
			</trkpt>
			<trkpt lat="47.797081" lon="-123.598564">
				<ele>1650.980225</ele>
				<time>2026-06-21T00:36:03Z</time>
			</trkpt>
			<trkpt lat="47.79707" lon="-123.598518">
				<ele>1650.324219</ele>
				<time>2026-06-21T00:36:07Z</time>
			</trkpt>
			<trkpt lat="47.797066" lon="-123.59848">
				<ele>1652.32605</ele>
				<time>2026-06-21T00:36:12Z</time>
			</trkpt>
			<trkpt lat="47.797077" lon="-123.59832">
				<ele>1652.016846</ele>
				<time>2026-06-21T00:37:20Z</time>
			</trkpt>
			<trkpt lat="47.797077" lon="-123.598015">
				<ele>1646.524048</ele>
				<time>2026-06-21T00:37:50Z</time>
			</trkpt>
			<trkpt lat="47.797024" lon="-123.597603">
				<ele>1650.348389</ele>
				<time>2026-06-21T00:38:36Z</time>
			</trkpt>
			<trkpt lat="47.797031" lon="-123.597565">
				<ele>1649.778931</ele>
				<time>2026-06-21T00:38:40Z</time>
			</trkpt>
			<trkpt lat="47.797024" lon="-123.597519">
				<ele>1650.006348</ele>
				<time>2026-06-21T00:38:44Z</time>
			</trkpt>
			<trkpt lat="47.797028" lon="-123.597443">
				<ele>1653.557251</ele>
				<time>2026-06-21T00:38:54Z</time>
			</trkpt>
			<trkpt lat="47.797012" lon="-123.597321">
				<ele>1653.092285</ele>
				<time>2026-06-21T00:39:08Z</time>
			</trkpt>
			<trkpt lat="47.796993" lon="-123.597252">
				<ele>1654.228882</ele>
				<time>2026-06-21T00:39:18Z</time>
			</trkpt>
			<trkpt lat="47.796989" lon="-123.597214">
				<ele>1652.563721</ele>
				<time>2026-06-21T00:39:22Z</time>
			</trkpt>
			<trkpt lat="47.796753" lon="-123.597107">
				<ele>1655.838013</ele>
				<time>2026-06-21T00:40:07Z</time>
			</trkpt>
			<trkpt lat="47.796654" lon="-123.596954">
				<ele>1654.984863</ele>
				<time>2026-06-21T00:40:37Z</time>
			</trkpt>
			<trkpt lat="47.796509" lon="-123.596664">
				<ele>1659.644653</ele>
				<time>2026-06-21T00:41:44Z</time>
			</trkpt>
			<trkpt lat="47.796497" lon="-123.596626">
				<ele>1659.062256</ele>
				<time>2026-06-21T00:41:53Z</time>
			</trkpt>
			<trkpt lat="47.796478" lon="-123.596581">
				<ele>1659.135376</ele>
				<time>2026-06-21T00:42:08Z</time>
			</trkpt>
			<trkpt lat="47.796459" lon="-123.596504">
				<ele>1661.845703</ele>
				<time>2026-06-21T00:42:36Z</time>
			</trkpt>
			<trkpt lat="47.796444" lon="-123.596443">
				<ele>1661.960327</ele>
				<time>2026-06-21T00:42:49Z</time>
			</trkpt>
			<trkpt lat="47.796448" lon="-123.596367">
				<ele>1661.795654</ele>
				<time>2026-06-21T00:43:08Z</time>
			</trkpt>
			<trkpt lat="47.796402" lon="-123.596046">
				<ele>1667.064697</ele>
				<time>2026-06-21T00:44:54Z</time>
			</trkpt>
			<trkpt lat="47.79641" lon="-123.595543">
				<ele>1671.181885</ele>
				<time>2026-06-21T00:47:06Z</time>
			</trkpt>
			<trkpt lat="47.796368" lon="-123.595306">
				<ele>1670.31604</ele>
				<time>2026-06-21T00:48:19Z</time>
			</trkpt>
			<trkpt lat="47.796246" lon="-123.594978">
				<ele>1673.716797</ele>
				<time>2026-06-21T00:49:12Z</time>
			</trkpt>
			<trkpt lat="47.796185" lon="-123.594894">
				<ele>1671.517578</ele>
				<time>2026-06-21T00:49:41Z</time>
			</trkpt>
			<trkpt lat="47.79615" lon="-123.594841">
				<ele>1671.788574</ele>
				<time>2026-06-21T00:49:52Z</time>
			</trkpt>
			<trkpt lat="47.796089" lon="-123.594734">
				<ele>1674.923584</ele>
				<time>2026-06-21T00:50:16Z</time>
			</trkpt>
			<trkpt lat="47.796066" lon="-123.594627">
				<ele>1671.705078</ele>
				<time>2026-06-21T00:50:31Z</time>
			</trkpt>
			<trkpt lat="47.796009" lon="-123.594093">
				<ele>1677.398315</ele>
				<time>2026-06-21T00:52:14Z</time>
			</trkpt>
			<trkpt lat="47.795979" lon="-123.593346">
				<ele>1663.097168</ele>
				<time>2026-06-21T00:54:39Z</time>
			</trkpt>
			<trkpt lat="47.795982" lon="-123.593285">
				<ele>1665.246216</ele>
				<time>2026-06-21T00:54:49Z</time>
			</trkpt>
			<trkpt lat="47.79599" lon="-123.593231">
				<ele>1664.755615</ele>
				<time>2026-06-21T00:54:58Z</time>
			</trkpt>
			<trkpt lat="47.79599" lon="-123.593178">
				<ele>1665.410889</ele>
				<time>2026-06-21T00:55:06Z</time>
			</trkpt>
			<trkpt lat="47.795998" lon="-123.593109">
				<ele>1664.222778</ele>
				<time>2026-06-21T00:55:21Z</time>
			</trkpt>
			<trkpt lat="47.796062" lon="-123.593002">
				<ele>1665.695923</ele>
				<time>2026-06-21T00:55:38Z</time>
			</trkpt>
			<trkpt lat="47.796108" lon="-123.592957">
				<ele>1664.519409</ele>
				<time>2026-06-21T00:55:53Z</time>
			</trkpt>
			<trkpt lat="47.79615" lon="-123.592583">
				<ele>1671.764038</ele>
				<time>2026-06-21T00:58:12Z</time>
			</trkpt>
			<trkpt lat="47.796181" lon="-123.592407">
				<ele>1673.434814</ele>
				<time>2026-06-21T00:58:38Z</time>
			</trkpt>
			<trkpt lat="47.796196" lon="-123.592293">
				<ele>1673.309082</ele>
				<time>2026-06-21T00:58:53Z</time>
			</trkpt>
			<trkpt lat="47.796177" lon="-123.591995">
				<ele>1678.424805</ele>
				<time>2026-06-21T00:59:44Z</time>
			</trkpt>
			<trkpt lat="47.796204" lon="-123.591919">
				<ele>1677.723267</ele>
				<time>2026-06-21T00:59:55Z</time>
			</trkpt>
			<trkpt lat="47.796204" lon="-123.591774">
				<ele>1680.210815</ele>
				<time>2026-06-21T01:00:22Z</time>
			</trkpt>
			<trkpt lat="47.796219" lon="-123.591698">
				<ele>1679.889038</ele>
				<time>2026-06-21T01:00:33Z</time>
			</trkpt>
			<trkpt lat="47.79623" lon="-123.591614">
				<ele>1680.35498</ele>
				<time>2026-06-21T01:01:15Z</time>
			</trkpt>
			<trkpt lat="47.796207" lon="-123.591194">
				<ele>1674.581299</ele>
				<time>2026-06-21T01:02:03Z</time>
			</trkpt>
			<trkpt lat="47.796242" lon="-123.591003">
				<ele>1675.63855</ele>
				<time>2026-06-21T01:02:24Z</time>
			</trkpt>
			<trkpt lat="47.796261" lon="-123.590935">
				<ele>1674.458862</ele>
				<time>2026-06-21T01:02:34Z</time>
			</trkpt>
			<trkpt lat="47.796303" lon="-123.59082">
				<ele>1675.973877</ele>
				<time>2026-06-21T01:02:49Z</time>
			</trkpt>
			<trkpt lat="47.796387" lon="-123.590721">
				<ele>1673.87915</ele>
				<time>2026-06-21T01:03:11Z</time>
			</trkpt>
			<trkpt lat="47.796459" lon="-123.590599">
				<ele>1675.57605</ele>
				<time>2026-06-21T01:09:26Z</time>
			</trkpt>
			<trkpt lat="47.796486" lon="-123.590546">
				<ele>1675.107056</ele>
				<time>2026-06-21T01:09:38Z</time>
			</trkpt>
			<trkpt lat="47.79652" lon="-123.590492">
				<ele>1675.143433</ele>
				<time>2026-06-21T01:09:50Z</time>
			</trkpt>
			<trkpt lat="47.796604" lon="-123.590393">
				<ele>1671.919312</ele>
				<time>2026-06-21T01:10:14Z</time>
			</trkpt>
			<trkpt lat="47.796665" lon="-123.590332">
				<ele>1674.870361</ele>
				<time>2026-06-21T01:10:32Z</time>
			</trkpt>
			<trkpt lat="47.796848" lon="-123.59005">
				<ele>1677.060181</ele>
				<time>2026-06-21T01:11:33Z</time>
			</trkpt>
			<trkpt lat="47.796875" lon="-123.590019">
				<ele>1675.853882</ele>
				<time>2026-06-21T01:11:39Z</time>
			</trkpt>
			<trkpt lat="47.796936" lon="-123.589928">
				<ele>1677.735718</ele>
				<time>2026-06-21T01:11:57Z</time>
			</trkpt>
			<trkpt lat="47.796951" lon="-123.58989">
				<ele>1676.960938</ele>
				<time>2026-06-21T01:12:04Z</time>
			</trkpt>
			<trkpt lat="47.797012" lon="-123.589836">
				<ele>1677.37854</ele>
				<time>2026-06-21T01:12:21Z</time>
			</trkpt>
			<trkpt lat="47.797115" lon="-123.589363">
				<ele>1690.547363</ele>
				<time>2026-06-21T01:14:18Z</time>
			</trkpt>
			<trkpt lat="47.797131" lon="-123.589264">
				<ele>1691.137817</ele>
				<time>2026-06-21T01:15:36Z</time>
			</trkpt>
			<trkpt lat="47.797207" lon="-123.589073">
				<ele>1689.906616</ele>
				<time>2026-06-21T01:15:55Z</time>
			</trkpt>
			<trkpt lat="47.797276" lon="-123.588951">
				<ele>1692.604492</ele>
				<time>2026-06-21T01:16:10Z</time>
			</trkpt>
			<trkpt lat="47.797295" lon="-123.588913">
				<ele>1691.777466</ele>
				<time>2026-06-21T01:16:15Z</time>
			</trkpt>
			<trkpt lat="47.797417" lon="-123.588646">
				<ele>1693.981079</ele>
				<time>2026-06-21T01:16:55Z</time>
			</trkpt>
			<trkpt lat="47.797436" lon="-123.588608">
				<ele>1692.966919</ele>
				<time>2026-06-21T01:17:03Z</time>
			</trkpt>
			<trkpt lat="47.797493" lon="-123.588493">
				<ele>1693.55603</ele>
				<time>2026-06-21T01:17:19Z</time>
			</trkpt>
			<trkpt lat="47.797516" lon="-123.588448">
				<ele>1693.142456</ele>
				<time>2026-06-21T01:17:26Z</time>
			</trkpt>
			<trkpt lat="47.797569" lon="-123.588341">
				<ele>1694.679199</ele>
				<time>2026-06-21T01:17:40Z</time>
			</trkpt>
			<trkpt lat="47.797592" lon="-123.58828">
				<ele>1693.220337</ele>
				<time>2026-06-21T01:17:49Z</time>
			</trkpt>
			<trkpt lat="47.797665" lon="-123.588036">
				<ele>1696.033081</ele>
				<time>2026-06-21T01:18:18Z</time>
			</trkpt>
			<trkpt lat="47.797684" lon="-123.587982">
				<ele>1694.320923</ele>
				<time>2026-06-21T01:18:26Z</time>
			</trkpt>
			<trkpt lat="47.797699" lon="-123.587929">
				<ele>1694.706055</ele>
				<time>2026-06-21T01:18:32Z</time>
			</trkpt>
			<trkpt lat="47.797722" lon="-123.587875">
				<ele>1693.887085</ele>
				<time>2026-06-21T01:18:39Z</time>
			</trkpt>
			<trkpt lat="47.797783" lon="-123.587746">
				<ele>1694.838379</ele>
				<time>2026-06-21T01:18:55Z</time>
			</trkpt>
			<trkpt lat="47.797997" lon="-123.587387">
				<ele>1691.680054</ele>
				<time>2026-06-21T01:19:37Z</time>
			</trkpt>
			<trkpt lat="47.798061" lon="-123.587257">
				<ele>1693.127563</ele>
				<time>2026-06-21T01:19:51Z</time>
			</trkpt>
			<trkpt lat="47.798084" lon="-123.587234">
				<ele>1691.819092</ele>
				<time>2026-06-21T01:19:55Z</time>
			</trkpt>
			<trkpt lat="47.798115" lon="-123.587173">
				<ele>1692.958008</ele>
				<time>2026-06-21T01:20:01Z</time>
			</trkpt>
			<trkpt lat="47.798229" lon="-123.587021">
				<ele>1691.663696</ele>
				<time>2026-06-21T01:20:23Z</time>
			</trkpt>
			<trkpt lat="47.798248" lon="-123.586983">
				<ele>1692.172485</ele>
				<time>2026-06-21T01:20:27Z</time>
			</trkpt>
			<trkpt lat="47.798328" lon="-123.586876">
				<ele>1691.620361</ele>
				<time>2026-06-21T01:20:44Z</time>
			</trkpt>
			<trkpt lat="47.798428" lon="-123.586716">
				<ele>1693.614258</ele>
				<time>2026-06-21T01:21:08Z</time>
			</trkpt>
			<trkpt lat="47.7985" lon="-123.586678">
				<ele>1693.055298</ele>
				<time>2026-06-21T01:21:20Z</time>
			</trkpt>
			<trkpt lat="47.798618" lon="-123.586525">
				<ele>1699.604248</ele>
				<time>2026-06-21T01:22:58Z</time>
			</trkpt>
			<trkpt lat="47.798752" lon="-123.58654">
				<ele>1698.47229</ele>
				<time>2026-06-21T01:23:41Z</time>
			</trkpt>
			<trkpt lat="47.798805" lon="-123.586479">
				<ele>1700.412598</ele>
				<time>2026-06-21T01:24:02Z</time>
			</trkpt>
			<trkpt lat="47.799034" lon="-123.586632">
				<ele>1697.875244</ele>
				<time>2026-06-21T01:25:37Z</time>
			</trkpt>
			<trkpt lat="47.79916" lon="-123.5867">
				<ele>1698.746948</ele>
				<time>2026-06-21T01:27:00Z</time>
			</trkpt>
			<trkpt lat="47.799213" lon="-123.586884">
				<ele>1695.206543</ele>
				<time>2026-06-21T01:27:21Z</time>
			</trkpt>
			<trkpt lat="47.799328" lon="-123.587082">
				<ele>1696.769531</ele>
				<time>2026-06-21T01:27:51Z</time>
			</trkpt>
			<trkpt lat="47.799374" lon="-123.587128">
				<ele>1695.688721</ele>
				<time>2026-06-21T01:28:01Z</time>
			</trkpt>
			<trkpt lat="47.799881" lon="-123.58754">
				<ele>1714.02356</ele>
				<time>2026-06-21T01:30:14Z</time>
			</trkpt>
			<trkpt lat="47.799911" lon="-123.587578">
				<ele>1713.960205</ele>
				<time>2026-06-21T01:30:21Z</time>
			</trkpt>
			<trkpt lat="47.800011" lon="-123.587639">
				<ele>1715.245361</ele>
				<time>2026-06-21T01:31:17Z</time>
			</trkpt>
			<trkpt lat="47.800167" lon="-123.587723">
				<ele>1709.254883</ele>
				<time>2026-06-21T01:31:39Z</time>
			</trkpt>
			<trkpt lat="47.800541" lon="-123.588028">
				<ele>1726.204956</ele>
				<time>2026-06-21T01:33:35Z</time>
			</trkpt>
			<trkpt lat="47.800701" lon="-123.588303">
				<ele>1723.273926</ele>
				<time>2026-06-21T01:34:23Z</time>
			</trkpt>
			<trkpt lat="47.800903" lon="-123.588516">
				<ele>1728.239868</ele>
				<time>2026-06-21T01:37:39Z</time>
			</trkpt>
			<trkpt lat="47.800945" lon="-123.588554">
				<ele>1726.690796</ele>
				<time>2026-06-21T01:37:47Z</time>
			</trkpt>
			<trkpt lat="47.801086" lon="-123.588608">
				<ele>1727.35498</ele>
				<time>2026-06-21T01:38:09Z</time>
			</trkpt>
			<trkpt lat="47.801117" lon="-123.588608">
				<ele>1727.242554</ele>
				<time>2026-06-21T01:38:13Z</time>
			</trkpt>
			<trkpt lat="47.801548" lon="-123.5886">
				<ele>1742.296265</ele>
				<time>2026-06-21T01:39:56Z</time>
			</trkpt>
			<trkpt lat="47.801579" lon="-123.588623">
				<ele>1741.255737</ele>
				<time>2026-06-21T01:40:01Z</time>
			</trkpt>
			<trkpt lat="47.801712" lon="-123.588554">
				<ele>1742.968872</ele>
				<time>2026-06-21T01:42:07Z</time>
			</trkpt>
			<trkpt lat="47.801888" lon="-123.588585">
				<ele>1741.328125</ele>
				<time>2026-06-21T01:42:47Z</time>
			</trkpt>
			<trkpt lat="47.801971" lon="-123.588692">
				<ele>1743.005249</ele>
				<time>2026-06-21T01:43:03Z</time>
			</trkpt>
			<trkpt lat="47.801998" lon="-123.588783">
				<ele>1741.139038</ele>
				<time>2026-06-21T01:43:10Z</time>
			</trkpt>
			<trkpt lat="47.802048" lon="-123.588852">
				<ele>1741.905762</ele>
				<time>2026-06-21T01:43:19Z</time>
			</trkpt>
			<trkpt lat="47.802078" lon="-123.588829">
				<ele>1741.743774</ele>
				<time>2026-06-21T01:43:23Z</time>
			</trkpt>
			<trkpt lat="47.802109" lon="-123.588791">
				<ele>1742.161743</ele>
				<time>2026-06-21T01:43:28Z</time>
			</trkpt>
			<trkpt lat="47.802776" lon="-123.588333">
				<ele>1729.948608</ele>
				<time>2026-06-21T01:45:50Z</time>
			</trkpt>
			<trkpt lat="47.802834" lon="-123.588104">
				<ele>1734.270508</ele>
				<time>2026-06-21T01:46:20Z</time>
			</trkpt>
			<trkpt lat="47.802876" lon="-123.588058">
				<ele>1732.9823</ele>
				<time>2026-06-21T01:46:28Z</time>
			</trkpt>
			<trkpt lat="47.803017" lon="-123.588074">
				<ele>1735.951172</ele>
				<time>2026-06-21T01:47:44Z</time>
			</trkpt>
			<trkpt lat="47.803089" lon="-123.588036">
				<ele>1734.368896</ele>
				<time>2026-06-21T01:47:56Z</time>
			</trkpt>
			<trkpt lat="47.803459" lon="-123.588127">
				<ele>1749.469727</ele>
				<time>2026-06-21T01:49:31Z</time>
			</trkpt>
			<trkpt lat="47.803837" lon="-123.587914">
				<ele>1745.707153</ele>
				<time>2026-06-21T01:51:24Z</time>
			</trkpt>
			<trkpt lat="47.804214" lon="-123.588219">
				<ele>1762.280396</ele>
				<time>2026-06-21T01:54:31Z</time>
			</trkpt>
			<trkpt lat="47.804291" lon="-123.588295">
				<ele>1763.33667</ele>
				<time>2026-06-21T01:54:45Z</time>
			</trkpt>
			<trkpt lat="47.804398" lon="-123.588348">
				<ele>1761.553955</ele>
				<time>2026-06-21T01:55:07Z</time>
			</trkpt>
			<trkpt lat="47.8046" lon="-123.588425">
				<ele>1766.75647</ele>
				<time>2026-06-21T01:55:46Z</time>
			</trkpt>
			<trkpt lat="47.804657" lon="-123.588463">
				<ele>1764.036987</ele>
				<time>2026-06-21T01:56:22Z</time>
			</trkpt>
			<trkpt lat="47.804771" lon="-123.588432">
				<ele>1767.713501</ele>
				<time>2026-06-21T01:56:45Z</time>
			</trkpt>
			<trkpt lat="47.804852" lon="-123.588432">
				<ele>1767.080322</ele>
				<time>2026-06-21T01:56:58Z</time>
			</trkpt>
			<trkpt lat="47.804935" lon="-123.588394">
				<ele>1768.049561</ele>
				<time>2026-06-21T01:57:14Z</time>
			</trkpt>
			<trkpt lat="47.80529" lon="-123.588402">
				<ele>1782.818115</ele>
				<time>2026-06-21T01:59:17Z</time>
			</trkpt>
			<trkpt lat="47.80534" lon="-123.588356">
				<ele>1778.247803</ele>
				<time>2026-06-21T01:59:42Z</time>
			</trkpt>
			<trkpt lat="47.805679" lon="-123.588005">
				<ele>1772.817383</ele>
				<time>2026-06-21T02:01:23Z</time>
			</trkpt>
			<trkpt lat="47.805962" lon="-123.587868">
				<ele>1761.006836</ele>
				<time>2026-06-21T02:02:44Z</time>
			</trkpt>
			<trkpt lat="47.806347" lon="-123.587326">
				<ele>1753.060059</ele>
				<time>2026-06-21T02:07:41Z</time>
			</trkpt>
			<trkpt lat="47.806377" lon="-123.587311">
				<ele>1754.347168</ele>
				<time>2026-06-21T02:07:45Z</time>
			</trkpt>
			<trkpt lat="47.806667" lon="-123.587036">
				<ele>1744.571777</ele>
				<time>2026-06-21T02:08:29Z</time>
			</trkpt>
			<trkpt lat="47.806858" lon="-123.586975">
				<ele>1748.934814</ele>
				<time>2026-06-21T02:09:02Z</time>
			</trkpt>
			<trkpt lat="47.806946" lon="-123.586929">
				<ele>1747.188965</ele>
				<time>2026-06-21T02:09:23Z</time>
			</trkpt>
			<trkpt lat="47.806969" lon="-123.586914">
				<ele>1747.632813</ele>
				<time>2026-06-21T02:09:26Z</time>
			</trkpt>
			<trkpt lat="47.807304" lon="-123.586716">
				<ele>1734.124146</ele>
				<time>2026-06-21T02:10:16Z</time>
			</trkpt>
			<trkpt lat="47.80735" lon="-123.58667">
				<ele>1733.979858</ele>
				<time>2026-06-21T02:10:23Z</time>
			</trkpt>
			<trkpt lat="47.807404" lon="-123.586639">
				<ele>1735.816895</ele>
				<time>2026-06-21T02:10:44Z</time>
			</trkpt>
			<trkpt lat="47.807465" lon="-123.586563">
				<ele>1733.39502</ele>
				<time>2026-06-21T02:11:05Z</time>
			</trkpt>
			<trkpt lat="47.807411" lon="-123.586479">
				<ele>1735.241333</ele>
				<time>2026-06-21T02:11:18Z</time>
			</trkpt>
			<trkpt lat="47.807411" lon="-123.586113">
				<ele>1730.685913</ele>
				<time>2026-06-21T02:11:56Z</time>
			</trkpt>
			<trkpt lat="47.80751" lon="-123.585686">
				<ele>1735.528809</ele>
				<time>2026-06-21T02:13:12Z</time>
			</trkpt>
			<trkpt lat="47.807476" lon="-123.585564">
				<ele>1734.983398</ele>
				<time>2026-06-21T02:13:35Z</time>
			</trkpt>
			<trkpt lat="47.807514" lon="-123.58551">
				<ele>1735.494507</ele>
				<time>2026-06-21T02:13:45Z</time>
			</trkpt>
			<trkpt lat="47.807545" lon="-123.585464">
				<ele>1735.372192</ele>
				<time>2026-06-21T02:14:14Z</time>
			</trkpt>
			<trkpt lat="47.807575" lon="-123.585396">
				<ele>1737.608398</ele>
				<time>2026-06-21T02:14:27Z</time>
			</trkpt>
			<trkpt lat="47.807617" lon="-123.585037">
				<ele>1733.000488</ele>
				<time>2026-06-21T02:15:24Z</time>
			</trkpt>
			<trkpt lat="47.807632" lon="-123.584991">
				<ele>1733.050171</ele>
				<time>2026-06-21T02:15:29Z</time>
			</trkpt>
			<trkpt lat="47.807587" lon="-123.585068">
				<ele>1733.800293</ele>
				<time>2026-06-21T02:17:20Z</time>
			</trkpt>
			<trkpt lat="47.807594" lon="-123.585228">
				<ele>1733.437134</ele>
				<time>2026-06-21T02:17:39Z</time>
			</trkpt>
			<trkpt lat="47.807594" lon="-123.585373">
				<ele>1736.537842</ele>
				<time>2026-06-21T02:18:10Z</time>
			</trkpt>
			<trkpt lat="47.807487" lon="-123.585449">
				<ele>1734.304443</ele>
				<time>2026-06-21T02:50:36Z</time>
			</trkpt>
			<trkpt lat="47.810627" lon="-123.584137">
				<ele>1766.687012</ele>
				<time>2026-06-21T14:17:30Z</time>
			</trkpt>
			<trkpt lat="47.810974" lon="-123.583931">
				<ele>1755.715454</ele>
				<time>2026-06-21T14:18:16Z</time>
			</trkpt>
			<trkpt lat="47.811165" lon="-123.583626">
				<ele>1753.479736</ele>
				<time>2026-06-21T14:18:50Z</time>
			</trkpt>
			<trkpt lat="47.811413" lon="-123.583458">
				<ele>1747.384033</ele>
				<time>2026-06-21T14:19:23Z</time>
			</trkpt>
			<trkpt lat="47.81147" lon="-123.583412">
				<ele>1747.801025</ele>
				<time>2026-06-21T14:19:33Z</time>
			</trkpt>
			<trkpt lat="47.811539" lon="-123.582993">
				<ele>1733.449219</ele>
				<time>2026-06-21T14:20:34Z</time>
			</trkpt>
			<trkpt lat="47.81155" lon="-123.582886">
				<ele>1733.475342</ele>
				<time>2026-06-21T14:20:46Z</time>
			</trkpt>
			<trkpt lat="47.811874" lon="-123.582344">
				<ele>1722.356201</ele>
				<time>2026-06-21T14:21:58Z</time>
			</trkpt>
			<trkpt lat="47.81192" lon="-123.582291">
				<ele>1724.019287</ele>
				<time>2026-06-21T14:22:07Z</time>
			</trkpt>
			<trkpt lat="47.812157" lon="-123.58197">
				<ele>1710.154785</ele>
				<time>2026-06-21T14:22:59Z</time>
			</trkpt>
			<trkpt lat="47.812405" lon="-123.581688">
				<ele>1715.271851</ele>
				<time>2026-06-21T14:23:56Z</time>
			</trkpt>
			<trkpt lat="47.812454" lon="-123.581642">
				<ele>1713.577148</ele>
				<time>2026-06-21T14:24:06Z</time>
			</trkpt>
			<trkpt lat="47.812595" lon="-123.581474">
				<ele>1721.012207</ele>
				<time>2026-06-21T14:24:35Z</time>
			</trkpt>
			<trkpt lat="47.812634" lon="-123.581398">
				<ele>1721.756592</ele>
				<time>2026-06-21T14:24:45Z</time>
			</trkpt>
			<trkpt lat="47.812706" lon="-123.581253">
				<ele>1720.745117</ele>
				<time>2026-06-21T14:26:17Z</time>
			</trkpt>
			<trkpt lat="47.812828" lon="-123.581062">
				<ele>1722.024414</ele>
				<time>2026-06-21T14:26:53Z</time>
			</trkpt>
			<trkpt lat="47.812969" lon="-123.580894">
				<ele>1727.845093</ele>
				<time>2026-06-21T14:28:21Z</time>
			</trkpt>
			<trkpt lat="47.813007" lon="-123.581017">
				<ele>1732.045776</ele>
				<time>2026-06-21T14:29:12Z</time>
			</trkpt>
			<trkpt lat="47.813267" lon="-123.580986">
				<ele>1734.920532</ele>
				<time>2026-06-21T14:30:07Z</time>
			</trkpt>
			<trkpt lat="47.813484" lon="-123.580559">
				<ele>1747.773682</ele>
				<time>2026-06-21T14:32:32Z</time>
			</trkpt>
			<trkpt lat="47.81324" lon="-123.580124">
				<ele>1768.536255</ele>
				<time>2026-06-21T14:36:09Z</time>
			</trkpt>
			<trkpt lat="47.813591" lon="-123.580513">
				<ele>1743.836182</ele>
				<time>2026-06-21T14:38:30Z</time>
			</trkpt>
			<trkpt lat="47.813778" lon="-123.580322">
				<ele>1721.380371</ele>
				<time>2026-06-21T14:40:05Z</time>
			</trkpt>
			<trkpt lat="47.814255" lon="-123.579628">
				<ele>1695.160278</ele>
				<time>2026-06-21T14:42:36Z</time>
			</trkpt>
			<trkpt lat="47.814995" lon="-123.578804">
				<ele>1674.04187</ele>
				<time>2026-06-21T14:44:58Z</time>
			</trkpt>
			<trkpt lat="47.815216" lon="-123.578636">
				<ele>1682.39917</ele>
				<time>2026-06-21T14:46:11Z</time>
			</trkpt>
			<trkpt lat="47.815277" lon="-123.57859">
				<ele>1678.652832</ele>
				<time>2026-06-21T14:46:28Z</time>
			</trkpt>
			<trkpt lat="47.815613" lon="-123.578362">
				<ele>1697.256714</ele>
				<time>2026-06-21T14:48:29Z</time>
			</trkpt>
			<trkpt lat="47.815689" lon="-123.578278">
				<ele>1697.479614</ele>
				<time>2026-06-21T14:48:54Z</time>
			</trkpt>
			<trkpt lat="47.815811" lon="-123.578171">
				<ele>1694.28064</ele>
				<time>2026-06-21T14:49:27Z</time>
			</trkpt>
			<trkpt lat="47.816086" lon="-123.578201">
				<ele>1699.710693</ele>
				<time>2026-06-21T14:50:57Z</time>
			</trkpt>
			<trkpt lat="47.816181" lon="-123.578194">
				<ele>1699.208984</ele>
				<time>2026-06-21T14:51:24Z</time>
			</trkpt>
			<trkpt lat="47.816578" lon="-123.577789">
				<ele>1706.329468</ele>
				<time>2026-06-21T14:55:15Z</time>
			</trkpt>
			<trkpt lat="47.816868" lon="-123.577362">
				<ele>1692.542358</ele>
				<time>2026-06-21T14:56:56Z</time>
			</trkpt>
			<trkpt lat="47.817024" lon="-123.577385">
				<ele>1699.339233</ele>
				<time>2026-06-21T14:57:17Z</time>
			</trkpt>
			<trkpt lat="47.817245" lon="-123.577454">
				<ele>1697.043945</ele>
				<time>2026-06-21T14:57:58Z</time>
			</trkpt>
			<trkpt lat="47.8176" lon="-123.577553">
				<ele>1704.037964</ele>
				<time>2026-06-21T14:59:10Z</time>
			</trkpt>
			<trkpt lat="47.817863" lon="-123.577576">
				<ele>1701.176147</ele>
				<time>2026-06-21T14:59:49Z</time>
			</trkpt>
			<trkpt lat="47.81802" lon="-123.577667">
				<ele>1693.818848</ele>
				<time>2026-06-21T15:00:14Z</time>
			</trkpt>
			<trkpt lat="47.818142" lon="-123.577614">
				<ele>1715.422852</ele>
				<time>2026-06-21T15:19:12Z</time>
			</trkpt>
			<trkpt lat="47.818192" lon="-123.577408">
				<ele>1712.800293</ele>
				<time>2026-06-21T15:19:50Z</time>
			</trkpt>
			<trkpt lat="47.818222" lon="-123.577332">
				<ele>1714.015747</ele>
				<time>2026-06-21T15:19:57Z</time>
			</trkpt>
			<trkpt lat="47.818272" lon="-123.577171">
				<ele>1707.876831</ele>
				<time>2026-06-21T15:20:11Z</time>
			</trkpt>
			<trkpt lat="47.818432" lon="-123.576424">
				<ele>1724.592407</ele>
				<time>2026-06-21T15:22:50Z</time>
			</trkpt>
			<trkpt lat="47.818615" lon="-123.576355">
				<ele>1715.905396</ele>
				<time>2026-06-21T15:24:11Z</time>
			</trkpt>
			<trkpt lat="47.818806" lon="-123.576187">
				<ele>1720.207397</ele>
				<time>2026-06-21T15:24:55Z</time>
			</trkpt>
			<trkpt lat="47.819416" lon="-123.575417">
				<ele>1748.937866</ele>
				<time>2026-06-21T15:28:55Z</time>
			</trkpt>
			<trkpt lat="47.819473" lon="-123.57534">
				<ele>1748.743286</ele>
				<time>2026-06-21T15:29:27Z</time>
			</trkpt>
			<trkpt lat="47.819752" lon="-123.575256">
				<ele>1766.410522</ele>
				<time>2026-06-21T15:32:05Z</time>
			</trkpt>
			<trkpt lat="47.820099" lon="-123.574142">
				<ele>1791.663696</ele>
				<time>2026-06-21T15:36:17Z</time>
			</trkpt>
			<trkpt lat="47.820084" lon="-123.57357">
				<ele>1797.895142</ele>
				<time>2026-06-21T15:40:34Z</time>
			</trkpt>
			<trkpt lat="47.820621" lon="-123.573181">
				<ele>1821.410156</ele>
				<time>2026-06-21T15:44:34Z</time>
			</trkpt>
			<trkpt lat="47.820621" lon="-123.573051">
				<ele>1822.735596</ele>
				<time>2026-06-21T15:44:56Z</time>
			</trkpt>
			<trkpt lat="47.820629" lon="-123.572914">
				<ele>1820.059204</ele>
				<time>2026-06-21T15:45:47Z</time>
			</trkpt>
			<trkpt lat="47.820641" lon="-123.57267">
				<ele>1823.45105</ele>
				<time>2026-06-21T15:46:09Z</time>
			</trkpt>
			<trkpt lat="47.820732" lon="-123.572617">
				<ele>1819.973511</ele>
				<time>2026-06-21T15:48:42Z</time>
			</trkpt>
			<trkpt lat="47.820953" lon="-123.572624">
				<ele>1823.29248</ele>
				<time>2026-06-21T15:49:13Z</time>
			</trkpt>
			<trkpt lat="47.821068" lon="-123.572701">
				<ele>1822.27356</ele>
				<time>2026-06-21T15:49:33Z</time>
			</trkpt>
			<trkpt lat="47.821243" lon="-123.573051">
				<ele>1827.820923</ele>
				<time>2026-06-21T15:51:17Z</time>
			</trkpt>
			<trkpt lat="47.821301" lon="-123.573189">
				<ele>1827.555298</ele>
				<time>2026-06-21T15:52:28Z</time>
			</trkpt>
			<trkpt lat="47.8214" lon="-123.573227">
				<ele>1822.309204</ele>
				<time>2026-06-21T15:53:19Z</time>
			</trkpt>
			<trkpt lat="47.821568" lon="-123.57341">
				<ele>1828.368408</ele>
				<time>2026-06-21T15:54:20Z</time>
			</trkpt>
			<trkpt lat="47.82177" lon="-123.573235">
				<ele>1817.961914</ele>
				<time>2026-06-21T15:55:06Z</time>
			</trkpt>
			<trkpt lat="47.821968" lon="-123.573227">
				<ele>1825.752808</ele>
				<time>2026-06-21T15:55:46Z</time>
			</trkpt>
			<trkpt lat="47.822327" lon="-123.573166">
				<ele>1803.545654</ele>
				<time>2026-06-21T15:58:36Z</time>
			</trkpt>
			<trkpt lat="47.82259" lon="-123.573189">
				<ele>1809.193604</ele>
				<time>2026-06-21T15:59:15Z</time>
			</trkpt>
			<trkpt lat="47.822739" lon="-123.57312">
				<ele>1803.49939</ele>
				<time>2026-06-21T15:59:45Z</time>
			</trkpt>
			<trkpt lat="47.822891" lon="-123.573143">
				<ele>1811.465576</ele>
				<time>2026-06-21T16:00:13Z</time>
			</trkpt>
			<trkpt lat="47.822979" lon="-123.573212">
				<ele>1810.837769</ele>
				<time>2026-06-21T16:00:35Z</time>
			</trkpt>
			<trkpt lat="47.823406" lon="-123.57338">
				<ele>1821.639893</ele>
				<time>2026-06-21T16:02:09Z</time>
			</trkpt>
			<trkpt lat="47.823532" lon="-123.573578">
				<ele>1820.133545</ele>
				<time>2026-06-21T16:02:57Z</time>
			</trkpt>
			<trkpt lat="47.823624" lon="-123.573563">
				<ele>1820.780151</ele>
				<time>2026-06-21T16:03:14Z</time>
			</trkpt>
			<trkpt lat="47.823704" lon="-123.573509">
				<ele>1820.149292</ele>
				<time>2026-06-21T16:03:28Z</time>
			</trkpt>
			<trkpt lat="47.823792" lon="-123.573509">
				<ele>1821.624878</ele>
				<time>2026-06-21T16:03:39Z</time>
			</trkpt>
			<trkpt lat="47.823971" lon="-123.573288">
				<ele>1818.36731</ele>
				<time>2026-06-21T16:04:19Z</time>
			</trkpt>
			<trkpt lat="47.824154" lon="-123.573074">
				<ele>1819.618286</ele>
				<time>2026-06-21T16:04:53Z</time>
			</trkpt>
			<trkpt lat="47.824471" lon="-123.572983">
				<ele>1828.990601</ele>
				<time>2026-06-21T16:06:21Z</time>
			</trkpt>
			<trkpt lat="47.824631" lon="-123.57299">
				<ele>1824.857422</ele>
				<time>2026-06-21T16:06:51Z</time>
			</trkpt>
			<trkpt lat="47.824703" lon="-123.573013">
				<ele>1825.44519</ele>
				<time>2026-06-21T16:07:08Z</time>
			</trkpt>
			<trkpt lat="47.824791" lon="-123.573158">
				<ele>1833.31958</ele>
				<time>2026-06-21T16:08:05Z</time>
			</trkpt>
			<trkpt lat="47.824821" lon="-123.573257">
				<ele>1833.922729</ele>
				<time>2026-06-21T16:08:15Z</time>
			</trkpt>
			<trkpt lat="47.824848" lon="-123.573357">
				<ele>1832.075684</ele>
				<time>2026-06-21T16:08:25Z</time>
			</trkpt>
			<trkpt lat="47.824894" lon="-123.573433">
				<ele>1835.400879</ele>
				<time>2026-06-21T16:08:44Z</time>
			</trkpt>
			<trkpt lat="47.825027" lon="-123.573372">
				<ele>1840.973511</ele>
				<time>2026-06-21T16:09:19Z</time>
			</trkpt>
			<trkpt lat="47.825092" lon="-123.573334">
				<ele>1840.038452</ele>
				<time>2026-06-21T16:09:31Z</time>
			</trkpt>
			<trkpt lat="47.825203" lon="-123.573326">
				<ele>1841.268066</ele>
				<time>2026-06-21T16:20:52Z</time>
			</trkpt>
			<trkpt lat="47.825302" lon="-123.573135">
				<ele>1831.398438</ele>
				<time>2026-06-21T16:24:17Z</time>
			</trkpt>
			<trkpt lat="47.825542" lon="-123.572945">
				<ele>1846.256836</ele>
				<time>2026-06-21T16:26:01Z</time>
			</trkpt>
			<trkpt lat="47.825871" lon="-123.572578">
				<ele>1836.038574</ele>
				<time>2026-06-21T16:31:47Z</time>
			</trkpt>
			<trkpt lat="47.825924" lon="-123.572487">
				<ele>1836.437744</ele>
				<time>2026-06-21T16:32:09Z</time>
			</trkpt>
			<trkpt lat="47.826046" lon="-123.572144">
				<ele>1825.152466</ele>
				<time>2026-06-21T16:34:52Z</time>
			</trkpt>
			<trkpt lat="47.826195" lon="-123.571831">
				<ele>1822.685913</ele>
				<time>2026-06-21T16:36:09Z</time>
			</trkpt>
			<trkpt lat="47.826298" lon="-123.571693">
				<ele>1823.94873</ele>
				<time>2026-06-21T16:36:35Z</time>
			</trkpt>
			<trkpt lat="47.826435" lon="-123.571571">
				<ele>1822.486816</ele>
				<time>2026-06-21T16:36:58Z</time>
			</trkpt>
			<trkpt lat="47.826847" lon="-123.571175">
				<ele>1832.259399</ele>
				<time>2026-06-21T16:38:32Z</time>
			</trkpt>
			<trkpt lat="47.826904" lon="-123.571144">
				<ele>1832.140625</ele>
				<time>2026-06-21T16:38:41Z</time>
			</trkpt>
			<trkpt lat="47.826927" lon="-123.57106">
				<ele>1827.041016</ele>
				<time>2026-06-21T16:38:55Z</time>
			</trkpt>
			<trkpt lat="47.826969" lon="-123.570511">
				<ele>1819.737549</ele>
				<time>2026-06-21T16:39:48Z</time>
			</trkpt>
			<trkpt lat="47.827091" lon="-123.570259">
				<ele>1812.910034</ele>
				<time>2026-06-21T16:40:32Z</time>
			</trkpt>
			<trkpt lat="47.827625" lon="-123.569748">
				<ele>1759.787354</ele>
				<time>2026-06-21T16:42:40Z</time>
			</trkpt>
			<trkpt lat="47.827946" lon="-123.56955">
				<ele>1748.97876</ele>
				<time>2026-06-21T16:43:23Z</time>
			</trkpt>
			<trkpt lat="47.828079" lon="-123.569481">
				<ele>1747.279175</ele>
				<time>2026-06-21T16:43:43Z</time>
			</trkpt>
			<trkpt lat="47.828144" lon="-123.569443">
				<ele>1749.052979</ele>
				<time>2026-06-21T16:44:09Z</time>
			</trkpt>
			<trkpt lat="47.828384" lon="-123.569351">
				<ele>1742.797363</ele>
				<time>2026-06-21T16:54:14Z</time>
			</trkpt>
			<trkpt lat="47.828629" lon="-123.569511">
				<ele>1744.865356</ele>
				<time>2026-06-21T16:55:01Z</time>
			</trkpt>
			<trkpt lat="47.829014" lon="-123.569031">
				<ele>1728.763672</ele>
				<time>2026-06-21T16:56:37Z</time>
			</trkpt>
			<trkpt lat="47.829216" lon="-123.569199">
				<ele>1721.641968</ele>
				<time>2026-06-21T16:57:11Z</time>
			</trkpt>
			<trkpt lat="47.829346" lon="-123.56926">
				<ele>1724.589111</ele>
				<time>2026-06-21T16:57:32Z</time>
			</trkpt>
			<trkpt lat="47.829575" lon="-123.569344">
				<ele>1721.695801</ele>
				<time>2026-06-21T16:57:59Z</time>
			</trkpt>
			<trkpt lat="47.829773" lon="-123.569359">
				<ele>1713.581543</ele>
				<time>2026-06-21T16:58:34Z</time>
			</trkpt>
			<trkpt lat="47.829979" lon="-123.569397">
				<ele>1713.969971</ele>
				<time>2026-06-21T16:58:56Z</time>
			</trkpt>
			<trkpt lat="47.830124" lon="-123.569366">
				<ele>1716.867798</ele>
				<time>2026-06-21T16:59:41Z</time>
			</trkpt>
			<trkpt lat="47.830265" lon="-123.569366">
				<ele>1715.34729</ele>
				<time>2026-06-21T16:59:58Z</time>
			</trkpt>
			<trkpt lat="47.83033" lon="-123.569389">
				<ele>1715.657227</ele>
				<time>2026-06-21T17:00:05Z</time>
			</trkpt>
			<trkpt lat="47.830391" lon="-123.569435">
				<ele>1711.974854</ele>
				<time>2026-06-21T17:00:13Z</time>
			</trkpt>
			<trkpt lat="47.830536" lon="-123.569481">
				<ele>1714.199097</ele>
				<time>2026-06-21T17:00:27Z</time>
			</trkpt>
			<trkpt lat="47.83073" lon="-123.569565">
				<ele>1712.286743</ele>
				<time>2026-06-21T17:00:48Z</time>
			</trkpt>
			<trkpt lat="47.831314" lon="-123.57">
				<ele>1727.004272</ele>
				<time>2026-06-21T17:02:22Z</time>
			</trkpt>
			<trkpt lat="47.831528" lon="-123.569962">
				<ele>1721.892578</ele>
				<time>2026-06-21T17:02:53Z</time>
			</trkpt>
			<trkpt lat="47.83176" lon="-123.570152">
				<ele>1719.864014</ele>
				<time>2026-06-21T17:03:16Z</time>
			</trkpt>
			<trkpt lat="47.831982" lon="-123.570015">
				<ele>1725.666626</ele>
				<time>2026-06-21T17:03:52Z</time>
			</trkpt>
			<trkpt lat="47.832111" lon="-123.569962">
				<ele>1724.11731</ele>
				<time>2026-06-21T17:04:05Z</time>
			</trkpt>
			<trkpt lat="47.832233" lon="-123.569931">
				<ele>1725.119995</ele>
				<time>2026-06-21T17:04:17Z</time>
			</trkpt>
			<trkpt lat="47.832291" lon="-123.569946">
				<ele>1722.244751</ele>
				<time>2026-06-21T17:04:23Z</time>
			</trkpt>
			<trkpt lat="47.832417" lon="-123.569916">
				<ele>1724.909912</ele>
				<time>2026-06-21T17:04:42Z</time>
			</trkpt>
			<trkpt lat="47.83263" lon="-123.570068">
				<ele>1723.044312</ele>
				<time>2026-06-21T17:05:18Z</time>
			</trkpt>
			<trkpt lat="47.832642" lon="-123.570168">
				<ele>1723.794312</ele>
				<time>2026-06-21T17:05:29Z</time>
			</trkpt>
			<trkpt lat="47.833054" lon="-123.570427">
				<ele>1739.219604</ele>
				<time>2026-06-21T17:07:28Z</time>
			</trkpt>
			<trkpt lat="47.833069" lon="-123.570541">
				<ele>1739.120117</ele>
				<time>2026-06-21T17:07:45Z</time>
			</trkpt>
			<trkpt lat="47.833496" lon="-123.570518">
				<ele>1754.982056</ele>
				<time>2026-06-21T17:09:31Z</time>
			</trkpt>
			<trkpt lat="47.83358" lon="-123.570496">
				<ele>1754.257813</ele>
				<time>2026-06-21T17:09:49Z</time>
			</trkpt>
			<trkpt lat="47.83395" lon="-123.570389">
				<ele>1760.77832</ele>
				<time>2026-06-21T17:11:07Z</time>
			</trkpt>
			<trkpt lat="47.834064" lon="-123.570534">
				<ele>1757.836914</ele>
				<time>2026-06-21T17:11:34Z</time>
			</trkpt>
			<trkpt lat="47.834164" lon="-123.570618">
				<ele>1761.898193</ele>
				<time>2026-06-21T17:17:10Z</time>
			</trkpt>
			<trkpt lat="47.834957" lon="-123.570869">
				<ele>1808.68103</ele>
				<time>2026-06-21T17:24:50Z</time>
			</trkpt>
			<trkpt lat="47.835518" lon="-123.5709">
				<ele>1823.113892</ele>
				<time>2026-06-21T17:28:07Z</time>
			</trkpt>
			<trkpt lat="47.835606" lon="-123.570869">
				<ele>1822.676392</ele>
				<time>2026-06-21T17:28:24Z</time>
			</trkpt>
			<trkpt lat="47.835678" lon="-123.570808">
				<ele>1824.190552</ele>
				<time>2026-06-21T17:28:33Z</time>
			</trkpt>
			<trkpt lat="47.835751" lon="-123.570778">
				<ele>1822.9104</ele>
				<time>2026-06-21T17:28:40Z</time>
			</trkpt>
			<trkpt lat="47.835873" lon="-123.570732">
				<ele>1824.21582</ele>
				<time>2026-06-21T17:28:59Z</time>
			</trkpt>
			<trkpt lat="47.83604" lon="-123.570847">
				<ele>1819.785767</ele>
				<time>2026-06-21T17:29:34Z</time>
			</trkpt>
			<trkpt lat="47.836349" lon="-123.570587">
				<ele>1806.586548</ele>
				<time>2026-06-21T17:31:05Z</time>
			</trkpt>
			<trkpt lat="47.836868" lon="-123.570602">
				<ele>1782.620483</ele>
				<time>2026-06-21T17:33:17Z</time>
			</trkpt>
			<trkpt lat="47.837917" lon="-123.571724">
				<ele>1750.109741</ele>
				<time>2026-06-21T17:35:38Z</time>
			</trkpt>
			<trkpt lat="47.837971" lon="-123.571777">
				<ele>1748.997192</ele>
				<time>2026-06-21T17:35:44Z</time>
			</trkpt>
			<trkpt lat="47.83807" lon="-123.571899">
				<ele>1750.37439</ele>
				<time>2026-06-21T17:36:04Z</time>
			</trkpt>
			<trkpt lat="47.838123" lon="-123.571945">
				<ele>1748.585571</ele>
				<time>2026-06-21T17:36:11Z</time>
			</trkpt>
			<trkpt lat="47.838177" lon="-123.571983">
				<ele>1749.31311</ele>
				<time>2026-06-21T17:36:17Z</time>
			</trkpt>
			<trkpt lat="47.83828" lon="-123.57209">
				<ele>1748.789795</ele>
				<time>2026-06-21T17:36:30Z</time>
			</trkpt>
			<trkpt lat="47.838486" lon="-123.572144">
				<ele>1743.377563</ele>
				<time>2026-06-21T17:55:50Z</time>
			</trkpt>
			<trkpt lat="47.838619" lon="-123.572212">
				<ele>1745.167725</ele>
				<time>2026-06-21T17:56:16Z</time>
			</trkpt>
			<trkpt lat="47.839172" lon="-123.572571">
				<ele>1733.574829</ele>
				<time>2026-06-21T17:57:50Z</time>
			</trkpt>
			<trkpt lat="47.839249" lon="-123.572762">
				<ele>1725.351685</ele>
				<time>2026-06-21T17:58:08Z</time>
			</trkpt>
			<trkpt lat="47.83926" lon="-123.572861">
				<ele>1724.892456</ele>
				<time>2026-06-21T17:58:18Z</time>
			</trkpt>
			<trkpt lat="47.839279" lon="-123.57296">
				<ele>1725.515137</ele>
				<time>2026-06-21T17:58:41Z</time>
			</trkpt>
			<trkpt lat="47.839317" lon="-123.573036">
				<ele>1724.164551</ele>
				<time>2026-06-21T17:58:49Z</time>
			</trkpt>
			<trkpt lat="47.839245" lon="-123.57309">
				<ele>1723.628174</ele>
				<time>2026-06-21T17:59:25Z</time>
			</trkpt>
			<trkpt lat="47.83913" lon="-123.573006">
				<ele>1726.406128</ele>
				<time>2026-06-21T17:59:48Z</time>
			</trkpt>
			<trkpt lat="47.839016" lon="-123.572952">
				<ele>1723.341064</ele>
				<time>2026-06-21T18:00:24Z</time>
			</trkpt>
			<trkpt lat="47.839241" lon="-123.573433">
				<ele>1712.539063</ele>
				<time>2026-06-21T18:02:41Z</time>
			</trkpt>
			<trkpt lat="47.839275" lon="-123.573502">
				<ele>1712.984131</ele>
				<time>2026-06-21T18:02:49Z</time>
			</trkpt>
			<trkpt lat="47.839363" lon="-123.573792">
				<ele>1701.837769</ele>
				<time>2026-06-21T18:05:26Z</time>
			</trkpt>
			<trkpt lat="47.839397" lon="-123.573486">
				<ele>1715.894165</ele>
				<time>2026-06-21T18:09:12Z</time>
			</trkpt>
			<trkpt lat="47.839634" lon="-123.573471">
				<ele>1712.550293</ele>
				<time>2026-06-21T18:10:08Z</time>
			</trkpt>
			<trkpt lat="47.839935" lon="-123.573578">
				<ele>1715.339233</ele>
				<time>2026-06-21T18:13:38Z</time>
			</trkpt>
			<trkpt lat="47.840042" lon="-123.573715">
				<ele>1719.691284</ele>
				<time>2026-06-21T18:14:12Z</time>
			</trkpt>
			<trkpt lat="47.840183" lon="-123.573677">
				<ele>1718.042603</ele>
				<time>2026-06-21T18:14:59Z</time>
			</trkpt>
			<trkpt lat="47.840542" lon="-123.57373">
				<ele>1722.657837</ele>
				<time>2026-06-21T18:15:57Z</time>
			</trkpt>
			<trkpt lat="47.840672" lon="-123.574051">
				<ele>1713.478149</ele>
				<time>2026-06-21T18:18:45Z</time>
			</trkpt>
			<trkpt lat="47.840527" lon="-123.574387">
				<ele>1691.189087</ele>
				<time>2026-06-21T18:19:56Z</time>
			</trkpt>
			<trkpt lat="47.840542" lon="-123.574478">
				<ele>1692.015991</ele>
				<time>2026-06-21T18:20:08Z</time>
			</trkpt>
			<trkpt lat="47.840588" lon="-123.574554">
				<ele>1690.505981</ele>
				<time>2026-06-21T18:20:21Z</time>
			</trkpt>
			<trkpt lat="47.840595" lon="-123.574768">
				<ele>1692.104126</ele>
				<time>2026-06-21T18:22:38Z</time>
			</trkpt>
			<trkpt lat="47.840221" lon="-123.575249">
				<ele>1678.885986</ele>
				<time>2026-06-21T18:24:11Z</time>
			</trkpt>
			<trkpt lat="47.840237" lon="-123.575562">
				<ele>1676.234863</ele>
				<time>2026-06-21T18:24:37Z</time>
			</trkpt>
			<trkpt lat="47.840363" lon="-123.575874">
				<ele>1678.449341</ele>
				<time>2026-06-21T18:25:09Z</time>
			</trkpt>
			<trkpt lat="47.84037" lon="-123.575943">
				<ele>1678.048096</ele>
				<time>2026-06-21T18:25:16Z</time>
			</trkpt>
			<trkpt lat="47.840405" lon="-123.57608">
				<ele>1678.385986</ele>
				<time>2026-06-21T18:25:31Z</time>
			</trkpt>
			<trkpt lat="47.840424" lon="-123.576218">
				<ele>1677.459473</ele>
				<time>2026-06-21T18:25:44Z</time>
			</trkpt>
			<trkpt lat="47.840435" lon="-123.576279">
				<ele>1677.627441</ele>
				<time>2026-06-21T18:25:51Z</time>
			</trkpt>
			<trkpt lat="47.840488" lon="-123.576576">
				<ele>1681.811401</ele>
				<time>2026-06-21T18:26:27Z</time>
			</trkpt>
			<trkpt lat="47.840553" lon="-123.576706">
				<ele>1682.138916</ele>
				<time>2026-06-21T18:27:36Z</time>
			</trkpt>
			<trkpt lat="47.840603" lon="-123.576813">
				<ele>1681.746582</ele>
				<time>2026-06-21T18:27:46Z</time>
			</trkpt>
			<trkpt lat="47.840637" lon="-123.576935">
				<ele>1681.954224</ele>
				<time>2026-06-21T18:28:15Z</time>
			</trkpt>
			<trkpt lat="47.840668" lon="-123.577034">
				<ele>1681.352905</ele>
				<time>2026-06-21T18:28:23Z</time>
			</trkpt>
			<trkpt lat="47.840748" lon="-123.577187">
				<ele>1681.933228</ele>
				<time>2026-06-21T18:28:37Z</time>
			</trkpt>
			<trkpt lat="47.840816" lon="-123.577316">
				<ele>1681.865234</ele>
				<time>2026-06-21T18:28:50Z</time>
			</trkpt>
			<trkpt lat="47.840858" lon="-123.57737">
				<ele>1680.521362</ele>
				<time>2026-06-21T18:28:58Z</time>
			</trkpt>
			<trkpt lat="47.840961" lon="-123.577469">
				<ele>1682.941895</ele>
				<time>2026-06-21T18:29:15Z</time>
			</trkpt>
			<trkpt lat="47.841011" lon="-123.57753">
				<ele>1682.788818</ele>
				<time>2026-06-21T18:29:23Z</time>
			</trkpt>
			<trkpt lat="47.841053" lon="-123.577583">
				<ele>1682.945557</ele>
				<time>2026-06-21T18:29:48Z</time>
			</trkpt>
			<trkpt lat="47.841221" lon="-123.577972">
				<ele>1674.606934</ele>
				<time>2026-06-21T18:30:44Z</time>
			</trkpt>
			<trkpt lat="47.841331" lon="-123.577965">
				<ele>1674.725952</ele>
				<time>2026-06-21T18:32:14Z</time>
			</trkpt>
			<trkpt lat="47.841419" lon="-123.577957">
				<ele>1670.564453</ele>
				<time>2026-06-21T18:32:30Z</time>
			</trkpt>
			<trkpt lat="47.841663" lon="-123.57798">
				<ele>1669.166016</ele>
				<time>2026-06-21T18:32:57Z</time>
			</trkpt>
			<trkpt lat="47.841721" lon="-123.578011">
				<ele>1669.50061</ele>
				<time>2026-06-21T18:33:04Z</time>
			</trkpt>
			<trkpt lat="47.841938" lon="-123.578125">
				<ele>1664.361816</ele>
				<time>2026-06-21T18:33:27Z</time>
			</trkpt>
			<trkpt lat="47.842239" lon="-123.578445">
				<ele>1668.829956</ele>
				<time>2026-06-21T18:34:01Z</time>
			</trkpt>
			<trkpt lat="47.842434" lon="-123.578606">
				<ele>1663.088013</ele>
				<time>2026-06-21T18:34:29Z</time>
			</trkpt>
			<trkpt lat="47.842838" lon="-123.578285">
				<ele>1656.073242</ele>
				<time>2026-06-21T18:36:04Z</time>
			</trkpt>
			<trkpt lat="47.84301" lon="-123.578209">
				<ele>1646.381836</ele>
				<time>2026-06-21T18:36:24Z</time>
			</trkpt>
			<trkpt lat="47.84306" lon="-123.578194">
				<ele>1647.623169</ele>
				<time>2026-06-21T18:36:29Z</time>
			</trkpt>
			<trkpt lat="47.843258" lon="-123.578255">
				<ele>1646.4375</ele>
				<time>2026-06-21T18:36:49Z</time>
			</trkpt>
			<trkpt lat="47.843311" lon="-123.578255">
				<ele>1646.787109</ele>
				<time>2026-06-21T18:36:55Z</time>
			</trkpt>
			<trkpt lat="47.84367" lon="-123.578087">
				<ele>1635.72937</ele>
				<time>2026-06-21T18:37:52Z</time>
			</trkpt>
			<trkpt lat="47.844196" lon="-123.578117">
				<ele>1627.939087</ele>
				<time>2026-06-21T18:39:21Z</time>
			</trkpt>
			<trkpt lat="47.844566" lon="-123.578125">
				<ele>1630.377808</ele>
				<time>2026-06-21T18:40:05Z</time>
			</trkpt>
			<trkpt lat="47.844616" lon="-123.578133">
				<ele>1629.483765</ele>
				<time>2026-06-21T18:40:14Z</time>
			</trkpt>
			<trkpt lat="47.844669" lon="-123.578148">
				<ele>1630.723755</ele>
				<time>2026-06-21T18:40:25Z</time>
			</trkpt>
			<trkpt lat="47.844929" lon="-123.578011">
				<ele>1620.890259</ele>
				<time>2026-06-21T18:41:31Z</time>
			</trkpt>
			<trkpt lat="47.845177" lon="-123.577858">
				<ele>1630.312744</ele>
				<time>2026-06-21T18:42:02Z</time>
			</trkpt>
			<trkpt lat="47.84523" lon="-123.577812">
				<ele>1629.571289</ele>
				<time>2026-06-21T18:42:09Z</time>
			</trkpt>
			<trkpt lat="47.845409" lon="-123.577698">
				<ele>1631.780884</ele>
				<time>2026-06-21T18:43:30Z</time>
			</trkpt>
			<trkpt lat="47.845741" lon="-123.577614">
				<ele>1627.329224</ele>
				<time>2026-06-21T18:44:16Z</time>
			</trkpt>
			<trkpt lat="47.845795" lon="-123.577599">
				<ele>1627.716919</ele>
				<time>2026-06-21T18:44:23Z</time>
			</trkpt>
			<trkpt lat="47.845978" lon="-123.577728">
				<ele>1623.9729</ele>
				<time>2026-06-21T18:44:46Z</time>
			</trkpt>
			<trkpt lat="47.846123" lon="-123.577744">
				<ele>1624.296631</ele>
				<time>2026-06-21T18:45:02Z</time>
			</trkpt>
			<trkpt lat="47.846176" lon="-123.577759">
				<ele>1623.914185</ele>
				<time>2026-06-21T18:45:08Z</time>
			</trkpt>
			<trkpt lat="47.846348" lon="-123.577805">
				<ele>1618.997803</ele>
				<time>2026-06-21T18:45:50Z</time>
			</trkpt>
			<trkpt lat="47.846535" lon="-123.578064">
				<ele>1624.221069</ele>
				<time>2026-06-21T18:46:37Z</time>
			</trkpt>
			<trkpt lat="47.846584" lon="-123.578133">
				<ele>1621.447754</ele>
				<time>2026-06-21T18:47:09Z</time>
			</trkpt>
			<trkpt lat="47.846653" lon="-123.578255">
				<ele>1627.017334</ele>
				<time>2026-06-21T18:47:39Z</time>
			</trkpt>
			<trkpt lat="47.846771" lon="-123.578262">
				<ele>1625.629517</ele>
				<time>2026-06-21T18:48:03Z</time>
			</trkpt>
			<trkpt lat="47.847103" lon="-123.578011">
				<ele>1613.717529</ele>
				<time>2026-06-21T18:49:24Z</time>
			</trkpt>
			<trkpt lat="47.847416" lon="-123.577995">
				<ele>1608.95752</ele>
				<time>2026-06-21T18:51:30Z</time>
			</trkpt>
			<trkpt lat="47.847549" lon="-123.577965">
				<ele>1600.606689</ele>
				<time>2026-06-21T18:52:04Z</time>
			</trkpt>
			<trkpt lat="47.84761" lon="-123.577957">
				<ele>1600.318604</ele>
				<time>2026-06-21T18:52:16Z</time>
			</trkpt>
			<trkpt lat="47.84774" lon="-123.577934">
				<ele>1601.110962</ele>
				<time>2026-06-21T18:52:32Z</time>
			</trkpt>
			<trkpt lat="47.847858" lon="-123.577888">
				<ele>1598.494873</ele>
				<time>2026-06-21T18:52:53Z</time>
			</trkpt>
			<trkpt lat="47.847973" lon="-123.577927">
				<ele>1599.97644</ele>
				<time>2026-06-21T18:53:15Z</time>
			</trkpt>
			<trkpt lat="47.848141" lon="-123.577904">
				<ele>1594.40271</ele>
				<time>2026-06-21T18:53:43Z</time>
			</trkpt>
			<trkpt lat="47.848202" lon="-123.577904">
				<ele>1595.847412</ele>
				<time>2026-06-21T18:53:55Z</time>
			</trkpt>
			<trkpt lat="47.848297" lon="-123.577942">
				<ele>1594.491943</ele>
				<time>2026-06-21T18:54:10Z</time>
			</trkpt>
			<trkpt lat="47.848339" lon="-123.577972">
				<ele>1594.54834</ele>
				<time>2026-06-21T18:54:17Z</time>
			</trkpt>
			<trkpt lat="47.848812" lon="-123.578133">
				<ele>1578.597534</ele>
				<time>2026-06-21T18:55:41Z</time>
			</trkpt>
			<trkpt lat="47.849045" lon="-123.578339">
				<ele>1574.336426</ele>
				<time>2026-06-21T18:56:51Z</time>
			</trkpt>
			<trkpt lat="47.849594" lon="-123.578255">
				<ele>1554.366333</ele>
				<time>2026-06-21T18:57:57Z</time>
			</trkpt>
			<trkpt lat="47.849731" lon="-123.578369">
				<ele>1555.73999</ele>
				<time>2026-06-21T18:58:15Z</time>
			</trkpt>
			<trkpt lat="47.849838" lon="-123.578476">
				<ele>1553.83606</ele>
				<time>2026-06-21T18:58:30Z</time>
			</trkpt>
			<trkpt lat="47.849968" lon="-123.578598">
				<ele>1556.952026</ele>
				<time>2026-06-21T18:58:51Z</time>
			</trkpt>
			<trkpt lat="47.850288" lon="-123.578621">
				<ele>1553.439331</ele>
				<time>2026-06-21T18:59:31Z</time>
			</trkpt>
			<trkpt lat="47.850311" lon="-123.57869">
				<ele>1554.894897</ele>
				<time>2026-06-21T18:59:37Z</time>
			</trkpt>
			<trkpt lat="47.850536" lon="-123.578896">
				<ele>1542.421143</ele>
				<time>2026-06-21T19:17:04Z</time>
			</trkpt>
			<trkpt lat="47.850636" lon="-123.578926">
				<ele>1541.669434</ele>
				<time>2026-06-21T19:17:14Z</time>
			</trkpt>
			<trkpt lat="47.850716" lon="-123.578979">
				<ele>1544.921509</ele>
				<time>2026-06-21T19:17:23Z</time>
			</trkpt>
			<trkpt lat="47.850746" lon="-123.579132">
				<ele>1540.040771</ele>
				<time>2026-06-21T19:17:35Z</time>
			</trkpt>
			<trkpt lat="47.8507" lon="-123.579254">
				<ele>1543.261353</ele>
				<time>2026-06-21T19:17:43Z</time>
			</trkpt>
			<trkpt lat="47.850677" lon="-123.579536">
				<ele>1539.129761</ele>
				<time>2026-06-21T19:18:02Z</time>
			</trkpt>
			<trkpt lat="47.850685" lon="-123.579697">
				<ele>1539.218628</ele>
				<time>2026-06-21T19:18:12Z</time>
			</trkpt>
			<trkpt lat="47.850681" lon="-123.579758">
				<ele>1540.093384</ele>
				<time>2026-06-21T19:18:16Z</time>
			</trkpt>
			<trkpt lat="47.850681" lon="-123.579895">
				<ele>1537.90271</ele>
				<time>2026-06-21T19:18:26Z</time>
			</trkpt>
			<trkpt lat="47.850693" lon="-123.579964">
				<ele>1540.014648</ele>
				<time>2026-06-21T19:18:30Z</time>
			</trkpt>
			<trkpt lat="47.850697" lon="-123.580032">
				<ele>1539.264282</ele>
				<time>2026-06-21T19:18:34Z</time>
			</trkpt>
			<trkpt lat="47.8507" lon="-123.580109">
				<ele>1539.959473</ele>
				<time>2026-06-21T19:18:38Z</time>
			</trkpt>
			<trkpt lat="47.850739" lon="-123.580147">
				<ele>1537.098633</ele>
				<time>2026-06-21T19:18:43Z</time>
			</trkpt>
			<trkpt lat="47.850822" lon="-123.5802">
				<ele>1539.858398</ele>
				<time>2026-06-21T19:18:59Z</time>
			</trkpt>
			<trkpt lat="47.850838" lon="-123.580254">
				<ele>1538.116211</ele>
				<time>2026-06-21T19:19:03Z</time>
			</trkpt>
			<trkpt lat="47.850861" lon="-123.580467">
				<ele>1540.861694</ele>
				<time>2026-06-21T19:19:15Z</time>
			</trkpt>
			<trkpt lat="47.850803" lon="-123.580574">
				<ele>1540.361084</ele>
				<time>2026-06-21T19:19:25Z</time>
			</trkpt>
			<trkpt lat="47.850838" lon="-123.58078">
				<ele>1541.383911</ele>
				<time>2026-06-21T19:19:38Z</time>
			</trkpt>
			<trkpt lat="47.850834" lon="-123.580917">
				<ele>1544.198853</ele>
				<time>2026-06-21T19:19:46Z</time>
			</trkpt>
			<trkpt lat="47.850826" lon="-123.580994">
				<ele>1542.802368</ele>
				<time>2026-06-21T19:19:51Z</time>
			</trkpt>
			<trkpt lat="47.850811" lon="-123.581131">
				<ele>1544.201416</ele>
				<time>2026-06-21T19:19:59Z</time>
			</trkpt>
			<trkpt lat="47.85091" lon="-123.581276">
				<ele>1541.022949</ele>
				<time>2026-06-21T19:20:12Z</time>
			</trkpt>
			<trkpt lat="47.850975" lon="-123.581596">
				<ele>1543.600342</ele>
				<time>2026-06-21T19:20:36Z</time>
			</trkpt>
			<trkpt lat="47.850956" lon="-123.581657">
				<ele>1543.174561</ele>
				<time>2026-06-21T19:20:41Z</time>
			</trkpt>
			<trkpt lat="47.851002" lon="-123.5821">
				<ele>1529.133301</ele>
				<time>2026-06-21T19:22:08Z</time>
			</trkpt>
			<trkpt lat="47.851116" lon="-123.582314">
				<ele>1531.106934</ele>
				<time>2026-06-21T19:22:26Z</time>
			</trkpt>
			<trkpt lat="47.851151" lon="-123.582436">
				<ele>1530.256836</ele>
				<time>2026-06-21T19:22:35Z</time>
			</trkpt>
			<trkpt lat="47.851185" lon="-123.582497">
				<ele>1532.490967</ele>
				<time>2026-06-21T19:22:40Z</time>
			</trkpt>
			<trkpt lat="47.851555" lon="-123.58284">
				<ele>1517.41626</ele>
				<time>2026-06-21T19:23:26Z</time>
			</trkpt>
			<trkpt lat="47.851658" lon="-123.58284">
				<ele>1518.965088</ele>
				<time>2026-06-21T19:23:35Z</time>
			</trkpt>
			<trkpt lat="47.851696" lon="-123.582886">
				<ele>1518.518799</ele>
				<time>2026-06-21T19:23:39Z</time>
			</trkpt>
			<trkpt lat="47.85173" lon="-123.582939">
				<ele>1518.929932</ele>
				<time>2026-06-21T19:23:43Z</time>
			</trkpt>
			<trkpt lat="47.851845" lon="-123.583061">
				<ele>1518.437256</ele>
				<time>2026-06-21T19:23:55Z</time>
			</trkpt>
			<trkpt lat="47.851974" lon="-123.583168">
				<ele>1515.371216</ele>
				<time>2026-06-21T19:24:09Z</time>
			</trkpt>
			<trkpt lat="47.85202" lon="-123.583168">
				<ele>1516.080444</ele>
				<time>2026-06-21T19:24:14Z</time>
			</trkpt>
			<trkpt lat="47.852104" lon="-123.583191">
				<ele>1506.707886</ele>
				<time>2026-06-21T19:24:32Z</time>
			</trkpt>
			<trkpt lat="47.852592" lon="-123.583633">
				<ele>1491.35376</ele>
				<time>2026-06-21T19:25:41Z</time>
			</trkpt>
			<trkpt lat="47.852646" lon="-123.583611">
				<ele>1493.543823</ele>
				<time>2026-06-21T19:25:45Z</time>
			</trkpt>
			<trkpt lat="47.852737" lon="-123.583656">
				<ele>1492.372192</ele>
				<time>2026-06-21T19:25:52Z</time>
			</trkpt>
			<trkpt lat="47.852722" lon="-123.583725">
				<ele>1493.612793</ele>
				<time>2026-06-21T19:26:00Z</time>
			</trkpt>
			<trkpt lat="47.852646" lon="-123.5839">
				<ele>1491.944824</ele>
				<time>2026-06-21T19:26:13Z</time>
			</trkpt>
			<trkpt lat="47.852665" lon="-123.583954">
				<ele>1493.195679</ele>
				<time>2026-06-21T19:26:19Z</time>
			</trkpt>
			<trkpt lat="47.852676" lon="-123.584091">
				<ele>1489.883789</ele>
				<time>2026-06-21T19:26:32Z</time>
			</trkpt>
			<trkpt lat="47.852692" lon="-123.584152">
				<ele>1490.692505</ele>
				<time>2026-06-21T19:26:43Z</time>
			</trkpt>
			<trkpt lat="47.85265" lon="-123.584274">
				<ele>1489.527588</ele>
				<time>2026-06-21T19:26:59Z</time>
			</trkpt>
			<trkpt lat="47.852951" lon="-123.585083">
				<ele>1467.768188</ele>
				<time>2026-06-21T19:28:19Z</time>
			</trkpt>
			<trkpt lat="47.853024" lon="-123.585182">
				<ele>1469.788574</ele>
				<time>2026-06-21T19:28:27Z</time>
			</trkpt>
			<trkpt lat="47.853127" lon="-123.585205">
				<ele>1467.684082</ele>
				<time>2026-06-21T19:28:38Z</time>
			</trkpt>
			<trkpt lat="47.853214" lon="-123.585175">
				<ele>1469.416992</ele>
				<time>2026-06-21T19:28:46Z</time>
			</trkpt>
			<trkpt lat="47.85342" lon="-123.584999">
				<ele>1463.449097</ele>
				<time>2026-06-21T19:29:09Z</time>
			</trkpt>
			<trkpt lat="47.853504" lon="-123.5849">
				<ele>1465.41748</ele>
				<time>2026-06-21T19:29:19Z</time>
			</trkpt>
			<trkpt lat="47.85363" lon="-123.584793">
				<ele>1456.51355</ele>
				<time>2026-06-21T19:29:34Z</time>
			</trkpt>
			<trkpt lat="47.853668" lon="-123.584763">
				<ele>1455.480713</ele>
				<time>2026-06-21T19:29:38Z</time>
			</trkpt>
			<trkpt lat="47.853745" lon="-123.584671">
				<ele>1456.5177</ele>
				<time>2026-06-21T19:29:48Z</time>
			</trkpt>
			<trkpt lat="47.853783" lon="-123.584648">
				<ele>1454.672974</ele>
				<time>2026-06-21T19:29:54Z</time>
			</trkpt>
			<trkpt lat="47.853817" lon="-123.584595">
				<ele>1456.581909</ele>
				<time>2026-06-21T19:30:02Z</time>
			</trkpt>
			<trkpt lat="47.853916" lon="-123.584625">
				<ele>1452.148926</ele>
				<time>2026-06-21T19:30:27Z</time>
			</trkpt>
			<trkpt lat="47.853962" lon="-123.58461">
				<ele>1454.318237</ele>
				<time>2026-06-21T19:30:32Z</time>
			</trkpt>
			<trkpt lat="47.854008" lon="-123.584579">
				<ele>1454.227539</ele>
				<time>2026-06-21T19:30:38Z</time>
			</trkpt>
			<trkpt lat="47.854164" lon="-123.584328">
				<ele>1443.646606</ele>
				<time>2026-06-21T19:31:12Z</time>
			</trkpt>
			<trkpt lat="47.854198" lon="-123.584297">
				<ele>1445.033203</ele>
				<time>2026-06-21T19:31:19Z</time>
			</trkpt>
			<trkpt lat="47.854233" lon="-123.584259">
				<ele>1443.712769</ele>
				<time>2026-06-21T19:31:25Z</time>
			</trkpt>
			<trkpt lat="47.854366" lon="-123.584213">
				<ele>1430.618652</ele>
				<time>2026-06-21T19:31:43Z</time>
			</trkpt>
			<trkpt lat="47.854408" lon="-123.584183">
				<ele>1430.114136</ele>
				<time>2026-06-21T19:31:51Z</time>
			</trkpt>
			<trkpt lat="47.854458" lon="-123.584167">
				<ele>1430.906982</ele>
				<time>2026-06-21T19:31:57Z</time>
			</trkpt>
			<trkpt lat="47.854591" lon="-123.584076">
				<ele>1427.000244</ele>
				<time>2026-06-21T19:32:14Z</time>
			</trkpt>
			<trkpt lat="47.854778" lon="-123.584038">
				<ele>1429.519043</ele>
				<time>2026-06-21T19:32:32Z</time>
			</trkpt>
			<trkpt lat="47.854977" lon="-123.58403">
				<ele>1428.380371</ele>
				<time>2026-06-21T19:32:51Z</time>
			</trkpt>
			<trkpt lat="47.855022" lon="-123.584023">
				<ele>1428.565674</ele>
				<time>2026-06-21T19:33:00Z</time>
			</trkpt>
			<trkpt lat="47.855282" lon="-123.584244">
				<ele>1411.104126</ele>
				<time>2026-06-21T19:33:47Z</time>
			</trkpt>
			<trkpt lat="47.855289" lon="-123.584442">
				<ele>1414.685303</ele>
				<time>2026-06-21T19:34:09Z</time>
			</trkpt>
			<trkpt lat="47.855358" lon="-123.584549">
				<ele>1410.481567</ele>
				<time>2026-06-21T19:34:25Z</time>
			</trkpt>
			<trkpt lat="47.855499" lon="-123.584686">
				<ele>1424.49646</ele>
				<time>2026-06-21T19:35:02Z</time>
			</trkpt>
			<trkpt lat="47.855511" lon="-123.584755">
				<ele>1425.330322</ele>
				<time>2026-06-21T19:35:07Z</time>
			</trkpt>
			<trkpt lat="47.855541" lon="-123.584808">
				<ele>1425.039185</ele>
				<time>2026-06-21T19:35:11Z</time>
			</trkpt>
			<trkpt lat="47.855614" lon="-123.584877">
				<ele>1425.308105</ele>
				<time>2026-06-21T19:35:23Z</time>
			</trkpt>
			<trkpt lat="47.855698" lon="-123.585083">
				<ele>1429.814087</ele>
				<time>2026-06-21T19:35:47Z</time>
			</trkpt>
			<trkpt lat="47.855812" lon="-123.58551">
				<ele>1419.785034</ele>
				<time>2026-06-21T19:36:37Z</time>
			</trkpt>
			<trkpt lat="47.855946" lon="-123.585716">
				<ele>1421.406494</ele>
				<time>2026-06-21T19:37:08Z</time>
			</trkpt>
			<trkpt lat="47.856014" lon="-123.585831">
				<ele>1420.430908</ele>
				<time>2026-06-21T19:37:17Z</time>
			</trkpt>
			<trkpt lat="47.856277" lon="-123.586075">
				<ele>1409.657471</ele>
				<time>2026-06-21T19:37:51Z</time>
			</trkpt>
			<trkpt lat="47.856319" lon="-123.586121">
				<ele>1409.34314</ele>
				<time>2026-06-21T19:37:56Z</time>
			</trkpt>
			<trkpt lat="47.856358" lon="-123.586159">
				<ele>1413.506592</ele>
				<time>2026-06-21T19:38:00Z</time>
			</trkpt>
			<trkpt lat="47.856407" lon="-123.586189">
				<ele>1413.917603</ele>
				<time>2026-06-21T19:38:04Z</time>
			</trkpt>
			<trkpt lat="47.856506" lon="-123.586235">
				<ele>1411.652954</ele>
				<time>2026-06-21T19:38:12Z</time>
			</trkpt>
			<trkpt lat="47.856541" lon="-123.586281">
				<ele>1414.78418</ele>
				<time>2026-06-21T19:38:17Z</time>
			</trkpt>
			<trkpt lat="47.857002" lon="-123.586884">
				<ele>1401.991211</ele>
				<time>2026-06-21T19:41:11Z</time>
			</trkpt>
			<trkpt lat="47.857021" lon="-123.586952">
				<ele>1402.662354</ele>
				<time>2026-06-21T19:41:15Z</time>
			</trkpt>
			<trkpt lat="47.857056" lon="-123.586998">
				<ele>1401.253174</ele>
				<time>2026-06-21T19:41:19Z</time>
			</trkpt>
			<trkpt lat="47.857155" lon="-123.587151">
				<ele>1404.280884</ele>
				<time>2026-06-21T19:41:36Z</time>
			</trkpt>
			<trkpt lat="47.857212" lon="-123.58728">
				<ele>1403.506592</ele>
				<time>2026-06-21T19:41:44Z</time>
			</trkpt>
			<trkpt lat="47.857311" lon="-123.587433">
				<ele>1405.960449</ele>
				<time>2026-06-21T19:41:59Z</time>
			</trkpt>
			<trkpt lat="47.857521" lon="-123.587868">
				<ele>1400.47522</ele>
				<time>2026-06-21T19:42:52Z</time>
			</trkpt>
			<trkpt lat="47.857479" lon="-123.587959">
				<ele>1399.412598</ele>
				<time>2026-06-21T19:43:10Z</time>
			</trkpt>
			<trkpt lat="47.857437" lon="-123.587936">
				<ele>1400.895264</ele>
				<time>2026-06-21T19:43:17Z</time>
			</trkpt>
			<trkpt lat="47.857269" lon="-123.588104">
				<ele>1389.062256</ele>
				<time>2026-06-21T19:43:43Z</time>
			</trkpt>
			<trkpt lat="47.857174" lon="-123.588348">
				<ele>1392.884766</ele>
				<time>2026-06-21T19:44:09Z</time>
			</trkpt>
			<trkpt lat="47.857075" lon="-123.588448">
				<ele>1383.565308</ele>
				<time>2026-06-21T19:45:26Z</time>
			</trkpt>
			<trkpt lat="47.856987" lon="-123.588501">
				<ele>1387.894287</ele>
				<time>2026-06-21T19:45:40Z</time>
			</trkpt>
			<trkpt lat="47.856869" lon="-123.588608">
				<ele>1385.874146</ele>
				<time>2026-06-21T19:46:01Z</time>
			</trkpt>
			<trkpt lat="47.856838" lon="-123.588654">
				<ele>1386.281982</ele>
				<time>2026-06-21T19:46:09Z</time>
			</trkpt>
			<trkpt lat="47.85675" lon="-123.588806">
				<ele>1395.526367</ele>
				<time>2026-06-21T19:46:30Z</time>
			</trkpt>
			<trkpt lat="47.856903" lon="-123.589058">
				<ele>1367.640381</ele>
				<time>2026-06-21T19:47:38Z</time>
			</trkpt>
			<trkpt lat="47.856842" lon="-123.589699">
				<ele>1335.699341</ele>
				<time>2026-06-21T19:49:33Z</time>
			</trkpt>
			<trkpt lat="47.856888" lon="-123.589874">
				<ele>1339.854004</ele>
				<time>2026-06-21T19:49:53Z</time>
			</trkpt>
			<trkpt lat="47.857056" lon="-123.590034">
				<ele>1327.780029</ele>
				<time>2026-06-21T19:50:38Z</time>
			</trkpt>
			<trkpt lat="47.857056" lon="-123.590103">
				<ele>1327.869995</ele>
				<time>2026-06-21T19:50:42Z</time>
			</trkpt>
			<trkpt lat="47.857098" lon="-123.59066">
				<ele>1316.33313</ele>
				<time>2026-06-21T19:51:47Z</time>
			</trkpt>
			<trkpt lat="47.857117" lon="-123.590714">
				<ele>1317.505249</ele>
				<time>2026-06-21T19:51:53Z</time>
			</trkpt>
			<trkpt lat="47.857052" lon="-123.590965">
				<ele>1304.971558</ele>
				<time>2026-06-21T19:52:23Z</time>
			</trkpt>
			<trkpt lat="47.85717" lon="-123.591026">
				<ele>1307.395142</ele>
				<time>2026-06-21T19:52:55Z</time>
			</trkpt>
			<trkpt lat="47.857258" lon="-123.591537">
				<ele>1276.597046</ele>
				<time>2026-06-21T19:55:13Z</time>
			</trkpt>
			<trkpt lat="47.857388" lon="-123.59156">
				<ele>1283.97937</ele>
				<time>2026-06-21T19:55:38Z</time>
			</trkpt>
			<trkpt lat="47.857517" lon="-123.591667">
				<ele>1281.034302</ele>
				<time>2026-06-21T19:56:10Z</time>
			</trkpt>
			<trkpt lat="47.857506" lon="-123.591728">
				<ele>1293.803345</ele>
				<time>2026-06-21T19:57:15Z</time>
			</trkpt>
			<trkpt lat="47.857525" lon="-123.591736">
				<ele>1283.805542</ele>
				<time>2026-06-21T19:59:52Z</time>
			</trkpt>
			<trkpt lat="47.857712" lon="-123.591835">
				<ele>1280.208252</ele>
				<time>2026-06-21T20:00:33Z</time>
			</trkpt>
			<trkpt lat="47.857628" lon="-123.592239">
				<ele>1295.663086</ele>
				<time>2026-06-21T20:01:00Z</time>
			</trkpt>
			<trkpt lat="47.857651" lon="-123.5923">
				<ele>1296.272217</ele>
				<time>2026-06-21T20:01:06Z</time>
			</trkpt>
			<trkpt lat="47.857841" lon="-123.592232">
				<ele>1287.421021</ele>
				<time>2026-06-21T20:01:25Z</time>
			</trkpt>
			<trkpt lat="47.857838" lon="-123.59243">
				<ele>1280.566406</ele>
				<time>2026-06-21T20:01:49Z</time>
			</trkpt>
			<trkpt lat="47.85796" lon="-123.592781">
				<ele>1286.908447</ele>
				<time>2026-06-21T20:02:48Z</time>
			</trkpt>
			<trkpt lat="47.857956" lon="-123.592918">
				<ele>1282.169922</ele>
				<time>2026-06-21T20:03:50Z</time>
			</trkpt>
			<trkpt lat="47.858009" lon="-123.592888">
				<ele>1282.493774</ele>
				<time>2026-06-21T20:04:30Z</time>
			</trkpt>
			<trkpt lat="47.858055" lon="-123.592888">
				<ele>1282.177124</ele>
				<time>2026-06-21T20:04:34Z</time>
			</trkpt>
			<trkpt lat="47.858101" lon="-123.592934">
				<ele>1290.878662</ele>
				<time>2026-06-21T20:04:49Z</time>
			</trkpt>
			<trkpt lat="47.858059" lon="-123.593048">
				<ele>1285.436768</ele>
				<time>2026-06-21T20:05:00Z</time>
			</trkpt>
			<trkpt lat="47.858047" lon="-123.5933">
				<ele>1293.530396</ele>
				<time>2026-06-21T20:05:16Z</time>
			</trkpt>
			<trkpt lat="47.858078" lon="-123.593575">
				<ele>1287.688354</ele>
				<time>2026-06-21T20:05:47Z</time>
			</trkpt>
			<trkpt lat="47.858025" lon="-123.593796">
				<ele>1291.632324</ele>
				<time>2026-06-21T20:06:13Z</time>
			</trkpt>
			<trkpt lat="47.858059" lon="-123.593834">
				<ele>1299.427246</ele>
				<time>2026-06-21T20:06:20Z</time>
			</trkpt>
			<trkpt lat="47.858101" lon="-123.594086">
				<ele>1289.827515</ele>
				<time>2026-06-21T20:06:42Z</time>
			</trkpt>
			<trkpt lat="47.858093" lon="-123.594154">
				<ele>1293.308472</ele>
				<time>2026-06-21T20:06:47Z</time>
			</trkpt>
			<trkpt lat="47.858112" lon="-123.594215">
				<ele>1292.989868</ele>
				<time>2026-06-21T20:06:51Z</time>
			</trkpt>
			<trkpt lat="47.858448" lon="-123.594009">
				<ele>1281.157959</ele>
				<time>2026-06-21T20:09:49Z</time>
			</trkpt>
			<trkpt lat="47.858494" lon="-123.594032">
				<ele>1281.825806</ele>
				<time>2026-06-21T20:09:53Z</time>
			</trkpt>
			<trkpt lat="47.858582" lon="-123.594109">
				<ele>1280.420166</ele>
				<time>2026-06-21T20:10:01Z</time>
			</trkpt>
			<trkpt lat="47.858524" lon="-123.594238">
				<ele>1287.202759</ele>
				<time>2026-06-21T20:10:06Z</time>
			</trkpt>
			<trkpt lat="47.858524" lon="-123.594315">
				<ele>1285.20874</ele>
				<time>2026-06-21T20:10:11Z</time>
			</trkpt>
			<trkpt lat="47.858528" lon="-123.594391">
				<ele>1288.276855</ele>
				<time>2026-06-21T20:10:16Z</time>
			</trkpt>
			<trkpt lat="47.858643" lon="-123.594696">
				<ele>1282.428711</ele>
				<time>2026-06-21T20:10:45Z</time>
			</trkpt>
			<trkpt lat="47.858639" lon="-123.595078">
				<ele>1290.515869</ele>
				<time>2026-06-21T20:11:14Z</time>
			</trkpt>
			<trkpt lat="47.858715" lon="-123.595146">
				<ele>1285.09082</ele>
				<time>2026-06-21T20:11:31Z</time>
			</trkpt>
			<trkpt lat="47.858604" lon="-123.595375">
				<ele>1290.307983</ele>
				<time>2026-06-21T20:12:20Z</time>
			</trkpt>
			<trkpt lat="47.858532" lon="-123.595558">
				<ele>1286.728394</ele>
				<time>2026-06-21T20:12:43Z</time>
			</trkpt>
			<trkpt lat="47.858471" lon="-123.595757">
				<ele>1294.480347</ele>
				<time>2026-06-21T20:12:56Z</time>
			</trkpt>
			<trkpt lat="47.858353" lon="-123.596092">
				<ele>1279.726563</ele>
				<time>2026-06-21T20:13:32Z</time>
			</trkpt>
			<trkpt lat="47.858337" lon="-123.59626">
				<ele>1284.608032</ele>
				<time>2026-06-21T20:14:11Z</time>
			</trkpt>
			<trkpt lat="47.858326" lon="-123.596329">
				<ele>1281.080322</ele>
				<time>2026-06-21T20:15:32Z</time>
			</trkpt>
			<trkpt lat="47.858322" lon="-123.596458">
				<ele>1294.867432</ele>
				<time>2026-06-21T20:16:44Z</time>
			</trkpt>
			<trkpt lat="47.858459" lon="-123.596458">
				<ele>1278.820313</ele>
				<time>2026-06-21T20:18:26Z</time>
			</trkpt>
			<trkpt lat="47.858505" lon="-123.596481">
				<ele>1279.442749</ele>
				<time>2026-06-21T20:18:35Z</time>
			</trkpt>
			<trkpt lat="47.858551" lon="-123.596474">
				<ele>1278.457275</ele>
				<time>2026-06-21T20:18:47Z</time>
			</trkpt>
			<trkpt lat="47.858578" lon="-123.596535">
				<ele>1285.085083</ele>
				<time>2026-06-21T20:19:10Z</time>
			</trkpt>
			<trkpt lat="47.858662" lon="-123.596581">
				<ele>1281.448608</ele>
				<time>2026-06-21T20:19:21Z</time>
			</trkpt>
			<trkpt lat="47.858845" lon="-123.596687">
				<ele>1284.414429</ele>
				<time>2026-06-21T20:19:40Z</time>
			</trkpt>
			<trkpt lat="47.8592" lon="-123.596725">
				<ele>1275.046997</ele>
				<time>2026-06-21T20:20:41Z</time>
			</trkpt>
			<trkpt lat="47.859276" lon="-123.596886">
				<ele>1289.98877</ele>
				<time>2026-06-21T20:21:05Z</time>
			</trkpt>
			<trkpt lat="47.859272" lon="-123.597031">
				<ele>1284.35083</ele>
				<time>2026-06-21T20:21:14Z</time>
			</trkpt>
			<trkpt lat="47.859295" lon="-123.597168">
				<ele>1289.256592</ele>
				<time>2026-06-21T20:21:24Z</time>
			</trkpt>
			<trkpt lat="47.859337" lon="-123.59758">
				<ele>1286.09082</ele>
				<time>2026-06-21T20:21:54Z</time>
			</trkpt>
			<trkpt lat="47.859352" lon="-123.597717">
				<ele>1287.776855</ele>
				<time>2026-06-21T20:22:03Z</time>
			</trkpt>
			<trkpt lat="47.85955" lon="-123.597878">
				<ele>1298.110107</ele>
				<time>2026-06-21T20:22:45Z</time>
			</trkpt>
			<trkpt lat="47.85968" lon="-123.597809">
				<ele>1293.048462</ele>
				<time>2026-06-21T20:23:02Z</time>
			</trkpt>
			<trkpt lat="47.859722" lon="-123.597832">
				<ele>1300.215942</ele>
				<time>2026-06-21T20:23:16Z</time>
			</trkpt>
			<trkpt lat="47.859768" lon="-123.597862">
				<ele>1298.306152</ele>
				<time>2026-06-21T20:23:21Z</time>
			</trkpt>
			<trkpt lat="47.859898" lon="-123.598022">
				<ele>1302.405396</ele>
				<time>2026-06-21T20:23:42Z</time>
			</trkpt>
			<trkpt lat="47.859909" lon="-123.598091">
				<ele>1302.010498</ele>
				<time>2026-06-21T20:23:47Z</time>
			</trkpt>
			<trkpt lat="47.859962" lon="-123.598282">
				<ele>1302.828247</ele>
				<time>2026-06-21T20:24:03Z</time>
			</trkpt>
			<trkpt lat="47.860035" lon="-123.598366">
				<ele>1298.750244</ele>
				<time>2026-06-21T20:24:13Z</time>
			</trkpt>
			<trkpt lat="47.860138" lon="-123.598564">
				<ele>1302.02478</ele>
				<time>2026-06-21T20:24:33Z</time>
			</trkpt>
			<trkpt lat="47.860462" lon="-123.59864">
				<ele>1295.375854</ele>
				<time>2026-06-21T20:25:15Z</time>
			</trkpt>
			<trkpt lat="47.860512" lon="-123.598648">
				<ele>1298.051392</ele>
				<time>2026-06-21T20:25:23Z</time>
			</trkpt>
			<trkpt lat="47.860603" lon="-123.598663">
				<ele>1296.766479</ele>
				<time>2026-06-21T20:25:41Z</time>
			</trkpt>
			<trkpt lat="47.860901" lon="-123.598946">
				<ele>1300.201172</ele>
				<time>2026-06-21T20:26:26Z</time>
			</trkpt>
			<trkpt lat="47.860992" lon="-123.598976">
				<ele>1303.897095</ele>
				<time>2026-06-21T20:26:40Z</time>
			</trkpt>
			<trkpt lat="47.86108" lon="-123.598984">
				<ele>1302.525269</ele>
				<time>2026-06-21T20:26:49Z</time>
			</trkpt>
			<trkpt lat="47.861176" lon="-123.598984">
				<ele>1303.514404</ele>
				<time>2026-06-21T20:27:01Z</time>
			</trkpt>
			<trkpt lat="47.861225" lon="-123.598999">
				<ele>1299.971313</ele>
				<time>2026-06-21T20:27:05Z</time>
			</trkpt>
			<trkpt lat="47.861309" lon="-123.599068">
				<ele>1305.422119</ele>
				<time>2026-06-21T20:27:21Z</time>
			</trkpt>
			<trkpt lat="47.861492" lon="-123.599266">
				<ele>1300.6427</ele>
				<time>2026-06-21T20:27:47Z</time>
			</trkpt>
			<trkpt lat="47.861504" lon="-123.599487">
				<ele>1307.00647</ele>
				<time>2026-06-21T20:28:03Z</time>
			</trkpt>
			<trkpt lat="47.861546" lon="-123.599831">
				<ele>1295.458496</ele>
				<time>2026-06-21T20:28:30Z</time>
			</trkpt>
			<trkpt lat="47.861557" lon="-123.599968">
				<ele>1294.286011</ele>
				<time>2026-06-21T20:28:39Z</time>
			</trkpt>
			<trkpt lat="47.861549" lon="-123.600098">
				<ele>1295.162476</ele>
				<time>2026-06-21T20:29:13Z</time>
			</trkpt>
			<trkpt lat="47.861523" lon="-123.600449">
				<ele>1292.114258</ele>
				<time>2026-06-21T20:29:36Z</time>
			</trkpt>
			<trkpt lat="47.861591" lon="-123.600731">
				<ele>1295.040894</ele>
				<time>2026-06-21T20:30:00Z</time>
			</trkpt>
			<trkpt lat="47.861591" lon="-123.600807">
				<ele>1293.37207</ele>
				<time>2026-06-21T20:30:16Z</time>
			</trkpt>
			<trkpt lat="47.861633" lon="-123.600861">
				<ele>1294.300415</ele>
				<time>2026-06-21T20:30:25Z</time>
			</trkpt>
			<trkpt lat="47.861847" lon="-123.600876">
				<ele>1302.638184</ele>
				<time>2026-06-21T20:31:03Z</time>
			</trkpt>
			<trkpt lat="47.862118" lon="-123.600914">
				<ele>1297.809326</ele>
				<time>2026-06-21T20:31:54Z</time>
			</trkpt>
			<trkpt lat="47.862469" lon="-123.601189">
				<ele>1311.990967</ele>
				<time>2026-06-21T20:33:39Z</time>
			</trkpt>
			<trkpt lat="47.862572" lon="-123.601036">
				<ele>1315.82312</ele>
				<time>2026-06-21T20:34:08Z</time>
			</trkpt>
			<trkpt lat="47.862877" lon="-123.601181">
				<ele>1330.424194</ele>
				<time>2026-06-21T20:37:06Z</time>
			</trkpt>
			<trkpt lat="47.862942" lon="-123.601021">
				<ele>1327.53064</ele>
				<time>2026-06-21T20:38:02Z</time>
			</trkpt>
			<trkpt lat="47.86327" lon="-123.600929">
				<ele>1353.38269</ele>
				<time>2026-06-21T20:41:24Z</time>
			</trkpt>
			<trkpt lat="47.863361" lon="-123.600929">
				<ele>1357.316772</ele>
				<time>2026-06-21T20:42:08Z</time>
			</trkpt>
			<trkpt lat="47.863445" lon="-123.600983">
				<ele>1354.752319</ele>
				<time>2026-06-21T20:42:28Z</time>
			</trkpt>
			<trkpt lat="47.863503" lon="-123.601151">
				<ele>1357.534058</ele>
				<time>2026-06-21T20:42:55Z</time>
			</trkpt>
			<trkpt lat="47.863892" lon="-123.600937">
				<ele>1384.13269</ele>
				<time>2026-06-21T20:46:54Z</time>
			</trkpt>
			<trkpt lat="47.863991" lon="-123.601044">
				<ele>1383.24231</ele>
				<time>2026-06-21T20:47:26Z</time>
			</trkpt>
			<trkpt lat="47.864071" lon="-123.601089">
				<ele>1385.928345</ele>
				<time>2026-06-21T20:48:24Z</time>
			</trkpt>
			<trkpt lat="47.864147" lon="-123.600792">
				<ele>1395.593018</ele>
				<time>2026-06-21T20:50:18Z</time>
			</trkpt>
			<trkpt lat="47.864227" lon="-123.600838">
				<ele>1405.683594</ele>
				<time>2026-06-21T20:51:01Z</time>
			</trkpt>
			<trkpt lat="47.864265" lon="-123.600883">
				<ele>1405.870728</ele>
				<time>2026-06-21T20:51:21Z</time>
			</trkpt>
			<trkpt lat="47.864319" lon="-123.60099">
				<ele>1403.867798</ele>
				<time>2026-06-21T20:51:37Z</time>
			</trkpt>
			<trkpt lat="47.864376" lon="-123.601006">
				<ele>1407.045044</ele>
				<time>2026-06-21T20:52:04Z</time>
			</trkpt>
			<trkpt lat="47.864414" lon="-123.600983">
				<ele>1405.352783</ele>
				<time>2026-06-21T20:52:20Z</time>
			</trkpt>
			<trkpt lat="47.864536" lon="-123.600815">
				<ele>1420.168945</ele>
				<time>2026-06-21T20:54:26Z</time>
			</trkpt>
			<trkpt lat="47.86459" lon="-123.600517">
				<ele>1423.181885</ele>
				<time>2026-06-21T20:56:14Z</time>
			</trkpt>
			<trkpt lat="47.864624" lon="-123.60041">
				<ele>1427.98645</ele>
				<time>2026-06-21T20:56:44Z</time>
			</trkpt>
			<trkpt lat="47.864666" lon="-123.600395">
				<ele>1427.04541</ele>
				<time>2026-06-21T21:04:19Z</time>
			</trkpt>
			<trkpt lat="47.865322" lon="-123.600159">
				<ele>1469.49707</ele>
				<time>2026-06-21T21:15:10Z</time>
			</trkpt>
			<trkpt lat="47.865524" lon="-123.599915">
				<ele>1507.753784</ele>
				<time>2026-06-21T21:19:38Z</time>
			</trkpt>
			<trkpt lat="47.865612" lon="-123.599922">
				<ele>1501.447632</ele>
				<time>2026-06-21T21:20:56Z</time>
			</trkpt>
			<trkpt lat="47.86565" lon="-123.599953">
				<ele>1497.764893</ele>
				<time>2026-06-21T21:21:22Z</time>
			</trkpt>
			<trkpt lat="47.865696" lon="-123.600121">
				<ele>1503.941284</ele>
				<time>2026-06-21T21:24:34Z</time>
			</trkpt>
			<trkpt lat="47.865757" lon="-123.600212">
				<ele>1502.21167</ele>
				<time>2026-06-21T21:25:04Z</time>
			</trkpt>
			<trkpt lat="47.865746" lon="-123.600273">
				<ele>1503.221313</ele>
				<time>2026-06-21T21:25:34Z</time>
			</trkpt>
			<trkpt lat="47.865746" lon="-123.600342">
				<ele>1502.947632</ele>
				<time>2026-06-21T21:27:03Z</time>
			</trkpt>
			<trkpt lat="47.866043" lon="-123.600548">
				<ele>1538.550171</ele>
				<time>2026-06-21T21:37:49Z</time>
			</trkpt>
			<trkpt lat="47.866108" lon="-123.600578">
				<ele>1525.291382</ele>
				<time>2026-06-21T21:43:20Z</time>
			</trkpt>
			<trkpt lat="47.866264" lon="-123.600502">
				<ele>1538.630005</ele>
				<time>2026-06-21T21:45:16Z</time>
			</trkpt>
			<trkpt lat="47.866306" lon="-123.600479">
				<ele>1534.9375</ele>
				<time>2026-06-21T21:45:55Z</time>
			</trkpt>
			<trkpt lat="47.866325" lon="-123.600418">
				<ele>1535.266357</ele>
				<time>2026-06-21T21:46:33Z</time>
			</trkpt>
			<trkpt lat="47.866325" lon="-123.600334">
				<ele>1553.086304</ele>
				<time>2026-06-21T21:48:33Z</time>
			</trkpt>
			<trkpt lat="47.866371" lon="-123.600342">
				<ele>1553.878174</ele>
				<time>2026-06-21T21:48:59Z</time>
			</trkpt>
			<trkpt lat="47.866413" lon="-123.600357">
				<ele>1552.031494</ele>
				<time>2026-06-21T21:49:20Z</time>
			</trkpt>
			<trkpt lat="47.866581" lon="-123.600449">
				<ele>1568.054443</ele>
				<time>2026-06-21T21:52:08Z</time>
			</trkpt>
			<trkpt lat="47.866596" lon="-123.600906">
				<ele>1586.367188</ele>
				<time>2026-06-21T21:55:17Z</time>
			</trkpt>
			<trkpt lat="47.866627" lon="-123.601089">
				<ele>1577.866211</ele>
				<time>2026-06-21T21:56:39Z</time>
			</trkpt>
			<trkpt lat="47.866848" lon="-123.601234">
				<ele>1592.257202</ele>
				<time>2026-06-21T22:08:03Z</time>
			</trkpt>
			<trkpt lat="47.866879" lon="-123.60128">
				<ele>1589.407227</ele>
				<time>2026-06-21T22:09:00Z</time>
			</trkpt>
			<trkpt lat="47.86692" lon="-123.601242">
				<ele>1592.758789</ele>
				<time>2026-06-21T22:11:09Z</time>
			</trkpt>
			<trkpt lat="47.867031" lon="-123.601143">
				<ele>1583.889038</ele>
				<time>2026-06-21T22:12:47Z</time>
			</trkpt>
			<trkpt lat="47.867168" lon="-123.601067">
				<ele>1615.099487</ele>
				<time>2026-06-21T22:18:51Z</time>
			</trkpt>
			<trkpt lat="47.867378" lon="-123.600945">
				<ele>1604.496704</ele>
				<time>2026-06-21T22:20:05Z</time>
			</trkpt>
			<trkpt lat="47.867371" lon="-123.60096">
				<ele>1633.17749</ele>
				<time>2026-06-21T22:22:27Z</time>
			</trkpt>
			<trkpt lat="47.867409" lon="-123.600929">
				<ele>1629.710205</ele>
				<time>2026-06-21T22:22:41Z</time>
			</trkpt>
			<trkpt lat="47.86763" lon="-123.600899">
				<ele>1651.429565</ele>
				<time>2026-06-21T22:27:25Z</time>
			</trkpt>
			<trkpt lat="47.867779" lon="-123.601479">
				<ele>1662.857422</ele>
				<time>2026-06-21T22:29:25Z</time>
			</trkpt>
			<trkpt lat="47.86779" lon="-123.60154">
				<ele>1660.538452</ele>
				<time>2026-06-21T22:29:36Z</time>
			</trkpt>
			<trkpt lat="47.867813" lon="-123.601669">
				<ele>1662.929443</ele>
				<time>2026-06-21T22:30:09Z</time>
			</trkpt>
			<trkpt lat="47.867847" lon="-123.601784">
				<ele>1661.905151</ele>
				<time>2026-06-21T22:30:27Z</time>
			</trkpt>
			<trkpt lat="47.867863" lon="-123.601845">
				<ele>1662.762695</ele>
				<time>2026-06-21T22:30:40Z</time>
			</trkpt>
			<trkpt lat="47.86792" lon="-123.601952">
				<ele>1659.98291</ele>
				<time>2026-06-21T22:32:11Z</time>
			</trkpt>
			<trkpt lat="47.868061" lon="-123.602173">
				<ele>1647.443359</ele>
				<time>2026-06-21T22:33:45Z</time>
			</trkpt>
			<trkpt lat="47.868065" lon="-123.602242">
				<ele>1647.411133</ele>
				<time>2026-06-21T22:33:55Z</time>
			</trkpt>
			<trkpt lat="47.868057" lon="-123.602303">
				<ele>1648.848999</ele>
				<time>2026-06-21T22:34:08Z</time>
			</trkpt>
			<trkpt lat="47.868011" lon="-123.602676">
				<ele>1639.657104</ele>
				<time>2026-06-21T22:35:36Z</time>
			</trkpt>
			<trkpt lat="47.868008" lon="-123.602737">
				<ele>1640.043701</ele>
				<time>2026-06-21T22:35:50Z</time>
			</trkpt>
			<trkpt lat="47.867996" lon="-123.603012">
				<ele>1636.842407</ele>
				<time>2026-06-21T22:36:34Z</time>
			</trkpt>
			<trkpt lat="47.867981" lon="-123.603073">
				<ele>1638.259888</ele>
				<time>2026-06-21T22:36:44Z</time>
			</trkpt>
			<trkpt lat="47.867939" lon="-123.603325">
				<ele>1633.003174</ele>
				<time>2026-06-21T22:37:40Z</time>
			</trkpt>
			<trkpt lat="47.867924" lon="-123.603462">
				<ele>1635.12561</ele>
				<time>2026-06-21T22:38:08Z</time>
			</trkpt>
			<trkpt lat="47.867889" lon="-123.603508">
				<ele>1634.668945</ele>
				<time>2026-06-21T22:38:15Z</time>
			</trkpt>
			<trkpt lat="47.867783" lon="-123.603935">
				<ele>1627.002441</ele>
				<time>2026-06-21T22:39:58Z</time>
			</trkpt>
			<trkpt lat="47.867805" lon="-123.604202">
				<ele>1632.700684</ele>
				<time>2026-06-21T22:40:59Z</time>
			</trkpt>
			<trkpt lat="47.867794" lon="-123.604271">
				<ele>1630.939087</ele>
				<time>2026-06-21T22:41:12Z</time>
			</trkpt>
			<trkpt lat="47.867786" lon="-123.60434">
				<ele>1631.860596</ele>
				<time>2026-06-21T22:41:22Z</time>
			</trkpt>
			<trkpt lat="47.867748" lon="-123.604385">
				<ele>1631.850342</ele>
				<time>2026-06-21T22:41:32Z</time>
			</trkpt>
			<trkpt lat="47.867645" lon="-123.604958">
				<ele>1619.181885</ele>
				<time>2026-06-21T22:44:00Z</time>
			</trkpt>
			<trkpt lat="47.867687" lon="-123.605072">
				<ele>1620.653442</ele>
				<time>2026-06-21T22:44:21Z</time>
			</trkpt>
			<trkpt lat="47.867558" lon="-123.605232">
				<ele>1606.482788</ele>
				<time>2026-06-21T22:45:55Z</time>
			</trkpt>
			<trkpt lat="47.867569" lon="-123.605301">
				<ele>1606.626587</ele>
				<time>2026-06-21T22:46:02Z</time>
			</trkpt>
			<trkpt lat="47.86758" lon="-123.60537">
				<ele>1606.102051</ele>
				<time>2026-06-21T22:46:09Z</time>
			</trkpt>
			<trkpt lat="47.867599" lon="-123.605507">
				<ele>1606.606689</ele>
				<time>2026-06-21T22:46:22Z</time>
			</trkpt>
			<trkpt lat="47.867611" lon="-123.605637">
				<ele>1605.510132</ele>
				<time>2026-06-21T22:46:37Z</time>
			</trkpt>
			<trkpt lat="47.867794" lon="-123.606026">
				<ele>1612.832397</ele>
				<time>2026-06-21T22:47:53Z</time>
			</trkpt>
			<trkpt lat="47.867817" lon="-123.606079">
				<ele>1613.223633</ele>
				<time>2026-06-21T22:48:02Z</time>
			</trkpt>
			<trkpt lat="47.867836" lon="-123.606133">
				<ele>1612.464478</ele>
				<time>2026-06-21T22:48:17Z</time>
			</trkpt>
			<trkpt lat="47.868038" lon="-123.606483">
				<ele>1617.424683</ele>
				<time>2026-06-21T22:50:02Z</time>
			</trkpt>
			<trkpt lat="47.868073" lon="-123.606529">
				<ele>1617.054199</ele>
				<time>2026-06-21T22:50:14Z</time>
			</trkpt>
			<trkpt lat="47.868145" lon="-123.606773">
				<ele>1622.133545</ele>
				<time>2026-06-21T22:51:16Z</time>
			</trkpt>
			<trkpt lat="47.868141" lon="-123.606911">
				<ele>1620.21106</ele>
				<time>2026-06-21T22:51:48Z</time>
			</trkpt>
			<trkpt lat="47.868134" lon="-123.607109">
				<ele>1625.255005</ele>
				<time>2026-06-21T22:52:53Z</time>
			</trkpt>
			<trkpt lat="47.868031" lon="-123.607323">
				<ele>1619.606567</ele>
				<time>2026-06-21T22:54:26Z</time>
			</trkpt>
			<trkpt lat="47.867973" lon="-123.607552">
				<ele>1626.019775</ele>
				<time>2026-06-21T22:55:45Z</time>
			</trkpt>
			<trkpt lat="47.867954" lon="-123.60762">
				<ele>1622.244019</ele>
				<time>2026-06-21T22:56:18Z</time>
			</trkpt>
			<trkpt lat="47.867943" lon="-123.607681">
				<ele>1621.738159</ele>
				<time>2026-06-21T22:57:01Z</time>
			</trkpt>
			<trkpt lat="47.867954" lon="-123.60775">
				<ele>1622.935303</ele>
				<time>2026-06-21T22:59:34Z</time>
			</trkpt>
			<trkpt lat="47.867939" lon="-123.607811">
				<ele>1621.339478</ele>
				<time>2026-06-21T22:59:43Z</time>
			</trkpt>
			<trkpt lat="47.868019" lon="-123.607857">
				<ele>1628.036621</ele>
				<time>2026-06-21T23:00:55Z</time>
			</trkpt>
			<trkpt lat="47.868027" lon="-123.608131">
				<ele>1624.565796</ele>
				<time>2026-06-21T23:01:50Z</time>
			</trkpt>
			<trkpt lat="47.868042" lon="-123.608192">
				<ele>1630.839355</ele>
				<time>2026-06-21T23:02:13Z</time>
			</trkpt>
			<trkpt lat="47.868042" lon="-123.608261">
				<ele>1629.894897</ele>
				<time>2026-06-21T23:02:23Z</time>
			</trkpt>
			<trkpt lat="47.868057" lon="-123.608337">
				<ele>1630.800781</ele>
				<time>2026-06-21T23:02:33Z</time>
			</trkpt>
			<trkpt lat="47.868053" lon="-123.608536">
				<ele>1626.25061</ele>
				<time>2026-06-21T23:03:42Z</time>
			</trkpt>
			<trkpt lat="47.868122" lon="-123.608612">
				<ele>1634.204468</ele>
				<time>2026-06-21T23:04:47Z</time>
			</trkpt>
			<trkpt lat="47.868126" lon="-123.608673">
				<ele>1632.660522</ele>
				<time>2026-06-21T23:04:54Z</time>
			</trkpt>
			<trkpt lat="47.868126" lon="-123.608749">
				<ele>1633.266235</ele>
				<time>2026-06-21T23:05:06Z</time>
			</trkpt>
			<trkpt lat="47.868118" lon="-123.608887">
				<ele>1632.46582</ele>
				<time>2026-06-21T23:05:24Z</time>
			</trkpt>
			<trkpt lat="47.868118" lon="-123.609009">
				<ele>1636.994141</ele>
				<time>2026-06-21T23:05:45Z</time>
			</trkpt>
			<trkpt lat="47.868114" lon="-123.609077">
				<ele>1637.834595</ele>
				<time>2026-06-21T23:05:55Z</time>
			</trkpt>
			<trkpt lat="47.868099" lon="-123.609138">
				<ele>1635.981079</ele>
				<time>2026-06-21T23:06:09Z</time>
			</trkpt>
			<trkpt lat="47.868034" lon="-123.609573">
				<ele>1642.807739</ele>
				<time>2026-06-21T23:07:29Z</time>
			</trkpt>
			<trkpt lat="47.867966" lon="-123.610008">
				<ele>1634.081787</ele>
				<time>2026-06-21T23:09:05Z</time>
			</trkpt>
			<trkpt lat="47.867928" lon="-123.610199">
				<ele>1635.807617</ele>
				<time>2026-06-21T23:09:32Z</time>
			</trkpt>
			<trkpt lat="47.867935" lon="-123.610275">
				<ele>1634.818604</ele>
				<time>2026-06-21T23:09:42Z</time>
			</trkpt>
			<trkpt lat="47.867939" lon="-123.610397">
				<ele>1628.260742</ele>
				<time>2026-06-21T23:10:52Z</time>
			</trkpt>
			<trkpt lat="47.86795" lon="-123.610542">
				<ele>1635.840454</ele>
				<time>2026-06-21T23:12:32Z</time>
			</trkpt>
			<trkpt lat="47.867893" lon="-123.610779">
				<ele>1629.782593</ele>
				<time>2026-06-21T23:13:09Z</time>
			</trkpt>
			<trkpt lat="47.867878" lon="-123.61084">
				<ele>1631.299316</ele>
				<time>2026-06-21T23:13:23Z</time>
			</trkpt>
			<trkpt lat="47.867851" lon="-123.610794">
				<ele>1632.073975</ele>
				<time>2026-06-21T23:25:04Z</time>
			</trkpt>
			<trkpt lat="47.867481" lon="-123.610657">
				<ele>1606.738403</ele>
				<time>2026-06-21T23:27:46Z</time>
			</trkpt>
			<trkpt lat="47.867466" lon="-123.610725">
				<ele>1607.421509</ele>
				<time>2026-06-21T23:27:55Z</time>
			</trkpt>
			<trkpt lat="47.867401" lon="-123.610809">
				<ele>1605.45752</ele>
				<time>2026-06-21T23:28:12Z</time>
			</trkpt>
			<trkpt lat="47.867352" lon="-123.610992">
				<ele>1606.780762</ele>
				<time>2026-06-21T23:28:33Z</time>
			</trkpt>
			<trkpt lat="47.867313" lon="-123.611038">
				<ele>1606.448853</ele>
				<time>2026-06-21T23:28:42Z</time>
			</trkpt>
			<trkpt lat="47.867229" lon="-123.611198">
				<ele>1610.121704</ele>
				<time>2026-06-21T23:29:15Z</time>
			</trkpt>
			<trkpt lat="47.867058" lon="-123.611427">
				<ele>1603.795288</ele>
				<time>2026-06-21T23:30:08Z</time>
			</trkpt>
			<trkpt lat="47.867085" lon="-123.611488">
				<ele>1616.800537</ele>
				<time>2026-06-21T23:33:09Z</time>
			</trkpt>
			<trkpt lat="47.867039" lon="-123.611679">
				<ele>1610.31311</ele>
				<time>2026-06-21T23:33:40Z</time>
			</trkpt>
			<trkpt lat="47.867008" lon="-123.611801">
				<ele>1615.049927</ele>
				<time>2026-06-21T23:34:08Z</time>
			</trkpt>
			<trkpt lat="47.866962" lon="-123.611786">
				<ele>1610.096558</ele>
				<time>2026-06-21T23:36:05Z</time>
			</trkpt>
			<trkpt lat="47.867077" lon="-123.611786">
				<ele>1622.334473</ele>
				<time>2026-06-21T23:40:23Z</time>
			</trkpt>
			<trkpt lat="47.867065" lon="-123.612038">
				<ele>1623.838623</ele>
				<time>2026-06-21T23:41:28Z</time>
			</trkpt>
			<trkpt lat="47.867111" lon="-123.612213">
				<ele>1632.646362</ele>
				<time>2026-06-21T23:43:04Z</time>
			</trkpt>
			<trkpt lat="47.8671" lon="-123.612282">
				<ele>1631.908325</ele>
				<time>2026-06-21T23:43:14Z</time>
			</trkpt>
			<trkpt lat="47.866459" lon="-123.612709">
				<ele>1599.596191</ele>
				<time>2026-06-21T23:46:36Z</time>
			</trkpt>
			<trkpt lat="47.866421" lon="-123.612755">
				<ele>1598.221069</ele>
				<time>2026-06-21T23:46:43Z</time>
			</trkpt>
			<trkpt lat="47.866386" lon="-123.612808">
				<ele>1599.456299</ele>
				<time>2026-06-21T23:46:50Z</time>
			</trkpt>
			<trkpt lat="47.86636" lon="-123.612869">
				<ele>1599.22168</ele>
				<time>2026-06-21T23:47:00Z</time>
			</trkpt>
			<trkpt lat="47.866348" lon="-123.613014">
				<ele>1596.757568</ele>
				<time>2026-06-21T23:47:21Z</time>
			</trkpt>
			<trkpt lat="47.866417" lon="-123.613457">
				<ele>1605.797607</ele>
				<time>2026-06-21T23:48:34Z</time>
			</trkpt>
			<trkpt lat="47.86644" lon="-123.613579">
				<ele>1605.036377</ele>
				<time>2026-06-21T23:48:53Z</time>
			</trkpt>
			<trkpt lat="47.866432" lon="-123.613777">
				<ele>1606.942993</ele>
				<time>2026-06-21T23:49:28Z</time>
			</trkpt>
			<trkpt lat="47.866436" lon="-123.613899">
				<ele>1605.125122</ele>
				<time>2026-06-21T23:49:46Z</time>
			</trkpt>
			<trkpt lat="47.866432" lon="-123.614105">
				<ele>1610.043457</ele>
				<time>2026-06-21T23:50:15Z</time>
			</trkpt>
			<trkpt lat="47.866417" lon="-123.614174">
				<ele>1607.71228</ele>
				<time>2026-06-21T23:50:24Z</time>
			</trkpt>
			<trkpt lat="47.866425" lon="-123.614372">
				<ele>1610.048706</ele>
				<time>2026-06-21T23:50:49Z</time>
			</trkpt>
			<trkpt lat="47.866432" lon="-123.614441">
				<ele>1607.628174</ele>
				<time>2026-06-21T23:50:57Z</time>
			</trkpt>
			<trkpt lat="47.866413" lon="-123.614494">
				<ele>1609.427734</ele>
				<time>2026-06-21T23:51:42Z</time>
			</trkpt>
			<trkpt lat="47.86639" lon="-123.614555">
				<ele>1608.30957</ele>
				<time>2026-06-21T23:51:54Z</time>
			</trkpt>
			<trkpt lat="47.866451" lon="-123.614632">
				<ele>1616.125977</ele>
				<time>2026-06-21T23:53:02Z</time>
			</trkpt>
			<trkpt lat="47.866482" lon="-123.614754">
				<ele>1613.505859</ele>
				<time>2026-06-21T23:53:25Z</time>
			</trkpt>
			<trkpt lat="47.866486" lon="-123.614822">
				<ele>1616.14917</ele>
				<time>2026-06-21T23:53:38Z</time>
			</trkpt>
			<trkpt lat="47.866467" lon="-123.615166">
				<ele>1612.687256</ele>
				<time>2026-06-21T23:54:19Z</time>
			</trkpt>
			<trkpt lat="47.866413" lon="-123.615265">
				<ele>1616.839111</ele>
				<time>2026-06-21T23:55:59Z</time>
			</trkpt>
			<trkpt lat="47.866287" lon="-123.615532">
				<ele>1613.076416</ele>
				<time>2026-06-21T23:57:30Z</time>
			</trkpt>
			<trkpt lat="47.866276" lon="-123.615646">
				<ele>1615.078003</ele>
				<time>2026-06-21T23:57:53Z</time>
			</trkpt>
			<trkpt lat="47.866276" lon="-123.615715">
				<ele>1613.685791</ele>
				<time>2026-06-21T23:58:00Z</time>
			</trkpt>
			<trkpt lat="47.86631" lon="-123.615906">
				<ele>1620.137695</ele>
				<time>2026-06-21T23:58:29Z</time>
			</trkpt>
			<trkpt lat="47.866337" lon="-123.615959">
				<ele>1620.776001</ele>
				<time>2026-06-21T23:58:37Z</time>
			</trkpt>
			<trkpt lat="47.866348" lon="-123.616028">
				<ele>1619.588623</ele>
				<time>2026-06-21T23:58:45Z</time>
			</trkpt>
			<trkpt lat="47.866364" lon="-123.616096">
				<ele>1620.144775</ele>
				<time>2026-06-21T23:58:54Z</time>
			</trkpt>
			<trkpt lat="47.866367" lon="-123.616234">
				<ele>1619.645752</ele>
				<time>2026-06-21T23:59:11Z</time>
			</trkpt>
			<trkpt lat="47.866413" lon="-123.616364">
				<ele>1620.364746</ele>
				<time>2026-06-21T23:59:32Z</time>
			</trkpt>
			<trkpt lat="47.86644" lon="-123.616486">
				<ele>1623.891846</ele>
				<time>2026-06-21T23:59:54Z</time>
			</trkpt>
			<trkpt lat="47.866508" lon="-123.616661">
				<ele>1617.678223</ele>
				<time>2026-06-22T00:00:17Z</time>
			</trkpt>
			<trkpt lat="47.866554" lon="-123.616791">
				<ele>1623.169189</ele>
				<time>2026-06-22T00:00:40Z</time>
			</trkpt>
			<trkpt lat="47.866604" lon="-123.616905">
				<ele>1625.253052</ele>
				<time>2026-06-22T00:01:00Z</time>
			</trkpt>
			<trkpt lat="47.866653" lon="-123.617012">
				<ele>1623.654907</ele>
				<time>2026-06-22T00:01:16Z</time>
			</trkpt>
			<trkpt lat="47.86668" lon="-123.617065">
				<ele>1623.693359</ele>
				<time>2026-06-22T00:01:28Z</time>
			</trkpt>
			<trkpt lat="47.866741" lon="-123.617157">
				<ele>1627.255859</ele>
				<time>2026-06-22T00:01:58Z</time>
			</trkpt>
			<trkpt lat="47.866776" lon="-123.61747">
				<ele>1623.669067</ele>
				<time>2026-06-22T00:03:26Z</time>
			</trkpt>
			<trkpt lat="47.866787" lon="-123.617531">
				<ele>1624.372192</ele>
				<time>2026-06-22T00:03:36Z</time>
			</trkpt>
			<trkpt lat="47.866764" lon="-123.617661">
				<ele>1621.033813</ele>
				<time>2026-06-22T00:03:58Z</time>
			</trkpt>
			<trkpt lat="47.866783" lon="-123.617722">
				<ele>1622.453369</ele>
				<time>2026-06-22T00:04:10Z</time>
			</trkpt>
			<trkpt lat="47.866772" lon="-123.617783">
				<ele>1620.155762</ele>
				<time>2026-06-22T00:04:22Z</time>
			</trkpt>
			<trkpt lat="47.866795" lon="-123.617851">
				<ele>1620.899048</ele>
				<time>2026-06-22T00:04:35Z</time>
			</trkpt>
			<trkpt lat="47.866829" lon="-123.617897">
				<ele>1617.788086</ele>
				<time>2026-06-22T00:04:45Z</time>
			</trkpt>
			<trkpt lat="47.86689" lon="-123.617996">
				<ele>1620.319458</ele>
				<time>2026-06-22T00:05:07Z</time>
			</trkpt>
			<trkpt lat="47.866966" lon="-123.618309">
				<ele>1616.686646</ele>
				<time>2026-06-22T00:06:08Z</time>
			</trkpt>
			<trkpt lat="47.866974" lon="-123.618378">
				<ele>1617.148071</ele>
				<time>2026-06-22T00:06:16Z</time>
			</trkpt>
			<trkpt lat="47.866997" lon="-123.619049">
				<ele>1607.201294</ele>
				<time>2026-06-22T00:07:45Z</time>
			</trkpt>
			<trkpt lat="47.866997" lon="-123.619118">
				<ele>1609.661255</ele>
				<time>2026-06-22T00:07:58Z</time>
			</trkpt>
			<trkpt lat="47.86702" lon="-123.619186">
				<ele>1607.160889</ele>
				<time>2026-06-22T00:08:10Z</time>
			</trkpt>
			<trkpt lat="47.867069" lon="-123.619308">
				<ele>1608.519775</ele>
				<time>2026-06-22T00:08:37Z</time>
			</trkpt>
			<trkpt lat="47.867138" lon="-123.6194">
				<ele>1605.804443</ele>
				<time>2026-06-22T00:09:01Z</time>
			</trkpt>
			<trkpt lat="47.867161" lon="-123.619461">
				<ele>1607.043823</ele>
				<time>2026-06-22T00:09:11Z</time>
			</trkpt>
			<trkpt lat="47.867207" lon="-123.619598">
				<ele>1605.201294</ele>
				<time>2026-06-22T00:09:37Z</time>
			</trkpt>
			<trkpt lat="47.867214" lon="-123.61972">
				<ele>1608.09375</ele>
				<time>2026-06-22T00:10:02Z</time>
			</trkpt>
			<trkpt lat="47.867184" lon="-123.619995">
				<ele>1601.497192</ele>
				<time>2026-06-22T00:10:48Z</time>
			</trkpt>
			<trkpt lat="47.86734" lon="-123.619507">
				<ele>1621.53772</ele>
				<time>2026-06-22T00:19:27Z</time>
			</trkpt>
			<trkpt lat="47.867367" lon="-123.619453">
				<ele>1621.977783</ele>
				<time>2026-06-22T00:19:57Z</time>
			</trkpt>
			<trkpt lat="47.867409" lon="-123.619461">
				<ele>1617.604126</ele>
				<time>2026-06-22T00:25:40Z</time>
			</trkpt>
			<trkpt lat="47.86739" lon="-123.618889">
				<ele>1631.804443</ele>
				<time>2026-06-22T00:30:37Z</time>
			</trkpt>
			<trkpt lat="47.867508" lon="-123.618645">
				<ele>1647.95752</ele>
				<time>2026-06-22T00:32:44Z</time>
			</trkpt>
			<trkpt lat="47.867657" lon="-123.618614">
				<ele>1628.96521</ele>
				<time>2026-06-22T00:35:28Z</time>
			</trkpt>
			<trkpt lat="47.867722" lon="-123.618515">
				<ele>1625.394409</ele>
				<time>2026-06-22T00:36:11Z</time>
			</trkpt>
			<trkpt lat="47.867744" lon="-123.618454">
				<ele>1625.067505</ele>
				<time>2026-06-22T00:36:44Z</time>
			</trkpt>
			<trkpt lat="47.867764" lon="-123.618393">
				<ele>1625.609863</ele>
				<time>2026-06-22T00:37:01Z</time>
			</trkpt>
			<trkpt lat="47.867889" lon="-123.618134">
				<ele>1621.909668</ele>
				<time>2026-06-22T00:38:04Z</time>
			</trkpt>
			<trkpt lat="47.868027" lon="-123.61795">
				<ele>1624.345947</ele>
				<time>2026-06-22T00:38:48Z</time>
			</trkpt>
			<trkpt lat="47.868137" lon="-123.617828">
				<ele>1620.782959</ele>
				<time>2026-06-22T00:39:14Z</time>
			</trkpt>
			<trkpt lat="47.868168" lon="-123.617783">
				<ele>1621.820801</ele>
				<time>2026-06-22T00:39:26Z</time>
			</trkpt>
			<trkpt lat="47.868389" lon="-123.617691">
				<ele>1620.213013</ele>
				<time>2026-06-22T00:40:24Z</time>
			</trkpt>
			<trkpt lat="47.868431" lon="-123.617691">
				<ele>1621.304443</ele>
				<time>2026-06-22T00:40:35Z</time>
			</trkpt>
			<trkpt lat="47.868523" lon="-123.617653">
				<ele>1619.91272</ele>
				<time>2026-06-22T00:40:57Z</time>
			</trkpt>
			<trkpt lat="47.868958" lon="-123.617569">
				<ele>1605.590576</ele>
				<time>2026-06-22T00:42:55Z</time>
			</trkpt>
			<trkpt lat="47.869049" lon="-123.617706">
				<ele>1608.056396</ele>
				<time>2026-06-22T00:43:36Z</time>
			</trkpt>
			<trkpt lat="47.869133" lon="-123.617836">
				<ele>1601.097168</ele>
				<time>2026-06-22T01:04:12Z</time>
			</trkpt>
			<trkpt lat="47.869087" lon="-123.617859">
				<ele>1605.276001</ele>
				<time>2026-06-22T01:08:23Z</time>
			</trkpt>
			<trkpt lat="47.869179" lon="-123.617844">
				<ele>1602.826782</ele>
				<time>2026-06-22T01:10:18Z</time>
			</trkpt>
			<trkpt lat="47.869267" lon="-123.617821">
				<ele>1605.899658</ele>
				<time>2026-06-22T01:11:54Z</time>
			</trkpt>
			<trkpt lat="47.869492" lon="-123.617638">
				<ele>1599.10022</ele>
				<time>2026-06-22T01:13:29Z</time>
			</trkpt>
			<trkpt lat="47.869534" lon="-123.617638">
				<ele>1599.213867</ele>
				<time>2026-06-22T01:13:52Z</time>
			</trkpt>
			<trkpt lat="47.869648" lon="-123.617722">
				<ele>1591.890747</ele>
				<time>2026-06-22T01:14:41Z</time>
			</trkpt>
			<trkpt lat="47.869686" lon="-123.617752">
				<ele>1591.965942</ele>
				<time>2026-06-22T01:14:55Z</time>
			</trkpt>
			<trkpt lat="47.870003" lon="-123.617966">
				<ele>1587.78894</ele>
				<time>2026-06-22T01:17:15Z</time>
			</trkpt>
			<trkpt lat="47.870041" lon="-123.617996">
				<ele>1589.964111</ele>
				<time>2026-06-22T01:17:38Z</time>
			</trkpt>
			<trkpt lat="47.870327" lon="-123.618034">
				<ele>1585.824463</ele>
				<time>2026-06-22T01:19:03Z</time>
			</trkpt>
			<trkpt lat="47.870365" lon="-123.61808">
				<ele>1585.755737</ele>
				<time>2026-06-22T01:19:19Z</time>
			</trkpt>
			<trkpt lat="47.870407" lon="-123.618111">
				<ele>1590.560303</ele>
				<time>2026-06-22T01:19:39Z</time>
			</trkpt>
			<trkpt lat="47.87043" lon="-123.618164">
				<ele>1589.012817</ele>
				<time>2026-06-22T01:20:01Z</time>
			</trkpt>
			<trkpt lat="47.870663" lon="-123.618446">
				<ele>1596.293457</ele>
				<time>2026-06-22T01:21:45Z</time>
			</trkpt>
			<trkpt lat="47.870682" lon="-123.618507">
				<ele>1595.724365</ele>
				<time>2026-06-22T01:21:55Z</time>
			</trkpt>
			<trkpt lat="47.870716" lon="-123.618553">
				<ele>1596.658447</ele>
				<time>2026-06-22T01:22:14Z</time>
			</trkpt>
			<trkpt lat="47.870811" lon="-123.618683">
				<ele>1596.162476</ele>
				<time>2026-06-22T01:23:16Z</time>
			</trkpt>
			<trkpt lat="47.870911" lon="-123.61882">
				<ele>1597.254639</ele>
				<time>2026-06-22T01:24:28Z</time>
			</trkpt>
			<trkpt lat="47.871025" lon="-123.619194">
				<ele>1606.326172</ele>
				<time>2026-06-22T01:26:04Z</time>
			</trkpt>
			<trkpt lat="47.870998" lon="-123.619507">
				<ele>1599.758911</ele>
				<time>2026-06-22T01:29:08Z</time>
			</trkpt>
			<trkpt lat="47.871025" lon="-123.619553">
				<ele>1600.947021</ele>
				<time>2026-06-22T01:29:16Z</time>
			</trkpt>
			<trkpt lat="47.871006" lon="-123.619942">
				<ele>1596.420898</ele>
				<time>2026-06-22T01:30:29Z</time>
			</trkpt>
			<trkpt lat="47.870644" lon="-123.620079">
				<ele>1568.598877</ele>
				<time>2026-06-22T01:35:09Z</time>
			</trkpt>
			<trkpt lat="47.870674" lon="-123.620544">
				<ele>1559.269043</ele>
				<time>2026-06-22T01:36:34Z</time>
			</trkpt>
			<trkpt lat="47.870678" lon="-123.620613">
				<ele>1560.414063</ele>
				<time>2026-06-22T01:36:45Z</time>
			</trkpt>
			<trkpt lat="47.870682" lon="-123.620804">
				<ele>1557.830566</ele>
				<time>2026-06-22T01:37:12Z</time>
			</trkpt>
			<trkpt lat="47.870754" lon="-123.621185">
				<ele>1561.223755</ele>
				<time>2026-06-22T01:38:37Z</time>
			</trkpt>
			<trkpt lat="47.870796" lon="-123.621376">
				<ele>1557.782837</ele>
				<time>2026-06-22T01:39:11Z</time>
			</trkpt>
			<trkpt lat="47.870819" lon="-123.621429">
				<ele>1558.861084</ele>
				<time>2026-06-22T01:39:25Z</time>
			</trkpt>
			<trkpt lat="47.870819" lon="-123.621567">
				<ele>1553.568726</ele>
				<time>2026-06-22T01:40:27Z</time>
			</trkpt>
			<trkpt lat="47.870834" lon="-123.621696">
				<ele>1554.217163</ele>
				<time>2026-06-22T01:41:33Z</time>
			</trkpt>
			<trkpt lat="47.870876" lon="-123.622002">
				<ele>1542.594116</ele>
				<time>2026-06-22T01:43:45Z</time>
			</trkpt>
			<trkpt lat="47.870937" lon="-123.622169">
				<ele>1545.321411</ele>
				<time>2026-06-22T01:44:32Z</time>
			</trkpt>
			<trkpt lat="47.87093" lon="-123.622276">
				<ele>1540.920898</ele>
				<time>2026-06-22T01:46:00Z</time>
			</trkpt>
			<trkpt lat="47.870964" lon="-123.622398">
				<ele>1542.743408</ele>
				<time>2026-06-22T01:46:18Z</time>
			</trkpt>
			<trkpt lat="47.871033" lon="-123.622635">
				<ele>1540.49292</ele>
				<time>2026-06-22T01:47:10Z</time>
			</trkpt>
			<trkpt lat="47.871063" lon="-123.622681">
				<ele>1543.170044</ele>
				<time>2026-06-22T01:47:27Z</time>
			</trkpt>
			<trkpt lat="47.871094" lon="-123.622726">
				<ele>1542.672607</ele>
				<time>2026-06-22T01:47:41Z</time>
			</trkpt>
			<trkpt lat="47.871086" lon="-123.62326">
				<ele>1530.184448</ele>
				<time>2026-06-22T01:50:03Z</time>
			</trkpt>
			<trkpt lat="47.871105" lon="-123.62339">
				<ele>1533.021973</ele>
				<time>2026-06-22T01:50:34Z</time>
			</trkpt>
			<trkpt lat="47.871147" lon="-123.623505">
				<ele>1530.989014</ele>
				<time>2026-06-22T01:51:30Z</time>
			</trkpt>
			<trkpt lat="47.871162" lon="-123.623703">
				<ele>1523.537598</ele>
				<time>2026-06-22T01:52:14Z</time>
			</trkpt>
			<trkpt lat="47.871151" lon="-123.623825">
				<ele>1528.103882</ele>
				<time>2026-06-22T01:53:01Z</time>
			</trkpt>
			<trkpt lat="47.871185" lon="-123.623871">
				<ele>1525.519165</ele>
				<time>2026-06-22T01:53:18Z</time>
			</trkpt>
			<trkpt lat="47.871181" lon="-123.62394">
				<ele>1525.904541</ele>
				<time>2026-06-22T01:53:34Z</time>
			</trkpt>
			<trkpt lat="47.871124" lon="-123.624191">
				<ele>1522.398071</ele>
				<time>2026-06-22T01:56:20Z</time>
			</trkpt>
			<trkpt lat="47.871105" lon="-123.624321">
				<ele>1523.192261</ele>
				<time>2026-06-22T01:56:47Z</time>
			</trkpt>
			<trkpt lat="47.871067" lon="-123.624443">
				<ele>1519.365601</ele>
				<time>2026-06-22T01:57:16Z</time>
			</trkpt>
			<trkpt lat="47.871155" lon="-123.624741">
				<ele>1524.191284</ele>
				<time>2026-06-22T01:59:16Z</time>
			</trkpt>
			<trkpt lat="47.871159" lon="-123.624802">
				<ele>1523.81665</ele>
				<time>2026-06-22T01:59:31Z</time>
			</trkpt>
			<trkpt lat="47.871342" lon="-123.624588">
				<ele>1544.601563</ele>
				<time>2026-06-22T02:05:08Z</time>
			</trkpt>
			<trkpt lat="47.871449" lon="-123.624496">
				<ele>1541.514526</ele>
				<time>2026-06-22T02:07:39Z</time>
			</trkpt>
			<trkpt lat="47.871475" lon="-123.624443">
				<ele>1542.724854</ele>
				<time>2026-06-22T02:08:09Z</time>
			</trkpt>
			<trkpt lat="47.871658" lon="-123.624435">
				<ele>1533.425537</ele>
				<time>2026-06-22T02:09:45Z</time>
			</trkpt>
			<trkpt lat="47.871834" lon="-123.624321">
				<ele>1536.71814</ele>
				<time>2026-06-22T02:10:36Z</time>
			</trkpt>
			<trkpt lat="47.871876" lon="-123.624298">
				<ele>1535.20166</ele>
				<time>2026-06-22T02:10:54Z</time>
			</trkpt>
			<trkpt lat="47.872002" lon="-123.624352">
				<ele>1528.739746</ele>
				<time>2026-06-22T02:11:24Z</time>
			</trkpt>
			<trkpt lat="47.872051" lon="-123.624367">
				<ele>1531.084473</ele>
				<time>2026-06-22T02:11:41Z</time>
			</trkpt>
			<trkpt lat="47.872177" lon="-123.624405">
				<ele>1527.862305</ele>
				<time>2026-06-22T02:12:22Z</time>
			</trkpt>
			<trkpt lat="47.872257" lon="-123.624466">
				<ele>1529.18457</ele>
				<time>2026-06-22T02:12:41Z</time>
			</trkpt>
			<trkpt lat="47.87244" lon="-123.624504">
				<ele>1520.121948</ele>
				<time>2026-06-22T02:13:31Z</time>
			</trkpt>
			<trkpt lat="47.872486" lon="-123.62455">
				<ele>1527.210938</ele>
				<time>2026-06-22T02:13:52Z</time>
			</trkpt>
			<trkpt lat="47.872761" lon="-123.624641">
				<ele>1521.405151</ele>
				<time>2026-06-22T02:14:38Z</time>
			</trkpt>
			<trkpt lat="47.872944" lon="-123.62468">
				<ele>1523.25769</ele>
				<time>2026-06-22T02:15:22Z</time>
			</trkpt>
			<trkpt lat="47.87299" lon="-123.624687">
				<ele>1522.400879</ele>
				<time>2026-06-22T02:15:32Z</time>
			</trkpt>
			<trkpt lat="47.873325" lon="-123.624771">
				<ele>1532.819336</ele>
				<time>2026-06-22T02:17:46Z</time>
			</trkpt>
			<trkpt lat="47.873589" lon="-123.624893">
				<ele>1536.12793</ele>
				<time>2026-06-22T02:19:06Z</time>
			</trkpt>
			<trkpt lat="47.873623" lon="-123.624931">
				<ele>1534.262939</ele>
				<time>2026-06-22T02:19:16Z</time>
			</trkpt>
			<trkpt lat="47.873737" lon="-123.625038">
				<ele>1538.78772</ele>
				<time>2026-06-22T02:20:02Z</time>
			</trkpt>
			<trkpt lat="47.873791" lon="-123.625145">
				<ele>1536.701538</ele>
				<time>2026-06-22T02:20:17Z</time>
			</trkpt>
			<trkpt lat="47.873844" lon="-123.625267">
				<ele>1537.848999</ele>
				<time>2026-06-22T02:20:39Z</time>
			</trkpt>
			<trkpt lat="47.873882" lon="-123.625313">
				<ele>1536.268188</ele>
				<time>2026-06-22T02:20:47Z</time>
			</trkpt>
			<trkpt lat="47.873909" lon="-123.625366">
				<ele>1536.647827</ele>
				<time>2026-06-22T02:20:59Z</time>
			</trkpt>
			<trkpt lat="47.874321" lon="-123.625641">
				<ele>1550.257202</ele>
				<time>2026-06-22T02:24:07Z</time>
			</trkpt>
			<trkpt lat="47.874416" lon="-123.6259">
				<ele>1542.180664</ele>
				<time>2026-06-22T02:28:06Z</time>
			</trkpt>
			<trkpt lat="47.874443" lon="-123.625954">
				<ele>1542.555298</ele>
				<time>2026-06-22T02:28:21Z</time>
			</trkpt>
			<trkpt lat="47.874657" lon="-123.626488">
				<ele>1537.194214</ele>
				<time>2026-06-22T02:31:43Z</time>
			</trkpt>
			<trkpt lat="47.874741" lon="-123.62664">
				<ele>1539.699585</ele>
				<time>2026-06-22T02:32:24Z</time>
			</trkpt>
			<trkpt lat="47.874794" lon="-123.62674">
				<ele>1535.86084</ele>
				<time>2026-06-22T02:33:02Z</time>
			</trkpt>
			<trkpt lat="47.874832" lon="-123.626785">
				<ele>1535.653931</ele>
				<time>2026-06-22T02:33:18Z</time>
			</trkpt>
			<trkpt lat="47.874859" lon="-123.626839">
				<ele>1535.862915</ele>
				<time>2026-06-22T02:33:40Z</time>
			</trkpt>
			<trkpt lat="47.875061" lon="-123.627174">
				<ele>1530.548462</ele>
				<time>2026-06-22T02:38:43Z</time>
			</trkpt>
			<trkpt lat="47.875092" lon="-123.627228">
				<ele>1530.912231</ele>
				<time>2026-06-22T02:38:53Z</time>
			</trkpt>
			<trkpt lat="47.875118" lon="-123.627357">
				<ele>1525.175049</ele>
				<time>2026-06-22T02:39:24Z</time>
			</trkpt>
			<trkpt lat="47.875179" lon="-123.627457">
				<ele>1525.427124</ele>
				<time>2026-06-22T02:39:43Z</time>
			</trkpt>
			<trkpt lat="47.87532" lon="-123.627563">
				<ele>1534.828735</ele>
				<time>2026-06-22T02:41:38Z</time>
			</trkpt>
			<trkpt lat="47.875435" lon="-123.627365">
				<ele>1550.439331</ele>
				<time>2026-06-22T02:45:08Z</time>
			</trkpt>
			<trkpt lat="47.875469" lon="-123.627403">
				<ele>1549.105957</ele>
				<time>2026-06-22T02:45:17Z</time>
			</trkpt>
			<trkpt lat="47.875874" lon="-123.627663">
				<ele>1558.762817</ele>
				<time>2026-06-22T02:48:23Z</time>
			</trkpt>
			<trkpt lat="47.876003" lon="-123.627625">
				<ele>1570.25708</ele>
				<time>2026-06-22T02:49:53Z</time>
			</trkpt>
			<trkpt lat="47.876442" lon="-123.627762">
				<ele>1579.264893</ele>
				<time>2026-06-22T02:51:50Z</time>
			</trkpt>
			<trkpt lat="47.87648" lon="-123.627739">
				<ele>1578.855225</ele>
				<time>2026-06-22T02:52:03Z</time>
			</trkpt>
			<trkpt lat="47.876602" lon="-123.627831">
				<ele>1581.418945</ele>
				<time>2026-06-22T02:52:26Z</time>
			</trkpt>
			<trkpt lat="47.876667" lon="-123.627937">
				<ele>1580.993896</ele>
				<time>2026-06-22T02:52:41Z</time>
			</trkpt>
			<trkpt lat="47.876694" lon="-123.627998">
				<ele>1581.913696</ele>
				<time>2026-06-22T02:52:53Z</time>
			</trkpt>
			<trkpt lat="47.877014" lon="-123.628372">
				<ele>1592.38562</ele>
				<time>2026-06-22T02:54:30Z</time>
			</trkpt>
			<trkpt lat="47.877125" lon="-123.628487">
				<ele>1593.90625</ele>
				<time>2026-06-22T02:54:55Z</time>
			</trkpt>
			<trkpt lat="47.877243" lon="-123.628616">
				<ele>1593.477905</ele>
				<time>2026-06-22T02:55:16Z</time>
			</trkpt>
			<trkpt lat="47.877411" lon="-123.628838">
				<ele>1596.956665</ele>
				<time>2026-06-22T02:56:00Z</time>
			</trkpt>
			<trkpt lat="47.877743" lon="-123.629272">
				<ele>1608.700195</ele>
				<time>2026-06-22T03:00:44Z</time>
			</trkpt>
			<trkpt lat="47.877773" lon="-123.629326">
				<ele>1608.812256</ele>
				<time>2026-06-22T03:00:55Z</time>
			</trkpt>
			<trkpt lat="47.8778" lon="-123.629379">
				<ele>1608.213135</ele>
				<time>2026-06-22T03:01:03Z</time>
			</trkpt>
			<trkpt lat="47.878006" lon="-123.629662">
				<ele>1612.50354</ele>
				<time>2026-06-22T03:01:57Z</time>
			</trkpt>
			<trkpt lat="47.878021" lon="-123.629723">
				<ele>1611.539917</ele>
				<time>2026-06-22T03:02:07Z</time>
			</trkpt>
			<trkpt lat="47.878147" lon="-123.629913">
				<ele>1613.267212</ele>
				<time>2026-06-22T03:02:46Z</time>
			</trkpt>
			<trkpt lat="47.878155" lon="-123.629974">
				<ele>1613.149658</ele>
				<time>2026-06-22T03:02:53Z</time>
			</trkpt>
			<trkpt lat="47.878323" lon="-123.630371">
				<ele>1618.296143</ele>
				<time>2026-06-22T03:03:57Z</time>
			</trkpt>
			<trkpt lat="47.878479" lon="-123.631027">
				<ele>1611.895264</ele>
				<time>2026-06-22T03:05:28Z</time>
			</trkpt>
			<trkpt lat="47.878483" lon="-123.631096">
				<ele>1608.139038</ele>
				<time>2026-06-22T03:05:42Z</time>
			</trkpt>
			<trkpt lat="47.87846" lon="-123.631424">
				<ele>1612.029541</ele>
				<time>2026-06-22T03:06:23Z</time>
			</trkpt>
			<trkpt lat="47.878456" lon="-123.631493">
				<ele>1609.5802</ele>
				<time>2026-06-22T03:06:31Z</time>
			</trkpt>
			<trkpt lat="47.878475" lon="-123.631554">
				<ele>1611.161499</ele>
				<time>2026-06-22T03:06:40Z</time>
			</trkpt>
			<trkpt lat="47.878487" lon="-123.631683">
				<ele>1610.657227</ele>
				<time>2026-06-22T03:06:59Z</time>
			</trkpt>
			<trkpt lat="47.87862" lon="-123.631226">
				<ele>1621.46875</ele>
				<time>2026-06-22T03:09:52Z</time>
			</trkpt>
			<trkpt lat="47.87923" lon="-123.632065">
				<ele>1661.692749</ele>
				<time>2026-06-22T03:24:09Z</time>
			</trkpt>
			<trkpt lat="47.879265" lon="-123.632111">
				<ele>1661.11499</ele>
				<time>2026-06-22T03:24:17Z</time>
			</trkpt>
			<trkpt lat="47.879326" lon="-123.63221">
				<ele>1661.670898</ele>
				<time>2026-06-22T03:24:32Z</time>
			</trkpt>
			<trkpt lat="47.879341" lon="-123.632278">
				<ele>1661.373657</ele>
				<time>2026-06-22T03:24:39Z</time>
			</trkpt>
			<trkpt lat="47.87936" lon="-123.632339">
				<ele>1661.633301</ele>
				<time>2026-06-22T03:24:47Z</time>
			</trkpt>
			<trkpt lat="47.879421" lon="-123.632523">
				<ele>1665.870239</ele>
				<time>2026-06-22T03:25:15Z</time>
			</trkpt>
			<trkpt lat="47.87999" lon="-123.632187">
				<ele>1708.44043</ele>
				<time>2026-06-22T03:36:55Z</time>
			</trkpt>
			<trkpt lat="47.880604" lon="-123.632172">
				<ele>1694.245483</ele>
				<time>2026-06-22T03:40:24Z</time>
			</trkpt>
			<trkpt lat="47.881023" lon="-123.632988">
				<ele>1650.173828</ele>
				<time>2026-06-22T03:47:40Z</time>
			</trkpt>
			<trkpt lat="47.881199" lon="-123.633362">
				<ele>1641.509521</ele>
				<time>2026-06-22T03:49:48Z</time>
			</trkpt>
			<trkpt lat="47.881371" lon="-123.633659">
				<ele>1639.282593</ele>
				<time>2026-06-22T03:50:42Z</time>
			</trkpt>
			<trkpt lat="47.881367" lon="-123.63372">
				<ele>1639.620117</ele>
				<time>2026-06-22T03:50:49Z</time>
			</trkpt>
			<trkpt lat="47.88155" lon="-123.634056">
				<ele>1635.067505</ele>
				<time>2026-06-22T03:52:08Z</time>
			</trkpt>
			<trkpt lat="47.88171" lon="-123.634529">
				<ele>1604.557983</ele>
				<time>2026-06-22T03:57:44Z</time>
			</trkpt>
			<trkpt lat="47.88158" lon="-123.635063">
				<ele>1570.632813</ele>
				<time>2026-06-22T04:12:33Z</time>
			</trkpt>
			<trkpt lat="47.881691" lon="-123.635071">
				<ele>1573.367065</ele>
				<time>2026-06-22T04:24:12Z</time>
			</trkpt>
			<trkpt lat="47.881721" lon="-123.635536">
				<ele>1567.815063</ele>
				<time>2026-06-22T04:26:30Z</time>
			</trkpt>
			<trkpt lat="47.881744" lon="-123.63559">
				<ele>1568.808228</ele>
				<time>2026-06-22T04:26:43Z</time>
			</trkpt>
			<trkpt lat="47.881744" lon="-123.63591">
				<ele>1562.697632</ele>
				<time>2026-06-22T04:27:36Z</time>
			</trkpt>
			<trkpt lat="47.881752" lon="-123.635986">
				<ele>1565.358398</ele>
				<time>2026-06-22T04:27:48Z</time>
			</trkpt>
			<trkpt lat="47.88171" lon="-123.636108">
				<ele>1563.500122</ele>
				<time>2026-06-22T04:28:53Z</time>
			</trkpt>
			<trkpt lat="47.881721" lon="-123.636169">
				<ele>1564.512695</ele>
				<time>2026-06-22T04:29:01Z</time>
			</trkpt>
			<trkpt lat="47.881725" lon="-123.636246">
				<ele>1563.699341</ele>
				<time>2026-06-22T04:29:08Z</time>
			</trkpt>
			<trkpt lat="47.88184" lon="-123.635971">
				<ele>1573.30603</ele>
				<time>2026-06-22T04:33:20Z</time>
			</trkpt>
			<trkpt lat="47.882046" lon="-123.636024">
				<ele>1594.390625</ele>
				<time>2026-06-22T04:37:00Z</time>
			</trkpt>
			<trkpt lat="47.882282" lon="-123.636337">
				<ele>1611.538452</ele>
				<time>2026-06-22T04:41:11Z</time>
			</trkpt>
			<trkpt lat="47.882275" lon="-123.636475">
				<ele>1613.659424</ele>
				<time>2026-06-22T04:42:50Z</time>
			</trkpt>
			<trkpt lat="47.882275" lon="-123.636803">
				<ele>1610.419678</ele>
				<time>2026-06-22T04:44:51Z</time>
			</trkpt>
			<trkpt lat="47.882545" lon="-123.637634">
				<ele>1616.698853</ele>
				<time>2026-06-22T04:47:54Z</time>
			</trkpt>
			<trkpt lat="47.882652" lon="-123.63755">
				<ele>1622.974243</ele>
				<time>2026-06-22T04:49:10Z</time>
			</trkpt>
			<trkpt lat="47.882538" lon="-123.637634">
				<ele>1616.718018</ele>
				<time>2026-06-22T05:17:18Z</time>
			</trkpt>
			<trkpt lat="47.882401" lon="-123.637711">
				<ele>1624.58728</ele>
				<time>2026-06-22T05:24:51Z</time>
			</trkpt>
			<trkpt lat="47.882576" lon="-123.637604">
				<ele>1618.085571</ele>
				<time>2026-06-22T05:37:48Z</time>
			</trkpt>
			<trkpt lat="47.88266" lon="-123.637642">
				<ele>1621.816528</ele>
				<time>2026-06-22T13:36:22Z</time>
			</trkpt>
			<trkpt lat="47.882706" lon="-123.637665">
				<ele>1615.872437</ele>
				<time>2026-06-22T13:36:29Z</time>
			</trkpt>
			<trkpt lat="47.882732" lon="-123.637726">
				<ele>1618.120361</ele>
				<time>2026-06-22T13:36:52Z</time>
			</trkpt>
			<trkpt lat="47.882736" lon="-123.637939">
				<ele>1613.564697</ele>
				<time>2026-06-22T13:37:46Z</time>
			</trkpt>
			<trkpt lat="47.882759" lon="-123.638">
				<ele>1612.839355</ele>
				<time>2026-06-22T13:37:58Z</time>
			</trkpt>
			<trkpt lat="47.882767" lon="-123.638062">
				<ele>1613.784668</ele>
				<time>2026-06-22T13:38:39Z</time>
			</trkpt>
			<trkpt lat="47.882786" lon="-123.63839">
				<ele>1610.135742</ele>
				<time>2026-06-22T13:39:28Z</time>
			</trkpt>
			<trkpt lat="47.882591" lon="-123.638832">
				<ele>1591.006836</ele>
				<time>2026-06-22T13:43:10Z</time>
			</trkpt>
			<trkpt lat="47.882607" lon="-123.638893">
				<ele>1590.606812</ele>
				<time>2026-06-22T13:43:16Z</time>
			</trkpt>
			<trkpt lat="47.882618" lon="-123.638954">
				<ele>1591.359497</ele>
				<time>2026-06-22T13:43:22Z</time>
			</trkpt>
			<trkpt lat="47.882622" lon="-123.639153">
				<ele>1587.245728</ele>
				<time>2026-06-22T13:43:46Z</time>
			</trkpt>
			<trkpt lat="47.882675" lon="-123.639259">
				<ele>1586.664795</ele>
				<time>2026-06-22T13:43:57Z</time>
			</trkpt>
			<trkpt lat="47.882706" lon="-123.639297">
				<ele>1586.684204</ele>
				<time>2026-06-22T13:44:03Z</time>
			</trkpt>
			<trkpt lat="47.882732" lon="-123.639366">
				<ele>1586.657104</ele>
				<time>2026-06-22T13:44:09Z</time>
			</trkpt>
			<trkpt lat="47.882744" lon="-123.63945">
				<ele>1586.957642</ele>
				<time>2026-06-22T13:44:20Z</time>
			</trkpt>
			<trkpt lat="47.882782" lon="-123.639565">
				<ele>1586.583374</ele>
				<time>2026-06-22T13:44:35Z</time>
			</trkpt>
			<trkpt lat="47.882801" lon="-123.639626">
				<ele>1585.285156</ele>
				<time>2026-06-22T13:44:41Z</time>
			</trkpt>
			<trkpt lat="47.882813" lon="-123.639694">
				<ele>1586.385254</ele>
				<time>2026-06-22T13:44:50Z</time>
			</trkpt>
			<trkpt lat="47.882816" lon="-123.639763">
				<ele>1585.857422</ele>
				<time>2026-06-22T13:44:59Z</time>
			</trkpt>
			<trkpt lat="47.882793" lon="-123.640266">
				<ele>1572.960449</ele>
				<time>2026-06-22T13:46:53Z</time>
			</trkpt>
			<trkpt lat="47.882782" lon="-123.640335">
				<ele>1576.437622</ele>
				<time>2026-06-22T13:47:41Z</time>
			</trkpt>
			<trkpt lat="47.882565" lon="-123.640808">
				<ele>1559.847412</ele>
				<time>2026-06-22T13:49:36Z</time>
			</trkpt>
			<trkpt lat="47.882534" lon="-123.640854">
				<ele>1560.428101</ele>
				<time>2026-06-22T13:49:46Z</time>
			</trkpt>
			<trkpt lat="47.882591" lon="-123.641495">
				<ele>1552.529419</ele>
				<time>2026-06-22T13:51:58Z</time>
			</trkpt>
			<trkpt lat="47.882603" lon="-123.641556">
				<ele>1553.490356</ele>
				<time>2026-06-22T13:52:11Z</time>
			</trkpt>
			<trkpt lat="47.882595" lon="-123.641624">
				<ele>1552.80896</ele>
				<time>2026-06-22T13:52:19Z</time>
			</trkpt>
			<trkpt lat="47.882576" lon="-123.641693">
				<ele>1553.411133</ele>
				<time>2026-06-22T13:52:28Z</time>
			</trkpt>
			<trkpt lat="47.882454" lon="-123.641953">
				<ele>1547.283569</ele>
				<time>2026-06-22T13:53:06Z</time>
			</trkpt>
			<trkpt lat="47.88258" lon="-123.642387">
				<ele>1559.628662</ele>
				<time>2026-06-22T13:54:50Z</time>
			</trkpt>
			<trkpt lat="47.88261" lon="-123.642494">
				<ele>1560.554077</ele>
				<time>2026-06-22T14:00:11Z</time>
			</trkpt>
			<trkpt lat="47.882706" lon="-123.642624">
				<ele>1555.330078</ele>
				<time>2026-06-22T14:00:36Z</time>
			</trkpt>
			<trkpt lat="47.882778" lon="-123.642929">
				<ele>1561.00293</ele>
				<time>2026-06-22T14:01:07Z</time>
			</trkpt>
			<trkpt lat="47.88274" lon="-123.64315">
				<ele>1562.494507</ele>
				<time>2026-06-22T14:01:27Z</time>
			</trkpt>
			<trkpt lat="47.882755" lon="-123.643341">
				<ele>1560.358154</ele>
				<time>2026-06-22T14:01:41Z</time>
			</trkpt>
			<trkpt lat="47.88274" lon="-123.643631">
				<ele>1565.248657</ele>
				<time>2026-06-22T14:02:07Z</time>
			</trkpt>
			<trkpt lat="47.882751" lon="-123.643967">
				<ele>1561.865112</ele>
				<time>2026-06-22T14:02:39Z</time>
			</trkpt>
			<trkpt lat="47.882851" lon="-123.644165">
				<ele>1554.165161</ele>
				<time>2026-06-22T14:03:16Z</time>
			</trkpt>
			<trkpt lat="47.882874" lon="-123.644226">
				<ele>1554.834961</ele>
				<time>2026-06-22T14:03:25Z</time>
			</trkpt>
			<trkpt lat="47.882908" lon="-123.644264">
				<ele>1553.595825</ele>
				<time>2026-06-22T14:03:34Z</time>
			</trkpt>
			<trkpt lat="47.882984" lon="-123.644341">
				<ele>1555.927856</ele>
				<time>2026-06-22T14:03:55Z</time>
			</trkpt>
			<trkpt lat="47.88332" lon="-123.644753">
				<ele>1545.037109</ele>
				<time>2026-06-22T14:07:46Z</time>
			</trkpt>
			<trkpt lat="47.883411" lon="-123.644905">
				<ele>1548.603394</ele>
				<time>2026-06-22T14:08:35Z</time>
			</trkpt>
			<trkpt lat="47.883522" lon="-123.645126">
				<ele>1546.28186</ele>
				<time>2026-06-22T14:09:04Z</time>
			</trkpt>
			<trkpt lat="47.883564" lon="-123.645248">
				<ele>1548.163452</ele>
				<time>2026-06-22T14:09:24Z</time>
			</trkpt>
			<trkpt lat="47.883591" lon="-123.645302">
				<ele>1547.908447</ele>
				<time>2026-06-22T14:09:38Z</time>
			</trkpt>
			<trkpt lat="47.883614" lon="-123.645355">
				<ele>1545.98291</ele>
				<time>2026-06-22T14:09:56Z</time>
			</trkpt>
			<trkpt lat="47.883625" lon="-123.645424">
				<ele>1547.540039</ele>
				<time>2026-06-22T14:10:06Z</time>
			</trkpt>
			<trkpt lat="47.883621" lon="-123.6455">
				<ele>1547.281494</ele>
				<time>2026-06-22T14:10:18Z</time>
			</trkpt>
			<trkpt lat="47.883759" lon="-123.64576">
				<ele>1542.401611</ele>
				<time>2026-06-22T14:11:08Z</time>
			</trkpt>
			<trkpt lat="47.884033" lon="-123.646187">
				<ele>1549.260132</ele>
				<time>2026-06-22T14:12:46Z</time>
			</trkpt>
			<trkpt lat="47.88422" lon="-123.646492">
				<ele>1543.819336</ele>
				<time>2026-06-22T14:13:44Z</time>
			</trkpt>
			<trkpt lat="47.884331" lon="-123.646606">
				<ele>1544.841797</ele>
				<time>2026-06-22T14:14:21Z</time>
			</trkpt>
			<trkpt lat="47.884457" lon="-123.64679">
				<ele>1541.127808</ele>
				<time>2026-06-22T14:15:09Z</time>
			</trkpt>
			<trkpt lat="47.884712" lon="-123.647171">
				<ele>1544.195435</ele>
				<time>2026-06-22T14:16:55Z</time>
			</trkpt>
			<trkpt lat="47.884834" lon="-123.647263">
				<ele>1549.466187</ele>
				<time>2026-06-22T14:17:31Z</time>
			</trkpt>
			<trkpt lat="47.884892" lon="-123.647362">
				<ele>1546.560913</ele>
				<time>2026-06-22T14:18:53Z</time>
			</trkpt>
			<trkpt lat="47.884972" lon="-123.647392">
				<ele>1566.236694</ele>
				<time>2026-06-22T14:21:14Z</time>
			</trkpt>
			<trkpt lat="47.88504" lon="-123.647507">
				<ele>1558.820313</ele>
				<time>2026-06-22T14:22:37Z</time>
			</trkpt>
			<trkpt lat="47.885006" lon="-123.647629">
				<ele>1558.519653</ele>
				<time>2026-06-22T14:24:00Z</time>
			</trkpt>
			<trkpt lat="47.885033" lon="-123.64798">
				<ele>1564.692383</ele>
				<time>2026-06-22T14:25:23Z</time>
			</trkpt>
			<trkpt lat="47.88512" lon="-123.648407">
				<ele>1556.575562</ele>
				<time>2026-06-22T14:27:04Z</time>
			</trkpt>
			<trkpt lat="47.885155" lon="-123.648453">
				<ele>1558.358765</ele>
				<time>2026-06-22T14:27:17Z</time>
			</trkpt>
			<trkpt lat="47.885201" lon="-123.64856">
				<ele>1557.334106</ele>
				<time>2026-06-22T14:35:10Z</time>
			</trkpt>
			<trkpt lat="47.885231" lon="-123.648605">
				<ele>1558.425049</ele>
				<time>2026-06-22T14:36:00Z</time>
			</trkpt>
			<trkpt lat="47.885307" lon="-123.648674">
				<ele>1557.785278</ele>
				<time>2026-06-22T14:36:35Z</time>
			</trkpt>
			<trkpt lat="47.885349" lon="-123.648697">
				<ele>1558.461548</ele>
				<time>2026-06-22T14:36:45Z</time>
			</trkpt>
			<trkpt lat="47.885399" lon="-123.648827">
				<ele>1564.371094</ele>
				<time>2026-06-22T14:37:15Z</time>
			</trkpt>
			<trkpt lat="47.885433" lon="-123.648941">
				<ele>1557.269775</ele>
				<time>2026-06-22T14:37:37Z</time>
			</trkpt>
			<trkpt lat="47.885593" lon="-123.649384">
				<ele>1549.583252</ele>
				<time>2026-06-22T14:39:45Z</time>
			</trkpt>
			<trkpt lat="47.885643" lon="-123.649574">
				<ele>1551.778442</ele>
				<time>2026-06-22T14:40:18Z</time>
			</trkpt>
			<trkpt lat="47.885662" lon="-123.649635">
				<ele>1550.306274</ele>
				<time>2026-06-22T14:40:28Z</time>
			</trkpt>
			<trkpt lat="47.885693" lon="-123.649689">
				<ele>1550.866699</ele>
				<time>2026-06-22T14:40:41Z</time>
			</trkpt>
			<trkpt lat="47.885727" lon="-123.649742">
				<ele>1550.747314</ele>
				<time>2026-06-22T14:40:59Z</time>
			</trkpt>
			<trkpt lat="47.885788" lon="-123.649834">
				<ele>1555.077026</ele>
				<time>2026-06-22T14:41:28Z</time>
			</trkpt>
			<trkpt lat="47.88588" lon="-123.649971">
				<ele>1550.741577</ele>
				<time>2026-06-22T14:42:09Z</time>
			</trkpt>
			<trkpt lat="47.885925" lon="-123.649963">
				<ele>1557.565796</ele>
				<time>2026-06-22T14:42:39Z</time>
			</trkpt>
			<trkpt lat="47.885967" lon="-123.649986">
				<ele>1555.009644</ele>
				<time>2026-06-22T14:43:36Z</time>
			</trkpt>
			<trkpt lat="47.886005" lon="-123.649956">
				<ele>1556.335693</ele>
				<time>2026-06-22T14:43:51Z</time>
			</trkpt>
			<trkpt lat="47.886047" lon="-123.649979">
				<ele>1555.552734</ele>
				<time>2026-06-22T14:44:54Z</time>
			</trkpt>
			<trkpt lat="47.886196" lon="-123.650444">
				<ele>1598.324951</ele>
				<time>2026-06-22T14:52:03Z</time>
			</trkpt>
			<trkpt lat="47.886234" lon="-123.650421">
				<ele>1600.538696</ele>
				<time>2026-06-22T14:52:39Z</time>
			</trkpt>
			<trkpt lat="47.886299" lon="-123.650482">
				<ele>1597.736572</ele>
				<time>2026-06-22T14:53:03Z</time>
			</trkpt>
			<trkpt lat="47.886513" lon="-123.650414">
				<ele>1617.332397</ele>
				<time>2026-06-22T14:56:53Z</time>
			</trkpt>
			<trkpt lat="47.886585" lon="-123.650581">
				<ele>1613.797607</ele>
				<time>2026-06-22T15:02:43Z</time>
			</trkpt>
			<trkpt lat="47.886715" lon="-123.650772">
				<ele>1619.345459</ele>
				<time>2026-06-22T15:03:30Z</time>
			</trkpt>
			<trkpt lat="47.886795" lon="-123.65078">
				<ele>1616.262207</ele>
				<time>2026-06-22T15:03:53Z</time>
			</trkpt>
			<trkpt lat="47.886898" lon="-123.650909">
				<ele>1630.809326</ele>
				<time>2026-06-22T15:04:52Z</time>
			</trkpt>
			<trkpt lat="47.887001" lon="-123.651039">
				<ele>1627.183472</ele>
				<time>2026-06-22T15:05:21Z</time>
			</trkpt>
			<trkpt lat="47.887032" lon="-123.651085">
				<ele>1631.491821</ele>
				<time>2026-06-22T15:05:36Z</time>
			</trkpt>
			<trkpt lat="47.88707" lon="-123.651207">
				<ele>1633.049194</ele>
				<time>2026-06-22T15:06:01Z</time>
			</trkpt>
			<trkpt lat="47.887089" lon="-123.651268">
				<ele>1630.763184</ele>
				<time>2026-06-22T15:06:11Z</time>
			</trkpt>
			<trkpt lat="47.887154" lon="-123.651367">
				<ele>1633.056763</ele>
				<time>2026-06-22T15:06:26Z</time>
			</trkpt>
			<trkpt lat="47.88718" lon="-123.651421">
				<ele>1629.003052</ele>
				<time>2026-06-22T15:06:35Z</time>
			</trkpt>
			<trkpt lat="47.88723" lon="-123.65152">
				<ele>1634.405762</ele>
				<time>2026-06-22T15:07:05Z</time>
			</trkpt>
			<trkpt lat="47.887531" lon="-123.651863">
				<ele>1620.203369</ele>
				<time>2026-06-22T15:08:50Z</time>
			</trkpt>
			<trkpt lat="47.887566" lon="-123.651909">
				<ele>1621.821045</ele>
				<time>2026-06-22T15:08:59Z</time>
			</trkpt>
			<trkpt lat="47.888123" lon="-123.652428">
				<ele>1607.544067</ele>
				<time>2026-06-22T15:12:01Z</time>
			</trkpt>
			<trkpt lat="47.888187" lon="-123.652512">
				<ele>1609.18396</ele>
				<time>2026-06-22T15:12:45Z</time>
			</trkpt>
			<trkpt lat="47.888264" lon="-123.652649">
				<ele>1602.857666</ele>
				<time>2026-06-22T15:13:47Z</time>
			</trkpt>
			<trkpt lat="47.888428" lon="-123.652733">
				<ele>1611.639648</ele>
				<time>2026-06-22T15:21:09Z</time>
			</trkpt>
			<trkpt lat="47.888309" lon="-123.652748">
				<ele>1596.483032</ele>
				<time>2026-06-22T15:28:05Z</time>
			</trkpt>
			<trkpt lat="47.888412" lon="-123.653191">
				<ele>1609.192139</ele>
				<time>2026-06-22T15:48:00Z</time>
			</trkpt>
			<trkpt lat="47.888416" lon="-123.652954">
				<ele>1583.716919</ele>
				<time>2026-06-22T15:58:25Z</time>
			</trkpt>
			<trkpt lat="47.888462" lon="-123.653259">
				<ele>1616.262207</ele>
				<time>2026-06-22T16:00:59Z</time>
			</trkpt>
			<trkpt lat="47.88858" lon="-123.653358">
				<ele>1617.091064</ele>
				<time>2026-06-22T16:01:36Z</time>
			</trkpt>
			<trkpt lat="47.888664" lon="-123.653427">
				<ele>1615.913086</ele>
				<time>2026-06-22T16:02:01Z</time>
			</trkpt>
			<trkpt lat="47.888771" lon="-123.653534">
				<ele>1617.548584</ele>
				<time>2026-06-22T16:03:18Z</time>
			</trkpt>
			<trkpt lat="47.888855" lon="-123.653549">
				<ele>1610.640137</ele>
				<time>2026-06-22T16:04:25Z</time>
			</trkpt>
			<trkpt lat="47.888821" lon="-123.65464">
				<ele>1632.123291</ele>
				<time>2026-06-22T16:08:37Z</time>
			</trkpt>
			<trkpt lat="47.888748" lon="-123.654884">
				<ele>1630.450073</ele>
				<time>2026-06-22T16:09:24Z</time>
			</trkpt>
			<trkpt lat="47.888691" lon="-123.655167">
				<ele>1643.976196</ele>
				<time>2026-06-22T16:11:25Z</time>
			</trkpt>
			<trkpt lat="47.888783" lon="-123.655602">
				<ele>1639.369873</ele>
				<time>2026-06-22T16:13:45Z</time>
			</trkpt>
			<trkpt lat="47.888905" lon="-123.65567">
				<ele>1660.43811</ele>
				<time>2026-06-22T16:16:29Z</time>
			</trkpt>
			<trkpt lat="47.888962" lon="-123.655914">
				<ele>1665.442993</ele>
				<time>2026-06-22T16:18:11Z</time>
			</trkpt>
			<trkpt lat="47.888977" lon="-123.655945">
				<ele>1692.021118</ele>
				<time>2026-06-22T16:21:04Z</time>
			</trkpt>
			<trkpt lat="47.889103" lon="-123.655914">
				<ele>1688.275635</ele>
				<time>2026-06-22T16:25:29Z</time>
			</trkpt>
			<trkpt lat="47.889194" lon="-123.656059">
				<ele>1691.861694</ele>
				<time>2026-06-22T16:26:08Z</time>
			</trkpt>
			<trkpt lat="47.889252" lon="-123.656158">
				<ele>1689.962646</ele>
				<time>2026-06-22T16:26:29Z</time>
			</trkpt>
			<trkpt lat="47.88932" lon="-123.65625">
				<ele>1691.589111</ele>
				<time>2026-06-22T16:27:02Z</time>
			</trkpt>
			<trkpt lat="47.889381" lon="-123.656342">
				<ele>1690.036865</ele>
				<time>2026-06-22T16:27:59Z</time>
			</trkpt>
			<trkpt lat="47.889412" lon="-123.656563">
				<ele>1697.11792</ele>
				<time>2026-06-22T16:29:47Z</time>
			</trkpt>
			<trkpt lat="47.889423" lon="-123.656624">
				<ele>1694.237427</ele>
				<time>2026-06-22T16:29:59Z</time>
			</trkpt>
			<trkpt lat="47.889435" lon="-123.656685">
				<ele>1693.99231</ele>
				<time>2026-06-22T16:30:21Z</time>
			</trkpt>
			<trkpt lat="47.889408" lon="-123.656738">
				<ele>1695.627686</ele>
				<time>2026-06-22T16:30:38Z</time>
			</trkpt>
			<trkpt lat="47.889507" lon="-123.657051">
				<ele>1691.103149</ele>
				<time>2026-06-22T16:31:46Z</time>
			</trkpt>
			<trkpt lat="47.889702" lon="-123.657211">
				<ele>1695.188599</ele>
				<time>2026-06-22T16:32:35Z</time>
			</trkpt>
			<trkpt lat="47.889763" lon="-123.657295">
				<ele>1694.637939</ele>
				<time>2026-06-22T16:32:51Z</time>
			</trkpt>
			<trkpt lat="47.889824" lon="-123.657402">
				<ele>1694.915771</ele>
				<time>2026-06-22T16:33:10Z</time>
			</trkpt>
			<trkpt lat="47.889858" lon="-123.657455">
				<ele>1694.138794</ele>
				<time>2026-06-22T16:33:22Z</time>
			</trkpt>
			<trkpt lat="47.889915" lon="-123.657715">
				<ele>1697.095703</ele>
				<time>2026-06-22T16:34:08Z</time>
			</trkpt>
			<trkpt lat="47.889923" lon="-123.657845">
				<ele>1696.10791</ele>
				<time>2026-06-22T16:34:28Z</time>
			</trkpt>
			<trkpt lat="47.889942" lon="-123.657906">
				<ele>1697.116211</ele>
				<time>2026-06-22T16:34:38Z</time>
			</trkpt>
			<trkpt lat="47.889946" lon="-123.657974">
				<ele>1696.64978</ele>
				<time>2026-06-22T16:34:46Z</time>
			</trkpt>
			<trkpt lat="47.889973" lon="-123.658028">
				<ele>1696.964966</ele>
				<time>2026-06-22T16:34:54Z</time>
			</trkpt>
			<trkpt lat="47.889988" lon="-123.658096">
				<ele>1696.868164</ele>
				<time>2026-06-22T16:35:02Z</time>
			</trkpt>
			<trkpt lat="47.889996" lon="-123.658226">
				<ele>1694.925537</ele>
				<time>2026-06-22T16:35:18Z</time>
			</trkpt>
			<trkpt lat="47.889935" lon="-123.658615">
				<ele>1705.373169</ele>
				<time>2026-06-22T16:36:13Z</time>
			</trkpt>
			<trkpt lat="47.889904" lon="-123.659027">
				<ele>1701.520508</ele>
				<time>2026-06-22T16:37:14Z</time>
			</trkpt>
			<trkpt lat="47.889904" lon="-123.659103">
				<ele>1701.212891</ele>
				<time>2026-06-22T16:37:23Z</time>
			</trkpt>
			<trkpt lat="47.889896" lon="-123.659233">
				<ele>1703.573975</ele>
				<time>2026-06-22T16:37:39Z</time>
			</trkpt>
			<trkpt lat="47.889889" lon="-123.659309">
				<ele>1700.927612</ele>
				<time>2026-06-22T16:37:50Z</time>
			</trkpt>
			<trkpt lat="47.889851" lon="-123.659492">
				<ele>1702.520752</ele>
				<time>2026-06-22T16:38:14Z</time>
			</trkpt>
			<trkpt lat="47.889805" lon="-123.659683">
				<ele>1699.888184</ele>
				<time>2026-06-22T16:38:39Z</time>
			</trkpt>
			<trkpt lat="47.889805" lon="-123.660027">
				<ele>1702.054443</ele>
				<time>2026-06-22T16:39:24Z</time>
			</trkpt>
			<trkpt lat="47.889835" lon="-123.66008">
				<ele>1699.680908</ele>
				<time>2026-06-22T16:39:32Z</time>
			</trkpt>
			<trkpt lat="47.889874" lon="-123.66021">
				<ele>1700.065918</ele>
				<time>2026-06-22T16:39:46Z</time>
			</trkpt>
			<trkpt lat="47.889885" lon="-123.660286">
				<ele>1698.563354</ele>
				<time>2026-06-22T16:39:53Z</time>
			</trkpt>
			<trkpt lat="47.8899" lon="-123.660416">
				<ele>1699.419189</ele>
				<time>2026-06-22T16:40:07Z</time>
			</trkpt>
			<trkpt lat="47.889984" lon="-123.660866">
				<ele>1695.892944</ele>
				<time>2026-06-22T16:40:59Z</time>
			</trkpt>
			<trkpt lat="47.890034" lon="-123.661201">
				<ele>1697.676758</ele>
				<time>2026-06-22T16:41:31Z</time>
			</trkpt>
			<trkpt lat="47.890068" lon="-123.661476">
				<ele>1696.126831</ele>
				<time>2026-06-22T16:41:54Z</time>
			</trkpt>
			<trkpt lat="47.890076" lon="-123.661545">
				<ele>1697.121704</ele>
				<time>2026-06-22T16:41:59Z</time>
			</trkpt>
			<trkpt lat="47.890053" lon="-123.661896">
				<ele>1693.6521</ele>
				<time>2026-06-22T16:42:30Z</time>
			</trkpt>
			<trkpt lat="47.890026" lon="-123.661942">
				<ele>1694.988159</ele>
				<time>2026-06-22T16:42:36Z</time>
			</trkpt>
			<trkpt lat="47.890022" lon="-123.662148">
				<ele>1692.21875</ele>
				<time>2026-06-22T17:04:03Z</time>
			</trkpt>
			<trkpt lat="47.890015" lon="-123.662216">
				<ele>1691.889404</ele>
				<time>2026-06-22T17:04:10Z</time>
			</trkpt>
			<trkpt lat="47.890015" lon="-123.662285">
				<ele>1692.953003</ele>
				<time>2026-06-22T17:04:17Z</time>
			</trkpt>
			<trkpt lat="47.890171" lon="-123.662613">
				<ele>1689.673462</ele>
				<time>2026-06-22T17:05:00Z</time>
			</trkpt>
			<trkpt lat="47.890171" lon="-123.662682">
				<ele>1690.805298</ele>
				<time>2026-06-22T17:05:05Z</time>
			</trkpt>
			<trkpt lat="47.890228" lon="-123.662857">
				<ele>1689.562378</ele>
				<time>2026-06-22T17:05:27Z</time>
			</trkpt>
			<trkpt lat="47.890305" lon="-123.663025">
				<ele>1691.675659</ele>
				<time>2026-06-22T17:05:48Z</time>
			</trkpt>
			<trkpt lat="47.890331" lon="-123.663078">
				<ele>1690.334717</ele>
				<time>2026-06-22T17:05:54Z</time>
			</trkpt>
			<trkpt lat="47.890343" lon="-123.663147">
				<ele>1691.27356</ele>
				<time>2026-06-22T17:06:03Z</time>
			</trkpt>
			<trkpt lat="47.890392" lon="-123.663338">
				<ele>1687.146851</ele>
				<time>2026-06-22T17:06:31Z</time>
			</trkpt>
			<trkpt lat="47.890446" lon="-123.663445">
				<ele>1690.92749</ele>
				<time>2026-06-22T17:06:53Z</time>
			</trkpt>
			<trkpt lat="47.890507" lon="-123.663544">
				<ele>1688.963867</ele>
				<time>2026-06-22T17:08:26Z</time>
			</trkpt>
			<trkpt lat="47.890579" lon="-123.663628">
				<ele>1690.364014</ele>
				<time>2026-06-22T17:08:43Z</time>
			</trkpt>
			<trkpt lat="47.890709" lon="-123.663895">
				<ele>1688.174438</ele>
				<time>2026-06-22T17:09:13Z</time>
			</trkpt>
			<trkpt lat="47.890736" lon="-123.664146">
				<ele>1676.907837</ele>
				<time>2026-06-22T17:10:02Z</time>
			</trkpt>
			<trkpt lat="47.891117" lon="-123.665184">
				<ele>1652.296265</ele>
				<time>2026-06-22T17:13:02Z</time>
			</trkpt>
			<trkpt lat="47.891151" lon="-123.665306">
				<ele>1653.452026</ele>
				<time>2026-06-22T17:13:20Z</time>
			</trkpt>
			<trkpt lat="47.89098" lon="-123.665833">
				<ele>1628.743896</ele>
				<time>2026-06-22T17:16:03Z</time>
			</trkpt>
			<trkpt lat="47.891014" lon="-123.665878">
				<ele>1629.113281</ele>
				<time>2026-06-22T17:16:13Z</time>
			</trkpt>
			<trkpt lat="47.891041" lon="-123.666534">
				<ele>1603.390381</ele>
				<time>2026-06-22T17:18:37Z</time>
			</trkpt>
			<trkpt lat="47.891041" lon="-123.666595">
				<ele>1606.275757</ele>
				<time>2026-06-22T17:18:57Z</time>
			</trkpt>
			<trkpt lat="47.890999" lon="-123.66671">
				<ele>1600.1521</ele>
				<time>2026-06-22T17:19:11Z</time>
			</trkpt>
			<trkpt lat="47.891003" lon="-123.666779">
				<ele>1601.583862</ele>
				<time>2026-06-22T17:19:19Z</time>
			</trkpt>
			<trkpt lat="47.890942" lon="-123.666946">
				<ele>1598.225464</ele>
				<time>2026-06-22T17:19:54Z</time>
			</trkpt>
			<trkpt lat="47.890949" lon="-123.667015">
				<ele>1601.766113</ele>
				<time>2026-06-22T17:20:49Z</time>
			</trkpt>
			<trkpt lat="47.890972" lon="-123.667076">
				<ele>1598.904907</ele>
				<time>2026-06-22T17:21:00Z</time>
			</trkpt>
			<trkpt lat="47.891022" lon="-123.667137">
				<ele>1600.501953</ele>
				<time>2026-06-22T17:22:02Z</time>
			</trkpt>
			<trkpt lat="47.890972" lon="-123.667404">
				<ele>1577.717163</ele>
				<time>2026-06-22T17:26:17Z</time>
			</trkpt>
			<trkpt lat="47.890984" lon="-123.667519">
				<ele>1584.945679</ele>
				<time>2026-06-22T17:27:06Z</time>
			</trkpt>
			<trkpt lat="47.890995" lon="-123.667656">
				<ele>1579.264038</ele>
				<time>2026-06-22T17:27:38Z</time>
			</trkpt>
			<trkpt lat="47.891037" lon="-123.667824">
				<ele>1585.471924</ele>
				<time>2026-06-22T17:30:14Z</time>
			</trkpt>
			<trkpt lat="47.891121" lon="-123.668037">
				<ele>1582.014648</ele>
				<time>2026-06-22T17:32:11Z</time>
			</trkpt>
			<trkpt lat="47.891079" lon="-123.668083">
				<ele>1583.633301</ele>
				<time>2026-06-22T17:32:26Z</time>
			</trkpt>
			<trkpt lat="47.891064" lon="-123.668205">
				<ele>1575.480957</ele>
				<time>2026-06-22T17:35:24Z</time>
			</trkpt>
			<trkpt lat="47.890995" lon="-123.668289">
				<ele>1577.896484</ele>
				<time>2026-06-22T17:37:34Z</time>
			</trkpt>
			<trkpt lat="47.891136" lon="-123.668671">
				<ele>1556.174927</ele>
				<time>2026-06-22T17:43:42Z</time>
			</trkpt>
			<trkpt lat="47.891083" lon="-123.668846">
				<ele>1566.098389</ele>
				<time>2026-06-22T17:47:15Z</time>
			</trkpt>
			<trkpt lat="47.891033" lon="-123.669205">
				<ele>1547.301758</ele>
				<time>2026-06-22T17:51:30Z</time>
			</trkpt>
			<trkpt lat="47.891018" lon="-123.669266">
				<ele>1546.521362</ele>
				<time>2026-06-22T17:52:13Z</time>
			</trkpt>
			<trkpt lat="47.890999" lon="-123.669418">
				<ele>1549.79834</ele>
				<time>2026-06-22T17:53:16Z</time>
			</trkpt>
			<trkpt lat="47.891075" lon="-123.669701">
				<ele>1537.044189</ele>
				<time>2026-06-22T17:54:42Z</time>
			</trkpt>
			<trkpt lat="47.891064" lon="-123.670006">
				<ele>1540.68042</ele>
				<time>2026-06-22T17:56:02Z</time>
			</trkpt>
			<trkpt lat="47.891094" lon="-123.670052">
				<ele>1539.719238</ele>
				<time>2026-06-22T17:56:11Z</time>
			</trkpt>
			<trkpt lat="47.89119" lon="-123.670174">
				<ele>1544.30188</ele>
				<time>2026-06-22T17:56:41Z</time>
			</trkpt>
			<trkpt lat="47.891209" lon="-123.670227">
				<ele>1543.485107</ele>
				<time>2026-06-22T17:57:22Z</time>
			</trkpt>
			<trkpt lat="47.891262" lon="-123.670403">
				<ele>1543.998169</ele>
				<time>2026-06-22T17:58:14Z</time>
			</trkpt>
			<trkpt lat="47.891285" lon="-123.670456">
				<ele>1542.698486</ele>
				<time>2026-06-22T17:58:46Z</time>
			</trkpt>
			<trkpt lat="47.891449" lon="-123.670738">
				<ele>1566.007202</ele>
				<time>2026-06-22T18:02:40Z</time>
			</trkpt>
			<trkpt lat="47.891495" lon="-123.670845">
				<ele>1569.32251</ele>
				<time>2026-06-22T18:03:29Z</time>
			</trkpt>
			<trkpt lat="47.891537" lon="-123.670967">
				<ele>1566.585815</ele>
				<time>2026-06-22T18:04:03Z</time>
			</trkpt>
			<trkpt lat="47.891556" lon="-123.671028">
				<ele>1569.204346</ele>
				<time>2026-06-22T18:04:25Z</time>
			</trkpt>
			<trkpt lat="47.892025" lon="-123.671783">
				<ele>1618.385498</ele>
				<time>2026-06-22T18:17:47Z</time>
			</trkpt>
			<trkpt lat="47.892109" lon="-123.67189">
				<ele>1605.893066</ele>
				<time>2026-06-22T18:30:30Z</time>
			</trkpt>
			<trkpt lat="47.892082" lon="-123.672089">
				<ele>1616.812744</ele>
				<time>2026-06-22T18:31:45Z</time>
			</trkpt>
			<trkpt lat="47.892178" lon="-123.672577">
				<ele>1597.303467</ele>
				<time>2026-06-22T18:34:49Z</time>
			</trkpt>
			<trkpt lat="47.892155" lon="-123.67276">
				<ele>1595.855957</ele>
				<time>2026-06-22T18:35:46Z</time>
			</trkpt>
			<trkpt lat="47.892128" lon="-123.672829">
				<ele>1599.707886</ele>
				<time>2026-06-22T18:35:53Z</time>
			</trkpt>
			<trkpt lat="47.891869" lon="-123.67263">
				<ele>1571.764771</ele>
				<time>2026-06-22T18:38:28Z</time>
			</trkpt>
			<trkpt lat="47.891567" lon="-123.672768">
				<ele>1543.631348</ele>
				<time>2026-06-22T18:42:58Z</time>
			</trkpt>
			<trkpt lat="47.891613" lon="-123.672943">
				<ele>1533.761841</ele>
				<time>2026-06-22T18:44:09Z</time>
			</trkpt>
			<trkpt lat="47.891628" lon="-123.673141">
				<ele>1539.130981</ele>
				<time>2026-06-22T18:47:01Z</time>
			</trkpt>
			<trkpt lat="47.891685" lon="-123.673416">
				<ele>1532.665039</ele>
				<time>2026-06-22T18:47:29Z</time>
			</trkpt>
			<trkpt lat="47.891663" lon="-123.673492">
				<ele>1537.401245</ele>
				<time>2026-06-22T18:47:33Z</time>
			</trkpt>
			<trkpt lat="47.891701" lon="-123.673805">
				<ele>1524.846558</ele>
				<time>2026-06-22T18:48:29Z</time>
			</trkpt>
			<trkpt lat="47.891727" lon="-123.674065">
				<ele>1534.203613</ele>
				<time>2026-06-22T18:49:02Z</time>
			</trkpt>
			<trkpt lat="47.891754" lon="-123.674126">
				<ele>1534.200317</ele>
				<time>2026-06-22T18:49:08Z</time>
			</trkpt>
			<trkpt lat="47.891769" lon="-123.674187">
				<ele>1534.311035</ele>
				<time>2026-06-22T18:49:16Z</time>
			</trkpt>
			<trkpt lat="47.891769" lon="-123.674255">
				<ele>1532.832153</ele>
				<time>2026-06-22T18:49:21Z</time>
			</trkpt>
			<trkpt lat="47.891792" lon="-123.674545">
				<ele>1539.875732</ele>
				<time>2026-06-22T18:49:40Z</time>
			</trkpt>
			<trkpt lat="47.89175" lon="-123.674873">
				<ele>1533.468872</ele>
				<time>2026-06-22T18:50:34Z</time>
			</trkpt>
			<trkpt lat="47.891621" lon="-123.675095">
				<ele>1511.029907</ele>
				<time>2026-06-22T18:51:16Z</time>
			</trkpt>
			<trkpt lat="47.891602" lon="-123.675156">
				<ele>1510.97583</ele>
				<time>2026-06-22T18:51:31Z</time>
			</trkpt>
			<trkpt lat="47.891567" lon="-123.675362">
				<ele>1516.693604</ele>
				<time>2026-06-22T18:52:01Z</time>
			</trkpt>
			<trkpt lat="47.891647" lon="-123.675598">
				<ele>1510.44043</ele>
				<time>2026-06-22T18:52:31Z</time>
			</trkpt>
			<trkpt lat="47.89175" lon="-123.676003">
				<ele>1515.329224</ele>
				<time>2026-06-22T18:53:26Z</time>
			</trkpt>
			<trkpt lat="47.891701" lon="-123.676117">
				<ele>1514.875244</ele>
				<time>2026-06-22T18:53:39Z</time>
			</trkpt>
			<trkpt lat="47.891724" lon="-123.676376">
				<ele>1511.380615</ele>
				<time>2026-06-22T18:54:03Z</time>
			</trkpt>
			<trkpt lat="47.891823" lon="-123.676575">
				<ele>1501.953369</ele>
				<time>2026-06-22T18:54:49Z</time>
			</trkpt>
			<trkpt lat="47.891918" lon="-123.676857">
				<ele>1507.987305</ele>
				<time>2026-06-22T18:55:35Z</time>
			</trkpt>
			<trkpt lat="47.891964" lon="-123.6772">
				<ele>1502.900146</ele>
				<time>2026-06-22T18:56:07Z</time>
			</trkpt>
			<trkpt lat="47.892014" lon="-123.677383">
				<ele>1504.880249</ele>
				<time>2026-06-22T18:56:27Z</time>
			</trkpt>
			<trkpt lat="47.892105" lon="-123.677399">
				<ele>1502.919556</ele>
				<time>2026-06-22T18:56:45Z</time>
			</trkpt>
			<trkpt lat="47.892368" lon="-123.677589">
				<ele>1521.05481</ele>
				<time>2026-06-22T18:57:36Z</time>
			</trkpt>
			<trkpt lat="47.89259" lon="-123.677597">
				<ele>1516.435547</ele>
				<time>2026-06-22T18:58:12Z</time>
			</trkpt>
			<trkpt lat="47.892616" lon="-123.67765">
				<ele>1515.808594</ele>
				<time>2026-06-22T18:58:18Z</time>
			</trkpt>
			<trkpt lat="47.892685" lon="-123.677742">
				<ele>1519.116333</ele>
				<time>2026-06-22T18:58:31Z</time>
			</trkpt>
			<trkpt lat="47.892769" lon="-123.677887">
				<ele>1514.959473</ele>
				<time>2026-06-22T18:58:50Z</time>
			</trkpt>
			<trkpt lat="47.892796" lon="-123.677956">
				<ele>1515.658813</ele>
				<time>2026-06-22T18:58:56Z</time>
			</trkpt>
			<trkpt lat="47.892834" lon="-123.678337">
				<ele>1503.601563</ele>
				<time>2026-06-22T18:59:44Z</time>
			</trkpt>
			<trkpt lat="47.892845" lon="-123.678398">
				<ele>1504.204102</ele>
				<time>2026-06-22T18:59:51Z</time>
			</trkpt>
			<trkpt lat="47.892879" lon="-123.678459">
				<ele>1501.49939</ele>
				<time>2026-06-22T18:59:58Z</time>
			</trkpt>
			<trkpt lat="47.892895" lon="-123.67852">
				<ele>1503.026978</ele>
				<time>2026-06-22T19:00:03Z</time>
			</trkpt>
			<trkpt lat="47.892929" lon="-123.678787">
				<ele>1499.539917</ele>
				<time>2026-06-22T19:00:36Z</time>
			</trkpt>
			<trkpt lat="47.892887" lon="-123.678818">
				<ele>1501.430298</ele>
				<time>2026-06-22T19:00:39Z</time>
			</trkpt>
			<trkpt lat="47.893005" lon="-123.679054">
				<ele>1487.785156</ele>
				<time>2026-06-22T19:01:18Z</time>
			</trkpt>
			<trkpt lat="47.89304" lon="-123.6791">
				<ele>1488.052612</ele>
				<time>2026-06-22T19:01:26Z</time>
			</trkpt>
			<trkpt lat="47.893089" lon="-123.679085">
				<ele>1487.675781</ele>
				<time>2026-06-22T19:01:32Z</time>
			</trkpt>
			<trkpt lat="47.89336" lon="-123.679138">
				<ele>1499.04126</ele>
				<time>2026-06-22T19:02:20Z</time>
			</trkpt>
			<trkpt lat="47.893574" lon="-123.679382">
				<ele>1496.199097</ele>
				<time>2026-06-22T19:02:57Z</time>
			</trkpt>
			<trkpt lat="47.893612" lon="-123.679337">
				<ele>1493.780273</ele>
				<time>2026-06-22T19:03:05Z</time>
			</trkpt>
			<trkpt lat="47.89365" lon="-123.679298">
				<ele>1496.985107</ele>
				<time>2026-06-22T19:03:18Z</time>
			</trkpt>
			<trkpt lat="47.893734" lon="-123.679237">
				<ele>1494.104614</ele>
				<time>2026-06-22T19:03:28Z</time>
			</trkpt>
			<trkpt lat="47.893902" lon="-123.679253">
				<ele>1497.709839</ele>
				<time>2026-06-22T19:03:53Z</time>
			</trkpt>
			<trkpt lat="47.894032" lon="-123.679321">
				<ele>1494.714478</ele>
				<time>2026-06-22T19:04:09Z</time>
			</trkpt>
			<trkpt lat="47.894058" lon="-123.679367">
				<ele>1495.462158</ele>
				<time>2026-06-22T19:04:15Z</time>
			</trkpt>
			<trkpt lat="47.894123" lon="-123.679459">
				<ele>1494.435425</ele>
				<time>2026-06-22T19:04:25Z</time>
			</trkpt>
			<trkpt lat="47.894161" lon="-123.679504">
				<ele>1495.676758</ele>
				<time>2026-06-22T19:04:30Z</time>
			</trkpt>
			<trkpt lat="47.894257" lon="-123.679672">
				<ele>1492.305664</ele>
				<time>2026-06-22T19:04:48Z</time>
			</trkpt>
			<trkpt lat="47.894302" lon="-123.67971">
				<ele>1494.062744</ele>
				<time>2026-06-22T19:04:59Z</time>
			</trkpt>
			<trkpt lat="47.894459" lon="-123.679863">
				<ele>1490.967041</ele>
				<time>2026-06-22T19:05:28Z</time>
			</trkpt>
			<trkpt lat="47.894505" lon="-123.679886">
				<ele>1491.493896</ele>
				<time>2026-06-22T19:05:34Z</time>
			</trkpt>
			<trkpt lat="47.894623" lon="-123.679955">
				<ele>1483.851929</ele>
				<time>2026-06-22T19:05:51Z</time>
			</trkpt>
			<trkpt lat="47.89465" lon="-123.680008">
				<ele>1485.428833</ele>
				<time>2026-06-22T19:05:58Z</time>
			</trkpt>
			<trkpt lat="47.89468" lon="-123.680069">
				<ele>1483.146973</ele>
				<time>2026-06-22T19:06:08Z</time>
			</trkpt>
			<trkpt lat="47.894867" lon="-123.68026">
				<ele>1485.244141</ele>
				<time>2026-06-22T19:06:44Z</time>
			</trkpt>
			<trkpt lat="47.894947" lon="-123.680412">
				<ele>1482.355225</ele>
				<time>2026-06-22T19:07:10Z</time>
			</trkpt>
			<trkpt lat="47.894951" lon="-123.680481">
				<ele>1483.004028</ele>
				<time>2026-06-22T19:07:18Z</time>
			</trkpt>
			<trkpt lat="47.894829" lon="-123.681328">
				<ele>1457.307373</ele>
				<time>2026-06-22T19:09:20Z</time>
			</trkpt>
			<trkpt lat="47.894794" lon="-123.681458">
				<ele>1460.295898</ele>
				<time>2026-06-22T19:09:31Z</time>
			</trkpt>
			<trkpt lat="47.894753" lon="-123.681671">
				<ele>1453.452026</ele>
				<time>2026-06-22T19:09:57Z</time>
			</trkpt>
			<trkpt lat="47.894775" lon="-123.681801">
				<ele>1455.337646</ele>
				<time>2026-06-22T19:10:13Z</time>
			</trkpt>
			<trkpt lat="47.894806" lon="-123.681992">
				<ele>1452.388672</ele>
				<time>2026-06-22T19:10:27Z</time>
			</trkpt>
			<trkpt lat="47.895073" lon="-123.682068">
				<ele>1456.269653</ele>
				<time>2026-06-22T19:11:02Z</time>
			</trkpt>
			<trkpt lat="47.895119" lon="-123.682083">
				<ele>1456.040649</ele>
				<time>2026-06-22T19:11:07Z</time>
			</trkpt>
			<trkpt lat="47.895191" lon="-123.682175">
				<ele>1463.255005</ele>
				<time>2026-06-22T19:11:17Z</time>
			</trkpt>
			<trkpt lat="47.89547" lon="-123.682518">
				<ele>1466.794189</ele>
				<time>2026-06-22T19:12:11Z</time>
			</trkpt>
			<trkpt lat="47.895702" lon="-123.682846">
				<ele>1458.033447</ele>
				<time>2026-06-22T19:13:39Z</time>
			</trkpt>
			<trkpt lat="47.895699" lon="-123.682976">
				<ele>1457.794067</ele>
				<time>2026-06-22T19:13:52Z</time>
			</trkpt>
			<trkpt lat="47.895699" lon="-123.683052">
				<ele>1458.104492</ele>
				<time>2026-06-22T19:13:59Z</time>
			</trkpt>
			<trkpt lat="47.895821" lon="-123.683212">
				<ele>1454.350952</ele>
				<time>2026-06-22T19:14:21Z</time>
			</trkpt>
			<trkpt lat="47.895912" lon="-123.683456">
				<ele>1456.883911</ele>
				<time>2026-06-22T19:14:45Z</time>
			</trkpt>
			<trkpt lat="47.895844" lon="-123.683929">
				<ele>1451.253052</ele>
				<time>2026-06-22T19:15:32Z</time>
			</trkpt>
			<trkpt lat="47.895874" lon="-123.68399">
				<ele>1453.898804</ele>
				<time>2026-06-22T19:15:39Z</time>
			</trkpt>
			<trkpt lat="47.895927" lon="-123.684097">
				<ele>1449.179321</ele>
				<time>2026-06-22T19:15:53Z</time>
			</trkpt>
			<trkpt lat="47.896046" lon="-123.684242">
				<ele>1447.190796</ele>
				<time>2026-06-22T19:16:16Z</time>
			</trkpt>
			<trkpt lat="47.896084" lon="-123.684372">
				<ele>1448.106323</ele>
				<time>2026-06-22T19:16:26Z</time>
			</trkpt>
			<trkpt lat="47.896088" lon="-123.684441">
				<ele>1447.122803</ele>
				<time>2026-06-22T19:16:32Z</time>
			</trkpt>
			<trkpt lat="47.896053" lon="-123.684578">
				<ele>1447.89502</ele>
				<time>2026-06-22T19:16:43Z</time>
			</trkpt>
			<trkpt lat="47.89624" lon="-123.684982">
				<ele>1433.290527</ele>
				<time>2026-06-22T19:17:58Z</time>
			</trkpt>
			<trkpt lat="47.896202" lon="-123.685028">
				<ele>1434.20813</ele>
				<time>2026-06-22T19:18:08Z</time>
			</trkpt>
			<trkpt lat="47.896" lon="-123.685501">
				<ele>1427.522705</ele>
				<time>2026-06-22T19:19:06Z</time>
			</trkpt>
			<trkpt lat="47.896183" lon="-123.685791">
				<ele>1430.141602</ele>
				<time>2026-06-22T19:19:53Z</time>
			</trkpt>
			<trkpt lat="47.896183" lon="-123.68586">
				<ele>1428.261719</ele>
				<time>2026-06-22T19:20:02Z</time>
			</trkpt>
			<trkpt lat="47.896183" lon="-123.685928">
				<ele>1428.585083</ele>
				<time>2026-06-22T19:20:11Z</time>
			</trkpt>
			<trkpt lat="47.896194" lon="-123.685997">
				<ele>1430.635864</ele>
				<time>2026-06-22T19:20:21Z</time>
			</trkpt>
			<trkpt lat="47.896214" lon="-123.686058">
				<ele>1429.111084</ele>
				<time>2026-06-22T19:20:28Z</time>
			</trkpt>
			<trkpt lat="47.896248" lon="-123.686188">
				<ele>1434.050537</ele>
				<time>2026-06-22T19:20:44Z</time>
			</trkpt>
			<trkpt lat="47.896259" lon="-123.686264">
				<ele>1433.676758</ele>
				<time>2026-06-22T19:20:53Z</time>
			</trkpt>
			<trkpt lat="47.896229" lon="-123.686386">
				<ele>1434.725586</ele>
				<time>2026-06-22T19:21:05Z</time>
			</trkpt>
			<trkpt lat="47.896324" lon="-123.686546">
				<ele>1432.697632</ele>
				<time>2026-06-22T19:21:31Z</time>
			</trkpt>
			<trkpt lat="47.896397" lon="-123.686783">
				<ele>1437.07312</ele>
				<time>2026-06-22T19:22:03Z</time>
			</trkpt>
			<trkpt lat="47.896404" lon="-123.686859">
				<ele>1435.324219</ele>
				<time>2026-06-22T19:22:10Z</time>
			</trkpt>
			<trkpt lat="47.89637" lon="-123.687057">
				<ele>1437.071655</ele>
				<time>2026-06-22T19:22:32Z</time>
			</trkpt>
			<trkpt lat="47.896385" lon="-123.687119">
				<ele>1433.205933</ele>
				<time>2026-06-22T19:22:41Z</time>
			</trkpt>
			<trkpt lat="47.896397" lon="-123.687218">
				<ele>1439.720703</ele>
				<time>2026-06-22T19:23:46Z</time>
			</trkpt>
			<trkpt lat="47.896439" lon="-123.687241">
				<ele>1439.842896</ele>
				<time>2026-06-22T19:23:55Z</time>
			</trkpt>
			<trkpt lat="47.896477" lon="-123.687286">
				<ele>1439.482544</ele>
				<time>2026-06-22T19:24:01Z</time>
			</trkpt>
			<trkpt lat="47.896561" lon="-123.687447">
				<ele>1440.374023</ele>
				<time>2026-06-22T19:24:19Z</time>
			</trkpt>
			<trkpt lat="47.896587" lon="-123.687508">
				<ele>1439.409668</ele>
				<time>2026-06-22T19:24:26Z</time>
			</trkpt>
			<trkpt lat="47.896614" lon="-123.68763">
				<ele>1440.371704</ele>
				<time>2026-06-22T19:24:38Z</time>
			</trkpt>
			<trkpt lat="47.896641" lon="-123.687683">
				<ele>1439.644775</ele>
				<time>2026-06-22T19:24:46Z</time>
			</trkpt>
			<trkpt lat="47.896759" lon="-123.687859">
				<ele>1442.137085</ele>
				<time>2026-06-22T19:25:18Z</time>
			</trkpt>
			<trkpt lat="47.896801" lon="-123.687881">
				<ele>1441.155762</ele>
				<time>2026-06-22T19:25:25Z</time>
			</trkpt>
			<trkpt lat="47.896885" lon="-123.688034">
				<ele>1444.053345</ele>
				<time>2026-06-22T19:25:47Z</time>
			</trkpt>
			<trkpt lat="47.896946" lon="-123.688202">
				<ele>1443.375122</ele>
				<time>2026-06-22T19:26:07Z</time>
			</trkpt>
			<trkpt lat="47.896965" lon="-123.688637">
				<ele>1450.101685</ele>
				<time>2026-06-22T19:27:02Z</time>
			</trkpt>
			<trkpt lat="47.896988" lon="-123.688774">
				<ele>1446.803711</ele>
				<time>2026-06-22T19:27:15Z</time>
			</trkpt>
			<trkpt lat="47.897186" lon="-123.689087">
				<ele>1453.355957</ele>
				<time>2026-06-22T19:28:10Z</time>
			</trkpt>
			<trkpt lat="47.897114" lon="-123.689423">
				<ele>1463.522705</ele>
				<time>2026-06-22T19:28:45Z</time>
			</trkpt>
			<trkpt lat="47.897091" lon="-123.689491">
				<ele>1462.691772</ele>
				<time>2026-06-22T19:28:51Z</time>
			</trkpt>
			<trkpt lat="47.897057" lon="-123.689529">
				<ele>1464.087402</ele>
				<time>2026-06-22T19:29:00Z</time>
			</trkpt>
			<trkpt lat="47.89703" lon="-123.689667">
				<ele>1459.525269</ele>
				<time>2026-06-22T19:29:13Z</time>
			</trkpt>
			<trkpt lat="47.896996" lon="-123.689789">
				<ele>1460.658936</ele>
				<time>2026-06-22T19:29:31Z</time>
			</trkpt>
			<trkpt lat="47.897053" lon="-123.689888">
				<ele>1459.482544</ele>
				<time>2026-06-22T19:29:47Z</time>
			</trkpt>
			<trkpt lat="47.897156" lon="-123.690018">
				<ele>1461.399048</ele>
				<time>2026-06-22T19:30:06Z</time>
			</trkpt>
			<trkpt lat="47.897194" lon="-123.690056">
				<ele>1458.991211</ele>
				<time>2026-06-22T19:30:12Z</time>
			</trkpt>
			<trkpt lat="47.897263" lon="-123.690147">
				<ele>1463.561157</ele>
				<time>2026-06-22T19:30:26Z</time>
			</trkpt>
			<trkpt lat="47.897293" lon="-123.690208">
				<ele>1462.608398</ele>
				<time>2026-06-22T19:30:35Z</time>
			</trkpt>
			<trkpt lat="47.897358" lon="-123.690308">
				<ele>1464.821899</ele>
				<time>2026-06-22T19:30:49Z</time>
			</trkpt>
			<trkpt lat="47.897388" lon="-123.690361">
				<ele>1464.336304</ele>
				<time>2026-06-22T19:30:56Z</time>
			</trkpt>
			<trkpt lat="47.897488" lon="-123.690514">
				<ele>1466.177124</ele>
				<time>2026-06-22T19:31:17Z</time>
			</trkpt>
			<trkpt lat="47.897518" lon="-123.690567">
				<ele>1464.450684</ele>
				<time>2026-06-22T19:31:23Z</time>
			</trkpt>
			<trkpt lat="47.897606" lon="-123.690712">
				<ele>1466.900269</ele>
				<time>2026-06-22T19:31:48Z</time>
			</trkpt>
			<trkpt lat="47.897644" lon="-123.690758">
				<ele>1466.432861</ele>
				<time>2026-06-22T19:31:56Z</time>
			</trkpt>
			<trkpt lat="47.897675" lon="-123.690811">
				<ele>1468.771851</ele>
				<time>2026-06-22T19:32:05Z</time>
			</trkpt>
			<trkpt lat="47.897713" lon="-123.690857">
				<ele>1468.191284</ele>
				<time>2026-06-22T19:32:11Z</time>
			</trkpt>
			<trkpt lat="47.897755" lon="-123.690903">
				<ele>1468.425049</ele>
				<time>2026-06-22T19:32:18Z</time>
			</trkpt>
			<trkpt lat="47.897797" lon="-123.690933">
				<ele>1468.424072</ele>
				<time>2026-06-22T19:32:24Z</time>
			</trkpt>
			<trkpt lat="47.897827" lon="-123.691208">
				<ele>1472.701782</ele>
				<time>2026-06-22T19:32:47Z</time>
			</trkpt>
			<trkpt lat="47.897858" lon="-123.691269">
				<ele>1472.275513</ele>
				<time>2026-06-22T19:32:55Z</time>
			</trkpt>
			<trkpt lat="47.897926" lon="-123.691376">
				<ele>1472.424438</ele>
				<time>2026-06-22T19:33:06Z</time>
			</trkpt>
			<trkpt lat="47.897961" lon="-123.691429">
				<ele>1471.09729</ele>
				<time>2026-06-22T19:33:12Z</time>
			</trkpt>
			<trkpt lat="47.898003" lon="-123.691475">
				<ele>1472.246094</ele>
				<time>2026-06-22T19:33:17Z</time>
			</trkpt>
			<trkpt lat="47.898037" lon="-123.691513">
				<ele>1472.13147</ele>
				<time>2026-06-22T19:33:24Z</time>
			</trkpt>
			<trkpt lat="47.898205" lon="-123.691544">
				<ele>1468.823486</ele>
				<time>2026-06-22T19:33:48Z</time>
			</trkpt>
			<trkpt lat="47.898293" lon="-123.691536">
				<ele>1472.516968</ele>
				<time>2026-06-22T19:34:28Z</time>
			</trkpt>
			<trkpt lat="47.898331" lon="-123.691559">
				<ele>1472.307739</ele>
				<time>2026-06-22T19:34:52Z</time>
			</trkpt>
			<trkpt lat="47.898487" lon="-123.691803">
				<ele>1464.935181</ele>
				<time>2026-06-22T19:35:20Z</time>
			</trkpt>
			<trkpt lat="47.898567" lon="-123.69194">
				<ele>1467.898804</ele>
				<time>2026-06-22T19:35:36Z</time>
			</trkpt>
			<trkpt lat="47.898598" lon="-123.691986">
				<ele>1467.151978</ele>
				<time>2026-06-22T19:35:41Z</time>
			</trkpt>
			<trkpt lat="47.898655" lon="-123.692276">
				<ele>1458.498047</ele>
				<time>2026-06-22T19:35:58Z</time>
			</trkpt>
			<trkpt lat="47.8988" lon="-123.692429">
				<ele>1463.311768</ele>
				<time>2026-06-22T19:36:21Z</time>
			</trkpt>
			<trkpt lat="47.898891" lon="-123.69252">
				<ele>1460.200195</ele>
				<time>2026-06-22T19:36:29Z</time>
			</trkpt>
			<trkpt lat="47.898903" lon="-123.692581">
				<ele>1462.055298</ele>
				<time>2026-06-22T19:36:36Z</time>
			</trkpt>
			<trkpt lat="47.898933" lon="-123.692627">
				<ele>1461.951538</ele>
				<time>2026-06-22T19:36:57Z</time>
			</trkpt>
			<trkpt lat="47.898991" lon="-123.692818">
				<ele>1455.479736</ele>
				<time>2026-06-22T19:37:17Z</time>
			</trkpt>
			<trkpt lat="47.899002" lon="-123.692955">
				<ele>1459.355957</ele>
				<time>2026-06-22T19:37:29Z</time>
			</trkpt>
			<trkpt lat="47.899044" lon="-123.693085">
				<ele>1457.144287</ele>
				<time>2026-06-22T19:37:37Z</time>
			</trkpt>
			<trkpt lat="47.899025" lon="-123.693283">
				<ele>1459.746338</ele>
				<time>2026-06-22T19:37:53Z</time>
			</trkpt>
			<trkpt lat="47.899055" lon="-123.693619">
				<ele>1446.022583</ele>
				<time>2026-06-22T19:38:17Z</time>
			</trkpt>
			<trkpt lat="47.899105" lon="-123.69413">
				<ele>1439.834595</ele>
				<time>2026-06-22T19:38:55Z</time>
			</trkpt>
			<trkpt lat="47.899147" lon="-123.694481">
				<ele>1445.638184</ele>
				<time>2026-06-22T19:39:20Z</time>
			</trkpt>
			<trkpt lat="47.899223" lon="-123.694771">
				<ele>1443.560791</ele>
				<time>2026-06-22T19:39:40Z</time>
			</trkpt>
			<trkpt lat="47.899315" lon="-123.695076">
				<ele>1435.314575</ele>
				<time>2026-06-22T19:40:02Z</time>
			</trkpt>
			<trkpt lat="47.899506" lon="-123.695023">
				<ele>1439.021729</ele>
				<time>2026-06-22T19:40:24Z</time>
			</trkpt>
			<trkpt lat="47.899601" lon="-123.69516">
				<ele>1438.555786</ele>
				<time>2026-06-22T19:40:37Z</time>
			</trkpt>
			<trkpt lat="47.899639" lon="-123.69519">
				<ele>1438.611694</ele>
				<time>2026-06-22T19:40:41Z</time>
			</trkpt>
			<trkpt lat="47.899673" lon="-123.695236">
				<ele>1437.530029</ele>
				<time>2026-06-22T19:40:46Z</time>
			</trkpt>
			<trkpt lat="47.899776" lon="-123.695374">
				<ele>1438.0448</ele>
				<time>2026-06-22T19:41:01Z</time>
			</trkpt>
			<trkpt lat="47.89991" lon="-123.695786">
				<ele>1432.546021</ele>
				<time>2026-06-22T19:41:33Z</time>
			</trkpt>
			<trkpt lat="47.899822" lon="-123.695976">
				<ele>1434.079712</ele>
				<time>2026-06-22T19:41:45Z</time>
			</trkpt>
			<trkpt lat="47.899784" lon="-123.696213">
				<ele>1432.993042</ele>
				<time>2026-06-22T19:42:04Z</time>
			</trkpt>
			<trkpt lat="47.900059" lon="-123.696381">
				<ele>1425.537598</ele>
				<time>2026-06-22T19:42:42Z</time>
			</trkpt>
			<trkpt lat="47.900284" lon="-123.696793">
				<ele>1421.620972</ele>
				<time>2026-06-22T19:43:17Z</time>
			</trkpt>
			<trkpt lat="47.900345" lon="-123.696884">
				<ele>1422.272095</ele>
				<time>2026-06-22T19:43:25Z</time>
			</trkpt>
			<trkpt lat="47.900486" lon="-123.69693">
				<ele>1418.451416</ele>
				<time>2026-06-22T19:43:37Z</time>
			</trkpt>
			<trkpt lat="47.900509" lon="-123.696991">
				<ele>1418.596924</ele>
				<time>2026-06-22T19:43:41Z</time>
			</trkpt>
			<trkpt lat="47.900593" lon="-123.697639">
				<ele>1413.709717</ele>
				<time>2026-06-22T19:44:30Z</time>
			</trkpt>
			<trkpt lat="47.900627" lon="-123.697678">
				<ele>1414.632568</ele>
				<time>2026-06-22T19:44:34Z</time>
			</trkpt>
			<trkpt lat="47.900658" lon="-123.697739">
				<ele>1414.020752</ele>
				<time>2026-06-22T19:44:38Z</time>
			</trkpt>
			<trkpt lat="47.900864" lon="-123.698021">
				<ele>1403.682739</ele>
				<time>2026-06-22T19:45:09Z</time>
			</trkpt>
			<trkpt lat="47.900902" lon="-123.698059">
				<ele>1405.236206</ele>
				<time>2026-06-22T19:45:16Z</time>
			</trkpt>
			<trkpt lat="47.900944" lon="-123.698097">
				<ele>1404.363403</ele>
				<time>2026-06-22T19:45:21Z</time>
			</trkpt>
			<trkpt lat="47.90097" lon="-123.698174">
				<ele>1405.32373</ele>
				<time>2026-06-22T19:45:26Z</time>
			</trkpt>
			<trkpt lat="47.900993" lon="-123.698227">
				<ele>1404.729126</ele>
				<time>2026-06-22T19:45:31Z</time>
			</trkpt>
			<trkpt lat="47.901028" lon="-123.698349">
				<ele>1405.495728</ele>
				<time>2026-06-22T19:45:40Z</time>
			</trkpt>
			<trkpt lat="47.901043" lon="-123.698425">
				<ele>1405.117065</ele>
				<time>2026-06-22T19:45:44Z</time>
			</trkpt>
			<trkpt lat="47.901077" lon="-123.698746">
				<ele>1416.258423</ele>
				<time>2026-06-22T19:46:30Z</time>
			</trkpt>
			<trkpt lat="47.901173" lon="-123.699059">
				<ele>1408.638306</ele>
				<time>2026-06-22T19:46:53Z</time>
			</trkpt>
			<trkpt lat="47.901196" lon="-123.699348">
				<ele>1410.904541</ele>
				<time>2026-06-22T19:47:13Z</time>
			</trkpt>
			<trkpt lat="47.901196" lon="-123.699425">
				<ele>1409.223755</ele>
				<time>2026-06-22T19:47:18Z</time>
			</trkpt>
			<trkpt lat="47.901001" lon="-123.699745">
				<ele>1414.440552</ele>
				<time>2026-06-22T19:47:44Z</time>
			</trkpt>
			<trkpt lat="47.901005" lon="-123.69989">
				<ele>1410.803711</ele>
				<time>2026-06-22T19:47:57Z</time>
			</trkpt>
			<trkpt lat="47.901028" lon="-123.699959">
				<ele>1411.900391</ele>
				<time>2026-06-22T19:48:02Z</time>
			</trkpt>
			<trkpt lat="47.901054" lon="-123.700096">
				<ele>1410.42749</ele>
				<time>2026-06-22T19:48:11Z</time>
			</trkpt>
			<trkpt lat="47.901039" lon="-123.70031">
				<ele>1412.254883</ele>
				<time>2026-06-22T19:48:24Z</time>
			</trkpt>
			<trkpt lat="47.901039" lon="-123.700386">
				<ele>1409.924194</ele>
				<time>2026-06-22T19:48:29Z</time>
			</trkpt>
			<trkpt lat="47.9011" lon="-123.700577">
				<ele>1411.219849</ele>
				<time>2026-06-22T19:48:42Z</time>
			</trkpt>
			<trkpt lat="47.901096" lon="-123.700645">
				<ele>1409.883545</ele>
				<time>2026-06-22T19:48:47Z</time>
			</trkpt>
			<trkpt lat="47.901176" lon="-123.700912">
				<ele>1414.642334</ele>
				<time>2026-06-22T19:49:46Z</time>
			</trkpt>
			<trkpt lat="47.901058" lon="-123.701111">
				<ele>1406.880981</ele>
				<time>2026-06-22T19:50:07Z</time>
			</trkpt>
			<trkpt lat="47.90152" lon="-123.701035">
				<ele>1402.151123</ele>
				<time>2026-06-22T19:51:01Z</time>
			</trkpt>
			<trkpt lat="47.901562" lon="-123.701035">
				<ele>1404.19397</ele>
				<time>2026-06-22T19:51:06Z</time>
			</trkpt>
			<trkpt lat="47.901669" lon="-123.701035">
				<ele>1402.202148</ele>
				<time>2026-06-22T19:51:19Z</time>
			</trkpt>
			<trkpt lat="47.901814" lon="-123.70105">
				<ele>1404.459106</ele>
				<time>2026-06-22T19:51:35Z</time>
			</trkpt>
			<trkpt lat="47.901859" lon="-123.701035">
				<ele>1401.834106</ele>
				<time>2026-06-22T19:51:41Z</time>
			</trkpt>
			<trkpt lat="47.902" lon="-123.701019">
				<ele>1406.134644</ele>
				<time>2026-06-22T19:51:54Z</time>
			</trkpt>
			<trkpt lat="47.902172" lon="-123.701134">
				<ele>1393.050415</ele>
				<time>2026-06-22T19:52:13Z</time>
			</trkpt>
			<trkpt lat="47.902256" lon="-123.701233">
				<ele>1392.499634</ele>
				<time>2026-06-22T19:52:23Z</time>
			</trkpt>
			<trkpt lat="47.902313" lon="-123.701347">
				<ele>1397.680054</ele>
				<time>2026-06-22T19:52:31Z</time>
			</trkpt>
			<trkpt lat="47.902443" lon="-123.70182">
				<ele>1389.693237</ele>
				<time>2026-06-22T19:53:05Z</time>
			</trkpt>
			<trkpt lat="47.902481" lon="-123.701935">
				<ele>1390.22644</ele>
				<time>2026-06-22T19:53:15Z</time>
			</trkpt>
			<trkpt lat="47.9025" lon="-123.701996">
				<ele>1387.028687</ele>
				<time>2026-06-22T19:53:19Z</time>
			</trkpt>
			<trkpt lat="47.902554" lon="-123.70211">
				<ele>1390.747803</ele>
				<time>2026-06-22T19:53:27Z</time>
			</trkpt>
			<trkpt lat="47.902588" lon="-123.702248">
				<ele>1388.363281</ele>
				<time>2026-06-22T19:53:35Z</time>
			</trkpt>
			<trkpt lat="47.902599" lon="-123.70237">
				<ele>1392.688843</ele>
				<time>2026-06-22T19:53:44Z</time>
			</trkpt>
			<trkpt lat="47.902374" lon="-123.702477">
				<ele>1389.75769</ele>
				<time>2026-06-22T19:54:04Z</time>
			</trkpt>
			<trkpt lat="47.90226" lon="-123.702606">
				<ele>1400.612793</ele>
				<time>2026-06-22T19:54:24Z</time>
			</trkpt>
			<trkpt lat="47.902077" lon="-123.7033">
				<ele>1382.608887</ele>
				<time>2026-06-22T19:55:18Z</time>
			</trkpt>
			<trkpt lat="47.902042" lon="-123.703354">
				<ele>1381.646362</ele>
				<time>2026-06-22T19:55:25Z</time>
			</trkpt>
			<trkpt lat="47.901756" lon="-123.703278">
				<ele>1388.30249</ele>
				<time>2026-06-22T19:55:59Z</time>
			</trkpt>
			<trkpt lat="47.901424" lon="-123.703758">
				<ele>1372.778076</ele>
				<time>2026-06-22T19:56:45Z</time>
			</trkpt>
			<trkpt lat="47.90136" lon="-123.703949">
				<ele>1374.667114</ele>
				<time>2026-06-22T19:56:57Z</time>
			</trkpt>
			<trkpt lat="47.901329" lon="-123.704094">
				<ele>1372.314331</ele>
				<time>2026-06-22T19:57:07Z</time>
			</trkpt>
			<trkpt lat="47.901287" lon="-123.704239">
				<ele>1376.053101</ele>
				<time>2026-06-22T19:57:14Z</time>
			</trkpt>
			<trkpt lat="47.901245" lon="-123.704582">
				<ele>1370.532837</ele>
				<time>2026-06-22T19:57:40Z</time>
			</trkpt>
			<trkpt lat="47.901276" lon="-123.70472">
				<ele>1371.259277</ele>
				<time>2026-06-22T19:57:49Z</time>
			</trkpt>
			<trkpt lat="47.90131" lon="-123.704849">
				<ele>1366.030518</ele>
				<time>2026-06-22T19:57:57Z</time>
			</trkpt>
			<trkpt lat="47.901329" lon="-123.704903">
				<ele>1366.512329</ele>
				<time>2026-06-22T19:58:01Z</time>
			</trkpt>
			<trkpt lat="47.901394" lon="-123.705086">
				<ele>1365.711304</ele>
				<time>2026-06-22T19:58:13Z</time>
			</trkpt>
			<trkpt lat="47.901409" lon="-123.705147">
				<ele>1365.990479</ele>
				<time>2026-06-22T19:58:17Z</time>
			</trkpt>
			<trkpt lat="47.901535" lon="-123.705421">
				<ele>1362.125</ele>
				<time>2026-06-22T19:58:41Z</time>
			</trkpt>
			<trkpt lat="47.901577" lon="-123.705688">
				<ele>1352.535278</ele>
				<time>2026-06-22T19:59:09Z</time>
			</trkpt>
			<trkpt lat="47.901581" lon="-123.705841">
				<ele>1353.036865</ele>
				<time>2026-06-22T19:59:21Z</time>
			</trkpt>
			<trkpt lat="47.901642" lon="-123.705948">
				<ele>1350.083984</ele>
				<time>2026-06-22T19:59:29Z</time>
			</trkpt>
			<trkpt lat="47.901665" lon="-123.706017">
				<ele>1351.242798</ele>
				<time>2026-06-22T19:59:33Z</time>
			</trkpt>
			<trkpt lat="47.901684" lon="-123.706078">
				<ele>1350.184326</ele>
				<time>2026-06-22T19:59:40Z</time>
			</trkpt>
			<trkpt lat="47.901718" lon="-123.706116">
				<ele>1350.203125</ele>
				<time>2026-06-22T19:59:47Z</time>
			</trkpt>
			<trkpt lat="47.901749" lon="-123.706245">
				<ele>1354.401733</ele>
				<time>2026-06-22T19:59:56Z</time>
			</trkpt>
			<trkpt lat="47.901772" lon="-123.706299">
				<ele>1354.626709</ele>
				<time>2026-06-22T20:00:00Z</time>
			</trkpt>
			<trkpt lat="47.901779" lon="-123.706375">
				<ele>1351.713379</ele>
				<time>2026-06-22T20:00:04Z</time>
			</trkpt>
			<trkpt lat="47.901817" lon="-123.706566">
				<ele>1355.016479</ele>
				<time>2026-06-22T20:00:18Z</time>
			</trkpt>
			<trkpt lat="47.90184" lon="-123.706772">
				<ele>1346.895142</ele>
				<time>2026-06-22T20:00:30Z</time>
			</trkpt>
			<trkpt lat="47.901852" lon="-123.706909">
				<ele>1349.352905</ele>
				<time>2026-06-22T20:00:37Z</time>
			</trkpt>
			<trkpt lat="47.901939" lon="-123.707169">
				<ele>1344.883423</ele>
				<time>2026-06-22T20:00:59Z</time>
			</trkpt>
			<trkpt lat="47.902107" lon="-123.707413">
				<ele>1350.296875</ele>
				<time>2026-06-22T20:01:22Z</time>
			</trkpt>
			<trkpt lat="47.902149" lon="-123.707458">
				<ele>1346.207642</ele>
				<time>2026-06-22T20:01:28Z</time>
			</trkpt>
			<trkpt lat="47.902218" lon="-123.707565">
				<ele>1349.075806</ele>
				<time>2026-06-22T20:01:36Z</time>
			</trkpt>
			<trkpt lat="47.902256" lon="-123.707619">
				<ele>1348.401367</ele>
				<time>2026-06-22T20:01:43Z</time>
			</trkpt>
			<trkpt lat="47.902496" lon="-123.707733">
				<ele>1358.345337</ele>
				<time>2026-06-22T20:02:26Z</time>
			</trkpt>
			<trkpt lat="47.90271" lon="-123.707855">
				<ele>1350.286621</ele>
				<time>2026-06-22T20:02:52Z</time>
			</trkpt>
			<trkpt lat="47.902889" lon="-123.708031">
				<ele>1347.946899</ele>
				<time>2026-06-22T20:03:29Z</time>
			</trkpt>
			<trkpt lat="47.90303" lon="-123.708351">
				<ele>1358.7677</ele>
				<time>2026-06-22T20:04:15Z</time>
			</trkpt>
			<trkpt lat="47.903072" lon="-123.708466">
				<ele>1354.560303</ele>
				<time>2026-06-22T20:04:33Z</time>
			</trkpt>
			<trkpt lat="47.90313" lon="-123.70874">
				<ele>1358.442993</ele>
				<time>2026-06-22T20:05:04Z</time>
			</trkpt>
			<trkpt lat="47.903145" lon="-123.708809">
				<ele>1357.428589</ele>
				<time>2026-06-22T20:05:09Z</time>
			</trkpt>
			<trkpt lat="47.903244" lon="-123.709129">
				<ele>1370.157227</ele>
				<time>2026-06-22T20:05:47Z</time>
			</trkpt>
			<trkpt lat="47.903278" lon="-123.709259">
				<ele>1368.243652</ele>
				<time>2026-06-22T20:06:00Z</time>
			</trkpt>
			<trkpt lat="47.903278" lon="-123.70932">
				<ele>1370.343628</ele>
				<time>2026-06-22T20:06:06Z</time>
			</trkpt>
			<trkpt lat="47.903332" lon="-123.709442">
				<ele>1366.030151</ele>
				<time>2026-06-22T20:06:20Z</time>
			</trkpt>
			<trkpt lat="47.903374" lon="-123.709648">
				<ele>1369.297363</ele>
				<time>2026-06-22T20:06:39Z</time>
			</trkpt>
			<trkpt lat="47.903419" lon="-123.709778">
				<ele>1367.704346</ele>
				<time>2026-06-22T20:06:51Z</time>
			</trkpt>
			<trkpt lat="47.90345" lon="-123.709908">
				<ele>1370.208008</ele>
				<time>2026-06-22T20:07:08Z</time>
			</trkpt>
			<trkpt lat="47.903461" lon="-123.709969">
				<ele>1369.991333</ele>
				<time>2026-06-22T20:07:15Z</time>
			</trkpt>
			<trkpt lat="47.90369" lon="-123.710304">
				<ele>1380.588989</ele>
				<time>2026-06-22T20:08:09Z</time>
			</trkpt>
			<trkpt lat="47.903728" lon="-123.710358">
				<ele>1378.20874</ele>
				<time>2026-06-22T20:08:15Z</time>
			</trkpt>
			<trkpt lat="47.903828" lon="-123.710388">
				<ele>1380.226318</ele>
				<time>2026-06-22T20:08:26Z</time>
			</trkpt>
			<trkpt lat="47.903923" lon="-123.710434">
				<ele>1377.675537</ele>
				<time>2026-06-22T20:08:38Z</time>
			</trkpt>
			<trkpt lat="47.903992" lon="-123.710518">
				<ele>1383.247681</ele>
				<time>2026-06-22T20:08:49Z</time>
			</trkpt>
			<trkpt lat="47.904083" lon="-123.710564">
				<ele>1379.898315</ele>
				<time>2026-06-22T20:09:00Z</time>
			</trkpt>
			<trkpt lat="47.904171" lon="-123.710609">
				<ele>1381.856201</ele>
				<time>2026-06-22T20:09:10Z</time>
			</trkpt>
			<trkpt lat="47.904514" lon="-123.71093">
				<ele>1376.035156</ele>
				<time>2026-06-22T20:09:56Z</time>
			</trkpt>
			<trkpt lat="47.904533" lon="-123.710991">
				<ele>1376.634155</ele>
				<time>2026-06-22T20:10:01Z</time>
			</trkpt>
			<trkpt lat="47.904598" lon="-123.711105">
				<ele>1372.676514</ele>
				<time>2026-06-22T20:10:14Z</time>
			</trkpt>
			<trkpt lat="47.90469" lon="-123.711136">
				<ele>1375.772827</ele>
				<time>2026-06-22T20:10:24Z</time>
			</trkpt>
			<trkpt lat="47.904709" lon="-123.711189">
				<ele>1375.674194</ele>
				<time>2026-06-22T20:10:29Z</time>
			</trkpt>
			<trkpt lat="47.904732" lon="-123.711258">
				<ele>1375.812622</ele>
				<time>2026-06-22T20:10:34Z</time>
			</trkpt>
			<trkpt lat="47.904743" lon="-123.711548">
				<ele>1373.556519</ele>
				<time>2026-06-22T20:10:53Z</time>
			</trkpt>
			<trkpt lat="47.904869" lon="-123.711693">
				<ele>1376.968628</ele>
				<time>2026-06-22T20:11:19Z</time>
			</trkpt>
			<trkpt lat="47.904968" lon="-123.7117">
				<ele>1374.659424</ele>
				<time>2026-06-22T20:11:30Z</time>
			</trkpt>
			<trkpt lat="47.905067" lon="-123.711937">
				<ele>1379.108521</ele>
				<time>2026-06-22T20:11:51Z</time>
			</trkpt>
			<trkpt lat="47.905071" lon="-123.712013">
				<ele>1378.876099</ele>
				<time>2026-06-22T20:11:55Z</time>
			</trkpt>
			<trkpt lat="47.905075" lon="-123.712242">
				<ele>1380.755737</ele>
				<time>2026-06-22T20:12:10Z</time>
			</trkpt>
			<trkpt lat="47.905128" lon="-123.712524">
				<ele>1379.231689</ele>
				<time>2026-06-22T20:12:33Z</time>
			</trkpt>
			<trkpt lat="47.905128" lon="-123.712723">
				<ele>1384.082642</ele>
				<time>2026-06-22T20:12:48Z</time>
			</trkpt>
			<trkpt lat="47.905159" lon="-123.712852">
				<ele>1382.822388</ele>
				<time>2026-06-22T20:12:58Z</time>
			</trkpt>
			<trkpt lat="47.905205" lon="-123.71312">
				<ele>1385.052612</ele>
				<time>2026-06-22T20:13:16Z</time>
			</trkpt>
			<trkpt lat="47.905201" lon="-123.713394">
				<ele>1382.919434</ele>
				<time>2026-06-22T20:13:45Z</time>
			</trkpt>
			<trkpt lat="47.90522" lon="-123.713455">
				<ele>1384.007446</ele>
				<time>2026-06-22T20:13:52Z</time>
			</trkpt>
			<trkpt lat="47.905212" lon="-123.713516">
				<ele>1382.752808</ele>
				<time>2026-06-22T20:13:58Z</time>
			</trkpt>
			<trkpt lat="47.905235" lon="-123.713654">
				<ele>1384.894165</ele>
				<time>2026-06-22T20:14:12Z</time>
			</trkpt>
			<trkpt lat="47.905281" lon="-123.713768">
				<ele>1383.078369</ele>
				<time>2026-06-22T20:14:30Z</time>
			</trkpt>
			<trkpt lat="47.905346" lon="-123.714249">
				<ele>1391.887207</ele>
				<time>2026-06-22T20:15:32Z</time>
			</trkpt>
			<trkpt lat="47.905388" lon="-123.714264">
				<ele>1391.746582</ele>
				<time>2026-06-22T20:15:43Z</time>
			</trkpt>
			<trkpt lat="47.905537" lon="-123.714531">
				<ele>1394.297363</ele>
				<time>2026-06-22T20:16:23Z</time>
			</trkpt>
			<trkpt lat="47.905712" lon="-123.714767">
				<ele>1406.479492</ele>
				<time>2026-06-22T20:17:00Z</time>
			</trkpt>
			<trkpt lat="47.905766" lon="-123.71479">
				<ele>1405.154053</ele>
				<time>2026-06-22T20:17:06Z</time>
			</trkpt>
			<trkpt lat="47.905869" lon="-123.714935">
				<ele>1405.702393</ele>
				<time>2026-06-22T20:17:22Z</time>
			</trkpt>
			<trkpt lat="47.90591" lon="-123.714966">
				<ele>1405.45813</ele>
				<time>2026-06-22T20:17:27Z</time>
			</trkpt>
			<trkpt lat="47.905991" lon="-123.715012">
				<ele>1402.469238</ele>
				<time>2026-06-22T20:17:41Z</time>
			</trkpt>
			<trkpt lat="47.906029" lon="-123.715065">
				<ele>1402.499756</ele>
				<time>2026-06-22T20:17:49Z</time>
			</trkpt>
			<trkpt lat="47.906162" lon="-123.715118">
				<ele>1408.787598</ele>
				<time>2026-06-22T20:18:11Z</time>
			</trkpt>
			<trkpt lat="47.906384" lon="-123.715065">
				<ele>1411.522217</ele>
				<time>2026-06-22T20:18:54Z</time>
			</trkpt>
			<trkpt lat="47.906437" lon="-123.715073">
				<ele>1410.575439</ele>
				<time>2026-06-22T20:19:00Z</time>
			</trkpt>
			<trkpt lat="47.906891" lon="-123.714989">
				<ele>1419.994995</ele>
				<time>2026-06-22T20:20:05Z</time>
			</trkpt>
			<trkpt lat="47.907055" lon="-123.715118">
				<ele>1426.991455</ele>
				<time>2026-06-22T20:20:32Z</time>
			</trkpt>
			<trkpt lat="47.907078" lon="-123.715263">
				<ele>1425.360962</ele>
				<time>2026-06-22T20:20:52Z</time>
			</trkpt>
			<trkpt lat="47.907032" lon="-123.715385">
				<ele>1430.055908</ele>
				<time>2026-06-22T20:21:09Z</time>
			</trkpt>
			<trkpt lat="47.907074" lon="-123.715706">
				<ele>1424.44751</ele>
				<time>2026-06-22T20:21:56Z</time>
			</trkpt>
			<trkpt lat="47.907074" lon="-123.715843">
				<ele>1425.533325</ele>
				<time>2026-06-22T20:22:12Z</time>
			</trkpt>
			<trkpt lat="47.907063" lon="-123.715904">
				<ele>1424.16687</ele>
				<time>2026-06-22T20:22:21Z</time>
			</trkpt>
			<trkpt lat="47.907051" lon="-123.715965">
				<ele>1424.91687</ele>
				<time>2026-06-22T20:22:29Z</time>
			</trkpt>
			<trkpt lat="47.907028" lon="-123.716103">
				<ele>1424.359863</ele>
				<time>2026-06-22T20:22:46Z</time>
			</trkpt>
			<trkpt lat="47.907047" lon="-123.716309">
				<ele>1425.117432</ele>
				<time>2026-06-22T20:23:12Z</time>
			</trkpt>
			<trkpt lat="47.906902" lon="-123.716286">
				<ele>1419.990356</ele>
				<time>2026-06-22T20:23:47Z</time>
			</trkpt>
			<trkpt lat="47.906307" lon="-123.716431">
				<ele>1442.22937</ele>
				<time>2026-06-22T20:26:16Z</time>
			</trkpt>
			<trkpt lat="47.906395" lon="-123.716484">
				<ele>1444.324463</ele>
				<time>2026-06-22T20:26:47Z</time>
			</trkpt>
			<trkpt lat="47.906509" lon="-123.716599">
				<ele>1443.822144</ele>
				<time>2026-06-22T20:27:16Z</time>
			</trkpt>
			<trkpt lat="47.90659" lon="-123.716759">
				<ele>1445.971069</ele>
				<time>2026-06-22T20:27:43Z</time>
			</trkpt>
			<trkpt lat="47.906635" lon="-123.716888">
				<ele>1445.372437</ele>
				<time>2026-06-22T20:28:00Z</time>
			</trkpt>
			<trkpt lat="47.906647" lon="-123.717087">
				<ele>1446.992798</ele>
				<time>2026-06-22T20:28:20Z</time>
			</trkpt>
			<trkpt lat="47.906849" lon="-123.717171">
				<ele>1456.53479</ele>
				<time>2026-06-22T20:29:13Z</time>
			</trkpt>
			<trkpt lat="47.906895" lon="-123.717194">
				<ele>1456.637329</ele>
				<time>2026-06-22T20:29:22Z</time>
			</trkpt>
			<trkpt lat="47.906979" lon="-123.717247">
				<ele>1455.008789</ele>
				<time>2026-06-22T20:29:38Z</time>
			</trkpt>
			<trkpt lat="47.907337" lon="-123.717651">
				<ele>1463.430298</ele>
				<time>2026-06-22T20:31:07Z</time>
			</trkpt>
			<trkpt lat="47.907341" lon="-123.71772">
				<ele>1463.139404</ele>
				<time>2026-06-22T20:31:14Z</time>
			</trkpt>
			<trkpt lat="47.907368" lon="-123.71785">
				<ele>1464.208252</ele>
				<time>2026-06-22T20:31:29Z</time>
			</trkpt>
			<trkpt lat="47.907425" lon="-123.717979">
				<ele>1461.165771</ele>
				<time>2026-06-22T20:31:43Z</time>
			</trkpt>
			<trkpt lat="47.907528" lon="-123.718094">
				<ele>1464.005371</ele>
				<time>2026-06-22T20:32:07Z</time>
			</trkpt>
			<trkpt lat="47.907696" lon="-123.718346">
				<ele>1455.070679</ele>
				<time>2026-06-22T20:32:37Z</time>
			</trkpt>
			<trkpt lat="47.907864" lon="-123.718575">
				<ele>1464.521606</ele>
				<time>2026-06-22T20:33:20Z</time>
			</trkpt>
			<trkpt lat="47.908001" lon="-123.718735">
				<ele>1461.762329</ele>
				<time>2026-06-22T20:33:58Z</time>
			</trkpt>
			<trkpt lat="47.908039" lon="-123.718857">
				<ele>1464.256836</ele>
				<time>2026-06-22T20:34:14Z</time>
			</trkpt>
			<trkpt lat="47.90807" lon="-123.718979">
				<ele>1462.480469</ele>
				<time>2026-06-22T20:35:16Z</time>
			</trkpt>
			<trkpt lat="47.90815" lon="-123.719131">
				<ele>1464.891357</ele>
				<time>2026-06-22T20:35:52Z</time>
			</trkpt>
			<trkpt lat="47.908123" lon="-123.719307">
				<ele>1462.740112</ele>
				<time>2026-06-22T20:36:16Z</time>
			</trkpt>
			<trkpt lat="47.908031" lon="-123.719444">
				<ele>1484.957642</ele>
				<time>2026-06-22T20:37:10Z</time>
			</trkpt>
			<trkpt lat="47.908123" lon="-123.719391">
				<ele>1459.598755</ele>
				<time>2026-06-22T20:40:55Z</time>
			</trkpt>
			<trkpt lat="47.908047" lon="-123.719429">
				<ele>1478.335938</ele>
				<time>2026-06-22T20:45:40Z</time>
			</trkpt>
			<trkpt lat="47.907635" lon="-123.720367">
				<ele>1497.388306</ele>
				<time>2026-06-22T20:48:02Z</time>
			</trkpt>
			<trkpt lat="47.907757" lon="-123.720566">
				<ele>1503.616699</ele>
				<time>2026-06-22T20:48:41Z</time>
			</trkpt>
			<trkpt lat="47.907749" lon="-123.720634">
				<ele>1504.347534</ele>
				<time>2026-06-22T20:48:47Z</time>
			</trkpt>
			<trkpt lat="47.907692" lon="-123.720818">
				<ele>1503.073364</ele>
				<time>2026-06-22T20:49:12Z</time>
			</trkpt>
			<trkpt lat="47.907532" lon="-123.720947">
				<ele>1507.911621</ele>
				<time>2026-06-22T20:49:43Z</time>
			</trkpt>
			<trkpt lat="47.90744" lon="-123.720985">
				<ele>1506.318726</ele>
				<time>2026-06-22T20:49:56Z</time>
			</trkpt>
			<trkpt lat="47.907314" lon="-123.721252">
				<ele>1524.321899</ele>
				<time>2026-06-22T20:50:53Z</time>
			</trkpt>
			<trkpt lat="47.907253" lon="-123.721565">
				<ele>1528.436401</ele>
				<time>2026-06-22T20:51:26Z</time>
			</trkpt>
			<trkpt lat="47.907261" lon="-123.721916">
				<ele>1512.124268</ele>
				<time>2026-06-22T20:51:52Z</time>
			</trkpt>
			<trkpt lat="47.907196" lon="-123.722099">
				<ele>1515.315796</ele>
				<time>2026-06-22T20:52:10Z</time>
			</trkpt>
			<trkpt lat="47.907166" lon="-123.722145">
				<ele>1514.546387</ele>
				<time>2026-06-22T20:52:17Z</time>
			</trkpt>
			<trkpt lat="47.906956" lon="-123.722382">
				<ele>1516.884033</ele>
				<time>2026-06-22T20:52:53Z</time>
			</trkpt>
			<trkpt lat="47.906883" lon="-123.722458">
				<ele>1522.300659</ele>
				<time>2026-06-22T20:53:06Z</time>
			</trkpt>
			<trkpt lat="47.90686" lon="-123.722519">
				<ele>1521.752075</ele>
				<time>2026-06-22T20:53:10Z</time>
			</trkpt>
			<trkpt lat="47.906712" lon="-123.723518">
				<ele>1531.879395</ele>
				<time>2026-06-22T20:54:50Z</time>
			</trkpt>
			<trkpt lat="47.906693" lon="-123.72364">
				<ele>1538.749023</ele>
				<time>2026-06-22T20:55:09Z</time>
			</trkpt>
			<trkpt lat="47.906746" lon="-123.7239">
				<ele>1541.789673</ele>
				<time>2026-06-22T20:55:41Z</time>
			</trkpt>
			<trkpt lat="47.906754" lon="-123.723969">
				<ele>1540.085815</ele>
				<time>2026-06-22T20:55:50Z</time>
			</trkpt>
			<trkpt lat="47.906757" lon="-123.724312">
				<ele>1548.255249</ele>
				<time>2026-06-22T20:56:28Z</time>
			</trkpt>
			<trkpt lat="47.906807" lon="-123.724442">
				<ele>1544.989014</ele>
				<time>2026-06-22T20:56:38Z</time>
			</trkpt>
			<trkpt lat="47.906765" lon="-123.724701">
				<ele>1548.121826</ele>
				<time>2026-06-22T20:57:04Z</time>
			</trkpt>
			<trkpt lat="47.906773" lon="-123.725349">
				<ele>1536.10498</ele>
				<time>2026-06-22T20:57:52Z</time>
			</trkpt>
			<trkpt lat="47.906738" lon="-123.725616">
				<ele>1539.539917</ele>
				<time>2026-06-22T20:58:12Z</time>
			</trkpt>
			<trkpt lat="47.906708" lon="-123.725662">
				<ele>1536.660645</ele>
				<time>2026-06-22T20:58:17Z</time>
			</trkpt>
			<trkpt lat="47.906715" lon="-123.725731">
				<ele>1538.067871</ele>
				<time>2026-06-22T20:58:22Z</time>
			</trkpt>
			<trkpt lat="47.906796" lon="-123.725998">
				<ele>1536.856079</ele>
				<time>2026-06-22T20:58:41Z</time>
			</trkpt>
			<trkpt lat="47.906799" lon="-123.726067">
				<ele>1538.075928</ele>
				<time>2026-06-22T20:58:46Z</time>
			</trkpt>
			<trkpt lat="47.906765" lon="-123.726273">
				<ele>1535.352783</ele>
				<time>2026-06-22T20:59:01Z</time>
			</trkpt>
			<trkpt lat="47.906734" lon="-123.726608">
				<ele>1541.572754</ele>
				<time>2026-06-22T20:59:46Z</time>
			</trkpt>
			<trkpt lat="47.906715" lon="-123.726883">
				<ele>1539.053223</ele>
				<time>2026-06-22T21:00:15Z</time>
			</trkpt>
			<trkpt lat="47.906696" lon="-123.726944">
				<ele>1539.182861</ele>
				<time>2026-06-22T21:00:20Z</time>
			</trkpt>
			<trkpt lat="47.906693" lon="-123.727013">
				<ele>1536.450928</ele>
				<time>2026-06-22T21:00:25Z</time>
			</trkpt>
			<trkpt lat="47.906658" lon="-123.727074">
				<ele>1538.030029</ele>
				<time>2026-06-22T21:00:31Z</time>
			</trkpt>
			<trkpt lat="47.906616" lon="-123.727394">
				<ele>1535.074707</ele>
				<time>2026-06-22T21:01:12Z</time>
			</trkpt>
			<trkpt lat="47.906647" lon="-123.727592">
				<ele>1538.159058</ele>
				<time>2026-06-22T21:01:24Z</time>
			</trkpt>
			<trkpt lat="47.906605" lon="-123.727867">
				<ele>1534.585449</ele>
				<time>2026-06-22T21:01:48Z</time>
			</trkpt>
			<trkpt lat="47.906528" lon="-123.727921">
				<ele>1536.841919</ele>
				<time>2026-06-22T21:01:57Z</time>
			</trkpt>
			<trkpt lat="47.906498" lon="-123.728058">
				<ele>1535.287231</ele>
				<time>2026-06-22T21:02:13Z</time>
			</trkpt>
			<trkpt lat="47.906521" lon="-123.728188">
				<ele>1536.895386</ele>
				<time>2026-06-22T21:02:26Z</time>
			</trkpt>
			<trkpt lat="47.906551" lon="-123.728455">
				<ele>1533.132324</ele>
				<time>2026-06-22T21:02:48Z</time>
			</trkpt>
			<trkpt lat="47.906525" lon="-123.72876">
				<ele>1534.166016</ele>
				<time>2026-06-22T21:03:14Z</time>
			</trkpt>
			<trkpt lat="47.906528" lon="-123.728828">
				<ele>1533.50354</ele>
				<time>2026-06-22T21:03:19Z</time>
			</trkpt>
			<trkpt lat="47.906525" lon="-123.728897">
				<ele>1534.512817</ele>
				<time>2026-06-22T21:03:24Z</time>
			</trkpt>
			<trkpt lat="47.906452" lon="-123.729088">
				<ele>1531.48291</ele>
				<time>2026-06-22T21:03:39Z</time>
			</trkpt>
			<trkpt lat="47.906414" lon="-123.729294">
				<ele>1532.97937</ele>
				<time>2026-06-22T21:03:57Z</time>
			</trkpt>
			<trkpt lat="47.906395" lon="-123.729424">
				<ele>1532.455566</ele>
				<time>2026-06-22T21:04:19Z</time>
			</trkpt>
			<trkpt lat="47.906345" lon="-123.729683">
				<ele>1540.590576</ele>
				<time>2026-06-22T21:04:50Z</time>
			</trkpt>
			<trkpt lat="47.906303" lon="-123.730164">
				<ele>1533.368774</ele>
				<time>2026-06-22T21:05:28Z</time>
			</trkpt>
			<trkpt lat="47.906311" lon="-123.73024">
				<ele>1534.679565</ele>
				<time>2026-06-22T21:05:35Z</time>
			</trkpt>
			<trkpt lat="47.906277" lon="-123.730629">
				<ele>1530.772583</ele>
				<time>2026-06-22T21:06:04Z</time>
			</trkpt>
			<trkpt lat="47.906284" lon="-123.730949">
				<ele>1523.407593</ele>
				<time>2026-06-22T21:06:37Z</time>
			</trkpt>
			<trkpt lat="47.906349" lon="-123.731148">
				<ele>1524.117188</ele>
				<time>2026-06-22T21:06:54Z</time>
			</trkpt>
			<trkpt lat="47.906391" lon="-123.731339">
				<ele>1522.501465</ele>
				<time>2026-06-22T21:07:11Z</time>
			</trkpt>
			<trkpt lat="47.906406" lon="-123.7314">
				<ele>1523.098633</ele>
				<time>2026-06-22T21:07:15Z</time>
			</trkpt>
			<trkpt lat="47.906532" lon="-123.731758">
				<ele>1514.908203</ele>
				<time>2026-06-22T21:07:51Z</time>
			</trkpt>
			<trkpt lat="47.906544" lon="-123.731819">
				<ele>1514.884888</ele>
				<time>2026-06-22T21:07:55Z</time>
			</trkpt>
			<trkpt lat="47.906567" lon="-123.73188">
				<ele>1515.27356</ele>
				<time>2026-06-22T21:07:59Z</time>
			</trkpt>
			<trkpt lat="47.90659" lon="-123.731941">
				<ele>1514.693726</ele>
				<time>2026-06-22T21:08:04Z</time>
			</trkpt>
			<trkpt lat="47.906628" lon="-123.732071">
				<ele>1516.391357</ele>
				<time>2026-06-22T21:08:14Z</time>
			</trkpt>
			<trkpt lat="47.906647" lon="-123.732132">
				<ele>1515.436401</ele>
				<time>2026-06-22T21:08:19Z</time>
			</trkpt>
			<trkpt lat="47.90675" lon="-123.732368">
				<ele>1516.2323</ele>
				<time>2026-06-22T21:08:37Z</time>
			</trkpt>
			<trkpt lat="47.906773" lon="-123.73243">
				<ele>1515.784424</ele>
				<time>2026-06-22T21:08:41Z</time>
			</trkpt>
			<trkpt lat="47.906792" lon="-123.732491">
				<ele>1516.191284</ele>
				<time>2026-06-22T21:08:47Z</time>
			</trkpt>
			<trkpt lat="47.906811" lon="-123.732567">
				<ele>1514.920898</ele>
				<time>2026-06-22T21:08:52Z</time>
			</trkpt>
			<trkpt lat="47.906937" lon="-123.732918">
				<ele>1517.97168</ele>
				<time>2026-06-22T21:09:31Z</time>
			</trkpt>
			<trkpt lat="47.907032" lon="-123.733055">
				<ele>1515.154175</ele>
				<time>2026-06-22T21:09:49Z</time>
			</trkpt>
			<trkpt lat="47.907101" lon="-123.733154">
				<ele>1516.959473</ele>
				<time>2026-06-22T21:10:02Z</time>
			</trkpt>
			<trkpt lat="47.907192" lon="-123.733421">
				<ele>1513.44873</ele>
				<time>2026-06-22T21:10:24Z</time>
			</trkpt>
			<trkpt lat="47.907272" lon="-123.733749">
				<ele>1516.955811</ele>
				<time>2026-06-22T21:10:52Z</time>
			</trkpt>
			<trkpt lat="47.907478" lon="-123.734283">
				<ele>1511.625977</ele>
				<time>2026-06-22T21:11:51Z</time>
			</trkpt>
			<trkpt lat="47.907516" lon="-123.734329">
				<ele>1512.28064</ele>
				<time>2026-06-22T21:11:59Z</time>
			</trkpt>
			<trkpt lat="47.907719" lon="-123.734596">
				<ele>1505.276367</ele>
				<time>2026-06-22T21:12:48Z</time>
			</trkpt>
			<trkpt lat="47.907856" lon="-123.734619">
				<ele>1507.515991</ele>
				<time>2026-06-22T21:13:05Z</time>
			</trkpt>
			<trkpt lat="47.907898" lon="-123.73465">
				<ele>1506.501587</ele>
				<time>2026-06-22T21:13:08Z</time>
			</trkpt>
			<trkpt lat="47.908016" lon="-123.734772">
				<ele>1507.491455</ele>
				<time>2026-06-22T21:13:24Z</time>
			</trkpt>
			<trkpt lat="47.908058" lon="-123.734756">
				<ele>1506.685425</ele>
				<time>2026-06-22T21:13:30Z</time>
			</trkpt>
			<trkpt lat="47.908157" lon="-123.734779">
				<ele>1508.193481</ele>
				<time>2026-06-22T21:13:41Z</time>
			</trkpt>
			<trkpt lat="47.908199" lon="-123.73481">
				<ele>1507.525757</ele>
				<time>2026-06-22T21:13:46Z</time>
			</trkpt>
			<trkpt lat="47.90839" lon="-123.734795">
				<ele>1510.508301</ele>
				<time>2026-06-22T21:14:13Z</time>
			</trkpt>
			<trkpt lat="47.908436" lon="-123.734802">
				<ele>1509.636108</ele>
				<time>2026-06-22T21:14:19Z</time>
			</trkpt>
			<trkpt lat="47.908482" lon="-123.734802">
				<ele>1509.839355</ele>
				<time>2026-06-22T21:14:24Z</time>
			</trkpt>
			<trkpt lat="47.908588" lon="-123.734505">
				<ele>1506.518555</ele>
				<time>2026-06-22T21:14:51Z</time>
			</trkpt>
			<trkpt lat="47.908779" lon="-123.733803">
				<ele>1482.839355</ele>
				<time>2026-06-22T21:16:08Z</time>
			</trkpt>
			<trkpt lat="47.908852" lon="-123.733719">
				<ele>1492.418457</ele>
				<time>2026-06-22T21:16:45Z</time>
			</trkpt>
			<trkpt lat="47.908981" lon="-123.733368">
				<ele>1483.56311</ele>
				<time>2026-06-22T21:17:30Z</time>
			</trkpt>
			<trkpt lat="47.909081" lon="-123.733116">
				<ele>1481.96228</ele>
				<time>2026-06-22T21:18:04Z</time>
			</trkpt>
			<trkpt lat="47.909615" lon="-123.73362">
				<ele>1461.955444</ele>
				<time>2026-06-22T21:19:34Z</time>
			</trkpt>
			<trkpt lat="47.909664" lon="-123.73362">
				<ele>1462.560791</ele>
				<time>2026-06-22T21:19:41Z</time>
			</trkpt>
			<trkpt lat="47.90971" lon="-123.733604">
				<ele>1461.622314</ele>
				<time>2026-06-22T21:19:46Z</time>
			</trkpt>
			<trkpt lat="47.909786" lon="-123.733536">
				<ele>1462.85022</ele>
				<time>2026-06-22T21:19:56Z</time>
			</trkpt>
			<trkpt lat="47.909908" lon="-123.733429">
				<ele>1459.706787</ele>
				<time>2026-06-22T21:20:09Z</time>
			</trkpt>
			<trkpt lat="47.909954" lon="-123.733414">
				<ele>1461.262817</ele>
				<time>2026-06-22T21:20:14Z</time>
			</trkpt>
			<trkpt lat="47.909996" lon="-123.733391">
				<ele>1460.066406</ele>
				<time>2026-06-22T21:20:19Z</time>
			</trkpt>
			<trkpt lat="47.910042" lon="-123.733368">
				<ele>1461.006836</ele>
				<time>2026-06-22T21:20:24Z</time>
			</trkpt>
			<trkpt lat="47.910088" lon="-123.73336">
				<ele>1460.850952</ele>
				<time>2026-06-22T21:20:29Z</time>
			</trkpt>
			<trkpt lat="47.910381" lon="-123.733261">
				<ele>1451.076904</ele>
				<time>2026-06-22T21:20:59Z</time>
			</trkpt>
			<trkpt lat="47.910427" lon="-123.733246">
				<ele>1450.540161</ele>
				<time>2026-06-22T21:21:04Z</time>
			</trkpt>
			<trkpt lat="47.910648" lon="-123.733154">
				<ele>1454.140015</ele>
				<time>2026-06-22T21:21:31Z</time>
			</trkpt>
			<trkpt lat="47.910828" lon="-123.733177">
				<ele>1450.271484</ele>
				<time>2026-06-22T21:21:52Z</time>
			</trkpt>
			<trkpt lat="47.910858" lon="-123.733223">
				<ele>1450.754395</ele>
				<time>2026-06-22T21:21:57Z</time>
			</trkpt>
			<trkpt lat="47.91087" lon="-123.733299">
				<ele>1450.516479</ele>
				<time>2026-06-22T21:22:14Z</time>
			</trkpt>
			<trkpt lat="47.910896" lon="-123.733246">
				<ele>1444.406494</ele>
				<time>2026-06-22T21:37:46Z</time>
			</trkpt>
			<trkpt lat="47.910885" lon="-123.733185">
				<ele>1445.378906</ele>
				<time>2026-06-22T21:37:53Z</time>
			</trkpt>
			<trkpt lat="47.910885" lon="-123.73304">
				<ele>1442.252197</ele>
				<time>2026-06-22T21:38:02Z</time>
			</trkpt>
			<trkpt lat="47.910885" lon="-123.732971">
				<ele>1444.068115</ele>
				<time>2026-06-22T21:38:09Z</time>
			</trkpt>
			<trkpt lat="47.910912" lon="-123.732841">
				<ele>1442.734619</ele>
				<time>2026-06-22T21:38:23Z</time>
			</trkpt>
			<trkpt lat="47.91098" lon="-123.732521">
				<ele>1435.037354</ele>
				<time>2026-06-22T21:39:07Z</time>
			</trkpt>
			<trkpt lat="47.911098" lon="-123.732155">
				<ele>1431.467896</ele>
				<time>2026-06-22T21:40:00Z</time>
			</trkpt>
			<trkpt lat="47.911137" lon="-123.732109">
				<ele>1431.594971</ele>
				<time>2026-06-22T21:40:07Z</time>
			</trkpt>
			<trkpt lat="47.911232" lon="-123.731865">
				<ele>1421.724854</ele>
				<time>2026-06-22T21:40:33Z</time>
			</trkpt>
			<trkpt lat="47.911278" lon="-123.73185">
				<ele>1417.551025</ele>
				<time>2026-06-22T21:40:40Z</time>
			</trkpt>
			<trkpt lat="47.911308" lon="-123.731903">
				<ele>1421.997681</ele>
				<time>2026-06-22T21:40:48Z</time>
			</trkpt>
			<trkpt lat="47.911579" lon="-123.731865">
				<ele>1411.915649</ele>
				<time>2026-06-22T21:41:31Z</time>
			</trkpt>
			<trkpt lat="47.911785" lon="-123.731705">
				<ele>1415.5177</ele>
				<time>2026-06-22T21:42:11Z</time>
			</trkpt>
			<trkpt lat="47.911831" lon="-123.731728">
				<ele>1415.230835</ele>
				<time>2026-06-22T21:42:17Z</time>
			</trkpt>
			<trkpt lat="47.911877" lon="-123.731758">
				<ele>1416.497803</ele>
				<time>2026-06-22T21:42:22Z</time>
			</trkpt>
			<trkpt lat="47.911991" lon="-123.731857">
				<ele>1415.566528</ele>
				<time>2026-06-22T21:42:41Z</time>
			</trkpt>
			<trkpt lat="47.912144" lon="-123.732002">
				<ele>1420.475342</ele>
				<time>2026-06-22T21:43:12Z</time>
			</trkpt>
			<trkpt lat="47.912251" lon="-123.732132">
				<ele>1418.062866</ele>
				<time>2026-06-22T21:43:36Z</time>
			</trkpt>
			<trkpt lat="47.912239" lon="-123.73201">
				<ele>1410.357056</ele>
				<time>2026-06-22T21:44:08Z</time>
			</trkpt>
			<trkpt lat="47.912216" lon="-123.731949">
				<ele>1409.237183</ele>
				<time>2026-06-22T21:44:19Z</time>
			</trkpt>
			<trkpt lat="47.912201" lon="-123.73188">
				<ele>1410.375</ele>
				<time>2026-06-22T21:44:25Z</time>
			</trkpt>
			<trkpt lat="47.912075" lon="-123.731461">
				<ele>1402.626099</ele>
				<time>2026-06-22T21:45:15Z</time>
			</trkpt>
			<trkpt lat="47.912212" lon="-123.731453">
				<ele>1407.831177</ele>
				<time>2026-06-22T21:45:44Z</time>
			</trkpt>
			<trkpt lat="47.912388" lon="-123.73143">
				<ele>1397.515747</ele>
				<time>2026-06-22T21:46:22Z</time>
			</trkpt>
			<trkpt lat="47.91291" lon="-123.731117">
				<ele>1382.598633</ele>
				<time>2026-06-22T21:47:58Z</time>
			</trkpt>
			<trkpt lat="47.912945" lon="-123.731071">
				<ele>1383.198853</ele>
				<time>2026-06-22T21:48:04Z</time>
			</trkpt>
			<trkpt lat="47.913151" lon="-123.730904">
				<ele>1372.130249</ele>
				<time>2026-06-22T21:48:52Z</time>
			</trkpt>
			<trkpt lat="47.913193" lon="-123.730881">
				<ele>1372.807007</ele>
				<time>2026-06-22T21:48:58Z</time>
			</trkpt>
			<trkpt lat="47.913837" lon="-123.730591">
				<ele>1359.360718</ele>
				<time>2026-06-22T21:50:48Z</time>
			</trkpt>
			<trkpt lat="47.913887" lon="-123.730614">
				<ele>1360.098511</ele>
				<time>2026-06-22T21:50:55Z</time>
			</trkpt>
			<trkpt lat="47.914131" lon="-123.730415">
				<ele>1349.963989</ele>
				<time>2026-06-22T21:51:39Z</time>
			</trkpt>
			<trkpt lat="47.914364" lon="-123.730217">
				<ele>1346.182617</ele>
				<time>2026-06-22T21:52:14Z</time>
			</trkpt>
			<trkpt lat="47.91441" lon="-123.730194">
				<ele>1346.66333</ele>
				<time>2026-06-22T21:52:18Z</time>
			</trkpt>
			<trkpt lat="47.914726" lon="-123.730026">
				<ele>1344.605469</ele>
				<time>2026-06-22T21:52:57Z</time>
			</trkpt>
			<trkpt lat="47.914772" lon="-123.730011">
				<ele>1344.904663</ele>
				<time>2026-06-22T21:53:03Z</time>
			</trkpt>
			<trkpt lat="47.915157" lon="-123.730026">
				<ele>1337.678467</ele>
				<time>2026-06-22T21:53:55Z</time>
			</trkpt>
			<trkpt lat="47.915295" lon="-123.729996">
				<ele>1338.691528</ele>
				<time>2026-06-22T21:54:13Z</time>
			</trkpt>
			<trkpt lat="47.915527" lon="-123.729897">
				<ele>1335.974609</ele>
				<time>2026-06-22T21:54:38Z</time>
			</trkpt>
			<trkpt lat="47.915573" lon="-123.729866">
				<ele>1336.713867</ele>
				<time>2026-06-22T21:54:43Z</time>
			</trkpt>
			<trkpt lat="47.915833" lon="-123.729614">
				<ele>1329.280029</ele>
				<time>2026-06-22T21:55:33Z</time>
			</trkpt>
			<trkpt lat="47.915936" lon="-123.729469">
				<ele>1332.489624</ele>
				<time>2026-06-22T21:55:51Z</time>
			</trkpt>
			<trkpt lat="47.915859" lon="-123.728981">
				<ele>1318.477905</ele>
				<time>2026-06-22T21:57:01Z</time>
			</trkpt>
			<trkpt lat="47.915924" lon="-123.728882">
				<ele>1316.517578</ele>
				<time>2026-06-22T21:57:14Z</time>
			</trkpt>
			<trkpt lat="47.916183" lon="-123.728821">
				<ele>1326.013062</ele>
				<time>2026-06-22T21:58:05Z</time>
			</trkpt>
			<trkpt lat="47.916569" lon="-123.728554">
				<ele>1316.564331</ele>
				<time>2026-06-22T21:59:01Z</time>
			</trkpt>
			<trkpt lat="47.916595" lon="-123.728416">
				<ele>1317.071655</ele>
				<time>2026-06-22T21:59:15Z</time>
			</trkpt>
			<trkpt lat="47.916847" lon="-123.728119">
				<ele>1304.598267</ele>
				<time>2026-06-22T22:00:01Z</time>
			</trkpt>
			<trkpt lat="47.917149" lon="-123.727859">
				<ele>1310.836426</ele>
				<time>2026-06-22T22:00:55Z</time>
			</trkpt>
			<trkpt lat="47.917164" lon="-123.727699">
				<ele>1308.501831</ele>
				<time>2026-06-22T22:01:14Z</time>
			</trkpt>
			<trkpt lat="47.917297" lon="-123.727501">
				<ele>1313.181396</ele>
				<time>2026-06-22T22:01:35Z</time>
			</trkpt>
			<trkpt lat="47.917542" lon="-123.727592">
				<ele>1322.686035</ele>
				<time>2026-06-22T22:02:07Z</time>
			</trkpt>
			<trkpt lat="47.917591" lon="-123.727623">
				<ele>1322.647583</ele>
				<time>2026-06-22T22:02:10Z</time>
			</trkpt>
			<trkpt lat="47.917637" lon="-123.727669">
				<ele>1322.953003</ele>
				<time>2026-06-22T22:02:12Z</time>
			</trkpt>
			<trkpt lat="47.91769" lon="-123.727699">
				<ele>1322.526001</ele>
				<time>2026-06-22T22:02:15Z</time>
			</trkpt>
			<trkpt lat="47.917732" lon="-123.727737">
				<ele>1324.647217</ele>
				<time>2026-06-22T22:02:21Z</time>
			</trkpt>
			<trkpt lat="47.918007" lon="-123.727829">
				<ele>1321.372192</ele>
				<time>2026-06-22T22:02:54Z</time>
			</trkpt>
			<trkpt lat="47.918053" lon="-123.727852">
				<ele>1323.462402</ele>
				<time>2026-06-22T22:02:58Z</time>
			</trkpt>
			<trkpt lat="47.918224" lon="-123.727951">
				<ele>1316.591797</ele>
				<time>2026-06-22T22:03:19Z</time>
			</trkpt>
			<trkpt lat="47.918324" lon="-123.727959">
				<ele>1319.715088</ele>
				<time>2026-06-22T22:03:31Z</time>
			</trkpt>
			<trkpt lat="47.918545" lon="-123.72834">
				<ele>1290.54187</ele>
				<time>2026-06-22T22:04:00Z</time>
			</trkpt>
			<trkpt lat="47.918583" lon="-123.728386">
				<ele>1291.012451</ele>
				<time>2026-06-22T22:04:07Z</time>
			</trkpt>
			<trkpt lat="47.918743" lon="-123.728645">
				<ele>1283.581421</ele>
				<time>2026-06-22T22:04:44Z</time>
			</trkpt>
			<trkpt lat="47.918789" lon="-123.728645">
				<ele>1283.313599</ele>
				<time>2026-06-22T22:04:51Z</time>
			</trkpt>
			<trkpt lat="47.918827" lon="-123.728607">
				<ele>1287.82666</ele>
				<time>2026-06-22T22:05:06Z</time>
			</trkpt>
			<trkpt lat="47.918961" lon="-123.728783">
				<ele>1281.864746</ele>
				<time>2026-06-22T22:05:33Z</time>
			</trkpt>
			<trkpt lat="47.919018" lon="-123.728676">
				<ele>1270.173828</ele>
				<time>2026-06-22T22:06:49Z</time>
			</trkpt>
			<trkpt lat="47.919159" lon="-123.728546">
				<ele>1278.304199</ele>
				<time>2026-06-22T22:07:22Z</time>
			</trkpt>
			<trkpt lat="47.919174" lon="-123.728607">
				<ele>1271.984741</ele>
				<time>2026-06-22T22:07:36Z</time>
			</trkpt>
			<trkpt lat="47.91959" lon="-123.728699">
				<ele>1265.978027</ele>
				<time>2026-06-22T22:08:40Z</time>
			</trkpt>
			<trkpt lat="47.919674" lon="-123.72876">
				<ele>1271.765259</ele>
				<time>2026-06-22T22:08:54Z</time>
			</trkpt>
			<trkpt lat="47.919922" lon="-123.728928">
				<ele>1264.795532</ele>
				<time>2026-06-22T22:09:28Z</time>
			</trkpt>
			<trkpt lat="47.920059" lon="-123.728966">
				<ele>1268.453613</ele>
				<time>2026-06-22T22:09:45Z</time>
			</trkpt>
			<trkpt lat="47.920238" lon="-123.729057">
				<ele>1265.889648</ele>
				<time>2026-06-22T22:10:02Z</time>
			</trkpt>
			<trkpt lat="47.920403" lon="-123.729263">
				<ele>1257.293823</ele>
				<time>2026-06-22T22:10:17Z</time>
			</trkpt>
			<trkpt lat="47.920456" lon="-123.729385">
				<ele>1256.362183</ele>
				<time>2026-06-22T22:10:26Z</time>
			</trkpt>
			<trkpt lat="47.920536" lon="-123.729454">
				<ele>1258.486084</ele>
				<time>2026-06-22T22:10:36Z</time>
			</trkpt>
			<trkpt lat="47.920662" lon="-123.729805">
				<ele>1253.654175</ele>
				<time>2026-06-22T22:11:09Z</time>
			</trkpt>
			<trkpt lat="47.920685" lon="-123.729866">
				<ele>1254.779541</ele>
				<time>2026-06-22T22:11:15Z</time>
			</trkpt>
			<trkpt lat="47.920704" lon="-123.729927">
				<ele>1254.683716</ele>
				<time>2026-06-22T22:11:22Z</time>
			</trkpt>
			<trkpt lat="47.920761" lon="-123.730186">
				<ele>1249.053345</ele>
				<time>2026-06-22T22:11:49Z</time>
			</trkpt>
			<trkpt lat="47.920776" lon="-123.730247">
				<ele>1248.94751</ele>
				<time>2026-06-22T22:11:56Z</time>
			</trkpt>
			<trkpt lat="47.920841" lon="-123.730339">
				<ele>1252.28125</ele>
				<time>2026-06-22T22:12:10Z</time>
			</trkpt>
			<trkpt lat="47.921013" lon="-123.730576">
				<ele>1247.693237</ele>
				<time>2026-06-22T22:12:33Z</time>
			</trkpt>
			<trkpt lat="47.921124" lon="-123.730705">
				<ele>1249.465942</ele>
				<time>2026-06-22T22:12:49Z</time>
			</trkpt>
			<trkpt lat="47.921284" lon="-123.730904">
				<ele>1235.928833</ele>
				<time>2026-06-22T22:13:21Z</time>
			</trkpt>
			<trkpt lat="47.921326" lon="-123.730919">
				<ele>1237.254883</ele>
				<time>2026-06-22T22:13:27Z</time>
			</trkpt>
			<trkpt lat="47.92144" lon="-123.730904">
				<ele>1231.149048</ele>
				<time>2026-06-22T22:13:57Z</time>
			</trkpt>
			<trkpt lat="47.921494" lon="-123.730797">
				<ele>1240.141235</ele>
				<time>2026-06-22T22:14:21Z</time>
			</trkpt>
			<trkpt lat="47.921585" lon="-123.730774">
				<ele>1238.447266</ele>
				<time>2026-06-22T22:14:33Z</time>
			</trkpt>
			<trkpt lat="47.921623" lon="-123.730743">
				<ele>1240.123779</ele>
				<time>2026-06-22T22:14:38Z</time>
			</trkpt>
			<trkpt lat="47.921665" lon="-123.730698">
				<ele>1239.398438</ele>
				<time>2026-06-22T22:14:44Z</time>
			</trkpt>
			<trkpt lat="47.921928" lon="-123.73085">
				<ele>1226.030518</ele>
				<time>2026-06-22T22:15:23Z</time>
			</trkpt>
			<trkpt lat="47.92202" lon="-123.730904">
				<ele>1227.116821</ele>
				<time>2026-06-22T22:15:32Z</time>
			</trkpt>
			<trkpt lat="47.922218" lon="-123.731384">
				<ele>1223.046265</ele>
				<time>2026-06-22T22:16:15Z</time>
			</trkpt>
			<trkpt lat="47.922234" lon="-123.731453">
				<ele>1225.478638</ele>
				<time>2026-06-22T22:16:23Z</time>
			</trkpt>
			<trkpt lat="47.922291" lon="-123.731911">
				<ele>1218.181763</ele>
				<time>2026-06-22T22:17:21Z</time>
			</trkpt>
			<trkpt lat="47.922329" lon="-123.73188">
				<ele>1216.519897</ele>
				<time>2026-06-22T22:17:26Z</time>
			</trkpt>
			<trkpt lat="47.922375" lon="-123.731773">
				<ele>1218.80603</ele>
				<time>2026-06-22T22:17:39Z</time>
			</trkpt>
			<trkpt lat="47.922359" lon="-123.731277">
				<ele>1208.383667</ele>
				<time>2026-06-22T22:18:24Z</time>
			</trkpt>
			<trkpt lat="47.922367" lon="-123.731201">
				<ele>1208.192505</ele>
				<time>2026-06-22T22:18:30Z</time>
			</trkpt>
			<trkpt lat="47.922394" lon="-123.73114">
				<ele>1209.184204</ele>
				<time>2026-06-22T22:18:36Z</time>
			</trkpt>
			<trkpt lat="47.922375" lon="-123.730949">
				<ele>1208.543701</ele>
				<time>2026-06-22T22:18:52Z</time>
			</trkpt>
			<trkpt lat="47.922394" lon="-123.730888">
				<ele>1209.089966</ele>
				<time>2026-06-22T22:19:00Z</time>
			</trkpt>
			<trkpt lat="47.922462" lon="-123.730652">
				<ele>1204.448975</ele>
				<time>2026-06-22T22:19:29Z</time>
			</trkpt>
			<trkpt lat="47.922497" lon="-123.730606">
				<ele>1204.947388</ele>
				<time>2026-06-22T22:19:37Z</time>
			</trkpt>
			<trkpt lat="47.922626" lon="-123.730591">
				<ele>1195.34375</ele>
				<time>2026-06-22T22:20:00Z</time>
			</trkpt>
			<trkpt lat="47.922684" lon="-123.730698">
				<ele>1195.971191</ele>
				<time>2026-06-22T22:20:11Z</time>
			</trkpt>
			<trkpt lat="47.922733" lon="-123.73069">
				<ele>1193.980835</ele>
				<time>2026-06-22T22:20:14Z</time>
			</trkpt>
			<trkpt lat="47.922787" lon="-123.730865">
				<ele>1197.358154</ele>
				<time>2026-06-22T22:20:37Z</time>
			</trkpt>
			<trkpt lat="47.923077" lon="-123.731331">
				<ele>1189.268433</ele>
				<time>2026-06-22T22:21:33Z</time>
			</trkpt>
			<trkpt lat="47.923203" lon="-123.731438">
				<ele>1191.197632</ele>
				<time>2026-06-22T22:21:50Z</time>
			</trkpt>
			<trkpt lat="47.923241" lon="-123.731628">
				<ele>1188.696655</ele>
				<time>2026-06-22T22:22:10Z</time>
			</trkpt>
			<trkpt lat="47.92334" lon="-123.731789">
				<ele>1190.576172</ele>
				<time>2026-06-22T22:22:34Z</time>
			</trkpt>
			<trkpt lat="47.923508" lon="-123.732071">
				<ele>1179.932983</ele>
				<time>2026-06-22T22:23:10Z</time>
			</trkpt>
			<trkpt lat="47.923733" lon="-123.732521">
				<ele>1175.793335</ele>
				<time>2026-06-22T22:23:50Z</time>
			</trkpt>
			<trkpt lat="47.923805" lon="-123.73259">
				<ele>1169.956787</ele>
				<time>2026-06-22T22:24:01Z</time>
			</trkpt>
			<trkpt lat="47.923916" lon="-123.732819">
				<ele>1174.3573</ele>
				<time>2026-06-22T22:24:24Z</time>
			</trkpt>
			<trkpt lat="47.923996" lon="-123.732903">
				<ele>1171.961548</ele>
				<time>2026-06-22T22:24:39Z</time>
			</trkpt>
			<trkpt lat="47.924049" lon="-123.732903">
				<ele>1175.130127</ele>
				<time>2026-06-22T22:24:47Z</time>
			</trkpt>
			<trkpt lat="47.924149" lon="-123.73304">
				<ele>1170.47937</ele>
				<time>2026-06-22T22:25:03Z</time>
			</trkpt>
			<trkpt lat="47.924305" lon="-123.733299">
				<ele>1168.538818</ele>
				<time>2026-06-22T22:25:32Z</time>
			</trkpt>
			<trkpt lat="47.924225" lon="-123.733688">
				<ele>1175.957275</ele>
				<time>2026-06-22T22:26:05Z</time>
			</trkpt>
			<trkpt lat="47.924091" lon="-123.734039">
				<ele>1169.721069</ele>
				<time>2026-06-22T22:26:41Z</time>
			</trkpt>
			<trkpt lat="47.924088" lon="-123.734108">
				<ele>1171.109863</ele>
				<time>2026-06-22T22:26:47Z</time>
			</trkpt>
			<trkpt lat="47.924168" lon="-123.73436">
				<ele>1165.606934</ele>
				<time>2026-06-22T22:27:17Z</time>
			</trkpt>
			<trkpt lat="47.924377" lon="-123.734505">
				<ele>1169.494507</ele>
				<time>2026-06-22T22:27:54Z</time>
			</trkpt>
			<trkpt lat="47.924442" lon="-123.734581">
				<ele>1167.018921</ele>
				<time>2026-06-22T22:28:23Z</time>
			</trkpt>
			<trkpt lat="47.924473" lon="-123.734642">
				<ele>1167.894775</ele>
				<time>2026-06-22T22:28:31Z</time>
			</trkpt>
			<trkpt lat="47.924934" lon="-123.734528">
				<ele>1202.736206</ele>
				<time>2026-06-22T22:30:27Z</time>
			</trkpt>
			<trkpt lat="47.925312" lon="-123.734535">
				<ele>1196.090698</ele>
				<time>2026-06-22T22:31:19Z</time>
			</trkpt>
			<trkpt lat="47.925339" lon="-123.734474">
				<ele>1197.130615</ele>
				<time>2026-06-22T22:31:24Z</time>
			</trkpt>
			<trkpt lat="47.925472" lon="-123.734558">
				<ele>1183.627686</ele>
				<time>2026-06-22T22:39:40Z</time>
			</trkpt>
			<trkpt lat="47.925518" lon="-123.734581">
				<ele>1182.603516</ele>
				<time>2026-06-22T22:40:14Z</time>
			</trkpt>
			<trkpt lat="47.925602" lon="-123.734604">
				<ele>1184.167358</ele>
				<time>2026-06-22T22:40:29Z</time>
			</trkpt>
			<trkpt lat="47.926025" lon="-123.734703">
				<ele>1165.125244</ele>
				<time>2026-06-22T22:41:16Z</time>
			</trkpt>
			<trkpt lat="47.926071" lon="-123.734711">
				<ele>1165.935425</ele>
				<time>2026-06-22T22:41:21Z</time>
			</trkpt>
			<trkpt lat="47.926228" lon="-123.73484">
				<ele>1161.268921</ele>
				<time>2026-06-22T22:41:41Z</time>
			</trkpt>
			<trkpt lat="47.926273" lon="-123.734962">
				<ele>1163.366943</ele>
				<time>2026-06-22T22:41:54Z</time>
			</trkpt>
			<trkpt lat="47.926319" lon="-123.735161">
				<ele>1156.306152</ele>
				<time>2026-06-22T22:42:18Z</time>
			</trkpt>
			<trkpt lat="47.926342" lon="-123.735222">
				<ele>1156.758911</ele>
				<time>2026-06-22T22:42:30Z</time>
			</trkpt>
			<trkpt lat="47.926453" lon="-123.735107">
				<ele>1150.547974</ele>
				<time>2026-06-22T22:43:08Z</time>
			</trkpt>
			<trkpt lat="47.926476" lon="-123.735039">
				<ele>1149.641846</ele>
				<time>2026-06-22T22:43:18Z</time>
			</trkpt>
			<trkpt lat="47.926495" lon="-123.734978">
				<ele>1150.94458</ele>
				<time>2026-06-22T22:43:24Z</time>
			</trkpt>
			<trkpt lat="47.926579" lon="-123.734818">
				<ele>1149.466675</ele>
				<time>2026-06-22T22:43:42Z</time>
			</trkpt>
			<trkpt lat="47.926613" lon="-123.734772">
				<ele>1150.265625</ele>
				<time>2026-06-22T22:43:46Z</time>
			</trkpt>
			<trkpt lat="47.926655" lon="-123.73465">
				<ele>1144.131226</ele>
				<time>2026-06-22T22:44:05Z</time>
			</trkpt>
			<trkpt lat="47.926651" lon="-123.734581">
				<ele>1145.162842</ele>
				<time>2026-06-22T22:44:11Z</time>
			</trkpt>
			<trkpt lat="47.926823" lon="-123.73394">
				<ele>1132.919067</ele>
				<time>2026-06-22T22:45:31Z</time>
			</trkpt>
			<trkpt lat="47.926868" lon="-123.733948">
				<ele>1132.036499</ele>
				<time>2026-06-22T22:45:39Z</time>
			</trkpt>
			<trkpt lat="47.926907" lon="-123.734001">
				<ele>1133.536255</ele>
				<time>2026-06-22T22:45:48Z</time>
			</trkpt>
			<trkpt lat="47.926937" lon="-123.734329">
				<ele>1120.446167</ele>
				<time>2026-06-22T22:46:23Z</time>
			</trkpt>
			<trkpt lat="47.92696" lon="-123.734467">
				<ele>1125.201294</ele>
				<time>2026-06-22T22:46:38Z</time>
			</trkpt>
			<trkpt lat="47.926964" lon="-123.734543">
				<ele>1124.569336</ele>
				<time>2026-06-22T22:46:45Z</time>
			</trkpt>
			<trkpt lat="47.927017" lon="-123.734428">
				<ele>1118.691162</ele>
				<time>2026-06-22T22:47:22Z</time>
			</trkpt>
			<trkpt lat="47.92709" lon="-123.734245">
				<ele>1118.244629</ele>
				<time>2026-06-22T22:47:44Z</time>
			</trkpt>
			<trkpt lat="47.927124" lon="-123.734207">
				<ele>1118.363281</ele>
				<time>2026-06-22T22:47:52Z</time>
			</trkpt>
			<trkpt lat="47.927246" lon="-123.7342">
				<ele>1112.9646</ele>
				<time>2026-06-22T22:48:13Z</time>
			</trkpt>
			<trkpt lat="47.927238" lon="-123.734467">
				<ele>1108.779419</ele>
				<time>2026-06-22T22:48:47Z</time>
			</trkpt>
			<trkpt lat="47.927246" lon="-123.734535">
				<ele>1112.327759</ele>
				<time>2026-06-22T22:48:53Z</time>
			</trkpt>
			<trkpt lat="47.927258" lon="-123.734734">
				<ele>1113.617188</ele>
				<time>2026-06-22T22:49:14Z</time>
			</trkpt>
			<trkpt lat="47.92728" lon="-123.734795">
				<ele>1111.80127</ele>
				<time>2026-06-22T22:49:24Z</time>
			</trkpt>
			<trkpt lat="47.927296" lon="-123.734856">
				<ele>1114.732056</ele>
				<time>2026-06-22T22:49:31Z</time>
			</trkpt>
			<trkpt lat="47.927212" lon="-123.735191">
				<ele>1100.390503</ele>
				<time>2026-06-22T22:50:03Z</time>
			</trkpt>
			<trkpt lat="47.927303" lon="-123.735153">
				<ele>1105.741821</ele>
				<time>2026-06-22T22:50:29Z</time>
			</trkpt>
			<trkpt lat="47.927341" lon="-123.735184">
				<ele>1105.352295</ele>
				<time>2026-06-22T22:50:38Z</time>
			</trkpt>
			<trkpt lat="47.927475" lon="-123.735306">
				<ele>1107.069702</ele>
				<time>2026-06-22T22:50:52Z</time>
			</trkpt>
			<trkpt lat="47.92757" lon="-123.735458">
				<ele>1103.584473</ele>
				<time>2026-06-22T22:51:05Z</time>
			</trkpt>
			<trkpt lat="47.92765" lon="-123.735535">
				<ele>1106.955811</ele>
				<time>2026-06-22T22:51:21Z</time>
			</trkpt>
			<trkpt lat="47.927704" lon="-123.735649">
				<ele>1105.7677</ele>
				<time>2026-06-22T22:51:31Z</time>
			</trkpt>
			<trkpt lat="47.927925" lon="-123.736015">
				<ele>1088.189575</ele>
				<time>2026-06-22T22:52:06Z</time>
			</trkpt>
			<trkpt lat="47.928047" lon="-123.736115">
				<ele>1096.445801</ele>
				<time>2026-06-22T22:52:34Z</time>
			</trkpt>
			<trkpt lat="47.928268" lon="-123.736214">
				<ele>1085.157837</ele>
				<time>2026-06-22T22:53:16Z</time>
			</trkpt>
			<trkpt lat="47.928246" lon="-123.735985">
				<ele>1081.876709</ele>
				<time>2026-06-22T22:53:41Z</time>
			</trkpt>
			<trkpt lat="47.928234" lon="-123.735909">
				<ele>1084.197754</ele>
				<time>2026-06-22T22:53:50Z</time>
			</trkpt>
			<trkpt lat="47.928249" lon="-123.73584">
				<ele>1082.789185</ele>
				<time>2026-06-22T22:54:01Z</time>
			</trkpt>
			<trkpt lat="47.928207" lon="-123.735794">
				<ele>1083.550049</ele>
				<time>2026-06-22T22:54:05Z</time>
			</trkpt>
			<trkpt lat="47.928204" lon="-123.735725">
				<ele>1080.905029</ele>
				<time>2026-06-22T22:54:11Z</time>
			</trkpt>
			<trkpt lat="47.928139" lon="-123.735275">
				<ele>1091.342896</ele>
				<time>2026-06-22T22:54:59Z</time>
			</trkpt>
			<trkpt lat="47.928135" lon="-123.734985">
				<ele>1084.209106</ele>
				<time>2026-06-22T22:55:23Z</time>
			</trkpt>
			<trkpt lat="47.928123" lon="-123.734833">
				<ele>1086.971802</ele>
				<time>2026-06-22T22:55:42Z</time>
			</trkpt>
			<trkpt lat="47.928177" lon="-123.734505">
				<ele>1084.081299</ele>
				<time>2026-06-22T22:56:13Z</time>
			</trkpt>
			<trkpt lat="47.928177" lon="-123.734421">
				<ele>1084.787231</ele>
				<time>2026-06-22T22:56:22Z</time>
			</trkpt>
			<trkpt lat="47.928234" lon="-123.734299">
				<ele>1078.077026</ele>
				<time>2026-06-22T22:56:41Z</time>
			</trkpt>
			<trkpt lat="47.928246" lon="-123.73423">
				<ele>1077.853394</ele>
				<time>2026-06-22T22:56:51Z</time>
			</trkpt>
			<trkpt lat="47.92823" lon="-123.734161">
				<ele>1078.960327</ele>
				<time>2026-06-22T22:56:58Z</time>
			</trkpt>
			<trkpt lat="47.928207" lon="-123.734085">
				<ele>1076.526611</ele>
				<time>2026-06-22T22:57:04Z</time>
			</trkpt>
			<trkpt lat="47.928234" lon="-123.73394">
				<ele>1079.206055</ele>
				<time>2026-06-22T22:57:14Z</time>
			</trkpt>
			<trkpt lat="47.928238" lon="-123.73394">
				<ele>1063.665527</ele>
				<time>2026-06-22T22:57:36Z</time>
			</trkpt>
			<trkpt lat="47.928478" lon="-123.734375">
				<ele>1044.225464</ele>
				<time>2026-06-22T22:58:44Z</time>
			</trkpt>
			<trkpt lat="47.928608" lon="-123.734566">
				<ele>1040.712036</ele>
				<time>2026-06-22T22:59:02Z</time>
			</trkpt>
			<trkpt lat="47.928642" lon="-123.734612">
				<ele>1041.663086</ele>
				<time>2026-06-22T22:59:07Z</time>
			</trkpt>
			<trkpt lat="47.928802" lon="-123.73468">
				<ele>1035.039551</ele>
				<time>2026-06-22T22:59:39Z</time>
			</trkpt>
			<trkpt lat="47.928841" lon="-123.734726">
				<ele>1037.530151</ele>
				<time>2026-06-22T22:59:48Z</time>
			</trkpt>
			<trkpt lat="47.928959" lon="-123.734833">
				<ele>1028.539063</ele>
				<time>2026-06-22T23:00:10Z</time>
			</trkpt>
			<trkpt lat="47.929104" lon="-123.734856">
				<ele>1034.079712</ele>
				<time>2026-06-22T23:00:45Z</time>
			</trkpt>
			<trkpt lat="47.929283" lon="-123.735085">
				<ele>1027.533203</ele>
				<time>2026-06-22T23:01:10Z</time>
			</trkpt>
			<trkpt lat="47.929619" lon="-123.735497">
				<ele>1035.586548</ele>
				<time>2026-06-22T23:02:09Z</time>
			</trkpt>
			<trkpt lat="47.929657" lon="-123.735626">
				<ele>1034.240479</ele>
				<time>2026-06-22T23:02:17Z</time>
			</trkpt>
			<trkpt lat="47.92984" lon="-123.736183">
				<ele>1009.574463</ele>
				<time>2026-06-22T23:03:24Z</time>
			</trkpt>
			<trkpt lat="47.930012" lon="-123.736412">
				<ele>1013.704163</ele>
				<time>2026-06-22T23:04:07Z</time>
			</trkpt>
			<trkpt lat="47.93013" lon="-123.736511">
				<ele>1012.813354</ele>
				<time>2026-06-22T23:04:25Z</time>
			</trkpt>
			<trkpt lat="47.930347" lon="-123.737007">
				<ele>1015.294312</ele>
				<time>2026-06-22T23:05:04Z</time>
			</trkpt>
			<trkpt lat="47.930305" lon="-123.737358">
				<ele>1003.171692</ele>
				<time>2026-06-22T23:05:31Z</time>
			</trkpt>
			<trkpt lat="47.930298" lon="-123.737762">
				<ele>1006.15332</ele>
				<time>2026-06-22T23:06:04Z</time>
			</trkpt>
			<trkpt lat="47.930328" lon="-123.737831">
				<ele>1005.782166</ele>
				<time>2026-06-22T23:06:08Z</time>
			</trkpt>
			<trkpt lat="47.930336" lon="-123.7379">
				<ele>1009.153809</ele>
				<time>2026-06-22T23:06:14Z</time>
			</trkpt>
			<trkpt lat="47.930252" lon="-123.738098">
				<ele>998.103516</ele>
				<time>2026-06-22T23:06:57Z</time>
			</trkpt>
			<trkpt lat="47.930531" lon="-123.738388">
				<ele>992.128601</ele>
				<time>2026-06-22T23:07:45Z</time>
			</trkpt>
			<trkpt lat="47.930576" lon="-123.738419">
				<ele>994.276978</ele>
				<time>2026-06-22T23:08:09Z</time>
			</trkpt>
			<trkpt lat="47.930637" lon="-123.738518">
				<ele>992.986816</ele>
				<time>2026-06-22T23:08:19Z</time>
			</trkpt>
			<trkpt lat="47.930645" lon="-123.738579">
				<ele>989.805542</ele>
				<time>2026-06-22T23:08:25Z</time>
			</trkpt>
			<trkpt lat="47.930687" lon="-123.738708">
				<ele>990.84259</ele>
				<time>2026-06-22T23:08:34Z</time>
			</trkpt>
			<trkpt lat="47.930679" lon="-123.738861">
				<ele>985.492859</ele>
				<time>2026-06-22T23:08:45Z</time>
			</trkpt>
			<trkpt lat="47.930714" lon="-123.739059">
				<ele>992.032227</ele>
				<time>2026-06-22T23:09:06Z</time>
			</trkpt>
			<trkpt lat="47.930702" lon="-123.739189">
				<ele>988.69342</ele>
				<time>2026-06-22T23:09:12Z</time>
			</trkpt>
			<trkpt lat="47.930729" lon="-123.739334">
				<ele>991.128662</ele>
				<time>2026-06-22T23:09:21Z</time>
			</trkpt>
			<trkpt lat="47.93084" lon="-123.739441">
				<ele>987.197205</ele>
				<time>2026-06-22T23:09:38Z</time>
			</trkpt>
			<trkpt lat="47.930882" lon="-123.739464">
				<ele>987.393372</ele>
				<time>2026-06-22T23:09:44Z</time>
			</trkpt>
			<trkpt lat="47.930912" lon="-123.739502">
				<ele>986.532166</ele>
				<time>2026-06-22T23:09:49Z</time>
			</trkpt>
			<trkpt lat="47.93095" lon="-123.739639">
				<ele>987.484375</ele>
				<time>2026-06-22T23:10:04Z</time>
			</trkpt>
			<trkpt lat="47.931" lon="-123.739899">
				<ele>982.611267</ele>
				<time>2026-06-22T23:10:24Z</time>
			</trkpt>
			<trkpt lat="47.930969" lon="-123.740036">
				<ele>985.839539</ele>
				<time>2026-06-22T23:10:38Z</time>
			</trkpt>
			<trkpt lat="47.930939" lon="-123.740105">
				<ele>985.584473</ele>
				<time>2026-06-22T23:10:43Z</time>
			</trkpt>
			<trkpt lat="47.930943" lon="-123.740562">
				<ele>989.731506</ele>
				<time>2026-06-22T23:11:17Z</time>
			</trkpt>
			<trkpt lat="47.930931" lon="-123.740761">
				<ele>985.317017</ele>
				<time>2026-06-22T23:11:32Z</time>
			</trkpt>
			<trkpt lat="47.930931" lon="-123.740967">
				<ele>988.753784</ele>
				<time>2026-06-22T23:11:57Z</time>
			</trkpt>
			<trkpt lat="47.931091" lon="-123.74147">
				<ele>979.973511</ele>
				<time>2026-06-22T23:12:34Z</time>
			</trkpt>
			<trkpt lat="47.931068" lon="-123.7416">
				<ele>983.72998</ele>
				<time>2026-06-22T23:12:50Z</time>
			</trkpt>
			<trkpt lat="47.931084" lon="-123.741936">
				<ele>980.086609</ele>
				<time>2026-06-22T23:13:20Z</time>
			</trkpt>
			<trkpt lat="47.931068" lon="-123.742477">
				<ele>984.892395</ele>
				<time>2026-06-22T23:13:59Z</time>
			</trkpt>
			<trkpt lat="47.930969" lon="-123.743149">
				<ele>968.668518</ele>
				<time>2026-06-22T23:15:05Z</time>
			</trkpt>
			<trkpt lat="47.930981" lon="-123.743286">
				<ele>969.392944</ele>
				<time>2026-06-22T23:15:17Z</time>
			</trkpt>
			<trkpt lat="47.930984" lon="-123.743355">
				<ele>966.957703</ele>
				<time>2026-06-22T23:15:22Z</time>
			</trkpt>
			<trkpt lat="47.931046" lon="-123.743492">
				<ele>969.452759</ele>
				<time>2026-06-22T23:15:41Z</time>
			</trkpt>
			<trkpt lat="47.931087" lon="-123.743607">
				<ele>967.464172</ele>
				<time>2026-06-22T23:15:49Z</time>
			</trkpt>
			<trkpt lat="47.931129" lon="-123.743713">
				<ele>969.363098</ele>
				<time>2026-06-22T23:15:58Z</time>
			</trkpt>
			<trkpt lat="47.931225" lon="-123.744179">
				<ele>957.207153</ele>
				<time>2026-06-22T23:16:41Z</time>
			</trkpt>
			<trkpt lat="47.931339" lon="-123.744476">
				<ele>961.81189</ele>
				<time>2026-06-22T23:17:02Z</time>
			</trkpt>
			<trkpt lat="47.931423" lon="-123.744583">
				<ele>960.537537</ele>
				<time>2026-06-22T23:17:08Z</time>
			</trkpt>
			<trkpt lat="47.931404" lon="-123.744781">
				<ele>961.390747</ele>
				<time>2026-06-22T23:17:17Z</time>
			</trkpt>
			<trkpt lat="47.931362" lon="-123.744904">
				<ele>960.479553</ele>
				<time>2026-06-22T23:17:25Z</time>
			</trkpt>
			<trkpt lat="47.931267" lon="-123.745079">
				<ele>963.827698</ele>
				<time>2026-06-22T23:17:39Z</time>
			</trkpt>
			<trkpt lat="47.931278" lon="-123.745728">
				<ele>950.983521</ele>
				<time>2026-06-22T23:18:21Z</time>
			</trkpt>
			<trkpt lat="47.931313" lon="-123.745789">
				<ele>950.565247</ele>
				<time>2026-06-22T23:18:24Z</time>
			</trkpt>
			<trkpt lat="47.931313" lon="-123.745857">
				<ele>951.495667</ele>
				<time>2026-06-22T23:18:28Z</time>
			</trkpt>
			<trkpt lat="47.93129" lon="-123.746239">
				<ele>948.286987</ele>
				<time>2026-06-22T23:18:53Z</time>
			</trkpt>
			<trkpt lat="47.931488" lon="-123.746559">
				<ele>970.985779</ele>
				<time>2026-06-22T23:19:31Z</time>
			</trkpt>
			<trkpt lat="47.931549" lon="-123.746841">
				<ele>967.375427</ele>
				<time>2026-06-22T23:19:45Z</time>
			</trkpt>
			<trkpt lat="47.931561" lon="-123.746918">
				<ele>967.720154</ele>
				<time>2026-06-22T23:19:50Z</time>
			</trkpt>
			<trkpt lat="47.93158" lon="-123.746986">
				<ele>967.632568</ele>
				<time>2026-06-22T23:19:55Z</time>
			</trkpt>
			<trkpt lat="47.931713" lon="-123.747246">
				<ele>957.528564</ele>
				<time>2026-06-22T23:20:17Z</time>
			</trkpt>
			<trkpt lat="47.931713" lon="-123.747322">
				<ele>958.768372</ele>
				<time>2026-06-22T23:20:23Z</time>
			</trkpt>
			<trkpt lat="47.931725" lon="-123.747459">
				<ele>958.125</ele>
				<time>2026-06-22T23:20:30Z</time>
			</trkpt>
			<trkpt lat="47.931705" lon="-123.747597">
				<ele>967.478882</ele>
				<time>2026-06-22T23:20:45Z</time>
			</trkpt>
			<trkpt lat="47.931812" lon="-123.748077">
				<ele>962.014465</ele>
				<time>2026-06-22T23:21:13Z</time>
			</trkpt>
			<trkpt lat="47.931858" lon="-123.748123">
				<ele>964.036682</ele>
				<time>2026-06-22T23:21:18Z</time>
			</trkpt>
			<trkpt lat="47.931934" lon="-123.748444">
				<ele>959.194153</ele>
				<time>2026-06-22T23:21:43Z</time>
			</trkpt>
			<trkpt lat="47.932011" lon="-123.748535">
				<ele>960.227844</ele>
				<time>2026-06-22T23:21:59Z</time>
			</trkpt>
			<trkpt lat="47.931988" lon="-123.748672">
				<ele>957.785828</ele>
				<time>2026-06-22T23:22:11Z</time>
			</trkpt>
			<trkpt lat="47.931965" lon="-123.748741">
				<ele>958.416321</ele>
				<time>2026-06-22T23:22:20Z</time>
			</trkpt>
			<trkpt lat="47.931957" lon="-123.748955">
				<ele>952.69751</ele>
				<time>2026-06-22T23:22:30Z</time>
			</trkpt>
			<trkpt lat="47.932041" lon="-123.749146">
				<ele>954.629272</ele>
				<time>2026-06-22T23:22:46Z</time>
			</trkpt>
			<trkpt lat="47.932087" lon="-123.749367">
				<ele>951.188171</ele>
				<time>2026-06-22T23:23:04Z</time>
			</trkpt>
			<trkpt lat="47.932137" lon="-123.749557">
				<ele>951.894592</ele>
				<time>2026-06-22T23:23:17Z</time>
			</trkpt>
			<trkpt lat="47.932159" lon="-123.749649">
				<ele>951.503967</ele>
				<time>2026-06-22T23:23:22Z</time>
			</trkpt>
			<trkpt lat="47.932171" lon="-123.749733">
				<ele>952.409424</ele>
				<time>2026-06-22T23:23:25Z</time>
			</trkpt>
			<trkpt lat="47.932178" lon="-123.749802">
				<ele>951.401672</ele>
				<time>2026-06-22T23:23:30Z</time>
			</trkpt>
			<trkpt lat="47.932194" lon="-123.74987">
				<ele>952.277649</ele>
				<time>2026-06-22T23:23:36Z</time>
			</trkpt>
			<trkpt lat="47.932228" lon="-123.749939">
				<ele>951.670288</ele>
				<time>2026-06-22T23:23:40Z</time>
			</trkpt>
			<trkpt lat="47.932404" lon="-123.750404">
				<ele>942.726013</ele>
				<time>2026-06-22T23:24:19Z</time>
			</trkpt>
			<trkpt lat="47.932495" lon="-123.75045">
				<ele>945.727844</ele>
				<time>2026-06-22T23:24:29Z</time>
			</trkpt>
			<trkpt lat="47.932518" lon="-123.750504">
				<ele>946.00946</ele>
				<time>2026-06-22T23:24:32Z</time>
			</trkpt>
			<trkpt lat="47.93256" lon="-123.750595">
				<ele>945.530945</ele>
				<time>2026-06-22T23:24:36Z</time>
			</trkpt>
			<trkpt lat="47.932602" lon="-123.750626">
				<ele>946.425049</ele>
				<time>2026-06-22T23:24:38Z</time>
			</trkpt>
			<trkpt lat="47.932697" lon="-123.75074">
				<ele>945.263428</ele>
				<time>2026-06-22T23:24:44Z</time>
			</trkpt>
			<trkpt lat="47.932739" lon="-123.750786">
				<ele>945.69281</ele>
				<time>2026-06-22T23:24:47Z</time>
			</trkpt>
			<trkpt lat="47.932835" lon="-123.750923">
				<ele>949.870605</ele>
				<time>2026-06-22T23:25:00Z</time>
			</trkpt>
			<trkpt lat="47.93288" lon="-123.75106">
				<ele>948.480225</ele>
				<time>2026-06-22T23:25:14Z</time>
			</trkpt>
			<trkpt lat="47.932945" lon="-123.751167">
				<ele>949.960388</ele>
				<time>2026-06-22T23:25:27Z</time>
			</trkpt>
			<trkpt lat="47.932968" lon="-123.751244">
				<ele>947.864441</ele>
				<time>2026-06-22T23:25:31Z</time>
			</trkpt>
			<trkpt lat="47.932991" lon="-123.751534">
				<ele>950.686523</ele>
				<time>2026-06-22T23:25:50Z</time>
			</trkpt>
			<trkpt lat="47.932953" lon="-123.751968">
				<ele>944.05426</ele>
				<time>2026-06-22T23:26:22Z</time>
			</trkpt>
			<trkpt lat="47.932892" lon="-123.752151">
				<ele>945.575745</ele>
				<time>2026-06-22T23:26:34Z</time>
			</trkpt>
			<trkpt lat="47.932877" lon="-123.75222">
				<ele>944.61969</ele>
				<time>2026-06-22T23:26:40Z</time>
			</trkpt>
			<trkpt lat="47.932697" lon="-123.752464">
				<ele>946.770386</ele>
				<time>2026-06-22T23:27:05Z</time>
			</trkpt>
			<trkpt lat="47.932747" lon="-123.752815">
				<ele>932.591431</ele>
				<time>2026-06-22T23:27:41Z</time>
			</trkpt>
			<trkpt lat="47.932796" lon="-123.753067">
				<ele>929.734863</ele>
				<time>2026-06-22T23:27:59Z</time>
			</trkpt>
			<trkpt lat="47.932804" lon="-123.753143">
				<ele>931.478455</ele>
				<time>2026-06-22T23:28:03Z</time>
			</trkpt>
			<trkpt lat="47.932819" lon="-123.753273">
				<ele>925.892517</ele>
				<time>2026-06-22T23:28:15Z</time>
			</trkpt>
			<trkpt lat="47.932808" lon="-123.753342">
				<ele>925.249329</ele>
				<time>2026-06-22T23:28:20Z</time>
			</trkpt>
			<trkpt lat="47.932804" lon="-123.753418">
				<ele>926.882629</ele>
				<time>2026-06-22T23:28:24Z</time>
			</trkpt>
			<trkpt lat="47.93293" lon="-123.753967">
				<ele>918.491943</ele>
				<time>2026-06-22T23:28:53Z</time>
			</trkpt>
			<trkpt lat="47.933025" lon="-123.754204">
				<ele>922.546021</ele>
				<time>2026-06-22T23:29:08Z</time>
			</trkpt>
			<trkpt lat="47.933041" lon="-123.754288">
				<ele>920.349365</ele>
				<time>2026-06-22T23:29:11Z</time>
			</trkpt>
			<trkpt lat="47.933083" lon="-123.754417">
				<ele>924.113892</ele>
				<time>2026-06-22T23:29:21Z</time>
			</trkpt>
			<trkpt lat="47.933071" lon="-123.754829">
				<ele>920.375549</ele>
				<time>2026-06-22T23:29:44Z</time>
			</trkpt>
			<trkpt lat="47.933174" lon="-123.755081">
				<ele>923.861084</ele>
				<time>2026-06-22T23:30:01Z</time>
			</trkpt>
			<trkpt lat="47.933231" lon="-123.755196">
				<ele>920.606873</ele>
				<time>2026-06-22T23:30:05Z</time>
			</trkpt>
			<trkpt lat="47.933369" lon="-123.755997">
				<ele>912.900696</ele>
				<time>2026-06-22T23:30:46Z</time>
			</trkpt>
			<trkpt lat="47.933441" lon="-123.756172">
				<ele>919.26886</ele>
				<time>2026-06-22T23:30:59Z</time>
			</trkpt>
			<trkpt lat="47.933689" lon="-123.756546">
				<ele>904.686035</ele>
				<time>2026-06-22T23:31:25Z</time>
			</trkpt>
			<trkpt lat="47.933743" lon="-123.756744">
				<ele>901.169983</ele>
				<time>2026-06-22T23:31:36Z</time>
			</trkpt>
			<trkpt lat="47.933754" lon="-123.756805">
				<ele>901.687744</ele>
				<time>2026-06-22T23:31:39Z</time>
			</trkpt>
			<trkpt lat="47.933754" lon="-123.757027">
				<ele>900.936707</ele>
				<time>2026-06-22T23:31:50Z</time>
			</trkpt>
			<trkpt lat="47.933784" lon="-123.757233">
				<ele>903.325745</ele>
				<time>2026-06-22T23:32:00Z</time>
			</trkpt>
			<trkpt lat="47.933796" lon="-123.757301">
				<ele>901.837585</ele>
				<time>2026-06-22T23:32:04Z</time>
			</trkpt>
			<trkpt lat="47.933815" lon="-123.757454">
				<ele>902.745972</ele>
				<time>2026-06-22T23:32:11Z</time>
			</trkpt>
			<trkpt lat="47.933899" lon="-123.757683">
				<ele>906.368713</ele>
				<time>2026-06-22T23:32:27Z</time>
			</trkpt>
			<trkpt lat="47.933956" lon="-123.75795">
				<ele>904.832764</ele>
				<time>2026-06-22T23:32:44Z</time>
			</trkpt>
			<trkpt lat="47.933964" lon="-123.758018">
				<ele>905.480347</ele>
				<time>2026-06-22T23:32:46Z</time>
			</trkpt>
			<trkpt lat="47.934135" lon="-123.758644">
				<ele>886.028992</ele>
				<time>2026-06-22T23:33:29Z</time>
			</trkpt>
			<trkpt lat="47.934143" lon="-123.758774">
				<ele>888.17627</ele>
				<time>2026-06-22T23:33:40Z</time>
			</trkpt>
			<trkpt lat="47.934155" lon="-123.758972">
				<ele>883.445557</ele>
				<time>2026-06-22T23:33:53Z</time>
			</trkpt>
			<trkpt lat="47.9342" lon="-123.759087">
				<ele>885.126404</ele>
				<time>2026-06-22T23:34:02Z</time>
			</trkpt>
			<trkpt lat="47.934265" lon="-123.759178">
				<ele>882.570251</ele>
				<time>2026-06-22T23:34:09Z</time>
			</trkpt>
			<trkpt lat="47.934334" lon="-123.759315">
				<ele>884.047058</ele>
				<time>2026-06-22T23:34:19Z</time>
			</trkpt>
			<trkpt lat="47.934376" lon="-123.759346">
				<ele>882.453491</ele>
				<time>2026-06-22T23:34:22Z</time>
			</trkpt>
			<trkpt lat="47.934414" lon="-123.759392">
				<ele>883.211304</ele>
				<time>2026-06-22T23:34:26Z</time>
			</trkpt>
			<trkpt lat="47.934502" lon="-123.759575">
				<ele>877.63446</ele>
				<time>2026-06-22T23:34:37Z</time>
			</trkpt>
			<trkpt lat="47.934528" lon="-123.759644">
				<ele>877.173096</ele>
				<time>2026-06-22T23:34:39Z</time>
			</trkpt>
			<trkpt lat="47.934582" lon="-123.759644">
				<ele>882.098511</ele>
				<time>2026-06-22T23:34:45Z</time>
			</trkpt>
			<trkpt lat="47.934635" lon="-123.759865">
				<ele>877.90033</ele>
				<time>2026-06-22T23:34:54Z</time>
			</trkpt>
			<trkpt lat="47.934669" lon="-123.759911">
				<ele>880.549744</ele>
				<time>2026-06-22T23:34:59Z</time>
			</trkpt>
			<trkpt lat="47.934757" lon="-123.759987">
				<ele>880.939453</ele>
				<time>2026-06-22T23:35:13Z</time>
			</trkpt>
			<trkpt lat="47.934803" lon="-123.76001">
				<ele>879.703613</ele>
				<time>2026-06-22T23:35:18Z</time>
			</trkpt>
			<trkpt lat="47.934933" lon="-123.760338">
				<ele>883.101929</ele>
				<time>2026-06-22T23:35:34Z</time>
			</trkpt>
			<trkpt lat="47.935043" lon="-123.760468">
				<ele>877.798828</ele>
				<time>2026-06-22T23:35:44Z</time>
			</trkpt>
			<trkpt lat="47.935055" lon="-123.760536">
				<ele>881.146851</ele>
				<time>2026-06-22T23:35:50Z</time>
			</trkpt>
			<trkpt lat="47.935173" lon="-123.760818">
				<ele>876.875</ele>
				<time>2026-06-22T23:36:04Z</time>
			</trkpt>
			<trkpt lat="47.935177" lon="-123.760963">
				<ele>878.218323</ele>
				<time>2026-06-22T23:36:13Z</time>
			</trkpt>
			<trkpt lat="47.934994" lon="-123.761246">
				<ele>867.90448</ele>
				<time>2026-06-22T23:36:41Z</time>
			</trkpt>
			<trkpt lat="47.934971" lon="-123.76149">
				<ele>869.390076</ele>
				<time>2026-06-22T23:37:06Z</time>
			</trkpt>
			<trkpt lat="47.934994" lon="-123.761627">
				<ele>868.337158</ele>
				<time>2026-06-22T23:37:15Z</time>
			</trkpt>
			<trkpt lat="47.935062" lon="-123.762146">
				<ele>850.774292</ele>
				<time>2026-06-22T23:37:56Z</time>
			</trkpt>
			<trkpt lat="47.935177" lon="-123.762558">
				<ele>856.259827</ele>
				<time>2026-06-22T23:38:24Z</time>
			</trkpt>
			<trkpt lat="47.935253" lon="-123.762825">
				<ele>847.078918</ele>
				<time>2026-06-22T23:38:48Z</time>
			</trkpt>
			<trkpt lat="47.93539" lon="-123.762878">
				<ele>851.80835</ele>
				<time>2026-06-22T23:39:03Z</time>
			</trkpt>
			<trkpt lat="47.935493" lon="-123.763145">
				<ele>854.768066</ele>
				<time>2026-06-22T23:39:16Z</time>
			</trkpt>
			<trkpt lat="47.93541" lon="-123.763321">
				<ele>853.550781</ele>
				<time>2026-06-22T23:39:37Z</time>
			</trkpt>
			<trkpt lat="47.935394" lon="-123.763374">
				<ele>857.859436</ele>
				<time>2026-06-22T23:40:35Z</time>
			</trkpt>
			<trkpt lat="47.935463" lon="-123.763474">
				<ele>851.841614</ele>
				<time>2026-06-22T23:42:34Z</time>
			</trkpt>
			<trkpt lat="47.935486" lon="-123.763535">
				<ele>851.897949</ele>
				<time>2026-06-22T23:42:38Z</time>
			</trkpt>
			<trkpt lat="47.935497" lon="-123.763817">
				<ele>847.196533</ele>
				<time>2026-06-22T23:42:54Z</time>
			</trkpt>
			<trkpt lat="47.935478" lon="-123.763878">
				<ele>847.033569</ele>
				<time>2026-06-22T23:42:57Z</time>
			</trkpt>
			<trkpt lat="47.935577" lon="-123.764076">
				<ele>852.042725</ele>
				<time>2026-06-22T23:43:07Z</time>
			</trkpt>
			<trkpt lat="47.935593" lon="-123.76416">
				<ele>849.000977</ele>
				<time>2026-06-22T23:43:11Z</time>
			</trkpt>
			<trkpt lat="47.935581" lon="-123.764221">
				<ele>851.125427</ele>
				<time>2026-06-22T23:43:13Z</time>
			</trkpt>
			<trkpt lat="47.935535" lon="-123.764442">
				<ele>847.411438</ele>
				<time>2026-06-22T23:43:26Z</time>
			</trkpt>
			<trkpt lat="47.93552" lon="-123.764519">
				<ele>843.025269</ele>
				<time>2026-06-22T23:43:32Z</time>
			</trkpt>
			<trkpt lat="47.935513" lon="-123.764587">
				<ele>842.560974</ele>
				<time>2026-06-22T23:43:37Z</time>
			</trkpt>
			<trkpt lat="47.935501" lon="-123.764648">
				<ele>844.07196</ele>
				<time>2026-06-22T23:43:42Z</time>
			</trkpt>
			<trkpt lat="47.935528" lon="-123.764801">
				<ele>841.419189</ele>
				<time>2026-06-22T23:43:49Z</time>
			</trkpt>
			<trkpt lat="47.935463" lon="-123.765137">
				<ele>847.536133</ele>
				<time>2026-06-22T23:44:12Z</time>
			</trkpt>
			<trkpt lat="47.935375" lon="-123.765465">
				<ele>836.964722</ele>
				<time>2026-06-22T23:44:32Z</time>
			</trkpt>
			<trkpt lat="47.935383" lon="-123.765541">
				<ele>837.236511</ele>
				<time>2026-06-22T23:44:36Z</time>
			</trkpt>
			<trkpt lat="47.93531" lon="-123.765808">
				<ele>834.130005</ele>
				<time>2026-06-22T23:45:06Z</time>
			</trkpt>
			<trkpt lat="47.935291" lon="-123.765938">
				<ele>835.626404</ele>
				<time>2026-06-22T23:45:13Z</time>
			</trkpt>
			<trkpt lat="47.935295" lon="-123.766014">
				<ele>835.083191</ele>
				<time>2026-06-22T23:45:19Z</time>
			</trkpt>
			<trkpt lat="47.935284" lon="-123.766083">
				<ele>832.244751</ele>
				<time>2026-06-22T23:45:25Z</time>
			</trkpt>
			<trkpt lat="47.935169" lon="-123.766388">
				<ele>838.641968</ele>
				<time>2026-06-22T23:45:45Z</time>
			</trkpt>
			<trkpt lat="47.935146" lon="-123.766518">
				<ele>836.271423</ele>
				<time>2026-06-22T23:45:54Z</time>
			</trkpt>
			<trkpt lat="47.935116" lon="-123.766716">
				<ele>836.799072</ele>
				<time>2026-06-22T23:46:07Z</time>
			</trkpt>
			<trkpt lat="47.935131" lon="-123.766861">
				<ele>836.28009</ele>
				<time>2026-06-22T23:46:15Z</time>
			</trkpt>
			<trkpt lat="47.935081" lon="-123.767082">
				<ele>839.527588</ele>
				<time>2026-06-22T23:46:29Z</time>
			</trkpt>
			<trkpt lat="47.93504" lon="-123.76738">
				<ele>838.414001</ele>
				<time>2026-06-22T23:46:45Z</time>
			</trkpt>
			<trkpt lat="47.934994" lon="-123.767517">
				<ele>835.98999</ele>
				<time>2026-06-22T23:46:55Z</time>
			</trkpt>
			<trkpt lat="47.935013" lon="-123.767593">
				<ele>836.996704</ele>
				<time>2026-06-22T23:46:59Z</time>
			</trkpt>
			<trkpt lat="47.934971" lon="-123.767693">
				<ele>836.735718</ele>
				<time>2026-06-22T23:47:07Z</time>
			</trkpt>
			<trkpt lat="47.934891" lon="-123.767944">
				<ele>830.900391</ele>
				<time>2026-06-22T23:47:26Z</time>
			</trkpt>
			<trkpt lat="47.934883" lon="-123.768166">
				<ele>833.390076</ele>
				<time>2026-06-22T23:47:40Z</time>
			</trkpt>
			<trkpt lat="47.934891" lon="-123.768234">
				<ele>833.35199</ele>
				<time>2026-06-22T23:47:44Z</time>
			</trkpt>
			<trkpt lat="47.934875" lon="-123.768372">
				<ele>837.723511</ele>
				<time>2026-06-22T23:47:53Z</time>
			</trkpt>
			<trkpt lat="47.934883" lon="-123.76889">
				<ele>829.385254</ele>
				<time>2026-06-22T23:48:25Z</time>
			</trkpt>
			<trkpt lat="47.934902" lon="-123.768959">
				<ele>829.258972</ele>
				<time>2026-06-22T23:48:28Z</time>
			</trkpt>
			<trkpt lat="47.934906" lon="-123.769112">
				<ele>832.036804</ele>
				<time>2026-06-22T23:48:36Z</time>
			</trkpt>
			<trkpt lat="47.934929" lon="-123.76918">
				<ele>831.334961</ele>
				<time>2026-06-22T23:48:41Z</time>
			</trkpt>
			<trkpt lat="47.934952" lon="-123.769249">
				<ele>831.362061</ele>
				<time>2026-06-22T23:48:44Z</time>
			</trkpt>
			<trkpt lat="47.934937" lon="-123.769318">
				<ele>831.33429</ele>
				<time>2026-06-22T23:48:47Z</time>
			</trkpt>
			<trkpt lat="47.93494" lon="-123.769806">
				<ele>823.862427</ele>
				<time>2026-06-22T23:49:21Z</time>
			</trkpt>
			<trkpt lat="47.935032" lon="-123.770226">
				<ele>826.873962</ele>
				<time>2026-06-22T23:49:48Z</time>
			</trkpt>
			<trkpt lat="47.935013" lon="-123.770638">
				<ele>819.731384</ele>
				<time>2026-06-22T23:50:10Z</time>
			</trkpt>
			<trkpt lat="47.935028" lon="-123.770714">
				<ele>820.536743</ele>
				<time>2026-06-22T23:50:14Z</time>
			</trkpt>
			<trkpt lat="47.93504" lon="-123.770782">
				<ele>819.655823</ele>
				<time>2026-06-22T23:50:19Z</time>
			</trkpt>
			<trkpt lat="47.935043" lon="-123.770859">
				<ele>821.484131</ele>
				<time>2026-06-22T23:50:26Z</time>
			</trkpt>
			<trkpt lat="47.935093" lon="-123.771126">
				<ele>817.730652</ele>
				<time>2026-06-22T23:50:46Z</time>
			</trkpt>
			<trkpt lat="47.935093" lon="-123.771332">
				<ele>818.718262</ele>
				<time>2026-06-22T23:51:00Z</time>
			</trkpt>
			<trkpt lat="47.935093" lon="-123.771446">
				<ele>822.339905</ele>
				<time>2026-06-22T23:51:14Z</time>
			</trkpt>
			<trkpt lat="47.935127" lon="-123.771568">
				<ele>821.854126</ele>
				<time>2026-06-22T23:51:22Z</time>
			</trkpt>
			<trkpt lat="47.935257" lon="-123.77195">
				<ele>817.844543</ele>
				<time>2026-06-22T23:51:51Z</time>
			</trkpt>
			<trkpt lat="47.935291" lon="-123.772301">
				<ele>795.294006</ele>
				<time>2026-06-22T23:52:20Z</time>
			</trkpt>
			<trkpt lat="47.93531" lon="-123.772354">
				<ele>795.343323</ele>
				<time>2026-06-22T23:52:25Z</time>
			</trkpt>
			<trkpt lat="47.935337" lon="-123.772728">
				<ele>790.724304</ele>
				<time>2026-06-22T23:52:46Z</time>
			</trkpt>
			<trkpt lat="47.935551" lon="-123.773468">
				<ele>813.531616</ele>
				<time>2026-06-22T23:53:41Z</time>
			</trkpt>
			<trkpt lat="47.935688" lon="-123.773895">
				<ele>801.186707</ele>
				<time>2026-06-22T23:54:13Z</time>
			</trkpt>
			<trkpt lat="47.935753" lon="-123.773987">
				<ele>803.394043</ele>
				<time>2026-06-22T23:54:19Z</time>
			</trkpt>
			<trkpt lat="47.935787" lon="-123.774124">
				<ele>797.773987</ele>
				<time>2026-06-22T23:54:29Z</time>
			</trkpt>
			<trkpt lat="47.935822" lon="-123.774246">
				<ele>796.107788</ele>
				<time>2026-06-22T23:54:36Z</time>
			</trkpt>
			<trkpt lat="47.935844" lon="-123.774376">
				<ele>797.564575</ele>
				<time>2026-06-22T23:54:46Z</time>
			</trkpt>
			<trkpt lat="47.935879" lon="-123.774422">
				<ele>796.7854</ele>
				<time>2026-06-22T23:54:50Z</time>
			</trkpt>
			<trkpt lat="47.936035" lon="-123.775108">
				<ele>780.726501</ele>
				<time>2026-06-22T23:55:47Z</time>
			</trkpt>
			<trkpt lat="47.936062" lon="-123.775169">
				<ele>781.698486</ele>
				<time>2026-06-22T23:55:51Z</time>
			</trkpt>
			<trkpt lat="47.936195" lon="-123.77552">
				<ele>770.371216</ele>
				<time>2026-06-22T23:56:28Z</time>
			</trkpt>
			<trkpt lat="47.936192" lon="-123.775597">
				<ele>770.623291</ele>
				<time>2026-06-22T23:56:32Z</time>
			</trkpt>
			<trkpt lat="47.936417" lon="-123.775948">
				<ele>765.639893</ele>
				<time>2026-06-22T23:57:08Z</time>
			</trkpt>
			<trkpt lat="47.936459" lon="-123.77597">
				<ele>766.845886</ele>
				<time>2026-06-22T23:57:24Z</time>
			</trkpt>
			<trkpt lat="47.936623" lon="-123.776108">
				<ele>754.098572</ele>
				<time>2026-06-22T23:57:46Z</time>
			</trkpt>
			<trkpt lat="47.936634" lon="-123.776192">
				<ele>756.784851</ele>
				<time>2026-06-22T23:57:59Z</time>
			</trkpt>
			<trkpt lat="47.936977" lon="-123.776718">
				<ele>738.348694</ele>
				<time>2026-06-22T23:59:00Z</time>
			</trkpt>
			<trkpt lat="47.936989" lon="-123.776779">
				<ele>741.818665</ele>
				<time>2026-06-22T23:59:08Z</time>
			</trkpt>
			<trkpt lat="47.937031" lon="-123.776901">
				<ele>740.426819</ele>
				<time>2026-06-22T23:59:18Z</time>
			</trkpt>
			<trkpt lat="47.937107" lon="-123.77697">
				<ele>742.038635</ele>
				<time>2026-06-22T23:59:33Z</time>
			</trkpt>
			<trkpt lat="47.937187" lon="-123.777138">
				<ele>739.006042</ele>
				<time>2026-06-22T23:59:46Z</time>
			</trkpt>
			<trkpt lat="47.937218" lon="-123.777191">
				<ele>739.727417</ele>
				<time>2026-06-22T23:59:50Z</time>
			</trkpt>
			<trkpt lat="47.937233" lon="-123.77726">
				<ele>734.504944</ele>
				<time>2026-06-22T23:59:59Z</time>
			</trkpt>
			<trkpt lat="47.937382" lon="-123.777405">
				<ele>736.711609</ele>
				<time>2026-06-23T00:00:10Z</time>
			</trkpt>
			<trkpt lat="47.937416" lon="-123.777458">
				<ele>732.565857</ele>
				<time>2026-06-23T00:00:20Z</time>
			</trkpt>
			<trkpt lat="47.93745" lon="-123.777512">
				<ele>733.784485</ele>
				<time>2026-06-23T00:00:23Z</time>
			</trkpt>
			<trkpt lat="47.937508" lon="-123.777779">
				<ele>729.938904</ele>
				<time>2026-06-23T00:00:48Z</time>
			</trkpt>
			<trkpt lat="47.937538" lon="-123.77784">
				<ele>731.85083</ele>
				<time>2026-06-23T00:00:54Z</time>
			</trkpt>
			<trkpt lat="47.937675" lon="-123.778122">
				<ele>718.817444</ele>
				<time>2026-06-23T00:01:26Z</time>
			</trkpt>
			<trkpt lat="47.937695" lon="-123.778183">
				<ele>720.101135</ele>
				<time>2026-06-23T00:01:32Z</time>
			</trkpt>
			<trkpt lat="47.937836" lon="-123.778671">
				<ele>708.703064</ele>
				<time>2026-06-23T00:02:15Z</time>
			</trkpt>
			<trkpt lat="47.937855" lon="-123.778732">
				<ele>715.513794</ele>
				<time>2026-06-23T00:02:24Z</time>
			</trkpt>
			<trkpt lat="47.938202" lon="-123.778809">
				<ele>700.656677</ele>
				<time>2026-06-23T00:03:12Z</time>
			</trkpt>
			<trkpt lat="47.938229" lon="-123.778618">
				<ele>707.004333</ele>
				<time>2026-06-23T00:03:32Z</time>
			</trkpt>
			<trkpt lat="47.938591" lon="-123.778542">
				<ele>712.120239</ele>
				<time>2026-06-23T00:04:48Z</time>
			</trkpt>
			<trkpt lat="47.938633" lon="-123.778572">
				<ele>706.017151</ele>
				<time>2026-06-23T00:05:13Z</time>
			</trkpt>
			<trkpt lat="47.938957" lon="-123.778313">
				<ele>723.83252</ele>
				<time>2026-06-23T00:06:20Z</time>
			</trkpt>
			<trkpt lat="47.939163" lon="-123.778519">
				<ele>730.467102</ele>
				<time>2026-06-23T00:06:38Z</time>
			</trkpt>
			<trkpt lat="47.939423" lon="-123.77877">
				<ele>720.61731</ele>
				<time>2026-06-23T00:07:09Z</time>
			</trkpt>
			<trkpt lat="47.939457" lon="-123.77903">
				<ele>697.560852</ele>
				<time>2026-06-23T00:07:28Z</time>
			</trkpt>
			<trkpt lat="47.939526" lon="-123.779129">
				<ele>695.365906</ele>
				<time>2026-06-23T00:07:40Z</time>
			</trkpt>
			<trkpt lat="47.939613" lon="-123.779198">
				<ele>697.204773</ele>
				<time>2026-06-23T00:07:46Z</time>
			</trkpt>
			<trkpt lat="47.939682" lon="-123.779274">
				<ele>694.046326</ele>
				<time>2026-06-23T00:07:54Z</time>
			</trkpt>
			<trkpt lat="47.939732" lon="-123.779305">
				<ele>695.894348</ele>
				<time>2026-06-23T00:08:00Z</time>
			</trkpt>
			<trkpt lat="47.939762" lon="-123.77935">
				<ele>695.109009</ele>
				<time>2026-06-23T00:08:04Z</time>
			</trkpt>
			<trkpt lat="47.939808" lon="-123.779388">
				<ele>695.272522</ele>
				<time>2026-06-23T00:08:07Z</time>
			</trkpt>
			<trkpt lat="47.939999" lon="-123.779694">
				<ele>686.906189</ele>
				<time>2026-06-23T00:08:37Z</time>
			</trkpt>
			<trkpt lat="47.940147" lon="-123.779816">
				<ele>691.95874</ele>
				<time>2026-06-23T00:08:55Z</time>
			</trkpt>
			<trkpt lat="47.940228" lon="-123.7799">
				<ele>688.60907</ele>
				<time>2026-06-23T00:09:05Z</time>
			</trkpt>
			<trkpt lat="47.940258" lon="-123.779953">
				<ele>690.134338</ele>
				<time>2026-06-23T00:09:09Z</time>
			</trkpt>
			<trkpt lat="47.940342" lon="-123.780197">
				<ele>686.172485</ele>
				<time>2026-06-23T00:09:27Z</time>
			</trkpt>
			<trkpt lat="47.940586" lon="-123.780609">
				<ele>692.922852</ele>
				<time>2026-06-23T00:10:00Z</time>
			</trkpt>
			<trkpt lat="47.94062" lon="-123.780655">
				<ele>690.735352</ele>
				<time>2026-06-23T00:10:04Z</time>
			</trkpt>
			<trkpt lat="47.940796" lon="-123.780807">
				<ele>692.8573</ele>
				<time>2026-06-23T00:10:23Z</time>
			</trkpt>
			<trkpt lat="47.940922" lon="-123.780907">
				<ele>689.832153</ele>
				<time>2026-06-23T00:10:40Z</time>
			</trkpt>
			<trkpt lat="47.941204" lon="-123.781052">
				<ele>692.354858</ele>
				<time>2026-06-23T00:11:05Z</time>
			</trkpt>
			<trkpt lat="47.941303" lon="-123.781105">
				<ele>686.702576</ele>
				<time>2026-06-23T00:11:14Z</time>
			</trkpt>
			<trkpt lat="47.94136" lon="-123.781189">
				<ele>690.274475</ele>
				<time>2026-06-23T00:11:20Z</time>
			</trkpt>
			<trkpt lat="47.94141" lon="-123.781319">
				<ele>686.556091</ele>
				<time>2026-06-23T00:11:30Z</time>
			</trkpt>
			<trkpt lat="47.941437" lon="-123.781395">
				<ele>687.74762</ele>
				<time>2026-06-23T00:11:34Z</time>
			</trkpt>
			<trkpt lat="47.941505" lon="-123.781479">
				<ele>686.012024</ele>
				<time>2026-06-23T00:11:43Z</time>
			</trkpt>
			<trkpt lat="47.941601" lon="-123.781639">
				<ele>687.281372</ele>
				<time>2026-06-23T00:11:53Z</time>
			</trkpt>
			<trkpt lat="47.941628" lon="-123.781693">
				<ele>684.623901</ele>
				<time>2026-06-23T00:11:57Z</time>
			</trkpt>
			<trkpt lat="47.941658" lon="-123.781754">
				<ele>686.286194</ele>
				<time>2026-06-23T00:12:01Z</time>
			</trkpt>
			<trkpt lat="47.941685" lon="-123.781837">
				<ele>686.194153</ele>
				<time>2026-06-23T00:12:06Z</time>
			</trkpt>
			<trkpt lat="47.941708" lon="-123.781906">
				<ele>686.236694</ele>
				<time>2026-06-23T00:12:09Z</time>
			</trkpt>
			<trkpt lat="47.941772" lon="-123.782036">
				<ele>684.118774</ele>
				<time>2026-06-23T00:12:17Z</time>
			</trkpt>
			<trkpt lat="47.941811" lon="-123.782097">
				<ele>685.799438</ele>
				<time>2026-06-23T00:12:20Z</time>
			</trkpt>
			<trkpt lat="47.941883" lon="-123.782295">
				<ele>683.885437</ele>
				<time>2026-06-23T00:12:31Z</time>
			</trkpt>
			<trkpt lat="47.941959" lon="-123.782593">
				<ele>687.533264</ele>
				<time>2026-06-23T00:12:46Z</time>
			</trkpt>
			<trkpt lat="47.942043" lon="-123.782852">
				<ele>686.163147</ele>
				<time>2026-06-23T00:13:00Z</time>
			</trkpt>
			<trkpt lat="47.942062" lon="-123.78299">
				<ele>688.559937</ele>
				<time>2026-06-23T00:13:07Z</time>
			</trkpt>
			<trkpt lat="47.942493" lon="-123.783676">
				<ele>717.234985</ele>
				<time>2026-06-23T00:14:04Z</time>
			</trkpt>
			<trkpt lat="47.942539" lon="-123.783699">
				<ele>715.884705</ele>
				<time>2026-06-23T00:14:07Z</time>
			</trkpt>
			<trkpt lat="47.942654" lon="-123.783813">
				<ele>716.704224</ele>
				<time>2026-06-23T00:14:20Z</time>
			</trkpt>
			<trkpt lat="47.942745" lon="-123.783966">
				<ele>715.312988</ele>
				<time>2026-06-23T00:14:30Z</time>
			</trkpt>
			<trkpt lat="47.942787" lon="-123.784035">
				<ele>716.775024</ele>
				<time>2026-06-23T00:14:35Z</time>
			</trkpt>
			<trkpt lat="47.942871" lon="-123.784103">
				<ele>716.359863</ele>
				<time>2026-06-23T00:14:41Z</time>
			</trkpt>
			<trkpt lat="47.943047" lon="-123.784401">
				<ele>708.046814</ele>
				<time>2026-06-23T00:15:09Z</time>
			</trkpt>
			<trkpt lat="47.94323" lon="-123.784737">
				<ele>719.637573</ele>
				<time>2026-06-23T00:15:39Z</time>
			</trkpt>
			<trkpt lat="47.943287" lon="-123.784767">
				<ele>719.79657</ele>
				<time>2026-06-23T00:15:42Z</time>
			</trkpt>
			<trkpt lat="47.943405" lon="-123.784927">
				<ele>718.438904</ele>
				<time>2026-06-23T00:15:52Z</time>
			</trkpt>
			<trkpt lat="47.943481" lon="-123.785263">
				<ele>724.184631</ele>
				<time>2026-06-23T00:16:13Z</time>
			</trkpt>
			<trkpt lat="47.943546" lon="-123.7855">
				<ele>719.807983</ele>
				<time>2026-06-23T00:16:29Z</time>
			</trkpt>
			<trkpt lat="47.943638" lon="-123.785675">
				<ele>722.543274</ele>
				<time>2026-06-23T00:16:39Z</time>
			</trkpt>
			<trkpt lat="47.943695" lon="-123.785873">
				<ele>721.342957</ele>
				<time>2026-06-23T00:16:53Z</time>
			</trkpt>
			<trkpt lat="47.943699" lon="-123.78595">
				<ele>723.771973</ele>
				<time>2026-06-23T00:16:59Z</time>
			</trkpt>
			<trkpt lat="47.94379" lon="-123.786194">
				<ele>721.804993</ele>
				<time>2026-06-23T00:17:15Z</time>
			</trkpt>
			<trkpt lat="47.943954" lon="-123.786285">
				<ele>734.052734</ele>
				<time>2026-06-23T00:17:41Z</time>
			</trkpt>
			<trkpt lat="47.944206" lon="-123.786339">
				<ele>738.494019</ele>
				<time>2026-06-23T00:18:03Z</time>
			</trkpt>
			<trkpt lat="47.944405" lon="-123.786903">
				<ele>708.210693</ele>
				<time>2026-06-23T00:18:37Z</time>
			</trkpt>
			<trkpt lat="47.944408" lon="-123.786972">
				<ele>707.858765</ele>
				<time>2026-06-23T00:18:41Z</time>
			</trkpt>
			<trkpt lat="47.944717" lon="-123.787613">
				<ele>717.433228</ele>
				<time>2026-06-23T00:19:27Z</time>
			</trkpt>
			<trkpt lat="47.944744" lon="-123.787666">
				<ele>716.947693</ele>
				<time>2026-06-23T00:19:31Z</time>
			</trkpt>
			<trkpt lat="47.944824" lon="-123.787781">
				<ele>721.863586</ele>
				<time>2026-06-23T00:19:44Z</time>
			</trkpt>
			<trkpt lat="47.944836" lon="-123.787849">
				<ele>721.149902</ele>
				<time>2026-06-23T00:19:49Z</time>
			</trkpt>
			<trkpt lat="47.944801" lon="-123.788002">
				<ele>721.843994</ele>
				<time>2026-06-23T00:20:01Z</time>
			</trkpt>
			<trkpt lat="47.944859" lon="-123.7883">
				<ele>713.325256</ele>
				<time>2026-06-23T00:20:21Z</time>
			</trkpt>
			<trkpt lat="47.94487" lon="-123.788368">
				<ele>712.886841</ele>
				<time>2026-06-23T00:20:24Z</time>
			</trkpt>
			<trkpt lat="47.944897" lon="-123.788513">
				<ele>715.145996</ele>
				<time>2026-06-23T00:20:33Z</time>
			</trkpt>
			<trkpt lat="47.944897" lon="-123.788727">
				<ele>711.467224</ele>
				<time>2026-06-23T00:20:46Z</time>
			</trkpt>
			<trkpt lat="47.944935" lon="-123.788864">
				<ele>712.689392</ele>
				<time>2026-06-23T00:20:55Z</time>
			</trkpt>
			<trkpt lat="47.944988" lon="-123.788979">
				<ele>712.504456</ele>
				<time>2026-06-23T00:21:04Z</time>
			</trkpt>
			<trkpt lat="47.945087" lon="-123.789131">
				<ele>719.323486</ele>
				<time>2026-06-23T00:21:19Z</time>
			</trkpt>
			<trkpt lat="47.945217" lon="-123.78933">
				<ele>718.406494</ele>
				<time>2026-06-23T00:21:32Z</time>
			</trkpt>
			<trkpt lat="47.945255" lon="-123.789452">
				<ele>718.737244</ele>
				<time>2026-06-23T00:21:40Z</time>
			</trkpt>
			<trkpt lat="47.945656" lon="-123.790405">
				<ele>695.791199</ele>
				<time>2026-06-23T00:22:46Z</time>
			</trkpt>
			<trkpt lat="47.945652" lon="-123.790482">
				<ele>695.780701</ele>
				<time>2026-06-23T00:22:50Z</time>
			</trkpt>
			<trkpt lat="47.94574" lon="-123.790634">
				<ele>700.582092</ele>
				<time>2026-06-23T00:23:01Z</time>
			</trkpt>
			<trkpt lat="47.94577" lon="-123.790688">
				<ele>698.064636</ele>
				<time>2026-06-23T00:23:05Z</time>
			</trkpt>
			<trkpt lat="47.945881" lon="-123.791054">
				<ele>704.493835</ele>
				<time>2026-06-23T00:23:29Z</time>
			</trkpt>
			<trkpt lat="47.945923" lon="-123.791168">
				<ele>710.655334</ele>
				<time>2026-06-23T00:23:39Z</time>
			</trkpt>
			<trkpt lat="47.945953" lon="-123.791222">
				<ele>710.414307</ele>
				<time>2026-06-23T00:23:42Z</time>
			</trkpt>
			<trkpt lat="47.945965" lon="-123.791344">
				<ele>711.249695</ele>
				<time>2026-06-23T00:23:49Z</time>
			</trkpt>
			<trkpt lat="47.945953" lon="-123.791428">
				<ele>710.727478</ele>
				<time>2026-06-23T00:23:54Z</time>
			</trkpt>
			<trkpt lat="47.946011" lon="-123.791634">
				<ele>711.562439</ele>
				<time>2026-06-23T00:24:04Z</time>
			</trkpt>
			<trkpt lat="47.94603" lon="-123.791702">
				<ele>710.88501</ele>
				<time>2026-06-23T00:24:08Z</time>
			</trkpt>
			<trkpt lat="47.946049" lon="-123.791756">
				<ele>711.771912</ele>
				<time>2026-06-23T00:24:13Z</time>
			</trkpt>
			<trkpt lat="47.946083" lon="-123.79184">
				<ele>710.974792</ele>
				<time>2026-06-23T00:24:17Z</time>
			</trkpt>
			<trkpt lat="47.946114" lon="-123.791885">
				<ele>711.903992</ele>
				<time>2026-06-23T00:24:19Z</time>
			</trkpt>
			<trkpt lat="47.946152" lon="-123.792221">
				<ele>709.896301</ele>
				<time>2026-06-23T00:24:38Z</time>
			</trkpt>
			<trkpt lat="47.946236" lon="-123.792877">
				<ele>694.926697</ele>
				<time>2026-06-23T00:25:16Z</time>
			</trkpt>
			<trkpt lat="47.946224" lon="-123.792953">
				<ele>695.593018</ele>
				<time>2026-06-23T00:25:20Z</time>
			</trkpt>
			<trkpt lat="47.946201" lon="-123.79303">
				<ele>695.398926</ele>
				<time>2026-06-23T00:25:25Z</time>
			</trkpt>
			<trkpt lat="47.946217" lon="-123.793091">
				<ele>695.437805</ele>
				<time>2026-06-23T00:25:29Z</time>
			</trkpt>
			<trkpt lat="47.94632" lon="-123.793381">
				<ele>700.391052</ele>
				<time>2026-06-23T00:25:46Z</time>
			</trkpt>
			<trkpt lat="47.946301" lon="-123.793541">
				<ele>698.665833</ele>
				<time>2026-06-23T00:25:54Z</time>
			</trkpt>
			<trkpt lat="47.946358" lon="-123.793716">
				<ele>702.136292</ele>
				<time>2026-06-23T00:26:04Z</time>
			</trkpt>
			<trkpt lat="47.946533" lon="-123.794044">
				<ele>695.288635</ele>
				<time>2026-06-23T00:26:23Z</time>
			</trkpt>
			<trkpt lat="47.946674" lon="-123.794342">
				<ele>699.59668</ele>
				<time>2026-06-23T00:26:47Z</time>
			</trkpt>
			<trkpt lat="47.94669" lon="-123.794411">
				<ele>699.138733</ele>
				<time>2026-06-23T00:26:52Z</time>
			</trkpt>
			<trkpt lat="47.946842" lon="-123.794998">
				<ele>670.245911</ele>
				<time>2026-06-23T00:27:28Z</time>
			</trkpt>
			<trkpt lat="47.946934" lon="-123.795204">
				<ele>666.759949</ele>
				<time>2026-06-23T00:27:40Z</time>
			</trkpt>
			<trkpt lat="47.946976" lon="-123.795258">
				<ele>667.345398</ele>
				<time>2026-06-23T00:27:44Z</time>
			</trkpt>
			<trkpt lat="47.947067" lon="-123.795341">
				<ele>666.579956</ele>
				<time>2026-06-23T00:27:49Z</time>
			</trkpt>
			<trkpt lat="47.947105" lon="-123.79541">
				<ele>667.124023</ele>
				<time>2026-06-23T00:27:52Z</time>
			</trkpt>
			<trkpt lat="47.947121" lon="-123.795486">
				<ele>665.605957</ele>
				<time>2026-06-23T00:27:55Z</time>
			</trkpt>
			<trkpt lat="47.947163" lon="-123.795547">
				<ele>666.438721</ele>
				<time>2026-06-23T00:27:58Z</time>
			</trkpt>
			<trkpt lat="47.947231" lon="-123.79567">
				<ele>664.989624</ele>
				<time>2026-06-23T00:28:05Z</time>
			</trkpt>
			<trkpt lat="47.947369" lon="-123.79599">
				<ele>651.855713</ele>
				<time>2026-06-23T00:28:21Z</time>
			</trkpt>
			<trkpt lat="47.947483" lon="-123.796188">
				<ele>649.435791</ele>
				<time>2026-06-23T00:28:34Z</time>
			</trkpt>
			<trkpt lat="47.947556" lon="-123.796272">
				<ele>650.569275</ele>
				<time>2026-06-23T00:28:41Z</time>
			</trkpt>
			<trkpt lat="47.947681" lon="-123.796776">
				<ele>638.511414</ele>
				<time>2026-06-23T00:29:13Z</time>
			</trkpt>
			<trkpt lat="47.947586" lon="-123.796989">
				<ele>644.492493</ele>
				<time>2026-06-23T00:29:33Z</time>
			</trkpt>
			<trkpt lat="47.947582" lon="-123.797134">
				<ele>640.091064</ele>
				<time>2026-06-23T00:29:41Z</time>
			</trkpt>
			<trkpt lat="47.947613" lon="-123.79747">
				<ele>648.102539</ele>
				<time>2026-06-23T00:30:04Z</time>
			</trkpt>
			<trkpt lat="47.94759" lon="-123.797691">
				<ele>649.966492</ele>
				<time>2026-06-23T00:30:15Z</time>
			</trkpt>
			<trkpt lat="47.947563" lon="-123.79792">
				<ele>650.373413</ele>
				<time>2026-06-23T00:30:28Z</time>
			</trkpt>
			<trkpt lat="47.947639" lon="-123.798134">
				<ele>653.597351</ele>
				<time>2026-06-23T00:30:40Z</time>
			</trkpt>
			<trkpt lat="47.947613" lon="-123.798187">
				<ele>652.409912</ele>
				<time>2026-06-23T00:30:43Z</time>
			</trkpt>
			<trkpt lat="47.947605" lon="-123.798302">
				<ele>656.012146</ele>
				<time>2026-06-23T00:30:52Z</time>
			</trkpt>
			<trkpt lat="47.947632" lon="-123.798386">
				<ele>655.499084</ele>
				<time>2026-06-23T00:30:57Z</time>
			</trkpt>
			<trkpt lat="47.947689" lon="-123.798515">
				<ele>655.733459</ele>
				<time>2026-06-23T00:31:03Z</time>
			</trkpt>
			<trkpt lat="47.947742" lon="-123.798653">
				<ele>652.507568</ele>
				<time>2026-06-23T00:31:11Z</time>
			</trkpt>
			<trkpt lat="47.947926" lon="-123.799301">
				<ele>676.104858</ele>
				<time>2026-06-23T00:31:51Z</time>
			</trkpt>
			<trkpt lat="47.947968" lon="-123.799599">
				<ele>673.079346</ele>
				<time>2026-06-23T00:32:10Z</time>
			</trkpt>
			<trkpt lat="47.948067" lon="-123.799896">
				<ele>680.052368</ele>
				<time>2026-06-23T00:32:30Z</time>
			</trkpt>
			<trkpt lat="47.948078" lon="-123.799957">
				<ele>679.297119</ele>
				<time>2026-06-23T00:32:33Z</time>
			</trkpt>
			<trkpt lat="47.948032" lon="-123.800072">
				<ele>680.282898</ele>
				<time>2026-06-23T00:32:41Z</time>
			</trkpt>
			<trkpt lat="47.947945" lon="-123.800232">
				<ele>677.639221</ele>
				<time>2026-06-23T00:32:52Z</time>
			</trkpt>
			<trkpt lat="47.948124" lon="-123.800537">
				<ele>683.159729</ele>
				<time>2026-06-23T00:33:11Z</time>
			</trkpt>
			<trkpt lat="47.948158" lon="-123.800591">
				<ele>683.402588</ele>
				<time>2026-06-23T00:33:14Z</time>
			</trkpt>
			<trkpt lat="47.9482" lon="-123.800636">
				<ele>682.878296</ele>
				<time>2026-06-23T00:33:17Z</time>
			</trkpt>
			<trkpt lat="47.948231" lon="-123.80069">
				<ele>683.419067</ele>
				<time>2026-06-23T00:33:22Z</time>
			</trkpt>
			<trkpt lat="47.948227" lon="-123.800766">
				<ele>681.93811</ele>
				<time>2026-06-23T00:33:28Z</time>
			</trkpt>
			<trkpt lat="47.948311" lon="-123.801033">
				<ele>683.700012</ele>
				<time>2026-06-23T00:33:42Z</time>
			</trkpt>
			<trkpt lat="47.948322" lon="-123.801231">
				<ele>681.463867</ele>
				<time>2026-06-23T00:33:53Z</time>
			</trkpt>
			<trkpt lat="47.948338" lon="-123.801369">
				<ele>683.490356</ele>
				<time>2026-06-23T00:34:01Z</time>
			</trkpt>
			<trkpt lat="47.948349" lon="-123.801445">
				<ele>682.246826</ele>
				<time>2026-06-23T00:34:06Z</time>
			</trkpt>
			<trkpt lat="47.948364" lon="-123.80175">
				<ele>684.573364</ele>
				<time>2026-06-23T00:34:25Z</time>
			</trkpt>
			<trkpt lat="47.948517" lon="-123.80201">
				<ele>680.298096</ele>
				<time>2026-06-23T00:34:45Z</time>
			</trkpt>
			<trkpt lat="47.948635" lon="-123.802345">
				<ele>677.863708</ele>
				<time>2026-06-23T00:35:05Z</time>
			</trkpt>
			<trkpt lat="47.948639" lon="-123.802429">
				<ele>679.102234</ele>
				<time>2026-06-23T00:35:09Z</time>
			</trkpt>
			<trkpt lat="47.948704" lon="-123.802544">
				<ele>677.673767</ele>
				<time>2026-06-23T00:35:18Z</time>
			</trkpt>
			<trkpt lat="47.948719" lon="-123.802612">
				<ele>677.909058</ele>
				<time>2026-06-23T00:35:21Z</time>
			</trkpt>
			<trkpt lat="47.948738" lon="-123.802666">
				<ele>677.811951</ele>
				<time>2026-06-23T00:35:25Z</time>
			</trkpt>
			<trkpt lat="47.948795" lon="-123.80278">
				<ele>674.117065</ele>
				<time>2026-06-23T00:35:34Z</time>
			</trkpt>
			<trkpt lat="47.948906" lon="-123.803017">
				<ele>677.985107</ele>
				<time>2026-06-23T00:35:49Z</time>
			</trkpt>
			<trkpt lat="47.948967" lon="-123.80336">
				<ele>671.083313</ele>
				<time>2026-06-23T00:36:08Z</time>
			</trkpt>
			<trkpt lat="47.949089" lon="-123.803574">
				<ele>674.963135</ele>
				<time>2026-06-23T00:36:28Z</time>
			</trkpt>
			<trkpt lat="47.949162" lon="-123.803673">
				<ele>673.388672</ele>
				<time>2026-06-23T00:36:38Z</time>
			</trkpt>
			<trkpt lat="47.949329" lon="-123.803802">
				<ele>680.075989</ele>
				<time>2026-06-23T00:37:03Z</time>
			</trkpt>
			<trkpt lat="47.949516" lon="-123.80394">
				<ele>676.394409</ele>
				<time>2026-06-23T00:37:22Z</time>
			</trkpt>
			<trkpt lat="47.9496" lon="-123.804024">
				<ele>680.476807</ele>
				<time>2026-06-23T00:37:30Z</time>
			</trkpt>
			<trkpt lat="47.94978" lon="-123.804413">
				<ele>682.493469</ele>
				<time>2026-06-23T00:38:05Z</time>
			</trkpt>
			<trkpt lat="47.949776" lon="-123.804924">
				<ele>677.956848</ele>
				<time>2026-06-23T00:38:29Z</time>
			</trkpt>
			<trkpt lat="47.949806" lon="-123.805183">
				<ele>670.695374</ele>
				<time>2026-06-23T00:38:43Z</time>
			</trkpt>
			<trkpt lat="47.949814" lon="-123.805244">
				<ele>671.356567</ele>
				<time>2026-06-23T00:38:46Z</time>
			</trkpt>
			<trkpt lat="47.949818" lon="-123.805382">
				<ele>669.571472</ele>
				<time>2026-06-23T00:38:54Z</time>
			</trkpt>
			<trkpt lat="47.950001" lon="-123.80574">
				<ele>679.70697</ele>
				<time>2026-06-23T00:39:23Z</time>
			</trkpt>
			<trkpt lat="47.94997" lon="-123.806007">
				<ele>675.05603</ele>
				<time>2026-06-23T00:39:38Z</time>
			</trkpt>
			<trkpt lat="47.949955" lon="-123.806152">
				<ele>675.759094</ele>
				<time>2026-06-23T00:39:47Z</time>
			</trkpt>
			<trkpt lat="47.949955" lon="-123.806213">
				<ele>675.118958</ele>
				<time>2026-06-23T00:39:51Z</time>
			</trkpt>
			<trkpt lat="47.949974" lon="-123.806358">
				<ele>675.636902</ele>
				<time>2026-06-23T00:40:00Z</time>
			</trkpt>
			<trkpt lat="47.950153" lon="-123.806564">
				<ele>681.68457</ele>
				<time>2026-06-23T00:40:13Z</time>
			</trkpt>
			<trkpt lat="47.950249" lon="-123.8069">
				<ele>684.882874</ele>
				<time>2026-06-23T00:40:33Z</time>
			</trkpt>
			<trkpt lat="47.950233" lon="-123.807404">
				<ele>678.353699</ele>
				<time>2026-06-23T00:40:59Z</time>
			</trkpt>
			<trkpt lat="47.950233" lon="-123.807472">
				<ele>678.190125</ele>
				<time>2026-06-23T00:41:03Z</time>
			</trkpt>
			<trkpt lat="47.950272" lon="-123.807686">
				<ele>680.343994</ele>
				<time>2026-06-23T00:41:17Z</time>
			</trkpt>
			<trkpt lat="47.950298" lon="-123.807884">
				<ele>678.480591</ele>
				<time>2026-06-23T00:41:31Z</time>
			</trkpt>
			<trkpt lat="47.950325" lon="-123.807961">
				<ele>678.935364</ele>
				<time>2026-06-23T00:41:35Z</time>
			</trkpt>
			<trkpt lat="47.950329" lon="-123.808022">
				<ele>678.661926</ele>
				<time>2026-06-23T00:41:38Z</time>
			</trkpt>
			<trkpt lat="47.950352" lon="-123.808228">
				<ele>675.752869</ele>
				<time>2026-06-23T00:41:51Z</time>
			</trkpt>
			<trkpt lat="47.950371" lon="-123.808449">
				<ele>676.991882</ele>
				<time>2026-06-23T00:42:02Z</time>
			</trkpt>
			<trkpt lat="47.950474" lon="-123.80957">
				<ele>656.560913</ele>
				<time>2026-06-23T00:43:23Z</time>
			</trkpt>
			<trkpt lat="47.950516" lon="-123.8097">
				<ele>659.586853</ele>
				<time>2026-06-23T00:43:31Z</time>
			</trkpt>
			<trkpt lat="47.950539" lon="-123.809898">
				<ele>656.624756</ele>
				<time>2026-06-23T00:43:44Z</time>
			</trkpt>
			<trkpt lat="47.9505" lon="-123.809952">
				<ele>658.974548</ele>
				<time>2026-06-23T00:43:47Z</time>
			</trkpt>
			<trkpt lat="47.950649" lon="-123.810349">
				<ele>653.568909</ele>
				<time>2026-06-23T00:44:09Z</time>
			</trkpt>
			<trkpt lat="47.950748" lon="-123.810623">
				<ele>658.285645</ele>
				<time>2026-06-23T00:44:22Z</time>
			</trkpt>
			<trkpt lat="47.950733" lon="-123.810692">
				<ele>658.037903</ele>
				<time>2026-06-23T00:44:27Z</time>
			</trkpt>
			<trkpt lat="47.950558" lon="-123.811852">
				<ele>632.825684</ele>
				<time>2026-06-23T00:45:28Z</time>
			</trkpt>
			<trkpt lat="47.950554" lon="-123.811996">
				<ele>632.438965</ele>
				<time>2026-06-23T00:45:37Z</time>
			</trkpt>
			<trkpt lat="47.950722" lon="-123.812111">
				<ele>634.93457</ele>
				<time>2026-06-23T00:45:49Z</time>
			</trkpt>
			<trkpt lat="47.950687" lon="-123.812164">
				<ele>633.603577</ele>
				<time>2026-06-23T00:45:57Z</time>
			</trkpt>
			<trkpt lat="47.950771" lon="-123.812492">
				<ele>635.379822</ele>
				<time>2026-06-23T00:46:18Z</time>
			</trkpt>
			<trkpt lat="47.950783" lon="-123.812569">
				<ele>634.632263</ele>
				<time>2026-06-23T00:46:22Z</time>
			</trkpt>
			<trkpt lat="47.95089" lon="-123.812798">
				<ele>635.10083</ele>
				<time>2026-06-23T00:46:40Z</time>
			</trkpt>
			<trkpt lat="47.951271" lon="-123.813347">
				<ele>650.542786</ele>
				<time>2026-06-23T00:47:37Z</time>
			</trkpt>
			<trkpt lat="47.951431" lon="-123.813805">
				<ele>645.669312</ele>
				<time>2026-06-23T00:48:07Z</time>
			</trkpt>
			<trkpt lat="47.95145" lon="-123.813866">
				<ele>647.715881</ele>
				<time>2026-06-23T00:48:11Z</time>
			</trkpt>
			<trkpt lat="47.951534" lon="-123.814041">
				<ele>645.35498</ele>
				<time>2026-06-23T00:48:24Z</time>
			</trkpt>
			<trkpt lat="47.951557" lon="-123.814102">
				<ele>646.147217</ele>
				<time>2026-06-23T00:48:29Z</time>
			</trkpt>
			<trkpt lat="47.951603" lon="-123.814423">
				<ele>641.959717</ele>
				<time>2026-06-23T00:48:45Z</time>
			</trkpt>
			<trkpt lat="47.95174" lon="-123.814804">
				<ele>648.679443</ele>
				<time>2026-06-23T00:49:09Z</time>
			</trkpt>
			<trkpt lat="47.951828" lon="-123.815109">
				<ele>645.271606</ele>
				<time>2026-06-23T00:49:26Z</time>
			</trkpt>
			<trkpt lat="47.951824" lon="-123.815186">
				<ele>645.640137</ele>
				<time>2026-06-23T00:49:29Z</time>
			</trkpt>
			<trkpt lat="47.951893" lon="-123.815285">
				<ele>642.402588</ele>
				<time>2026-06-23T00:49:37Z</time>
			</trkpt>
			<trkpt lat="47.951931" lon="-123.815437">
				<ele>643.203979</ele>
				<time>2026-06-23T00:49:47Z</time>
			</trkpt>
			<trkpt lat="47.952015" lon="-123.815491">
				<ele>642.337158</ele>
				<time>2026-06-23T00:49:53Z</time>
			</trkpt>
			<trkpt lat="47.95203" lon="-123.815575">
				<ele>643.148071</ele>
				<time>2026-06-23T00:50:01Z</time>
			</trkpt>
			<trkpt lat="47.952057" lon="-123.815628">
				<ele>641.992432</ele>
				<time>2026-06-23T00:50:05Z</time>
			</trkpt>
			<trkpt lat="47.952213" lon="-123.815796">
				<ele>646.504639</ele>
				<time>2026-06-23T00:50:24Z</time>
			</trkpt>
			<trkpt lat="47.952255" lon="-123.815826">
				<ele>646.49292</ele>
				<time>2026-06-23T00:50:26Z</time>
			</trkpt>
			<trkpt lat="47.952297" lon="-123.81617">
				<ele>641.831299</ele>
				<time>2026-06-23T00:50:45Z</time>
			</trkpt>
			<trkpt lat="47.952351" lon="-123.816544">
				<ele>626.249695</ele>
				<time>2026-06-23T00:51:08Z</time>
			</trkpt>
			<trkpt lat="47.952454" lon="-123.816742">
				<ele>623.807007</ele>
				<time>2026-06-23T00:51:19Z</time>
			</trkpt>
			<trkpt lat="47.952499" lon="-123.817162">
				<ele>639.31427</ele>
				<time>2026-06-23T00:51:43Z</time>
			</trkpt>
			<trkpt lat="47.952496" lon="-123.817238">
				<ele>639.256531</ele>
				<time>2026-06-23T00:51:46Z</time>
			</trkpt>
			<trkpt lat="47.952511" lon="-123.817314">
				<ele>640.441284</ele>
				<time>2026-06-23T00:51:54Z</time>
			</trkpt>
			<trkpt lat="47.952545" lon="-123.817383">
				<ele>639.488892</ele>
				<time>2026-06-23T00:51:57Z</time>
			</trkpt>
			<trkpt lat="47.952568" lon="-123.817444">
				<ele>639.762634</ele>
				<time>2026-06-23T00:52:00Z</time>
			</trkpt>
			<trkpt lat="47.952557" lon="-123.81752">
				<ele>641.283936</ele>
				<time>2026-06-23T00:52:06Z</time>
			</trkpt>
			<trkpt lat="47.952587" lon="-123.817856">
				<ele>636.715149</ele>
				<time>2026-06-23T00:52:32Z</time>
			</trkpt>
			<trkpt lat="47.952618" lon="-123.817902">
				<ele>636.495544</ele>
				<time>2026-06-23T00:52:38Z</time>
			</trkpt>
			<trkpt lat="47.952599" lon="-123.817986">
				<ele>637.935242</ele>
				<time>2026-06-23T00:52:44Z</time>
			</trkpt>
			<trkpt lat="47.952564" lon="-123.818031">
				<ele>636.472046</ele>
				<time>2026-06-23T00:52:47Z</time>
			</trkpt>
			<trkpt lat="47.952583" lon="-123.818405">
				<ele>638.424988</ele>
				<time>2026-06-23T00:53:12Z</time>
			</trkpt>
			<trkpt lat="47.95256" lon="-123.818459">
				<ele>638.198608</ele>
				<time>2026-06-23T00:53:16Z</time>
			</trkpt>
			<trkpt lat="47.952579" lon="-123.81852">
				<ele>639.38208</ele>
				<time>2026-06-23T00:53:19Z</time>
			</trkpt>
			<trkpt lat="47.952538" lon="-123.818916">
				<ele>632.164307</ele>
				<time>2026-06-23T00:53:46Z</time>
			</trkpt>
			<trkpt lat="47.952557" lon="-123.819054">
				<ele>634.98645</ele>
				<time>2026-06-23T00:53:54Z</time>
			</trkpt>
			<trkpt lat="47.952564" lon="-123.819122">
				<ele>631.654846</ele>
				<time>2026-06-23T00:53:59Z</time>
			</trkpt>
			<trkpt lat="47.952579" lon="-123.819328">
				<ele>639.356812</ele>
				<time>2026-06-23T00:54:17Z</time>
			</trkpt>
			<trkpt lat="47.952625" lon="-123.820015">
				<ele>622.844177</ele>
				<time>2026-06-23T00:54:58Z</time>
			</trkpt>
			<trkpt lat="47.952606" lon="-123.820076">
				<ele>621.974487</ele>
				<time>2026-06-23T00:55:01Z</time>
			</trkpt>
			<trkpt lat="47.952564" lon="-123.820107">
				<ele>623.165955</ele>
				<time>2026-06-23T00:55:03Z</time>
			</trkpt>
			<trkpt lat="47.952309" lon="-123.820763">
				<ele>612.964844</ele>
				<time>2026-06-23T00:55:51Z</time>
			</trkpt>
			<trkpt lat="47.952271" lon="-123.820801">
				<ele>615.78656</ele>
				<time>2026-06-23T00:55:56Z</time>
			</trkpt>
			<trkpt lat="47.952244" lon="-123.820885">
				<ele>608.482422</ele>
				<time>2026-06-23T00:56:14Z</time>
			</trkpt>
			<trkpt lat="47.952164" lon="-123.821205">
				<ele>612.431519</ele>
				<time>2026-06-23T00:56:39Z</time>
			</trkpt>
			<trkpt lat="47.952114" lon="-123.82132">
				<ele>611.563599</ele>
				<time>2026-06-23T00:56:46Z</time>
			</trkpt>
			<trkpt lat="47.952003" lon="-123.821815">
				<ele>599.253357</ele>
				<time>2026-06-23T00:57:09Z</time>
			</trkpt>
			<trkpt lat="47.951931" lon="-123.822922">
				<ele>616.528442</ele>
				<time>2026-06-23T00:58:04Z</time>
			</trkpt>
			<trkpt lat="47.951839" lon="-123.823235">
				<ele>606.382751</ele>
				<time>2026-06-23T00:58:20Z</time>
			</trkpt>
			<trkpt lat="47.951889" lon="-123.823448">
				<ele>607.486084</ele>
				<time>2026-06-23T00:58:27Z</time>
			</trkpt>
			<trkpt lat="47.951923" lon="-123.823578">
				<ele>606.165527</ele>
				<time>2026-06-23T00:58:31Z</time>
			</trkpt>
			<trkpt lat="47.951958" lon="-123.823631">
				<ele>608.070801</ele>
				<time>2026-06-23T00:58:33Z</time>
			</trkpt>
			<trkpt lat="47.951984" lon="-123.823708">
				<ele>605.96875</ele>
				<time>2026-06-23T00:58:35Z</time>
			</trkpt>
			<trkpt lat="47.952095" lon="-123.824005">
				<ele>609.401245</ele>
				<time>2026-06-23T00:58:43Z</time>
			</trkpt>
			<trkpt lat="47.952129" lon="-123.824066">
				<ele>608.51886</ele>
				<time>2026-06-23T00:58:45Z</time>
			</trkpt>
			<trkpt lat="47.952148" lon="-123.824142">
				<ele>608.874634</ele>
				<time>2026-06-23T00:58:47Z</time>
			</trkpt>
			<trkpt lat="47.952183" lon="-123.824203">
				<ele>612.681763</ele>
				<time>2026-06-23T00:58:49Z</time>
			</trkpt>
			<trkpt lat="47.952202" lon="-123.82444">
				<ele>605.589355</ele>
				<time>2026-06-23T00:59:00Z</time>
			</trkpt>
			<trkpt lat="47.95224" lon="-123.824654">
				<ele>606.940186</ele>
				<time>2026-06-23T00:59:10Z</time>
			</trkpt>
			<trkpt lat="47.952271" lon="-123.824799">
				<ele>605.079773</ele>
				<time>2026-06-23T00:59:16Z</time>
			</trkpt>
			<trkpt lat="47.95232" lon="-123.824905">
				<ele>606.545227</ele>
				<time>2026-06-23T00:59:24Z</time>
			</trkpt>
			<trkpt lat="47.952343" lon="-123.824959">
				<ele>605.344666</ele>
				<time>2026-06-23T00:59:27Z</time>
			</trkpt>
			<trkpt lat="47.952374" lon="-123.825012">
				<ele>605.706604</ele>
				<time>2026-06-23T00:59:29Z</time>
			</trkpt>
			<trkpt lat="47.952496" lon="-123.825165">
				<ele>607.779602</ele>
				<time>2026-06-23T00:59:39Z</time>
			</trkpt>
			<trkpt lat="47.952507" lon="-123.825226">
				<ele>607.161133</ele>
				<time>2026-06-23T00:59:43Z</time>
			</trkpt>
			<trkpt lat="47.952694" lon="-123.825546">
				<ele>612.860657</ele>
				<time>2026-06-23T01:00:03Z</time>
			</trkpt>
			<trkpt lat="47.952736" lon="-123.825752">
				<ele>611.133911</ele>
				<time>2026-06-23T01:00:14Z</time>
			</trkpt>
			<trkpt lat="47.95274" lon="-123.825836">
				<ele>613.088989</ele>
				<time>2026-06-23T01:00:17Z</time>
			</trkpt>
			<trkpt lat="47.952839" lon="-123.826485">
				<ele>601.748901</ele>
				<time>2026-06-23T01:00:48Z</time>
			</trkpt>
			<trkpt lat="47.95295" lon="-123.826889">
				<ele>604.736877</ele>
				<time>2026-06-23T01:01:06Z</time>
			</trkpt>
			<trkpt lat="47.953018" lon="-123.827065">
				<ele>612.015198</ele>
				<time>2026-06-23T01:01:16Z</time>
			</trkpt>
			<trkpt lat="47.95306" lon="-123.827347">
				<ele>609.303772</ele>
				<time>2026-06-23T01:01:32Z</time>
			</trkpt>
			<trkpt lat="47.953106" lon="-123.827415">
				<ele>611.49939</ele>
				<time>2026-06-23T01:01:35Z</time>
			</trkpt>
			<trkpt lat="47.953163" lon="-123.827652">
				<ele>612.59552</ele>
				<time>2026-06-23T01:01:43Z</time>
			</trkpt>
			<trkpt lat="47.953133" lon="-123.827797">
				<ele>609.316284</ele>
				<time>2026-06-23T01:01:50Z</time>
			</trkpt>
			<trkpt lat="47.953163" lon="-123.827942">
				<ele>611.33551</ele>
				<time>2026-06-23T01:01:56Z</time>
			</trkpt>
			<trkpt lat="47.953159" lon="-123.828201">
				<ele>607.271301</ele>
				<time>2026-06-23T01:02:08Z</time>
			</trkpt>
			<trkpt lat="47.953178" lon="-123.828278">
				<ele>607.268799</ele>
				<time>2026-06-23T01:02:11Z</time>
			</trkpt>
			<trkpt lat="47.953213" lon="-123.828331">
				<ele>607.476807</ele>
				<time>2026-06-23T01:02:15Z</time>
			</trkpt>
			<trkpt lat="47.953293" lon="-123.82859">
				<ele>605.469604</ele>
				<time>2026-06-23T01:02:32Z</time>
			</trkpt>
			<trkpt lat="47.953316" lon="-123.828667">
				<ele>606.257019</ele>
				<time>2026-06-23T01:02:36Z</time>
			</trkpt>
			<trkpt lat="47.953335" lon="-123.829056">
				<ele>597.676514</ele>
				<time>2026-06-23T01:02:54Z</time>
			</trkpt>
			<trkpt lat="47.953312" lon="-123.829132">
				<ele>598.347473</ele>
				<time>2026-06-23T01:02:57Z</time>
			</trkpt>
			<trkpt lat="47.953278" lon="-123.829338">
				<ele>594.542542</ele>
				<time>2026-06-23T01:03:06Z</time>
			</trkpt>
			<trkpt lat="47.953278" lon="-123.829414">
				<ele>594.569336</ele>
				<time>2026-06-23T01:03:09Z</time>
			</trkpt>
			<trkpt lat="47.9533" lon="-123.829552">
				<ele>593.176392</ele>
				<time>2026-06-23T01:03:13Z</time>
			</trkpt>
			<trkpt lat="47.953331" lon="-123.82962">
				<ele>594.164429</ele>
				<time>2026-06-23T01:03:16Z</time>
			</trkpt>
			<trkpt lat="47.953331" lon="-123.829697">
				<ele>592.841125</ele>
				<time>2026-06-23T01:03:20Z</time>
			</trkpt>
			<trkpt lat="47.953388" lon="-123.83017">
				<ele>595.844055</ele>
				<time>2026-06-23T01:03:35Z</time>
			</trkpt>
			<trkpt lat="47.95332" lon="-123.83062">
				<ele>586.550964</ele>
				<time>2026-06-23T01:03:54Z</time>
			</trkpt>
			<trkpt lat="47.9533" lon="-123.830849">
				<ele>587.985413</ele>
				<time>2026-06-23T01:04:04Z</time>
			</trkpt>
			<trkpt lat="47.95327" lon="-123.830894">
				<ele>587.494751</ele>
				<time>2026-06-23T01:04:08Z</time>
			</trkpt>
			<trkpt lat="47.95327" lon="-123.830956">
				<ele>590.133484</ele>
				<time>2026-06-23T01:04:11Z</time>
			</trkpt>
			<trkpt lat="47.953255" lon="-123.831154">
				<ele>588.724854</ele>
				<time>2026-06-23T01:04:20Z</time>
			</trkpt>
			<trkpt lat="47.953285" lon="-123.831207">
				<ele>590.415222</ele>
				<time>2026-06-23T01:04:22Z</time>
			</trkpt>
			<trkpt lat="47.953354" lon="-123.831711">
				<ele>579.578369</ele>
				<time>2026-06-23T01:04:47Z</time>
			</trkpt>
			<trkpt lat="47.953396" lon="-123.832092">
				<ele>575.509888</ele>
				<time>2026-06-23T01:05:02Z</time>
			</trkpt>
			<trkpt lat="47.953392" lon="-123.832184">
				<ele>575.699646</ele>
				<time>2026-06-23T01:05:05Z</time>
			</trkpt>
			<trkpt lat="47.953377" lon="-123.83226">
				<ele>575.547974</ele>
				<time>2026-06-23T01:05:08Z</time>
			</trkpt>
			<trkpt lat="47.953365" lon="-123.832352">
				<ele>575.629639</ele>
				<time>2026-06-23T01:05:12Z</time>
			</trkpt>
			<trkpt lat="47.95335" lon="-123.832428">
				<ele>574.893799</ele>
				<time>2026-06-23T01:05:15Z</time>
			</trkpt>
			<trkpt lat="47.953373" lon="-123.832558">
				<ele>579.123474</ele>
				<time>2026-06-23T01:05:21Z</time>
			</trkpt>
			<trkpt lat="47.953381" lon="-123.832634">
				<ele>578.592468</ele>
				<time>2026-06-23T01:05:25Z</time>
			</trkpt>
			<trkpt lat="47.953579" lon="-123.833008">
				<ele>581.406372</ele>
				<time>2026-06-23T01:05:48Z</time>
			</trkpt>
			<trkpt lat="47.953945" lon="-123.833298">
				<ele>574.697083</ele>
				<time>2026-06-23T01:06:18Z</time>
			</trkpt>
			<trkpt lat="47.954155" lon="-123.833435">
				<ele>578.475891</ele>
				<time>2026-06-23T01:06:35Z</time>
			</trkpt>
			<trkpt lat="47.954174" lon="-123.833496">
				<ele>578.781311</ele>
				<time>2026-06-23T01:06:40Z</time>
			</trkpt>
			<trkpt lat="47.954224" lon="-123.833717">
				<ele>577.455261</ele>
				<time>2026-06-23T01:06:53Z</time>
			</trkpt>
			<trkpt lat="47.954376" lon="-123.833908">
				<ele>580.127319</ele>
				<time>2026-06-23T01:07:02Z</time>
			</trkpt>
			<trkpt lat="47.954395" lon="-123.833977">
				<ele>579.001953</ele>
				<time>2026-06-23T01:07:05Z</time>
			</trkpt>
			<trkpt lat="47.954445" lon="-123.83419">
				<ele>581.239685</ele>
				<time>2026-06-23T01:07:16Z</time>
			</trkpt>
			<trkpt lat="47.95446" lon="-123.834267">
				<ele>581.065796</ele>
				<time>2026-06-23T01:07:20Z</time>
			</trkpt>
			<trkpt lat="47.954498" lon="-123.834381">
				<ele>583.740295</ele>
				<time>2026-06-23T01:07:28Z</time>
			</trkpt>
			<trkpt lat="47.954536" lon="-123.834435">
				<ele>582.694336</ele>
				<time>2026-06-23T01:07:37Z</time>
			</trkpt>
			<trkpt lat="47.954628" lon="-123.834541">
				<ele>587.116821</ele>
				<time>2026-06-23T01:07:46Z</time>
			</trkpt>
			<trkpt lat="47.954704" lon="-123.834633">
				<ele>584.235718</ele>
				<time>2026-06-23T01:07:53Z</time>
			</trkpt>
			<trkpt lat="47.954796" lon="-123.834702">
				<ele>585.155273</ele>
				<time>2026-06-23T01:08:00Z</time>
			</trkpt>
			<trkpt lat="47.954914" lon="-123.834824">
				<ele>582.798096</ele>
				<time>2026-06-23T01:08:09Z</time>
			</trkpt>
			<trkpt lat="47.954987" lon="-123.834923">
				<ele>583.36554</ele>
				<time>2026-06-23T01:08:15Z</time>
			</trkpt>
			<trkpt lat="47.955124" lon="-123.835114">
				<ele>577.247253</ele>
				<time>2026-06-23T01:08:31Z</time>
			</trkpt>
			<trkpt lat="47.955151" lon="-123.835175">
				<ele>577.50708</ele>
				<time>2026-06-23T01:08:35Z</time>
			</trkpt>
			<trkpt lat="47.955215" lon="-123.835442">
				<ele>576.242676</ele>
				<time>2026-06-23T01:08:51Z</time>
			</trkpt>
			<trkpt lat="47.955307" lon="-123.835678">
				<ele>572.654175</ele>
				<time>2026-06-23T01:09:06Z</time>
			</trkpt>
			<trkpt lat="47.95541" lon="-123.835938">
				<ele>573.660583</ele>
				<time>2026-06-23T01:09:23Z</time>
			</trkpt>
			<trkpt lat="47.955505" lon="-123.836205">
				<ele>578.849792</ele>
				<time>2026-06-23T01:09:40Z</time>
			</trkpt>
			<trkpt lat="47.955509" lon="-123.836319">
				<ele>577.618896</ele>
				<time>2026-06-23T01:09:55Z</time>
			</trkpt>
		</trkseg>
	</trk>
</gpx>
